timestamp;open;high;low;close;volume
2026-02-05 14:30:00;22604.095703125;22815.146484375;22533.49609375;22796.107421875;350940033.0
2026-02-05 14:45:00;22791.556640625;22838.025390625;22659.91015625;22665.517578125;418735725.0
2026-02-05 15:00:00;22679.193359375;22679.193359375;22471.798828125;22471.798828125;485205000.0
2026-02-05 15:15:00;22470.0703125;22560.501953125;22461.138671875;22490.216796875;410578000.0
2026-02-05 15:30:00;22503.171875;22596.30859375;22469.517578125;22578.080078125;370422000.0
2026-02-05 15:45:00;22577.521484375;22587.525390625;22485.162109375;22528.8125;289900000.0
2026-02-05 16:00:00;22537.646484375;22549.462890625;22475.9140625;22475.9140625;258732000.0
2026-02-05 16:15:00;22482.390625;22679.421875;22482.390625;22676.2265625;268173000.0
2026-02-05 16:30:00;22693.2578125;22723.388671875;22676.07421875;22692.669921875;233910000.0
2026-02-05 16:45:00;22694.623046875;22754.248046875;22649.37890625;22728.591796875;208136000.0
2026-02-05 17:00:00;22728.66796875;22728.892578125;22652.359375;22679.990234375;175543000.0
2026-02-05 17:15:00;22678.4765625;22752.9609375;22636.3984375;22736.419921875;167756000.0
2026-02-05 17:30:00;22736.78125;22765.31640625;22703.154296875;22744.216796875;173145000.0
2026-02-05 17:45:00;22746.134765625;22781.3203125;22679.17578125;22687.947265625;176805000.0
2026-02-05 18:00:00;22689.474609375;22725.1484375;22654.650390625;22671.59375;168550000.0
2026-02-05 18:15:00;22671.421875;22676.275390625;22613.814453125;22630.955078125;166776000.0
2026-02-05 18:30:00;22634.375;22662.564453125;22600.85546875;22617.658203125;162363000.0
2026-02-05 18:45:00;22614.548828125;22620.34375;22564.751953125;22597.8046875;179356000.0
2026-02-05 19:00:00;22589.64453125;22703.044921875;22585.845703125;22695.125;161898000.0
2026-02-05 19:15:00;22694.259765625;22725.54296875;22656.5390625;22659.025390625;160775000.0
2026-02-05 19:30:00;22658.193359375;22658.193359375;22587.056640625;22598.662109375;187441000.0
2026-02-05 19:45:00;22597.40625;22608.19140625;22571.669921875;22600.3671875;177609000.0
2026-02-05 20:00:00;22599.337890625;22686.55078125;22588.9375;22632.341796875;202169000.0
2026-02-05 20:15:00;22633.134765625;22633.134765625;22528.154296875;22533.375;259008000.0
2026-02-05 20:30:00;22532.396484375;22560.765625;22501.517578125;22508.810546875;300276000.0
2026-02-05 20:45:00;22502.650390625;22554.400390625;22471.478515625;22544.24609375;470843000.0
2026-02-06 14:30:00;22627.525390625;22785.3515625;22591.7109375;22733.005859375;272656912.0
2026-02-06 14:45:00;22805.904296875;22852.294921875;22732.712890625;22732.734375;524138699.0
2026-02-06 15:00:00;22727.224609375;22738.40234375;22652.955078125;22666.203125;355992000.0
2026-02-06 15:15:00;22665.0390625;22791.33203125;22642.458984375;22779.23828125;295261000.0
2026-02-06 15:30:00;22778.369140625;22814.759765625;22753.2265625;22801.4375;252695000.0
2026-02-06 15:45:00;22756.9453125;22778.3046875;22756.89453125;22775.587890625;274086000.0
2026-02-06 16:00:00;22779.46484375;22871.943359375;22770.49609375;22870.14453125;245014000.0
2026-02-06 16:15:00;22857.013671875;22890.505859375;22851.666015625;22872.931640625;210967000.0
2026-02-06 16:30:00;22877.392578125;22919.333984375;22876.01171875;22894.2890625;222489000.0
2026-02-06 16:45:00;22894.5234375;22908.95703125;22857.33984375;22877.3125;195601000.0
2026-02-06 17:00:00;22872.814453125;22923.939453125;22866.375;22911.578125;192295000.0
2026-02-06 17:15:00;22910.642578125;22952.50390625;22902.669921875;22949.205078125;160036000.0
2026-02-06 17:30:00;22949.1640625;22978.61328125;22929.32421875;22953.818359375;178026000.0
2026-02-06 17:45:00;22954.876953125;22988.57421875;22954.251953125;22978.896484375;152114000.0
2026-02-06 18:00:00;22979.494140625;23011.37890625;22979.494140625;22989.984375;114350000.0
2026-02-06 18:15:00;22977.7578125;22992.77734375;22952.837890625;22965.447265625;190422000.0
2026-02-06 18:30:00;22965.98828125;22978.498046875;22957.9140625;22972.34375;141030000.0
2026-02-06 18:45:00;22972.05078125;22983.654296875;22957.208984375;22957.208984375;137563000.0
2026-02-06 19:00:00;22958.01953125;22969.248046875;22949.8359375;22949.8359375;131293000.0
2026-02-06 19:15:00;22950.59375;22973.73828125;22940.978515625;22973.5;142507000.0
2026-02-06 19:30:00;22974.455078125;22974.455078125;22953.634765625;22954.32421875;152878000.0
2026-02-06 19:45:00;22953.9296875;22981.482421875;22949.330078125;22949.330078125;161614000.0
2026-02-06 20:00:00;22940.47265625;22980.78515625;22935.859375;22972.69140625;167695000.0
2026-02-06 20:15:00;22973.0234375;23000.115234375;22973.0234375;22985.125;211452000.0
2026-02-06 20:30:00;22978.048828125;23024.505859375;22977.48828125;23024.462890625;249412000.0
2026-02-06 20:45:00;23026.005859375;23088.3984375;23025.638671875;23028.5859375;446405000.0
2026-02-09 14:30:00;22950.89453125;23080.109375;22878.369140625;23080.109375;315221957.0
2026-02-09 14:45:00;23087.271484375;23109.134765625;23015.28515625;23032.9140625;374986000.0
2026-02-09 15:00:00;23022.93359375;23124.462890625;23022.93359375;23124.462890625;316677000.0
2026-02-09 15:15:00;23125.16796875;23161.046875;23084.45703125;23094.783203125;276928000.0
2026-02-09 15:30:00;23104.11328125;23168.69921875;23104.11328125;23165.564453125;233488000.0
2026-02-09 15:45:00;23166.22265625;23226.70703125;23161.724609375;23215.44921875;214926000.0
2026-02-09 16:00:00;23215.58203125;23238.791015625;23215.404296875;23236.810546875;205230000.0
2026-02-09 16:15:00;23238.716796875;23256.9296875;23219.94921875;23255.177734375;173218000.0
2026-02-09 16:30:00;23254.966796875;23265.951171875;23244.01953125;23263.970703125;172481000.0
2026-02-09 16:45:00;23265.931640625;23301.90234375;23265.931640625;23286.365234375;184365000.0
2026-02-09 17:00:00;23284.986328125;23314.248046875;23283.1484375;23306.59375;173783000.0
2026-02-09 17:15:00;23306.322265625;23311.568359375;23271.55078125;23273.333984375;179568000.0
2026-02-09 17:30:00;23274.8828125;23289.509765625;23269.01171875;23271.095703125;160174000.0
2026-02-09 17:45:00;23271.5234375;23277.37109375;23248.0859375;23248.181640625;137933000.0
2026-02-09 18:00:00;23246.630859375;23268.4609375;23240.751953125;23260.537109375;137652000.0
2026-02-09 18:15:00;23260.615234375;23265.3046875;23213.087890625;23230.552734375;175717000.0
2026-02-09 18:30:00;23231.203125;23271.88671875;23222.78125;23269.01171875;128785000.0
2026-02-09 18:45:00;23268.91015625;23275.42578125;23246.677734375;23254.634765625;128047000.0
2026-02-09 19:00:00;23253.337890625;23276.947265625;23251.5;23276.947265625;132482000.0
2026-02-09 19:15:00;23277.615234375;23298.509765625;23272.939453125;23295.486328125;129063000.0
2026-02-09 19:30:00;23295.16015625;23302.654296875;23290.69140625;23291.462890625;128770000.0
2026-02-09 19:45:00;23291.16015625;23294.158203125;23274.611328125;23274.611328125;132100000.0
2026-02-09 20:00:00;23271.2421875;23287.91796875;23268.578125;23278.732421875;168052000.0
2026-02-09 20:15:00;23277.5703125;23277.841796875;23235.509765625;23241.34765625;163580000.0
2026-02-09 20:30:00;23237.560546875;23256.072265625;23219.84765625;23248.6328125;217778000.0
2026-02-09 20:45:00;23248.560546875;23266.837890625;23232.701171875;23232.701171875;382182000.0
2026-02-10 14:30:00;23256.447265625;23277.03125;23149.064453125;23178.49609375;324426592.0
2026-02-10 14:45:00;23175.806640625;23266.658203125;23136.25390625;23254.283203125;349860000.0
2026-02-10 15:00:00;23250.826171875;23308.568359375;23235.818359375;23252.69921875;313845000.0
2026-02-10 15:15:00;23250.767578125;23288.6796875;23233.359375;23277.017578125;273706000.0
2026-02-10 15:30:00;23269.970703125;23309.833984375;23266.314453125;23286.35546875;275666000.0
2026-02-10 15:45:00;23287.296875;23298.8515625;23234.861328125;23257.33203125;256357000.0
2026-02-10 16:00:00;23256.607421875;23277.759765625;23233.939453125;23250.306640625;211573000.0
2026-02-10 16:15:00;23245.27734375;23267.958984375;23216.978515625;23230.263671875;204460000.0
2026-02-10 16:30:00;23227.216796875;23234.572265625;23214.390625;23219.599609375;212278000.0
2026-02-10 16:45:00;23221.791015625;23249.09765625;23209.919921875;23214.9765625;203761000.0
2026-02-10 17:00:00;23214.48046875;23250.94140625;23204.294921875;23249.17578125;169629000.0
2026-02-10 17:15:00;23249.3046875;23267.98046875;23245.2421875;23251.283203125;185788000.0
2026-02-10 17:30:00;23251.640625;23265.22265625;23239.47265625;23260.841796875;177970000.0
2026-02-10 17:45:00;23261.7578125;23276.6640625;23256.697265625;23258.0703125;176631000.0
2026-02-10 18:00:00;23258.998046875;23258.998046875;23228.1328125;23229.849609375;155506000.0
2026-02-10 18:15:00;23230.140625;23232.04296875;23177.685546875;23177.685546875;167651000.0
2026-02-10 18:30:00;23178.76171875;23191.48046875;23161.37109375;23183.529296875;153893000.0
2026-02-10 18:45:00;23183.27734375;23196.32421875;23159.0859375;23191.896484375;172987000.0
2026-02-10 19:00:00;23193.736328125;23199.712890625;23168.998046875;23183.421875;155823000.0
2026-02-10 19:15:00;23182.37109375;23184.283203125;23162.669921875;23181.455078125;131382000.0
2026-02-10 19:30:00;23181.66015625;23194.435546875;23162.267578125;23165.681640625;170950000.0
2026-02-10 19:45:00;23166.529296875;23185.26953125;23164.576171875;23176.630859375;158700000.0
2026-02-10 20:00:00;23171.51171875;23180.685546875;23139.4765625;23141.47265625;215882000.0
2026-02-10 20:15:00;23142.38671875;23166.064453125;23139.505859375;23150.39453125;196395000.0
2026-02-10 20:30:00;23147.9765625;23161.150390625;23128.8515625;23139.759765625;238945000.0
2026-02-10 20:45:00;23141.296875;23155.10546875;23089.1015625;23099.56640625;401661000.0
2026-02-11 14:30:00;23277.294921875;23317.466796875;23189.31640625;23222.427734375;350176000.0
2026-02-11 14:45:00;23219.759765625;23252.423828125;23123.9140625;23131.869140625;470692000.0
2026-02-11 15:00:00;23136.23828125;23159.865234375;22982.953125;23025.017578125;427474000.0
2026-02-11 15:15:00;23013.09375;23020.41796875;22903.25;22935.55859375;386056000.0
2026-02-11 15:30:00;22925.216796875;23024.25390625;22925.216796875;23017.71875;322169000.0
2026-02-11 15:45:00;23017.796875;23092.591796875;22975.82421875;23071.978515625;269927000.0
2026-02-11 16:00:00;23076.78125;23083.828125;23021.83203125;23083.828125;238638000.0
2026-02-11 16:15:00;23082.697265625;23093.13671875;23022.109375;23023.755859375;224402000.0
2026-02-11 16:30:00;23018.767578125;23066.69921875;23004.2734375;23050.25390625;242508000.0
2026-02-11 16:45:00;23050.109375;23056.376953125;23004.892578125;23005.8984375;201697000.0
2026-02-11 17:00:00;22994.78125;23041.6015625;22974.357421875;23032.18359375;217661000.0
2026-02-11 17:15:00;23033.58203125;23100.216796875;23025.41796875;23094.177734375;187751000.0
2026-02-11 17:30:00;23097.43359375;23106.7578125;23074.357421875;23104.662109375;185296000.0
2026-02-11 17:45:00;23104.498046875;23116.44140625;23060.1484375;23063.662109375;183300000.0
2026-02-11 18:00:00;23064.36328125;23069.35546875;23017.0390625;23020.8125;192834000.0
2026-02-11 18:15:00;23015.6875;23080.38671875;23013.677734375;23077.119140625;165498000.0
2026-02-11 18:30:00;23077.732421875;23086.08984375;23062.06640625;23073.552734375;202158000.0
2026-02-11 18:45:00;23074.591796875;23113.84375;23065.384765625;23104.224609375;192819000.0
2026-02-11 19:00:00;23103.734375;23122.828125;23073.9296875;23116.81640625;192442000.0
2026-02-11 19:15:00;23116.794921875;23153.07421875;23116.794921875;23147.560546875;173552000.0
2026-02-11 19:30:00;23146.96484375;23148.84765625;23128.240234375;23139.015625;192118000.0
2026-02-11 19:45:00;23140.689453125;23140.689453125;23081.369140625;23101.048828125;193360000.0
2026-02-11 20:00:00;23098.943359375;23107.865234375;23089.81640625;23095.044921875;175754000.0
2026-02-11 20:15:00;23094.2421875;23107.486328125;23066.71875;23066.71875;199059000.0
2026-02-11 20:30:00;23064.66796875;23095.994140625;23056.341796875;23084.84375;242220000.0
2026-02-11 20:45:00;23084.875;23097.43359375;23060.966796875;23060.966796875;415975000.0
2026-02-12 14:30:00;23155.0234375;23159.5390625;23082.3203125;23088.46484375;261776186.0
2026-02-12 14:45:00;23086.185546875;23093.5625;22986.380859375;22994.84375;385387000.0
2026-02-12 15:00:00;22995.671875;23030.76171875;22961.236328125;23018.23828125;314756000.0
2026-02-12 15:15:00;23021.078125;23049.3984375;22996.791015625;23031.32421875;276264000.0
2026-02-12 15:30:00;23032.37890625;23044.732421875;22888.755859375;22888.755859375;284660000.0
2026-02-12 15:45:00;22889.505859375;22914.078125;22814.796875;22814.982421875;275183000.0
2026-02-12 16:00:00;22811.21484375;22828.40625;22745.390625;22750.74609375;249234000.0
2026-02-12 16:15:00;22744.814453125;22756.984375;22636.55078125;22639.10546875;282853000.0
2026-02-12 16:30:00;22638.689453125;22743.30859375;22631.654296875;22711.060546875;259036000.0
2026-02-12 16:45:00;22717.109375;22724.779296875;22679.52734375;22710.259765625;201243000.0
2026-02-12 17:00:00;22699.408203125;22726.265625;22671.986328125;22687.814453125;195381000.0
2026-02-12 17:15:00;22686.919921875;22750.666015625;22671.125;22709.052734375;183353000.0
2026-02-12 17:30:00;22712.08203125;22765.18359375;22702.935546875;22733.013671875;154852000.0
2026-02-12 17:45:00;22734.6484375;22741.66015625;22655.625;22658.34765625;149790000.0
2026-02-12 18:00:00;22656.947265625;22699.03125;22636.296875;22679.1484375;175199000.0
2026-02-12 18:15:00;22678.50390625;22682.3046875;22635.083984375;22668.89453125;159245000.0
2026-02-12 18:30:00;22666.28515625;22729.248046875;22653.173828125;22728.587890625;161597000.0
2026-02-12 18:45:00;22726.29296875;22740.701171875;22699.783203125;22716.609375;160418000.0
2026-02-12 19:00:00;22715.76171875;22729.236328125;22661.513671875;22676.810546875;139302000.0
2026-02-12 19:15:00;22679.568359375;22730.810546875;22674.90625;22677.212890625;146714000.0
2026-02-12 19:30:00;22677.1796875;22733.927734375;22677.1796875;22714.869140625;156507000.0
2026-02-12 19:45:00;22716.69921875;22737.986328125;22689.0859375;22696.712890625;174509000.0
2026-02-12 20:00:00;22698.62109375;22710.263671875;22652.5390625;22680.693359375;166444000.0
2026-02-12 20:15:00;22681.748046875;22681.85546875;22614.78515625;22614.78515625;176019000.0
2026-02-12 20:30:00;22616.05859375;22645.24609375;22599.48046875;22614.140625;234498000.0
2026-02-12 20:45:00;22616.54296875;22616.54296875;22548.873046875;22600.853515625;441371000.0
2026-02-13 14:30:00;22578.552734375;22610.494140625;22404.70703125;22515.404296875;285902626.0
2026-02-13 14:45:00;22536.8515625;22638.685546875;22488.208984375;22494.271484375;354108884.0
2026-02-13 15:00:00;22505.8046875;22607.857421875;22499.962890625;22552.470703125;286840000.0
2026-02-13 15:15:00;22553.0078125;22645.458984375;22522.662109375;22634.921875;270875000.0
2026-02-13 15:30:00;22634.21484375;22698.017578125;22553.484375;22553.484375;265613000.0
2026-02-13 15:45:00;22559.556640625;22617.46875;22503.830078125;22586.962890625;212166000.0
2026-02-13 16:00:00;22589.064453125;22654.5625;22585.021484375;22605.681640625;200569000.0
2026-02-13 16:15:00;22618.681640625;22633.939453125;22549.677734375;22611.583984375;180644000.0
2026-02-13 16:30:00;22620.16015625;22660.75390625;22592.18359375;22660.75390625;166707000.0
2026-02-13 16:45:00;22662.689453125;22693.130859375;22648.3046875;22663.04296875;158279000.0
2026-02-13 17:00:00;22659.45703125;22714.271484375;22653.251953125;22712.876953125;148483000.0
2026-02-13 17:15:00;22712.41015625;22726.693359375;22676.6875;22712.916015625;156348000.0
2026-02-13 17:30:00;22710.443359375;22741.904296875;22708.80078125;22720.3046875;128376000.0
2026-02-13 17:45:00;22719.529296875;22722.70703125;22684.642578125;22685.9140625;131385000.0
2026-02-13 18:00:00;22686.087890625;22702.287109375;22655.001953125;22692.72265625;132557000.0
2026-02-13 18:15:00;22689.111328125;22732.697265625;22684.462890625;22697.642578125;128038000.0
2026-02-13 18:30:00;22693.056640625;22733.779296875;22690.37890625;22694.7109375;137821000.0
2026-02-13 18:45:00;22695.025390625;22726.890625;22675.923828125;22688.69921875;123457000.0
2026-02-13 19:00:00;22689.328125;22702.744140625;22668.861328125;22687.095703125;132777000.0
2026-02-13 19:15:00;22687.123046875;22702.708984375;22651.017578125;22657.62890625;147926000.0
2026-02-13 19:30:00;22656.06640625;22683.248046875;22638.552734375;22650.447265625;139399000.0
2026-02-13 19:45:00;22650.673828125;22671.6640625;22594.7421875;22595.546875;159522000.0
2026-02-13 20:00:00;22596.572265625;22625.1328125;22570.94921875;22570.94921875;165373000.0
2026-02-13 20:15:00;22570.59765625;22595.4453125;22507.53125;22516.244140625;193426000.0
2026-02-13 20:30:00;22515.251953125;22533.0625;22487.517578125;22502.52734375;224429000.0
2026-02-13 20:45:00;22499.328125;22557.314453125;22499.328125;22550.568359375;391275000.0
2026-02-17 14:30:00;22407.548828125;22558.03515625;22384.6328125;22449.509765625;251103464.0
2026-02-17 14:45:00;22450.3828125;22450.3828125;22266.455078125;22270.2578125;347217878.0
2026-02-17 15:00:00;22266.982421875;22349.607421875;22266.982421875;22302.94140625;269254000.0
2026-02-17 15:15:00;22300.380859375;22415.232421875;22300.380859375;22319.1796875;253823000.0
2026-02-17 15:30:00;22323.365234375;22323.365234375;22256.759765625;22308.873046875;221651000.0
2026-02-17 15:45:00;22316.779296875;22393.595703125;22309.408203125;22392.458984375;200782000.0
2026-02-17 16:00:00;22401.490234375;22566.36328125;22395.357421875;22554.1328125;221534000.0
2026-02-17 16:15:00;22552.9609375;22574.07421875;22516.505859375;22516.505859375;198062000.0
2026-02-17 16:30:00;22515.798828125;22556.966796875;22490.43359375;22524.03515625;173493000.0
2026-02-17 16:45:00;22525.08984375;22568.884765625;22512.240234375;22551.515625;156017000.0
2026-02-17 17:00:00;22549.78515625;22549.9375;22486.11328125;22497.646484375;152946000.0
2026-02-17 17:15:00;22497.13671875;22537.744140625;22470.484375;22537.744140625;143327000.0
2026-02-17 17:30:00;22537.806640625;22543.40234375;22452.58984375;22452.58984375;137805000.0
2026-02-17 17:45:00;22452.123046875;22501.96875;22423.875;22501.38671875;137829000.0
2026-02-17 18:00:00;22500.951171875;22504.09765625;22463.927734375;22483.603515625;123878000.0
2026-02-17 18:15:00;22482.0;22576.890625;22466.07421875;22568.6328125;145159000.0
2026-02-17 18:30:00;22568.99609375;22644.759765625;22557.583984375;22628.140625;138433000.0
2026-02-17 18:45:00;22625.517578125;22669.927734375;22615.970703125;22645.212890625;137481000.0
2026-02-17 19:00:00;22646.45703125;22660.623046875;22633.125;22653.873046875;137688000.0
2026-02-17 19:15:00;22654.296875;22666.904296875;22639.388671875;22639.388671875;141953000.0
2026-02-17 19:30:00;22643.05078125;22690.3203125;22637.376953125;22677.6953125;130921000.0
2026-02-17 19:45:00;22677.345703125;22677.345703125;22619.8359375;22623.833984375;142558000.0
2026-02-17 20:00:00;22623.873046875;22645.23828125;22606.76953125;22619.490234375;151120000.0
2026-02-17 20:15:00;22620.291015625;22625.048828125;22581.654296875;22585.748046875;155863000.0
2026-02-17 20:30:00;22582.123046875;22605.40234375;22555.810546875;22597.47265625;205761000.0
2026-02-17 20:45:00;22596.140625;22597.515625;22551.5703125;22586.32421875;370269000.0
2026-02-18 14:30:00;22612.107421875;22692.03515625;22600.193359375;22681.166015625;237888468.0
2026-02-18 14:45:00;22676.052734375;22763.2734375;22632.076171875;22748.353515625;336636829.0
2026-02-18 15:00:00;22751.42578125;22841.42578125;22747.46484375;22832.162109375;314562000.0
2026-02-18 15:15:00;22833.875;22856.671875;22828.134765625;22843.232421875;267491000.0
2026-02-18 15:30:00;22841.685546875;22867.15625;22815.76953125;22855.873046875;241936000.0
2026-02-18 15:45:00;22856.603515625;22884.4765625;22849.5390625;22875.603515625;207087000.0
2026-02-18 16:00:00;22875.255859375;22894.798828125;22867.365234375;22876.564453125;200484000.0
2026-02-18 16:15:00;22875.943359375;22884.095703125;22856.685546875;22869.689453125;192128000.0
2026-02-18 16:30:00;22869.205078125;22892.150390625;22865.55859375;22875.767578125;188597000.0
2026-02-18 16:45:00;22874.19140625;22876.8671875;22832.427734375;22832.427734375;179631000.0
2026-02-18 17:00:00;22833.490234375;22891.6875;22831.87109375;22855.505859375;175502000.0
2026-02-18 17:15:00;22854.0390625;22879.439453125;22851.306640625;22856.951171875;142637000.0
2026-02-18 17:30:00;22856.37890625;22866.763671875;22844.53125;22851.0859375;131709000.0
2026-02-18 17:45:00;22850.634765625;22879.83984375;22848.13671875;22865.23828125;131110000.0
2026-02-18 18:00:00;22865.04296875;22893.677734375;22858.083984375;22860.947265625;137771000.0
2026-02-18 18:15:00;22860.68359375;22868.7578125;22830.712890625;22835.025390625;146666000.0
2026-02-18 18:30:00;22835.65625;22847.671875;22790.6796875;22803.84765625;139025000.0
2026-02-18 18:45:00;22804.3828125;22820.080078125;22771.91796875;22810.30859375;135342000.0
2026-02-18 19:00:00;22807.376953125;22814.279296875;22795.345703125;22800.234375;121567000.0
2026-02-18 19:15:00;22799.443359375;22807.970703125;22777.6875;22778.421875;161836000.0
2026-02-18 19:30:00;22784.146484375;22784.146484375;22713.4921875;22719.28515625;170059000.0
2026-02-18 19:45:00;22716.6015625;22742.017578125;22664.2890625;22677.138671875;167973000.0
2026-02-18 20:00:00;22678.96875;22713.615234375;22668.142578125;22674.90234375;162494000.0
2026-02-18 20:15:00;22676.48828125;22684.314453125;22657.064453125;22673.650390625;165233000.0
2026-02-18 20:30:00;22670.0703125;22745.052734375;22670.0703125;22739.150390625;212507000.0
2026-02-18 20:45:00;22739.703125;22788.6640625;22735.71875;22745.333984375;392068000.0
2026-02-19 14:30:00;22633.111328125;22675.181640625;22586.494140625;22645.892578125;261724870.0
2026-02-19 14:45:00;22653.72265625;22731.08203125;22596.763671875;22691.439453125;317671188.0
2026-02-19 15:00:00;22693.548828125;22756.73046875;22670.98046875;22691.951171875;247792000.0
2026-02-19 15:15:00;22696.826171875;22733.779296875;22672.79296875;22674.283203125;218894000.0
2026-02-19 15:30:00;22673.8828125;22744.353515625;22671.748046875;22727.640625;196284000.0
2026-02-19 15:45:00;22728.0390625;22736.306640625;22683.3984375;22728.9453125;186449000.0
2026-02-19 16:00:00;22734.072265625;22743.48046875;22674.166015625;22715.48828125;167230000.0
2026-02-19 16:15:00;22718.00390625;22767.126953125;22706.7890625;22707.9140625;153465000.0
2026-02-19 16:30:00;22710.78515625;22738.73046875;22673.720703125;22673.720703125;136850000.0
2026-02-19 16:45:00;22674.349609375;22690.568359375;22638.408203125;22670.740234375;149520000.0
2026-02-19 17:00:00;22666.021484375;22670.478515625;22641.662109375;22667.46875;134693000.0
2026-02-19 17:15:00;22667.70703125;22717.9140625;22655.599609375;22681.595703125;135885000.0
2026-02-19 17:30:00;22679.10546875;22689.525390625;22663.73828125;22668.19921875;130465000.0
2026-02-19 17:45:00;22667.396484375;22667.615234375;22603.865234375;22610.990234375;136763000.0
2026-02-19 18:00:00;22610.537109375;22657.1640625;22603.494140625;22654.484375;119873000.0
2026-02-19 18:15:00;22654.1484375;22654.1484375;22590.453125;22620.287109375;130600000.0
2026-02-19 18:30:00;22620.1015625;22631.89453125;22603.23046875;22616.205078125;122217000.0
2026-02-19 18:45:00;22615.294921875;22664.228515625;22615.294921875;22663.0;125587000.0
2026-02-19 19:00:00;22663.83984375;22667.373046875;22644.66015625;22649.27734375;136173000.0
2026-02-19 19:15:00;22651.15625;22671.365234375;22625.587890625;22630.802734375;129524000.0
2026-02-19 19:30:00;22629.90625;22644.74609375;22590.115234375;22601.26953125;150043000.0
2026-02-19 19:45:00;22601.353515625;22617.060546875;22585.435546875;22608.201171875;134330000.0
2026-02-19 20:00:00;22607.287109375;22639.9765625;22607.287109375;22620.25390625;144875000.0
2026-02-19 20:15:00;22619.84765625;22631.80078125;22606.986328125;22616.1953125;161306000.0
2026-02-19 20:30:00;22614.63671875;22640.45703125;22614.63671875;22637.65625;205472000.0
2026-02-19 20:45:00;22637.1328125;22682.15625;22634.6875;22681.3515625;387873000.0
2026-02-20 14:30:00;22544.65625;22750.767578125;22544.65625;22736.435546875;263248126.0
2026-02-20 14:45:00;22740.55859375;22762.669921875;22679.8671875;22711.36328125;294733000.0
2026-02-20 15:00:00;22716.341796875;22876.640625;22706.08984375;22758.212890625;386170000.0
2026-02-20 15:15:00;22758.587890625;22837.25;22691.251953125;22786.080078125;272741000.0
2026-02-20 15:30:00;22784.814453125;22863.03515625;22743.177734375;22862.859375;232325000.0
2026-02-20 15:45:00;22871.986328125;22934.4453125;22846.892578125;22932.68359375;203501000.0
2026-02-20 16:00:00;22936.84765625;22948.123046875;22886.923828125;22886.923828125;197012000.0
2026-02-20 16:15:00;22890.880859375;22893.830078125;22809.076171875;22809.076171875;203175000.0
2026-02-20 16:30:00;22802.91796875;22914.564453125;22800.666015625;22904.984375;177367000.0
2026-02-20 16:45:00;22905.958984375;22936.994140625;22905.958984375;22911.6015625;155688000.0
2026-02-20 17:00:00;22914.78515625;22920.5703125;22806.33203125;22807.80859375;172791000.0
2026-02-20 17:15:00;22803.7890625;22803.7890625;22710.580078125;22748.18359375;194735000.0
2026-02-20 17:30:00;22745.712890625;22787.6328125;22742.806640625;22778.52734375;157081000.0
2026-02-20 17:45:00;22778.6875;22852.142578125;22776.55078125;22848.576171875;145068000.0
2026-02-20 18:00:00;22847.455078125;22857.2109375;22814.896484375;22824.10546875;139218000.0
2026-02-20 18:15:00;22824.353515625;22824.353515625;22775.892578125;22797.0390625;155488000.0
2026-02-20 18:30:00;22796.677734375;22888.46484375;22770.4453125;22886.490234375;177374000.0
2026-02-20 18:45:00;22886.044921875;22931.904296875;22877.458984375;22912.875;154713000.0
2026-02-20 19:00:00;22913.84765625;22926.953125;22876.63671875;22877.9765625;132585000.0
2026-02-20 19:15:00;22878.9296875;22894.3671875;22855.802734375;22864.810546875;128951000.0
2026-02-20 19:30:00;22864.716796875;22883.826171875;22849.662109375;22851.5625;133440000.0
2026-02-20 19:45:00;22852.025390625;22869.39453125;22834.40234375;22837.21484375;145849000.0
2026-02-20 20:00:00;22836.771484375;22885.6796875;22833.853515625;22880.958984375;158419000.0
2026-02-20 20:15:00;22880.42578125;22880.552734375;22833.244140625;22837.91796875;161239000.0
2026-02-20 20:30:00;22837.251953125;22873.1953125;22837.251953125;22873.1953125;184410000.0
2026-02-20 20:45:00;22872.267578125;22887.73828125;22856.25390625;22887.259765625;395585000.0
2026-02-23 14:30:00;22860.07421875;22893.220703125;22765.263671875;22765.263671875;289645011.0
2026-02-23 14:45:00;22753.884765625;22824.9375;22740.6953125;22779.779296875;378546000.0
2026-02-23 15:00:00;22768.05078125;22808.802734375;22707.91015625;22728.404296875;322808000.0
2026-02-23 15:15:00;22729.244140625;22774.935546875;22715.451171875;22728.5859375;263682000.0
2026-02-23 15:30:00;22729.6015625;22753.1015625;22688.583984375;22693.986328125;241690000.0
2026-02-23 15:45:00;22693.787109375;22711.009765625;22612.5078125;22613.744140625;259449000.0
2026-02-23 16:00:00;22615.19921875;22623.755859375;22551.4609375;22558.376953125;212178000.0
2026-02-23 16:15:00;22561.216796875;22639.88671875;22547.70703125;22639.88671875;212444000.0
2026-02-23 16:30:00;22633.501953125;22651.255859375;22623.5546875;22638.98828125;212696000.0
2026-02-23 16:45:00;22637.80078125;22639.2890625;22601.146484375;22604.9140625;175979000.0
2026-02-23 17:00:00;22605.22265625;22628.33203125;22600.58984375;22604.544921875;154177000.0
2026-02-23 17:15:00;22604.609375;22625.47265625;22604.609375;22612.671875;145009000.0
2026-02-23 17:30:00;22613.072265625;22614.11328125;22555.40625;22585.6015625;169095000.0
2026-02-23 17:45:00;22584.068359375;22628.91796875;22576.47265625;22619.0546875;151794000.0
2026-02-23 18:00:00;22619.1015625;22663.9453125;22616.578125;22663.474609375;135841000.0
2026-02-23 18:15:00;22663.294921875;22692.357421875;22660.037109375;22684.982421875;144918000.0
2026-02-23 18:30:00;22685.5625;22694.265625;22659.04296875;22662.052734375;133783000.0
2026-02-23 18:45:00;22662.4921875;22678.173828125;22607.4296875;22611.4140625;121320000.0
2026-02-23 19:00:00;22612.79296875;22629.361328125;22606.845703125;22621.1171875;137543000.0
2026-02-23 19:15:00;22622.478515625;22626.435546875;22587.505859375;22588.9609375;120655000.0
2026-02-23 19:30:00;22590.41015625;22602.955078125;22557.298828125;22569.111328125;144425000.0
2026-02-23 19:45:00;22569.248046875;22586.4375;22559.857421875;22561.5703125;165159000.0
2026-02-23 20:00:00;22560.955078125;22574.666015625;22550.384765625;22555.310546875;157921000.0
2026-02-23 20:15:00;22554.88671875;22580.771484375;22554.88671875;22579.080078125;168721000.0
2026-02-23 20:30:00;22581.40625;22616.76171875;22578.97265625;22593.740234375;214057000.0
2026-02-23 20:45:00;22595.19140625;22634.60546875;22579.958984375;22634.60546875;397479000.0
2026-02-24 14:30:00;22637.74609375;22734.64453125;22532.87890625;22734.64453125;308589883.0
2026-02-24 14:45:00;22741.58203125;22777.095703125;22688.20703125;22699.041015625;372947000.0
2026-02-24 15:00:00;22691.880859375;22748.181640625;22657.130859375;22698.99609375;297995000.0
2026-02-24 15:15:00;22698.671875;22834.748046875;22692.267578125;22834.748046875;284648000.0
2026-02-24 15:30:00;22833.6953125;22847.0703125;22809.21484375;22837.38671875;256145000.0
2026-02-24 15:45:00;22832.38671875;22834.576171875;22801.0234375;22807.62109375;217377000.0
2026-02-24 16:00:00;22810.671875;22866.998046875;22808.20703125;22858.27734375;195510000.0
2026-02-24 16:15:00;22857.236328125;22860.73046875;22819.59375;22830.576171875;191209000.0
2026-02-24 16:30:00;22828.078125;22831.697265625;22795.8046875;22809.888671875;177534000.0
2026-02-24 16:45:00;22810.474609375;22856.384765625;22810.474609375;22847.96875;173332000.0
2026-02-24 17:00:00;22848.482421875;22887.630859375;22844.9609375;22876.51171875;150350000.0
2026-02-24 17:15:00;22875.853515625;22886.044921875;22862.248046875;22875.154296875;141508000.0
2026-02-24 17:30:00;22873.91015625;22884.619140625;22863.541015625;22864.025390625;137599000.0
2026-02-24 17:45:00;22863.703125;22882.908203125;22858.876953125;22867.27734375;131061000.0
2026-02-24 18:00:00;22865.3515625;22893.556640625;22859.099609375;22861.357421875;130077000.0
2026-02-24 18:15:00;22861.125;22861.125;22838.32421875;22840.318359375;128491000.0
2026-02-24 18:30:00;22840.162109375;22868.361328125;22835.912109375;22861.18359375;148443000.0
2026-02-24 18:45:00;22862.671875;22869.474609375;22850.197265625;22858.25390625;144297000.0
2026-02-24 19:00:00;22858.08984375;22868.650390625;22844.7109375;22847.716796875;149716000.0
2026-02-24 19:15:00;22847.626953125;22847.626953125;22824.04296875;22837.34765625;146357000.0
2026-02-24 19:30:00;22837.197265625;22862.802734375;22836.068359375;22856.58203125;144684000.0
2026-02-24 19:45:00;22856.37890625;22879.56640625;22852.466796875;22855.556640625;143850000.0
2026-02-24 20:00:00;22854.716796875;22862.32421875;22833.640625;22836.033203125;148380000.0
2026-02-24 20:15:00;22836.33984375;22850.791015625;22830.7890625;22830.908203125;177222000.0
2026-02-24 20:30:00;22832.005859375;22861.568359375;22830.56640625;22861.1953125;230292000.0
2026-02-24 20:45:00;22860.576171875;22895.37109375;22859.46875;22863.79296875;397780000.0
2026-02-25 14:30:00;23009.80859375;23052.98828125;23009.80859375;23049.783203125;325623858.0
2026-02-25 14:45:00;23053.9921875;23135.50390625;23053.9921875;23129.986328125;403488000.0
2026-02-25 15:00:00;23127.75;23139.7890625;23086.484375;23088.60546875;325806000.0
2026-02-25 15:15:00;23088.37109375;23109.55859375;23071.0390625;23107.6484375;291037000.0
2026-02-25 15:30:00;23107.931640625;23115.568359375;23069.1953125;23076.919921875;250766000.0
2026-02-25 15:45:00;23076.212890625;23089.283203125;23052.203125;23077.6640625;228781000.0
2026-02-25 16:00:00;23077.5078125;23085.33984375;23067.548828125;23073.3359375;229016000.0
2026-02-25 16:15:00;23073.38671875;23088.46484375;23063.63671875;23086.474609375;200894000.0
2026-02-25 16:30:00;23085.4453125;23108.822265625;23084.578125;23104.990234375;205687000.0
2026-02-25 16:45:00;23106.232421875;23116.474609375;23103.212890625;23103.263671875;198703000.0
2026-02-25 17:00:00;23102.8984375;23132.048828125;23102.1484375;23130.2265625;186277000.0
2026-02-25 17:15:00;23130.984375;23130.984375;23104.734375;23106.134765625;170294000.0
2026-02-25 17:30:00;23105.337890625;23123.962890625;23101.529296875;23119.708984375;159240000.0
2026-02-25 17:45:00;23120.556640625;23133.935546875;23117.66015625;23133.248046875;143422000.0
2026-02-25 18:00:00;23133.357421875;23136.537109375;23123.880859375;23127.708984375;150577000.0
2026-02-25 18:15:00;23126.97265625;23128.05078125;23120.23828125;23122.458984375;140662000.0
2026-02-25 18:30:00;23122.0546875;23138.65234375;23119.576171875;23136.99609375;146230000.0
2026-02-25 18:45:00;23137.072265625;23139.607421875;23134.310546875;23137.599609375;137441000.0
2026-02-25 19:00:00;23137.16015625;23158.208984375;23137.16015625;23152.603515625;152393000.0
2026-02-25 19:15:00;23152.298828125;23161.978515625;23150.615234375;23152.08203125;132425000.0
2026-02-25 19:30:00;23151.873046875;23160.34375;23151.08984375;23151.08984375;147439000.0
2026-02-25 19:45:00;23151.005859375;23158.580078125;23148.193359375;23151.326171875;152789000.0
2026-02-25 20:00:00;23150.927734375;23160.861328125;23149.4765625;23155.3515625;173067000.0
2026-02-25 20:15:00;23155.265625;23160.66015625;23146.447265625;23152.888671875;191880000.0
2026-02-25 20:30:00;23152.361328125;23160.69921875;23140.9453125;23156.625;228592000.0
2026-02-25 20:45:00;23156.36328125;23169.68359375;23146.568359375;23156.642578125;431114000.0
2026-02-26 14:30:00;23107.537109375;23107.537109375;22995.392578125;23028.212890625;345296625.0
2026-02-26 14:45:00;23022.92578125;23024.947265625;22954.9765625;22973.6875;437068000.0
2026-02-26 15:00:00;22978.55859375;22982.201171875;22868.53125;22869.88671875;358909000.0
2026-02-26 15:15:00;22863.498046875;22863.498046875;22702.048828125;22742.626953125;361217000.0
2026-02-26 15:30:00;22736.53125;22798.53125;22672.251953125;22792.134765625;289580000.0
2026-02-26 15:45:00;22803.96875;22825.015625;22780.01953125;22803.41015625;248956000.0
2026-02-26 16:00:00;22807.384765625;22854.083984375;22798.451171875;22851.619140625;228031000.0
2026-02-26 16:15:00;22853.076171875;22882.189453125;22834.875;22867.0390625;198953000.0
2026-02-26 16:30:00;22867.51953125;22871.392578125;22795.89453125;22797.01171875;201334000.0
2026-02-26 16:45:00;22795.037109375;22816.4765625;22750.369140625;22753.705078125;190139000.0
2026-02-26 17:00:00;22754.361328125;22801.994140625;22754.361328125;22772.326171875;177269000.0
2026-02-26 17:15:00;22770.62890625;22778.66796875;22760.705078125;22773.90625;154105000.0
2026-02-26 17:30:00;22771.828125;22804.90625;22742.541015625;22743.099609375;160659000.0
2026-02-26 17:45:00;22742.271484375;22745.0625;22716.583984375;22732.466796875;149173000.0
2026-02-26 18:00:00;22730.654296875;22732.341796875;22685.46484375;22696.623046875;160492000.0
2026-02-26 18:15:00;22695.62890625;22725.369140625;22683.787109375;22711.833984375;150997000.0
2026-02-26 18:30:00;22711.294921875;22799.876953125;22707.775390625;22791.1875;153378000.0
2026-02-26 18:45:00;22792.5;22811.78515625;22769.802734375;22790.84375;145852000.0
2026-02-26 19:00:00;22787.390625;22857.533203125;22783.607421875;22846.99609375;160908000.0
2026-02-26 19:15:00;22847.564453125;22874.05078125;22836.94921875;22841.388671875;171333000.0
2026-02-26 19:30:00;22841.513671875;22870.015625;22838.38671875;22862.11328125;163402000.0
2026-02-26 19:45:00;22862.37109375;22892.869140625;22862.236328125;22862.380859375;185714000.0
2026-02-26 20:00:00;22860.458984375;22886.447265625;22840.298828125;22840.626953125;169041000.0
2026-02-26 20:15:00;22839.26953125;22855.1875;22832.193359375;22833.669921875;197867000.0
2026-02-26 20:30:00;22835.748046875;22876.046875;22835.748046875;22870.373046875;226827000.0
2026-02-26 20:45:00;22869.794921875;22878.912109375;22849.06640625;22878.716796875;435227000.0
2026-02-27 14:30:00;22613.748046875;22642.1015625;22538.7265625;22590.50390625;309581625.0
2026-02-27 14:45:00;22574.744140625;22665.4765625;22574.744140625;22618.740234375;354641000.0
2026-02-27 15:00:00;22609.603515625;22724.3515625;22608.8046875;22688.51953125;331401000.0
2026-02-27 15:15:00;22695.6015625;22714.501953125;22654.7265625;22693.388671875;289979000.0
2026-02-27 15:30:00;22695.517578125;22725.8359375;22661.669921875;22722.033203125;265163000.0
2026-02-27 15:45:00;22723.302734375;22734.23828125;22654.42578125;22704.208984375;255535000.0
2026-02-27 16:00:00;22700.1015625;22734.400390625;22668.0546875;22700.44921875;231413000.0
2026-02-27 16:15:00;22697.87890625;22719.041015625;22674.248046875;22681.22265625;209724000.0
2026-02-27 16:30:00;22681.513671875;22713.94140625;22647.578125;22647.578125;210275000.0
2026-02-27 16:45:00;22647.544921875;22701.119140625;22643.28515625;22667.4765625;191286000.0
2026-02-27 17:00:00;22671.697265625;22723.87890625;22658.201171875;22658.81640625;182373000.0
2026-02-27 17:15:00;22657.474609375;22657.71875;22599.052734375;22644.07421875;183400000.0
2026-02-27 17:30:00;22648.814453125;22675.46484375;22616.68359375;22622.171875;170067000.0
2026-02-27 17:45:00;22620.822265625;22633.181640625;22604.654296875;22630.009765625;142345000.0
2026-02-27 18:00:00;22630.361328125;22635.453125;22598.92578125;22599.07421875;144701000.0
2026-02-27 18:15:00;22597.53515625;22600.77734375;22562.037109375;22590.298828125;168520000.0
2026-02-27 18:30:00;22586.7421875;22607.767578125;22575.09375;22589.388671875;140334000.0
2026-02-27 18:45:00;22590.53515625;22598.099609375;22573.970703125;22585.982421875;141538000.0
2026-02-27 19:00:00;22585.86328125;22638.82421875;22585.86328125;22598.169921875;153402000.0
2026-02-27 19:15:00;22598.689453125;22605.48828125;22585.47265625;22590.326171875;147747000.0
2026-02-27 19:30:00;22590.501953125;22603.13671875;22561.47265625;22569.3515625;158991000.0
2026-02-27 19:45:00;22570.376953125;22590.08203125;22568.49609375;22581.466796875;153229000.0
2026-02-27 20:00:00;22580.67578125;22643.046875;22579.900390625;22643.046875;175723000.0
2026-02-27 20:15:00;22644.091796875;22672.84375;22642.84375;22652.11328125;206285000.0
2026-02-27 20:30:00;22649.26953125;22656.091796875;22599.01171875;22608.900390625;244931000.0
2026-02-27 20:45:00;22608.154296875;22682.86328125;22605.1015625;22667.025390625;460221000.0
2026-03-02 14:30:00;22315.236328125;22559.84765625;22309.16015625;22536.0859375;320149647.0
2026-03-02 14:45:00;22531.828125;22588.794921875;22508.005859375;22554.009765625;332216416.0
2026-03-02 15:00:00;22547.130859375;22648.28515625;22514.328125;22642.796875;306515000.0
2026-03-02 15:15:00;22640.029296875;22655.857421875;22581.96875;22590.513671875;288859000.0
2026-03-02 15:30:00;22598.216796875;22650.96484375;22566.00390625;22650.96484375;251298000.0
2026-03-02 15:45:00;22650.62890625;22667.130859375;22601.9609375;22636.11328125;229523000.0
2026-03-02 16:00:00;22630.62890625;22693.43359375;22608.744140625;22682.80078125;215381000.0
2026-03-02 16:15:00;22681.083984375;22681.083984375;22582.8671875;22594.5;202342000.0
2026-03-02 16:30:00;22595.3515625;22742.3828125;22590.9765625;22740.130859375;197737000.0
2026-03-02 16:45:00;22741.2578125;22763.8046875;22731.42578125;22752.509765625;177876000.0
2026-03-02 17:00:00;22752.072265625;22753.36328125;22728.177734375;22744.900390625;144674000.0
2026-03-02 17:15:00;22744.279296875;22787.22265625;22744.279296875;22759.970703125;134550000.0
2026-03-02 17:30:00;22758.265625;22764.171875;22738.29296875;22754.025390625;137776000.0
2026-03-02 17:45:00;22753.65234375;22777.822265625;22751.025390625;22773.65234375;131936000.0
2026-03-02 18:00:00;22776.279296875;22779.849609375;22754.25;22764.037109375;117950000.0
2026-03-02 18:15:00;22761.1875;22764.703125;22730.697265625;22746.912109375;120881000.0
2026-03-02 18:30:00;22747.376953125;22753.044921875;22720.0;22738.421875;129307000.0
2026-03-02 18:45:00;22735.02734375;22735.89453125;22693.728515625;22695.3828125;121294000.0
2026-03-02 19:00:00;22694.8984375;22763.86328125;22692.33984375;22761.291015625;134072000.0
2026-03-02 19:15:00;22761.736328125;22793.16015625;22761.736328125;22784.97265625;125063000.0
2026-03-02 19:30:00;22785.423828125;22799.263671875;22778.26953125;22781.98046875;129539000.0
2026-03-02 19:45:00;22782.9765625;22802.568359375;22782.798828125;22786.74609375;141047000.0
2026-03-02 20:00:00;22786.89453125;22790.296875;22679.828125;22686.9140625;177344000.0
2026-03-02 20:15:00;22685.701171875;22734.873046875;22673.0234375;22689.58203125;182872000.0
2026-03-02 20:30:00;22686.935546875;22725.357421875;22686.888671875;22718.203125;200761000.0
2026-03-02 20:45:00;22714.34375;22777.9609375;22711.341796875;22740.607421875;383568000.0
2026-03-03 14:30:00;22295.1015625;22398.572265625;22265.623046875;22285.40625;302470408.0
2026-03-03 14:45:00;22283.134765625;22345.8515625;22235.373046875;22246.900390625;381039000.0
2026-03-03 15:00:00;22248.28125;22305.76171875;22225.400390625;22270.54296875;311238000.0
2026-03-03 15:15:00;22279.763671875;22279.763671875;22125.919921875;22126.05859375;308160000.0
2026-03-03 15:30:00;22154.12109375;22230.47265625;22134.94140625;22185.18359375;267220000.0
2026-03-03 15:45:00;22193.16015625;22218.69921875;22148.35546875;22209.146484375;247646000.0
2026-03-03 16:00:00;22207.919921875;22341.732421875;22202.45703125;22336.1484375;251233000.0
2026-03-03 16:15:00;22334.666015625;22393.568359375;22334.666015625;22375.1171875;280524000.0
2026-03-03 16:30:00;22367.68359375;22402.576171875;22330.4453125;22402.576171875;274000000.0
2026-03-03 16:45:00;22405.447265625;22471.275390625;22405.447265625;22426.265625;234394000.0
2026-03-03 17:00:00;22427.94921875;22441.955078125;22381.076171875;22407.3671875;220250000.0
2026-03-03 17:15:00;22408.05078125;22454.80078125;22392.05859375;22453.517578125;184198000.0
2026-03-03 17:30:00;22451.8125;22451.8125;22359.365234375;22439.658203125;166246000.0
2026-03-03 17:45:00;22438.9453125;22445.900390625;22394.14453125;22404.26171875;164472000.0
2026-03-03 18:00:00;22404.912109375;22458.466796875;22404.912109375;22432.966796875;145245000.0
2026-03-03 18:15:00;22435.19140625;22521.609375;22434.787109375;22500.427734375;174665000.0
2026-03-03 18:30:00;22500.869140625;22583.83984375;22497.986328125;22560.091796875;185621000.0
2026-03-03 18:45:00;22557.994140625;22579.7578125;22536.58203125;22554.83984375;191565000.0
2026-03-03 19:00:00;22556.69921875;22564.78125;22495.609375;22525.3984375;167465000.0
2026-03-03 19:15:00;22527.390625;22554.634765625;22511.0703125;22514.23828125;153236000.0
2026-03-03 19:30:00;22514.513671875;22575.603515625;22475.416015625;22573.736328125;189136000.0
2026-03-03 19:45:00;22577.265625;22601.58984375;22529.2109375;22544.4296875;209890000.0
2026-03-03 20:00:00;22543.478515625;22570.314453125;22531.435546875;22531.435546875;167068000.0
2026-03-03 20:15:00;22530.6953125;22538.1796875;22500.685546875;22530.33984375;214657000.0
2026-03-03 20:30:00;22531.05859375;22553.482421875;22513.03515625;22523.328125;238312000.0
2026-03-03 20:45:00;22522.396484375;22531.1484375;22476.255859375;22515.64453125;408998000.0
2026-03-04 14:30:00;22619.6484375;22694.59765625;22579.17578125;22587.412109375;373897000.0
2026-03-04 14:45:00;22577.822265625;22669.806640625;22570.666015625;22645.517578125;495985000.0
2026-03-04 15:00:00;22675.07421875;22731.984375;22633.79296875;22701.41015625;512196000.0
2026-03-04 15:15:00;22706.029296875;22845.158203125;22706.029296875;22838.724609375;431763000.0
2026-03-04 15:30:00;22851.66015625;22851.66015625;22772.671875;22773.900390625;377579000.0
2026-03-04 15:45:00;22765.68359375;22830.599609375;22752.521484375;22823.263671875;298896000.0
2026-03-04 16:00:00;22828.267578125;22849.3828125;22765.02734375;22774.05859375;302137000.0
2026-03-04 16:15:00;22772.482421875;22810.03515625;22760.76171875;22801.619140625;302794000.0
2026-03-04 16:30:00;22797.6953125;22852.408203125;22797.169921875;22846.46875;299421000.0
2026-03-04 16:45:00;22845.662109375;22852.91015625;22820.986328125;22822.857421875;265426000.0
2026-03-04 17:00:00;22823.34375;22850.736328125;22814.78125;22839.57421875;246694000.0
2026-03-04 17:15:00;22838.916015625;22846.154296875;22816.9765625;22817.337890625;222741000.0
2026-03-04 17:30:00;22816.962890625;22847.93359375;22791.220703125;22830.888671875;223845000.0
2026-03-04 17:45:00;22830.490234375;22853.080078125;22830.490234375;22845.86328125;194350000.0
2026-03-04 18:00:00;22843.044921875;22854.9765625;22831.787109375;22838.701171875;196868000.0
2026-03-04 18:15:00;22838.248046875;22841.091796875;22816.021484375;22840.505859375;209363000.0
2026-03-04 18:30:00;22840.228515625;22876.15625;22840.228515625;22867.908203125;224461000.0
2026-03-04 18:45:00;22869.591796875;22884.486328125;22856.57421875;22870.54296875;177845000.0
2026-03-04 19:00:00;22872.205078125;22888.365234375;22866.986328125;22883.345703125;159089000.0
2026-03-04 19:15:00;22882.74609375;22891.80078125;22869.32421875;22873.349609375;190956000.0
2026-03-04 19:30:00;22872.259765625;22879.5390625;22861.548828125;22865.484375;157374000.0
2026-03-04 19:45:00;22866.130859375;22876.705078125;22857.2265625;22864.7734375;168331000.0
2026-03-04 20:00:00;22865.404296875;22868.916015625;22828.982421875;22831.728515625;196345000.0
2026-03-04 20:15:00;22829.1953125;22834.20703125;22806.724609375;22833.63671875;205222000.0
2026-03-04 20:30:00;22832.67578125;22845.8828125;22820.771484375;22844.1328125;270439000.0
2026-03-04 20:45:00;22840.853515625;22844.197265625;22800.0;22803.51953125;462829000.0
2026-03-05 14:30:00;22703.7109375;22797.904296875;22692.671875;22742.078125;424084000.0
2026-03-05 14:45:00;22734.37109375;22855.982421875;22729.484375;22855.1328125;464007000.0
2026-03-05 15:00:00;22860.705078125;22876.609375;22800.203125;22841.41796875;441510000.0
2026-03-05 15:15:00;22842.828125;22842.828125;22679.048828125;22685.87890625;358776000.0
2026-03-05 15:30:00;22691.0859375;22749.06640625;22625.58984375;22729.701171875;305905000.0
2026-03-05 15:45:00;22735.298828125;22782.626953125;22725.73828125;22764.91796875;248073000.0
2026-03-05 16:00:00;22769.857421875;22774.548828125;22662.484375;22682.27734375;278831000.0
2026-03-05 16:15:00;22684.31640625;22706.11328125;22656.57421875;22672.798828125;249457000.0
2026-03-05 16:30:00;22678.892578125;22731.634765625;22675.45703125;22705.275390625;217071000.0
2026-03-05 16:45:00;22712.380859375;22743.703125;22709.818359375;22738.740234375;163825000.0
2026-03-05 17:00:00;22734.52734375;22802.27734375;22710.828125;22726.80859375;187443000.0
2026-03-05 17:15:00;22727.080078125;22727.080078125;22644.716796875;22644.716796875;181429000.0
2026-03-05 17:30:00;22640.400390625;22641.955078125;22553.66015625;22558.626953125;220398000.0
2026-03-05 17:45:00;22560.689453125;22562.5859375;22510.125;22526.71875;207582000.0
2026-03-05 18:00:00;22524.736328125;22600.2421875;22523.689453125;22597.42578125;172277000.0
2026-03-05 18:15:00;22595.140625;22604.861328125;22505.974609375;22513.4453125;164594000.0
2026-03-05 18:30:00;22512.947265625;22578.33203125;22502.076171875;22571.859375;159472000.0
2026-03-05 18:45:00;22571.34375;22571.34375;22500.8515625;22532.626953125;146942000.0
2026-03-05 19:00:00;22532.388671875;22571.736328125;22526.486328125;22568.322265625;157159000.0
2026-03-05 19:15:00;22569.037109375;22587.044921875;22536.490234375;22556.15625;157314000.0
2026-03-05 19:30:00;22551.953125;22561.53125;22514.490234375;22561.53125;159429000.0
2026-03-05 19:45:00;22561.1328125;22589.5;22539.244140625;22563.185546875;158030000.0
2026-03-05 20:00:00;22562.1953125;22633.8515625;22539.291015625;22624.212890625;190465000.0
2026-03-05 20:15:00;22625.708984375;22689.30078125;22613.158203125;22654.876953125;210201000.0
2026-03-05 20:30:00;22657.541015625;22694.974609375;22646.751953125;22667.359375;231876000.0
2026-03-05 20:45:00;22674.322265625;22751.900390625;22650.486328125;22750.0625;392385000.0
2026-03-06 14:30:00;22428.037109375;22454.318359375;22354.435546875;22422.123046875;278820733.0
2026-03-06 14:45:00;22418.927734375;22456.46875;22385.5;22431.58984375;383036000.0
2026-03-06 15:00:00;22436.998046875;22515.396484375;22413.56640625;22510.185546875;370641000.0
2026-03-06 15:15:00;22505.919921875;22546.380859375;22500.736328125;22529.591796875;295573000.0
2026-03-06 15:30:00;22538.486328125;22598.1796875;22534.287109375;22552.212890625;293508000.0
2026-03-06 15:45:00;22548.984375;22579.640625;22469.794921875;22564.111328125;300556000.0
2026-03-06 16:00:00;22564.943359375;22596.94140625;22529.05078125;22535.970703125;235883000.0
2026-03-06 16:15:00;22534.630859375;22561.90625;22506.96484375;22547.033203125;216958000.0
2026-03-06 16:30:00;22546.599609375;22574.814453125;22512.2265625;22555.265625;228058000.0
2026-03-06 16:45:00;22555.888671875;22613.90625;22551.802734375;22582.6484375;204291000.0
2026-03-06 17:00:00;22581.017578125;22612.1953125;22533.26953125;22538.099609375;186594000.0
2026-03-06 17:15:00;22538.994140625;22564.9296875;22502.736328125;22519.494140625;162006000.0
2026-03-06 17:30:00;22520.259765625;22524.3515625;22452.84765625;22473.173828125;174141000.0
2026-03-06 17:45:00;22472.47265625;22518.337890625;22472.47265625;22488.751953125;174491000.0
2026-03-06 18:00:00;22485.1640625;22584.416015625;22483.93359375;22583.322265625;188131000.0
2026-03-06 18:15:00;22582.890625;22585.734375;22525.181640625;22533.427734375;157049000.0
2026-03-06 18:30:00;22533.93359375;22557.763671875;22515.8203125;22537.87890625;160922000.0
2026-03-06 18:45:00;22539.6171875;22542.076171875;22500.4140625;22505.142578125;145828000.0
2026-03-06 19:00:00;22505.646484375;22548.298828125;22498.20703125;22542.568359375;162158000.0
2026-03-06 19:15:00;22541.216796875;22545.6640625;22492.5;22517.388671875;147050000.0
2026-03-06 19:30:00;22514.8984375;22533.20703125;22489.00390625;22498.861328125;147544000.0
2026-03-06 19:45:00;22497.18359375;22506.349609375;22475.603515625;22503.18359375;147330000.0
2026-03-06 20:00:00;22506.13671875;22540.318359375;22432.60546875;22454.408203125;191633000.0
2026-03-06 20:15:00;22453.8359375;22475.59375;22360.1953125;22365.59765625;229864000.0
2026-03-06 20:30:00;22358.52734375;22413.005859375;22328.134765625;22386.626953125;304281000.0
2026-03-06 20:45:00;22388.734375;22405.66796875;22372.6328125;22382.04296875;403057000.0
2026-03-09 13:30:00;22193.1328125;22226.716796875;22095.86328125;22100.412109375;330985208.0
2026-03-09 13:45:00;22114.291015625;22143.435546875;22063.20703125;22110.7890625;379078000.0
2026-03-09 14:00:00;22113.568359375;22207.171875;22072.951171875;22103.552734375;333368000.0
2026-03-09 14:15:00;22108.748046875;22207.935546875;22097.4140625;22149.794921875;279910000.0
2026-03-09 14:30:00;22149.994140625;22269.46875;22149.994140625;22269.46875;276697000.0
2026-03-09 14:45:00;22268.884765625;22309.990234375;22268.107421875;22281.873046875;245128000.0
2026-03-09 15:00:00;22294.474609375;22330.48046875;22288.408203125;22319.986328125;241756000.0
2026-03-09 15:15:00;22332.65234375;22365.8359375;22309.673828125;22364.375;237347000.0
2026-03-09 15:30:00;22363.103515625;22363.740234375;22324.263671875;22329.06640625;245506000.0
2026-03-09 15:45:00;22328.142578125;22374.646484375;22326.595703125;22364.7109375;219614000.0
2026-03-09 16:00:00;22362.599609375;22386.666015625;22353.771484375;22377.951171875;206139000.0
2026-03-09 16:15:00;22377.072265625;22435.109375;22356.33203125;22408.37890625;192017000.0
2026-03-09 16:30:00;22409.3828125;22449.2421875;22376.30859375;22444.76171875;184943000.0
2026-03-09 16:45:00;22445.61328125;22454.658203125;22423.234375;22424.052734375;189585000.0
2026-03-09 17:00:00;22419.09375;22419.09375;22385.685546875;22399.181640625;207237000.0
2026-03-09 17:15:00;22399.611328125;22402.619140625;22328.513671875;22332.564453125;175055000.0
2026-03-09 17:30:00;22332.4765625;22338.962890625;22298.62109375;22305.751953125;153449000.0
2026-03-09 17:45:00;22304.98046875;22345.01953125;22304.98046875;22331.912109375;133247000.0
2026-03-09 18:00:00;22333.548828125;22367.783203125;22333.548828125;22361.31640625;141398000.0
2026-03-09 18:15:00;22362.828125;22398.31640625;22357.83984375;22371.572265625;150425000.0
2026-03-09 18:30:00;22369.501953125;22416.146484375;22369.3046875;22406.0390625;169204000.0
2026-03-09 18:45:00;22405.376953125;22421.755859375;22371.076171875;22371.646484375;159007000.0
2026-03-09 19:00:00;22367.033203125;22397.912109375;22363.955078125;22385.564453125;145904000.0
2026-03-09 19:15:00;22385.458984375;22654.544921875;22383.734375;22653.501953125;304144000.0
2026-03-09 19:30:00;22650.921875;22739.150390625;22604.07421875;22671.92578125;344621000.0
2026-03-09 19:45:00;22666.677734375;22715.48828125;22644.896484375;22696.8125;413983000.0
2026-03-10 13:30:00;22727.001953125;22761.416015625;22655.009765625;22715.8046875;246250385.0
2026-03-10 13:45:00;22708.857421875;22734.5859375;22659.0625;22672.5625;327844000.0
2026-03-10 14:00:00;22668.537109375;22694.833984375;22608.234375;22642.7890625;315336000.0
2026-03-10 14:15:00;22642.748046875;22724.693359375;22618.41796875;22707.46484375;296277000.0
2026-03-10 14:30:00;22713.595703125;22806.931640625;22713.595703125;22795.703125;283516000.0
2026-03-10 14:45:00;22798.349609375;22838.939453125;22784.28125;22836.240234375;258973000.0
2026-03-10 15:00:00;22839.62890625;22866.171875;22817.359375;22822.603515625;246462000.0
2026-03-10 15:15:00;22821.90234375;22865.384765625;22821.810546875;22836.8515625;227024000.0
2026-03-10 15:30:00;22837.49609375;22861.75390625;22810.501953125;22842.66796875;203500000.0
2026-03-10 15:45:00;22840.896484375;22850.796875;22822.33203125;22845.41015625;178594000.0
2026-03-10 16:00:00;22841.69921875;22841.69921875;22780.55078125;22808.544921875;178453000.0
2026-03-10 16:15:00;22806.76171875;22848.935546875;22802.6015625;22829.2890625;161518000.0
2026-03-10 16:30:00;22833.30859375;22857.40234375;22833.30859375;22857.001953125;167045000.0
2026-03-10 16:45:00;22857.787109375;22857.787109375;22816.90234375;22844.927734375;148782000.0
2026-03-10 17:00:00;22844.259765625;22869.515625;22840.875;22851.591796875;146954000.0
2026-03-10 17:15:00;22851.98046875;22906.53125;22851.98046875;22902.64453125;161256000.0
2026-03-10 17:30:00;22901.810546875;22902.0546875;22808.021484375;22830.736328125;192829000.0
2026-03-10 17:45:00;22830.857421875;22872.32421875;22827.08984375;22861.048828125;143926000.0
2026-03-10 18:00:00;22860.83984375;22865.60546875;22741.779296875;22741.779296875;165463000.0
2026-03-10 18:15:00;22740.56640625;22790.728515625;22694.6953125;22765.5;207219000.0
2026-03-10 18:30:00;22772.326171875;22799.134765625;22735.109375;22743.11328125;154857000.0
2026-03-10 18:45:00;22740.404296875;22776.39453125;22729.02734375;22729.443359375;149641000.0
2026-03-10 19:00:00;22732.177734375;22747.5234375;22713.251953125;22746.541015625;172605000.0
2026-03-10 19:15:00;22746.51171875;22765.1171875;22698.1328125;22698.1328125;181507000.0
2026-03-10 19:30:00;22697.443359375;22729.0078125;22671.845703125;22697.626953125;232185000.0
2026-03-10 19:45:00;22699.41796875;22707.052734375;22652.8203125;22698.185546875;400826000.0
2026-03-11 13:30:00;22765.263671875;22810.765625;22760.189453125;22770.525390625;274020128.0
2026-03-11 13:45:00;22768.380859375;22800.541015625;22729.298828125;22800.28125;353957000.0
2026-03-11 14:00:00;22799.759765625;22877.255859375;22780.79296875;22811.498046875;337469000.0
2026-03-11 14:15:00;22815.595703125;22817.52734375;22713.353515625;22753.0;300172000.0
2026-03-11 14:30:00;22751.3828125;22775.505859375;22698.3984375;22768.44140625;260157000.0
2026-03-11 14:45:00;22758.681640625;22792.181640625;22751.224609375;22780.4765625;231741000.0
2026-03-11 15:00:00;22787.474609375;22803.205078125;22685.2734375;22716.08984375;265331000.0
2026-03-11 15:15:00;22711.73828125;22730.19921875;22674.255859375;22675.55859375;215949000.0
2026-03-11 15:30:00;22662.41015625;22679.15234375;22639.10546875;22649.740234375;209675000.0
2026-03-11 15:45:00;22648.486328125;22677.99609375;22625.40234375;22659.849609375;203099000.0
2026-03-11 16:00:00;22659.890625;22659.890625;22628.486328125;22654.9296875;176808000.0
2026-03-11 16:15:00;22657.390625;22669.416015625;22632.78515625;22669.416015625;161750000.0
2026-03-11 16:30:00;22672.72265625;22716.685546875;22672.697265625;22696.767578125;161201000.0
2026-03-11 16:45:00;22689.462890625;22721.1796875;22685.255859375;22718.162109375;143648000.0
2026-03-11 17:00:00;22719.849609375;22731.865234375;22699.951171875;22704.6328125;146908000.0
2026-03-11 17:15:00;22705.330078125;22726.734375;22688.974609375;22718.23828125;128115000.0
2026-03-11 17:30:00;22720.9296875;22724.333984375;22602.328125;22652.84765625;154148000.0
2026-03-11 17:45:00;22650.263671875;22690.3125;22641.541015625;22665.943359375;142716000.0
2026-03-11 18:00:00;22663.251953125;22668.248046875;22611.63671875;22632.49609375;139925000.0
2026-03-11 18:15:00;22628.447265625;22667.333984375;22625.390625;22662.865234375;126741000.0
2026-03-11 18:30:00;22662.689453125;22678.470703125;22654.41015625;22660.876953125;127625000.0
2026-03-11 18:45:00;22660.8671875;22688.142578125;22652.478515625;22674.935546875;133102000.0
2026-03-11 19:00:00;22676.1171875;22681.431640625;22643.81640625;22648.736328125;141830000.0
2026-03-11 19:15:00;22645.744140625;22668.43359375;22644.255859375;22662.099609375;170483000.0
2026-03-11 19:30:00;22666.564453125;22703.974609375;22658.767578125;22695.671875;213989000.0
2026-03-11 19:45:00;22700.58203125;22726.900390625;22680.5703125;22712.998046875;381959000.0
2026-03-12 13:30:00;22513.455078125;22550.74609375;22488.533203125;22502.07421875;220908954.0
2026-03-12 13:45:00;22499.322265625;22499.322265625;22376.150390625;22396.955078125;301933441.0
2026-03-12 14:00:00;22404.029296875;22469.3359375;22404.029296875;22469.3359375;273097000.0
2026-03-12 14:15:00;22469.55078125;22475.083984375;22364.068359375;22364.068359375;243773000.0
2026-03-12 14:30:00;22360.9765625;22375.154296875;22318.125;22372.896484375;260104000.0
2026-03-12 14:45:00;22369.912109375;22429.017578125;22336.052734375;22353.998046875;245751000.0
2026-03-12 15:00:00;22351.1796875;22356.10546875;22290.6015625;22310.75;213776000.0
2026-03-12 15:15:00;22315.552734375;22364.076171875;22300.587890625;22350.33203125;195431000.0
2026-03-12 15:30:00;22342.880859375;22433.240234375;22318.107421875;22424.62109375;214914000.0
2026-03-12 15:45:00;22421.19921875;22424.8671875;22369.5625;22405.390625;179388000.0
2026-03-12 16:00:00;22406.7734375;22439.126953125;22348.416015625;22396.783203125;222035000.0
2026-03-12 16:15:00;22404.845703125;22466.21875;22390.46484375;22391.3984375;183595000.0
2026-03-12 16:30:00;22389.890625;22448.068359375;22385.646484375;22433.986328125;171678000.0
2026-03-12 16:45:00;22430.140625;22434.5;22376.18359375;22405.517578125;162172000.0
2026-03-12 17:00:00;22406.01171875;22460.130859375;22405.482421875;22406.763671875;151656000.0
2026-03-12 17:15:00;22405.8203125;22426.083984375;22383.28515625;22396.6640625;142735000.0
2026-03-12 17:30:00;22398.802734375;22432.44140625;22393.0390625;22393.330078125;142206000.0
2026-03-12 17:45:00;22392.046875;22397.09765625;22343.03125;22372.24609375;215577000.0
2026-03-12 18:00:00;22373.55859375;22409.703125;22373.55859375;22397.4140625;155621000.0
2026-03-12 18:15:00;22403.84765625;22410.08203125;22367.595703125;22382.728515625;146877000.0
2026-03-12 18:30:00;22384.3984375;22390.787109375;22355.869140625;22360.6328125;136451000.0
2026-03-12 18:45:00;22361.125;22376.654296875;22348.205078125;22352.552734375;148985000.0
2026-03-12 19:00:00;22352.134765625;22374.13671875;22329.1796875;22347.4140625;168817000.0
2026-03-12 19:15:00;22349.666015625;22382.109375;22343.01953125;22368.828125;165526000.0
2026-03-12 19:30:00;22370.8984375;22392.22265625;22330.98828125;22339.064453125;219196000.0
2026-03-12 19:45:00;22337.58984375;22339.123046875;22304.494140625;22319.287109375;398729000.0
2026-03-13 13:30:00;22411.078125;22490.517578125;22360.478515625;22482.68359375;277267803.0
2026-03-13 13:45:00;22490.04296875;22521.376953125;22447.3671875;22447.3671875;329232173.0
2026-03-13 14:00:00;22450.0390625;22469.92578125;22389.595703125;22404.615234375;298779000.0
2026-03-13 14:15:00;22400.634765625;22419.53125;22367.185546875;22404.470703125;255119000.0
2026-03-13 14:30:00;22407.64453125;22450.16796875;22333.8203125;22333.8203125;252312000.0
2026-03-13 14:45:00;22326.37109375;22328.404296875;22232.517578125;22236.998046875;224650000.0
2026-03-13 15:00:00;22235.267578125;22296.3203125;22207.873046875;22293.24609375;227588000.0
2026-03-13 15:15:00;22292.8125;22292.8125;22202.802734375;22202.802734375;182388000.0
2026-03-13 15:30:00;22206.275390625;22222.85546875;22135.955078125;22147.373046875;185082000.0
2026-03-13 15:45:00;22146.48046875;22191.84765625;22127.525390625;22139.32421875;191190000.0
2026-03-13 16:00:00;22138.294921875;22188.740234375;22135.880859375;22157.98046875;170475000.0
2026-03-13 16:15:00;22158.64453125;22174.994140625;22136.470703125;22161.953125;164418000.0
2026-03-13 16:30:00;22162.96484375;22199.697265625;22148.42578125;22148.42578125;157158000.0
2026-03-13 16:45:00;22150.1171875;22184.3515625;22110.99609375;22115.443359375;156344000.0
2026-03-13 17:00:00;22120.888671875;22161.677734375;22111.5625;22161.677734375;143832000.0
2026-03-13 17:15:00;22167.552734375;22180.900390625;22140.140625;22162.900390625;144938000.0
2026-03-13 17:30:00;22164.849609375;22167.14453125;22125.453125;22138.546875;125585000.0
2026-03-13 17:45:00;22139.03125;22142.33203125;22075.427734375;22091.853515625;136949000.0
2026-03-13 18:00:00;22093.990234375;22116.517578125;22087.740234375;22110.40234375;137623000.0
2026-03-13 18:15:00;22111.291015625;22125.021484375;22086.828125;22123.18359375;142063000.0
2026-03-13 18:30:00;22122.228515625;22166.630859375;22116.333984375;22166.048828125;120493000.0
2026-03-13 18:45:00;22165.421875;22173.5234375;22151.736328125;22156.46484375;132157000.0
2026-03-13 19:00:00;22153.939453125;22155.572265625;22120.48828125;22130.3515625;145050000.0
2026-03-13 19:15:00;22131.171875;22141.21484375;22086.568359375;22091.955078125;169259000.0
2026-03-13 19:30:00;22095.931640625;22112.375;22069.537109375;22081.29296875;217921000.0
2026-03-13 19:45:00;22082.05078125;22111.380859375;22074.71484375;22102.90234375;386433000.0
2026-03-16 13:30:00;22334.013671875;22394.076171875;22320.630859375;22357.375;270523395.0
2026-03-16 13:45:00;22360.06640625;22419.466796875;22360.06640625;22412.14453125;347944919.0
2026-03-16 14:00:00;22412.837890625;22444.72265625;22392.04296875;22429.986328125;303049000.0
2026-03-16 14:15:00;22428.66015625;22449.2421875;22419.017578125;22419.1953125;250052000.0
2026-03-16 14:30:00;22414.34765625;22414.34765625;22342.275390625;22345.48046875;249966000.0
2026-03-16 14:45:00;22353.88671875;22392.9296875;22326.95703125;22392.9296875;228918000.0
2026-03-16 15:00:00;22395.634765625;22408.349609375;22356.927734375;22408.349609375;250450000.0
2026-03-16 15:15:00;22407.55859375;22429.53515625;22388.78125;22413.94140625;215456000.0
2026-03-16 15:30:00;22415.298828125;22433.92578125;22415.298828125;22419.861328125;184716000.0
2026-03-16 15:45:00;22421.921875;22428.34765625;22371.748046875;22374.734375;188648000.0
2026-03-16 16:00:00;22372.9921875;22390.568359375;22364.142578125;22374.8203125;177190000.0
2026-03-16 16:15:00;22374.658203125;22381.130859375;22323.806640625;22329.333984375;177942000.0
2026-03-16 16:30:00;22332.0625;22382.43359375;22320.064453125;22375.681640625;178827000.0
2026-03-16 16:45:00;22377.734375;22390.328125;22366.40625;22373.455078125;166638000.0
2026-03-16 17:00:00;22374.50390625;22410.111328125;22374.50390625;22405.037109375;173979000.0
2026-03-16 17:15:00;22404.978515625;22415.2109375;22392.771484375;22396.181640625;137790000.0
2026-03-16 17:30:00;22397.080078125;22407.615234375;22373.6875;22373.6875;130565000.0
2026-03-16 17:45:00;22374.42578125;22391.716796875;22357.62109375;22377.072265625;132705000.0
2026-03-16 18:00:00;22377.16015625;22415.1015625;22373.42578125;22406.234375;136292000.0
2026-03-16 18:15:00;22407.501953125;22428.12109375;22406.984375;22420.77734375;159221000.0
2026-03-16 18:30:00;22421.314453125;22431.4765625;22411.451171875;22431.4765625;142133000.0
2026-03-16 18:45:00;22431.90234375;22434.4921875;22406.541015625;22407.814453125;146145000.0
2026-03-16 19:00:00;22407.873046875;22519.634765625;22393.94921875;22428.96875;211909000.0
2026-03-16 19:15:00;22425.390625;22441.66796875;22359.607421875;22376.76171875;202888000.0
2026-03-16 19:30:00;22376.638671875;22389.28515625;22356.072265625;22362.263671875;212976000.0
2026-03-16 19:45:00;22362.833984375;22381.306640625;22347.025390625;22374.76171875;396566000.0
2026-03-17 13:30:00;22445.625;22532.91015625;22445.625;22522.833984375;316389761.0
2026-03-17 13:45:00;22523.052734375;22569.640625;22523.052734375;22540.392578125;367474000.0
2026-03-17 14:00:00;22542.57421875;22542.57421875;22489.3046875;22494.02734375;324795000.0
2026-03-17 14:15:00;22485.833984375;22524.630859375;22466.35546875;22514.91796875;291806000.0
2026-03-17 14:30:00;22511.853515625;22536.380859375;22496.001953125;22535.474609375;247958000.0
2026-03-17 14:45:00;22532.94140625;22538.970703125;22520.51953125;22524.59375;229560000.0
2026-03-17 15:00:00;22523.708984375;22536.056640625;22468.21875;22476.5078125;228580000.0
2026-03-17 15:15:00;22473.486328125;22497.09765625;22463.47265625;22463.47265625;210420000.0
2026-03-17 15:30:00;22462.125;22475.626953125;22409.421875;22444.787109375;217711000.0
2026-03-17 15:45:00;22443.830078125;22463.26171875;22441.474609375;22451.501953125;174211000.0
2026-03-17 16:00:00;22448.822265625;22452.8046875;22415.919921875;22436.357421875;164102000.0
2026-03-17 16:15:00;22437.234375;22478.529296875;22434.578125;22465.73046875;151578000.0
2026-03-17 16:30:00;22466.740234375;22475.29296875;22447.48828125;22472.115234375;151049000.0
2026-03-17 16:45:00;22471.9765625;22473.92578125;22451.201171875;22453.11328125;146590000.0
2026-03-17 17:00:00;22453.19140625;22485.912109375;22453.19140625;22471.62109375;154982000.0
2026-03-17 17:15:00;22471.5390625;22475.544921875;22461.109375;22471.2734375;142402000.0
2026-03-17 17:30:00;22471.90234375;22495.375;22469.7421875;22473.91015625;136763000.0
2026-03-17 17:45:00;22477.3359375;22505.197265625;22465.462890625;22498.5234375;143304000.0
2026-03-17 18:00:00;22498.783203125;22516.82421875;22491.900390625;22502.015625;183224000.0
2026-03-17 18:15:00;22501.01171875;22504.654296875;22470.328125;22470.345703125;156108000.0
2026-03-17 18:30:00;22469.994140625;22479.712890625;22460.162109375;22461.134765625;163193000.0
2026-03-17 18:45:00;22461.078125;22481.291015625;22459.521484375;22468.3984375;161935000.0
2026-03-17 19:00:00;22468.794921875;22479.087890625;22449.12109375;22471.0234375;175885000.0
2026-03-17 19:15:00;22471.923828125;22488.123046875;22468.748046875;22474.412109375;185136000.0
2026-03-17 19:30:00;22476.314453125;22484.685546875;22467.193359375;22469.25;226053000.0
2026-03-17 19:45:00;22469.78515625;22498.2578125;22468.271484375;22486.857421875;405619000.0
2026-03-18 13:30:00;22420.64453125;22461.65234375;22385.064453125;22423.06640625;312005000.0
2026-03-18 13:45:00;22430.7265625;22457.912109375;22417.623046875;22440.6640625;355052000.0
2026-03-18 14:00:00;22442.68359375;22454.12890625;22377.08203125;22377.08203125;344459000.0
2026-03-18 14:15:00;22373.9921875;22396.083984375;22306.697265625;22317.40234375;284071000.0
2026-03-18 14:30:00;22311.845703125;22347.85546875;22311.845703125;22317.76953125;292618000.0
2026-03-18 14:45:00;22319.05859375;22361.44921875;22310.935546875;22361.44921875;254984000.0
2026-03-18 15:00:00;22360.55859375;22398.845703125;22347.19140625;22377.14453125;254206000.0
2026-03-18 15:15:00;22379.552734375;22383.083984375;22343.88671875;22364.142578125;200909000.0
2026-03-18 15:30:00;22363.546875;22382.513671875;22353.015625;22362.15234375;188824000.0
2026-03-18 15:45:00;22362.6796875;22373.681640625;22347.30859375;22362.806640625;188683000.0
2026-03-18 16:00:00;22360.169921875;22369.38671875;22338.912109375;22366.15625;158068000.0
2026-03-18 16:15:00;22365.44921875;22368.650390625;22347.20703125;22352.025390625;153382000.0
2026-03-18 16:30:00;22346.9296875;22354.234375;22300.169921875;22320.83984375;176419000.0
2026-03-18 16:45:00;22320.158203125;22341.5546875;22314.173828125;22319.30859375;145774000.0
2026-03-18 17:00:00;22318.0390625;22318.3984375;22278.21484375;22283.44140625;147920000.0
2026-03-18 17:15:00;22283.6171875;22306.6875;22280.453125;22304.326171875;116604000.0
2026-03-18 17:30:00;22304.380859375;22335.265625;22289.701171875;22323.900390625;154984000.0
2026-03-18 17:45:00;22322.669921875;22353.533203125;22322.669921875;22347.005859375;145636000.0
2026-03-18 18:00:00;22352.01953125;22377.765625;22335.044921875;22345.001953125;154914000.0
2026-03-18 18:15:00;22344.14453125;22344.265625;22302.501953125;22323.302734375;145755000.0
2026-03-18 18:30:00;22320.134765625;22328.15625;22269.0078125;22288.61328125;187091000.0
2026-03-18 18:45:00;22287.224609375;22288.859375;22216.958984375;22218.359375;181898000.0
2026-03-18 19:00:00;22214.533203125;22266.94921875;22213.8984375;22242.125;175566000.0
2026-03-18 19:15:00;22242.009765625;22242.091796875;22196.853515625;22207.53515625;192853000.0
2026-03-18 19:30:00;22208.142578125;22219.087890625;22164.248046875;22169.580078125;229198000.0
2026-03-18 19:45:00;22168.89453125;22177.580078125;22144.939453125;22150.24609375;401283000.0
2026-03-19 13:30:00;21869.837890625;21965.123046875;21854.46875;21953.521484375;295601000.0
2026-03-19 13:45:00;21949.65234375;22026.10546875;21924.169921875;22003.708984375;333210000.0
2026-03-19 14:00:00;22011.283203125;22048.11328125;21985.96484375;22010.484375;308608000.0
2026-03-19 14:15:00;22009.5;22015.5625;21926.689453125;21937.546875;273428000.0
2026-03-19 14:30:00;21939.134765625;22032.080078125;21939.134765625;21982.6015625;238812000.0
2026-03-19 14:45:00;21978.359375;22023.203125;21966.04296875;22011.24609375;227083000.0
2026-03-19 15:00:00;22007.083984375;22077.103515625;21999.14453125;22062.05078125;239887000.0
2026-03-19 15:15:00;22065.36328125;22072.283203125;21974.583984375;21992.39453125;208164000.0
2026-03-19 15:30:00;21986.453125;21986.453125;21939.337890625;21949.6953125;182096000.0
2026-03-19 15:45:00;21949.423828125;21997.59765625;21938.833984375;21994.3203125;169474000.0
2026-03-19 16:00:00;21997.966796875;22040.048828125;21984.994140625;21998.478515625;155733000.0
2026-03-19 16:15:00;21999.017578125;22005.70703125;21971.6953125;22003.693359375;134798000.0
2026-03-19 16:30:00;22003.078125;22020.7265625;21972.912109375;22005.123046875;131938000.0
2026-03-19 16:45:00;22008.64453125;22008.64453125;21958.97265625;21981.23046875;130786000.0
2026-03-19 17:00:00;21982.08203125;21985.54296875;21919.41015625;21924.052734375;148959000.0
2026-03-19 17:15:00;21925.71875;21983.982421875;21918.349609375;21975.41796875;122200000.0
2026-03-19 17:30:00;21975.263671875;21990.205078125;21941.056640625;21953.2265625;121416000.0
2026-03-19 17:45:00;21953.787109375;21995.671875;21944.236328125;21975.23046875;112895000.0
2026-03-19 18:00:00;21973.23046875;22029.814453125;21953.31640625;22020.220703125;133836000.0
2026-03-19 18:15:00;22021.443359375;22025.83203125;21992.837890625;21992.837890625;126860000.0
2026-03-19 18:30:00;21991.740234375;21991.802734375;21953.349609375;21959.521484375;116789000.0
2026-03-19 18:45:00;21958.638671875;22036.498046875;21950.169921875;22025.56640625;139201000.0
2026-03-19 19:00:00;22027.16015625;22186.9921875;22027.056640625;22160.9296875;284097000.0
2026-03-19 19:15:00;22163.146484375;22173.447265625;22083.548828125;22098.521484375;194011000.0
2026-03-19 19:30:00;22097.935546875;22108.95703125;22055.4140625;22094.029296875;204839000.0
2026-03-19 19:45:00;22089.970703125;22107.55859375;22075.001953125;22090.224609375;378516000.0
2026-03-20 13:30:00;21986.76953125;21986.76953125;21911.705078125;21963.71875;219150027.0
2026-03-20 13:45:00;21971.232421875;21980.103515625;21821.12109375;21830.33984375;313795000.0
2026-03-20 14:00:00;21826.033203125;21858.18359375;21786.361328125;21787.123046875;324187000.0
2026-03-20 14:15:00;21794.265625;21832.390625;21793.029296875;21816.216796875;249013000.0
2026-03-20 14:30:00;21818.302734375;21858.115234375;21808.658203125;21825.146484375;229057000.0
2026-03-20 14:45:00;21824.5234375;21839.970703125;21782.970703125;21815.71484375;220165000.0
2026-03-20 15:00:00;21823.78515625;21850.73828125;21783.505859375;21840.560546875;196914000.0
2026-03-20 15:15:00;21837.97265625;21857.212890625;21789.1796875;21799.25;192552000.0
2026-03-20 15:30:00;21800.111328125;21830.59375;21795.15234375;21824.91796875;151178000.0
2026-03-20 15:45:00;21826.220703125;21851.06640625;21811.525390625;21845.73046875;149688000.0
2026-03-20 16:00:00;21846.1015625;21881.494140625;21843.2265625;21871.923828125;146118000.0
2026-03-20 16:15:00;21872.537109375;21883.337890625;21844.212890625;21844.212890625;133502000.0
2026-03-20 16:30:00;21843.8125;21843.8203125;21802.419921875;21809.681640625;131209000.0
2026-03-20 16:45:00;21808.662109375;21833.978515625;21782.900390625;21811.875;138437000.0
2026-03-20 17:00:00;21814.30859375;21827.416015625;21780.24609375;21794.83203125;130725000.0
2026-03-20 17:15:00;21794.97265625;21799.984375;21772.259765625;21775.060546875;124231000.0
2026-03-20 17:30:00;21777.03515625;21780.01171875;21716.59375;21728.115234375;149878000.0
2026-03-20 17:45:00;21730.806640625;21759.5234375;21718.64453125;21756.099609375;127373000.0
2026-03-20 18:00:00;21759.33984375;21764.357421875;21726.96484375;21731.677734375;121789000.0
2026-03-20 18:15:00;21732.126953125;21735.97265625;21671.18359375;21690.693359375;154115000.0
2026-03-20 18:30:00;21692.4921875;21697.15625;21638.21484375;21640.236328125;157754000.0
2026-03-20 18:45:00;21639.91796875;21650.369140625;21622.26953125;21637.7734375;160967000.0
2026-03-20 19:00:00;21642.271484375;21659.21484375;21614.373046875;21628.982421875;177419000.0
2026-03-20 19:15:00;21627.740234375;21638.298828125;21599.24609375;21606.1328125;195794000.0
2026-03-20 19:30:00;21609.6328125;21615.90625;21523.34375;21596.3515625;252887000.0
2026-03-20 19:45:00;21595.876953125;21650.212890625;21572.986328125;21650.212890625;496154000.0
2026-03-23 13:30:00;21978.419921875;22069.130859375;21953.044921875;22023.8359375;277089805.0
2026-03-23 13:45:00;22015.853515625;22105.404296875;22015.8515625;22100.78515625;380050000.0
2026-03-23 14:00:00;22107.66015625;22116.4375;22053.892578125;22103.400390625;340735000.0
2026-03-23 14:15:00;22108.09375;22180.177734375;22108.09375;22138.234375;317539000.0
2026-03-23 14:30:00;22134.060546875;22144.982421875;22098.509765625;22102.447265625;254257000.0
2026-03-23 14:45:00;22101.072265625;22142.185546875;22086.2578125;22122.544921875;226677000.0
2026-03-23 15:00:00;22120.65234375;22188.1328125;22112.251953125;22172.12109375;252236000.0
2026-03-23 15:15:00;22172.62890625;22174.677734375;22121.41015625;22129.396484375;218988000.0
2026-03-23 15:30:00;22139.060546875;22142.529296875;22045.060546875;22062.984375;214377000.0
2026-03-23 15:45:00;22056.38671875;22057.5234375;21922.37890625;21926.5;236599000.0
2026-03-23 16:00:00;21944.974609375;21995.5703125;21927.2734375;21983.474609375;178049000.0
2026-03-23 16:15:00;21983.95703125;21988.130859375;21865.9140625;21868.06640625;164438000.0
2026-03-23 16:30:00;21868.01171875;21941.787109375;21868.01171875;21936.580078125;154330000.0
2026-03-23 16:45:00;21935.3515625;21961.1484375;21904.638671875;21917.88671875;132628000.0
2026-03-23 17:00:00;21926.314453125;21932.607421875;21896.580078125;21905.546875;126608000.0
2026-03-23 17:15:00;21905.927734375;21912.8515625;21867.01953125;21904.85546875;121375000.0
2026-03-23 17:30:00;21904.896484375;22000.193359375;21902.552734375;21954.513671875;174769000.0
2026-03-23 17:45:00;21956.646484375;22000.794921875;21938.3828125;22000.01953125;129006000.0
2026-03-23 18:00:00;21998.59375;22012.029296875;21961.556640625;21989.259765625;132738000.0
2026-03-23 18:15:00;21988.5234375;21991.92578125;21969.814453125;21977.60546875;112889000.0
2026-03-23 18:30:00;21977.796875;22056.61328125;21977.796875;22032.17578125;164951000.0
2026-03-23 18:45:00;22033.16015625;22052.263671875;22029.013671875;22046.79296875;130432000.0
2026-03-23 19:00:00;22047.47265625;22047.47265625;22023.171875;22023.65234375;155065000.0
2026-03-23 19:15:00;22022.7578125;22028.244140625;21998.0859375;22007.005859375;157796000.0
2026-03-23 19:30:00;22005.27734375;22028.5;22004.294921875;22028.5;184793000.0
2026-03-23 19:45:00;22029.912109375;22043.46484375;21941.359375;21956.78515625;369789000.0
2026-03-24 13:30:00;21785.759765625;21858.107421875;21727.060546875;21747.734375;251908184.0
2026-03-24 13:45:00;21743.509765625;21791.908203125;21714.296875;21767.9140625;319713363.0
2026-03-24 14:00:00;21766.607421875;21821.408203125;21735.3125;21766.564453125;319386000.0
2026-03-24 14:15:00;21767.720703125;21789.58203125;21741.25;21760.0625;258337000.0
2026-03-24 14:30:00;21757.08984375;21796.3671875;21746.376953125;21794.65234375;286881000.0
2026-03-24 14:45:00;21795.833984375;21876.380859375;21760.0625;21797.458984375;300245000.0
2026-03-24 15:00:00;21828.58203125;21856.6953125;21826.810546875;21851.806640625;276543000.0
2026-03-24 15:15:00;21854.490234375;21915.787109375;21853.580078125;21878.607421875;246090000.0
2026-03-24 15:30:00;21883.02734375;21895.220703125;21849.298828125;21882.2265625;197237000.0
2026-03-24 15:45:00;21882.59765625;21909.29296875;21836.0625;21846.193359375;188891000.0
2026-03-24 16:00:00;21840.515625;21845.51953125;21805.619140625;21822.892578125;162801000.0
2026-03-24 16:15:00;21822.453125;21875.828125;21822.453125;21865.2265625;155984000.0
2026-03-24 16:30:00;21866.44140625;21870.951171875;21794.1484375;21821.330078125;151413000.0
2026-03-24 16:45:00;21825.041015625;21849.859375;21810.42578125;21826.25;140468000.0
2026-03-24 17:00:00;21827.7734375;21836.23828125;21729.71484375;21744.232421875;198865000.0
2026-03-24 17:15:00;21743.359375;21753.349609375;21725.939453125;21752.59375;151290000.0
2026-03-24 17:30:00;21752.640625;21773.919921875;21724.9140625;21726.935546875;146411000.0
2026-03-24 17:45:00;21728.041015625;21790.44921875;21724.638671875;21788.44140625;156978000.0
2026-03-24 18:00:00;21792.068359375;21813.78515625;21780.548828125;21788.482421875;142548000.0
2026-03-24 18:15:00;21788.697265625;21816.958984375;21766.119140625;21805.091796875;161257000.0
2026-03-24 18:30:00;21806.0078125;21882.142578125;21800.498046875;21841.05078125;176627000.0
2026-03-24 18:45:00;21840.15234375;21844.716796875;21806.51953125;21819.5546875;155143000.0
2026-03-24 19:00:00;21818.1640625;21855.453125;21818.1640625;21855.453125;173030000.0
2026-03-24 19:15:00;21855.677734375;21857.982421875;21810.765625;21810.765625;197510000.0
2026-03-24 19:30:00;21809.47265625;21819.89453125;21775.8046875;21785.671875;206329000.0
2026-03-24 19:45:00;21782.59375;21783.107421875;21746.693359375;21766.529296875;393748000.0
2026-03-25 13:30:00;22013.34765625;22093.1796875;22010.7734375;22024.466796875;314425560.0
2026-03-25 13:45:00;22029.365234375;22032.658203125;21945.841796875;21947.537109375;373035000.0
2026-03-25 14:00:00;21945.857421875;22014.224609375;21914.900390625;22014.224609375;329783000.0
2026-03-25 14:15:00;22013.40234375;22048.33203125;22005.453125;22024.806640625;295676000.0
2026-03-25 14:30:00;22031.09765625;22059.8671875;22015.568359375;22048.052734375;253686000.0
2026-03-25 14:45:00;22047.966796875;22066.451171875;22035.712890625;22039.60546875;242115000.0
2026-03-25 15:00:00;22039.9765625;22043.72265625;21948.642578125;21950.81640625;239009000.0
2026-03-25 15:15:00;21945.458984375;21983.64453125;21867.45703125;21983.64453125;251131000.0
2026-03-25 15:30:00;21987.185546875;21996.77734375;21918.716796875;21936.884765625;186783000.0
2026-03-25 15:45:00;21935.11328125;21951.9609375;21922.478515625;21946.013671875;169588000.0
2026-03-25 16:00:00;21943.69921875;21947.224609375;21906.220703125;21926.33203125;156895000.0
2026-03-25 16:15:00;21927.958984375;21985.349609375;21916.28125;21966.111328125;161459000.0
2026-03-25 16:30:00;21970.927734375;21998.046875;21956.8828125;21989.826171875;165834000.0
2026-03-25 16:45:00;21989.62109375;21993.673828125;21961.818359375;21977.962890625;140968000.0
2026-03-25 17:00:00;21978.013671875;21994.1796875;21943.876953125;21973.310546875;142044000.0
2026-03-25 17:15:00;21970.328125;21994.9375;21945.595703125;21982.9375;130448000.0
2026-03-25 17:30:00;21982.46484375;22031.09765625;21966.28515625;22013.12109375;122087000.0
2026-03-25 17:45:00;22013.068359375;22013.068359375;21958.58203125;21975.927734375;133647000.0
2026-03-25 18:00:00;21975.43359375;21980.970703125;21953.251953125;21970.009765625;113147000.0
2026-03-25 18:15:00;21970.552734375;21986.005859375;21957.048828125;21957.322265625;138929000.0
2026-03-25 18:30:00;21960.744140625;21963.85546875;21937.572265625;21946.9375;132064000.0
2026-03-25 18:45:00;21944.4375;21949.04296875;21885.107421875;21904.296875;166510000.0
2026-03-25 19:00:00;21905.015625;21905.541015625;21869.1484375;21905.541015625;153828000.0
2026-03-25 19:15:00;21906.169921875;21938.298828125;21905.470703125;21912.265625;175110000.0
2026-03-25 19:30:00;21911.212890625;21913.21484375;21885.943359375;21898.306640625;190621000.0
2026-03-25 19:45:00;21897.259765625;21940.51171875;21892.375;21929.595703125;380906000.0
2026-03-26 13:30:00;21684.240234375;21724.357421875;21658.46875;21724.357421875;270403701.0
2026-03-26 13:45:00;21733.193359375;21801.35546875;21733.193359375;21793.787109375;311037130.0
2026-03-26 14:00:00;21801.337890625;21821.125;21765.798828125;21795.4296875;281028000.0
2026-03-26 14:15:00;21792.638671875;21814.296875;21773.55859375;21773.76171875;221892000.0
2026-03-26 14:30:00;21774.595703125;21817.12109375;21725.392578125;21733.681640625;230862000.0
2026-03-26 14:45:00;21730.6484375;21736.96484375;21655.38671875;21708.26171875;242184000.0
2026-03-26 15:00:00;21711.9375;21726.53515625;21696.220703125;21705.32421875;200006000.0
2026-03-26 15:15:00;21705.634765625;21707.115234375;21678.9296875;21689.255859375;178172000.0
2026-03-26 15:30:00;21688.357421875;21695.7890625;21660.779296875;21686.65625;168853000.0
2026-03-26 15:45:00;21688.888671875;21723.49609375;21683.990234375;21696.125;170020000.0
2026-03-26 16:00:00;21693.09375;21702.08984375;21662.896484375;21683.13671875;145922000.0
2026-03-26 16:15:00;21678.65234375;21678.693359375;21609.44921875;21613.240234375;163494000.0
2026-03-26 16:30:00;21615.509765625;21621.193359375;21593.431640625;21607.6484375;145881000.0
2026-03-26 16:45:00;21608.03125;21611.244140625;21584.072265625;21606.7265625;146942000.0
2026-03-26 17:00:00;21607.865234375;21620.408203125;21579.970703125;21581.63671875;133099000.0
2026-03-26 17:15:00;21579.537109375;21591.103515625;21547.697265625;21563.201171875;132601000.0
2026-03-26 17:30:00;21564.0078125;21578.580078125;21531.59765625;21531.978515625;131130000.0
2026-03-26 17:45:00;21531.78125;21534.73828125;21467.91015625;21473.244140625;147214000.0
2026-03-26 18:00:00;21472.5;21508.623046875;21472.5;21480.056640625;140463000.0
2026-03-26 18:15:00;21480.0390625;21491.353515625;21457.701171875;21461.873046875;141517000.0
2026-03-26 18:30:00;21462.09765625;21495.958984375;21462.09765625;21478.091796875;141304000.0
2026-03-26 18:45:00;21477.3046875;21508.83203125;21471.75390625;21497.90234375;134864000.0
2026-03-26 19:00:00;21499.37890625;21499.80078125;21443.515625;21455.02734375;159117000.0
2026-03-26 19:15:00;21456.3515625;21471.40625;21445.205078125;21460.755859375;172495000.0
2026-03-26 19:30:00;21461.61328125;21463.009765625;21426.69921875;21427.681640625;218940000.0
2026-03-26 19:45:00;21427.6796875;21436.29296875;21396.845703125;21416.265625;392311000.0
2026-03-27 13:30:00;21291.103515625;21291.671875;21179.419921875;21227.984375;313562150.0
2026-03-27 13:45:00;21232.42578125;21270.42578125;21111.037109375;21128.478515625;426964000.0
2026-03-27 14:00:00;21112.466796875;21168.53125;21112.466796875;21153.71484375;356286000.0
2026-03-27 14:15:00;21150.166015625;21182.845703125;21114.78515625;21116.470703125;286407000.0
2026-03-27 14:30:00;21116.48046875;21139.373046875;21096.95703125;21103.412109375;261314000.0
2026-03-27 14:45:00;21109.470703125;21164.892578125;21090.2109375;21151.63671875;256882000.0
2026-03-27 15:00:00;21161.619140625;21180.861328125;21132.69140625;21132.90234375;200792000.0
2026-03-27 15:15:00;21131.279296875;21183.2734375;21095.53515625;21175.912109375;221221000.0
2026-03-27 15:30:00;21179.025390625;21225.212890625;21154.447265625;21173.05859375;216832000.0
2026-03-27 15:45:00;21170.4453125;21197.58203125;21167.234375;21175.755859375;170564000.0
2026-03-27 16:00:00;21175.001953125;21178.58984375;21124.306640625;21138.87109375;159107000.0
2026-03-27 16:15:00;21138.55859375;21138.55859375;21100.939453125;21101.927734375;163042000.0
2026-03-27 16:30:00;21107.619140625;21112.603515625;21073.2578125;21101.67578125;156869000.0
2026-03-27 16:45:00;21101.099609375;21133.943359375;21098.453125;21102.927734375;134289000.0
2026-03-27 17:00:00;21106.046875;21138.337890625;21078.408203125;21092.8359375;158748000.0
2026-03-27 17:15:00;21092.3125;21092.65234375;21010.9609375;21010.9609375;162977000.0
2026-03-27 17:30:00;21014.587890625;21031.859375;20992.517578125;20996.177734375;216632000.0
2026-03-27 17:45:00;20995.38671875;21005.1484375;20977.91796875;20987.4375;156397000.0
2026-03-27 18:00:00;20988.806640625;20990.5703125;20958.55859375;20975.17578125;151482000.0
2026-03-27 18:15:00;20975.06640625;21004.455078125;20972.080078125;20994.263671875;148811000.0
2026-03-27 18:30:00;20996.111328125;21019.810546875;20984.693359375;20998.482421875;160162000.0
2026-03-27 18:45:00;20997.64453125;20998.09375;20965.021484375;20971.490234375;146176000.0
2026-03-27 19:00:00;20972.939453125;20980.791015625;20943.638671875;20966.1953125;163495000.0
2026-03-27 19:15:00;20964.8046875;20988.3359375;20959.537109375;20964.357421875;165930000.0
2026-03-27 19:30:00;20967.26953125;20977.685546875;20936.791015625;20945.630859375;215920000.0
2026-03-27 19:45:00;20946.32421875;20975.640625;20909.93359375;20947.1953125;407601000.0
2026-03-30 13:30:00;21093.783203125;21139.509765625;20990.67578125;21012.01171875;279956000.0
2026-03-30 13:45:00;21004.560546875;21012.10546875;20917.80859375;20925.865234375;417157000.0
2026-03-30 14:00:00;20937.1171875;20994.466796875;20920.890625;20983.94140625;304329000.0
2026-03-30 14:15:00;20984.359375;20990.720703125;20943.0703125;20951.3125;235503000.0
2026-03-30 14:30:00;20950.666015625;20974.005859375;20893.453125;20901.548828125;266923000.0
2026-03-30 14:45:00;20901.958984375;20998.9609375;20901.83203125;20998.9609375;239469000.0
2026-03-30 15:00:00;20999.017578125;21041.40625;20945.48828125;20947.17578125;236019000.0
2026-03-30 15:15:00;20946.58984375;20978.0546875;20915.42578125;20957.529296875;214908000.0
2026-03-30 15:30:00;20960.357421875;21027.767578125;20948.541015625;21026.30859375;177912000.0
2026-03-30 15:45:00;21025.5859375;21049.5625;20999.998046875;21002.119140625;161915000.0
2026-03-30 16:00:00;21003.8984375;21003.8984375;20949.888671875;20968.927734375;160400000.0
2026-03-30 16:15:00;20968.9921875;20968.9921875;20910.087890625;20911.1640625;145167000.0
2026-03-30 16:30:00;20908.2265625;20941.095703125;20904.384765625;20929.845703125;153221000.0
2026-03-30 16:45:00;20930.228515625;20939.560546875;20909.208984375;20922.0;162637000.0
2026-03-30 17:00:00;20920.609375;20932.5390625;20880.791015625;20881.296875;158533000.0
2026-03-30 17:15:00;20881.23828125;20885.837890625;20827.974609375;20833.404296875;194747000.0
2026-03-30 17:30:00;20834.81640625;20863.283203125;20810.31640625;20862.423828125;186132000.0
2026-03-30 17:45:00;20861.048828125;20873.732421875;20828.685546875;20842.8125;155341000.0
2026-03-30 18:00:00;20842.783203125;20843.0703125;20813.85546875;20830.189453125;144443000.0
2026-03-30 18:15:00;20829.091796875;20844.439453125;20797.0625;20797.076171875;143612000.0
2026-03-30 18:30:00;20797.30078125;20833.185546875;20797.126953125;20803.10546875;141310000.0
2026-03-30 18:45:00;20805.798828125;20811.796875;20766.513671875;20772.390625;158944000.0
2026-03-30 19:00:00;20772.94921875;20777.890625;20698.994140625;20705.228515625;185507000.0
2026-03-30 19:15:00;20705.3828125;20720.732421875;20690.482421875;20700.162109375;179850000.0
2026-03-30 19:30:00;20700.5703125;20745.7265625;20694.2109375;20738.263671875;241167000.0
2026-03-30 19:45:00;20737.939453125;20816.46484375;20737.939453125;20792.837890625;408584000.0
2026-03-31 13:30:00;21069.205078125;21140.552734375;21068.6484375;21098.248046875;303232000.0
2026-03-31 13:45:00;21117.59765625;21237.8359375;21115.103515625;21232.990234375;408918000.0
2026-03-31 14:00:00;21239.666015625;21244.8828125;21180.287109375;21207.060546875;344391000.0
2026-03-31 14:15:00;21205.921875;21250.6484375;21199.640625;21245.228515625;297361000.0
2026-03-31 14:30:00;21244.646484375;21256.453125;21165.078125;21171.609375;297458000.0
2026-03-31 14:45:00;21173.55078125;21181.03125;21079.24609375;21103.16015625;282093000.0
2026-03-31 15:00:00;21104.265625;21221.3359375;21104.265625;21218.60546875;242494000.0
2026-03-31 15:15:00;21223.490234375;21226.83203125;21176.88671875;21183.90625;218482000.0
2026-03-31 15:30:00;21179.71875;21198.400390625;21153.275390625;21170.833984375;188081000.0
2026-03-31 15:45:00;21167.513671875;21191.689453125;21138.947265625;21138.947265625;207628000.0
2026-03-31 16:00:00;21138.423828125;21215.7578125;21133.802734375;21205.169921875;154397000.0
2026-03-31 16:15:00;21204.552734375;21252.556640625;21204.224609375;21243.32421875;149514000.0
2026-03-31 16:30:00;21242.806640625;21515.302734375;21226.640625;21461.818359375;293295000.0
2026-03-31 16:45:00;21459.916015625;21490.470703125;21392.478515625;21451.7265625;265459000.0
2026-03-31 17:00:00;21452.05078125;21531.5703125;21452.05078125;21509.494140625;210811000.0
2026-03-31 17:15:00;21507.923828125;21553.279296875;21485.31640625;21491.078125;207909000.0
2026-03-31 17:30:00;21494.548828125;21547.591796875;21454.59765625;21467.935546875;186327000.0
2026-03-31 17:45:00;21466.794921875;21494.748046875;21438.619140625;21446.232421875;148647000.0
2026-03-31 18:00:00;21446.560546875;21502.947265625;21446.560546875;21495.634765625;157450000.0
2026-03-31 18:15:00;21495.162109375;21522.201171875;21481.0;21509.7109375;149027000.0
2026-03-31 18:30:00;21507.408203125;21542.330078125;21493.79296875;21519.505859375;147572000.0
2026-03-31 18:45:00;21520.71875;21550.1875;21520.71875;21543.958984375;154259000.0
2026-03-31 19:00:00;21542.783203125;21566.041015625;21525.671875;21561.4921875;176486000.0
2026-03-31 19:15:00;21561.251953125;21582.51171875;21555.884765625;21561.404296875;194469000.0
2026-03-31 19:30:00;21562.115234375;21593.37890625;21559.23828125;21582.892578125;254090000.0
2026-03-31 19:45:00;21577.625;21637.296875;21557.67578125;21592.46875;458411000.0
2026-04-01 13:30:00;21743.431640625;21856.515625;21726.283203125;21770.93359375;374274000.0
2026-04-01 13:45:00;21777.3359375;21799.904296875;21731.263671875;21783.05078125;400536000.0
2026-04-01 14:00:00;21780.404296875;21825.46875;21778.787109375;21815.23046875;356378000.0
2026-04-01 14:15:00;21816.861328125;21853.111328125;21814.11328125;21840.748046875;305106000.0
2026-04-01 14:30:00;21841.994140625;21858.470703125;21790.0390625;21844.7578125;265190000.0
2026-04-01 14:45:00;21846.83203125;21901.947265625;21824.02734375;21890.2890625;237557000.0
2026-04-01 15:00:00;21894.3046875;21918.294921875;21890.595703125;21906.34375;217715000.0
2026-04-01 15:15:00;21907.412109375;21920.8671875;21890.658203125;21890.658203125;195229000.0
2026-04-01 15:30:00;21887.376953125;21925.392578125;21872.087890625;21923.40234375;179279000.0
2026-04-01 15:45:00;21923.6875;21963.5625;21920.337890625;21952.4765625;172206000.0
2026-04-01 16:00:00;21952.673828125;21967.431640625;21942.046875;21944.00390625;160878000.0
2026-04-01 16:15:00;21942.5390625;21960.353515625;21935.015625;21940.12890625;144071000.0
2026-04-01 16:30:00;21941.21875;21961.900390625;21929.748046875;21960.7734375;129048000.0
2026-04-01 16:45:00;21960.603515625;21965.138671875;21951.82421875;21957.857421875;131417000.0
2026-04-01 17:00:00;21957.3984375;21982.53515625;21955.607421875;21976.609375;138344000.0
2026-04-01 17:15:00;21977.03125;21980.724609375;21965.17578125;21965.482421875;128601000.0
2026-04-01 17:30:00;21965.359375;21971.390625;21943.734375;21946.392578125;128480000.0
2026-04-01 17:45:00;21948.208984375;21950.77734375;21904.892578125;21904.892578125;123346000.0
2026-04-01 18:00:00;21905.7578125;21905.7578125;21860.53515625;21864.142578125;162311000.0
2026-04-01 18:15:00;21862.861328125;21862.861328125;21782.517578125;21794.318359375;162704000.0
2026-04-01 18:30:00;21794.970703125;21830.69921875;21766.310546875;21812.240234375;158354000.0
2026-04-01 18:45:00;21817.0703125;21817.0703125;21787.765625;21797.33203125;124867000.0
2026-04-01 19:00:00;21801.0703125;21837.822265625;21796.021484375;21833.458984375;146886000.0
2026-04-01 19:15:00;21832.662109375;21882.03515625;21827.296875;21874.857421875;159608000.0
2026-04-01 19:30:00;21874.43359375;21886.330078125;21848.63671875;21871.13671875;203455000.0
2026-04-01 19:45:00;21870.650390625;21881.466796875;21826.720703125;21842.59375;380486000.0
2026-04-02 13:30:00;21475.39453125;21492.07421875;21371.8984375;21399.595703125;248787946.0
2026-04-02 13:45:00;21391.349609375;21581.76953125;21391.12109375;21575.197265625;350680000.0
2026-04-02 14:00:00;21579.998046875;21629.021484375;21541.8671875;21606.01171875;321150000.0
2026-04-02 14:15:00;21608.091796875;21660.7890625;21607.451171875;21615.5546875;288878000.0
2026-04-02 14:30:00;21612.23046875;21904.775390625;21609.86328125;21852.353515625;420386000.0
2026-04-02 14:45:00;21851.306640625;21860.443359375;21757.921875;21837.451171875;276257000.0
2026-04-02 15:00:00;21836.98046875;21860.80859375;21778.244140625;21836.12109375;243182000.0
2026-04-02 15:15:00;21836.453125;21850.533203125;21787.609375;21835.12109375;203918000.0
2026-04-02 15:30:00;21840.24609375;21856.337890625;21801.0859375;21842.146484375;185410000.0
2026-04-02 15:45:00;21841.421875;21841.421875;21760.263671875;21795.57421875;174322000.0
2026-04-02 16:00:00;21795.6015625;21815.892578125;21751.37890625;21772.349609375;172818000.0
2026-04-02 16:15:00;21770.1875;21779.521484375;21728.37890625;21750.642578125;171343000.0
2026-04-02 16:30:00;21749.6015625;21823.0234375;21739.130859375;21806.548828125;170262000.0
2026-04-02 16:45:00;21806.61328125;21817.029296875;21788.5078125;21788.5078125;134869000.0
2026-04-02 17:00:00;21786.751953125;21818.830078125;21769.978515625;21813.2265625;131859000.0
2026-04-02 17:15:00;21812.828125;21834.423828125;21812.818359375;21822.71875;137643000.0
2026-04-02 17:30:00;21823.576171875;21826.037109375;21794.162109375;21801.158203125;127705000.0
2026-04-02 17:45:00;21800.794921875;21802.8046875;21741.2109375;21758.43359375;133957000.0
2026-04-02 18:00:00;21759.109375;21804.046875;21759.109375;21790.134765625;133926000.0
2026-04-02 18:15:00;21792.216796875;21800.373046875;21771.30078125;21774.802734375;111188000.0
2026-04-02 18:30:00;21774.986328125;21812.2421875;21773.802734375;21806.935546875;120328000.0
2026-04-02 18:45:00;21807.0078125;21825.115234375;21803.53125;21807.70703125;132138000.0
2026-04-02 19:00:00;21808.65625;21842.421875;21806.236328125;21827.34375;153610000.0
2026-04-02 19:15:00;21829.0;21831.353515625;21805.15234375;21811.984375;150802000.0
2026-04-02 19:30:00;21812.28515625;21831.99609375;21806.1953125;21814.751953125;193111000.0
2026-04-02 19:45:00;21814.48046875;21883.154296875;21811.060546875;21874.193359375;405248000.0
2026-04-02 20:00:00;21879.181640625;21879.181640625;21879.181640625;21879.181640625;0.0
2026-04-06 13:30:00;21937.916015625;21989.7578125;21899.6171875;21961.78125;282781000.0
2026-04-06 13:45:00;21966.310546875;22017.361328125;21966.310546875;22014.896484375;316846000.0
2026-04-06 14:00:00;22001.291015625;22047.765625;21914.58984375;21973.21484375;297976000.0
2026-04-06 14:15:00;21975.98828125;22010.591796875;21970.384765625;21998.009765625;219954000.0
2026-04-06 14:30:00;21998.587890625;22018.42578125;21936.787109375;21957.96484375;217873000.0
2026-04-06 14:45:00;21952.638671875;21967.609375;21916.63671875;21954.33203125;177392000.0
2026-04-06 15:00:00;21953.169921875;21976.025390625;21946.3671875;21957.380859375;170341000.0
2026-04-06 15:15:00;21956.544921875;21969.771484375;21927.7421875;21938.18359375;162329000.0
2026-04-06 15:30:00;21937.39453125;21947.490234375;21916.03125;21946.79296875;184478000.0
2026-04-06 15:45:00;21946.1015625;21979.826171875;21942.45703125;21976.173828125;188714000.0
2026-04-06 16:00:00;21976.748046875;21977.90234375;21942.716796875;21957.408203125;216872000.0
2026-04-06 16:15:00;21957.48046875;21971.67578125;21950.52734375;21967.29296875;168399000.0
2026-04-06 16:30:00;21967.7890625;21991.22265625;21958.10546875;21984.1875;137798000.0
2026-04-06 16:45:00;21984.712890625;21989.30078125;21952.5625;21958.9609375;189965000.0
2026-04-06 17:00:00;21958.451171875;21959.611328125;21864.71875;21880.40625;206345000.0
2026-04-06 17:15:00;21880.751953125;21951.076171875;21877.37109375;21948.923828125;162246000.0
2026-04-06 17:30:00;21948.84765625;21965.4765625;21931.435546875;21940.6796875;142513000.0
2026-04-06 17:45:00;21937.875;21938.408203125;21912.255859375;21913.0859375;106912000.0
2026-04-06 18:00:00;21913.017578125;21961.1171875;21899.220703125;21945.8671875;133662000.0
2026-04-06 18:15:00;21946.013671875;21998.765625;21946.013671875;21983.34765625;120241000.0
2026-04-06 18:30:00;21983.560546875;21993.013671875;21968.71484375;21977.640625;137843000.0
2026-04-06 18:45:00;21977.361328125;21990.59765625;21973.97265625;21989.068359375;151562000.0
2026-04-06 19:00:00;21990.123046875;21991.625;21971.666015625;21982.90234375;184942000.0
2026-04-06 19:15:00;21983.087890625;21984.91796875;21972.572265625;21975.111328125;164876000.0
2026-04-06 19:30:00;21973.5546875;21984.28515625;21965.423828125;21978.69921875;225466000.0
2026-04-06 19:45:00;21978.05859375;22001.40625;21973.3046875;21993.470703125;413956000.0
2026-04-07 13:30:00;21911.169921875;21911.169921875;21847.634765625;21851.892578125;514041000.0
2026-04-07 13:45:00;21850.716796875;21850.716796875;21774.16015625;21775.76953125;520536000.0
2026-04-07 14:00:00;21775.9453125;21778.556640625;21668.1484375;21704.08984375;467057000.0
2026-04-07 14:15:00;21702.83203125;21775.171875;21701.138671875;21759.75;335848000.0
2026-04-07 14:30:00;21757.9921875;21780.28515625;21713.08984375;21725.884765625;338523000.0
2026-04-07 14:45:00;21726.693359375;21758.66796875;21670.07421875;21670.07421875;308964000.0
2026-04-07 15:00:00;21666.974609375;21673.912109375;21614.138671875;21661.212890625;302787000.0
2026-04-07 15:15:00;21666.931640625;21727.931640625;21664.302734375;21725.232421875;236964000.0
2026-04-07 15:30:00;21726.0234375;21747.0;21707.791015625;21714.677734375;216872000.0
2026-04-07 15:45:00;21715.3671875;21771.978515625;21714.623046875;21763.119140625;238301000.0
2026-04-07 16:00:00;21764.53125;21876.5390625;21764.53125;21810.55078125;250011000.0
2026-04-07 16:15:00;21810.861328125;21863.595703125;21804.365234375;21849.099609375;197174000.0
2026-04-07 16:30:00;21846.1796875;21861.3984375;21836.0859375;21859.013671875;209803000.0
2026-04-07 16:45:00;21862.16796875;21889.66796875;21859.578125;21859.84765625;177316000.0
2026-04-07 17:00:00;21859.921875;21888.5625;21851.720703125;21865.541015625;166887000.0
2026-04-07 17:15:00;21864.119140625;21871.232421875;21840.59375;21851.056640625;190886000.0
2026-04-07 17:30:00;21851.38671875;21946.521484375;21849.92578125;21892.794921875;192428000.0
2026-04-07 17:45:00;21893.5625;21912.244140625;21883.64453125;21890.529296875;150503000.0
2026-04-07 18:00:00;21891.546875;21898.580078125;21867.599609375;21875.953125;145831000.0
2026-04-07 18:15:00;21875.603515625;21886.86328125;21856.251953125;21858.470703125;136562000.0
2026-04-07 18:30:00;21859.00390625;21865.1328125;21822.982421875;21832.25390625;157535000.0
2026-04-07 18:45:00;21831.84765625;21831.99609375;21755.041015625;21774.400390625;184868000.0
2026-04-07 19:00:00;21773.78125;21801.267578125;21761.603515625;21801.267578125;206279000.0
2026-04-07 19:15:00;21800.984375;21941.59765625;21798.67578125;21881.173828125;241254000.0
2026-04-07 19:30:00;21877.673828125;21902.046875;21859.345703125;21898.8984375;213162000.0
2026-04-07 19:45:00;21899.10546875;22024.796875;21888.59765625;22024.796875;447369000.0
2026-04-08 13:30:00;22793.849609375;22793.849609375;22663.84375;22674.498046875;466327000.0
2026-04-08 13:45:00;22677.314453125;22727.4921875;22631.5546875;22651.033203125;503890000.0
2026-04-08 14:00:00;22642.2421875;22656.40234375;22607.021484375;22637.525390625;383428000.0
2026-04-08 14:15:00;22638.470703125;22651.859375;22621.6015625;22621.6015625;363479000.0
2026-04-08 14:30:00;22626.42578125;22629.990234375;22589.583984375;22593.509765625;318547000.0
2026-04-08 14:45:00;22593.306640625;22596.744140625;22503.435546875;22555.5390625;305514000.0
2026-04-08 15:00:00;22561.69921875;22600.52734375;22551.83984375;22583.6171875;287392000.0
2026-04-08 15:15:00;22581.521484375;22594.609375;22569.90234375;22576.755859375;275533000.0
2026-04-08 15:30:00;22576.171875;22616.97265625;22572.08203125;22613.521484375;244884000.0
2026-04-08 15:45:00;22616.255859375;22645.341796875;22616.255859375;22639.009765625;241312000.0
2026-04-08 16:00:00;22640.50390625;22670.626953125;22640.50390625;22644.83984375;203570000.0
2026-04-08 16:15:00;22646.337890625;22659.408203125;22628.7421875;22657.212890625;191429000.0
2026-04-08 16:30:00;22659.6484375;22696.6796875;22653.529296875;22693.57421875;174540000.0
2026-04-08 16:45:00;22692.5625;22717.0234375;22692.5625;22701.240234375;160160000.0
2026-04-08 17:00:00;22702.236328125;22715.591796875;22681.734375;22685.38671875;155899000.0
2026-04-08 17:15:00;22685.50390625;22689.5078125;22638.150390625;22645.32421875;150039000.0
2026-04-08 17:30:00;22645.8515625;22662.9296875;22636.3359375;22658.330078125;175503000.0
2026-04-08 17:45:00;22658.30078125;22664.466796875;22653.87890625;22662.83984375;138885000.0
2026-04-08 18:00:00;22662.921875;22693.517578125;22652.87109375;22684.1796875;156666000.0
2026-04-08 18:15:00;22685.359375;22692.919921875;22613.69140625;22621.5;198833000.0
2026-04-08 18:30:00;22623.93359375;22635.953125;22582.748046875;22583.923828125;173305000.0
2026-04-08 18:45:00;22583.39453125;22595.61328125;22529.416015625;22532.197265625;188662000.0
2026-04-08 19:00:00;22527.86328125;22585.751953125;22526.107421875;22584.078125;200909000.0
2026-04-08 19:15:00;22585.068359375;22587.029296875;22539.224609375;22541.40234375;187980000.0
2026-04-08 19:30:00;22540.32421875;22592.568359375;22540.32421875;22588.564453125;233881000.0
2026-04-08 19:45:00;22588.32421875;22637.896484375;22588.32421875;22637.896484375;401338000.0
2026-04-09 13:30:00;22645.865234375;22660.732421875;22582.34765625;22652.513671875;320249000.0
2026-04-09 13:45:00;22657.412109375;22659.38671875;22562.330078125;22584.166015625;400095000.0
2026-04-09 14:00:00;22585.90625;22605.181640625;22564.189453125;22576.484375;355155000.0
2026-04-09 14:15:00;22572.76953125;22573.310546875;22529.23046875;22536.26953125;289707000.0
2026-04-09 14:30:00;22538.96875;22567.248046875;22530.015625;22561.47265625;254118000.0
2026-04-09 14:45:00;22561.41796875;22618.505859375;22561.41796875;22615.556640625;233616000.0
2026-04-09 15:00:00;22615.765625;22650.11328125;22599.13671875;22649.251953125;225575000.0
2026-04-09 15:15:00;22650.3046875;22677.861328125;22638.2421875;22641.1640625;204768000.0
2026-04-09 15:30:00;22637.453125;22715.833984375;22633.830078125;22705.1953125;221944000.0
2026-04-09 15:45:00;22705.00390625;22769.61328125;22693.21484375;22766.517578125;186657000.0
2026-04-09 16:00:00;22768.7265625;22834.77734375;22768.7265625;22794.435546875;207720000.0
2026-04-09 16:15:00;22792.83984375;22816.59765625;22789.623046875;22801.3828125;152876000.0
2026-04-09 16:30:00;22801.599609375;22801.599609375;22762.92578125;22772.541015625;174274000.0
2026-04-09 16:45:00;22771.521484375;22797.20703125;22755.890625;22787.97265625;160345000.0
2026-04-09 17:00:00;22787.7734375;22824.32421875;22783.91015625;22814.982421875;152903000.0
2026-04-09 17:15:00;22813.67578125;22835.46484375;22808.015625;22808.41796875;147489000.0
2026-04-09 17:30:00;22808.830078125;22836.748046875;22782.0;22816.8671875;153871000.0
2026-04-09 17:45:00;22818.646484375;22824.3671875;22804.720703125;22810.501953125;160531000.0
2026-04-09 18:00:00;22810.669921875;22814.46875;22746.923828125;22761.115234375;170517000.0
2026-04-09 18:15:00;22761.849609375;22775.134765625;22737.990234375;22748.2734375;141565000.0
2026-04-09 18:30:00;22748.123046875;22770.90234375;22736.734375;22754.625;136886000.0
2026-04-09 18:45:00;22753.7265625;22769.673828125;22747.3046875;22763.681640625;133929000.0
2026-04-09 19:00:00;22763.490234375;22804.3125;22760.408203125;22796.75;153460000.0
2026-04-09 19:15:00;22798.140625;22802.06640625;22783.123046875;22795.001953125;168475000.0
2026-04-09 19:30:00;22795.375;22822.185546875;22795.375;22820.705078125;223178000.0
2026-04-09 19:45:00;22818.32421875;22835.765625;22814.041015625;22819.296875;401595000.0
2026-04-10 13:30:00;22916.810546875;22965.486328125;22907.005859375;22926.716796875;313817000.0
2026-04-10 13:45:00;22932.07421875;22957.345703125;22911.3046875;22935.09375;404992000.0
2026-04-10 14:00:00;22924.208984375;22945.4609375;22894.92578125;22941.982421875;372220000.0
2026-04-10 14:15:00;22943.80078125;22975.037109375;22939.046875;22967.01171875;309836000.0
2026-04-10 14:30:00;22966.25;22993.505859375;22948.01953125;22952.296875;321602000.0
2026-04-10 14:45:00;22950.25390625;22982.041015625;22944.279296875;22979.3828125;261233000.0
2026-04-10 15:00:00;22981.380859375;22994.474609375;22962.232421875;22994.474609375;238297000.0
2026-04-10 15:15:00;22992.75;23011.76953125;22971.9765625;22973.431640625;229552000.0
2026-04-10 15:30:00;22973.859375;22979.0;22912.390625;22929.21875;245728000.0
2026-04-10 15:45:00;22928.009765625;22933.810546875;22869.794921875;22882.35546875;207358000.0
2026-04-10 16:00:00;22885.72265625;22911.375;22868.818359375;22904.728515625;194023000.0
2026-04-10 16:15:00;22902.935546875;22912.16015625;22887.263671875;22891.232421875;178117000.0
2026-04-10 16:30:00;22891.23828125;22896.32421875;22845.3359375;22850.39453125;173826000.0
2026-04-10 16:45:00;22850.234375;22887.220703125;22850.068359375;22887.2109375;164086000.0
2026-04-10 17:00:00;22887.439453125;22887.439453125;22856.615234375;22871.81640625;140185000.0
2026-04-10 17:15:00;22871.6484375;22876.9296875;22854.470703125;22856.86328125;145480000.0
2026-04-10 17:30:00;22853.193359375;22873.02734375;22848.388671875;22872.251953125;131556000.0
2026-04-10 17:45:00;22872.59375;22891.943359375;22868.63671875;22891.177734375;131801000.0
2026-04-10 18:00:00;22890.951171875;22893.25;22863.189453125;22879.865234375;147926000.0
2026-04-10 18:15:00;22879.6875;22902.107421875;22879.6875;22889.22265625;141343000.0
2026-04-10 18:30:00;22889.673828125;22891.349609375;22869.490234375;22876.40625;142633000.0
2026-04-10 18:45:00;22876.31640625;22886.375;22873.478515625;22885.3828125;151787000.0
2026-04-10 19:00:00;22885.291015625;22921.029296875;22885.291015625;22919.306640625;151595000.0
2026-04-10 19:15:00;22919.388671875;22924.765625;22911.41015625;22916.810546875;162662000.0
2026-04-10 19:30:00;22917.171875;22917.171875;22882.392578125;22897.123046875;220264000.0
2026-04-10 19:45:00;22898.458984375;22904.00390625;22881.466796875;22901.060546875;379853000.0
2026-04-13 13:30:00;22846.91796875;22851.20703125;22813.373046875;22813.373046875;259871753.0
2026-04-13 13:45:00;22814.888671875;22939.861328125;22797.2265625;22939.861328125;315888000.0
2026-04-13 14:00:00;22941.91796875;22970.25390625;22921.830078125;22926.3359375;333190000.0
2026-04-13 14:15:00;22925.5390625;22948.044921875;22899.447265625;22948.044921875;250169000.0
2026-04-13 14:30:00;22947.54296875;22962.90234375;22931.90234375;22961.46484375;246905000.0
2026-04-13 14:45:00;22964.95703125;23009.158203125;22948.73828125;23001.841796875;239303000.0
2026-04-13 15:00:00;23001.234375;23001.234375;22960.65625;22982.619140625;216841000.0
2026-04-13 15:15:00;22985.947265625;22988.646484375;22966.287109375;22966.6640625;186283000.0
2026-04-13 15:30:00;22961.546875;22995.470703125;22953.8828125;22970.44140625;178394000.0
2026-04-13 15:45:00;22968.796875;22975.45703125;22949.58203125;22957.712890625;170906000.0
2026-04-13 16:00:00;22958.826171875;22975.138671875;22932.033203125;22961.44921875;172859000.0
2026-04-13 16:15:00;22960.27734375;23034.041015625;22953.8984375;23030.689453125;156741000.0
2026-04-13 16:30:00;23029.0;23050.908203125;22996.24609375;23026.341796875;174619000.0
2026-04-13 16:45:00;23024.962890625;23072.744140625;23021.89453125;23056.001953125;162566000.0
2026-04-13 17:00:00;23056.501953125;23062.486328125;23040.912109375;23051.6640625;150433000.0
2026-04-13 17:15:00;23051.353515625;23072.5625;23050.673828125;23066.3359375;133282000.0
2026-04-13 17:30:00;23066.34375;23072.978515625;23055.892578125;23057.091796875;147519000.0
2026-04-13 17:45:00;23057.22265625;23057.29296875;23040.58984375;23047.12890625;148427000.0
2026-04-13 18:00:00;23047.6015625;23066.005859375;23047.6015625;23060.958984375;126799000.0
2026-04-13 18:15:00;23061.076171875;23061.193359375;23047.599609375;23050.06640625;125921000.0
2026-04-13 18:30:00;23048.955078125;23072.49609375;23048.91015625;23072.07421875;128440000.0
2026-04-13 18:45:00;23072.87890625;23099.310546875;23072.87890625;23091.59375;140536000.0
2026-04-13 19:00:00;23092.046875;23098.275390625;23080.505859375;23084.958984375;158194000.0
2026-04-13 19:15:00;23084.9296875;23107.0390625;23082.724609375;23103.85546875;169379000.0
2026-04-13 19:30:00;23103.287109375;23125.533203125;23098.46875;23110.4140625;238884000.0
2026-04-13 19:45:00;23108.560546875;23187.265625;23105.171875;23182.783203125;405340000.0
2026-04-14 13:30:00;23345.88671875;23427.392578125;23345.88671875;23425.333984375;355630000.0
2026-04-14 13:45:00;23424.15234375;23441.1640625;23387.298828125;23388.96484375;405224000.0
2026-04-14 14:00:00;23391.591796875;23433.21875;23380.83984375;23432.150390625;363296000.0
2026-04-14 14:15:00;23431.783203125;23465.62109375;23421.330078125;23464.609375;331354000.0
2026-04-14 14:30:00;23464.275390625;23479.302734375;23449.982421875;23455.380859375;318764000.0
2026-04-14 14:45:00;23456.0859375;23484.888671875;23451.30859375;23478.279296875;280774000.0
2026-04-14 15:00:00;23477.14453125;23477.14453125;23435.787109375;23453.814453125;267624000.0
2026-04-14 15:15:00;23453.6171875;23516.033203125;23453.6171875;23503.474609375;226116000.0
2026-04-14 15:30:00;23505.3125;23545.947265625;23505.3125;23542.83984375;230632000.0
2026-04-14 15:45:00;23542.109375;23572.611328125;23542.109375;23547.43359375;199252000.0
2026-04-14 16:00:00;23545.396484375;23566.671875;23544.09765625;23562.599609375;203731000.0
2026-04-14 16:15:00;23562.865234375;23596.509765625;23562.865234375;23592.642578125;189607000.0
2026-04-14 16:30:00;23592.60546875;23598.078125;23574.8984375;23592.81640625;165893000.0
2026-04-14 16:45:00;23593.85546875;23606.046875;23577.04296875;23582.029296875;151771000.0
2026-04-14 17:00:00;23582.150390625;23592.388671875;23579.171875;23591.935546875;149734000.0
2026-04-14 17:15:00;23591.8125;23618.958984375;23590.322265625;23601.90625;156795000.0
2026-04-14 17:30:00;23602.15234375;23623.568359375;23601.75;23621.5703125;141667000.0
2026-04-14 17:45:00;23621.47265625;23623.025390625;23604.978515625;23608.505859375;148245000.0
2026-04-14 18:00:00;23608.494140625;23613.357421875;23584.734375;23586.201171875;154026000.0
2026-04-14 18:15:00;23585.955078125;23587.189453125;23536.599609375;23553.640625;175631000.0
2026-04-14 18:30:00;23554.11328125;23575.953125;23549.919921875;23551.865234375;161628000.0
2026-04-14 18:45:00;23551.9140625;23557.982421875;23545.201171875;23557.890625;139538000.0
2026-04-14 19:00:00;23557.998046875;23603.990234375;23556.083984375;23594.876953125;184557000.0
2026-04-14 19:15:00;23595.26171875;23621.13671875;23595.26171875;23620.607421875;174812000.0
2026-04-14 19:30:00;23618.564453125;23628.2109375;23599.314453125;23609.09375;228769000.0
2026-04-14 19:45:00;23609.765625;23635.55078125;23592.396484375;23634.107421875;388407000.0
2026-04-15 13:30:00;23685.236328125;23739.3125;23680.025390625;23695.3515625;355454000.0
2026-04-15 13:45:00;23673.923828125;23760.7734375;23673.923828125;23758.01171875;412063000.0
2026-04-15 14:00:00;23761.501953125;23782.431640625;23744.427734375;23781.65234375;358976000.0
2026-04-15 14:15:00;23784.8671875;23828.78515625;23772.744140625;23823.26171875;311443000.0
2026-04-15 14:30:00;23824.525390625;23846.791015625;23799.201171875;23829.287109375;295666000.0
2026-04-15 14:45:00;23830.728515625;23865.947265625;23828.306640625;23855.306640625;255312000.0
2026-04-15 15:00:00;23856.615234375;23871.439453125;23832.4765625;23867.248046875;269734000.0
2026-04-15 15:15:00;23865.98046875;23880.71484375;23864.498046875;23874.984375;256557000.0
2026-04-15 15:30:00;23871.359375;23890.775390625;23853.546875;23887.26171875;279049000.0
2026-04-15 15:45:00;23885.84765625;23897.68359375;23871.19921875;23881.0859375;254317000.0
2026-04-15 16:00:00;23876.814453125;23907.955078125;23870.435546875;23906.97265625;247142000.0
2026-04-15 16:15:00;23906.55859375;23936.150390625;23900.8984375;23906.94921875;250761000.0
2026-04-15 16:30:00;23907.83984375;23907.83984375;23831.994140625;23832.462890625;254005000.0
2026-04-15 16:45:00;23832.111328125;23848.7109375;23788.357421875;23829.19140625;307054000.0
2026-04-15 17:00:00;23829.36328125;23863.958984375;23822.275390625;23851.7109375;235310000.0
2026-04-15 17:15:00;23850.892578125;23874.052734375;23847.72265625;23868.419921875;194769000.0
2026-04-15 17:30:00;23868.185546875;23898.060546875;23859.2734375;23862.09765625;219126000.0
2026-04-15 17:45:00;23863.947265625;23886.833984375;23859.919921875;23860.939453125;168918000.0
2026-04-15 18:00:00;23857.78125;23918.66796875;23847.841796875;23912.712890625;194510000.0
2026-04-15 18:15:00;23912.82421875;23925.49609375;23903.50390625;23916.951171875;161034000.0
2026-04-15 18:30:00;23918.01171875;23954.689453125;23918.01171875;23942.970703125;167460000.0
2026-04-15 18:45:00;23944.064453125;23975.478515625;23942.482421875;23967.1640625;149490000.0
2026-04-15 19:00:00;23966.8125;23984.076171875;23954.904296875;23962.916015625;196002000.0
2026-04-15 19:15:00;23961.9140625;23985.361328125;23960.40625;23985.048828125;194797000.0
2026-04-15 19:30:00;23982.58203125;24003.419921875;23980.037109375;23987.703125;256470000.0
2026-04-15 19:45:00;23986.1640625;24026.5625;23981.6953125;24010.78125;443559000.0
2026-04-15 20:00:00;24016.017578125;24016.017578125;24016.017578125;24016.017578125;0.0
2026-04-16 13:30:00;24058.0390625;24058.0390625;23979.189453125;24018.990234375;373018000.0
2026-04-16 13:45:00;24019.23046875;24019.23046875;23895.576171875;23930.630859375;459414000.0
2026-04-16 14:00:00;23934.966796875;23992.626953125;23906.40234375;23971.65234375;458538000.0
2026-04-16 14:15:00;23975.087890625;23981.072265625;23931.84375;23962.05859375;331258000.0
2026-04-16 14:30:00;23960.56640625;23991.634765625;23958.7578125;23991.28515625;296509000.0
2026-04-16 14:45:00;23991.783203125;24017.970703125;23989.107421875;24007.19921875;310427000.0
2026-04-16 15:00:00;24007.4453125;24082.3125;24007.166015625;24070.875;270793000.0
2026-04-16 15:15:00;24073.1796875;24100.1796875;24063.376953125;24064.416015625;272578000.0
2026-04-16 15:30:00;24053.11328125;24124.17578125;24053.11328125;24091.455078125;251256000.0
2026-04-16 15:45:00;24090.59765625;24127.61328125;24073.71484375;24124.958984375;209159000.0
2026-04-16 16:00:00;24125.4296875;24144.75390625;24123.14453125;24144.75390625;184877000.0
2026-04-16 16:15:00;24144.85546875;24155.84375;24114.869140625;24114.869140625;188831000.0
2026-04-16 16:30:00;24115.04296875;24117.076171875;24039.390625;24094.021484375;215056000.0
2026-04-16 16:45:00;24094.1875;24113.662109375;24074.197265625;24074.197265625;147090000.0
2026-04-16 17:00:00;24075.06640625;24080.130859375;24044.587890625;24044.587890625;147998000.0
2026-04-16 17:15:00;24043.89453125;24083.83203125;24035.470703125;24073.505859375;154881000.0
2026-04-16 17:30:00;24072.990234375;24102.2578125;24064.279296875;24101.123046875;134723000.0
2026-04-16 17:45:00;24101.26171875;24104.57421875;24043.18359375;24061.353515625;149752000.0
2026-04-16 18:00:00;24060.806640625;24078.509765625;24015.11328125;24035.02734375;144446000.0
2026-04-16 18:15:00;24035.080078125;24041.642578125;23982.107421875;23995.998046875;141695000.0
2026-04-16 18:30:00;23996.5703125;24061.615234375;23996.5703125;24056.30859375;154109000.0
2026-04-16 18:45:00;24055.78125;24067.884765625;24042.001953125;24053.302734375;140215000.0
2026-04-16 19:00:00;24056.17578125;24075.3671875;24048.85546875;24054.578125;168141000.0
2026-04-16 19:15:00;24055.396484375;24066.646484375;24053.357421875;24057.16796875;175208000.0
2026-04-16 19:30:00;24056.025390625;24093.669921875;24052.904296875;24083.58203125;261795000.0
2026-04-16 19:45:00;24082.208984375;24108.68359375;24077.7734375;24097.0;389573000.0
2026-04-17 13:30:00;24344.662109375;24367.59375;24288.306640625;24351.923828125;339335000.0
2026-04-17 13:45:00;24350.41015625;24380.115234375;24296.169921875;24368.9609375;472315000.0
2026-04-17 14:00:00;24372.34375;24409.498046875;24368.654296875;24409.498046875;389979000.0
2026-04-17 14:15:00;24410.078125;24411.5703125;24371.865234375;24386.669921875;336968000.0
2026-04-17 14:30:00;24389.0703125;24475.078125;24389.0703125;24472.662109375;319743000.0
2026-04-17 14:45:00;24472.08203125;24490.7265625;24447.888671875;24464.865234375;333481000.0
2026-04-17 15:00:00;24468.130859375;24490.486328125;24458.90625;24459.935546875;298623000.0
2026-04-17 15:15:00;24461.9765625;24493.3515625;24452.763671875;24485.310546875;225032000.0
2026-04-17 15:30:00;24486.431640625;24518.392578125;24464.263671875;24464.263671875;202331000.0
2026-04-17 15:45:00;24467.267578125;24492.818359375;24452.177734375;24452.177734375;206638000.0
2026-04-17 16:00:00;24453.541015625;24502.02734375;24445.076171875;24494.0859375;194938000.0
2026-04-17 16:15:00;24492.935546875;24499.83203125;24472.685546875;24497.63671875;183121000.0
2026-04-17 16:30:00;24498.26953125;24518.455078125;24498.0;24510.8984375;165065000.0
2026-04-17 16:45:00;24509.865234375;24518.859375;24495.708984375;24498.05859375;168952000.0
2026-04-17 17:00:00;24498.12890625;24512.33203125;24467.548828125;24479.869140625;189740000.0
2026-04-17 17:15:00;24480.0078125;24483.806640625;24393.009765625;24420.091796875;203693000.0
2026-04-17 17:30:00;24418.85546875;24444.134765625;24413.208984375;24436.453125;165742000.0
2026-04-17 17:45:00;24437.072265625;24467.134765625;24437.072265625;24449.728515625;159092000.0
2026-04-17 18:00:00;24450.224609375;24460.509765625;24407.01953125;24411.01953125;161978000.0
2026-04-17 18:15:00;24412.11328125;24445.10546875;24397.958984375;24424.0703125;164761000.0
2026-04-17 18:30:00;24425.53515625;24452.1875;24425.53515625;24442.32421875;148713000.0
2026-04-17 18:45:00;24441.630859375;24449.099609375;24411.1796875;24426.70703125;152522000.0
2026-04-17 19:00:00;24427.52734375;24434.353515625;24399.35546875;24404.380859375;186400000.0
2026-04-17 19:15:00;24403.4921875;24432.36328125;24403.4921875;24420.162109375;201409000.0
2026-04-17 19:30:00;24420.2734375;24468.103515625;24420.2734375;24464.64453125;255513000.0
2026-04-17 19:45:00;24464.927734375;24471.03515625;24440.98828125;24466.5546875;426687000.0
2026-04-20 13:30:00;24413.6875;24434.365234375;24355.6796875;24369.794921875;293481000.0
2026-04-20 13:45:00;24368.873046875;24430.05078125;24345.216796875;24420.7109375;386025000.0
2026-04-20 14:00:00;24423.16015625;24425.546875;24381.515625;24396.634765625;329774000.0
2026-04-20 14:15:00;24394.5234375;24414.302734375;24359.37890625;24369.8828125;294200000.0
2026-04-20 14:30:00;24367.849609375;24379.34375;24331.150390625;24343.033203125;250785000.0
2026-04-20 14:45:00;24340.263671875;24365.14453125;24278.22265625;24285.931640625;287370000.0
2026-04-20 15:00:00;24296.275390625;24305.171875;24221.734375;24266.619140625;268089000.0
2026-04-20 15:15:00;24268.751953125;24338.0859375;24260.279296875;24335.376953125;227427000.0
2026-04-20 15:30:00;24350.142578125;24350.142578125;24307.087890625;24314.54296875;221781000.0
2026-04-20 15:45:00;24314.591796875;24327.29296875;24299.033203125;24319.26171875;182036000.0
2026-04-20 16:00:00;24317.525390625;24337.44921875;24303.81640625;24332.65625;163547000.0
2026-04-20 16:15:00;24333.33984375;24343.91796875;24312.5625;24331.029296875;158636000.0
2026-04-20 16:30:00;24331.779296875;24352.375;24329.068359375;24345.861328125;147715000.0
2026-04-20 16:45:00;24345.78125;24348.95703125;24324.58203125;24333.125;136236000.0
2026-04-20 17:00:00;24332.357421875;24352.59765625;24318.5234375;24350.67578125;162648000.0
2026-04-20 17:15:00;24349.974609375;24369.505859375;24347.74609375;24348.541015625;133107000.0
2026-04-20 17:30:00;24348.42578125;24359.869140625;24337.09375;24357.265625;134607000.0
2026-04-20 17:45:00;24357.671875;24371.244140625;24353.05078125;24353.982421875;118918000.0
2026-04-20 18:00:00;24354.15234375;24378.626953125;24351.810546875;24375.8203125;149344000.0
2026-04-20 18:15:00;24376.1875;24393.931640625;24373.197265625;24386.7265625;134127000.0
2026-04-20 18:30:00;24387.955078125;24390.2578125;24368.34765625;24382.759765625;147327000.0
2026-04-20 18:45:00;24382.060546875;24399.23828125;24378.171875;24384.009765625;152272000.0
2026-04-20 19:00:00;24385.3125;24394.3984375;24379.884765625;24394.3828125;181899000.0
2026-04-20 19:15:00;24393.28515625;24394.685546875;24377.90625;24382.654296875;211557000.0
2026-04-20 19:30:00;24382.21484375;24391.984375;24377.03515625;24379.126953125;265598000.0
2026-04-20 19:45:00;24379.544921875;24407.99609375;24373.140625;24407.99609375;436697000.0
2026-04-21 13:30:00;24469.35546875;24476.892578125;24397.6640625;24438.451171875;348253000.0
2026-04-21 13:45:00;24438.2578125;24496.2109375;24422.41796875;24496.2109375;386297000.0
2026-04-21 14:00:00;24494.66015625;24524.060546875;24479.927734375;24506.783203125;374024000.0
2026-04-21 14:15:00;24509.337890625;24535.447265625;24478.109375;24500.1328125;337247000.0
2026-04-21 14:30:00;24499.650390625;24510.845703125;24478.822265625;24487.025390625;298559000.0
2026-04-21 14:45:00;24485.76953125;24485.76953125;24386.95703125;24389.568359375;295416000.0
2026-04-21 15:00:00;24398.671875;24426.4921875;24324.673828125;24420.994140625;342059000.0
2026-04-21 15:15:00;24419.10546875;24436.13671875;24365.642578125;24377.798828125;236784000.0
2026-04-21 15:30:00;24378.43359375;24406.080078125;24353.849609375;24384.6796875;233679000.0
2026-04-21 15:45:00;24382.779296875;24401.58984375;24361.46484375;24371.0234375;214623000.0
2026-04-21 16:00:00;24377.150390625;24405.271484375;24357.75;24365.34375;224879000.0
2026-04-21 16:15:00;24366.35546875;24384.423828125;24334.234375;24335.85546875;189771000.0
2026-04-21 16:30:00;24334.81640625;24373.072265625;24309.0859375;24314.4296875;214777000.0
2026-04-21 16:45:00;24315.4140625;24349.431640625;24311.150390625;24313.75390625;195733000.0
2026-04-21 17:00:00;24313.177734375;24343.009765625;24258.75;24275.578125;232302000.0
2026-04-21 17:15:00;24276.876953125;24281.7265625;24237.25390625;24263.53125;168576000.0
2026-04-21 17:30:00;24263.568359375;24378.23828125;24263.568359375;24357.44140625;187369000.0
2026-04-21 17:45:00;24356.025390625;24356.546875;24308.853515625;24325.31640625;137432000.0
2026-04-21 18:00:00;24325.546875;24350.0859375;24324.404296875;24339.57421875;139460000.0
2026-04-21 18:15:00;24341.443359375;24348.404296875;24293.958984375;24301.341796875;147020000.0
2026-04-21 18:30:00;24301.56640625;24328.62109375;24301.56640625;24319.525390625;130511000.0
2026-04-21 18:45:00;24318.470703125;24368.916015625;24299.724609375;24356.267578125;165039000.0
2026-04-21 19:00:00;24356.8046875;24390.162109375;24352.419921875;24357.94921875;168370000.0
2026-04-21 19:15:00;24357.88671875;24401.2734375;24353.818359375;24399.259765625;194278000.0
2026-04-21 19:30:00;24399.451171875;24406.234375;24199.05078125;24211.205078125;277167000.0
2026-04-21 19:45:00;24214.318359375;24271.0;24214.318359375;24260.310546875;437779000.0
2026-04-21 20:00:00;24259.96484375;24259.96484375;24259.96484375;24259.96484375;0.0
2026-04-22 13:30:00;24456.71875;24471.8203125;24422.26953125;24459.3125;329060731.0
2026-04-22 13:45:00;24455.740234375;24478.029296875;24428.69921875;24464.84765625;408823000.0
2026-04-22 14:00:00;24470.162109375;24517.091796875;24457.693359375;24517.091796875;353509000.0
2026-04-22 14:15:00;24521.271484375;24558.203125;24521.271484375;24556.91015625;297392000.0
2026-04-22 14:30:00;24563.869140625;24570.6171875;24525.763671875;24534.279296875;264993000.0
2026-04-22 14:45:00;24534.845703125;24559.041015625;24523.015625;24546.640625;214227000.0
2026-04-22 15:00:00;24547.61328125;24559.283203125;24523.853515625;24553.107421875;202266000.0
2026-04-22 15:15:00;24554.720703125;24583.98046875;24548.744140625;24576.486328125;228166000.0
2026-04-22 15:30:00;24574.828125;24585.57421875;24547.056640625;24547.056640625;194142000.0
2026-04-22 15:45:00;24547.181640625;24576.017578125;24541.943359375;24556.75;193531000.0
2026-04-22 16:00:00;24565.849609375;24582.85546875;24547.166015625;24579.18359375;185002000.0
2026-04-22 16:15:00;24580.423828125;24584.923828125;24550.873046875;24551.43359375;158467000.0
2026-04-22 16:30:00;24551.142578125;24562.99609375;24536.138671875;24544.4296875;172231000.0
2026-04-22 16:45:00;24543.345703125;24552.486328125;24526.8046875;24533.173828125;157766000.0
2026-04-22 17:00:00;24534.083984375;24595.666015625;24534.083984375;24581.501953125;140891000.0
2026-04-22 17:15:00;24581.638671875;24607.60546875;24571.169921875;24587.216796875;125123000.0
2026-04-22 17:30:00;24587.474609375;24605.130859375;24586.37109375;24603.810546875;148256000.0
2026-04-22 17:45:00;24604.806640625;24613.59765625;24587.908203125;24598.779296875;130895000.0
2026-04-22 18:00:00;24598.15625;24611.166015625;24595.791015625;24604.8515625;120660000.0
2026-04-22 18:15:00;24604.3828125;24604.3828125;24571.275390625;24573.744140625;131802000.0
2026-04-22 18:30:00;24573.3359375;24595.166015625;24572.150390625;24592.466796875;130708000.0
2026-04-22 18:45:00;24592.908203125;24605.912109375;24575.484375;24578.572265625;142516000.0
2026-04-22 19:00:00;24579.109375;24594.681640625;24555.259765625;24593.361328125;163858000.0
2026-04-22 19:15:00;24594.79296875;24618.642578125;24593.662109375;24610.3046875;173735000.0
2026-04-22 19:30:00;24609.224609375;24621.658203125;24605.609375;24619.853515625;223476000.0
2026-04-22 19:45:00;24619.216796875;24659.400390625;24618.03515625;24656.025390625;396445000.0
2026-04-23 13:30:00;24534.640625;24606.599609375;24534.640625;24595.65625;297191275.0
2026-04-23 13:45:00;24592.498046875;24629.767578125;24550.26953125;24550.26953125;362950000.0
2026-04-23 14:00:00;24536.41015625;24555.3203125;24507.453125;24516.08203125;336212000.0
2026-04-23 14:15:00;24519.1796875;24552.484375;24516.427734375;24533.275390625;261829000.0
2026-04-23 14:30:00;24537.42578125;24582.01953125;24537.42578125;24565.943359375;231379000.0
2026-04-23 14:45:00;24566.8046875;24632.595703125;24566.8046875;24622.69921875;201755000.0
2026-04-23 15:00:00;24624.46484375;24648.451171875;24620.513671875;24642.671875;203319000.0
2026-04-23 15:15:00;24638.689453125;24664.8671875;24627.279296875;24638.765625;198835000.0
2026-04-23 15:30:00;24637.7421875;24659.8203125;24619.080078125;24620.125;174144000.0
2026-04-23 15:45:00;24620.404296875;24620.404296875;24562.91796875;24587.330078125;174019000.0
2026-04-23 16:00:00;24589.33203125;24595.244140625;24548.169921875;24581.26171875;151211000.0
2026-04-23 16:15:00;24582.208984375;24593.58203125;24564.26953125;24578.810546875;133426000.0
2026-04-23 16:30:00;24578.8046875;24601.708984375;24575.09765625;24581.3046875;133812000.0
2026-04-23 16:45:00;24580.990234375;24589.626953125;24563.794921875;24570.73828125;130617000.0
2026-04-23 17:00:00;24571.796875;24580.943359375;24431.18359375;24444.71484375;201764000.0
2026-04-23 17:15:00;24440.724609375;24440.724609375;24370.6953125;24376.162109375;191541000.0
2026-04-23 17:30:00;24375.4765625;24435.998046875;24260.39453125;24272.255859375;193401000.0
2026-04-23 17:45:00;24267.392578125;24394.763671875;24211.712890625;24391.421875;256373000.0
2026-04-23 18:00:00;24393.30078125;24444.287109375;24377.603515625;24426.341796875;149314000.0
2026-04-23 18:15:00;24427.11328125;24444.8203125;24420.046875;24443.484375;126874000.0
2026-04-23 18:30:00;24443.623046875;24483.25;24434.46484375;24453.25;130578000.0
2026-04-23 18:45:00;24451.189453125;24452.17578125;24371.875;24380.630859375;118582000.0
2026-04-23 19:00:00;24379.490234375;24419.201171875;24368.33203125;24418.970703125;151313000.0
2026-04-23 19:15:00;24421.873046875;24438.748046875;24419.25390625;24430.11328125;139960000.0
2026-04-23 19:30:00;24429.287109375;24446.8515625;24379.921875;24391.490234375;201222000.0
2026-04-23 19:45:00;24391.876953125;24448.85546875;24368.619140625;24437.083984375;357500000.0
2026-04-24 13:30:00;24603.650390625;24643.826171875;24588.435546875;24592.048828125;349177000.0
2026-04-24 13:45:00;24605.71484375;24632.4921875;24524.369140625;24578.865234375;419431000.0
2026-04-24 14:00:00;24571.1015625;24633.73828125;24551.951171875;24603.42578125;369475000.0
2026-04-24 14:15:00;24603.0078125;24626.033203125;24577.056640625;24583.107421875;278203000.0
2026-04-24 14:30:00;24588.115234375;24649.52734375;24563.986328125;24647.39453125;270506000.0
2026-04-24 14:45:00;24647.611328125;24689.2109375;24632.49609375;24684.373046875;255058000.0
2026-04-24 15:00:00;24689.421875;24709.61328125;24678.92578125;24704.583984375;379340000.0
2026-04-24 15:15:00;24711.4453125;24722.099609375;24689.1171875;24716.716796875;278031000.0
2026-04-24 15:30:00;24717.439453125;24776.71875;24710.3515625;24776.71875;224211000.0
2026-04-24 15:45:00;24782.873046875;24814.9375;24747.6484375;24800.55859375;265404000.0
2026-04-24 16:00:00;24800.72265625;24805.763671875;24762.869140625;24784.62109375;300284000.0
2026-04-24 16:15:00;24783.87890625;24806.962890625;24770.197265625;24795.11328125;252085000.0
2026-04-24 16:30:00;24796.353515625;24823.951171875;24781.92578125;24790.525390625;212755000.0
2026-04-24 16:45:00;24791.82421875;24811.669921875;24785.251953125;24808.06640625;188930000.0
2026-04-24 17:00:00;24807.27734375;24817.27734375;24802.986328125;24809.939453125;182506000.0
2026-04-24 17:15:00;24809.853515625;24809.853515625;24767.87109375;24782.19140625;161624000.0
2026-04-24 17:30:00;24780.103515625;24807.767578125;24769.107421875;24804.203125;176096000.0
2026-04-24 17:45:00;24804.482421875;24844.0859375;24801.53515625;24822.337890625;183559000.0
2026-04-24 18:00:00;24823.45703125;24827.814453125;24800.86328125;24811.703125;149187000.0
2026-04-24 18:15:00;24812.880859375;24814.5390625;24787.673828125;24789.05078125;134845000.0
2026-04-24 18:30:00;24789.919921875;24820.478515625;24787.84375;24808.697265625;134673000.0
2026-04-24 18:45:00;24808.17578125;24809.69140625;24797.93359375;24809.69140625;142318000.0
2026-04-24 19:00:00;24809.712890625;24844.482421875;24809.712890625;24844.0546875;184002000.0
2026-04-24 19:15:00;24843.7890625;24854.033203125;24818.142578125;24823.60546875;185213000.0
2026-04-24 19:30:00;24821.51171875;24823.859375;24806.287109375;24815.822265625;241339000.0
2026-04-24 19:45:00;24813.12890625;24843.369140625;24807.125;24832.533203125;386620000.0
2026-04-27 13:30:00;24792.599609375;24797.9765625;24749.8515625;24776.65625;381671000.0
2026-04-27 13:45:00;24771.970703125;24799.51953125;24694.82421875;24795.19921875;437726000.0
2026-04-27 14:00:00;24789.36328125;24799.423828125;24753.85546875;24781.890625;335931000.0
2026-04-27 14:15:00;24783.6015625;24783.6015625;24752.59765625;24774.0234375;266958000.0
2026-04-27 14:30:00;24769.6796875;24799.884765625;24731.951171875;24789.935546875;252990000.0
2026-04-27 14:45:00;24790.212890625;24792.998046875;24759.787109375;24776.958984375;213278000.0
2026-04-27 15:00:00;24782.724609375;24788.52734375;24742.208984375;24750.529296875;206736000.0
2026-04-27 15:15:00;24748.162109375;24765.98828125;24722.779296875;24752.0625;213225000.0
2026-04-27 15:30:00;24753.640625;24784.46484375;24747.56640625;24776.478515625;172546000.0
2026-04-27 15:45:00;24774.912109375;24779.15625;24755.1875;24769.703125;157640000.0
2026-04-27 16:00:00;24774.443359375;24799.939453125;24764.638671875;24794.041015625;148856000.0
2026-04-27 16:15:00;24793.7578125;24805.125;24791.8203125;24798.328125;128335000.0
2026-04-27 16:30:00;24799.1015625;24836.017578125;24799.1015625;24827.705078125;144478000.0
2026-04-27 16:45:00;24830.41015625;24834.37890625;24806.8359375;24818.912109375;123314000.0
2026-04-27 17:00:00;24822.34375;24848.376953125;24822.34375;24848.376953125;129964000.0
2026-04-27 17:15:00;24849.841796875;24858.0234375;24821.884765625;24855.37890625;146374000.0
2026-04-27 17:30:00;24855.125;24882.388671875;24855.125;24870.72265625;134839000.0
2026-04-27 17:45:00;24871.1171875;24884.048828125;24865.611328125;24875.791015625;139862000.0
2026-04-27 18:00:00;24874.240234375;24884.125;24867.6640625;24879.97265625;128407000.0
2026-04-27 18:15:00;24878.625;24888.625;24874.919921875;24880.09375;118901000.0
2026-04-27 18:30:00;24879.90625;24886.85546875;24864.904296875;24866.291015625;131812000.0
2026-04-27 18:45:00;24866.818359375;24866.818359375;24847.083984375;24857.6953125;140153000.0
2026-04-27 19:00:00;24855.330078125;24867.1953125;24847.5;24867.1953125;176320000.0
2026-04-27 19:15:00;24866.873046875;24877.33203125;24866.39453125;24869.72265625;178957000.0
2026-04-27 19:30:00;24871.212890625;24882.703125;24862.376953125;24880.6015625;223220000.0
2026-04-27 19:45:00;24880.65625;24899.365234375;24879.09765625;24884.5859375;376290000.0
2026-04-27 20:00:00;24887.099609375;24887.099609375;24887.099609375;24887.099609375;0.0
2026-04-28 13:30:00;24593.75;24711.29296875;24571.802734375;24697.07421875;278604181.0
2026-04-28 13:45:00;24691.21484375;24722.724609375;24631.080078125;24687.802734375;316465000.0
2026-04-28 14:00:00;24676.318359375;24722.240234375;24663.212890625;24700.892578125;283410000.0
2026-04-28 14:15:00;24705.529296875;24711.23828125;24657.5234375;24671.134765625;269321000.0
2026-04-28 14:30:00;24670.91015625;24685.64453125;24564.86328125;24611.603515625;295816000.0
2026-04-28 14:45:00;24621.046875;24621.087890625;24529.99609375;24591.5625;258473000.0
2026-04-28 15:00:00;24596.828125;24618.173828125;24557.23046875;24606.595703125;210467000.0
2026-04-28 15:15:00;24606.720703125;24607.984375;24547.029296875;24556.306640625;170536000.0
2026-04-28 15:30:00;24553.751953125;24559.80859375;24528.490234375;24546.197265625;166578000.0
2026-04-28 15:45:00;24546.8203125;24555.595703125;24524.259765625;24554.544921875;167783000.0
2026-04-28 16:00:00;24555.0546875;24579.81640625;24549.017578125;24570.0703125;144348000.0
2026-04-28 16:15:00;24571.9296875;24586.1953125;24560.224609375;24573.640625;121473000.0
2026-04-28 16:30:00;24572.1953125;24580.322265625;24543.08984375;24552.734375;119240000.0
2026-04-28 16:45:00;24552.619140625;24598.111328125;24550.09375;24586.935546875;130027000.0
2026-04-28 17:00:00;24588.392578125;24595.498046875;24555.2421875;24569.00390625;126190000.0
2026-04-28 17:15:00;24570.416015625;24588.62890625;24551.447265625;24582.287109375;125183000.0
2026-04-28 17:30:00;24582.9921875;24615.798828125;24582.9921875;24607.41015625;118638000.0
2026-04-28 17:45:00;24606.79296875;24629.140625;24604.103515625;24627.8671875;109400000.0
2026-04-28 18:00:00;24628.494140625;24633.140625;24616.474609375;24633.140625;123678000.0
2026-04-28 18:15:00;24633.162109375;24664.0234375;24633.162109375;24662.560546875;122040000.0
2026-04-28 18:30:00;24662.78125;24668.931640625;24641.576171875;24668.931640625;122591000.0
2026-04-28 18:45:00;24669.478515625;24680.541015625;24660.796875;24680.541015625;121827000.0
2026-04-28 19:00:00;24680.751953125;24710.0;24676.703125;24693.453125;156131000.0
2026-04-28 19:15:00;24692.744140625;24692.744140625;24664.33984375;24677.29296875;163048000.0
2026-04-28 19:30:00;24678.728515625;24683.53515625;24660.89453125;24674.880859375;213150000.0
2026-04-28 19:45:00;24674.474609375;24685.181640625;24655.736328125;24664.7265625;358035000.0
2026-04-29 13:30:00;24601.779296875;24607.541015625;24539.7578125;24601.330078125;326329000.0
2026-04-29 13:45:00;24595.04296875;24655.16015625;24574.63671875;24643.123046875;372876000.0
2026-04-29 14:00:00;24636.7734375;24641.349609375;24602.521484375;24641.349609375;384203000.0
2026-04-29 14:15:00;24641.71484375;24688.599609375;24629.216796875;24684.564453125;258315000.0
2026-04-29 14:30:00;24677.33203125;24723.796875;24664.7890625;24710.501953125;276601000.0
2026-04-29 14:45:00;24718.244140625;24719.173828125;24686.533203125;24691.900390625;229935000.0
2026-04-29 15:00:00;24690.96875;24697.064453125;24625.1953125;24626.142578125;215251000.0
2026-04-29 15:15:00;24624.685546875;24669.357421875;24618.994140625;24665.8203125;173259000.0
2026-04-29 15:30:00;24664.796875;24682.48046875;24655.947265625;24662.07421875;160261000.0
2026-04-29 15:45:00;24661.904296875;24678.927734375;24596.38671875;24622.765625;175700000.0
2026-04-29 16:00:00;24623.330078125;24643.1171875;24617.35546875;24624.466796875;147499000.0
2026-04-29 16:15:00;24624.201171875;24631.333984375;24576.958984375;24577.24609375;121865000.0
2026-04-29 16:30:00;24572.94140625;24578.490234375;24533.01171875;24575.77734375;153439000.0
2026-04-29 16:45:00;24575.234375;24589.306640625;24560.017578125;24569.52734375;134181000.0
2026-04-29 17:00:00;24570.3046875;24590.291015625;24552.162109375;24579.41796875;121405000.0
2026-04-29 17:15:00;24579.349609375;24599.435546875;24570.169921875;24590.7109375;116993000.0
2026-04-29 17:30:00;24595.412109375;24604.7265625;24587.029296875;24599.4609375;122361000.0
2026-04-29 17:45:00;24600.0390625;24628.021484375;24596.169921875;24618.564453125;130343000.0
2026-04-29 18:00:00;24619.0703125;24621.849609375;24536.673828125;24566.947265625;143582000.0
2026-04-29 18:15:00;24565.826171875;24605.59375;24563.521484375;24578.6015625;142365000.0
2026-04-29 18:30:00;24578.775390625;24623.203125;24554.685546875;24565.578125;163414000.0
2026-04-29 18:45:00;24565.001953125;24657.3515625;24553.953125;24655.56640625;157934000.0
2026-04-29 19:00:00;24655.486328125;24675.4453125;24628.021484375;24675.4453125;175975000.0
2026-04-29 19:15:00;24674.705078125;24689.1484375;24664.501953125;24671.580078125;185505000.0
2026-04-29 19:30:00;24671.017578125;24672.7265625;24635.43359375;24637.515625;227531000.0
2026-04-29 19:45:00;24641.2421875;24679.060546875;24630.64453125;24679.060546875;396481000.0
2026-04-30 13:30:00;24843.41796875;24843.41796875;24625.525390625;24700.759765625;262831775.0
2026-04-30 13:45:00;24687.224609375;24711.689453125;24554.50390625;24589.564453125;340231058.0
2026-04-30 14:00:00;24590.02734375;24639.626953125;24550.1484375;24591.294921875;315754000.0
2026-04-30 14:15:00;24579.431640625;24584.0859375;24503.681640625;24553.6328125;290812000.0
2026-04-30 14:30:00;24541.984375;24590.396484375;24492.02734375;24568.728515625;253102000.0
2026-04-30 14:45:00;24567.3671875;24692.64453125;24567.3671875;24678.796875;233971000.0
2026-04-30 15:00:00;24679.19140625;24730.150390625;24673.90625;24725.681640625;216578000.0
2026-04-30 15:15:00;24723.744140625;24732.5;24691.923828125;24711.82421875;205529000.0
2026-04-30 15:30:00;24712.35546875;24739.6953125;24659.42578125;24673.181640625;174581000.0
2026-04-30 15:45:00;24669.748046875;24722.638671875;24643.005859375;24697.517578125;164407000.0
2026-04-30 16:00:00;24688.720703125;24742.244140625;24670.875;24742.244140625;155197000.0
2026-04-30 16:15:00;24743.359375;24745.28515625;24706.263671875;24721.193359375;159337000.0
2026-04-30 16:30:00;24722.35546875;24735.802734375;24703.724609375;24703.75390625;141248000.0
2026-04-30 16:45:00;24703.05859375;24714.8359375;24668.5;24684.125;143561000.0
2026-04-30 17:00:00;24685.1953125;24768.861328125;24685.1953125;24766.158203125;139367000.0
2026-04-30 17:15:00;24762.443359375;24782.119140625;24747.994140625;24782.119140625;119121000.0
2026-04-30 17:30:00;24782.140625;24816.474609375;24782.140625;24807.626953125;137976000.0
2026-04-30 17:45:00;24807.14453125;24853.4453125;24807.14453125;24852.791015625;127610000.0
2026-04-30 18:00:00;24851.41015625;24893.13671875;24851.41015625;24876.2421875;139800000.0
2026-04-30 18:15:00;24876.7109375;24890.607421875;24864.92578125;24880.017578125;148290000.0
2026-04-30 18:30:00;24878.361328125;24905.4453125;24878.361328125;24897.904296875;144752000.0
2026-04-30 18:45:00;24898.89453125;24903.310546875;24873.826171875;24879.837890625;160458000.0
2026-04-30 19:00:00;24879.142578125;24921.01171875;24872.634765625;24921.01171875;174631000.0
2026-04-30 19:15:00;24921.107421875;24924.259765625;24911.21484375;24914.115234375;184848000.0
2026-04-30 19:30:00;24911.650390625;24934.251953125;24903.615234375;24931.744140625;232408000.0
2026-04-30 19:45:00;24931.673828125;24935.384765625;24886.68359375;24897.5234375;403881000.0
2026-05-01 13:30:00;24967.671875;25097.560546875;24967.671875;25077.7265625;291523662.0
2026-05-01 13:45:00;25077.107421875;25142.177734375;25046.623046875;25142.177734375;359000200.0
2026-05-01 14:00:00;25150.1171875;25194.07421875;25136.298828125;25182.501953125;309353000.0
2026-05-01 14:15:00;25176.927734375;25197.005859375;25155.275390625;25167.67578125;251348000.0
2026-05-01 14:30:00;25166.8203125;25166.8203125;25053.189453125;25116.888671875;246532000.0
2026-05-01 14:45:00;25110.921875;25147.908203125;25104.39453125;25130.630859375;206114000.0
2026-05-01 15:00:00;25120.888671875;25139.220703125;25084.341796875;25139.220703125;221826000.0
2026-05-01 15:15:00;25142.943359375;25168.16796875;25132.880859375;25164.279296875;179406000.0
2026-05-01 15:30:00;25163.896484375;25202.482421875;25156.4765625;25200.658203125;175210000.0
2026-05-01 15:45:00;25201.3671875;25223.1171875;25160.255859375;25185.853515625;168331000.0
2026-05-01 16:00:00;25186.234375;25193.779296875;25137.26953125;25146.3671875;149557000.0
2026-05-01 16:15:00;25145.703125;25175.59375;25124.298828125;25137.884765625;150993000.0
2026-05-01 16:30:00;25135.05078125;25144.3046875;25117.74609375;25118.90234375;131829000.0
2026-05-01 16:45:00;25116.435546875;25151.8984375;25103.365234375;25133.181640625;137465000.0
2026-05-01 17:00:00;25131.982421875;25157.904296875;25131.982421875;25157.904296875;133234000.0
2026-05-01 17:15:00;25157.201171875;25187.62890625;25157.201171875;25186.455078125;134107000.0
2026-05-01 17:30:00;25187.09375;25188.560546875;25166.677734375;25180.7578125;128756000.0
2026-05-01 17:45:00;25182.6015625;25185.091796875;25169.6640625;25174.408203125;127018000.0
2026-05-01 18:00:00;25175.75390625;25178.21484375;25140.7265625;25141.5703125;140107000.0
2026-05-01 18:15:00;25141.53515625;25161.439453125;25131.970703125;25161.439453125;138167000.0
2026-05-01 18:30:00;25160.091796875;25160.091796875;25109.537109375;25115.130859375;132473000.0
2026-05-01 18:45:00;25115.6484375;25116.453125;25093.080078125;25110.396484375;146508000.0
2026-05-01 19:00:00;25108.875;25153.720703125;25106.64453125;25151.9609375;160685000.0
2026-05-01 19:15:00;25152.447265625;25175.302734375;25145.568359375;25174.6015625;170496000.0
2026-05-01 19:30:00;25174.84375;25177.7109375;25150.513671875;25157.013671875;208401000.0
2026-05-01 19:45:00;25157.037109375;25159.474609375;25107.943359375;25109.98046875;383599000.0
2026-05-04 13:30:00;25126.466796875;25163.66015625;25088.3046875;25126.27734375;290972188.0
2026-05-04 13:45:00;25124.03125;25162.056640625;25100.3984375;25137.40625;354685000.0
2026-05-04 14:00:00;25139.931640625;25155.318359375;25100.166015625;25147.044921875;305888000.0
2026-05-04 14:15:00;25144.59375;25166.701171875;25126.376953125;25131.103515625;274053000.0
2026-05-04 14:30:00;25127.73046875;25197.638671875;25126.166015625;25193.251953125;253915000.0
2026-05-04 14:45:00;25195.71484375;25209.892578125;25147.1953125;25150.923828125;237069000.0
2026-05-04 15:00:00;25141.623046875;25180.685546875;25120.83984375;25130.71875;219017000.0
2026-05-04 15:15:00;25127.568359375;25143.259765625;24996.77734375;25051.130859375;256610000.0
2026-05-04 15:30:00;25055.173828125;25058.296875;24978.501953125;25038.943359375;202859000.0
2026-05-04 15:45:00;25036.705078125;25046.15234375;24986.380859375;25014.927734375;172637000.0
2026-05-04 16:00:00;25014.986328125;25018.482421875;24916.623046875;24950.224609375;184914000.0
2026-05-04 16:15:00;24945.1015625;25024.615234375;24918.125;24998.083984375;158598000.0
2026-05-04 16:30:00;24998.01171875;25022.482421875;24986.349609375;25010.130859375;133621000.0
2026-05-04 16:45:00;25009.15625;25012.74609375;24987.009765625;25001.853515625;137706000.0
2026-05-04 17:00:00;25008.505859375;25041.974609375;25001.28125;25036.96484375;117159000.0
2026-05-04 17:15:00;25035.63671875;25087.427734375;25033.474609375;25076.22265625;136572000.0
2026-05-04 17:30:00;25076.5078125;25079.060546875;25045.44921875;25071.9453125;123451000.0
2026-05-04 17:45:00;25072.560546875;25096.486328125;25064.30078125;25088.234375;118430000.0
2026-05-04 18:00:00;25087.115234375;25112.31640625;25086.701171875;25086.701171875;136115000.0
2026-05-04 18:15:00;25085.548828125;25086.8046875;25040.69140625;25072.587890625;127683000.0
2026-05-04 18:30:00;25072.296875;25074.982421875;25029.52734375;25029.52734375;119615000.0
2026-05-04 18:45:00;25027.673828125;25061.529296875;25021.2734375;25055.14453125;139288000.0
2026-05-04 19:00:00;25056.65625;25073.619140625;25038.212890625;25070.478515625;151146000.0
2026-05-04 19:15:00;25072.24609375;25080.72265625;25053.869140625;25073.36328125;167821000.0
2026-05-04 19:30:00;25074.5078125;25089.35546875;25065.0;25070.58203125;204683000.0
2026-05-04 19:45:00;25068.564453125;25080.375;25046.509765625;25070.2109375;355351000.0
2026-05-05 13:30:00;25263.37109375;25317.505859375;25217.16015625;25305.7890625;314201000.0
2026-05-05 13:45:00;25311.81640625;25334.8046875;25267.634765625;25267.634765625;383570000.0
2026-05-05 14:00:00;25274.318359375;25311.625;25248.859375;25251.451171875;337391000.0
2026-05-05 14:15:00;25242.853515625;25323.060546875;25232.771484375;25314.318359375;298250000.0
2026-05-05 14:30:00;25317.486328125;25328.89453125;25285.357421875;25285.357421875;267200000.0
2026-05-05 14:45:00;25286.43359375;25294.41015625;25267.271484375;25290.435546875;217830000.0
2026-05-05 15:00:00;25284.85546875;25315.484375;25277.255859375;25314.763671875;216052000.0
2026-05-05 15:15:00;25315.046875;25317.951171875;25298.951171875;25310.744140625;186115000.0
2026-05-05 15:30:00;25312.328125;25320.0859375;25295.5703125;25317.873046875;180224000.0
2026-05-05 15:45:00;25317.888671875;25324.71484375;25292.0390625;25296.271484375;183624000.0
2026-05-05 16:00:00;25296.162109375;25321.826171875;25291.30859375;25317.322265625;159818000.0
2026-05-05 16:15:00;25316.638671875;25329.078125;25285.619140625;25303.005859375;154907000.0
2026-05-05 16:30:00;25301.64453125;25314.615234375;25284.890625;25298.724609375;145516000.0
2026-05-05 16:45:00;25298.12109375;25313.876953125;25296.0078125;25299.2734375;124098000.0
2026-05-05 17:00:00;25299.5078125;25305.5546875;25281.578125;25289.708984375;130796000.0
2026-05-05 17:15:00;25289.94921875;25315.8203125;25289.94921875;25315.181640625;135861000.0
2026-05-05 17:30:00;25315.34765625;25321.34765625;25304.28515625;25317.513671875;135659000.0
2026-05-05 17:45:00;25318.798828125;25335.072265625;25315.45703125;25328.3203125;125146000.0
2026-05-05 18:00:00;25326.6953125;25352.861328125;25324.97265625;25352.20703125;145223000.0
2026-05-05 18:15:00;25351.48828125;25357.80859375;25343.9453125;25347.294921875;140200000.0
2026-05-05 18:30:00;25347.275390625;25350.59375;25338.130859375;25345.20703125;145635000.0
2026-05-05 18:45:00;25345.041015625;25353.1640625;25324.00390625;25336.87890625;149990000.0
2026-05-05 19:00:00;25337.83203125;25360.8515625;25335.107421875;25349.353515625;176947000.0
2026-05-05 19:15:00;25348.474609375;25359.826171875;25343.294921875;25347.095703125;177198000.0
2026-05-05 19:30:00;25346.3828125;25349.76953125;25335.6796875;25344.875;222691000.0
2026-05-05 19:45:00;25344.23828125;25346.166015625;25307.318359375;25327.5;377003000.0
2026-05-06 13:30:00;25492.150390625;25569.96484375;25468.693359375;25569.09375;368773102.0
2026-05-06 13:45:00;25577.056640625;25617.673828125;25528.763671875;25590.017578125;394562000.0
2026-05-06 14:00:00;25599.251953125;25634.076171875;25532.525390625;25629.75;354259000.0
2026-05-06 14:15:00;25622.107421875;25633.95703125;25569.39453125;25591.94140625;315258000.0
2026-05-06 14:30:00;25594.955078125;25673.041015625;25592.390625;25670.755859375;268581000.0
2026-05-06 14:45:00;25677.193359375;25691.57421875;25668.69140625;25672.974609375;233774000.0
2026-05-06 15:00:00;25677.34765625;25694.830078125;25645.857421875;25658.37890625;228358000.0
2026-05-06 15:15:00;25658.162109375;25708.779296875;25657.845703125;25697.875;208960000.0
2026-05-06 15:30:00;25700.447265625;25707.59765625;25664.79296875;25695.513671875;205902000.0
2026-05-06 15:45:00;25692.15625;25705.990234375;25682.984375;25700.0625;203410000.0
2026-05-06 16:00:00;25696.04296875;25731.47265625;25693.591796875;25729.443359375;187420000.0
2026-05-06 16:15:00;25729.037109375;25732.416015625;25711.740234375;25722.23046875;181370000.0
2026-05-06 16:30:00;25722.43359375;25724.080078125;25701.279296875;25708.888671875;161845000.0
2026-05-06 16:45:00;25710.37109375;25712.3046875;25665.576171875;25691.166015625;165824000.0
2026-05-06 17:00:00;25689.85546875;25732.62109375;25680.296875;25727.984375;167612000.0
2026-05-06 17:15:00;25729.853515625;25741.13671875;25718.63671875;25728.705078125;153514000.0
2026-05-06 17:30:00;25726.806640625;25747.84375;25726.119140625;25742.611328125;156608000.0
2026-05-06 17:45:00;25742.845703125;25745.943359375;25728.720703125;25736.52734375;155441000.0
2026-05-06 18:00:00;25737.638671875;25759.560546875;25732.896484375;25756.447265625;154153000.0
2026-05-06 18:15:00;25755.66015625;25777.125;25755.66015625;25772.857421875;161427000.0
2026-05-06 18:30:00;25772.970703125;25797.05859375;25766.37890625;25785.330078125;166996000.0
2026-05-06 18:45:00;25782.783203125;25790.0390625;25768.833984375;25773.365234375;160810000.0
2026-05-06 19:00:00;25772.17578125;25803.07421875;25771.720703125;25800.84765625;190812000.0
2026-05-06 19:15:00;25802.13671875;25814.494140625;25798.109375;25808.900390625;238858000.0
2026-05-06 19:30:00;25806.7890625;25811.359375;25791.333984375;25795.583984375;260978000.0
2026-05-06 19:45:00;25794.0703125;25850.060546875;25794.0703125;25834.880859375;450018000.0
2026-05-07 13:30:00;25876.29296875;25920.53125;25866.74609375;25868.876953125;337413405.0
2026-05-07 13:45:00;25873.9921875;25916.84765625;25850.453125;25897.220703125;422656000.0
2026-05-07 14:00:00;25898.517578125;25969.685546875;25898.517578125;25958.013671875;364348000.0
2026-05-07 14:15:00;25959.390625;26000.03125;25940.353515625;25989.384765625;325009000.0
2026-05-07 14:30:00;25983.6328125;26017.576171875;25966.861328125;26002.40234375;291589000.0
2026-05-07 14:45:00;26004.05078125;26036.25;25981.951171875;26021.90234375;265807000.0
2026-05-07 15:00:00;26021.248046875;26021.248046875;25958.201171875;25966.6484375;268074000.0
2026-05-07 15:15:00;25965.654296875;25986.958984375;25942.37890625;25953.8203125;236655000.0
2026-05-07 15:30:00;25958.921875;25994.447265625;25958.921875;25983.9921875;196006000.0
2026-05-07 15:45:00;25984.306640625;25989.021484375;25900.974609375;25907.37890625;216205000.0
2026-05-07 16:00:00;25905.578125;25905.578125;25825.376953125;25833.0;213973000.0
2026-05-07 16:15:00;25828.04296875;25874.73046875;25782.26171875;25872.919921875;231188000.0
2026-05-07 16:30:00;25873.1171875;25899.50390625;25835.509765625;25849.375;172544000.0
2026-05-07 16:45:00;25847.962890625;25853.84375;25793.98828125;25821.48828125;165901000.0
2026-05-07 17:00:00;25824.845703125;25837.689453125;25790.017578125;25802.953125;167184000.0
2026-05-07 17:15:00;25799.744140625;25825.060546875;25715.298828125;25756.5078125;211093000.0
2026-05-07 17:30:00;25760.1015625;25818.5234375;25742.33203125;25782.56640625;163562000.0
2026-05-07 17:45:00;25783.62109375;25832.19140625;25752.806640625;25830.330078125;149235000.0
2026-05-07 18:00:00;25829.734375;25846.40234375;25795.609375;25813.734375;158488000.0
2026-05-07 18:15:00;25813.54296875;25843.619140625;25790.619140625;25797.55078125;175420000.0
2026-05-07 18:30:00;25798.07421875;25830.70703125;25748.16015625;25754.416015625;149918000.0
2026-05-07 18:45:00;25754.654296875;25788.16796875;25737.6875;25786.91015625;168955000.0
2026-05-07 19:00:00;25787.099609375;25791.806640625;25755.974609375;25787.2578125;174627000.0
2026-05-07 19:15:00;25786.416015625;25790.349609375;25731.4765625;25753.486328125;205690000.0
2026-05-07 19:30:00;25755.04296875;25807.912109375;25751.041015625;25799.6796875;243569000.0
2026-05-07 19:45:00;25800.080078125;25825.79296875;25777.568359375;25806.640625;442063000.0
2026-05-08 13:30:00;25959.685546875;26046.01171875;25944.9609375;26043.20703125;393633732.0
2026-05-08 13:45:00;26062.01171875;26118.103515625;26061.6875;26118.103515625;427300000.0
2026-05-08 14:00:00;26131.185546875;26131.595703125;26100.568359375;26119.0234375;378030000.0
2026-05-08 14:15:00;26114.1171875;26155.435546875;26097.66796875;26097.66796875;332219000.0
2026-05-08 14:30:00;26101.369140625;26123.234375;26067.443359375;26122.314453125;290871000.0
2026-05-08 14:45:00;26123.095703125;26154.416015625;26112.810546875;26141.87890625;281813000.0
2026-05-08 15:00:00;26138.427734375;26157.8984375;26127.638671875;26130.74609375;284147000.0
2026-05-08 15:15:00;26128.734375;26146.109375;26102.171875;26143.685546875;259178000.0
2026-05-08 15:30:00;26148.36328125;26172.5;26122.92578125;26145.498046875;238769000.0
2026-05-08 15:45:00;26146.462890625;26170.69140625;26132.0703125;26133.732421875;211772000.0
2026-05-08 16:00:00;26136.634765625;26171.1953125;26136.634765625;26167.58203125;201020000.0
2026-05-08 16:15:00;26167.115234375;26187.794921875;26154.814453125;26180.400390625;206754000.0
2026-05-08 16:30:00;26181.4375;26182.224609375;26145.037109375;26145.037109375;208055000.0
2026-05-08 16:45:00;26146.6015625;26177.748046875;26146.6015625;26164.583984375;217157000.0
2026-05-08 17:00:00;26160.267578125;26195.609375;26159.03515625;26192.3046875;211763000.0
2026-05-08 17:15:00;26191.41015625;26217.419921875;26190.861328125;26209.31640625;183567000.0
2026-05-08 17:30:00;26209.46875;26218.46484375;26182.466796875;26184.080078125;183242000.0
2026-05-08 17:45:00;26184.587890625;26199.841796875;26171.3671875;26177.625;185088000.0
2026-05-08 18:00:00;26177.736328125;26212.005859375;26176.123046875;26206.55859375;174604000.0
2026-05-08 18:15:00;26206.708984375;26216.912109375;26197.2109375;26212.427734375;182992000.0
2026-05-08 18:30:00;26212.23046875;26215.6796875;26189.818359375;26189.818359375;181954000.0
2026-05-08 18:45:00;26186.39453125;26194.298828125;26160.14453125;26164.0703125;185474000.0
2026-05-08 19:00:00;26164.95703125;26214.3828125;26164.95703125;26206.341796875;194349000.0
2026-05-08 19:15:00;26206.19921875;26215.041015625;26184.26953125;26184.26953125;217601000.0
2026-05-08 19:30:00;26182.12890625;26221.427734375;26180.771484375;26218.0390625;261018000.0
2026-05-08 19:45:00;26216.947265625;26248.6171875;26216.431640625;26239.748046875;429352000.0
2026-05-11 13:30:00;26129.828125;26259.935546875;26129.828125;26259.935546875;504267000.0
2026-05-11 13:45:00;26264.630859375;26293.701171875;26203.94140625;26210.7578125;557222000.0
2026-05-11 14:00:00;26220.814453125;26271.595703125;26220.814453125;26270.123046875;462582000.0
2026-05-11 14:15:00;26272.236328125;26287.265625;26192.421875;26192.421875;421974000.0
2026-05-11 14:30:00;26189.80078125;26253.228515625;26160.341796875;26248.17578125;373223000.0
2026-05-11 14:45:00;26248.041015625;26304.376953125;26242.525390625;26288.216796875;351342000.0
2026-05-11 15:00:00;26293.17578125;26313.50390625;26273.310546875;26277.71484375;338289000.0
2026-05-11 15:15:00;26274.63671875;26336.451171875;26268.236328125;26336.451171875;276106000.0
2026-05-11 15:30:00;26335.08203125;26339.28125;26315.13671875;26321.201171875;302850000.0
2026-05-11 15:45:00;26321.41796875;26351.626953125;26319.71484375;26342.796875;270110000.0
2026-05-11 16:00:00;26341.57421875;26356.609375;26333.748046875;26351.701171875;272094000.0
2026-05-11 16:15:00;26350.626953125;26351.666015625;26332.35546875;26349.6640625;254257000.0
2026-05-11 16:30:00;26349.439453125;26359.2265625;26269.568359375;26295.306640625;231985000.0
2026-05-11 16:45:00;26295.828125;26309.7109375;26278.6796875;26284.77734375;205452000.0
2026-05-11 17:00:00;26290.2421875;26301.421875;26264.060546875;26268.802734375;195329000.0
2026-05-11 17:15:00;26268.51953125;26312.095703125;26256.85546875;26307.888671875;199231000.0
2026-05-11 17:30:00;26306.439453125;26337.11328125;26305.24609375;26336.67578125;185390000.0
2026-05-11 17:45:00;26336.869140625;26344.439453125;26307.583984375;26309.36328125;181863000.0
2026-05-11 18:00:00;26310.4765625;26339.53515625;26309.60546875;26330.96484375;184884000.0
2026-05-11 18:15:00;26331.17578125;26335.23828125;26317.689453125;26333.84765625;183747000.0
2026-05-11 18:30:00;26334.119140625;26334.119140625;26299.990234375;26308.123046875;193773000.0
2026-05-11 18:45:00;26307.9609375;26311.68359375;26254.330078125;26256.4765625;209444000.0
2026-05-11 19:00:00;26255.94140625;26290.681640625;26247.79296875;26277.513671875;208785000.0
2026-05-11 19:15:00;26277.90625;26278.677734375;26235.255859375;26245.697265625;232229000.0
2026-05-11 19:30:00;26245.9375;26267.17578125;26241.099609375;26244.376953125;272384000.0
2026-05-11 19:45:00;26243.9140625;26272.955078125;26242.34375;26272.955078125;464247000.0
2026-05-12 20:00:00;26088.203125;26088.203125;26088.203125;26088.203125;0.0
