model_name,asset_symbol,timestamp,predicted_value,real_value
CEEMDAN_LSTM,ETH-USD,2026-06-03 12:45:00,0.051713124,0.052374095
CEEMDAN_LSTM,ETH-USD,2026-06-03 13:00:00,0.051532373,0.05238271
CEEMDAN_LSTM,ETH-USD,2026-06-03 13:15:00,0.05144714,0.052451428
CEEMDAN_LSTM,ETH-USD,2026-06-03 13:30:00,0.05153638,0.05247977
CEEMDAN_LSTM,ETH-USD,2026-06-03 13:45:00,0.051814906,0.052500717
CEEMDAN_LSTM,ETH-USD,2026-06-03 14:00:00,0.051945385,0.052492157
CEEMDAN_LSTM,ETH-USD,2026-06-03 14:15:00,0.051995363,0.052591756
CEEMDAN_LSTM,ETH-USD,2026-06-03 14:30:00,0.05213962,0.052569523
CEEMDAN_LSTM,ETH-USD,2026-06-03 14:45:00,0.052411553,0.052608598
CEEMDAN_LSTM,ETH-USD,2026-06-03 15:00:00,0.05233708,0.05267769
CEEMDAN_LSTM,ETH-USD,2026-06-03 15:15:00,0.052336976,0.052598115
CEEMDAN_LSTM,ETH-USD,2026-06-03 15:30:00,0.05236888,0.05278765
CEEMDAN_LSTM,ETH-USD,2026-06-03 15:45:00,0.052471593,0.052927755
CEEMDAN_LSTM,ETH-USD,2026-06-03 16:00:00,0.052910276,0.052712157
CEEMDAN_LSTM,ETH-USD,2026-06-03 16:15:00,0.053163595,0.053535152
CEEMDAN_LSTM,ETH-USD,2026-06-03 16:30:00,0.053261988,0.053811826
CEEMDAN_LSTM,ETH-USD,2026-06-03 16:45:00,0.05346334,0.053783618
CEEMDAN_LSTM,ETH-USD,2026-06-03 17:00:00,0.053207286,0.053876046
CEEMDAN_LSTM,ETH-USD,2026-06-03 17:15:00,0.053141095,0.05414764
CEEMDAN_LSTM,ETH-USD,2026-06-03 17:30:00,0.0529036,0.054113925
CEEMDAN_LSTM,ETH-USD,2026-06-03 17:45:00,0.05274398,0.054250054
CEEMDAN_LSTM,ETH-USD,2026-06-03 18:00:00,0.05281304,0.05424363
CEEMDAN_LSTM,ETH-USD,2026-06-03 18:15:00,0.053143095,0.054253064
CEEMDAN_LSTM,ETH-USD,2026-06-03 18:30:00,0.053435516,0.054333184
CEEMDAN_LSTM,ETH-USD,2026-06-03 18:45:00,0.053488187,0.054338783
CEEMDAN_LSTM,ETH-USD,2026-06-03 19:00:00,0.053509142,0.05432039
CEEMDAN_LSTM,ETH-USD,2026-06-03 19:15:00,0.053635873,0.054574136
CEEMDAN_LSTM,ETH-USD,2026-06-03 19:30:00,0.054010745,0.05458498
CEEMDAN_LSTM,ETH-USD,2026-06-03 19:45:00,0.05417086,0.05523591
CEEMDAN_LSTM,ETH-USD,2026-06-03 20:00:00,0.05440714,0.055420183
CEEMDAN_LSTM,ETH-USD,2026-06-03 20:15:00,0.054506075,0.05534022
CEEMDAN_LSTM,ETH-USD,2026-06-03 20:30:00,0.054312408,0.05598937
CEEMDAN_LSTM,ETH-USD,2026-06-03 20:45:00,0.05424654,0.05632978
CEEMDAN_LSTM,ETH-USD,2026-06-03 21:00:00,0.054650504,0.057078034
CEEMDAN_LSTM,ETH-USD,2026-06-03 21:15:00,0.054086525,0.057102475
CEEMDAN_LSTM,ETH-USD,2026-06-03 21:30:00,0.05394207,0.05898513
CEEMDAN_LSTM,ETH-USD,2026-06-03 21:45:00,0.05316278,0.059987005
CEEMDAN_LSTM,ETH-USD,2026-06-03 22:00:00,0.053922884,0.060242467
CEEMDAN_LSTM,ETH-USD,2026-06-03 22:15:00,0.05587811,0.06037176
CEEMDAN_LSTM,ETH-USD,2026-06-03 22:30:00,0.05788174,0.06036789
CEEMDAN_LSTM,ETH-USD,2026-06-03 22:45:00,0.058760993,0.060297024
CEEMDAN_LSTM,ETH-USD,2026-06-03 23:00:00,0.059008077,0.06033347
CEEMDAN_LSTM,ETH-USD,2026-06-03 23:15:00,0.059127323,0.06032705
CEEMDAN_LSTM,ETH-USD,2026-06-03 23:30:00,0.059224598,0.060359348
CEEMDAN_LSTM,ETH-USD,2026-06-03 23:45:00,0.059559442,0.060306262
CEEMDAN_LSTM,ETH-USD,2026-06-04 00:00:00,0.060177565,0.06034876
CEEMDAN_LSTM,ETH-USD,2026-06-04 00:15:00,0.060494415,0.062380128
CEEMDAN_LSTM,ETH-USD,2026-06-04 00:30:00,0.0630877,0.06280288
CEEMDAN_LSTM,ETH-USD,2026-06-04 00:45:00,0.06482719,0.06289595
CEEMDAN_LSTM,ETH-USD,2026-06-04 01:00:00,0.06604404,0.062981084
CEEMDAN_LSTM,ETH-USD,2026-06-04 01:15:00,0.06692482,0.06338973
CEEMDAN_LSTM,ETH-USD,2026-06-04 01:30:00,0.06689048,0.063607566
CEEMDAN_LSTM,ETH-USD,2026-06-04 01:45:00,0.06528357,0.06478373
CEEMDAN_LSTM,ETH-USD,2026-06-04 02:00:00,0.06619226,0.06512094
CEEMDAN_LSTM,ETH-USD,2026-06-04 02:15:00,0.06764948,0.06611819
CEEMDAN_LSTM,ETH-USD,2026-06-04 02:30:00,0.06513925,0.06627029
CEEMDAN_LSTM,ETH-USD,2026-06-04 02:45:00,0.06475279,0.06634705
CEEMDAN_LSTM,ETH-USD,2026-06-04 03:00:00,0.06524119,0.068066016
CEEMDAN_LSTM,ETH-USD,2026-06-04 03:15:00,0.06352453,0.06784781
CEEMDAN_LSTM,ETH-USD,2026-06-04 03:30:00,0.06588618,0.068229906
CEEMDAN_LSTM,ETH-USD,2026-06-04 03:45:00,0.066011906,0.06822045
CEEMDAN_LSTM,ETH-USD,2026-06-04 04:00:00,0.06771812,0.06792865
CEEMDAN_LSTM,ETH-USD,2026-06-04 04:15:00,0.06852079,0.067931324
CEEMDAN_LSTM,ETH-USD,2026-06-04 04:30:00,0.06939974,0.06794374
CEEMDAN_LSTM,ETH-USD,2026-06-04 04:45:00,0.070450686,0.06793095
CEEMDAN_LSTM,ETH-USD,2026-06-04 05:00:00,0.07118446,0.06826317
CEEMDAN_LSTM,ETH-USD,2026-06-04 05:15:00,0.07257477,0.06838399
CEEMDAN_LSTM,ETH-USD,2026-06-04 05:30:00,0.073595114,0.06860852
CEEMDAN_LSTM,ETH-USD,2026-06-04 05:45:00,0.07260079,0.06879002
CEEMDAN_LSTM,ETH-USD,2026-06-04 06:00:00,0.073680416,0.06889935
CEEMDAN_LSTM,ETH-USD,2026-06-04 06:15:00,0.07362273,0.06892419
CEEMDAN_LSTM,ETH-USD,2026-06-04 06:30:00,0.07334773,0.06860379
CEEMDAN_LSTM,ETH-USD,2026-06-04 06:45:00,0.07373924,0.06868034
CEEMDAN_LSTM,ETH-USD,2026-06-04 07:00:00,0.07446517,0.06877046
CEEMDAN_LSTM,ETH-USD,2026-06-04 07:15:00,0.0751219,0.068772025
CEEMDAN_LSTM,ETH-USD,2026-06-04 07:30:00,0.07534499,0.06888792
CEEMDAN_LSTM,ETH-USD,2026-06-04 07:45:00,0.07426425,0.068901025
CEEMDAN_LSTM,ETH-USD,2026-06-04 08:00:00,0.07479636,0.06899579
CEEMDAN_LSTM,ETH-USD,2026-06-04 08:15:00,0.075534515,0.06887901
CEEMDAN_LSTM,ETH-USD,2026-06-04 08:30:00,0.07443789,0.06888057
CEEMDAN_LSTM,ETH-USD,2026-06-04 08:45:00,0.07370001,0.068937175
CEEMDAN_LSTM,ETH-USD,2026-06-04 09:00:00,0.073005885,0.069152564
CEEMDAN_LSTM,ETH-USD,2026-06-04 09:15:00,0.07406992,0.06933255
CEEMDAN_LSTM,ETH-USD,2026-06-04 09:30:00,0.07539461,0.06936883
CEEMDAN_LSTM,ETH-USD,2026-06-04 09:45:00,0.0745713,0.06983945
CEEMDAN_LSTM,ETH-USD,2026-06-04 10:00:00,0.07282699,0.07004361
CEEMDAN_LSTM,ETH-USD,2026-06-04 10:15:00,0.07490084,0.0699249
CEEMDAN_LSTM,ETH-USD,2026-06-04 10:30:00,0.07609318,0.06986545
CEEMDAN_LSTM,ETH-USD,2026-06-04 10:45:00,0.07592881,0.07041342
CEEMDAN_LSTM,ETH-USD,2026-06-04 11:00:00,0.07685508,0.07041313
CEEMDAN_LSTM,ETH-USD,2026-06-04 11:15:00,0.076656,0.070762955
CEEMDAN_LSTM,ETH-USD,2026-06-04 11:30:00,0.07447712,0.070813365
CEEMDAN_LSTM,ETH-USD,2026-06-04 11:45:00,0.07499439,0.071081154
CEEMDAN_LSTM,ETH-USD,2026-06-04 12:00:00,0.07394935,0.07105925
CEEMDAN_LSTM,ETH-USD,2026-06-04 12:15:00,0.074457206,0.072047845
CEEMDAN_LSTM,ETH-USD,2026-06-04 12:30:00,0.07252606,0.072193764
CEEMDAN_LSTM,ETH-USD,2026-06-04 12:45:00,0.073498726,0.072227575
CEEMDAN_LSTM,ETH-USD,2026-06-04 13:00:00,0.074364476,0.072247215
CEEMDAN_LSTM,ETH-USD,2026-06-04 13:15:00,0.07550331,0.07227092
CEEMDAN_LSTM,ETH-USD,2026-06-04 13:30:00,0.076703675,0.07282571
CEEMDAN_LSTM,ETH-USD,2026-06-04 13:45:00,0.07522432,0.072799824
CEEMDAN_LSTM,ETH-USD,2026-06-04 14:00:00,0.075576186,0.072853565
CEEMDAN_LSTM,ETH-USD,2026-06-04 14:15:00,0.07588299,0.07292058
CEEMDAN_LSTM,ETH-USD,2026-06-04 14:30:00,0.0772207,0.07300746
CEEMDAN_LSTM,ETH-USD,2026-06-04 14:45:00,0.07835519,0.07301643
CEEMDAN_LSTM,ETH-USD,2026-06-04 15:00:00,0.07808008,0.0735242
CEEMDAN_LSTM,ETH-USD,2026-06-04 15:15:00,0.076803885,0.073717535
CEEMDAN_LSTM,ETH-USD,2026-06-04 15:30:00,0.078893214,0.073725946
CEEMDAN_LSTM,ETH-USD,2026-06-04 15:45:00,0.08006097,0.07373604
CEEMDAN_LSTM,ETH-USD,2026-06-04 16:00:00,0.079957835,0.07375371
CEEMDAN_LSTM,ETH-USD,2026-06-04 16:15:00,0.080141276,0.07371077
CEEMDAN_LSTM,ETH-USD,2026-06-04 16:30:00,0.08002913,0.073829114
CEEMDAN_LSTM,ETH-USD,2026-06-04 16:45:00,0.078938626,0.073828466
CEEMDAN_LSTM,ETH-USD,2026-06-04 17:00:00,0.07961589,0.073758565
CEEMDAN_LSTM,ETH-USD,2026-06-04 17:15:00,0.07958726,0.07335489
CEEMDAN_LSTM,ETH-USD,2026-06-04 17:30:00,0.07978449,0.073419295
CEEMDAN_LSTM,ETH-USD,2026-06-04 17:45:00,0.079176985,0.07344914
CEEMDAN_LSTM,ETH-USD,2026-06-04 18:00:00,0.0775474,0.07351611
CEEMDAN_LSTM,ETH-USD,2026-06-04 18:15:00,0.077854194,0.07429076
CEEMDAN_LSTM,ETH-USD,2026-06-04 18:30:00,0.076153904,0.074280344
CEEMDAN_LSTM,ETH-USD,2026-06-04 18:45:00,0.0781212,0.07428983
CEEMDAN_LSTM,ETH-USD,2026-06-04 19:00:00,0.07905133,0.07426488
CEEMDAN_LSTM,ETH-USD,2026-06-04 19:15:00,0.078882635,0.0743208
CEEMDAN_LSTM,ETH-USD,2026-06-04 19:30:00,0.0782277,0.074386604
CEEMDAN_LSTM,ETH-USD,2026-06-04 19:45:00,0.079294115,0.07435131
CEEMDAN_LSTM,ETH-USD,2026-06-04 20:00:00,0.07948817,0.074350744
CEEMDAN_LSTM,ETH-USD,2026-06-04 20:15:00,0.07951598,0.07427383
CEEMDAN_LSTM,ETH-USD,2026-06-04 20:30:00,0.079388574,0.0742977
CEEMDAN_LSTM,ETH-USD,2026-06-04 20:45:00,0.07874773,0.0742549
CEEMDAN_LSTM,ETH-USD,2026-06-04 21:00:00,0.07829964,0.074291475
CEEMDAN_LSTM,ETH-USD,2026-06-04 21:15:00,0.07802792,0.07437654
CEEMDAN_LSTM,ETH-USD,2026-06-04 21:30:00,0.07908608,0.07437809
CEEMDAN_LSTM,ETH-USD,2026-06-04 21:45:00,0.07928635,0.07445557
CEEMDAN_LSTM,ETH-USD,2026-06-04 22:00:00,0.0795601,0.07448477
CEEMDAN_LSTM,ETH-USD,2026-06-04 22:15:00,0.07966094,0.07451565
CEEMDAN_LSTM,ETH-USD,2026-06-04 22:30:00,0.078899905,0.074398935
CEEMDAN_LSTM,ETH-USD,2026-06-04 22:45:00,0.078599885,0.07457084
CEEMDAN_LSTM,ETH-USD,2026-06-04 23:00:00,0.077765286,0.07456649
CEEMDAN_LSTM,ETH-USD,2026-06-04 23:15:00,0.078283615,0.07471395
CEEMDAN_LSTM,ETH-USD,2026-06-04 23:30:00,0.079784684,0.07488092
CEEMDAN_LSTM,ETH-USD,2026-06-04 23:45:00,0.0792593,0.07488849
CEEMDAN_LSTM,ETH-USD,2026-06-05 00:00:00,0.079517595,0.074910186
CEEMDAN_LSTM,ETH-USD,2026-06-05 00:15:00,0.080597706,0.0750784
CEEMDAN_LSTM,ETH-USD,2026-06-05 00:30:00,0.07997216,0.07507392
CEEMDAN_LSTM,ETH-USD,2026-06-05 00:45:00,0.080557495,0.07518682
CEEMDAN_LSTM,ETH-USD,2026-06-05 01:00:00,0.08154891,0.075181246
CEEMDAN_LSTM,ETH-USD,2026-06-05 01:15:00,0.08162909,0.07516822
CEEMDAN_LSTM,ETH-USD,2026-06-05 01:30:00,0.08123888,0.07518084
CEEMDAN_LSTM,ETH-USD,2026-06-05 01:45:00,0.08063456,0.07507128
CEEMDAN_LSTM,ETH-USD,2026-06-05 02:00:00,0.080929376,0.07512849
CEEMDAN_LSTM,ETH-USD,2026-06-05 02:15:00,0.081400074,0.0753065
CEEMDAN_LSTM,ETH-USD,2026-06-05 02:30:00,0.08209975,0.07530294
CEEMDAN_LSTM,ETH-USD,2026-06-05 02:45:00,0.08183729,0.07534759
CEEMDAN_LSTM,ETH-USD,2026-06-05 03:00:00,0.08178363,0.07541835
CEEMDAN_LSTM,ETH-USD,2026-06-05 03:15:00,0.08201349,0.075508885
CEEMDAN_LSTM,ETH-USD,2026-06-05 03:30:00,0.08099588,0.0755184
CEEMDAN_LSTM,ETH-USD,2026-06-05 03:45:00,0.08069696,0.07551657
CEEMDAN_LSTM,ETH-USD,2026-06-05 04:00:00,0.08109396,0.07551502
CEEMDAN_LSTM,ETH-USD,2026-06-05 04:15:00,0.08160094,0.07565426
CEEMDAN_LSTM,ETH-USD,2026-06-05 04:30:00,0.08095633,0.075703345
CEEMDAN_LSTM,ETH-USD,2026-06-05 04:45:00,0.0822027,0.0762081
CEEMDAN_LSTM,ETH-USD,2026-06-05 05:00:00,0.081910096,0.07641851
CEEMDAN_LSTM,ETH-USD,2026-06-05 05:15:00,0.08481459,0.07485294
CEEMDAN_LSTM,ETH-USD,2026-06-05 05:30:00,0.08674215,0.077570245
CEEMDAN_LSTM,ETH-USD,2026-06-05 05:45:00,0.08937501,0.077956006
CEEMDAN_LSTM,ETH-USD,2026-06-05 06:00:00,0.092387564,0.0782482
CEEMDAN_LSTM,ETH-USD,2026-06-05 06:15:00,0.09195347,0.079106785
CEEMDAN_LSTM,ETH-USD,2026-06-05 06:30:00,0.09074331,0.08017626
CEEMDAN_LSTM,ETH-USD,2026-06-05 06:45:00,0.08636562,0.08022361
CEEMDAN_LSTM,ETH-USD,2026-06-05 07:00:00,0.08698532,0.08025611
CEEMDAN_LSTM,ETH-USD,2026-06-05 07:15:00,0.08930795,0.081228085
CEEMDAN_LSTM,ETH-USD,2026-06-05 07:30:00,0.08640294,0.0818492
CEEMDAN_LSTM,ETH-USD,2026-06-05 07:45:00,0.085009,0.08191848
CEEMDAN_LSTM,ETH-USD,2026-06-05 08:00:00,0.086288415,0.082042165
CEEMDAN_LSTM,ETH-USD,2026-06-05 08:15:00,0.0884059,0.08205759
CEEMDAN_LSTM,ETH-USD,2026-06-05 08:30:00,0.08847638,0.08208769
CEEMDAN_LSTM,ETH-USD,2026-06-05 08:45:00,0.08829574,0.08209705
CEEMDAN_LSTM,ETH-USD,2026-06-05 09:00:00,0.08769572,0.08318674
CEEMDAN_LSTM,ETH-USD,2026-06-05 09:15:00,0.0852862,0.08307558
CEEMDAN_LSTM,ETH-USD,2026-06-05 09:30:00,0.08678592,0.08313744
CEEMDAN_LSTM,ETH-USD,2026-06-05 09:45:00,0.08871888,0.08318596
CEEMDAN_LSTM,ETH-USD,2026-06-05 10:00:00,0.08873938,0.08320754
CEEMDAN_LSTM,ETH-USD,2026-06-05 10:15:00,0.08912635,0.08306676
CEEMDAN_LSTM,ETH-USD,2026-06-05 10:30:00,0.0893518,0.08309904
CEEMDAN_LSTM,ETH-USD,2026-06-05 10:45:00,0.08902529,0.082916655
CEEMDAN_LSTM,ETH-USD,2026-06-05 11:00:00,0.0894589,0.082971565
CEEMDAN_LSTM,ETH-USD,2026-06-05 11:15:00,0.09001289,0.08264472
CEEMDAN_LSTM,ETH-USD,2026-06-05 11:30:00,0.08921769,0.0827721
CEEMDAN_LSTM,ETH-USD,2026-06-05 11:45:00,0.090029866,0.082722
CEEMDAN_LSTM,ETH-USD,2026-06-05 12:00:00,0.09100841,0.08270682
CEEMDAN_LSTM,ETH-USD,2026-06-05 12:15:00,0.09123956,0.082613334
CEEMDAN_LSTM,ETH-USD,2026-06-05 12:30:00,0.090792485,0.08266257
CEEMDAN_LSTM,ETH-USD,2026-06-05 12:45:00,0.091194265,0.08264586
CEEMDAN_LSTM,ETH-USD,2026-06-05 13:00:00,0.09163479,0.08269785
CEEMDAN_LSTM,ETH-USD,2026-06-05 13:15:00,0.09176697,0.08239581
CEEMDAN_LSTM,ETH-USD,2026-06-05 13:30:00,0.093656614,0.08250787
CEEMDAN_LSTM,ETH-USD,2026-06-05 13:45:00,0.096294634,0.08486051
CEEMDAN_LSTM,ETH-USD,2026-06-05 14:00:00,0.099751845,0.08483123
CEEMDAN_LSTM,ETH-USD,2026-06-05 14:15:00,0.09765868,0.08424521
CEEMDAN_LSTM,ETH-USD,2026-06-05 14:30:00,0.094348066,0.08422047
CEEMDAN_LSTM,ETH-USD,2026-06-05 14:45:00,0.09189553,0.08429376
CEEMDAN_LSTM,ETH-USD,2026-06-05 15:00:00,0.09237188,0.084861554
CEEMDAN_LSTM,ETH-USD,2026-06-05 15:15:00,0.093914375,0.085270464
CEEMDAN_LSTM,ETH-USD,2026-06-05 15:30:00,0.091593705,0.085356325
CEEMDAN_LSTM,ETH-USD,2026-06-05 15:45:00,0.09186452,0.085354164
CEEMDAN_LSTM,ETH-USD,2026-06-05 16:00:00,0.09251349,0.08530975
CEEMDAN_LSTM,ETH-USD,2026-06-05 16:15:00,0.09205998,0.085271806
CEEMDAN_LSTM,ETH-USD,2026-06-05 16:30:00,0.0910647,0.08507758
CEEMDAN_LSTM,ETH-USD,2026-06-05 16:45:00,0.09149544,0.08633748
CEEMDAN_LSTM,ETH-USD,2026-06-05 17:00:00,0.088890195,0.086460814
CEEMDAN_LSTM,ETH-USD,2026-06-05 17:15:00,0.091103576,0.0866147
CEEMDAN_LSTM,ETH-USD,2026-06-05 17:30:00,0.09356442,0.08664424
CEEMDAN_LSTM,ETH-USD,2026-06-05 17:45:00,0.09302308,0.08665848
CEEMDAN_LSTM,ETH-USD,2026-06-05 18:00:00,0.09239032,0.08670556
CEEMDAN_LSTM,ETH-USD,2026-06-05 18:15:00,0.09297229,0.08780186
CEEMDAN_LSTM,ETH-USD,2026-06-05 18:30:00,0.09483539,0.087280266
CEEMDAN_LSTM,ETH-USD,2026-06-05 18:45:00,0.09430497,0.08749994
CEEMDAN_LSTM,ETH-USD,2026-06-05 19:00:00,0.09327027,0.08720434
CEEMDAN_LSTM,ETH-USD,2026-06-05 19:15:00,0.09226648,0.0873721
CEEMDAN_LSTM,ETH-USD,2026-06-05 19:30:00,0.09071499,0.087473825
CEEMDAN_LSTM,ETH-USD,2026-06-05 19:45:00,0.09111216,0.088469766
CEEMDAN_LSTM,ETH-USD,2026-06-05 20:00:00,0.0892005,0.08813824
CEEMDAN_LSTM,ETH-USD,2026-06-05 20:15:00,0.08955038,0.08851581
CEEMDAN_LSTM,ETH-USD,2026-06-05 20:30:00,0.08997572,0.088555746
CEEMDAN_LSTM,ETH-USD,2026-06-05 20:45:00,0.09101285,0.088493645
CEEMDAN_LSTM,ETH-USD,2026-06-05 21:00:00,0.09166671,0.08871115
CEEMDAN_LSTM,ETH-USD,2026-06-05 21:15:00,0.09172856,0.08871038
CEEMDAN_LSTM,ETH-USD,2026-06-05 21:30:00,0.092995025,0.088585585
CEEMDAN_LSTM,ETH-USD,2026-06-05 21:45:00,0.093746856,0.088508785
CEEMDAN_LSTM,ETH-USD,2026-06-05 22:00:00,0.094472654,0.08897649
CEEMDAN_LSTM,ETH-USD,2026-06-05 22:15:00,0.09595257,0.08894218
CEEMDAN_LSTM,ETH-USD,2026-06-05 22:30:00,0.09582242,0.089010246
CEEMDAN_LSTM,ETH-USD,2026-06-05 22:45:00,0.095000215,0.08899963
CEEMDAN_LSTM,ETH-USD,2026-06-05 23:00:00,0.09527339,0.08902586
CEEMDAN_LSTM,ETH-USD,2026-06-05 23:15:00,0.09581613,0.08966852
CEEMDAN_LSTM,ETH-USD,2026-06-05 23:30:00,0.09680887,0.089613095
CEEMDAN_LSTM,ETH-USD,2026-06-05 23:45:00,0.09596815,0.08993064
CEEMDAN_LSTM,ETH-USD,2026-06-06 00:00:00,0.09368951,0.09049877
CEEMDAN_LSTM,ETH-USD,2026-06-06 00:15:00,0.09259788,0.09050491
CEEMDAN_LSTM,ETH-USD,2026-06-06 00:30:00,0.09435057,0.09049205
CEEMDAN_LSTM,ETH-USD,2026-06-06 00:45:00,0.09569237,0.09045383
CEEMDAN_LSTM,ETH-USD,2026-06-06 01:00:00,0.09570081,0.09036395
CEEMDAN_LSTM,ETH-USD,2026-06-06 01:15:00,0.0959333,0.090487905
CEEMDAN_LSTM,ETH-USD,2026-06-06 01:30:00,0.09530917,0.09059106
CEEMDAN_LSTM,ETH-USD,2026-06-06 01:45:00,0.09661494,0.090580665
CEEMDAN_LSTM,ETH-USD,2026-06-06 02:00:00,0.09742646,0.090662636
CEEMDAN_LSTM,ETH-USD,2026-06-06 02:15:00,0.098111875,0.09067015
CEEMDAN_LSTM,ETH-USD,2026-06-06 02:30:00,0.098049045,0.090710536
CEEMDAN_LSTM,ETH-USD,2026-06-06 02:45:00,0.097197644,0.09070547
CEEMDAN_LSTM,ETH-USD,2026-06-06 03:00:00,0.09747354,0.090746716
CEEMDAN_LSTM,ETH-USD,2026-06-06 03:15:00,0.0985157,0.09076332
CEEMDAN_LSTM,ETH-USD,2026-06-06 03:30:00,0.09846936,0.09078289
CEEMDAN_LSTM,ETH-USD,2026-06-06 03:45:00,0.097449824,0.090748325
CEEMDAN_LSTM,ETH-USD,2026-06-06 04:00:00,0.096804015,0.09176068
CEEMDAN_LSTM,ETH-USD,2026-06-06 04:15:00,0.098932624,0.09183007
CEEMDAN_LSTM,ETH-USD,2026-06-06 04:30:00,0.09879232,0.0921186
CEEMDAN_LSTM,ETH-USD,2026-06-06 04:45:00,0.097157024,0.09210617
CEEMDAN_LSTM,ETH-USD,2026-06-06 05:00:00,0.09514077,0.09211873
CEEMDAN_LSTM,ETH-USD,2026-06-06 05:15:00,0.09397347,0.094309844
CEEMDAN_LSTM,ETH-USD,2026-06-06 05:30:00,0.09094713,0.09461163
CEEMDAN_LSTM,ETH-USD,2026-06-06 05:45:00,0.09251314,0.094673105
CEEMDAN_LSTM,ETH-USD,2026-06-06 06:00:00,0.09471348,0.094847724
CEEMDAN_LSTM,ETH-USD,2026-06-06 06:15:00,0.095712,0.094828315
CEEMDAN_LSTM,ETH-USD,2026-06-06 06:30:00,0.09689899,0.094923735
CEEMDAN_LSTM,ETH-USD,2026-06-06 06:45:00,0.09799138,0.094874784
CEEMDAN_LSTM,ETH-USD,2026-06-06 07:00:00,0.09792308,0.095365725
CEEMDAN_LSTM,ETH-USD,2026-06-06 07:15:00,0.09643975,0.09499918
CEEMDAN_LSTM,ETH-USD,2026-06-06 07:30:00,0.09753848,0.09501669
CEEMDAN_LSTM,ETH-USD,2026-06-06 07:45:00,0.0971396,0.09497397
CEEMDAN_LSTM,ETH-USD,2026-06-06 08:00:00,0.09704324,0.09480353
CEEMDAN_LSTM,ETH-USD,2026-06-06 08:15:00,0.09711051,0.09480816
CEEMDAN_LSTM,ETH-USD,2026-06-06 08:30:00,0.09695842,0.09472707
CEEMDAN_LSTM,ETH-USD,2026-06-06 08:45:00,0.09784616,0.09468984
CEEMDAN_LSTM,ETH-USD,2026-06-06 09:00:00,0.099194385,0.09468392
CEEMDAN_LSTM,ETH-USD,2026-06-06 09:15:00,0.09970976,0.09477444
CEEMDAN_LSTM,ETH-USD,2026-06-06 09:30:00,0.099481046,0.094803646
CEEMDAN_LSTM,ETH-USD,2026-06-06 09:45:00,0.10087476,0.0949353
CEEMDAN_LSTM,ETH-USD,2026-06-06 10:00:00,0.10230263,0.09529164
CEEMDAN_LSTM,ETH-USD,2026-06-06 10:15:00,0.102330685,0.0951109
CEEMDAN_LSTM,ETH-USD,2026-06-06 10:30:00,0.100233085,0.0952541
CEEMDAN_LSTM,ETH-USD,2026-06-06 10:45:00,0.09926448,0.09495275
CEEMDAN_LSTM,ETH-USD,2026-06-06 11:00:00,0.097819045,0.09495094
CEEMDAN_LSTM,ETH-USD,2026-06-06 11:15:00,0.09654915,0.09518999
CEEMDAN_LSTM,ETH-USD,2026-06-06 11:30:00,0.09660448,0.09482447
CEEMDAN_LSTM,ETH-USD,2026-06-06 11:45:00,0.09834125,0.09463018
CEEMDAN_LSTM,ETH-USD,2026-06-06 12:00:00,0.09899697,0.09423617
CEEMDAN_LSTM,ETH-USD,2026-06-06 12:15:00,0.09829537,0.094312616
CEEMDAN_LSTM,ETH-USD,2026-06-06 12:30:00,0.09872561,0.09322318
CEEMDAN_LSTM,ETH-USD,2026-06-06 12:45:00,0.09806167,0.09269941
CEEMDAN_LSTM,ETH-USD,2026-06-06 13:00:00,0.096567556,0.09255788
CEEMDAN_LSTM,ETH-USD,2026-06-06 13:15:00,0.09664392,0.09253949
CEEMDAN_LSTM,ETH-USD,2026-06-06 13:30:00,0.097320236,0.09255186
CEEMDAN_LSTM,ETH-USD,2026-06-06 13:45:00,0.09690407,0.09262992
CEEMDAN_LSTM,ETH-USD,2026-06-06 14:00:00,0.09697246,0.092668064
CEEMDAN_LSTM,ETH-USD,2026-06-06 14:15:00,0.09613435,0.09267231
CEEMDAN_LSTM,ETH-USD,2026-06-06 14:30:00,0.09586625,0.092658855
CEEMDAN_LSTM,ETH-USD,2026-06-06 14:45:00,0.096063234,0.09269972
CEEMDAN_LSTM,ETH-USD,2026-06-06 15:00:00,0.096793525,0.09271057
CEEMDAN_LSTM,ETH-USD,2026-06-06 15:15:00,0.097147524,0.09143334
CEEMDAN_LSTM,ETH-USD,2026-06-06 15:30:00,0.09634387,0.091304846
CEEMDAN_LSTM,ETH-USD,2026-06-06 15:45:00,0.09478623,0.09125704
CEEMDAN_LSTM,ETH-USD,2026-06-06 16:00:00,0.09523671,0.09120273
CEEMDAN_LSTM,ETH-USD,2026-06-06 16:15:00,0.095612876,0.090955116
CEEMDAN_LSTM,ETH-USD,2026-06-06 16:30:00,0.09563331,0.09089561
CEEMDAN_LSTM,ETH-USD,2026-06-06 16:45:00,0.09451601,0.09007721
CEEMDAN_LSTM,ETH-USD,2026-06-06 17:00:00,0.09414955,0.08983188
CEEMDAN_LSTM,ETH-USD,2026-06-06 17:15:00,0.09385078,0.08910793
CEEMDAN_LSTM,ETH-USD,2026-06-06 17:30:00,0.09366352,0.08900124
CEEMDAN_LSTM,ETH-USD,2026-06-06 17:45:00,0.093245305,0.08893793
CEEMDAN_LSTM,ETH-USD,2026-06-06 18:00:00,0.09299781,0.08758721
CEEMDAN_LSTM,ETH-USD,2026-06-06 18:15:00,0.09296705,0.087981574
CEEMDAN_LSTM,ETH-USD,2026-06-06 18:30:00,0.09116618,0.087675
CEEMDAN_LSTM,ETH-USD,2026-06-06 18:45:00,0.092207715,0.08767088
CEEMDAN_LSTM,ETH-USD,2026-06-06 19:00:00,0.09265784,0.08765741
CEEMDAN_LSTM,ETH-USD,2026-06-06 19:15:00,0.09220909,0.087679565
CEEMDAN_LSTM,ETH-USD,2026-06-06 19:30:00,0.09261842,0.08766718
CEEMDAN_LSTM,ETH-USD,2026-06-06 19:45:00,0.09279217,0.08766653
CEEMDAN_LSTM,ETH-USD,2026-06-06 20:00:00,0.09260537,0.087424465
CEEMDAN_LSTM,ETH-USD,2026-06-06 20:15:00,0.09237423,0.08733858
CEEMDAN_LSTM,ETH-USD,2026-06-06 20:30:00,0.09193424,0.08729181
CEEMDAN_LSTM,ETH-USD,2026-06-06 20:45:00,0.09111266,0.08715972
CEEMDAN_LSTM,ETH-USD,2026-06-06 21:00:00,0.09145408,0.08709961
CEEMDAN_LSTM,ETH-USD,2026-06-06 21:15:00,0.091225274,0.086999
CEEMDAN_LSTM,ETH-USD,2026-06-06 21:30:00,0.09113324,0.08699531
CEEMDAN_LSTM,ETH-USD,2026-06-06 21:45:00,0.09130123,0.08691344
CEEMDAN_LSTM,ETH-USD,2026-06-06 22:00:00,0.09153942,0.08685321
CEEMDAN_LSTM,ETH-USD,2026-06-06 22:15:00,0.09150829,0.086829975
CEEMDAN_LSTM,ETH-USD,2026-06-06 22:30:00,0.09128739,0.086778
CEEMDAN_LSTM,ETH-USD,2026-06-06 22:45:00,0.09055545,0.08672718
CEEMDAN_LSTM,ETH-USD,2026-06-06 23:00:00,0.090231776,0.08661979
CEEMDAN_LSTM,ETH-USD,2026-06-06 23:15:00,0.090110056,0.08658953
CEEMDAN_LSTM,ETH-USD,2026-06-06 23:30:00,0.09027398,0.08674985
CEEMDAN_LSTM,ETH-USD,2026-06-06 23:45:00,0.089426234,0.0867174
CEEMDAN_LSTM,ETH-USD,2026-06-07 00:00:00,0.089500055,0.08652408
CEEMDAN_LSTM,ETH-USD,2026-06-07 00:15:00,0.090170726,0.086274564
CEEMDAN_LSTM,ETH-USD,2026-06-07 00:30:00,0.09003119,0.08624411
CEEMDAN_LSTM,ETH-USD,2026-06-07 00:45:00,0.08948949,0.085864305
CEEMDAN_LSTM,ETH-USD,2026-06-07 01:00:00,0.0890444,0.08685959
CEEMDAN_LSTM,ETH-USD,2026-06-07 01:15:00,0.08689963,0.08706058
CEEMDAN_LSTM,ETH-USD,2026-06-07 01:30:00,0.08789953,0.08715388
CEEMDAN_LSTM,ETH-USD,2026-06-07 01:45:00,0.090253316,0.086699106
CEEMDAN_LSTM,ETH-USD,2026-06-07 02:00:00,0.09088606,0.086698614
CEEMDAN_LSTM,ETH-USD,2026-06-07 02:15:00,0.09056836,0.08644348
CEEMDAN_LSTM,ETH-USD,2026-06-07 02:30:00,0.09078481,0.08638695
CEEMDAN_LSTM,ETH-USD,2026-06-07 02:45:00,0.09044699,0.086283736
CEEMDAN_LSTM,ETH-USD,2026-06-07 03:00:00,0.08987773,0.08626387
CEEMDAN_LSTM,ETH-USD,2026-06-07 03:15:00,0.08999195,0.08546432
CEEMDAN_LSTM,ETH-USD,2026-06-07 03:30:00,0.0899797,0.08534348
CEEMDAN_LSTM,ETH-USD,2026-06-07 03:45:00,0.089513354,0.085312985
CEEMDAN_LSTM,ETH-USD,2026-06-07 04:00:00,0.08917602,0.085343756
CEEMDAN_LSTM,ETH-USD,2026-06-07 04:15:00,0.08949659,0.085174285
CEEMDAN_LSTM,ETH-USD,2026-06-07 04:30:00,0.08930236,0.084914245
CEEMDAN_LSTM,ETH-USD,2026-06-07 04:45:00,0.08803979,0.084811434
CEEMDAN_LSTM,ETH-USD,2026-06-07 05:00:00,0.08785976,0.08479773
CEEMDAN_LSTM,ETH-USD,2026-06-07 05:15:00,0.087965965,0.08476599
CEEMDAN_LSTM,ETH-USD,2026-06-07 05:30:00,0.088049136,0.08466267
CEEMDAN_LSTM,ETH-USD,2026-06-07 05:45:00,0.087932646,0.08467197
CEEMDAN_LSTM,ETH-USD,2026-06-07 06:00:00,0.08821279,0.08425028
CEEMDAN_LSTM,ETH-USD,2026-06-07 06:15:00,0.088220105,0.08487042
CEEMDAN_LSTM,ETH-USD,2026-06-07 06:30:00,0.08611779,0.08488078
CEEMDAN_LSTM,ETH-USD,2026-06-07 06:45:00,0.08727589,0.08487749
CEEMDAN_LSTM,ETH-USD,2026-06-07 07:00:00,0.08813451,0.08484919
CEEMDAN_LSTM,ETH-USD,2026-06-07 07:15:00,0.08813015,0.084870934
CEEMDAN_LSTM,ETH-USD,2026-06-07 07:30:00,0.087637655,0.0847373
CEEMDAN_LSTM,ETH-USD,2026-06-07 07:45:00,0.08759463,0.08471068
CEEMDAN_LSTM,ETH-USD,2026-06-07 08:00:00,0.087138675,0.08471126
CEEMDAN_LSTM,ETH-USD,2026-06-07 08:15:00,0.08700257,0.084685236
CEEMDAN_LSTM,ETH-USD,2026-06-07 08:30:00,0.08636739,0.084652536
CEEMDAN_LSTM,ETH-USD,2026-06-07 08:45:00,0.085918404,0.08532144
CEEMDAN_LSTM,ETH-USD,2026-06-07 09:00:00,0.084653825,0.08524303
CEEMDAN_LSTM,ETH-USD,2026-06-07 09:15:00,0.086384624,0.08457908
CEEMDAN_LSTM,ETH-USD,2026-06-07 09:30:00,0.08796975,0.08467585
CEEMDAN_LSTM,ETH-USD,2026-06-07 09:45:00,0.08841437,0.08466887
CEEMDAN_LSTM,ETH-USD,2026-06-07 10:00:00,0.08825966,0.084698744
CEEMDAN_LSTM,ETH-USD,2026-06-07 10:15:00,0.08858772,0.08464413
CEEMDAN_LSTM,ETH-USD,2026-06-07 10:30:00,0.08824414,0.08459849
CEEMDAN_LSTM,ETH-USD,2026-06-07 10:45:00,0.088625245,0.084632084
CEEMDAN_LSTM,ETH-USD,2026-06-07 11:00:00,0.08909996,0.0846112
CEEMDAN_LSTM,ETH-USD,2026-06-07 11:15:00,0.08884039,0.08461764
CEEMDAN_LSTM,ETH-USD,2026-06-07 11:30:00,0.088589095,0.08464142
CEEMDAN_LSTM,ETH-USD,2026-06-07 11:45:00,0.08841313,0.08463585
CEEMDAN_LSTM,ETH-USD,2026-06-07 12:00:00,0.088851206,0.085277006
CEEMDAN_LSTM,ETH-USD,2026-06-07 12:15:00,0.09020429,0.08518127
CEEMDAN_LSTM,ETH-USD,2026-06-07 12:30:00,0.08974113,0.08524432
CEEMDAN_LSTM,ETH-USD,2026-06-07 12:45:00,0.08818666,0.08522377
CEEMDAN_LSTM,ETH-USD,2026-06-07 13:00:00,0.087629415,0.08519603
CEEMDAN_LSTM,ETH-USD,2026-06-07 13:15:00,0.087902695,0.08517414
CEEMDAN_LSTM,ETH-USD,2026-06-07 13:30:00,0.087917,0.08519035
CEEMDAN_LSTM,ETH-USD,2026-06-07 13:45:00,0.08804208,0.08502774
CEEMDAN_LSTM,ETH-USD,2026-06-07 14:00:00,0.08774037,0.085025586
CEEMDAN_LSTM,ETH-USD,2026-06-07 14:15:00,0.08702871,0.085236765
CEEMDAN_LSTM,ETH-USD,2026-06-07 14:30:00,0.08589806,0.08510596
CEEMDAN_LSTM,ETH-USD,2026-06-07 14:45:00,0.08715191,0.08511332
CEEMDAN_LSTM,ETH-USD,2026-06-07 15:00:00,0.08725559,0.08504248
CEEMDAN_LSTM,ETH-USD,2026-06-07 15:15:00,0.0870111,0.08495248
CEEMDAN_LSTM,ETH-USD,2026-06-07 15:30:00,0.08641601,0.08493654
CEEMDAN_LSTM,ETH-USD,2026-06-07 15:45:00,0.08633162,0.08481996
CEEMDAN_LSTM,ETH-USD,2026-06-07 16:00:00,0.08666927,0.08480463
CEEMDAN_LSTM,ETH-USD,2026-06-07 16:15:00,0.08632835,0.08480665
CEEMDAN_LSTM,ETH-USD,2026-06-07 16:30:00,0.08614779,0.08479712
CEEMDAN_LSTM,ETH-USD,2026-06-07 16:45:00,0.08578444,0.08477309
CEEMDAN_LSTM,ETH-USD,2026-06-07 17:00:00,0.08569118,0.08482573
CEEMDAN_LSTM,ETH-USD,2026-06-07 17:15:00,0.0850015,0.0846459
CEEMDAN_LSTM,ETH-USD,2026-06-07 17:30:00,0.08540995,0.08464874
CEEMDAN_LSTM,ETH-USD,2026-06-07 17:45:00,0.08601762,0.08460664
CEEMDAN_LSTM,ETH-USD,2026-06-07 18:00:00,0.08653466,0.084567696
CEEMDAN_LSTM,ETH-USD,2026-06-07 18:15:00,0.08633792,0.084489636
CEEMDAN_LSTM,ETH-USD,2026-06-07 18:30:00,0.08670152,0.084488966
CEEMDAN_LSTM,ETH-USD,2026-06-07 18:45:00,0.08688375,0.08451546
CEEMDAN_LSTM,ETH-USD,2026-06-07 19:00:00,0.08737322,0.08488178
CEEMDAN_LSTM,ETH-USD,2026-06-07 19:15:00,0.08826961,0.08476721
CEEMDAN_LSTM,ETH-USD,2026-06-07 19:30:00,0.087936625,0.08472145
CEEMDAN_LSTM,ETH-USD,2026-06-07 19:45:00,0.0866778,0.08436982
CEEMDAN_LSTM,ETH-USD,2026-06-07 20:00:00,0.085112154,0.08427286
CEEMDAN_LSTM,ETH-USD,2026-06-07 20:15:00,0.083723485,0.084298976
CEEMDAN_LSTM,ETH-USD,2026-06-07 20:30:00,0.08341271,0.081741646
CEEMDAN_LSTM,ETH-USD,2026-06-07 20:45:00,0.083670974,0.08129782
CEEMDAN_LSTM,ETH-USD,2026-06-07 21:00:00,0.08095754,0.08094635
CEEMDAN_LSTM,ETH-USD,2026-06-07 21:15:00,0.07942894,0.07926878
CEEMDAN_LSTM,ETH-USD,2026-06-07 21:30:00,0.078533016,0.07827406
CEEMDAN_LSTM,ETH-USD,2026-06-07 21:45:00,0.07640713,0.07829465
CEEMDAN_LSTM,ETH-USD,2026-06-07 22:00:00,0.07392815,0.08530449
CEEMDAN_LSTM,ETH-USD,2026-06-07 22:15:00,0.06950647,0.085281774
CEEMDAN_LSTM,ETH-USD,2026-06-07 22:30:00,0.07976916,0.084775746
CEEMDAN_LSTM,ETH-USD,2026-06-07 22:45:00,0.08316098,0.08488928
CEEMDAN_LSTM,ETH-USD,2026-06-07 23:00:00,0.0844606,0.08482177
CEEMDAN_LSTM,ETH-USD,2026-06-07 23:15:00,0.08414673,0.0848527
CEEMDAN_LSTM,ETH-USD,2026-06-07 23:30:00,0.08400537,0.08478749
CEEMDAN_LSTM,ETH-USD,2026-06-07 23:45:00,0.08446626,0.08483765
CEEMDAN_LSTM,ETH-USD,2026-06-08 00:00:00,0.08418076,0.08389484
CEEMDAN_LSTM,ETH-USD,2026-06-08 00:15:00,0.084874496,0.08419171
CEEMDAN_LSTM,ETH-USD,2026-06-08 00:30:00,0.08344996,0.08414313
CEEMDAN_LSTM,ETH-USD,2026-06-08 00:45:00,0.08392299,0.08415702
CEEMDAN_LSTM,ETH-USD,2026-06-08 01:00:00,0.085231,0.08451865
CEEMDAN_LSTM,ETH-USD,2026-06-08 01:15:00,0.08652991,0.08468455
CEEMDAN_LSTM,ETH-USD,2026-06-08 01:30:00,0.08671104,0.08479661
CEEMDAN_LSTM,ETH-USD,2026-06-08 01:45:00,0.08508202,0.084816635
CEEMDAN_LSTM,ETH-USD,2026-06-08 02:00:00,0.08456085,0.08472716
CEEMDAN_LSTM,ETH-USD,2026-06-08 02:15:00,0.08503315,0.08461043
CEEMDAN_LSTM,ETH-USD,2026-06-08 02:30:00,0.08503187,0.08440994
CEEMDAN_LSTM,ETH-USD,2026-06-08 02:45:00,0.08469958,0.084360726
CEEMDAN_LSTM,ETH-USD,2026-06-08 03:00:00,0.08437252,0.08436716
CEEMDAN_LSTM,ETH-USD,2026-06-08 03:15:00,0.084231615,0.084460005
CEEMDAN_LSTM,ETH-USD,2026-06-08 03:30:00,0.085263684,0.08438323
CEEMDAN_LSTM,ETH-USD,2026-06-08 03:45:00,0.085638195,0.08438586
CEEMDAN_LSTM,ETH-USD,2026-06-08 04:00:00,0.08516462,0.08444596
CEEMDAN_LSTM,ETH-USD,2026-06-08 04:15:00,0.08602961,0.08445697
CEEMDAN_LSTM,ETH-USD,2026-06-08 04:30:00,0.08581682,0.08439535
CEEMDAN_LSTM,ETH-USD,2026-06-08 04:45:00,0.08565861,0.08089464
CEEMDAN_LSTM,ETH-USD,2026-06-08 05:00:00,0.08454796,0.08106588
CEEMDAN_LSTM,ETH-USD,2026-06-08 05:15:00,0.08081403,0.08086467
CEEMDAN_LSTM,ETH-USD,2026-06-08 05:30:00,0.07874419,0.08099044
CEEMDAN_LSTM,ETH-USD,2026-06-08 05:45:00,0.079179674,0.08091026
CEEMDAN_LSTM,ETH-USD,2026-06-08 06:00:00,0.078405626,0.08028933
CEEMDAN_LSTM,ETH-USD,2026-06-08 06:15:00,0.07699523,0.07996057
CEEMDAN_LSTM,ETH-USD,2026-06-08 06:30:00,0.076055706,0.079708904
CEEMDAN_LSTM,ETH-USD,2026-06-08 06:45:00,0.07596147,0.07970195
CEEMDAN_LSTM,ETH-USD,2026-06-08 07:00:00,0.07562828,0.07968459
CEEMDAN_LSTM,ETH-USD,2026-06-08 07:15:00,0.07526589,0.07963504
CEEMDAN_LSTM,ETH-USD,2026-06-08 07:30:00,0.07471004,0.0793368
CEEMDAN_LSTM,ETH-USD,2026-06-08 07:45:00,0.07485138,0.0777701
CEEMDAN_LSTM,ETH-USD,2026-06-08 08:00:00,0.07446794,0.07760905
CEEMDAN_LSTM,ETH-USD,2026-06-08 08:15:00,0.072854735,0.07733902
CEEMDAN_LSTM,ETH-USD,2026-06-08 08:30:00,0.07197993,0.0773271
CEEMDAN_LSTM,ETH-USD,2026-06-08 08:45:00,0.07131287,0.077371806
CEEMDAN_LSTM,ETH-USD,2026-06-08 09:00:00,0.0710934,0.077315226
CEEMDAN_LSTM,ETH-USD,2026-06-08 09:15:00,0.070299074,0.07581188
CEEMDAN_LSTM,ETH-USD,2026-06-08 09:30:00,0.070143536,0.07580691
CEEMDAN_LSTM,ETH-USD,2026-06-08 09:45:00,0.068141155,0.07556079
CEEMDAN_LSTM,ETH-USD,2026-06-08 10:00:00,0.06694251,0.07556106
CEEMDAN_LSTM,ETH-USD,2026-06-08 10:15:00,0.066796064,0.075414434
CEEMDAN_LSTM,ETH-USD,2026-06-08 10:30:00,0.06723207,0.07529946
CEEMDAN_LSTM,ETH-USD,2026-06-08 10:45:00,0.066569574,0.07417325
CEEMDAN_LSTM,ETH-USD,2026-06-08 11:00:00,0.06634971,0.07411034
CEEMDAN_LSTM,ETH-USD,2026-06-08 11:15:00,0.06478474,0.07389246
CEEMDAN_LSTM,ETH-USD,2026-06-08 11:30:00,0.06419309,0.073850885
CEEMDAN_LSTM,ETH-USD,2026-06-08 11:45:00,0.06447437,0.07385642
CEEMDAN_LSTM,ETH-USD,2026-06-08 12:00:00,0.06511083,0.074270345
CEEMDAN_LSTM,ETH-USD,2026-06-08 12:15:00,0.06625116,0.07457133
CEEMDAN_LSTM,ETH-USD,2026-06-08 12:30:00,0.065241516,0.074933514
CEEMDAN_LSTM,ETH-USD,2026-06-08 12:45:00,0.06446778,0.07489924
CEEMDAN_LSTM,ETH-USD,2026-06-08 13:00:00,0.06524548,0.074233904
CEEMDAN_LSTM,ETH-USD,2026-06-08 13:15:00,0.06605624,0.07426165
CEEMDAN_LSTM,ETH-USD,2026-06-08 13:30:00,0.06574583,0.07435629
CEEMDAN_LSTM,ETH-USD,2026-06-08 13:45:00,0.06588663,0.07434361
CEEMDAN_LSTM,ETH-USD,2026-06-08 14:00:00,0.06553488,0.07434065
CEEMDAN_LSTM,ETH-USD,2026-06-08 14:15:00,0.06474844,0.073443554
CEEMDAN_LSTM,ETH-USD,2026-06-08 14:30:00,0.06485731,0.07343941
CEEMDAN_LSTM,ETH-USD,2026-06-08 14:45:00,0.06362557,0.07317992
CEEMDAN_LSTM,ETH-USD,2026-06-08 15:00:00,0.06296706,0.07296272
CEEMDAN_LSTM,ETH-USD,2026-06-08 15:15:00,0.061848067,0.07310287
CEEMDAN_LSTM,ETH-USD,2026-06-08 15:30:00,0.062273048,0.073094346
CEEMDAN_LSTM,ETH-USD,2026-06-08 15:45:00,0.06264405,0.07311128
CEEMDAN_LSTM,ETH-USD,2026-06-08 16:00:00,0.0625829,0.07298161
CEEMDAN_LSTM,ETH-USD,2026-06-08 16:15:00,0.06201874,0.07288901
CEEMDAN_LSTM,ETH-USD,2026-06-08 16:30:00,0.061392047,0.07277827
CEEMDAN_LSTM,ETH-USD,2026-06-08 16:45:00,0.06140226,0.07300902
CEEMDAN_LSTM,ETH-USD,2026-06-08 17:00:00,0.061576486,0.07285338
CEEMDAN_LSTM,ETH-USD,2026-06-08 17:15:00,0.061555386,0.07295455
CEEMDAN_LSTM,ETH-USD,2026-06-08 17:30:00,0.060497418,0.07300904
CEEMDAN_LSTM,ETH-USD,2026-06-08 17:45:00,0.060570456,0.07308324
CEEMDAN_LSTM,ETH-USD,2026-06-08 18:00:00,0.06004633,0.072979905
CEEMDAN_LSTM,ETH-USD,2026-06-08 18:15:00,0.05987305,0.07292858
CEEMDAN_LSTM,ETH-USD,2026-06-08 18:30:00,0.059780918,0.07293626
CEEMDAN_LSTM,ETH-USD,2026-06-08 18:45:00,0.059884917,0.07293758
CEEMDAN_LSTM,ETH-USD,2026-06-08 19:00:00,0.059600458,0.07144797
CEEMDAN_LSTM,ETH-USD,2026-06-08 19:15:00,0.059448894,0.071262226
CEEMDAN_LSTM,ETH-USD,2026-06-08 19:30:00,0.05811877,0.07074791
CEEMDAN_LSTM,ETH-USD,2026-06-08 19:45:00,0.05756236,0.07083741
CEEMDAN_LSTM,ETH-USD,2026-06-08 20:00:00,0.057252545,0.070797496
CEEMDAN_LSTM,ETH-USD,2026-06-08 20:15:00,0.05721044,0.06814486
CEEMDAN_LSTM,ETH-USD,2026-06-08 20:30:00,0.057151984,0.06795885
CEEMDAN_LSTM,ETH-USD,2026-06-08 20:45:00,0.055252574,0.06785985
CEEMDAN_LSTM,ETH-USD,2026-06-08 21:00:00,0.05451132,0.068550915
CEEMDAN_LSTM,ETH-USD,2026-06-08 21:15:00,0.053901345,0.068537585
CEEMDAN_LSTM,ETH-USD,2026-06-08 21:30:00,0.05437869,0.068223394
CEEMDAN_LSTM,ETH-USD,2026-06-08 21:45:00,0.05467368,0.068461135
CEEMDAN_LSTM,ETH-USD,2026-06-08 22:00:00,0.05500798,0.06834379
CEEMDAN_LSTM,ETH-USD,2026-06-08 22:15:00,0.055531573,0.068221085
CEEMDAN_LSTM,ETH-USD,2026-06-08 22:30:00,0.055302273,0.06803337
CEEMDAN_LSTM,ETH-USD,2026-06-08 22:45:00,0.055029377,0.068108864
CEEMDAN_LSTM,ETH-USD,2026-06-08 23:00:00,0.054757304,0.06828724
CEEMDAN_LSTM,ETH-USD,2026-06-08 23:15:00,0.05471544,0.06870674
CEEMDAN_LSTM,ETH-USD,2026-06-08 23:30:00,0.055453595,0.06870893
CEEMDAN_LSTM,ETH-USD,2026-06-08 23:45:00,0.055982027,0.06874279
CEEMDAN_LSTM,ETH-USD,2026-06-09 00:00:00,0.056174178,0.068807654
CEEMDAN_LSTM,ETH-USD,2026-06-09 00:15:00,0.056262214,0.069016956
CEEMDAN_LSTM,ETH-USD,2026-06-09 00:30:00,0.056349132,0.06888203
CEEMDAN_LSTM,ETH-USD,2026-06-09 00:45:00,0.056248613,0.0688015
CEEMDAN_LSTM,ETH-USD,2026-06-09 01:00:00,0.056077287,0.06816673
CEEMDAN_LSTM,ETH-USD,2026-06-09 01:15:00,0.055675164,0.06821747
CEEMDAN_LSTM,ETH-USD,2026-06-09 01:30:00,0.054950375,0.06787894
CEEMDAN_LSTM,ETH-USD,2026-06-09 01:45:00,0.05483745,0.06784661
CEEMDAN_LSTM,ETH-USD,2026-06-09 02:00:00,0.054739077,0.067746215
CEEMDAN_LSTM,ETH-USD,2026-06-09 02:15:00,0.0547699,0.067507714
CEEMDAN_LSTM,ETH-USD,2026-06-09 02:30:00,0.054697387,0.06749701
CEEMDAN_LSTM,ETH-USD,2026-06-09 02:45:00,0.05451397,0.067569144
CEEMDAN_LSTM,ETH-USD,2026-06-09 03:00:00,0.054185778,0.06750945
CEEMDAN_LSTM,ETH-USD,2026-06-09 03:15:00,0.05399593,0.06726737
CEEMDAN_LSTM,ETH-USD,2026-06-09 03:30:00,0.053862374,0.06713758
CEEMDAN_LSTM,ETH-USD,2026-06-09 03:45:00,0.05364395,0.06691681
CEEMDAN_LSTM,ETH-USD,2026-06-09 04:00:00,0.053416207,0.06688371
CEEMDAN_LSTM,ETH-USD,2026-06-09 04:15:00,0.053133674,0.066807546
CEEMDAN_LSTM,ETH-USD,2026-06-09 04:30:00,0.053058267,0.067767575
CEEMDAN_LSTM,ETH-USD,2026-06-09 04:45:00,0.052734714,0.06759775
CEEMDAN_LSTM,ETH-USD,2026-06-09 05:00:00,0.053140797,0.06755165
CEEMDAN_LSTM,ETH-USD,2026-06-09 05:15:00,0.05335662,0.067551665
CEEMDAN_LSTM,ETH-USD,2026-06-09 05:30:00,0.05351957,0.06755677
CEEMDAN_LSTM,ETH-USD,2026-06-09 05:45:00,0.053538695,0.067463666
CEEMDAN_LSTM,ETH-USD,2026-06-09 06:00:00,0.053632498,0.06733738
CEEMDAN_LSTM,ETH-USD,2026-06-09 06:15:00,0.05364287,0.067321286
CEEMDAN_LSTM,ETH-USD,2026-06-09 06:30:00,0.053555395,0.06718856
CEEMDAN_LSTM,ETH-USD,2026-06-09 06:45:00,0.05358462,0.06717185
CEEMDAN_LSTM,ETH-USD,2026-06-09 07:00:00,0.05359488,0.06717193
CEEMDAN_LSTM,ETH-USD,2026-06-09 07:15:00,0.05355141,0.06740986
CEEMDAN_LSTM,ETH-USD,2026-06-09 07:30:00,0.05367568,0.06736665
CEEMDAN_LSTM,ETH-USD,2026-06-09 07:45:00,0.053692695,0.06736995
CEEMDAN_LSTM,ETH-USD,2026-06-09 08:00:00,0.053643174,0.06742701
CEEMDAN_LSTM,ETH-USD,2026-06-09 08:15:00,0.053727355,0.0673998
CEEMDAN_LSTM,ETH-USD,2026-06-09 08:30:00,0.05378067,0.06735317
CEEMDAN_LSTM,ETH-USD,2026-06-09 08:45:00,0.053723495,0.06734437
CEEMDAN_LSTM,ETH-USD,2026-06-09 09:00:00,0.053711902,0.06733313
CEEMDAN_LSTM,ETH-USD,2026-06-09 09:15:00,0.053676862,0.06692195
CEEMDAN_LSTM,ETH-USD,2026-06-09 09:30:00,0.05369281,0.066873096
CEEMDAN_LSTM,ETH-USD,2026-06-09 09:45:00,0.053550363,0.066869676
CEEMDAN_LSTM,ETH-USD,2026-06-09 10:00:00,0.053373963,0.06684917
CEEMDAN_LSTM,ETH-USD,2026-06-09 10:15:00,0.053170316,0.06678061
CEEMDAN_LSTM,ETH-USD,2026-06-09 10:30:00,0.053036537,0.06678598
CEEMDAN_LSTM,ETH-USD,2026-06-09 10:45:00,0.052970886,0.06680307
CEEMDAN_LSTM,ETH-USD,2026-06-09 11:00:00,0.052885473,0.06693231
CEEMDAN_LSTM,ETH-USD,2026-06-09 11:15:00,0.05293046,0.06692854
CEEMDAN_LSTM,ETH-USD,2026-06-09 11:30:00,0.052990347,0.066810474
CEEMDAN_LSTM,ETH-USD,2026-06-09 11:45:00,0.052928843,0.06679314
CEEMDAN_LSTM,ETH-USD,2026-06-09 12:00:00,0.052828077,0.06699208
CEEMDAN_LSTM,ETH-USD,2026-06-09 12:15:00,0.05269119,0.06705916
CEEMDAN_LSTM,ETH-USD,2026-06-09 12:30:00,0.05286248,0.067093596
CEEMDAN_LSTM,ETH-USD,2026-06-09 12:45:00,0.053123865,0.06707147
CEEMDAN_LSTM,ETH-USD,2026-06-09 13:00:00,0.05321834,0.06705367
CEEMDAN_LSTM,ETH-USD,2026-06-09 13:15:00,0.053236924,0.067117214
CEEMDAN_LSTM,ETH-USD,2026-06-09 13:30:00,0.053349048,0.06709161
CEEMDAN_LSTM,ETH-USD,2026-06-09 13:45:00,0.053404618,0.067219876
CEEMDAN_LSTM,ETH-USD,2026-06-09 14:00:00,0.05348351,0.067466296
CEEMDAN_LSTM,ETH-USD,2026-06-09 14:15:00,0.05370732,0.06841807
CEEMDAN_LSTM,ETH-USD,2026-06-09 14:30:00,0.054166347,0.0682649
CEEMDAN_LSTM,ETH-USD,2026-06-09 14:45:00,0.054601524,0.068452045
CEEMDAN_LSTM,ETH-USD,2026-06-09 15:00:00,0.054212667,0.068491235
CEEMDAN_LSTM,ETH-USD,2026-06-09 15:15:00,0.053978257,0.06886848
CEEMDAN_LSTM,ETH-USD,2026-06-09 15:30:00,0.05421587,0.06886672
CEEMDAN_LSTM,ETH-USD,2026-06-09 15:45:00,0.054486834,0.06893487
CEEMDAN_LSTM,ETH-USD,2026-06-09 16:00:00,0.05455391,0.067735866
CEEMDAN_LSTM,ETH-USD,2026-06-09 16:15:00,0.05468792,0.06752143
CEEMDAN_LSTM,ETH-USD,2026-06-09 16:30:00,0.053942144,0.06737868
CEEMDAN_LSTM,ETH-USD,2026-06-09 16:45:00,0.053473916,0.067413315
CEEMDAN_LSTM,ETH-USD,2026-06-09 17:00:00,0.05314305,0.06762535
CEEMDAN_LSTM,ETH-USD,2026-06-09 17:15:00,0.052939214,0.06758859
CEEMDAN_LSTM,ETH-USD,2026-06-09 17:30:00,0.052991986,0.0675884
CEEMDAN_LSTM,ETH-USD,2026-06-09 17:45:00,0.053135473,0.067487754
CEEMDAN_LSTM,ETH-USD,2026-06-09 18:00:00,0.05326814,0.0675043
CEEMDAN_LSTM,ETH-USD,2026-06-09 18:15:00,0.053214338,0.06751116
CEEMDAN_LSTM,ETH-USD,2026-06-09 18:30:00,0.05314063,0.06751805
CEEMDAN_LSTM,ETH-USD,2026-06-09 18:45:00,0.053158212,0.06759539
CEEMDAN_LSTM,ETH-USD,2026-06-09 19:00:00,0.053122383,0.067521416
CEEMDAN_LSTM,ETH-USD,2026-06-09 19:15:00,0.05320591,0.06751513
CEEMDAN_LSTM,ETH-USD,2026-06-09 19:30:00,0.05316752,0.06728775
CEEMDAN_LSTM,ETH-USD,2026-06-09 19:45:00,0.053112146,0.06735524
CEEMDAN_LSTM,ETH-USD,2026-06-09 20:00:00,0.052907158,0.06736866
CEEMDAN_LSTM,ETH-USD,2026-06-09 20:15:00,0.05282975,0.06737542
CEEMDAN_LSTM,ETH-USD,2026-06-09 20:30:00,0.05290208,0.0673352
CEEMDAN_LSTM,ETH-USD,2026-06-09 20:45:00,0.05294249,0.06728387
CEEMDAN_LSTM,ETH-USD,2026-06-09 21:00:00,0.052931145,0.06724463
CEEMDAN_LSTM,ETH-USD,2026-06-09 21:15:00,0.052948147,0.066530906
CEEMDAN_LSTM,ETH-USD,2026-06-09 21:30:00,0.053063005,0.06648205
CEEMDAN_LSTM,ETH-USD,2026-06-09 21:45:00,0.05272295,0.066472255
CEEMDAN_LSTM,ETH-USD,2026-06-09 22:00:00,0.052485358,0.06647976
CEEMDAN_LSTM,ETH-USD,2026-06-09 22:15:00,0.052322738,0.066502914
CEEMDAN_LSTM,ETH-USD,2026-06-09 22:30:00,0.052313678,0.06651352
CEEMDAN_LSTM,ETH-USD,2026-06-09 22:45:00,0.05235756,0.066593304
CEEMDAN_LSTM,ETH-USD,2026-06-09 23:00:00,0.0524233,0.06658634
CEEMDAN_LSTM,ETH-USD,2026-06-09 23:15:00,0.05246008,0.06655603
CEEMDAN_LSTM,ETH-USD,2026-06-09 23:30:00,0.052465133,0.06653423
CEEMDAN_LSTM,ETH-USD,2026-06-09 23:45:00,0.052402396,0.06548102
CEEMDAN_LSTM,ETH-USD,2026-06-10 00:00:00,0.052312143,0.06549629
CEEMDAN_LSTM,ETH-USD,2026-06-10 00:15:00,0.05184471,0.06549464
CEEMDAN_LSTM,ETH-USD,2026-06-10 00:30:00,0.051649943,0.065669686
CEEMDAN_LSTM,ETH-USD,2026-06-10 00:45:00,0.051650524,0.06618382
CEEMDAN_LSTM,ETH-USD,2026-06-10 01:00:00,0.05166436,0.06614864
CEEMDAN_LSTM,ETH-USD,2026-06-10 01:15:00,0.051815722,0.06608721
CEEMDAN_LSTM,ETH-USD,2026-06-10 01:30:00,0.051957116,0.066188514
CEEMDAN_LSTM,ETH-USD,2026-06-10 01:45:00,0.052056313,0.06616572
CEEMDAN_LSTM,ETH-USD,2026-06-10 02:00:00,0.052042402,0.066224605
CEEMDAN_LSTM,ETH-USD,2026-06-10 02:15:00,0.052014433,0.066238016
CEEMDAN_LSTM,ETH-USD,2026-06-10 02:30:00,0.052039627,0.06628625
CEEMDAN_LSTM,ETH-USD,2026-06-10 02:45:00,0.052043367,0.06627704
CEEMDAN_LSTM,ETH-USD,2026-06-10 03:00:00,0.052028827,0.06538938
CEEMDAN_LSTM,ETH-USD,2026-06-10 03:15:00,0.05193896,0.06555898
CEEMDAN_LSTM,ETH-USD,2026-06-10 03:30:00,0.051562514,0.065576024
CEEMDAN_LSTM,ETH-USD,2026-06-10 03:45:00,0.05145047,0.065522164
CEEMDAN_LSTM,ETH-USD,2026-06-10 04:00:00,0.051458642,0.06552306
CEEMDAN_LSTM,ETH-USD,2026-06-10 04:15:00,0.05144946,0.065521106
CEEMDAN_LSTM,ETH-USD,2026-06-10 04:30:00,0.051439784,0.06559998
CEEMDAN_LSTM,ETH-USD,2026-06-10 04:45:00,0.05145435,0.06560684
CEEMDAN_LSTM,ETH-USD,2026-06-10 05:00:00,0.051459882,0.06564567
CEEMDAN_LSTM,ETH-USD,2026-06-10 05:15:00,0.051433977,0.06525604
CEEMDAN_LSTM,ETH-USD,2026-06-10 05:30:00,0.051391568,0.06520011
CEEMDAN_LSTM,ETH-USD,2026-06-10 05:45:00,0.051224202,0.06521281
CEEMDAN_LSTM,ETH-USD,2026-06-10 06:00:00,0.05111351,0.06521001
CEEMDAN_LSTM,ETH-USD,2026-06-10 06:15:00,0.051066827,0.06514372
CEEMDAN_LSTM,ETH-USD,2026-06-10 06:30:00,0.051080566,0.06516697
CEEMDAN_LSTM,ETH-USD,2026-06-10 06:45:00,0.05108505,0.0651447
CEEMDAN_LSTM,ETH-USD,2026-06-10 07:00:00,0.05109922,0.0651535
CEEMDAN_LSTM,ETH-USD,2026-06-10 07:15:00,0.051112138,0.06516701
CEEMDAN_LSTM,ETH-USD,2026-06-10 07:30:00,0.051117714,0.06521398
CEEMDAN_LSTM,ETH-USD,2026-06-10 07:45:00,0.051115308,0.06521192
CEEMDAN_LSTM,ETH-USD,2026-06-10 08:00:00,0.051148422,0.065113276
CEEMDAN_LSTM,ETH-USD,2026-06-10 08:15:00,0.051227726,0.06513915
CEEMDAN_LSTM,ETH-USD,2026-06-10 08:30:00,0.051278397,0.06553075
CEEMDAN_LSTM,ETH-USD,2026-06-10 08:45:00,0.05135846,0.065513425
CEEMDAN_LSTM,ETH-USD,2026-06-10 09:00:00,0.051508576,0.06564201
CEEMDAN_LSTM,ETH-USD,2026-06-10 09:15:00,0.051551282,0.0657234
CEEMDAN_LSTM,ETH-USD,2026-06-10 09:30:00,0.051521167,0.06573433
CEEMDAN_LSTM,ETH-USD,2026-06-10 09:45:00,0.051442638,0.06570812
CEEMDAN_LSTM,ETH-USD,2026-06-10 10:00:00,0.05137567,0.06521256
CEEMDAN_LSTM,ETH-USD,2026-06-10 10:15:00,0.051341042,0.065140635
CEEMDAN_LSTM,ETH-USD,2026-06-10 10:30:00,0.051173616,0.06511962
CEEMDAN_LSTM,ETH-USD,2026-06-10 10:45:00,0.05103201,0.065039724
CEEMDAN_LSTM,ETH-USD,2026-06-10 11:00:00,0.05095947,0.06499292
CEEMDAN_LSTM,ETH-USD,2026-06-10 11:15:00,0.050956212,0.065005474
CEEMDAN_LSTM,ETH-USD,2026-06-10 11:30:00,0.050994568,0.065029345
CEEMDAN_LSTM,ETH-USD,2026-06-10 11:45:00,0.051001478,0.06499854
CEEMDAN_LSTM,ETH-USD,2026-06-10 12:00:00,0.050972916,0.06500684
CEEMDAN_LSTM,ETH-USD,2026-06-10 12:15:00,0.05093272,0.064997405
CEEMDAN_LSTM,ETH-USD,2026-06-10 12:30:00,0.050902456,0.06555633
CEEMDAN_LSTM,ETH-USD,2026-06-10 12:45:00,0.050839,0.06538628
CEEMDAN_LSTM,ETH-USD,2026-06-10 13:00:00,0.050950263,0.05469703
CEEMDAN_LSTM,ETH-USD,2026-06-10 13:15:00,0.05102714,0.05352289
CEEMDAN_LSTM,ETH-USD,2026-06-10 13:30:00,0.049287125,0.056274414
CEEMDAN_LSTM,ETH-USD,2026-06-10 13:45:00,0.047479607,0.056698874
CEEMDAN_LSTM,ETH-USD,2026-06-10 14:00:00,0.045876652,0.05656228
CEEMDAN_LSTM,ETH-USD,2026-06-10 14:15:00,0.04550295,0.056479093
CEEMDAN_LSTM,ETH-USD,2026-06-10 14:30:00,0.045550272,0.056516137
CEEMDAN_LSTM,ETH-USD,2026-06-10 14:45:00,0.045650005,0.05643565
CEEMDAN_LSTM,ETH-USD,2026-06-10 15:00:00,0.045820452,0.056549888
CEEMDAN_LSTM,ETH-USD,2026-06-10 15:15:00,0.04582727,0.056397498
CEEMDAN_LSTM,ETH-USD,2026-06-10 15:30:00,0.045986798,0.056448523
CEEMDAN_LSTM,ETH-USD,2026-06-10 15:45:00,0.045939557,0.056426357
CEEMDAN_LSTM,ETH-USD,2026-06-10 16:00:00,0.04585866,0.05598077
CEEMDAN_LSTM,ETH-USD,2026-06-10 16:15:00,0.045725867,0.05574324
CEEMDAN_LSTM,ETH-USD,2026-06-10 16:30:00,0.045652773,0.055591337
CEEMDAN_LSTM,ETH-USD,2026-06-10 16:45:00,0.04553686,0.055547874
CEEMDAN_LSTM,ETH-USD,2026-06-10 17:00:00,0.045459405,0.05555308
CEEMDAN_LSTM,ETH-USD,2026-06-10 17:15:00,0.04543781,0.05596391
CEEMDAN_LSTM,ETH-USD,2026-06-10 17:30:00,0.045371905,0.056012
CEEMDAN_LSTM,ETH-USD,2026-06-10 17:45:00,0.045513388,0.056240175
CEEMDAN_LSTM,ETH-USD,2026-06-10 18:00:00,0.045754123,0.056205615
CEEMDAN_LSTM,ETH-USD,2026-06-10 18:15:00,0.04582043,0.056150842
CEEMDAN_LSTM,ETH-USD,2026-06-10 18:30:00,0.045912504,0.056462534
CEEMDAN_LSTM,ETH-USD,2026-06-10 18:45:00,0.045771394,0.056536723
CEEMDAN_LSTM,ETH-USD,2026-06-10 19:00:00,0.045864545,0.056227002
CEEMDAN_LSTM,ETH-USD,2026-06-10 19:15:00,0.045875393,0.05621144
CEEMDAN_LSTM,ETH-USD,2026-06-10 19:30:00,0.045912344,0.0560221
CEEMDAN_LSTM,ETH-USD,2026-06-10 19:45:00,0.045939513,0.056033995
CEEMDAN_LSTM,ETH-USD,2026-06-10 20:00:00,0.04580281,0.055811625
CEEMDAN_LSTM,ETH-USD,2026-06-10 20:15:00,0.04571004,0.05576149
CEEMDAN_LSTM,ETH-USD,2026-06-10 20:30:00,0.045701165,0.05551383
CEEMDAN_LSTM,ETH-USD,2026-06-10 20:45:00,0.04557612,0.055388287
CEEMDAN_LSTM,ETH-USD,2026-06-10 21:00:00,0.04550586,0.055526115
CEEMDAN_LSTM,ETH-USD,2026-06-10 21:15:00,0.04530604,0.05545971
CEEMDAN_LSTM,ETH-USD,2026-06-10 21:30:00,0.045341127,0.05554508
CEEMDAN_LSTM,ETH-USD,2026-06-10 21:45:00,0.045415882,0.056086317
CEEMDAN_LSTM,ETH-USD,2026-06-10 22:00:00,0.04530143,0.056072596
CEEMDAN_LSTM,ETH-USD,2026-06-10 22:15:00,0.045462314,0.05598509
CEEMDAN_LSTM,ETH-USD,2026-06-10 22:30:00,0.04561542,0.0563082
CEEMDAN_LSTM,ETH-USD,2026-06-10 22:45:00,0.04578245,0.056333654
CEEMDAN_LSTM,ETH-USD,2026-06-10 23:00:00,0.045785747,0.056333072
CEEMDAN_LSTM,ETH-USD,2026-06-10 23:15:00,0.045795888,0.056639917
CEEMDAN_LSTM,ETH-USD,2026-06-10 23:30:00,0.04597828,0.05663229
CEEMDAN_LSTM,ETH-USD,2026-06-10 23:45:00,0.04604944,0.056581825
CEEMDAN_LSTM,ETH-USD,2026-06-11 00:00:00,0.046109665,0.056601517
CEEMDAN_LSTM,ETH-USD,2026-06-11 00:15:00,0.046258137,0.056667417
CEEMDAN_LSTM,ETH-USD,2026-06-11 00:30:00,0.046321094,0.05670286
CEEMDAN_LSTM,ETH-USD,2026-06-11 00:45:00,0.046263352,0.056503993
CEEMDAN_LSTM,ETH-USD,2026-06-11 01:00:00,0.046306383,0.056825932
CEEMDAN_LSTM,ETH-USD,2026-06-11 01:15:00,0.046390135,0.05679511
CEEMDAN_LSTM,ETH-USD,2026-06-11 01:30:00,0.046326477,0.056750778
CEEMDAN_LSTM,ETH-USD,2026-06-11 01:45:00,0.04632386,0.05675486
CEEMDAN_LSTM,ETH-USD,2026-06-11 02:00:00,0.046228897,0.05655589
CEEMDAN_LSTM,ETH-USD,2026-06-11 02:15:00,0.046181675,0.05642735
CEEMDAN_LSTM,ETH-USD,2026-06-11 02:30:00,0.046074584,0.056427896
CEEMDAN_LSTM,ETH-USD,2026-06-11 02:45:00,0.046059642,0.05647693
CEEMDAN_LSTM,ETH-USD,2026-06-11 03:00:00,0.046076912,0.055741236
CEEMDAN_LSTM,ETH-USD,2026-06-11 03:15:00,0.045925397,0.0553195
CEEMDAN_LSTM,ETH-USD,2026-06-11 03:30:00,0.04581896,0.05489292
CEEMDAN_LSTM,ETH-USD,2026-06-11 03:45:00,0.04564212,0.055102706
CEEMDAN_LSTM,ETH-USD,2026-06-11 04:00:00,0.04540332,0.055094395
CEEMDAN_LSTM,ETH-USD,2026-06-11 04:15:00,0.045090668,0.055070642
CEEMDAN_LSTM,ETH-USD,2026-06-11 04:30:00,0.044913035,0.054973546
CEEMDAN_LSTM,ETH-USD,2026-06-11 04:45:00,0.04489394,0.054978665
CEEMDAN_LSTM,ETH-USD,2026-06-11 05:00:00,0.044856876,0.054957174
CEEMDAN_LSTM,ETH-USD,2026-06-11 05:15:00,0.044767447,0.054945882
CEEMDAN_LSTM,ETH-USD,2026-06-11 05:30:00,0.044765465,0.054939114
CEEMDAN_LSTM,ETH-USD,2026-06-11 05:45:00,0.04482775,0.054906294
CEEMDAN_LSTM,ETH-USD,2026-06-11 06:00:00,0.044807877,0.0546495
CEEMDAN_LSTM,ETH-USD,2026-06-11 06:15:00,0.044903874,0.054471225
CEEMDAN_LSTM,ETH-USD,2026-06-11 06:30:00,0.04484014,0.054462906
CEEMDAN_LSTM,ETH-USD,2026-06-11 06:45:00,0.0447175,0.054544788
CEEMDAN_LSTM,ETH-USD,2026-06-11 07:00:00,0.044528995,0.054507017
CEEMDAN_LSTM,ETH-USD,2026-06-11 07:15:00,0.04447869,0.054511596
CEEMDAN_LSTM,ETH-USD,2026-06-11 07:30:00,0.04451857,0.05447607
CEEMDAN_LSTM,ETH-USD,2026-06-11 07:45:00,0.044478565,0.054209925
CEEMDAN_LSTM,ETH-USD,2026-06-11 08:00:00,0.044519503,0.05420744
CEEMDAN_LSTM,ETH-USD,2026-06-11 08:15:00,0.044516362,0.054028902
CEEMDAN_LSTM,ETH-USD,2026-06-11 08:30:00,0.044441633,0.053917117
CEEMDAN_LSTM,ETH-USD,2026-06-11 08:45:00,0.044294886,0.05378918
CEEMDAN_LSTM,ETH-USD,2026-06-11 09:00:00,0.044149235,0.053787775
CEEMDAN_LSTM,ETH-USD,2026-06-11 09:15:00,0.04403221,0.05379413
CEEMDAN_LSTM,ETH-USD,2026-06-11 09:30:00,0.043977447,0.05374744
CEEMDAN_LSTM,ETH-USD,2026-06-11 09:45:00,0.043967467,0.053740963
CEEMDAN_LSTM,ETH-USD,2026-06-11 10:00:00,0.04395236,0.05374319
CEEMDAN_LSTM,ETH-USD,2026-06-11 10:15:00,0.04393859,0.053709242
CEEMDAN_LSTM,ETH-USD,2026-06-11 10:30:00,0.04393576,0.05368108
CEEMDAN_LSTM,ETH-USD,2026-06-11 10:45:00,0.043938108,0.053610284
CEEMDAN_LSTM,ETH-USD,2026-06-11 11:00:00,0.04394715,0.05364962
CEEMDAN_LSTM,ETH-USD,2026-06-11 11:15:00,0.043942712,0.053609118
CEEMDAN_LSTM,ETH-USD,2026-06-11 11:30:00,0.043914087,0.053395916
CEEMDAN_LSTM,ETH-USD,2026-06-11 11:45:00,0.043873988,0.053433493
CEEMDAN_LSTM,ETH-USD,2026-06-11 12:00:00,0.04385404,0.052248552
CEEMDAN_LSTM,ETH-USD,2026-06-11 12:15:00,0.04378431,0.05283785
CEEMDAN_LSTM,ETH-USD,2026-06-11 12:30:00,0.043561302,0.052842658
CEEMDAN_LSTM,ETH-USD,2026-06-11 12:45:00,0.043525074,0.052515898
CEEMDAN_LSTM,ETH-USD,2026-06-11 13:00:00,0.043470968,0.052019127
CEEMDAN_LSTM,ETH-USD,2026-06-11 13:15:00,0.04341309,0.05196721
CEEMDAN_LSTM,ETH-USD,2026-06-11 13:30:00,0.043323517,0.051964715
CEEMDAN_LSTM,ETH-USD,2026-06-11 13:45:00,0.04325036,0.051858794
CEEMDAN_LSTM,ETH-USD,2026-06-11 14:00:00,0.043186285,0.05181079
CEEMDAN_LSTM,ETH-USD,2026-06-11 14:15:00,0.04305722,0.05120762
CEEMDAN_LSTM,ETH-USD,2026-06-11 14:30:00,0.04305123,0.051213834
CEEMDAN_LSTM,ETH-USD,2026-06-11 14:45:00,0.042997826,0.051307037
CEEMDAN_LSTM,ETH-USD,2026-06-11 15:00:00,0.042869814,0.051248603
CEEMDAN_LSTM,ETH-USD,2026-06-11 15:15:00,0.04283636,0.050889973
CEEMDAN_LSTM,ETH-USD,2026-06-11 15:30:00,0.04282027,0.050863698
CEEMDAN_LSTM,ETH-USD,2026-06-11 15:45:00,0.04274593,0.05063796
CEEMDAN_LSTM,ETH-USD,2026-06-11 16:00:00,0.042684168,0.05067527
CEEMDAN_LSTM,ETH-USD,2026-06-11 16:15:00,0.04262004,0.050762832
CEEMDAN_LSTM,ETH-USD,2026-06-11 16:30:00,0.042489734,0.05077027
CEEMDAN_LSTM,ETH-USD,2026-06-11 16:45:00,0.042455263,0.05081091
CEEMDAN_LSTM,ETH-USD,2026-06-11 17:00:00,0.042434763,0.05083121
CEEMDAN_LSTM,ETH-USD,2026-06-11 17:15:00,0.042444717,0.051914293
CEEMDAN_LSTM,ETH-USD,2026-06-11 17:30:00,0.042612217,0.05372252
CEEMDAN_LSTM,ETH-USD,2026-06-11 17:45:00,0.042871326,0.053985793
CEEMDAN_LSTM,ETH-USD,2026-06-11 18:00:00,0.043158326,0.054061223
CEEMDAN_LSTM,ETH-USD,2026-06-11 18:15:00,0.043384235,0.054090623
CEEMDAN_LSTM,ETH-USD,2026-06-11 18:30:00,0.043629378,0.054216698
CEEMDAN_LSTM,ETH-USD,2026-06-11 18:45:00,0.043871023,0.054241575
CEEMDAN_LSTM,ETH-USD,2026-06-11 19:00:00,0.044000022,0.054330133
CEEMDAN_LSTM,ETH-USD,2026-06-11 19:15:00,0.04407297,0.05427256
CEEMDAN_LSTM,ETH-USD,2026-06-11 19:30:00,0.044205267,0.053132772
CEEMDAN_LSTM,ETH-USD,2026-06-11 19:45:00,0.044325843,0.053187378
CEEMDAN_LSTM,ETH-USD,2026-06-11 20:00:00,0.044109687,0.053209364
CEEMDAN_LSTM,ETH-USD,2026-06-11 20:15:00,0.043900926,0.05345077
CEEMDAN_LSTM,ETH-USD,2026-06-11 20:30:00,0.043733045,0.053444292
CEEMDAN_LSTM,ETH-USD,2026-06-11 20:45:00,0.04367654,0.053484242
CEEMDAN_LSTM,ETH-USD,2026-06-11 21:00:00,0.043697055,0.053774502
CEEMDAN_LSTM,ETH-USD,2026-06-11 21:15:00,0.043756634,0.053769246
CEEMDAN_LSTM,ETH-USD,2026-06-11 21:30:00,0.04375397,0.053739842
CEEMDAN_LSTM,ETH-USD,2026-06-11 21:45:00,0.04377089,0.053759113
CEEMDAN_LSTM,ETH-USD,2026-06-11 22:00:00,0.043762635,0.05380999
CEEMDAN_LSTM,ETH-USD,2026-06-11 22:15:00,0.043794,0.053490367
CEEMDAN_LSTM,ETH-USD,2026-06-11 22:30:00,0.043795757,0.053420223
CEEMDAN_LSTM,ETH-USD,2026-06-11 22:45:00,0.04377984,0.053417116
CEEMDAN_LSTM,ETH-USD,2026-06-11 23:00:00,0.043770004,0.053374212
CEEMDAN_LSTM,ETH-USD,2026-06-11 23:15:00,0.043739505,0.05340487
CEEMDAN_LSTM,ETH-USD,2026-06-11 23:30:00,0.04371467,0.053529453
CEEMDAN_LSTM,ETH-USD,2026-06-11 23:45:00,0.043751966,0.0535524
CEEMDAN_LSTM,ETH-USD,2026-06-12 00:00:00,0.04374104,0.05356679
CEEMDAN_LSTM,ETH-USD,2026-06-12 00:15:00,0.043759268,0.053591214
CEEMDAN_LSTM,ETH-USD,2026-06-12 00:30:00,0.04374492,0.053492673
CEEMDAN_LSTM,ETH-USD,2026-06-12 00:45:00,0.043755256,0.053495754
CEEMDAN_LSTM,ETH-USD,2026-06-12 01:00:00,0.043743048,0.05352625
CEEMDAN_LSTM,ETH-USD,2026-06-12 01:15:00,0.043715443,0.053629078
CEEMDAN_LSTM,ETH-USD,2026-06-12 01:30:00,0.04369652,0.053625524
CEEMDAN_LSTM,ETH-USD,2026-06-12 01:45:00,0.043742537,0.05361147
CEEMDAN_LSTM,ETH-USD,2026-06-12 02:00:00,0.043794684,0.05366132
CEEMDAN_LSTM,ETH-USD,2026-06-12 02:15:00,0.043852206,0.05367391
CEEMDAN_LSTM,ETH-USD,2026-06-12 02:30:00,0.043833625,0.053717986
CEEMDAN_LSTM,ETH-USD,2026-06-12 02:45:00,0.043834604,0.05372622
CEEMDAN_LSTM,ETH-USD,2026-06-12 03:00:00,0.04380846,0.053421482
CEEMDAN_LSTM,ETH-USD,2026-06-12 03:15:00,0.04379001,0.053373862
CEEMDAN_LSTM,ETH-USD,2026-06-12 03:30:00,0.04374917,0.053339716
CEEMDAN_LSTM,ETH-USD,2026-06-12 03:45:00,0.04371898,0.05331821
CEEMDAN_LSTM,ETH-USD,2026-06-12 04:00:00,0.04369014,0.053339507
CEEMDAN_LSTM,ETH-USD,2026-06-12 04:15:00,0.04363879,0.053417817
CEEMDAN_LSTM,ETH-USD,2026-06-12 04:30:00,0.043646403,0.053400423
CEEMDAN_LSTM,ETH-USD,2026-06-12 04:45:00,0.043630462,0.053253468
CEEMDAN_LSTM,ETH-USD,2026-06-12 05:00:00,0.043603137,0.053247176
CEEMDAN_LSTM,ETH-USD,2026-06-12 05:15:00,0.043529928,0.052029792
CEEMDAN_LSTM,ETH-USD,2026-06-12 05:30:00,0.043536667,0.052075878
CEEMDAN_LSTM,ETH-USD,2026-06-12 05:45:00,0.04342122,0.051812124
CEEMDAN_LSTM,ETH-USD,2026-06-12 06:00:00,0.04330546,0.05170287
CEEMDAN_LSTM,ETH-USD,2026-06-12 06:15:00,0.043161154,0.051243417
CEEMDAN_LSTM,ETH-USD,2026-06-12 06:30:00,0.043025468,0.051343743
CEEMDAN_LSTM,ETH-USD,2026-06-12 06:45:00,0.042851977,0.051279552
CEEMDAN_LSTM,ETH-USD,2026-06-12 07:00:00,0.04277623,0.051059302
CEEMDAN_LSTM,ETH-USD,2026-06-12 07:15:00,0.0427136,0.051064
CEEMDAN_LSTM,ETH-USD,2026-06-12 07:30:00,0.042682324,0.051062934
CEEMDAN_LSTM,ETH-USD,2026-06-12 07:45:00,0.04266045,0.051019635
CEEMDAN_LSTM,ETH-USD,2026-06-12 08:00:00,0.042642422,0.050835017
CEEMDAN_LSTM,ETH-USD,2026-06-12 08:15:00,0.04265332,0.050982855
CEEMDAN_LSTM,ETH-USD,2026-06-12 08:30:00,0.04265617,0.05103279
CEEMDAN_LSTM,ETH-USD,2026-06-12 08:45:00,0.042576265,0.051045276
CEEMDAN_LSTM,ETH-USD,2026-06-12 09:00:00,0.04254364,0.051033173
CEEMDAN_LSTM,ETH-USD,2026-06-12 09:15:00,0.042529497,0.051080763
CEEMDAN_LSTM,ETH-USD,2026-06-12 09:30:00,0.042534485,0.051085357
CEEMDAN_LSTM,ETH-USD,2026-06-12 09:45:00,0.04251654,0.051003285
CEEMDAN_LSTM,ETH-USD,2026-06-12 10:00:00,0.0424472,0.050969448
CEEMDAN_LSTM,ETH-USD,2026-06-12 10:15:00,0.04238583,0.051107053
CEEMDAN_LSTM,ETH-USD,2026-06-12 10:30:00,0.04229275,0.051117174
CEEMDAN_LSTM,ETH-USD,2026-06-12 10:45:00,0.042294286,0.051020753
CEEMDAN_LSTM,ETH-USD,2026-06-12 11:00:00,0.042309407,0.05097464
CEEMDAN_LSTM,ETH-USD,2026-06-12 11:15:00,0.042335164,0.050928067
CEEMDAN_LSTM,ETH-USD,2026-06-12 11:30:00,0.04234218,0.050917946
CEEMDAN_LSTM,ETH-USD,2026-06-12 11:45:00,0.042325344,0.05092617
CEEMDAN_LSTM,ETH-USD,2026-06-12 12:00:00,0.042304546,0.050954282
CEEMDAN_LSTM,ETH-USD,2026-06-12 12:15:00,0.042279642,0.05075539
CEEMDAN_LSTM,ETH-USD,2026-06-12 12:30:00,0.04226302,0.05075819
CEEMDAN_LSTM,ETH-USD,2026-06-12 12:45:00,0.04226806,0.050756164
CEEMDAN_LSTM,ETH-USD,2026-06-12 13:00:00,0.04228666,0.050739776
CEEMDAN_LSTM,ETH-USD,2026-06-12 13:15:00,0.04229452,0.050694518
CEEMDAN_LSTM,ETH-USD,2026-06-12 13:30:00,0.042280946,0.05099016
CEEMDAN_LSTM,ETH-USD,2026-06-12 13:45:00,0.042210523,0.05086219
CEEMDAN_LSTM,ETH-USD,2026-06-12 14:00:00,0.042260543,0.051173247
CEEMDAN_LSTM,ETH-USD,2026-06-12 14:15:00,0.042383127,0.051176693
CEEMDAN_LSTM,ETH-USD,2026-06-12 14:30:00,0.042469263,0.05117046
CEEMDAN_LSTM,ETH-USD,2026-06-12 14:45:00,0.042487487,0.052155904
CEEMDAN_LSTM,ETH-USD,2026-06-12 15:00:00,0.042612575,0.052182615
CEEMDAN_LSTM,ETH-USD,2026-06-12 15:15:00,0.042701904,0.052375503
CEEMDAN_LSTM,ETH-USD,2026-06-12 15:30:00,0.042719077,0.05239533
CEEMDAN_LSTM,ETH-USD,2026-06-12 15:45:00,0.042762663,0.0522128
CEEMDAN_LSTM,ETH-USD,2026-06-12 16:00:00,0.04284091,0.052640855
CEEMDAN_LSTM,ETH-USD,2026-06-12 16:15:00,0.043052375,0.052639045
CEEMDAN_LSTM,ETH-USD,2026-06-12 16:30:00,0.043169178,0.05247497
CEEMDAN_LSTM,ETH-USD,2026-06-12 16:45:00,0.04321777,0.052485827
CEEMDAN_LSTM,ETH-USD,2026-06-12 17:00:00,0.04325773,0.05242046
CEEMDAN_LSTM,ETH-USD,2026-06-12 17:15:00,0.04322084,0.052387983
CEEMDAN_LSTM,ETH-USD,2026-06-12 17:30:00,0.04317255,0.052275177
CEEMDAN_LSTM,ETH-USD,2026-06-12 17:45:00,0.04311795,0.052265547
CEEMDAN_LSTM,ETH-USD,2026-06-12 18:00:00,0.043071862,0.05221277
CEEMDAN_LSTM,ETH-USD,2026-06-12 18:15:00,0.043033887,0.05200032
CEEMDAN_LSTM,ETH-USD,2026-06-12 18:30:00,0.042998247,0.05196371
CEEMDAN_LSTM,ETH-USD,2026-06-12 18:45:00,0.042985424,0.052062683
CEEMDAN_LSTM,ETH-USD,2026-06-12 19:00:00,0.042897772,0.05208548
CEEMDAN_LSTM,ETH-USD,2026-06-12 19:15:00,0.04287078,0.05208561
CEEMDAN_LSTM,ETH-USD,2026-06-12 19:30:00,0.042850368,0.05197161
CEEMDAN_LSTM,ETH-USD,2026-06-12 19:45:00,0.042819683,0.051969867
CEEMDAN_LSTM,ETH-USD,2026-06-12 20:00:00,0.042807665,0.051925402
CEEMDAN_LSTM,ETH-USD,2026-06-12 20:15:00,0.042821914,0.051883258
CEEMDAN_LSTM,ETH-USD,2026-06-12 20:30:00,0.042810116,0.0518809
CEEMDAN_LSTM,ETH-USD,2026-06-12 20:45:00,0.042797875,0.05186297
CEEMDAN_LSTM,ETH-USD,2026-06-12 21:00:00,0.042777844,0.051876444
CEEMDAN_LSTM,ETH-USD,2026-06-12 21:15:00,0.042779982,0.051879082
CEEMDAN_LSTM,ETH-USD,2026-06-12 21:30:00,0.04276358,0.05185112
CEEMDAN_LSTM,ETH-USD,2026-06-12 21:45:00,0.042746853,0.051862147
CEEMDAN_LSTM,ETH-USD,2026-06-12 22:00:00,0.042725507,0.05185272
CEEMDAN_LSTM,ETH-USD,2026-06-12 22:15:00,0.042721782,0.05182773
CEEMDAN_LSTM,ETH-USD,2026-06-12 22:30:00,0.042728856,0.051785916
CEEMDAN_LSTM,ETH-USD,2026-06-12 22:45:00,0.0427103,0.051782466
CEEMDAN_LSTM,ETH-USD,2026-06-12 23:00:00,0.042704497,0.05174984
CEEMDAN_LSTM,ETH-USD,2026-06-12 23:15:00,0.042689458,0.051717345
CEEMDAN_LSTM,ETH-USD,2026-06-12 23:30:00,0.042688325,0.051198877
CEEMDAN_LSTM,ETH-USD,2026-06-12 23:45:00,0.04268387,0.05123618
CEEMDAN_LSTM,ETH-USD,2026-06-13 00:00:00,0.04264684,0.051007036
CEEMDAN_LSTM,ETH-USD,2026-06-13 00:15:00,0.042570587,0.050912254
CEEMDAN_LSTM,ETH-USD,2026-06-13 00:30:00,0.04244875,0.050898153
CEEMDAN_LSTM,ETH-USD,2026-06-13 00:45:00,0.04233909,0.050875876
CEEMDAN_LSTM,ETH-USD,2026-06-13 01:00:00,0.042246345,0.05084821
CEEMDAN_LSTM,ETH-USD,2026-06-13 01:15:00,0.04218008,0.050794855
CEEMDAN_LSTM,ETH-USD,2026-06-13 01:30:00,0.042114604,0.050854303
CEEMDAN_LSTM,ETH-USD,2026-06-13 01:45:00,0.042097677,0.050842475
CEEMDAN_LSTM,ETH-USD,2026-06-13 02:00:00,0.04206871,0.050669968
CEEMDAN_LSTM,ETH-USD,2026-06-13 02:15:00,0.042029865,0.0506152
CEEMDAN_LSTM,ETH-USD,2026-06-13 02:30:00,0.041977465,0.050621007
CEEMDAN_LSTM,ETH-USD,2026-06-13 02:45:00,0.041925117,0.050622534
CEEMDAN_LSTM,ETH-USD,2026-06-13 03:00:00,0.041909307,0.050584555
CEEMDAN_LSTM,ETH-USD,2026-06-13 03:15:00,0.041894063,0.05061842
CEEMDAN_LSTM,ETH-USD,2026-06-13 03:30:00,0.041858163,0.049878314
CEEMDAN_LSTM,ETH-USD,2026-06-13 03:45:00,0.041857686,0.049819067
CEEMDAN_LSTM,ETH-USD,2026-06-13 04:00:00,0.04179774,0.049810775
CEEMDAN_LSTM,ETH-USD,2026-06-13 04:15:00,0.0416916,0.049779266
CEEMDAN_LSTM,ETH-USD,2026-06-13 04:30:00,0.04158123,0.046588894
CEEMDAN_LSTM,ETH-USD,2026-06-13 04:45:00,0.04149012,0.045782346
CEEMDAN_LSTM,ETH-USD,2026-06-13 05:00:00,0.041124877,0.045685656
CEEMDAN_LSTM,ETH-USD,2026-06-13 05:15:00,0.04054256,0.045685228
CEEMDAN_LSTM,ETH-USD,2026-06-13 05:30:00,0.03983961,0.0456332
CEEMDAN_LSTM,ETH-USD,2026-06-13 05:45:00,0.039143037,0.045593407
CEEMDAN_LSTM,ETH-USD,2026-06-13 06:00:00,0.038474064,0.04538233
CEEMDAN_LSTM,ETH-USD,2026-06-13 06:15:00,0.03797805,0.04503806
CEEMDAN_LSTM,ETH-USD,2026-06-13 06:30:00,0.03769139,0.044910375
CEEMDAN_LSTM,ETH-USD,2026-06-13 06:45:00,0.037512917,0.04489309
CEEMDAN_LSTM,ETH-USD,2026-06-13 07:00:00,0.037429173,0.044678815
CEEMDAN_LSTM,ETH-USD,2026-06-13 07:15:00,0.037351362,0.044720743
CEEMDAN_LSTM,ETH-USD,2026-06-13 07:30:00,0.037325572,0.044640962
CEEMDAN_LSTM,ETH-USD,2026-06-13 07:45:00,0.03725915,0.04462513
CEEMDAN_LSTM,ETH-USD,2026-06-13 08:00:00,0.037208084,0.04460613
CEEMDAN_LSTM,ETH-USD,2026-06-13 08:15:00,0.037111986,0.044053778
CEEMDAN_LSTM,ETH-USD,2026-06-13 08:30:00,0.03701495,0.043981865
CEEMDAN_LSTM,ETH-USD,2026-06-13 08:45:00,0.036914397,0.043736976
CEEMDAN_LSTM,ETH-USD,2026-06-13 09:00:00,0.03672766,0.043725654
CEEMDAN_LSTM,ETH-USD,2026-06-13 09:15:00,0.03652858,0.04363015
CEEMDAN_LSTM,ETH-USD,2026-06-13 09:30:00,0.03630044,0.043173682
CEEMDAN_LSTM,ETH-USD,2026-06-13 09:45:00,0.036117096,0.043090124
CEEMDAN_LSTM,ETH-USD,2026-06-13 10:00:00,0.035919294,0.043012667
CEEMDAN_LSTM,ETH-USD,2026-06-13 10:15:00,0.035721634,0.043013796
CEEMDAN_LSTM,ETH-USD,2026-06-13 10:30:00,0.03552207,0.04292188
CEEMDAN_LSTM,ETH-USD,2026-06-13 10:45:00,0.035376433,0.042899176
CEEMDAN_LSTM,ETH-USD,2026-06-13 11:00:00,0.03523981,0.042895947
CEEMDAN_LSTM,ETH-USD,2026-06-13 11:15:00,0.03519685,0.042746942
CEEMDAN_LSTM,ETH-USD,2026-06-13 11:30:00,0.03516736,0.042702142
CEEMDAN_LSTM,ETH-USD,2026-06-13 11:45:00,0.035114955,0.042703103
CEEMDAN_LSTM,ETH-USD,2026-06-13 12:00:00,0.03508571,0.042007584
CEEMDAN_LSTM,ETH-USD,2026-06-13 12:15:00,0.03502343,0.042008888
CEEMDAN_LSTM,ETH-USD,2026-06-13 12:30:00,0.03492367,0.041908067
CEEMDAN_LSTM,ETH-USD,2026-06-13 12:45:00,0.034780793,0.041144084
CEEMDAN_LSTM,ETH-USD,2026-06-13 13:00:00,0.034592126,0.04114785
CEEMDAN_LSTM,ETH-USD,2026-06-13 13:15:00,0.034293287,0.041149903
CEEMDAN_LSTM,ETH-USD,2026-06-13 13:30:00,0.033935476,0.040754948
CEEMDAN_LSTM,ETH-USD,2026-06-13 13:45:00,0.033517323,0.04071351
CEEMDAN_LSTM,ETH-USD,2026-06-13 14:00:00,0.03309712,0.040635906
CEEMDAN_LSTM,ETH-USD,2026-06-13 14:15:00,0.03277953,0.040252537
CEEMDAN_LSTM,ETH-USD,2026-06-13 14:30:00,0.03248632,0.04025034
CEEMDAN_LSTM,ETH-USD,2026-06-13 14:45:00,0.03229593,0.040239792
CEEMDAN_LSTM,ETH-USD,2026-06-13 15:00:00,0.032157872,0.04015772
CEEMDAN_LSTM,ETH-USD,2026-06-13 15:15:00,0.032069784,0.040078416
CEEMDAN_LSTM,ETH-USD,2026-06-13 15:30:00,0.03202449,0.040075105
CEEMDAN_LSTM,ETH-USD,2026-06-13 15:45:00,0.0319086,0.040092945
CEEMDAN_LSTM,ETH-USD,2026-06-13 16:00:00,0.0318628,0.039865434
CEEMDAN_LSTM,ETH-USD,2026-06-13 16:15:00,0.031696986,0.03987708
CEEMDAN_LSTM,ETH-USD,2026-06-13 16:30:00,0.031575795,0.039807513
CEEMDAN_LSTM,ETH-USD,2026-06-13 16:45:00,0.031529285,0.03982158
CEEMDAN_LSTM,ETH-USD,2026-06-13 17:00:00,0.031523943,0.039809518
CEEMDAN_LSTM,ETH-USD,2026-06-13 17:15:00,0.031473875,0.039655752
CEEMDAN_LSTM,ETH-USD,2026-06-13 17:30:00,0.031482734,0.03965571
CEEMDAN_LSTM,ETH-USD,2026-06-13 17:45:00,0.0314578,0.03956583
CEEMDAN_LSTM,ETH-USD,2026-06-13 18:00:00,0.03135287,0.03952178
CEEMDAN_LSTM,ETH-USD,2026-06-13 18:15:00,0.03130421,0.03954055
CEEMDAN_LSTM,ETH-USD,2026-06-13 18:30:00,0.0312535,0.039406974
CEEMDAN_LSTM,ETH-USD,2026-06-13 18:45:00,0.03118266,0.039179232
CEEMDAN_LSTM,ETH-USD,2026-06-13 19:00:00,0.031013723,0.039169088
CEEMDAN_LSTM,ETH-USD,2026-06-13 19:15:00,0.030864635,0.03917653
CEEMDAN_LSTM,ETH-USD,2026-06-13 19:30:00,0.030672919,0.039114103
CEEMDAN_LSTM,ETH-USD,2026-06-13 19:45:00,0.030536424,0.039114848
CEEMDAN_LSTM,ETH-USD,2026-06-13 20:00:00,0.030365096,0.038976844
CEEMDAN_LSTM,ETH-USD,2026-06-13 20:15:00,0.030217627,0.03896837
CEEMDAN_LSTM,ETH-USD,2026-06-13 20:30:00,0.030104343,0.03894945
CEEMDAN_LSTM,ETH-USD,2026-06-13 20:45:00,0.030030359,0.038892124
CEEMDAN_LSTM,ETH-USD,2026-06-13 21:00:00,0.030020054,0.03853285
CEEMDAN_LSTM,ETH-USD,2026-06-13 21:15:00,0.03000248,0.038517892
CEEMDAN_LSTM,ETH-USD,2026-06-13 21:30:00,0.030008327,0.039088707
CEEMDAN_LSTM,ETH-USD,2026-06-13 21:45:00,0.030128764,0.03894823
CEEMDAN_LSTM,ETH-USD,2026-06-13 22:00:00,0.030049797,0.03898542
CEEMDAN_LSTM,ETH-USD,2026-06-13 22:15:00,0.029898329,0.038952045
CEEMDAN_LSTM,ETH-USD,2026-06-13 22:30:00,0.029814638,0.038873363
CEEMDAN_LSTM,ETH-USD,2026-06-13 22:45:00,0.029680079,0.038873516
CEEMDAN_LSTM,ETH-USD,2026-06-13 23:00:00,0.02954877,0.03881295
CEEMDAN_LSTM,ETH-USD,2026-06-13 23:15:00,0.029440356,0.03878571
CEEMDAN_LSTM,ETH-USD,2026-06-13 23:30:00,0.029352322,0.038784735
CEEMDAN_LSTM,ETH-USD,2026-06-13 23:45:00,0.029303549,0.038782436
CEEMDAN_LSTM,ETH-USD,2026-06-14 00:00:00,0.029287772,0.038775273
CEEMDAN_LSTM,ETH-USD,2026-06-14 00:15:00,0.029265253,0.03876214
CEEMDAN_LSTM,ETH-USD,2026-06-14 00:30:00,0.029243385,0.038769078
CEEMDAN_LSTM,ETH-USD,2026-06-14 00:45:00,0.02924423,0.038770992
CEEMDAN_LSTM,ETH-USD,2026-06-14 01:00:00,0.029190568,0.038791332
CEEMDAN_LSTM,ETH-USD,2026-06-14 01:15:00,0.029160285,0.038805865
CEEMDAN_LSTM,ETH-USD,2026-06-14 01:30:00,0.029130574,0.038829178
CEEMDAN_LSTM,ETH-USD,2026-06-14 01:45:00,0.029028585,0.038808826
CEEMDAN_LSTM,ETH-USD,2026-06-14 02:00:00,0.028952261,0.038753193
CEEMDAN_LSTM,ETH-USD,2026-06-14 02:15:00,0.028897164,0.038771734
CEEMDAN_LSTM,ETH-USD,2026-06-14 02:30:00,0.028808543,0.038774546
CEEMDAN_LSTM,ETH-USD,2026-06-14 02:45:00,0.028723868,0.038701247
CEEMDAN_LSTM,ETH-USD,2026-06-14 03:00:00,0.028664628,0.038561802
CEEMDAN_LSTM,ETH-USD,2026-06-14 03:15:00,0.028610006,0.03770783
CEEMDAN_LSTM,ETH-USD,2026-06-14 03:30:00,0.028548343,0.037649456
CEEMDAN_LSTM,ETH-USD,2026-06-14 03:45:00,0.028354164,0.037656996
CEEMDAN_LSTM,ETH-USD,2026-06-14 04:00:00,0.028096171,0.037629936
CEEMDAN_LSTM,ETH-USD,2026-06-14 04:15:00,0.027698766,0.03762626
CEEMDAN_LSTM,ETH-USD,2026-06-14 04:30:00,0.027284475,0.037671756
CEEMDAN_LSTM,ETH-USD,2026-06-14 04:45:00,0.026870307,0.037635546
CEEMDAN_LSTM,ETH-USD,2026-06-14 05:00:00,0.026625272,0.037251268
CEEMDAN_LSTM,ETH-USD,2026-06-14 05:15:00,0.026509104,0.03714846
CEEMDAN_LSTM,ETH-USD,2026-06-14 05:30:00,0.026462585,0.03716223
CEEMDAN_LSTM,ETH-USD,2026-06-14 05:45:00,0.02649912,0.03683413
CEEMDAN_LSTM,ETH-USD,2026-06-14 06:00:00,0.026482845,0.03686716
CEEMDAN_LSTM,ETH-USD,2026-06-14 06:15:00,0.026449595,0.03688643
CEEMDAN_LSTM,ETH-USD,2026-06-14 06:30:00,0.02626887,0.036899507
CEEMDAN_LSTM,ETH-USD,2026-06-14 06:45:00,0.026011761,0.036897834
CEEMDAN_LSTM,ETH-USD,2026-06-14 07:00:00,0.025776032,0.036863897
CEEMDAN_LSTM,ETH-USD,2026-06-14 07:15:00,0.025550812,0.03659308
CEEMDAN_LSTM,ETH-USD,2026-06-14 07:30:00,0.025428675,0.036624473
CEEMDAN_LSTM,ETH-USD,2026-06-14 07:45:00,0.025277307,0.03656835
CEEMDAN_LSTM,ETH-USD,2026-06-14 08:00:00,0.025209898,0.036526848
CEEMDAN_LSTM,ETH-USD,2026-06-14 08:15:00,0.025132379,0.03500194
CEEMDAN_LSTM,ETH-USD,2026-06-14 08:30:00,0.025082957,0.03210235
CEEMDAN_LSTM,ETH-USD,2026-06-14 08:45:00,0.024897644,0.031461008
CEEMDAN_LSTM,ETH-USD,2026-06-14 09:00:00,0.024396619,0.031332977
CEEMDAN_LSTM,ETH-USD,2026-06-14 09:15:00,0.023466306,0.03136081
CEEMDAN_LSTM,ETH-USD,2026-06-14 09:30:00,0.022272773,0.031353187
CEEMDAN_LSTM,ETH-USD,2026-06-14 09:45:00,0.021261575,0.03131262
CEEMDAN_LSTM,ETH-USD,2026-06-14 10:00:00,0.020476583,0.031189604
CEEMDAN_LSTM,ETH-USD,2026-06-14 10:15:00,0.020011267,0.031181779
CEEMDAN_LSTM,ETH-USD,2026-06-14 10:30:00,0.01983011,0.030960504
CEEMDAN_LSTM,ETH-USD,2026-06-14 10:45:00,0.019853026,0.030912252
CEEMDAN_LSTM,ETH-USD,2026-06-14 11:00:00,0.019938521,0.03088096
CEEMDAN_LSTM,ETH-USD,2026-06-14 11:15:00,0.020077256,0.030452916
CEEMDAN_LSTM,ETH-USD,2026-06-14 11:30:00,0.020136412,0.030421017
CEEMDAN_LSTM,ETH-USD,2026-06-14 11:45:00,0.020161401,0.030352307
CEEMDAN_LSTM,ETH-USD,2026-06-14 12:00:00,0.020110814,0.02983594
CEEMDAN_LSTM,ETH-USD,2026-06-14 12:15:00,0.020020463,0.029796224
CEEMDAN_LSTM,ETH-USD,2026-06-14 12:30:00,0.019867687,0.029901234
CEEMDAN_LSTM,ETH-USD,2026-06-14 12:45:00,0.01964546,0.029852761
CEEMDAN_LSTM,ETH-USD,2026-06-14 13:00:00,0.019424682,0.029769624
CEEMDAN_LSTM,ETH-USD,2026-06-14 13:15:00,0.01927579,0.029731244
CEEMDAN_LSTM,ETH-USD,2026-06-14 13:30:00,0.019169528,0.029743483
CEEMDAN_LSTM,ETH-USD,2026-06-14 13:45:00,0.019150283,0.029763445
CEEMDAN_LSTM,ETH-USD,2026-06-14 14:00:00,0.01913641,0.029720755
CEEMDAN_LSTM,ETH-USD,2026-06-14 14:15:00,0.019134263,0.02967695
CEEMDAN_LSTM,ETH-USD,2026-06-14 14:30:00,0.019123564,0.029892504
CEEMDAN_LSTM,ETH-USD,2026-06-14 14:45:00,0.019077254,0.029901333
CEEMDAN_LSTM,ETH-USD,2026-06-14 15:00:00,0.019109454,0.029913353
CEEMDAN_LSTM,ETH-USD,2026-06-14 15:15:00,0.01913442,0.029848559
CEEMDAN_LSTM,ETH-USD,2026-06-14 15:30:00,0.019157492,0.029831626
CEEMDAN_LSTM,ETH-USD,2026-06-14 15:45:00,0.019158116,0.029818265
CEEMDAN_LSTM,ETH-USD,2026-06-14 16:00:00,0.019144045,0.029761482
CEEMDAN_LSTM,ETH-USD,2026-06-14 16:15:00,0.019108478,0.029594136
CEEMDAN_LSTM,ETH-USD,2026-06-14 16:30:00,0.019044414,0.029588904
CEEMDAN_LSTM,ETH-USD,2026-06-14 16:45:00,0.018968826,0.029775353
CEEMDAN_LSTM,ETH-USD,2026-06-14 17:00:00,0.01888876,0.029484749
CEEMDAN_LSTM,ETH-USD,2026-06-14 17:15:00,0.01888808,0.029461537
CEEMDAN_LSTM,ETH-USD,2026-06-14 17:30:00,0.018897403,0.029346274
CEEMDAN_LSTM,ETH-USD,2026-06-14 17:45:00,0.018904544,0.029353712
CEEMDAN_LSTM,ETH-USD,2026-06-14 18:00:00,0.01891728,0.029336412
CEEMDAN_LSTM,ETH-USD,2026-06-14 18:15:00,0.018933564,0.029337505
CEEMDAN_LSTM,ETH-USD,2026-06-14 18:30:00,0.018923623,0.029348766
CEEMDAN_LSTM,ETH-USD,2026-06-14 18:45:00,0.018932976,0.0293414
CEEMDAN_LSTM,ETH-USD,2026-06-14 19:00:00,0.01894606,0.02936385
CEEMDAN_LSTM,ETH-USD,2026-06-14 19:15:00,0.01897289,0.0290628
CEEMDAN_LSTM,ETH-USD,2026-06-14 19:30:00,0.019017534,0.029057194
CEEMDAN_LSTM,ETH-USD,2026-06-14 19:45:00,0.018996777,0.029049404
CEEMDAN_LSTM,ETH-USD,2026-06-14 20:00:00,0.018982625,0.028501129
CEEMDAN_LSTM,ETH-USD,2026-06-14 20:15:00,0.01891137,0.028601397
CEEMDAN_LSTM,ETH-USD,2026-06-14 20:30:00,0.01887356,0.028634427
CEEMDAN_LSTM,ETH-USD,2026-06-14 20:45:00,0.018808682,0.02864175
CEEMDAN_LSTM,ETH-USD,2026-06-14 21:00:00,0.018758804,0.028655468
CEEMDAN_LSTM,ETH-USD,2026-06-14 21:15:00,0.018750109,0.03326971
CEEMDAN_LSTM,ETH-USD,2026-06-14 21:30:00,0.018835759,0.034259304
CEEMDAN_LSTM,ETH-USD,2026-06-14 21:45:00,0.019010926,0.034248933
CEEMDAN_LSTM,ETH-USD,2026-06-14 22:00:00,0.019144285,0.034265086
CEEMDAN_LSTM,ETH-USD,2026-06-14 22:15:00,0.019596303,0.034253128
CEEMDAN_LSTM,ETH-USD,2026-06-14 22:30:00,0.01993522,0.03433934
CEEMDAN_LSTM,ETH-USD,2026-06-14 22:45:00,0.020536715,0.03438954
CEEMDAN_LSTM,ETH-USD,2026-06-14 23:00:00,0.020762581,0.034256134
CEEMDAN_LSTM,ETH-USD,2026-06-14 23:15:00,0.02105662,0.033989348
CEEMDAN_LSTM,ETH-USD,2026-06-14 23:30:00,0.021003345,0.03400376
CEEMDAN_LSTM,ETH-USD,2026-06-14 23:45:00,0.020994611,0.03415537
CEEMDAN_LSTM,ETH-USD,2026-06-15 00:00:00,0.020827442,0.0342994
CEEMDAN_LSTM,ETH-USD,2026-06-15 00:15:00,0.02077829,0.034349047
CEEMDAN_LSTM,ETH-USD,2026-06-15 00:30:00,0.020504396,0.034439687
CEEMDAN_LSTM,ETH-USD,2026-06-15 00:45:00,0.02045053,0.03440433
CEEMDAN_LSTM,ETH-USD,2026-06-15 01:00:00,0.020333389,0.034454044
CEEMDAN_LSTM,ETH-USD,2026-06-15 01:15:00,0.020445412,0.034403265
CEEMDAN_LSTM,ETH-USD,2026-06-15 01:30:00,0.020445004,0.034830365
CEEMDAN_LSTM,ETH-USD,2026-06-15 01:45:00,0.020778662,0.034991182
CEEMDAN_LSTM,ETH-USD,2026-06-15 02:00:00,0.020886948,0.03508006
CEEMDAN_LSTM,ETH-USD,2026-06-15 02:15:00,0.021110184,0.035080053
CEEMDAN_LSTM,ETH-USD,2026-06-15 02:30:00,0.021243008,0.035076153
CEEMDAN_LSTM,ETH-USD,2026-06-15 02:45:00,0.021163443,0.035115447
CEEMDAN_LSTM,ETH-USD,2026-06-15 03:00:00,0.021173688,0.035226624
CEEMDAN_LSTM,ETH-USD,2026-06-15 03:15:00,0.021096682,0.0351492
CEEMDAN_LSTM,ETH-USD,2026-06-15 03:30:00,0.02107142,0.035158303
CEEMDAN_LSTM,ETH-USD,2026-06-15 03:45:00,0.0209564,0.03519543
CEEMDAN_LSTM,ETH-USD,2026-06-15 04:00:00,0.020955795,0.03521403
CEEMDAN_LSTM,ETH-USD,2026-06-15 04:15:00,0.020826915,0.035199966
CEEMDAN_LSTM,ETH-USD,2026-06-15 04:30:00,0.020882692,0.03473826
CEEMDAN_LSTM,ETH-USD,2026-06-15 04:45:00,0.020785462,0.034738902
CEEMDAN_LSTM,ETH-USD,2026-06-15 05:00:00,0.020827955,0.03428864
CEEMDAN_LSTM,ETH-USD,2026-06-15 05:15:00,0.02073489,0.034245778
CEEMDAN_LSTM,ETH-USD,2026-06-15 05:30:00,0.020727223,0.034314167
CEEMDAN_LSTM,ETH-USD,2026-06-15 05:45:00,0.020534122,0.03282898
CEEMDAN_LSTM,ETH-USD,2026-06-15 06:00:00,0.02045174,0.032748178
CEEMDAN_LSTM,ETH-USD,2026-06-15 06:15:00,0.020239051,0.032441594
CEEMDAN_LSTM,ETH-USD,2026-06-15 06:30:00,0.020034024,0.03174747
CEEMDAN_LSTM,ETH-USD,2026-06-15 06:45:00,0.019756086,0.030970292
CEEMDAN_LSTM,ETH-USD,2026-06-15 07:00:00,0.01955257,0.030203491
CEEMDAN_LSTM,ETH-USD,2026-06-15 07:15:00,0.019322237,0.030202217
CEEMDAN_LSTM,ETH-USD,2026-06-15 07:30:00,0.019143783,0.030245783
CEEMDAN_LSTM,ETH-USD,2026-06-15 07:45:00,0.018956795,0.03018553
CEEMDAN_LSTM,ETH-USD,2026-06-15 08:00:00,0.018855605,0.030209899
CEEMDAN_LSTM,ETH-USD,2026-06-15 08:15:00,0.018841656,0.030218266
CEEMDAN_LSTM,ETH-USD,2026-06-15 08:30:00,0.018831596,0.03022841
CEEMDAN_LSTM,ETH-USD,2026-06-15 08:45:00,0.018897584,0.030231565
CEEMDAN_LSTM,ETH-USD,2026-06-15 09:00:00,0.018940497,0.030228479
CEEMDAN_LSTM,ETH-USD,2026-06-15 09:15:00,0.01900011,0.030238708
CEEMDAN_LSTM,ETH-USD,2026-06-15 09:30:00,0.019009685,0.030364657
CEEMDAN_LSTM,ETH-USD,2026-06-15 09:45:00,0.018957578,0.0302298
CEEMDAN_LSTM,ETH-USD,2026-06-15 10:00:00,0.018968834,0.030290851
CEEMDAN_LSTM,ETH-USD,2026-06-15 10:15:00,0.018947234,0.03030845
CEEMDAN_LSTM,ETH-USD,2026-06-15 10:30:00,0.018971814,0.03030637
CEEMDAN_LSTM,ETH-USD,2026-06-15 10:45:00,0.01895121,0.030722002
CEEMDAN_LSTM,ETH-USD,2026-06-15 11:00:00,0.018977378,0.030761803
CEEMDAN_LSTM,ETH-USD,2026-06-15 11:15:00,0.018982487,0.03292075
CEEMDAN_LSTM,ETH-USD,2026-06-15 11:30:00,0.019016936,0.03292311
CEEMDAN_LSTM,ETH-USD,2026-06-15 11:45:00,0.019069334,0.03294629
CEEMDAN_LSTM,ETH-USD,2026-06-15 12:00:00,0.019087503,0.032929614
CEEMDAN_LSTM,ETH-USD,2026-06-15 12:15:00,0.019320894,0.03292322
CEEMDAN_LSTM,ETH-USD,2026-06-15 12:30:00,0.019380026,0.033275783
CEEMDAN_LSTM,ETH-USD,2026-06-15 12:45:00,0.019672845,0.033276707
CEEMDAN_LSTM,ETH-USD,2026-06-15 13:00:00,0.019677443,0.034477614
CEEMDAN_LSTM,ETH-USD,2026-06-15 13:15:00,0.019944204,0.03706293
CEEMDAN_LSTM,ETH-USD,2026-06-15 13:30:00,0.020010598,0.03720639
CEEMDAN_LSTM,ETH-USD,2026-06-15 13:45:00,0.020180956,0.037206598
CEEMDAN_LSTM,ETH-USD,2026-06-15 14:00:00,0.02024536,0.037267588
CEEMDAN_LSTM,ETH-USD,2026-06-15 14:15:00,0.020635484,0.037282158
CEEMDAN_LSTM,ETH-USD,2026-06-15 14:30:00,0.02086819,0.037292715
CEEMDAN_LSTM,ETH-USD,2026-06-15 14:45:00,0.021364974,0.037262335
CEEMDAN_LSTM,ETH-USD,2026-06-15 15:00:00,0.021494098,0.03726271
CEEMDAN_LSTM,ETH-USD,2026-06-15 15:15:00,0.021905364,0.037247647
CEEMDAN_LSTM,ETH-USD,2026-06-15 15:30:00,0.021777539,0.037885256
CEEMDAN_LSTM,ETH-USD,2026-06-15 15:45:00,0.02205245,0.038754355
CEEMDAN_LSTM,ETH-USD,2026-06-15 16:00:00,0.021910995,0.038768373
CEEMDAN_LSTM,ETH-USD,2026-06-15 16:15:00,0.021906406,0.038779423
CEEMDAN_LSTM,ETH-USD,2026-06-15 16:30:00,0.021758858,0.038715836
CEEMDAN_LSTM,ETH-USD,2026-06-15 16:45:00,0.021853654,0.03872403
CEEMDAN_LSTM,ETH-USD,2026-06-15 17:00:00,0.021857303,0.039242327
CEEMDAN_LSTM,ETH-USD,2026-06-15 17:15:00,0.02197163,0.039213423
CEEMDAN_LSTM,ETH-USD,2026-06-15 17:30:00,0.022008846,0.039161384
CEEMDAN_LSTM,ETH-USD,2026-06-15 17:45:00,0.022313973,0.03917677
CEEMDAN_LSTM,ETH-USD,2026-06-15 18:00:00,0.022414058,0.039177634
CEEMDAN_LSTM,ETH-USD,2026-06-15 18:15:00,0.022692733,0.039126158
CEEMDAN_LSTM,ETH-USD,2026-06-15 18:30:00,0.022712609,0.039127488
CEEMDAN_LSTM,ETH-USD,2026-06-15 18:45:00,0.022697017,0.039141014
CEEMDAN_LSTM,ETH-USD,2026-06-15 19:00:00,0.02256601,0.03919222
CEEMDAN_LSTM,ETH-USD,2026-06-15 19:15:00,0.022423234,0.03997932
CEEMDAN_LSTM,ETH-USD,2026-06-15 19:30:00,0.022131475,0.04033823
CEEMDAN_LSTM,ETH-USD,2026-06-15 19:45:00,0.02213214,0.04057739
CEEMDAN_LSTM,ETH-USD,2026-06-15 20:00:00,0.022149801,0.040582903
CEEMDAN_LSTM,ETH-USD,2026-06-15 20:15:00,0.02236118,0.040607452
CEEMDAN_LSTM,ETH-USD,2026-06-15 20:30:00,0.022663506,0.040634125
CEEMDAN_LSTM,ETH-USD,2026-06-15 20:45:00,0.022934929,0.04067093
CEEMDAN_LSTM,ETH-USD,2026-06-15 21:00:00,0.023187166,0.040695142
CEEMDAN_LSTM,ETH-USD,2026-06-15 21:15:00,0.02329827,0.040810943
CEEMDAN_LSTM,ETH-USD,2026-06-15 21:30:00,0.02335565,0.040810924
CEEMDAN_LSTM,ETH-USD,2026-06-15 21:45:00,0.02329214,0.040898073
CEEMDAN_LSTM,ETH-USD,2026-06-15 22:00:00,0.023324564,0.040926915
CEEMDAN_LSTM,ETH-USD,2026-06-15 22:15:00,0.023221182,0.04201538
CEEMDAN_LSTM,ETH-USD,2026-06-15 22:30:00,0.023114631,0.04201653
CEEMDAN_LSTM,ETH-USD,2026-06-15 22:45:00,0.023183146,0.042062633
CEEMDAN_LSTM,ETH-USD,2026-06-15 23:00:00,0.023457935,0.042055756
CEEMDAN_LSTM,ETH-USD,2026-06-15 23:15:00,0.02382252,0.042058013
CEEMDAN_LSTM,ETH-USD,2026-06-15 23:30:00,0.024309723,0.04205585
CEEMDAN_LSTM,ETH-USD,2026-06-15 23:45:00,0.024695894,0.042112768
CEEMDAN_LSTM,ETH-USD,2026-06-16 00:00:00,0.024994336,0.04211364
CEEMDAN_LSTM,ETH-USD,2026-06-16 00:15:00,0.024999578,0.042192746
CEEMDAN_LSTM,ETH-USD,2026-06-16 00:30:00,0.024775775,0.04229304
CEEMDAN_LSTM,ETH-USD,2026-06-16 00:45:00,0.024599535,0.042592656
CEEMDAN_LSTM,ETH-USD,2026-06-16 01:00:00,0.02438551,0.042601634
CEEMDAN_LSTM,ETH-USD,2026-06-16 01:15:00,0.02435591,0.042643297
CEEMDAN_LSTM,ETH-USD,2026-06-16 01:30:00,0.024487866,0.04264001
CEEMDAN_LSTM,ETH-USD,2026-06-16 01:45:00,0.024607312,0.04268453
CEEMDAN_LSTM,ETH-USD,2026-06-16 02:00:00,0.024738519,0.042903632
CEEMDAN_LSTM,ETH-USD,2026-06-16 02:15:00,0.024795825,0.043336328
CEEMDAN_LSTM,ETH-USD,2026-06-16 02:30:00,0.024831446,0.0433276
CEEMDAN_LSTM,ETH-USD,2026-06-16 02:45:00,0.025037352,0.043410383
CEEMDAN_LSTM,ETH-USD,2026-06-16 03:00:00,0.02529352,0.04345629
CEEMDAN_LSTM,ETH-USD,2026-06-16 03:15:00,0.025735464,0.043488447
CEEMDAN_LSTM,ETH-USD,2026-06-16 03:30:00,0.026172075,0.043501195
CEEMDAN_LSTM,ETH-USD,2026-06-16 03:45:00,0.026476327,0.04349895
CEEMDAN_LSTM,ETH-USD,2026-06-16 04:00:00,0.02658959,0.043514725
CEEMDAN_LSTM,ETH-USD,2026-06-16 04:15:00,0.026498279,0.0437976
CEEMDAN_LSTM,ETH-USD,2026-06-16 04:30:00,0.026269741,0.04390213
CEEMDAN_LSTM,ETH-USD,2026-06-16 04:45:00,0.026096113,0.043917555
CEEMDAN_LSTM,ETH-USD,2026-06-16 05:00:00,0.02612608,0.04391399
CEEMDAN_LSTM,ETH-USD,2026-06-16 05:15:00,0.026355002,0.043899845
CEEMDAN_LSTM,ETH-USD,2026-06-16 05:30:00,0.026688715,0.04390313
CEEMDAN_LSTM,ETH-USD,2026-06-16 05:45:00,0.026988758,0.043907385
CEEMDAN_LSTM,ETH-USD,2026-06-16 06:00:00,0.02721436,0.043957356
CEEMDAN_LSTM,ETH-USD,2026-06-16 06:15:00,0.027369516,0.043957
CEEMDAN_LSTM,ETH-USD,2026-06-16 06:30:00,0.027424725,0.043912746
CEEMDAN_LSTM,ETH-USD,2026-06-16 06:45:00,0.027398791,0.043897536
CEEMDAN_LSTM,ETH-USD,2026-06-16 07:00:00,0.02735047,0.0437153
CEEMDAN_LSTM,ETH-USD,2026-06-16 07:15:00,0.027237916,0.0437061
CEEMDAN_LSTM,ETH-USD,2026-06-16 07:30:00,0.027164564,0.043707106
CEEMDAN_LSTM,ETH-USD,2026-06-16 07:45:00,0.027027419,0.04369435
CEEMDAN_LSTM,ETH-USD,2026-06-16 08:00:00,0.026931537,0.043703794
CEEMDAN_LSTM,ETH-USD,2026-06-16 08:15:00,0.02690827,0.0437784
CEEMDAN_LSTM,ETH-USD,2026-06-16 08:30:00,0.026989909,0.043818254
CEEMDAN_LSTM,ETH-USD,2026-06-16 08:45:00,0.027125614,0.04458338
CEEMDAN_LSTM,ETH-USD,2026-06-16 09:00:00,0.027455162,0.044593036
CEEMDAN_LSTM,ETH-USD,2026-06-16 09:15:00,0.02763008,0.044915814
CEEMDAN_LSTM,ETH-USD,2026-06-16 09:30:00,0.02768675,0.044910766
CEEMDAN_LSTM,ETH-USD,2026-06-16 09:45:00,0.027958123,0.044894382
CEEMDAN_LSTM,ETH-USD,2026-06-16 10:00:00,0.02820239,0.04489468
CEEMDAN_LSTM,ETH-USD,2026-06-16 10:15:00,0.028554486,0.04517878
CEEMDAN_LSTM,ETH-USD,2026-06-16 10:30:00,0.029003317,0.045191023
CEEMDAN_LSTM,ETH-USD,2026-06-16 10:45:00,0.029291121,0.0452289
CEEMDAN_LSTM,ETH-USD,2026-06-16 11:00:00,0.029432693,0.045224637
CEEMDAN_LSTM,ETH-USD,2026-06-16 11:15:00,0.029577876,0.045222193
CEEMDAN_LSTM,ETH-USD,2026-06-16 11:30:00,0.029572604,0.045229122
CEEMDAN_LSTM,ETH-USD,2026-06-16 11:45:00,0.029572854,0.045263402
CEEMDAN_LSTM,ETH-USD,2026-06-16 12:00:00,0.029520107,0.04554483
CEEMDAN_LSTM,ETH-USD,2026-06-16 12:15:00,0.029547958,0.045921005
CEEMDAN_LSTM,ETH-USD,2026-06-16 12:30:00,0.02960387,0.04549968
CEEMDAN_LSTM,ETH-USD,2026-06-16 12:45:00,0.029540444,0.045541443
CEEMDAN_LSTM,ETH-USD,2026-06-16 13:00:00,0.029482067,0.046038173
CEEMDAN_LSTM,ETH-USD,2026-06-16 13:15:00,0.029316852,0.04603804
CEEMDAN_LSTM,ETH-USD,2026-06-16 13:30:00,0.029290203,0.04603146
CEEMDAN_LSTM,ETH-USD,2026-06-16 13:45:00,0.029414913,0.046196982
CEEMDAN_LSTM,ETH-USD,2026-06-16 14:00:00,0.029500829,0.046206724
CEEMDAN_LSTM,ETH-USD,2026-06-16 14:15:00,0.02975135,0.04818173
CEEMDAN_LSTM,ETH-USD,2026-06-16 14:30:00,0.029779337,0.04833725
CEEMDAN_LSTM,ETH-USD,2026-06-16 14:45:00,0.030423254,0.04833794
CEEMDAN_LSTM,ETH-USD,2026-06-16 15:00:00,0.031279087,0.04841246
CEEMDAN_LSTM,ETH-USD,2026-06-16 15:15:00,0.03238291,0.048551686
CEEMDAN_LSTM,ETH-USD,2026-06-16 15:30:00,0.0332431,0.048529934
CEEMDAN_LSTM,ETH-USD,2026-06-16 15:45:00,0.03393677,0.04854198
CEEMDAN_LSTM,ETH-USD,2026-06-16 16:00:00,0.034377873,0.048601553
CEEMDAN_LSTM,ETH-USD,2026-06-16 16:15:00,0.034487158,0.048593078
CEEMDAN_LSTM,ETH-USD,2026-06-16 16:30:00,0.034493882,0.048571482
CEEMDAN_LSTM,ETH-USD,2026-06-16 16:45:00,0.034383677,0.04857862
CEEMDAN_LSTM,ETH-USD,2026-06-16 17:00:00,0.03420117,0.048588905
CEEMDAN_LSTM,ETH-USD,2026-06-16 17:15:00,0.03401779,0.048569616
CEEMDAN_LSTM,ETH-USD,2026-06-16 17:30:00,0.033832382,0.04858614
CEEMDAN_LSTM,ETH-USD,2026-06-16 17:45:00,0.033683952,0.04890751
CEEMDAN_LSTM,ETH-USD,2026-06-16 18:00:00,0.033676233,0.049146447
CEEMDAN_LSTM,ETH-USD,2026-06-16 18:15:00,0.033684127,0.04940906
CEEMDAN_LSTM,ETH-USD,2026-06-16 18:30:00,0.033491783,0.049374625
CEEMDAN_LSTM,ETH-USD,2026-06-16 18:45:00,0.033502836,0.049397923
CEEMDAN_LSTM,ETH-USD,2026-06-16 19:00:00,0.03370381,0.049481064
CEEMDAN_LSTM,ETH-USD,2026-06-16 19:15:00,0.033871017,0.04949988
CEEMDAN_LSTM,ETH-USD,2026-06-16 19:30:00,0.034112006,0.04945054
CEEMDAN_LSTM,ETH-USD,2026-06-16 19:45:00,0.03431558,0.049489502
CEEMDAN_LSTM,ETH-USD,2026-06-16 20:00:00,0.034450356,0.049493797
CEEMDAN_LSTM,ETH-USD,2026-06-16 20:15:00,0.03459688,0.049547844
CEEMDAN_LSTM,ETH-USD,2026-06-16 20:30:00,0.034674868,0.049712233
CEEMDAN_LSTM,ETH-USD,2026-06-16 20:45:00,0.034909062,0.04971243
CEEMDAN_LSTM,ETH-USD,2026-06-16 21:00:00,0.035058774,0.049682237
CEEMDAN_LSTM,ETH-USD,2026-06-16 21:15:00,0.035190903,0.049761638
CEEMDAN_LSTM,ETH-USD,2026-06-16 21:30:00,0.03519644,0.049734045
CEEMDAN_LSTM,ETH-USD,2026-06-16 21:45:00,0.035228483,0.04973287
CEEMDAN_LSTM,ETH-USD,2026-06-16 22:00:00,0.035264138,0.049718574
CEEMDAN_LSTM,ETH-USD,2026-06-16 22:15:00,0.0352971,0.04976442
CEEMDAN_LSTM,ETH-USD,2026-06-16 22:30:00,0.035245605,0.04974521
CEEMDAN_LSTM,ETH-USD,2026-06-16 22:45:00,0.03520136,0.04977991
CEEMDAN_LSTM,ETH-USD,2026-06-16 23:00:00,0.03524034,0.049781542
CEEMDAN_LSTM,ETH-USD,2026-06-16 23:15:00,0.035223566,0.049781278
CEEMDAN_LSTM,ETH-USD,2026-06-16 23:30:00,0.035179332,0.049789686
CEEMDAN_LSTM,ETH-USD,2026-06-16 23:45:00,0.035109255,0.049778067
CEEMDAN_LSTM,ETH-USD,2026-06-17 00:00:00,0.035053357,0.04977588
CEEMDAN_LSTM,ETH-USD,2026-06-17 00:15:00,0.03503358,0.049713958
CEEMDAN_LSTM,ETH-USD,2026-06-17 00:30:00,0.035020106,0.04961817
CEEMDAN_LSTM,ETH-USD,2026-06-17 00:45:00,0.03505443,0.04965963
CEEMDAN_LSTM,ETH-USD,2026-06-17 01:00:00,0.035010178,0.049630813
CEEMDAN_LSTM,ETH-USD,2026-06-17 01:15:00,0.034998924,0.04987445
CEEMDAN_LSTM,ETH-USD,2026-06-17 01:30:00,0.034887355,0.04993692
CEEMDAN_LSTM,ETH-USD,2026-06-17 01:45:00,0.034981985,0.05001906
CEEMDAN_LSTM,ETH-USD,2026-06-17 02:00:00,0.035171494,0.05001701
CEEMDAN_LSTM,ETH-USD,2026-06-17 02:15:00,0.03530822,0.05018985
CEEMDAN_LSTM,ETH-USD,2026-06-17 02:30:00,0.03551184,0.050584078
CEEMDAN_LSTM,ETH-USD,2026-06-17 02:45:00,0.03544429,0.050562162
CEEMDAN_LSTM,ETH-USD,2026-06-17 03:00:00,0.03549607,0.050625514
CEEMDAN_LSTM,ETH-USD,2026-06-17 03:15:00,0.03554552,0.05062672
CEEMDAN_LSTM,ETH-USD,2026-06-17 03:30:00,0.035687335,0.050553564
CEEMDAN_LSTM,ETH-USD,2026-06-17 03:45:00,0.035898484,0.050535016
CEEMDAN_LSTM,ETH-USD,2026-06-17 04:00:00,0.03606592,0.050534148
CEEMDAN_LSTM,ETH-USD,2026-06-17 04:15:00,0.036161076,0.050514143
CEEMDAN_LSTM,ETH-USD,2026-06-17 04:30:00,0.036186576,0.050505664
CEEMDAN_LSTM,ETH-USD,2026-06-17 04:45:00,0.03613691,0.05049391
CEEMDAN_LSTM,ETH-USD,2026-06-17 05:00:00,0.03601714,0.050519835
CEEMDAN_LSTM,ETH-USD,2026-06-17 05:15:00,0.035864215,0.050513156
CEEMDAN_LSTM,ETH-USD,2026-06-17 05:30:00,0.035770763,0.050214082
CEEMDAN_LSTM,ETH-USD,2026-06-17 05:45:00,0.035713315,0.050208654
CEEMDAN_LSTM,ETH-USD,2026-06-17 06:00:00,0.035581205,0.05018774
CEEMDAN_LSTM,ETH-USD,2026-06-17 06:15:00,0.035463195,0.050331015
CEEMDAN_LSTM,ETH-USD,2026-06-17 06:30:00,0.03523728,0.050330658
CEEMDAN_LSTM,ETH-USD,2026-06-17 06:45:00,0.035121035,0.050331827
CEEMDAN_LSTM,ETH-USD,2026-06-17 07:00:00,0.03511434,0.05031944
CEEMDAN_LSTM,ETH-USD,2026-06-17 07:15:00,0.035198476,0.050459463
CEEMDAN_LSTM,ETH-USD,2026-06-17 07:30:00,0.035242993,0.050461244
CEEMDAN_LSTM,ETH-USD,2026-06-17 07:45:00,0.035403375,0.050327793
CEEMDAN_LSTM,ETH-USD,2026-06-17 08:00:00,0.03552327,0.050418418
CEEMDAN_LSTM,ETH-USD,2026-06-17 08:15:00,0.03556682,0.050452217
CEEMDAN_LSTM,ETH-USD,2026-06-17 08:30:00,0.035621297,0.05105782
CEEMDAN_LSTM,ETH-USD,2026-06-17 08:45:00,0.035548147,0.051046338
CEEMDAN_LSTM,ETH-USD,2026-06-17 09:00:00,0.03574232,0.051084865
CEEMDAN_LSTM,ETH-USD,2026-06-17 09:15:00,0.03606321,0.051141053
CEEMDAN_LSTM,ETH-USD,2026-06-17 09:30:00,0.03643174,0.0511613
CEEMDAN_LSTM,ETH-USD,2026-06-17 09:45:00,0.03663303,0.051160995
CEEMDAN_LSTM,ETH-USD,2026-06-17 10:00:00,0.03674672,0.051133644
CEEMDAN_LSTM,ETH-USD,2026-06-17 10:15:00,0.03674521,0.051133372
CEEMDAN_LSTM,ETH-USD,2026-06-17 10:30:00,0.03666975,0.051129118
CEEMDAN_LSTM,ETH-USD,2026-06-17 10:45:00,0.036577784,0.05119963
CEEMDAN_LSTM,ETH-USD,2026-06-17 11:00:00,0.036426272,0.051233083
CEEMDAN_LSTM,ETH-USD,2026-06-17 11:15:00,0.036303774,0.05118992
CEEMDAN_LSTM,ETH-USD,2026-06-17 11:30:00,0.036271017,0.051140253
CEEMDAN_LSTM,ETH-USD,2026-06-17 11:45:00,0.0362175,0.051137466
CEEMDAN_LSTM,ETH-USD,2026-06-17 12:00:00,0.03615645,0.05112696
CEEMDAN_LSTM,ETH-USD,2026-06-17 12:15:00,0.03611049,0.04932503
CEEMDAN_LSTM,ETH-USD,2026-06-17 12:30:00,0.035849925,0.048784047
CEEMDAN_LSTM,ETH-USD,2026-06-17 12:45:00,0.03586471,0.048810545
CEEMDAN_LSTM,ETH-USD,2026-06-17 13:00:00,0.035700083,0.048809335
CEEMDAN_LSTM,ETH-USD,2026-06-17 13:15:00,0.035337113,0.048852827
CEEMDAN_LSTM,ETH-USD,2026-06-17 13:30:00,0.03478437,0.04903583
CEEMDAN_LSTM,ETH-USD,2026-06-17 13:45:00,0.034360927,0.0491059
CEEMDAN_LSTM,ETH-USD,2026-06-17 14:00:00,0.03381605,0.049097124
CEEMDAN_LSTM,ETH-USD,2026-06-17 14:15:00,0.03347001,0.049180537
CEEMDAN_LSTM,ETH-USD,2026-06-17 14:30:00,0.033252984,0.049116462
CEEMDAN_LSTM,ETH-USD,2026-06-17 14:45:00,0.03327407,0.048993483
CEEMDAN_LSTM,ETH-USD,2026-06-17 15:00:00,0.033472393,0.048930615
CEEMDAN_LSTM,ETH-USD,2026-06-17 15:15:00,0.033834737,0.04886635
CEEMDAN_LSTM,ETH-USD,2026-06-17 15:30:00,0.03423378,0.04883518
CEEMDAN_LSTM,ETH-USD,2026-06-17 15:45:00,0.03457973,0.04894305
CEEMDAN_LSTM,ETH-USD,2026-06-17 16:00:00,0.034808207,0.048913617
CEEMDAN_LSTM,ETH-USD,2026-06-17 16:15:00,0.034798317,0.049089007
CEEMDAN_LSTM,ETH-USD,2026-06-17 16:30:00,0.034712393,0.049151037
CEEMDAN_LSTM,ETH-USD,2026-06-17 16:45:00,0.034247447,0.04906798
CEEMDAN_LSTM,ETH-USD,2026-06-17 17:00:00,0.03385916,0.04899956
CEEMDAN_LSTM,ETH-USD,2026-06-17 17:15:00,0.03362966,0.049096208
CEEMDAN_LSTM,ETH-USD,2026-06-17 17:30:00,0.033612788,0.049127333
CEEMDAN_LSTM,ETH-USD,2026-06-17 17:45:00,0.03362074,0.049688637
CEEMDAN_LSTM,ETH-USD,2026-06-17 18:00:00,0.033905514,0.051417496
CEEMDAN_LSTM,ETH-USD,2026-06-17 18:15:00,0.033731475,0.051411476
CEEMDAN_LSTM,ETH-USD,2026-06-17 18:30:00,0.034043457,0.052412223
CEEMDAN_LSTM,ETH-USD,2026-06-17 18:45:00,0.034820214,0.053050954
CEEMDAN_LSTM,ETH-USD,2026-06-17 19:00:00,0.03535172,0.053040948
CEEMDAN_LSTM,ETH-USD,2026-06-17 19:15:00,0.036107082,0.055994987
CEEMDAN_LSTM,ETH-USD,2026-06-17 19:30:00,0.03647619,0.056124974
CEEMDAN_LSTM,ETH-USD,2026-06-17 19:45:00,0.03731399,0.05612841
CEEMDAN_LSTM,ETH-USD,2026-06-17 20:00:00,0.038395286,0.056151427
CEEMDAN_LSTM,ETH-USD,2026-06-17 20:15:00,0.0393795,0.056124758
CEEMDAN_LSTM,ETH-USD,2026-06-17 20:30:00,0.040085126,0.05610606
CEEMDAN_LSTM,ETH-USD,2026-06-17 20:45:00,0.0405091,0.056410056
CEEMDAN_LSTM,ETH-USD,2026-06-17 21:00:00,0.04081127,0.05647459
CEEMDAN_LSTM,ETH-USD,2026-06-17 21:15:00,0.040851314,0.056473695
CEEMDAN_LSTM,ETH-USD,2026-06-17 21:30:00,0.040837098,0.056473676
CEEMDAN_LSTM,ETH-USD,2026-06-17 21:45:00,0.040744662,0.056477886
CEEMDAN_LSTM,ETH-USD,2026-06-17 22:00:00,0.0406512,0.05650829
CEEMDAN_LSTM,ETH-USD,2026-06-17 22:15:00,0.040545654,0.056688987
CEEMDAN_LSTM,ETH-USD,2026-06-17 22:30:00,0.04053543,0.056655884
CEEMDAN_LSTM,ETH-USD,2026-06-17 22:45:00,0.04045927,0.05666803
CEEMDAN_LSTM,ETH-USD,2026-06-17 23:00:00,0.040341433,0.05666753
CEEMDAN_LSTM,ETH-USD,2026-06-17 23:15:00,0.04027049,0.056786057
CEEMDAN_LSTM,ETH-USD,2026-06-17 23:30:00,0.040230744,0.056787413
CEEMDAN_LSTM,ETH-USD,2026-06-17 23:45:00,0.040132146,0.05680755
CEEMDAN_LSTM,ETH-USD,2026-06-18 00:00:00,0.040074315,0.05687235
CEEMDAN_LSTM,ETH-USD,2026-06-18 00:15:00,0.040036675,0.056862
CEEMDAN_LSTM,ETH-USD,2026-06-18 00:30:00,0.03994996,0.056735773
CEEMDAN_LSTM,ETH-USD,2026-06-18 00:45:00,0.039876793,0.05673668
CEEMDAN_LSTM,ETH-USD,2026-06-18 01:00:00,0.039786935,0.05688214
CEEMDAN_LSTM,ETH-USD,2026-06-18 01:15:00,0.039804414,0.05693599
CEEMDAN_LSTM,ETH-USD,2026-06-18 01:30:00,0.03973454,0.056902546
CEEMDAN_LSTM,ETH-USD,2026-06-18 01:45:00,0.03971502,0.056688286
CEEMDAN_LSTM,ETH-USD,2026-06-18 02:00:00,0.03968944,0.056653008
CEEMDAN_LSTM,ETH-USD,2026-06-18 02:15:00,0.039685406,0.055411045
CEEMDAN_LSTM,ETH-USD,2026-06-18 02:30:00,0.039714087,0.055410545
CEEMDAN_LSTM,ETH-USD,2026-06-18 02:45:00,0.039619636,0.055387814
CEEMDAN_LSTM,ETH-USD,2026-06-18 03:00:00,0.0394117,0.055439685
CEEMDAN_LSTM,ETH-USD,2026-06-18 03:15:00,0.039120454,0.055568878
CEEMDAN_LSTM,ETH-USD,2026-06-18 03:30:00,0.03879561,0.055340264
CEEMDAN_LSTM,ETH-USD,2026-06-18 03:45:00,0.038548447,0.05532339
CEEMDAN_LSTM,ETH-USD,2026-06-18 04:00:00,0.03842802,0.054754913
CEEMDAN_LSTM,ETH-USD,2026-06-18 04:15:00,0.038257007,0.05291193
CEEMDAN_LSTM,ETH-USD,2026-06-18 04:30:00,0.038194507,0.0528356
CEEMDAN_LSTM,ETH-USD,2026-06-18 04:45:00,0.03797511,0.05283699
CEEMDAN_LSTM,ETH-USD,2026-06-18 05:00:00,0.037591208,0.052808594
CEEMDAN_LSTM,ETH-USD,2026-06-18 05:15:00,0.037088003,0.05278429
CEEMDAN_LSTM,ETH-USD,2026-06-18 05:30:00,0.036589332,0.052783184
CEEMDAN_LSTM,ETH-USD,2026-06-18 05:45:00,0.03614235,0.052781425
CEEMDAN_LSTM,ETH-USD,2026-06-18 06:00:00,0.035823505,0.052783158
CEEMDAN_LSTM,ETH-USD,2026-06-18 06:15:00,0.03556482,0.05279171
CEEMDAN_LSTM,ETH-USD,2026-06-18 06:30:00,0.03546538,0.052375577
CEEMDAN_LSTM,ETH-USD,2026-06-18 06:45:00,0.03553085,0.051634647
CEEMDAN_LSTM,ETH-USD,2026-06-18 07:00:00,0.035583887,0.05163341
CEEMDAN_LSTM,ETH-USD,2026-06-18 07:15:00,0.035590835,0.05201915
CEEMDAN_LSTM,ETH-USD,2026-06-18 07:30:00,0.03566974,0.052061398
CEEMDAN_LSTM,ETH-USD,2026-06-18 07:45:00,0.035610892,0.05206409
CEEMDAN_LSTM,ETH-USD,2026-06-18 08:00:00,0.035447337,0.051737413
CEEMDAN_LSTM,ETH-USD,2026-06-18 08:15:00,0.03521328,0.05174737
CEEMDAN_LSTM,ETH-USD,2026-06-18 08:30:00,0.034979075,0.051750563
CEEMDAN_LSTM,ETH-USD,2026-06-18 08:45:00,0.03471622,0.051768374
CEEMDAN_LSTM,ETH-USD,2026-06-18 09:00:00,0.034417693,0.05175759
CEEMDAN_LSTM,ETH-USD,2026-06-18 09:15:00,0.03422289,0.051796205
CEEMDAN_LSTM,ETH-USD,2026-06-18 09:30:00,0.034088776,0.05185005
CEEMDAN_LSTM,ETH-USD,2026-06-18 09:45:00,0.034164637,0.0518484
CEEMDAN_LSTM,ETH-USD,2026-06-18 10:00:00,0.03424287,0.051840134
CEEMDAN_LSTM,ETH-USD,2026-06-18 10:15:00,0.034276146,0.05132008
CEEMDAN_LSTM,ETH-USD,2026-06-18 10:30:00,0.034356017,0.050972562
CEEMDAN_LSTM,ETH-USD,2026-06-18 10:45:00,0.03435243,0.050932735
CEEMDAN_LSTM,ETH-USD,2026-06-18 11:00:00,0.034338266,0.050917815
CEEMDAN_LSTM,ETH-USD,2026-06-18 11:15:00,0.034094132,0.05091003
CEEMDAN_LSTM,ETH-USD,2026-06-18 11:30:00,0.033748012,0.05091735
CEEMDAN_LSTM,ETH-USD,2026-06-18 11:45:00,0.033334717,0.050902504
CEEMDAN_LSTM,ETH-USD,2026-06-18 12:00:00,0.032990955,0.050877526
CEEMDAN_LSTM,ETH-USD,2026-06-18 12:15:00,0.03276992,0.050956897
CEEMDAN_LSTM,ETH-USD,2026-06-18 12:30:00,0.032709453,0.050974667
CEEMDAN_LSTM,ETH-USD,2026-06-18 12:45:00,0.03259563,0.050918695
CEEMDAN_LSTM,ETH-USD,2026-06-18 13:00:00,0.03256517,0.050906148
CEEMDAN_LSTM,ETH-USD,2026-06-18 13:15:00,0.032535806,0.050049543
CEEMDAN_LSTM,ETH-USD,2026-06-18 13:30:00,0.032515466,0.05107259
CEEMDAN_LSTM,ETH-USD,2026-06-18 13:45:00,0.032185797,0.051104225
CEEMDAN_LSTM,ETH-USD,2026-06-18 14:00:00,0.032184247,0.05116482
CEEMDAN_LSTM,ETH-USD,2026-06-18 14:15:00,0.032185126,0.051172283
CEEMDAN_LSTM,ETH-USD,2026-06-18 14:30:00,0.032394923,0.051276594
CEEMDAN_LSTM,ETH-USD,2026-06-18 14:45:00,0.03270746,0.05118903
CEEMDAN_LSTM,ETH-USD,2026-06-18 15:00:00,0.032918602,0.051326033
CEEMDAN_LSTM,ETH-USD,2026-06-18 15:15:00,0.03289633,0.051804498
CEEMDAN_LSTM,ETH-USD,2026-06-18 15:30:00,0.03269407,0.05305056
CEEMDAN_LSTM,ETH-USD,2026-06-18 15:45:00,0.032431517,0.05378178
CEEMDAN_LSTM,ETH-USD,2026-06-18 16:00:00,0.032551456,0.05397055
CEEMDAN_LSTM,ETH-USD,2026-06-18 16:15:00,0.033480022,0.05393283
CEEMDAN_LSTM,ETH-USD,2026-06-18 16:30:00,0.03459846,0.053932827
CEEMDAN_LSTM,ETH-USD,2026-06-18 16:45:00,0.035650685,0.05390923
CEEMDAN_LSTM,ETH-USD,2026-06-18 17:00:00,0.03637098,0.053771418
CEEMDAN_LSTM,ETH-USD,2026-06-18 17:15:00,0.036620654,0.053502455
CEEMDAN_LSTM,ETH-USD,2026-06-18 17:30:00,0.036527403,0.053512692
CEEMDAN_LSTM,ETH-USD,2026-06-18 17:45:00,0.036324043,0.053479653
CEEMDAN_LSTM,ETH-USD,2026-06-18 18:00:00,0.036018606,0.05342074
CEEMDAN_LSTM,ETH-USD,2026-06-18 18:15:00,0.03574993,0.05354919
CEEMDAN_LSTM,ETH-USD,2026-06-18 18:30:00,0.03558389,0.05352766
CEEMDAN_LSTM,ETH-USD,2026-06-18 18:45:00,0.035261177,0.053526428
CEEMDAN_LSTM,ETH-USD,2026-06-18 19:00:00,0.03488432,0.053524606
CEEMDAN_LSTM,ETH-USD,2026-06-18 19:15:00,0.034519587,0.053422965
CEEMDAN_LSTM,ETH-USD,2026-06-18 19:30:00,0.034289166,0.053822085
CEEMDAN_LSTM,ETH-USD,2026-06-18 19:45:00,0.03427954,0.05382961
CEEMDAN_LSTM,ETH-USD,2026-06-18 20:00:00,0.034280255,0.053960163
CEEMDAN_LSTM,ETH-USD,2026-06-18 20:15:00,0.03440851,0.053962443
CEEMDAN_LSTM,ETH-USD,2026-06-18 20:30:00,0.034475956,0.05396173
CEEMDAN_LSTM,ETH-USD,2026-06-18 20:45:00,0.03444825,0.05398008
CEEMDAN_LSTM,ETH-USD,2026-06-18 21:00:00,0.034341156,0.054035973
CEEMDAN_LSTM,ETH-USD,2026-06-18 21:15:00,0.03420041,0.05403042
CEEMDAN_LSTM,ETH-USD,2026-06-18 21:30:00,0.034242604,0.05401452
CEEMDAN_LSTM,ETH-USD,2026-06-18 21:45:00,0.03437105,0.054024592
CEEMDAN_LSTM,ETH-USD,2026-06-18 22:00:00,0.034551594,0.05402433
CEEMDAN_LSTM,ETH-USD,2026-06-18 22:15:00,0.034663714,0.0540274
CEEMDAN_LSTM,ETH-USD,2026-06-18 22:30:00,0.03469135,0.054039903
CEEMDAN_LSTM,ETH-USD,2026-06-18 22:45:00,0.034757107,0.054042183
CEEMDAN_LSTM,ETH-USD,2026-06-18 23:00:00,0.03482196,0.054046858
CEEMDAN_LSTM,ETH-USD,2026-06-18 23:15:00,0.034796726,0.054081593
CEEMDAN_LSTM,ETH-USD,2026-06-18 23:30:00,0.034890737,0.05403341
CEEMDAN_LSTM,ETH-USD,2026-06-18 23:45:00,0.034895428,0.05328955
CEEMDAN_LSTM,ETH-USD,2026-06-19 00:00:00,0.03486765,0.053279366
CEEMDAN_LSTM,ETH-USD,2026-06-19 00:15:00,0.034723528,0.05304961
CEEMDAN_LSTM,ETH-USD,2026-06-19 00:30:00,0.03450675,0.053075418
CEEMDAN_LSTM,ETH-USD,2026-06-19 00:45:00,0.034213476,0.053062476
CEEMDAN_LSTM,ETH-USD,2026-06-19 01:00:00,0.03379292,0.053071007
CEEMDAN_LSTM,ETH-USD,2026-06-19 01:15:00,0.033362977,0.052779436
CEEMDAN_LSTM,ETH-USD,2026-06-19 01:30:00,0.032985535,0.052768007
CEEMDAN_LSTM,ETH-USD,2026-06-19 01:45:00,0.032713674,0.052801386
CEEMDAN_LSTM,ETH-USD,2026-06-19 02:00:00,0.03256155,0.052811116
CEEMDAN_LSTM,ETH-USD,2026-06-19 02:15:00,0.03235232,0.052944098
CEEMDAN_LSTM,ETH-USD,2026-06-19 02:30:00,0.032119542,0.052923154
CEEMDAN_LSTM,ETH-USD,2026-06-19 02:45:00,0.03205584,0.052906945
CEEMDAN_LSTM,ETH-USD,2026-06-19 03:00:00,0.032141022,0.05301214
CEEMDAN_LSTM,ETH-USD,2026-06-19 03:15:00,0.03204148,0.052693587
CEEMDAN_LSTM,ETH-USD,2026-06-19 03:30:00,0.032139838,0.052701328
CEEMDAN_LSTM,ETH-USD,2026-06-19 03:45:00,0.03210464,0.05268144
CEEMDAN_LSTM,ETH-USD,2026-06-19 04:00:00,0.03201421,0.052312456
CEEMDAN_LSTM,ETH-USD,2026-06-19 04:15:00,0.03188096,0.05238563
CEEMDAN_LSTM,ETH-USD,2026-06-19 04:30:00,0.031551618,0.052386805
CEEMDAN_LSTM,ETH-USD,2026-06-19 04:45:00,0.0311833,0.05227606
CEEMDAN_LSTM,ETH-USD,2026-06-19 05:00:00,0.03082202,0.052487932
CEEMDAN_LSTM,ETH-USD,2026-06-19 05:15:00,0.030657131,0.050828386
CEEMDAN_LSTM,ETH-USD,2026-06-19 05:30:00,0.030389996,0.05066645
CEEMDAN_LSTM,ETH-USD,2026-06-19 05:45:00,0.030142846,0.050677907
CEEMDAN_LSTM,ETH-USD,2026-06-19 06:00:00,0.029756574,0.05060502
CEEMDAN_LSTM,ETH-USD,2026-06-19 06:15:00,0.029166415,0.05050722
CEEMDAN_LSTM,ETH-USD,2026-06-19 06:30:00,0.028517578,0.050506536
CEEMDAN_LSTM,ETH-USD,2026-06-19 06:45:00,0.027866304,0.050478753
CEEMDAN_LSTM,ETH-USD,2026-06-19 07:00:00,0.027398497,0.050477
CEEMDAN_LSTM,ETH-USD,2026-06-19 07:15:00,0.027037743,0.050467175
CEEMDAN_LSTM,ETH-USD,2026-06-19 07:30:00,0.026957702,0.05050671
CEEMDAN_LSTM,ETH-USD,2026-06-19 07:45:00,0.026968222,0.050545115
CEEMDAN_LSTM,ETH-USD,2026-06-19 08:00:00,0.027190112,0.050529767
CEEMDAN_LSTM,ETH-USD,2026-06-19 08:15:00,0.027434364,0.050521757
CEEMDAN_LSTM,ETH-USD,2026-06-19 08:30:00,0.027685799,0.050484974
CEEMDAN_LSTM,ETH-USD,2026-06-19 08:45:00,0.027882192,0.050132718
CEEMDAN_LSTM,ETH-USD,2026-06-19 09:00:00,0.027998341,0.049942542
CEEMDAN_LSTM,ETH-USD,2026-06-19 09:15:00,0.027846642,0.049732797
CEEMDAN_LSTM,ETH-USD,2026-06-19 09:30:00,0.027586533,0.04974146
CEEMDAN_LSTM,ETH-USD,2026-06-19 09:45:00,0.027226342,0.04972641
CEEMDAN_LSTM,ETH-USD,2026-06-19 10:00:00,0.0267772,0.04969471
CEEMDAN_LSTM,ETH-USD,2026-06-19 10:15:00,0.026455523,0.04966001
CEEMDAN_LSTM,ETH-USD,2026-06-19 10:30:00,0.02621253,0.049664184
CEEMDAN_LSTM,ETH-USD,2026-06-19 10:45:00,0.026059825,0.04974476
CEEMDAN_LSTM,ETH-USD,2026-06-19 11:00:00,0.026027221,0.049771253
CEEMDAN_LSTM,ETH-USD,2026-06-19 11:15:00,0.025922816,0.04975798
CEEMDAN_LSTM,ETH-USD,2026-06-19 11:30:00,0.025893843,0.049541492
CEEMDAN_LSTM,ETH-USD,2026-06-19 11:45:00,0.025865052,0.04954601
CEEMDAN_LSTM,ETH-USD,2026-06-19 12:00:00,0.025776198,0.04953644
CEEMDAN_LSTM,ETH-USD,2026-06-19 12:15:00,0.025670726,0.04946642
CEEMDAN_LSTM,ETH-USD,2026-06-19 12:30:00,0.025520947,0.049478184
CEEMDAN_LSTM,ETH-USD,2026-06-19 12:45:00,0.025367677,0.049746927
CEEMDAN_LSTM,ETH-USD,2026-06-19 13:00:00,0.025347093,0.049737662
CEEMDAN_LSTM,ETH-USD,2026-06-19 13:15:00,0.02525864,0.04971376
CEEMDAN_LSTM,ETH-USD,2026-06-19 13:30:00,0.025179118,0.05005635
CEEMDAN_LSTM,ETH-USD,2026-06-19 13:45:00,0.02528503,0.050014637
CEEMDAN_LSTM,ETH-USD,2026-06-19 14:00:00,0.025312385,0.050078195
CEEMDAN_LSTM,ETH-USD,2026-06-19 14:15:00,0.025265323,0.05018632
CEEMDAN_LSTM,ETH-USD,2026-06-19 14:30:00,0.02530267,0.050189625
CEEMDAN_LSTM,ETH-USD,2026-06-19 14:45:00,0.025321681,0.050209567
CEEMDAN_LSTM,ETH-USD,2026-06-19 15:00:00,0.025338206,0.050204158
CEEMDAN_LSTM,ETH-USD,2026-06-19 15:15:00,0.025350697,0.05032936
CEEMDAN_LSTM,ETH-USD,2026-06-19 15:30:00,0.025271406,0.050597414
CEEMDAN_LSTM,ETH-USD,2026-06-19 15:45:00,0.025396693,0.050574083
CEEMDAN_LSTM,ETH-USD,2026-06-19 16:00:00,0.025442697,0.050640468
CEEMDAN_LSTM,ETH-USD,2026-06-19 16:15:00,0.025573237,0.050478615
CEEMDAN_LSTM,ETH-USD,2026-06-19 16:30:00,0.025652977,0.05041377
CEEMDAN_LSTM,ETH-USD,2026-06-19 16:45:00,0.02572501,0.05049784
CEEMDAN_LSTM,ETH-USD,2026-06-19 17:00:00,0.025724817,0.050500747
CEEMDAN_LSTM,ETH-USD,2026-06-19 17:15:00,0.025747063,0.050282605
CEEMDAN_LSTM,ETH-USD,2026-06-19 17:30:00,0.02577439,0.05007078
CEEMDAN_LSTM,ETH-USD,2026-06-19 17:45:00,0.025831262,0.050104488
CEEMDAN_LSTM,ETH-USD,2026-06-19 18:00:00,0.025867423,0.050061565
CEEMDAN_LSTM,ETH-USD,2026-06-19 18:15:00,0.02572952,0.050068103
CEEMDAN_LSTM,ETH-USD,2026-06-19 18:30:00,0.02551588,0.050055508
CEEMDAN_LSTM,ETH-USD,2026-06-19 18:45:00,0.02517477,0.050069075
CEEMDAN_LSTM,ETH-USD,2026-06-19 19:00:00,0.024907943,0.05006911
CEEMDAN_LSTM,ETH-USD,2026-06-19 19:15:00,0.02463069,0.05007217
CEEMDAN_LSTM,ETH-USD,2026-06-19 19:30:00,0.0244732,0.050071336
CEEMDAN_LSTM,ETH-USD,2026-06-19 19:45:00,0.024409758,0.050072394
CEEMDAN_LSTM,ETH-USD,2026-06-19 20:00:00,0.024450136,0.0500812
CEEMDAN_LSTM,ETH-USD,2026-06-19 20:15:00,0.024491988,0.050065402
CEEMDAN_LSTM,ETH-USD,2026-06-19 20:30:00,0.02450565,0.050036103
CEEMDAN_LSTM,ETH-USD,2026-06-19 20:45:00,0.024454646,0.050156258
CEEMDAN_LSTM,ETH-USD,2026-06-19 21:00:00,0.024458699,0.0501471
CEEMDAN_LSTM,ETH-USD,2026-06-19 21:15:00,0.024377763,0.050075132
CEEMDAN_LSTM,ETH-USD,2026-06-19 21:30:00,0.024251403,0.05008834
CEEMDAN_LSTM,ETH-USD,2026-06-19 21:45:00,0.02415509,0.05008063
CEEMDAN_LSTM,ETH-USD,2026-06-19 22:00:00,0.024078969,0.050075546
CEEMDAN_LSTM,ETH-USD,2026-06-19 22:15:00,0.024048079,0.050084285
CEEMDAN_LSTM,ETH-USD,2026-06-19 22:30:00,0.024078885,0.050069977
CEEMDAN_LSTM,ETH-USD,2026-06-19 22:45:00,0.024089163,0.050061837
CEEMDAN_LSTM,ETH-USD,2026-06-19 23:00:00,0.0240866,0.049972642
CEEMDAN_LSTM,ETH-USD,2026-06-19 23:15:00,0.024079038,0.049974635
CEEMDAN_LSTM,ETH-USD,2026-06-19 23:30:00,0.02406348,0.049414795
CEEMDAN_LSTM,ETH-USD,2026-06-19 23:45:00,0.024009438,0.049438626
CEEMDAN_LSTM,ETH-USD,2026-06-20 00:00:00,0.023929544,0.04938655
CEEMDAN_LSTM,ETH-USD,2026-06-20 00:15:00,0.02381933,0.049289178
CEEMDAN_LSTM,ETH-USD,2026-06-20 00:30:00,0.023663232,0.04927673
CEEMDAN_LSTM,ETH-USD,2026-06-20 00:45:00,0.023537878,0.04928967
CEEMDAN_LSTM,ETH-USD,2026-06-20 01:00:00,0.023348344,0.049290154
CEEMDAN_LSTM,ETH-USD,2026-06-20 01:15:00,0.023270998,0.04929584
CEEMDAN_LSTM,ETH-USD,2026-06-20 01:30:00,0.023206437,0.049293354
CEEMDAN_LSTM,ETH-USD,2026-06-20 01:45:00,0.02322894,0.0492444
CEEMDAN_LSTM,ETH-USD,2026-06-20 02:00:00,0.02324381,0.04922819
CEEMDAN_LSTM,ETH-USD,2026-06-20 02:15:00,0.023283217,0.049238387
CEEMDAN_LSTM,ETH-USD,2026-06-20 02:30:00,0.023270784,0.049242247
CEEMDAN_LSTM,ETH-USD,2026-06-20 02:45:00,0.023316273,0.04924235
CEEMDAN_LSTM,ETH-USD,2026-06-20 03:00:00,0.023264993,0.049260423
CEEMDAN_LSTM,ETH-USD,2026-06-20 03:15:00,0.023256663,0.048253726
CEEMDAN_LSTM,ETH-USD,2026-06-20 03:30:00,0.023190953,0.04796806
CEEMDAN_LSTM,ETH-USD,2026-06-20 03:45:00,0.023084905,0.047919266
CEEMDAN_LSTM,ETH-USD,2026-06-20 04:00:00,0.022868147,0.04790157
CEEMDAN_LSTM,ETH-USD,2026-06-20 04:15:00,0.022541786,0.047980163
CEEMDAN_LSTM,ETH-USD,2026-06-20 04:30:00,0.022260416,0.047714744
CEEMDAN_LSTM,ETH-USD,2026-06-20 04:45:00,0.021975918,0.04762077
CEEMDAN_LSTM,ETH-USD,2026-06-20 05:00:00,0.021759981,0.04855926
CEEMDAN_LSTM,ETH-USD,2026-06-20 05:15:00,0.021702262,0.048663072
CEEMDAN_LSTM,ETH-USD,2026-06-20 05:30:00,0.021597566,0.048667144
CEEMDAN_LSTM,ETH-USD,2026-06-20 05:45:00,0.021594614,0.04868967
CEEMDAN_LSTM,ETH-USD,2026-06-20 06:00:00,0.021790413,0.048629027
CEEMDAN_LSTM,ETH-USD,2026-06-20 06:15:00,0.021900186,0.048584394
CEEMDAN_LSTM,ETH-USD,2026-06-20 06:30:00,0.022143554,0.048523247
CEEMDAN_LSTM,ETH-USD,2026-06-20 06:45:00,0.022237003,0.048403896
CEEMDAN_LSTM,ETH-USD,2026-06-20 07:00:00,0.022418167,0.048404973
CEEMDAN_LSTM,ETH-USD,2026-06-20 07:15:00,0.022408638,0.04809093
CEEMDAN_LSTM,ETH-USD,2026-06-20 07:30:00,0.02244894,0.047741037
CEEMDAN_LSTM,ETH-USD,2026-06-20 07:45:00,0.022289507,0.047724456
CEEMDAN_LSTM,ETH-USD,2026-06-20 08:00:00,0.022124209,0.047725078
CEEMDAN_LSTM,ETH-USD,2026-06-20 08:15:00,0.021876374,0.047613144
CEEMDAN_LSTM,ETH-USD,2026-06-20 08:30:00,0.021699283,0.04758619
CEEMDAN_LSTM,ETH-USD,2026-06-20 08:45:00,0.02150574,0.046912506
CEEMDAN_LSTM,ETH-USD,2026-06-20 09:00:00,0.021415172,0.0449977
CEEMDAN_LSTM,ETH-USD,2026-06-20 09:15:00,0.021312173,0.044996813
CEEMDAN_LSTM,ETH-USD,2026-06-20 09:30:00,0.021136582,0.043859214
CEEMDAN_LSTM,ETH-USD,2026-06-20 09:45:00,0.02087093,0.043098487
CEEMDAN_LSTM,ETH-USD,2026-06-20 10:00:00,0.020438405,0.043092422
CEEMDAN_LSTM,ETH-USD,2026-06-20 10:15:00,0.020008506,0.03924721
CEEMDAN_LSTM,ETH-USD,2026-06-20 10:30:00,0.019582711,0.039070696
CEEMDAN_LSTM,ETH-USD,2026-06-20 10:45:00,0.019201174,0.039072268
CEEMDAN_LSTM,ETH-USD,2026-06-20 11:00:00,0.018877191,0.03903804
CEEMDAN_LSTM,ETH-USD,2026-06-20 11:15:00,0.018581029,0.03903137
CEEMDAN_LSTM,ETH-USD,2026-06-20 11:30:00,0.018472573,0.039000694
CEEMDAN_LSTM,ETH-USD,2026-06-20 11:45:00,0.018369291,0.038502354
CEEMDAN_LSTM,ETH-USD,2026-06-20 12:00:00,0.01845223,0.03844976
CEEMDAN_LSTM,ETH-USD,2026-06-20 12:15:00,0.018491143,0.03844718
CEEMDAN_LSTM,ETH-USD,2026-06-20 12:30:00,0.018626893,0.038458057
CEEMDAN_LSTM,ETH-USD,2026-06-20 12:45:00,0.01859275,0.038459644
CEEMDAN_LSTM,ETH-USD,2026-06-20 13:00:00,0.018601935,0.03844229
CEEMDAN_LSTM,ETH-USD,2026-06-20 13:15:00,0.018470123,0.038557902
CEEMDAN_LSTM,ETH-USD,2026-06-20 13:30:00,0.018426375,0.03862547
CEEMDAN_LSTM,ETH-USD,2026-06-20 13:45:00,0.018406034,0.03859453
CEEMDAN_LSTM,ETH-USD,2026-06-20 14:00:00,0.018428475,0.038849596
CEEMDAN_LSTM,ETH-USD,2026-06-20 14:15:00,0.018379318,0.03873072
CEEMDAN_LSTM,ETH-USD,2026-06-20 14:30:00,0.018480338,0.038942683
CEEMDAN_LSTM,ETH-USD,2026-06-20 14:45:00,0.018456688,0.039629627
CEEMDAN_LSTM,ETH-USD,2026-06-20 15:00:00,0.018527823,0.039552487
CEEMDAN_LSTM,ETH-USD,2026-06-20 15:15:00,0.018474,0.03974367
CEEMDAN_LSTM,ETH-USD,2026-06-20 15:30:00,0.018497556,0.039784506
CEEMDAN_LSTM,ETH-USD,2026-06-20 15:45:00,0.01847425,0.039764967
CEEMDAN_LSTM,ETH-USD,2026-06-20 16:00:00,0.018465577,0.039529376
CEEMDAN_LSTM,ETH-USD,2026-06-20 16:15:00,0.018480003,0.03947018
CEEMDAN_LSTM,ETH-USD,2026-06-20 16:30:00,0.018474178,0.039474774
CEEMDAN_LSTM,ETH-USD,2026-06-20 16:45:00,0.018549876,0.039454557
CEEMDAN_LSTM,ETH-USD,2026-06-20 17:00:00,0.018566338,0.039501555
CEEMDAN_LSTM,ETH-USD,2026-06-20 17:15:00,0.018614452,0.03945663
CEEMDAN_LSTM,ETH-USD,2026-06-20 17:30:00,0.01858999,0.039515708
CEEMDAN_LSTM,ETH-USD,2026-06-20 17:45:00,0.018597838,0.03950795
CEEMDAN_LSTM,ETH-USD,2026-06-20 18:00:00,0.018556332,0.0394369
CEEMDAN_LSTM,ETH-USD,2026-06-20 18:15:00,0.018571837,0.039277334
CEEMDAN_LSTM,ETH-USD,2026-06-20 18:30:00,0.018532006,0.03927167
CEEMDAN_LSTM,ETH-USD,2026-06-20 18:45:00,0.018524552,0.039265297
CEEMDAN_LSTM,ETH-USD,2026-06-20 19:00:00,0.0184747,0.038926527
CEEMDAN_LSTM,ETH-USD,2026-06-20 19:15:00,0.01846517,0.038932346
CEEMDAN_LSTM,ETH-USD,2026-06-20 19:30:00,0.018396303,0.038933255
CEEMDAN_LSTM,ETH-USD,2026-06-20 19:45:00,0.018394964,0.038917977
CEEMDAN_LSTM,ETH-USD,2026-06-20 20:00:00,0.018359827,0.038906515
CEEMDAN_LSTM,ETH-USD,2026-06-20 20:15:00,0.018371934,0.038910817
CEEMDAN_LSTM,ETH-USD,2026-06-20 20:30:00,0.018370954,0.038914155
CEEMDAN_LSTM,ETH-USD,2026-06-20 20:45:00,0.018386653,0.03892389
CEEMDAN_LSTM,ETH-USD,2026-06-20 21:00:00,0.018403856,0.038979687
CEEMDAN_LSTM,ETH-USD,2026-06-20 21:15:00,0.018428903,0.038991645
CEEMDAN_LSTM,ETH-USD,2026-06-20 21:30:00,0.018435247,0.038911372
CEEMDAN_LSTM,ETH-USD,2026-06-20 21:45:00,0.018464167,0.038916312
CEEMDAN_LSTM,ETH-USD,2026-06-20 22:00:00,0.018472556,0.038963612
CEEMDAN_LSTM,ETH-USD,2026-06-20 22:15:00,0.018472038,0.038559232
CEEMDAN_LSTM,ETH-USD,2026-06-20 22:30:00,0.018479485,0.03849986
CEEMDAN_LSTM,ETH-USD,2026-06-20 22:45:00,0.018439312,0.038498066
CEEMDAN_LSTM,ETH-USD,2026-06-20 23:00:00,0.018427836,0.038500484
CEEMDAN_LSTM,ETH-USD,2026-06-20 23:15:00,0.018385911,0.03848877
CEEMDAN_LSTM,ETH-USD,2026-06-20 23:30:00,0.018380918,0.038490754
CEEMDAN_LSTM,ETH-USD,2026-06-20 23:45:00,0.018357383,0.03846505
CEEMDAN_LSTM,ETH-USD,2026-06-21 00:00:00,0.018370124,0.038481787
CEEMDAN_LSTM,ETH-USD,2026-06-21 00:15:00,0.01837293,0.03842421
CEEMDAN_LSTM,ETH-USD,2026-06-21 00:30:00,0.018407498,0.038363043
CEEMDAN_LSTM,ETH-USD,2026-06-21 00:45:00,0.018414643,0.038360342
CEEMDAN_LSTM,ETH-USD,2026-06-21 01:00:00,0.018410772,0.03827625
CEEMDAN_LSTM,ETH-USD,2026-06-21 01:15:00,0.018375145,0.038275547
CEEMDAN_LSTM,ETH-USD,2026-06-21 01:30:00,0.018364485,0.038289264
CEEMDAN_LSTM,ETH-USD,2026-06-21 01:45:00,0.018346915,0.038110897
CEEMDAN_LSTM,ETH-USD,2026-06-21 02:00:00,0.018337475,0.03810751
CEEMDAN_LSTM,ETH-USD,2026-06-21 02:15:00,0.018321564,0.038108688
CEEMDAN_LSTM,ETH-USD,2026-06-21 02:30:00,0.018317496,0.038078554
CEEMDAN_LSTM,ETH-USD,2026-06-21 02:45:00,0.018308708,0.03808001
CEEMDAN_LSTM,ETH-USD,2026-06-21 03:00:00,0.018316483,0.038058635
CEEMDAN_LSTM,ETH-USD,2026-06-21 03:15:00,0.018316854,0.037872896
CEEMDAN_LSTM,ETH-USD,2026-06-21 03:30:00,0.01833931,0.037870232
CEEMDAN_LSTM,ETH-USD,2026-06-21 03:45:00,0.018345743,0.037871197
CEEMDAN_LSTM,ETH-USD,2026-06-21 04:00:00,0.018343512,0.037879508
CEEMDAN_LSTM,ETH-USD,2026-06-21 04:15:00,0.018322097,0.037918553
CEEMDAN_LSTM,ETH-USD,2026-06-21 04:30:00,0.018326592,0.036500435
CEEMDAN_LSTM,ETH-USD,2026-06-21 04:45:00,0.018302089,0.03652375
CEEMDAN_LSTM,ETH-USD,2026-06-21 05:00:00,0.018253135,0.036431532
CEEMDAN_LSTM,ETH-USD,2026-06-21 05:15:00,0.018227795,0.03647344
CEEMDAN_LSTM,ETH-USD,2026-06-21 05:30:00,0.018165393,0.036333665
CEEMDAN_LSTM,ETH-USD,2026-06-21 05:45:00,0.018140381,0.036333397
CEEMDAN_LSTM,ETH-USD,2026-06-21 06:00:00,0.018077368,0.0361235
CEEMDAN_LSTM,ETH-USD,2026-06-21 06:15:00,0.018106129,0.035329964
CEEMDAN_LSTM,ETH-USD,2026-06-21 06:30:00,0.018092105,0.033164043
CEEMDAN_LSTM,ETH-USD,2026-06-21 06:45:00,0.018123088,0.031524807
CEEMDAN_LSTM,ETH-USD,2026-06-21 07:00:00,0.018026406,0.03122539
CEEMDAN_LSTM,ETH-USD,2026-06-21 07:15:00,0.017917452,0.03120678
CEEMDAN_LSTM,ETH-USD,2026-06-21 07:30:00,0.017745283,0.031209286
CEEMDAN_LSTM,ETH-USD,2026-06-21 07:45:00,0.017658927,0.031232834
CEEMDAN_LSTM,ETH-USD,2026-06-21 08:00:00,0.017593957,0.03118433
CEEMDAN_LSTM,ETH-USD,2026-06-21 08:15:00,0.017622046,0.031130876
CEEMDAN_LSTM,ETH-USD,2026-06-21 08:30:00,0.017699637,0.031123763
CEEMDAN_LSTM,ETH-USD,2026-06-21 08:45:00,0.017841557,0.03108251
CEEMDAN_LSTM,ETH-USD,2026-06-21 09:00:00,0.017981416,0.031098302
CEEMDAN_LSTM,ETH-USD,2026-06-21 09:15:00,0.018069323,0.03085147
CEEMDAN_LSTM,ETH-USD,2026-06-21 09:30:00,0.018075686,0.03086083
CEEMDAN_LSTM,ETH-USD,2026-06-21 09:45:00,0.018026562,0.030869924
CEEMDAN_LSTM,ETH-USD,2026-06-21 10:00:00,0.017953923,0.030873671
CEEMDAN_LSTM,ETH-USD,2026-06-21 10:15:00,0.017887438,0.030739056
CEEMDAN_LSTM,ETH-USD,2026-06-21 10:30:00,0.017848242,0.029987874
CEEMDAN_LSTM,ETH-USD,2026-06-21 10:45:00,0.017819123,0.029962668
CEEMDAN_LSTM,ETH-USD,2026-06-21 11:00:00,0.01780271,0.029730165
CEEMDAN_LSTM,ETH-USD,2026-06-21 11:15:00,0.017803086,0.029862538
CEEMDAN_LSTM,ETH-USD,2026-06-21 11:30:00,0.01778846,0.02987024
CEEMDAN_LSTM,ETH-USD,2026-06-21 11:45:00,0.017810963,0.02983418
CEEMDAN_LSTM,ETH-USD,2026-06-21 12:00:00,0.01781757,0.029665828
CEEMDAN_LSTM,ETH-USD,2026-06-21 12:15:00,0.017836185,0.029720193
CEEMDAN_LSTM,ETH-USD,2026-06-21 12:30:00,0.017846234,0.029733289
CEEMDAN_LSTM,ETH-USD,2026-06-21 12:45:00,0.017884456,0.029864708
CEEMDAN_LSTM,ETH-USD,2026-06-21 13:00:00,0.01789223,0.02985141
CEEMDAN_LSTM,ETH-USD,2026-06-21 13:15:00,0.01787441,0.029773338
CEEMDAN_LSTM,ETH-USD,2026-06-21 13:30:00,0.017836148,0.029822363
CEEMDAN_LSTM,ETH-USD,2026-06-21 13:45:00,0.017811704,0.029830486
CEEMDAN_LSTM,ETH-USD,2026-06-21 14:00:00,0.01780227,0.029757472
CEEMDAN_LSTM,ETH-USD,2026-06-21 14:15:00,0.017802456,0.029548626
CEEMDAN_LSTM,ETH-USD,2026-06-21 14:30:00,0.017804867,0.029597841
CEEMDAN_LSTM,ETH-USD,2026-06-21 14:45:00,0.0178454,0.029634543
CEEMDAN_LSTM,ETH-USD,2026-06-21 15:00:00,0.017856149,0.029633865
CEEMDAN_LSTM,ETH-USD,2026-06-21 15:15:00,0.01786447,0.029639985
CEEMDAN_LSTM,ETH-USD,2026-06-21 15:30:00,0.017848078,0.029585576
CEEMDAN_LSTM,ETH-USD,2026-06-21 15:45:00,0.017844,0.029557006
CEEMDAN_LSTM,ETH-USD,2026-06-21 16:00:00,0.017835405,0.029590745
CEEMDAN_LSTM,ETH-USD,2026-06-21 16:15:00,0.017846623,0.029567474
CEEMDAN_LSTM,ETH-USD,2026-06-21 16:30:00,0.017858058,0.029575244
CEEMDAN_LSTM,ETH-USD,2026-06-21 16:45:00,0.01788205,0.02953289
CEEMDAN_LSTM,ETH-USD,2026-06-21 17:00:00,0.017894233,0.029514082
CEEMDAN_LSTM,ETH-USD,2026-06-21 17:15:00,0.017893305,0.029313058
CEEMDAN_LSTM,ETH-USD,2026-06-21 17:30:00,0.017857622,0.029314732
CEEMDAN_LSTM,ETH-USD,2026-06-21 17:45:00,0.017839946,0.029269626
CEEMDAN_LSTM,ETH-USD,2026-06-21 18:00:00,0.017809846,0.028540809
CEEMDAN_LSTM,ETH-USD,2026-06-21 18:15:00,0.017778767,0.028456483
CEEMDAN_LSTM,ETH-USD,2026-06-21 18:30:00,0.01776796,0.028819012
CEEMDAN_LSTM,ETH-USD,2026-06-21 18:45:00,0.01776593,0.028821884
CEEMDAN_LSTM,ETH-USD,2026-06-21 19:00:00,0.01774094,0.02878638
CEEMDAN_LSTM,ETH-USD,2026-06-21 19:15:00,0.017727775,0.028658055
CEEMDAN_LSTM,ETH-USD,2026-06-21 19:30:00,0.01771518,0.02859588
CEEMDAN_LSTM,ETH-USD,2026-06-21 19:45:00,0.017724682,0.02856756
CEEMDAN_LSTM,ETH-USD,2026-06-21 20:00:00,0.017749125,0.028263878
CEEMDAN_LSTM,ETH-USD,2026-06-21 20:15:00,0.017777072,0.02817896
CEEMDAN_LSTM,ETH-USD,2026-06-21 20:30:00,0.017823411,0.02820538
CEEMDAN_LSTM,ETH-USD,2026-06-21 20:45:00,0.017842472,0.02845175
CEEMDAN_LSTM,ETH-USD,2026-06-21 21:00:00,0.017838836,0.029161397
CEEMDAN_LSTM,ETH-USD,2026-06-21 21:15:00,0.017823745,0.029248897
CEEMDAN_LSTM,ETH-USD,2026-06-21 21:30:00,0.017884756,0.029465977
CEEMDAN_LSTM,ETH-USD,2026-06-21 21:45:00,0.017939923,0.029492073
CEEMDAN_LSTM,ETH-USD,2026-06-21 22:00:00,0.017985156,0.029415797
CEEMDAN_LSTM,ETH-USD,2026-06-21 22:15:00,0.018011708,0.029432615
CEEMDAN_LSTM,ETH-USD,2026-06-21 22:30:00,0.017994562,0.02934731
CEEMDAN_LSTM,ETH-USD,2026-06-21 22:45:00,0.01792636,0.02933369
CEEMDAN_LSTM,ETH-USD,2026-06-21 23:00:00,0.017848957,0.029525526
CEEMDAN_LSTM,ETH-USD,2026-06-21 23:15:00,0.017772133,0.02953017
CEEMDAN_LSTM,ETH-USD,2026-06-21 23:30:00,0.01776458,0.029827874
CEEMDAN_LSTM,ETH-USD,2026-06-21 23:45:00,0.017757282,0.029818889
CEEMDAN_LSTM,ETH-USD,2026-06-22 00:00:00,0.017781554,0.02981546
CEEMDAN_LSTM,ETH-USD,2026-06-22 00:15:00,0.01781234,0.030122368
CEEMDAN_LSTM,ETH-USD,2026-06-22 00:30:00,0.01784372,0.030277623
CEEMDAN_LSTM,ETH-USD,2026-06-22 00:45:00,0.017872423,0.03020567
CEEMDAN_LSTM,ETH-USD,2026-06-22 01:00:00,0.017861316,0.030189022
CEEMDAN_LSTM,ETH-USD,2026-06-22 01:15:00,0.017833732,0.033845287
CEEMDAN_LSTM,ETH-USD,2026-06-22 01:30:00,0.017829305,0.034161814
CEEMDAN_LSTM,ETH-USD,2026-06-22 01:45:00,0.017817361,0.034048732
CEEMDAN_LSTM,ETH-USD,2026-06-22 02:00:00,0.017865581,0.034043644
CEEMDAN_LSTM,ETH-USD,2026-06-22 02:15:00,0.018075941,0.03400532
CEEMDAN_LSTM,ETH-USD,2026-06-22 02:30:00,0.018203445,0.03400804
CEEMDAN_LSTM,ETH-USD,2026-06-22 02:45:00,0.018443659,0.034136407
CEEMDAN_LSTM,ETH-USD,2026-06-22 03:00:00,0.018431941,0.03429911
CEEMDAN_LSTM,ETH-USD,2026-06-22 03:15:00,0.01851391,0.034389026
CEEMDAN_LSTM,ETH-USD,2026-06-22 03:30:00,0.018375868,0.03436762
CEEMDAN_LSTM,ETH-USD,2026-06-22 03:45:00,0.018306185,0.034134913
CEEMDAN_LSTM,ETH-USD,2026-06-22 04:00:00,0.018133912,0.034140285
CEEMDAN_LSTM,ETH-USD,2026-06-22 04:15:00,0.01814651,0.03412748
CEEMDAN_LSTM,ETH-USD,2026-06-22 04:30:00,0.018073557,0.033690605
CEEMDAN_LSTM,ETH-USD,2026-06-22 04:45:00,0.018048681,0.033720706
CEEMDAN_LSTM,ETH-USD,2026-06-22 05:00:00,0.017975595,0.033615813
CEEMDAN_LSTM,ETH-USD,2026-06-22 05:15:00,0.017961452,0.033482365
CEEMDAN_LSTM,ETH-USD,2026-06-22 05:30:00,0.017896967,0.033476688
CEEMDAN_LSTM,ETH-USD,2026-06-22 05:45:00,0.017906545,0.03345796
CEEMDAN_LSTM,ETH-USD,2026-06-22 06:00:00,0.017863171,0.03345438
CEEMDAN_LSTM,ETH-USD,2026-06-22 06:15:00,0.017876612,0.033249687
CEEMDAN_LSTM,ETH-USD,2026-06-22 06:30:00,0.017873764,0.0328455
CEEMDAN_LSTM,ETH-USD,2026-06-22 06:45:00,0.017887676,0.032839995
CEEMDAN_LSTM,ETH-USD,2026-06-22 07:00:00,0.0178931,0.033181503
CEEMDAN_LSTM,ETH-USD,2026-06-22 07:15:00,0.017909624,0.033179484
CEEMDAN_LSTM,ETH-USD,2026-06-22 07:30:00,0.01788833,0.033130445
CEEMDAN_LSTM,ETH-USD,2026-06-22 07:45:00,0.01786115,0.032723553
CEEMDAN_LSTM,ETH-USD,2026-06-22 08:00:00,0.017845206,0.03287622
CEEMDAN_LSTM,ETH-USD,2026-06-22 08:15:00,0.017838357,0.033057597
CEEMDAN_LSTM,ETH-USD,2026-06-22 08:30:00,0.017831663,0.032958567
CEEMDAN_LSTM,ETH-USD,2026-06-22 08:45:00,0.017858041,0.03293548
CEEMDAN_LSTM,ETH-USD,2026-06-22 09:00:00,0.017905552,0.032939114
CEEMDAN_LSTM,ETH-USD,2026-06-22 09:15:00,0.01794217,0.03295529
CEEMDAN_LSTM,ETH-USD,2026-06-22 09:30:00,0.01799741,0.032923598
CEEMDAN_LSTM,ETH-USD,2026-06-22 09:45:00,0.018014217,0.032916646
CEEMDAN_LSTM,ETH-USD,2026-06-22 10:00:00,0.018042108,0.03296794
CEEMDAN_LSTM,ETH-USD,2026-06-22 10:15:00,0.018017847,0.03296823
CEEMDAN_LSTM,ETH-USD,2026-06-22 10:30:00,0.017996881,0.032969408
CEEMDAN_LSTM,ETH-USD,2026-06-22 10:45:00,0.017944336,0.032979377
CEEMDAN_LSTM,ETH-USD,2026-06-22 11:00:00,0.017940475,0.033003602
CEEMDAN_LSTM,ETH-USD,2026-06-22 11:15:00,0.017904324,0.03300367
CEEMDAN_LSTM,ETH-USD,2026-06-22 11:30:00,0.017894149,0.033572815
CEEMDAN_LSTM,ETH-USD,2026-06-22 11:45:00,0.017883798,0.03347725
CEEMDAN_LSTM,ETH-USD,2026-06-22 12:00:00,0.017882578,0.03350535
CEEMDAN_LSTM,ETH-USD,2026-06-22 12:15:00,0.017841732,0.03343498
CEEMDAN_LSTM,ETH-USD,2026-06-22 12:30:00,0.017860511,0.033448543
CEEMDAN_LSTM,ETH-USD,2026-06-22 12:45:00,0.01783318,0.03344508
CEEMDAN_LSTM,ETH-USD,2026-06-22 13:00:00,0.017863696,0.033443734
CEEMDAN_LSTM,ETH-USD,2026-06-22 13:15:00,0.017885137,0.03329216
CEEMDAN_LSTM,ETH-USD,2026-06-22 13:30:00,0.017939886,0.033718582
CEEMDAN_LSTM,ETH-USD,2026-06-22 13:45:00,0.017985709,0.03376162
CEEMDAN_LSTM,ETH-USD,2026-06-22 14:00:00,0.018000558,0.03419779
CEEMDAN_LSTM,ETH-USD,2026-06-22 14:15:00,0.017938996,0.03495145
CEEMDAN_LSTM,ETH-USD,2026-06-22 14:30:00,0.01793068,0.03497214
CEEMDAN_LSTM,ETH-USD,2026-06-22 14:45:00,0.017967906,0.03492912
CEEMDAN_LSTM,ETH-USD,2026-06-22 15:00:00,0.018067278,0.034919865
CEEMDAN_LSTM,ETH-USD,2026-06-22 15:15:00,0.018171385,0.034913573
CEEMDAN_LSTM,ETH-USD,2026-06-22 15:30:00,0.018286014,0.034910064
CEEMDAN_LSTM,ETH-USD,2026-06-22 15:45:00,0.01831908,0.03535173
CEEMDAN_LSTM,ETH-USD,2026-06-22 16:00:00,0.018235264,0.03538394
CEEMDAN_LSTM,ETH-USD,2026-06-22 16:15:00,0.018123243,0.03538024
CEEMDAN_LSTM,ETH-USD,2026-06-22 16:30:00,0.018052958,0.035451706
CEEMDAN_LSTM,ETH-USD,2026-06-22 16:45:00,0.018017147,0.035463035
CEEMDAN_LSTM,ETH-USD,2026-06-22 17:00:00,0.018044725,0.03543252
CEEMDAN_LSTM,ETH-USD,2026-06-22 17:15:00,0.01806583,0.03565169
CEEMDAN_LSTM,ETH-USD,2026-06-22 17:30:00,0.018042356,0.03564653
CEEMDAN_LSTM,ETH-USD,2026-06-22 17:45:00,0.018029962,0.035810877
CEEMDAN_LSTM,ETH-USD,2026-06-22 18:00:00,0.018017363,0.035883896
CEEMDAN_LSTM,ETH-USD,2026-06-22 18:15:00,0.018003361,0.035957642
CEEMDAN_LSTM,ETH-USD,2026-06-22 18:30:00,0.017989736,0.035974786
CEEMDAN_LSTM,ETH-USD,2026-06-22 18:45:00,0.01801242,0.03619169
CEEMDAN_LSTM,ETH-USD,2026-06-22 19:00:00,0.018018737,0.0362005
CEEMDAN_LSTM,ETH-USD,2026-06-22 19:15:00,0.018053005,0.036134683
CEEMDAN_LSTM,ETH-USD,2026-06-22 19:30:00,0.01805973,0.036140714
CEEMDAN_LSTM,ETH-USD,2026-06-22 19:45:00,0.018097373,0.03614066
CEEMDAN_LSTM,ETH-USD,2026-06-22 20:00:00,0.018140377,0.03492237
CEEMDAN_LSTM,ETH-USD,2026-06-22 20:15:00,0.018141685,0.034707475
CEEMDAN_LSTM,ETH-USD,2026-06-22 20:30:00,0.018067738,0.0347287
CEEMDAN_LSTM,ETH-USD,2026-06-22 20:45:00,0.017985044,0.034711085
CEEMDAN_LSTM,ETH-USD,2026-06-22 21:00:00,0.017886214,0.034717206
CEEMDAN_LSTM,ETH-USD,2026-06-22 21:15:00,0.017837605,0.034714542
CEEMDAN_LSTM,ETH-USD,2026-06-22 21:30:00,0.017820636,0.03482484
CEEMDAN_LSTM,ETH-USD,2026-06-22 21:45:00,0.01784345,0.03488213
CEEMDAN_LSTM,ETH-USD,2026-06-22 22:00:00,0.017918412,0.034856163
CEEMDAN_LSTM,ETH-USD,2026-06-22 22:15:00,0.01798514,0.035464145
CEEMDAN_LSTM,ETH-USD,2026-06-22 22:30:00,0.018012514,0.03549681
CEEMDAN_LSTM,ETH-USD,2026-06-22 22:45:00,0.018082064,0.035604127
CEEMDAN_LSTM,ETH-USD,2026-06-22 23:00:00,0.018132245,0.035603967
CEEMDAN_LSTM,ETH-USD,2026-06-22 23:15:00,0.01813972,0.035642073
CEEMDAN_LSTM,ETH-USD,2026-06-22 23:30:00,0.01812736,0.03564243
CEEMDAN_LSTM,ETH-USD,2026-06-22 23:45:00,0.018109027,0.035646785
CEEMDAN_LSTM,ETH-USD,2026-06-23 00:00:00,0.018056592,0.03563867
CEEMDAN_LSTM,ETH-USD,2026-06-23 00:15:00,0.018008878,0.03568774
CEEMDAN_LSTM,ETH-USD,2026-06-23 00:30:00,0.017949207,0.035848144
CEEMDAN_LSTM,ETH-USD,2026-06-23 00:45:00,0.017953454,0.035864934
CEEMDAN_LSTM,ETH-USD,2026-06-23 01:00:00,0.0179479,0.035867203
CEEMDAN_LSTM,ETH-USD,2026-06-23 01:15:00,0.017965833,0.03587528
CEEMDAN_LSTM,ETH-USD,2026-06-23 01:30:00,0.017980732,0.03601473
CEEMDAN_LSTM,ETH-USD,2026-06-23 01:45:00,0.01797222,0.036034215
CEEMDAN_LSTM,ETH-USD,2026-06-23 02:00:00,0.017981967,0.03603765
CEEMDAN_LSTM,ETH-USD,2026-06-23 02:15:00,0.01797334,0.03604872
CEEMDAN_LSTM,ETH-USD,2026-06-23 02:30:00,0.017979534,0.03604603
CEEMDAN_LSTM,ETH-USD,2026-06-23 02:45:00,0.018005302,0.036043208
CEEMDAN_LSTM,ETH-USD,2026-06-23 03:00:00,0.018031036,0.03607824
CEEMDAN_LSTM,ETH-USD,2026-06-23 03:15:00,0.018041844,0.03608122
CEEMDAN_LSTM,ETH-USD,2026-06-23 03:30:00,0.018048007,0.036030814
CEEMDAN_LSTM,ETH-USD,2026-06-23 03:45:00,0.018042425,0.036043745
CEEMDAN_LSTM,ETH-USD,2026-06-23 04:00:00,0.018043993,0.036013037
CEEMDAN_LSTM,ETH-USD,2026-06-23 04:15:00,0.018052204,0.035609554
CEEMDAN_LSTM,ETH-USD,2026-06-23 04:30:00,0.01804251,0.035649467
CEEMDAN_LSTM,ETH-USD,2026-06-23 04:45:00,0.018029641,0.035723623
CEEMDAN_LSTM,ETH-USD,2026-06-23 05:00:00,0.018013615,0.035377204
CEEMDAN_LSTM,ETH-USD,2026-06-23 05:15:00,0.0180143,0.035467252
CEEMDAN_LSTM,ETH-USD,2026-06-23 05:30:00,0.018004872,0.035224117
CEEMDAN_LSTM,ETH-USD,2026-06-23 05:45:00,0.018039128,0.03441513
CEEMDAN_LSTM,ETH-USD,2026-06-23 06:00:00,0.01806047,0.034592252
CEEMDAN_LSTM,ETH-USD,2026-06-23 06:15:00,0.018046543,0.03625967
CEEMDAN_LSTM,ETH-USD,2026-06-23 06:30:00,0.017996624,0.036267754
CEEMDAN_LSTM,ETH-USD,2026-06-23 06:45:00,0.01804481,0.036276884
CEEMDAN_LSTM,ETH-USD,2026-06-23 07:00:00,0.018090347,0.03623164
CEEMDAN_LSTM,ETH-USD,2026-06-23 07:15:00,0.018147923,0.036208887
CEEMDAN_LSTM,ETH-USD,2026-06-23 07:30:00,0.018183323,0.036353733
CEEMDAN_LSTM,ETH-USD,2026-06-23 07:45:00,0.018185087,0.03644894
CEEMDAN_LSTM,ETH-USD,2026-06-23 08:00:00,0.018150596,0.03672451
CEEMDAN_LSTM,ETH-USD,2026-06-23 08:15:00,0.018096607,0.041422088
CEEMDAN_LSTM,ETH-USD,2026-06-23 08:30:00,0.018025536,0.041686483
CEEMDAN_LSTM,ETH-USD,2026-06-23 08:45:00,0.01829372,0.04170042
CEEMDAN_LSTM,ETH-USD,2026-06-23 09:00:00,0.018604798,0.04172448
CEEMDAN_LSTM,ETH-USD,2026-06-23 09:15:00,0.019141646,0.041750986
CEEMDAN_LSTM,ETH-USD,2026-06-23 09:30:00,0.019592244,0.04180896
CEEMDAN_LSTM,ETH-USD,2026-06-23 09:45:00,0.019903637,0.041818716
CEEMDAN_LSTM,ETH-USD,2026-06-23 10:00:00,0.019921495,0.04194797
CEEMDAN_LSTM,ETH-USD,2026-06-23 10:15:00,0.019877234,0.041960426
CEEMDAN_LSTM,ETH-USD,2026-06-23 10:30:00,0.01966015,0.04196201
CEEMDAN_LSTM,ETH-USD,2026-06-23 10:45:00,0.01946239,0.041985776
CEEMDAN_LSTM,ETH-USD,2026-06-23 11:00:00,0.019357007,0.042036302
CEEMDAN_LSTM,ETH-USD,2026-06-23 11:15:00,0.019352064,0.04213508
CEEMDAN_LSTM,ETH-USD,2026-06-23 11:30:00,0.019349046,0.042139098
CEEMDAN_LSTM,ETH-USD,2026-06-23 11:45:00,0.019326592,0.042103145
CEEMDAN_LSTM,ETH-USD,2026-06-23 12:00:00,0.019298336,0.042042527
CEEMDAN_LSTM,ETH-USD,2026-06-23 12:15:00,0.019286599,0.042027604
CEEMDAN_LSTM,ETH-USD,2026-06-23 12:30:00,0.01928998,0.041963227
CEEMDAN_LSTM,ETH-USD,2026-06-23 12:45:00,0.019302806,0.0420034
CEEMDAN_LSTM,ETH-USD,2026-06-23 13:00:00,0.019288098,0.041957673
CEEMDAN_LSTM,ETH-USD,2026-06-23 13:15:00,0.019353583,0.04191572
CEEMDAN_LSTM,ETH-USD,2026-06-23 13:30:00,0.01944529,0.042398367
CEEMDAN_LSTM,ETH-USD,2026-06-23 13:45:00,0.019561335,0.0424554
CEEMDAN_LSTM,ETH-USD,2026-06-23 14:00:00,0.01962715,0.042551223
CEEMDAN_LSTM,ETH-USD,2026-06-23 14:15:00,0.01969201,0.04266408
CEEMDAN_LSTM,ETH-USD,2026-06-23 14:30:00,0.019743718,0.04266403
CEEMDAN_LSTM,ETH-USD,2026-06-23 14:45:00,0.019822415,0.042659573
CEEMDAN_LSTM,ETH-USD,2026-06-23 15:00:00,0.01989331,0.042759556
CEEMDAN_LSTM,ETH-USD,2026-06-23 15:15:00,0.019904573,0.042784683
CEEMDAN_LSTM,ETH-USD,2026-06-23 15:30:00,0.019946815,0.042799883
CEEMDAN_LSTM,ETH-USD,2026-06-23 15:45:00,0.0200123,0.042877562
CEEMDAN_LSTM,ETH-USD,2026-06-23 16:00:00,0.020115387,0.0431769
CEEMDAN_LSTM,ETH-USD,2026-06-23 16:15:00,0.020220632,0.043307688
CEEMDAN_LSTM,ETH-USD,2026-06-23 16:30:00,0.02024183,0.04328519
CEEMDAN_LSTM,ETH-USD,2026-06-23 16:45:00,0.02027916,0.043314118
CEEMDAN_LSTM,ETH-USD,2026-06-23 17:00:00,0.02031898,0.043322306
CEEMDAN_LSTM,ETH-USD,2026-06-23 17:15:00,0.020327272,0.04343059
CEEMDAN_LSTM,ETH-USD,2026-06-23 17:30:00,0.02038097,0.04346621
CEEMDAN_LSTM,ETH-USD,2026-06-23 17:45:00,0.02037333,0.043489583
CEEMDAN_LSTM,ETH-USD,2026-06-23 18:00:00,0.02042098,0.043501545
CEEMDAN_LSTM,ETH-USD,2026-06-23 18:15:00,0.020505408,0.043497734
CEEMDAN_LSTM,ETH-USD,2026-06-23 18:30:00,0.020557307,0.04362347
CEEMDAN_LSTM,ETH-USD,2026-06-23 18:45:00,0.020519543,0.04372269
CEEMDAN_LSTM,ETH-USD,2026-06-23 19:00:00,0.020540617,0.043803617
CEEMDAN_LSTM,ETH-USD,2026-06-23 19:15:00,0.020565625,0.043788593
CEEMDAN_LSTM,ETH-USD,2026-06-23 19:30:00,0.020603303,0.043837987
CEEMDAN_LSTM,ETH-USD,2026-06-23 19:45:00,0.020618556,0.043886714
CEEMDAN_LSTM,ETH-USD,2026-06-23 20:00:00,0.020706043,0.043891683
CEEMDAN_LSTM,ETH-USD,2026-06-23 20:15:00,0.020758867,0.04384299
CEEMDAN_LSTM,ETH-USD,2026-06-23 20:30:00,0.020785142,0.043843377
CEEMDAN_LSTM,ETH-USD,2026-06-23 20:45:00,0.020791508,0.043850906
CEEMDAN_LSTM,ETH-USD,2026-06-23 21:00:00,0.0207912,0.043850403
CEEMDAN_LSTM,ETH-USD,2026-06-23 21:15:00,0.020809194,0.04385654
CEEMDAN_LSTM,ETH-USD,2026-06-23 21:30:00,0.020844502,0.043849897
CEEMDAN_LSTM,ETH-USD,2026-06-23 21:45:00,0.0208749,0.04384786
CEEMDAN_LSTM,ETH-USD,2026-06-23 22:00:00,0.020889586,0.04394422
CEEMDAN_LSTM,ETH-USD,2026-06-23 22:15:00,0.020936374,0.044056877
CEEMDAN_LSTM,ETH-USD,2026-06-23 22:30:00,0.020894092,0.04405936
CEEMDAN_LSTM,ETH-USD,2026-06-23 22:45:00,0.020891493,0.04405507
CEEMDAN_LSTM,ETH-USD,2026-06-23 23:00:00,0.020924246,0.044086963
CEEMDAN_LSTM,ETH-USD,2026-06-23 23:15:00,0.020958101,0.04411226
CEEMDAN_LSTM,ETH-USD,2026-06-23 23:30:00,0.021057533,0.044116754
CEEMDAN_LSTM,ETH-USD,2026-06-23 23:45:00,0.021147229,0.044208787
CEEMDAN_LSTM,ETH-USD,2026-06-24 00:00:00,0.021272842,0.044274546
CEEMDAN_LSTM,ETH-USD,2026-06-24 00:15:00,0.02139166,0.044282548
CEEMDAN_LSTM,ETH-USD,2026-06-24 00:30:00,0.021429202,0.04427433
CEEMDAN_LSTM,ETH-USD,2026-06-24 00:45:00,0.02146514,0.044266354
CEEMDAN_LSTM,ETH-USD,2026-06-24 01:00:00,0.02146186,0.044263363
CEEMDAN_LSTM,ETH-USD,2026-06-24 01:15:00,0.021453911,0.044264376
CEEMDAN_LSTM,ETH-USD,2026-06-24 01:30:00,0.021435276,0.04429858
CEEMDAN_LSTM,ETH-USD,2026-06-24 01:45:00,0.021442372,0.04430732
CEEMDAN_LSTM,ETH-USD,2026-06-24 02:00:00,0.021420311,0.04430062
CEEMDAN_LSTM,ETH-USD,2026-06-24 02:15:00,0.021415371,0.044283047
CEEMDAN_LSTM,ETH-USD,2026-06-24 02:30:00,0.02140168,0.044280663
CEEMDAN_LSTM,ETH-USD,2026-06-24 02:45:00,0.021424988,0.04433268
CEEMDAN_LSTM,ETH-USD,2026-06-24 03:00:00,0.021445619,0.0442994
CEEMDAN_LSTM,ETH-USD,2026-06-24 03:15:00,0.021530066,0.044262778
CEEMDAN_LSTM,ETH-USD,2026-06-24 03:30:00,0.021652482,0.044326793
CEEMDAN_LSTM,ETH-USD,2026-06-24 03:45:00,0.021795057,0.04421914
CEEMDAN_LSTM,ETH-USD,2026-06-24 04:00:00,0.021883046,0.044231348
CEEMDAN_LSTM,ETH-USD,2026-06-24 04:15:00,0.021917265,0.04433033
CEEMDAN_LSTM,ETH-USD,2026-06-24 04:30:00,0.021895042,0.044402983
CEEMDAN_LSTM,ETH-USD,2026-06-24 04:45:00,0.021923523,0.044462457
CEEMDAN_LSTM,ETH-USD,2026-06-24 05:00:00,0.021959253,0.044456333
CEEMDAN_LSTM,ETH-USD,2026-06-24 05:15:00,0.021969637,0.04452031
CEEMDAN_LSTM,ETH-USD,2026-06-24 05:30:00,0.022052525,0.044511538
CEEMDAN_LSTM,ETH-USD,2026-06-24 05:45:00,0.022136101,0.044477034
CEEMDAN_LSTM,ETH-USD,2026-06-24 06:00:00,0.022194276,0.044474803
CEEMDAN_LSTM,ETH-USD,2026-06-24 06:15:00,0.022210145,0.044455037
CEEMDAN_LSTM,ETH-USD,2026-06-24 06:30:00,0.022200434,0.044455484
CEEMDAN_LSTM,ETH-USD,2026-06-24 06:45:00,0.022154765,0.044456497
CEEMDAN_LSTM,ETH-USD,2026-06-24 07:00:00,0.022148453,0.04447875
CEEMDAN_LSTM,ETH-USD,2026-06-24 07:15:00,0.022175187,0.044564705
CEEMDAN_LSTM,ETH-USD,2026-06-24 07:30:00,0.022144923,0.044562552
CEEMDAN_LSTM,ETH-USD,2026-06-24 07:45:00,0.022153296,0.04453041
CEEMDAN_LSTM,ETH-USD,2026-06-24 08:00:00,0.022183228,0.04452136
CEEMDAN_LSTM,ETH-USD,2026-06-24 08:15:00,0.022169372,0.04447886
CEEMDAN_LSTM,ETH-USD,2026-06-24 08:30:00,0.022158816,0.04454046
CEEMDAN_LSTM,ETH-USD,2026-06-24 08:45:00,0.022191506,0.04454207
CEEMDAN_LSTM,ETH-USD,2026-06-24 09:00:00,0.02221038,0.04451592
CEEMDAN_LSTM,ETH-USD,2026-06-24 09:15:00,0.022222497,0.044525176
CEEMDAN_LSTM,ETH-USD,2026-06-24 09:30:00,0.022208761,0.044231053
CEEMDAN_LSTM,ETH-USD,2026-06-24 09:45:00,0.022162458,0.044224773
CEEMDAN_LSTM,ETH-USD,2026-06-24 10:00:00,0.022107493,0.044217784
CEEMDAN_LSTM,ETH-USD,2026-06-24 10:15:00,0.02203328,0.04420122
CEEMDAN_LSTM,ETH-USD,2026-06-24 10:30:00,0.02196032,0.0442111
CEEMDAN_LSTM,ETH-USD,2026-06-24 10:45:00,0.021926807,0.04424246
CEEMDAN_LSTM,ETH-USD,2026-06-24 11:00:00,0.021889376,0.0443269
CEEMDAN_LSTM,ETH-USD,2026-06-24 11:15:00,0.021865414,0.044326037
CEEMDAN_LSTM,ETH-USD,2026-06-24 11:30:00,0.021898886,0.044916317
CEEMDAN_LSTM,ETH-USD,2026-06-24 11:45:00,0.022047497,0.045130145
CEEMDAN_LSTM,ETH-USD,2026-06-24 12:00:00,0.022206152,0.04467311
CEEMDAN_LSTM,ETH-USD,2026-06-24 12:15:00,0.022304198,0.044614665
CEEMDAN_LSTM,ETH-USD,2026-06-24 12:30:00,0.022408068,0.044459753
CEEMDAN_LSTM,ETH-USD,2026-06-24 12:45:00,0.022463616,0.04453785
CEEMDAN_LSTM,ETH-USD,2026-06-24 13:00:00,0.022397513,0.045519367
CEEMDAN_LSTM,ETH-USD,2026-06-24 13:15:00,0.02220261,0.045564562
CEEMDAN_LSTM,ETH-USD,2026-06-24 13:30:00,0.022188317,0.045614026
CEEMDAN_LSTM,ETH-USD,2026-06-24 13:45:00,0.022354262,0.04561546
CEEMDAN_LSTM,ETH-USD,2026-06-24 14:00:00,0.022750366,0.045504194
CEEMDAN_LSTM,ETH-USD,2026-06-24 14:15:00,0.02328214,0.045580465
CEEMDAN_LSTM,ETH-USD,2026-06-24 14:30:00,0.023846118,0.045430444
CEEMDAN_LSTM,ETH-USD,2026-06-24 14:45:00,0.024188375,0.045487735
CEEMDAN_LSTM,ETH-USD,2026-06-24 15:00:00,0.024170822,0.04556845
CEEMDAN_LSTM,ETH-USD,2026-06-24 15:15:00,0.023879262,0.045442138
CEEMDAN_LSTM,ETH-USD,2026-06-24 15:30:00,0.023643432,0.046478353
CEEMDAN_LSTM,ETH-USD,2026-06-24 15:45:00,0.023266317,0.04672633
CEEMDAN_LSTM,ETH-USD,2026-06-24 16:00:00,0.023157405,0.0470658
CEEMDAN_LSTM,ETH-USD,2026-06-24 16:15:00,0.023403218,0.044458006
CEEMDAN_LSTM,ETH-USD,2026-06-24 16:30:00,0.023785168,0.044517722
CEEMDAN_LSTM,ETH-USD,2026-06-24 16:45:00,0.023922542,0.049050678
CEEMDAN_LSTM,ETH-USD,2026-06-24 17:00:00,0.023616116,0.049036346
CEEMDAN_LSTM,ETH-USD,2026-06-24 17:15:00,0.023561155,0.049530204
CEEMDAN_LSTM,ETH-USD,2026-06-24 17:30:00,0.02374102,0.04979868
CEEMDAN_LSTM,ETH-USD,2026-06-24 17:45:00,0.024534237,0.049896494
CEEMDAN_LSTM,ETH-USD,2026-06-24 18:00:00,0.02582685,0.050086536
CEEMDAN_LSTM,ETH-USD,2026-06-24 18:15:00,0.027742319,0.050446212
CEEMDAN_LSTM,ETH-USD,2026-06-24 18:30:00,0.02954313,0.050461795
CEEMDAN_LSTM,ETH-USD,2026-06-24 18:45:00,0.030568084,0.050443526
CEEMDAN_LSTM,ETH-USD,2026-06-24 19:00:00,0.030833859,0.050415717
CEEMDAN_LSTM,ETH-USD,2026-06-24 19:15:00,0.030790491,0.050478287
CEEMDAN_LSTM,ETH-USD,2026-06-24 19:30:00,0.03071448,0.05055474
CEEMDAN_LSTM,ETH-USD,2026-06-24 19:45:00,0.030683016,0.05060775
CEEMDAN_LSTM,ETH-USD,2026-06-24 20:00:00,0.030735342,0.053340778
CEEMDAN_LSTM,ETH-USD,2026-06-24 20:15:00,0.031123223,0.05337074
CEEMDAN_LSTM,ETH-USD,2026-06-24 20:30:00,0.03124055,0.053370904
CEEMDAN_LSTM,ETH-USD,2026-06-24 20:45:00,0.03138842,0.053382024
CEEMDAN_LSTM,ETH-USD,2026-06-24 21:00:00,0.031755798,0.053419758
CEEMDAN_LSTM,ETH-USD,2026-06-24 21:15:00,0.032163676,0.053441085
CEEMDAN_LSTM,ETH-USD,2026-06-24 21:30:00,0.032810833,0.05361587
CEEMDAN_LSTM,ETH-USD,2026-06-24 21:45:00,0.033583675,0.053655956
CEEMDAN_LSTM,ETH-USD,2026-06-24 22:00:00,0.034105726,0.053362187
CEEMDAN_LSTM,ETH-USD,2026-06-24 22:15:00,0.034279287,0.053349674
CEEMDAN_LSTM,ETH-USD,2026-06-24 22:30:00,0.034299303,0.05336924
CEEMDAN_LSTM,ETH-USD,2026-06-24 22:45:00,0.034281764,0.053376723
CEEMDAN_LSTM,ETH-USD,2026-06-24 23:00:00,0.03411801,0.053267673
CEEMDAN_LSTM,ETH-USD,2026-06-24 23:15:00,0.033939447,0.05321868
CEEMDAN_LSTM,ETH-USD,2026-06-24 23:30:00,0.03377584,0.053171128
CEEMDAN_LSTM,ETH-USD,2026-06-24 23:45:00,0.03360143,0.053201374
CEEMDAN_LSTM,ETH-USD,2026-06-25 00:00:00,0.033541135,0.053234547
CEEMDAN_LSTM,ETH-USD,2026-06-25 00:15:00,0.033585053,0.05328283
CEEMDAN_LSTM,ETH-USD,2026-06-25 00:30:00,0.033556435,0.05328392
CEEMDAN_LSTM,ETH-USD,2026-06-25 00:45:00,0.03355882,0.053284824
CEEMDAN_LSTM,ETH-USD,2026-06-25 01:00:00,0.033598043,0.053243175
CEEMDAN_LSTM,ETH-USD,2026-06-25 01:15:00,0.033605717,0.05325913
CEEMDAN_LSTM,ETH-USD,2026-06-25 01:30:00,0.033676554,0.053261407
CEEMDAN_LSTM,ETH-USD,2026-06-25 01:45:00,0.03375296,0.053268287
CEEMDAN_LSTM,ETH-USD,2026-06-25 02:00:00,0.033826575,0.053293925
CEEMDAN_LSTM,ETH-USD,2026-06-25 02:15:00,0.03375941,0.053362466
CEEMDAN_LSTM,ETH-USD,2026-06-25 02:30:00,0.033805583,0.052997362
CEEMDAN_LSTM,ETH-USD,2026-06-25 02:45:00,0.033781003,0.053040087
CEEMDAN_LSTM,ETH-USD,2026-06-25 03:00:00,0.033886317,0.053040918
CEEMDAN_LSTM,ETH-USD,2026-06-25 03:15:00,0.03389317,0.053031713
CEEMDAN_LSTM,ETH-USD,2026-06-25 03:30:00,0.033878367,0.053029288
CEEMDAN_LSTM,ETH-USD,2026-06-25 03:45:00,0.03381585,0.053069215
CEEMDAN_LSTM,ETH-USD,2026-06-25 04:00:00,0.033829443,0.05306931
CEEMDAN_LSTM,ETH-USD,2026-06-25 04:15:00,0.033839148,0.053081945
CEEMDAN_LSTM,ETH-USD,2026-06-25 04:30:00,0.03392582,0.05281062
CEEMDAN_LSTM,ETH-USD,2026-06-25 04:45:00,0.034091193,0.05333852
CEEMDAN_LSTM,ETH-USD,2026-06-25 05:00:00,0.03437641,0.05351933
CEEMDAN_LSTM,ETH-USD,2026-06-25 05:15:00,0.034615137,0.053096384
CEEMDAN_LSTM,ETH-USD,2026-06-25 05:30:00,0.03466089,0.05310443
CEEMDAN_LSTM,ETH-USD,2026-06-25 05:45:00,0.034542173,0.05310076
CEEMDAN_LSTM,ETH-USD,2026-06-25 06:00:00,0.034365416,0.05310587
CEEMDAN_LSTM,ETH-USD,2026-06-25 06:15:00,0.034151673,0.05311296
CEEMDAN_LSTM,ETH-USD,2026-06-25 06:30:00,0.033924844,0.053257924
CEEMDAN_LSTM,ETH-USD,2026-06-25 06:45:00,0.033791073,0.052979987
CEEMDAN_LSTM,ETH-USD,2026-06-25 07:00:00,0.0336171,0.052964855
CEEMDAN_LSTM,ETH-USD,2026-06-25 07:15:00,0.03346556,0.05297774
CEEMDAN_LSTM,ETH-USD,2026-06-25 07:30:00,0.033389878,0.052987505
CEEMDAN_LSTM,ETH-USD,2026-06-25 07:45:00,0.033382352,0.052972008
CEEMDAN_LSTM,ETH-USD,2026-06-25 08:00:00,0.033366967,0.052978434
CEEMDAN_LSTM,ETH-USD,2026-06-25 08:15:00,0.033364836,0.05282725
CEEMDAN_LSTM,ETH-USD,2026-06-25 08:30:00,0.033446185,0.052824736
CEEMDAN_LSTM,ETH-USD,2026-06-25 08:45:00,0.03357933,0.05269435
CEEMDAN_LSTM,ETH-USD,2026-06-25 09:00:00,0.03370009,0.05262924
CEEMDAN_LSTM,ETH-USD,2026-06-25 09:15:00,0.03381772,0.052674096
CEEMDAN_LSTM,ETH-USD,2026-06-25 09:30:00,0.033761937,0.05266836
CEEMDAN_LSTM,ETH-USD,2026-06-25 09:45:00,0.03369484,0.052540924
CEEMDAN_LSTM,ETH-USD,2026-06-25 10:00:00,0.03359646,0.05252743
CEEMDAN_LSTM,ETH-USD,2026-06-25 10:15:00,0.033455122,0.052564252
CEEMDAN_LSTM,ETH-USD,2026-06-25 10:30:00,0.033234138,0.05266443
CEEMDAN_LSTM,ETH-USD,2026-06-25 10:45:00,0.032994352,0.052652642
CEEMDAN_LSTM,ETH-USD,2026-06-25 11:00:00,0.032902952,0.05263461
CEEMDAN_LSTM,ETH-USD,2026-06-25 11:15:00,0.032905478,0.052723534
CEEMDAN_LSTM,ETH-USD,2026-06-25 11:30:00,0.032888502,0.052708067
CEEMDAN_LSTM,ETH-USD,2026-06-25 11:45:00,0.033033837,0.05271235
CEEMDAN_LSTM,ETH-USD,2026-06-25 12:00:00,0.033239093,0.052708767
CEEMDAN_LSTM,ETH-USD,2026-06-25 12:15:00,0.033396184,0.052784353
CEEMDAN_LSTM,ETH-USD,2026-06-25 12:30:00,0.03340619,0.05315505
CEEMDAN_LSTM,ETH-USD,2026-06-25 12:45:00,0.033505477,0.05311199
CEEMDAN_LSTM,ETH-USD,2026-06-25 13:00:00,0.033303894,0.05314887
CEEMDAN_LSTM,ETH-USD,2026-06-25 13:15:00,0.033085473,0.05280006
CEEMDAN_LSTM,ETH-USD,2026-06-25 13:30:00,0.03279942,0.05888661
CEEMDAN_LSTM,ETH-USD,2026-06-25 13:45:00,0.03197509,0.06970612
CEEMDAN_LSTM,ETH-USD,2026-06-25 14:00:00,0.031914078,0.07251525
CEEMDAN_LSTM,ETH-USD,2026-06-25 14:15:00,0.034939833,0.07248276
CEEMDAN_LSTM,ETH-USD,2026-06-25 14:30:00,0.038845565,0.07252181
CEEMDAN_LSTM,ETH-USD,2026-06-25 14:45:00,0.04217252,0.07252349
CEEMDAN_LSTM,ETH-USD,2026-06-25 15:00:00,0.04535333,0.07302186
CEEMDAN_LSTM,ETH-USD,2026-06-25 15:15:00,0.04785004,0.07315023
CEEMDAN_LSTM,ETH-USD,2026-06-25 15:30:00,0.048905265,0.07299073
CEEMDAN_LSTM,ETH-USD,2026-06-25 15:45:00,0.04934085,0.073259234
CEEMDAN_LSTM,ETH-USD,2026-06-25 16:00:00,0.049477685,0.07346077
CEEMDAN_LSTM,ETH-USD,2026-06-25 16:15:00,0.04952055,0.07345118
CEEMDAN_LSTM,ETH-USD,2026-06-25 16:30:00,0.0495392,0.07384654
CEEMDAN_LSTM,ETH-USD,2026-06-25 16:45:00,0.04956059,0.073824875
CEEMDAN_LSTM,ETH-USD,2026-06-25 17:00:00,0.049720682,0.07393826
CEEMDAN_LSTM,ETH-USD,2026-06-25 17:15:00,0.04966786,0.07395217
CEEMDAN_LSTM,ETH-USD,2026-06-25 17:30:00,0.049452756,0.073945425
CEEMDAN_LSTM,ETH-USD,2026-06-25 17:45:00,0.04921344,0.07401634
CEEMDAN_LSTM,ETH-USD,2026-06-25 18:00:00,0.04906495,0.07420234
CEEMDAN_LSTM,ETH-USD,2026-06-25 18:15:00,0.048908602,0.074403636
CEEMDAN_LSTM,ETH-USD,2026-06-25 18:30:00,0.04897064,0.07462976
CEEMDAN_LSTM,ETH-USD,2026-06-25 18:45:00,0.048924938,0.074658796
CEEMDAN_LSTM,ETH-USD,2026-06-25 19:00:00,0.049058925,0.074784435
CEEMDAN_LSTM,ETH-USD,2026-06-25 19:15:00,0.049090777,0.07478017
CEEMDAN_LSTM,ETH-USD,2026-06-25 19:30:00,0.0492222,0.07474453
CEEMDAN_LSTM,ETH-USD,2026-06-25 19:45:00,0.049261633,0.074720114
CEEMDAN_LSTM,ETH-USD,2026-06-25 20:00:00,0.049270634,0.074931026
CEEMDAN_LSTM,ETH-USD,2026-06-25 20:15:00,0.04926805,0.07487256
CEEMDAN_LSTM,ETH-USD,2026-06-25 20:30:00,0.049221057,0.07490006
CEEMDAN_LSTM,ETH-USD,2026-06-25 20:45:00,0.04919686,0.07491685
CEEMDAN_LSTM,ETH-USD,2026-06-25 21:00:00,0.04924075,0.07489999
CEEMDAN_LSTM,ETH-USD,2026-06-25 21:15:00,0.049309567,0.07408355
CEEMDAN_LSTM,ETH-USD,2026-06-25 21:30:00,0.049309593,0.07420459
CEEMDAN_LSTM,ETH-USD,2026-06-25 21:45:00,0.04914268,0.07429791
CEEMDAN_LSTM,ETH-USD,2026-06-25 22:00:00,0.04899874,0.07457639
CEEMDAN_LSTM,ETH-USD,2026-06-25 22:15:00,0.048858337,0.074577205
CEEMDAN_LSTM,ETH-USD,2026-06-25 22:30:00,0.04895083,0.074531466
CEEMDAN_LSTM,ETH-USD,2026-06-25 22:45:00,0.04902608,0.07448496
CEEMDAN_LSTM,ETH-USD,2026-06-25 23:00:00,0.04901183,0.074357435
CEEMDAN_LSTM,ETH-USD,2026-06-25 23:15:00,0.04899258,0.07193561
CEEMDAN_LSTM,ETH-USD,2026-06-25 23:30:00,0.048941057,0.07182841
CEEMDAN_LSTM,ETH-USD,2026-06-25 23:45:00,0.04847878,0.07187412
CEEMDAN_LSTM,ETH-USD,2026-06-26 00:00:00,0.047993425,0.07190602
CEEMDAN_LSTM,ETH-USD,2026-06-26 00:15:00,0.047790933,0.07188511
CEEMDAN_LSTM,ETH-USD,2026-06-26 00:30:00,0.04763494,0.07184802
CEEMDAN_LSTM,ETH-USD,2026-06-26 00:45:00,0.047636207,0.07189082
CEEMDAN_LSTM,ETH-USD,2026-06-26 01:00:00,0.047631364,0.0718095
CEEMDAN_LSTM,ETH-USD,2026-06-26 01:15:00,0.04771197,0.071933754
CEEMDAN_LSTM,ETH-USD,2026-06-26 01:30:00,0.04768167,0.0719143
CEEMDAN_LSTM,ETH-USD,2026-06-26 01:45:00,0.047775228,0.07190977
CEEMDAN_LSTM,ETH-USD,2026-06-26 02:00:00,0.04784281,0.07590642
CEEMDAN_LSTM,ETH-USD,2026-06-26 02:15:00,0.047590055,0.07652168
CEEMDAN_LSTM,ETH-USD,2026-06-26 02:30:00,0.048738014,0.07652031
CEEMDAN_LSTM,ETH-USD,2026-06-26 02:45:00,0.049661364,0.07687229
CEEMDAN_LSTM,ETH-USD,2026-06-26 03:00:00,0.05018171,0.077080116
CEEMDAN_LSTM,ETH-USD,2026-06-26 03:15:00,0.050477404,0.07707987
CEEMDAN_LSTM,ETH-USD,2026-06-26 03:30:00,0.050492723,0.07725735
CEEMDAN_LSTM,ETH-USD,2026-06-26 03:45:00,0.05046137,0.078117736
CEEMDAN_LSTM,ETH-USD,2026-06-26 04:00:00,0.050438322,0.078123964
CEEMDAN_LSTM,ETH-USD,2026-06-26 04:15:00,0.050581068,0.078112036
CEEMDAN_LSTM,ETH-USD,2026-06-26 04:30:00,0.050789937,0.07784581
CEEMDAN_LSTM,ETH-USD,2026-06-26 04:45:00,0.050924696,0.0778266
CEEMDAN_LSTM,ETH-USD,2026-06-26 05:00:00,0.050900668,0.077801555
CEEMDAN_LSTM,ETH-USD,2026-06-26 05:15:00,0.0508678,0.07780048
CEEMDAN_LSTM,ETH-USD,2026-06-26 05:30:00,0.050797693,0.07780118
CEEMDAN_LSTM,ETH-USD,2026-06-26 05:45:00,0.05074837,0.0778029
CEEMDAN_LSTM,ETH-USD,2026-06-26 06:00:00,0.050747514,0.07795762
CEEMDAN_LSTM,ETH-USD,2026-06-26 06:15:00,0.050761886,0.07848616
CEEMDAN_LSTM,ETH-USD,2026-06-26 06:30:00,0.050800636,0.07889143
CEEMDAN_LSTM,ETH-USD,2026-06-26 06:45:00,0.05081443,0.07885174
CEEMDAN_LSTM,ETH-USD,2026-06-26 07:00:00,0.050931383,0.078791656
CEEMDAN_LSTM,ETH-USD,2026-06-26 07:15:00,0.051047523,0.07872831
CEEMDAN_LSTM,ETH-USD,2026-06-26 07:30:00,0.051068414,0.07874981
CEEMDAN_LSTM,ETH-USD,2026-06-26 07:45:00,0.051083773,0.078734785
CEEMDAN_LSTM,ETH-USD,2026-06-26 08:00:00,0.051125888,0.07887839
CEEMDAN_LSTM,ETH-USD,2026-06-26 08:15:00,0.051202543,0.078817
CEEMDAN_LSTM,ETH-USD,2026-06-26 08:30:00,0.05132198,0.07888669
CEEMDAN_LSTM,ETH-USD,2026-06-26 08:45:00,0.051383004,0.07887455
CEEMDAN_LSTM,ETH-USD,2026-06-26 09:00:00,0.051436838,0.078886084
CEEMDAN_LSTM,ETH-USD,2026-06-26 09:15:00,0.051423967,0.078885965
CEEMDAN_LSTM,ETH-USD,2026-06-26 09:30:00,0.05140686,0.078803554
CEEMDAN_LSTM,ETH-USD,2026-06-26 09:45:00,0.051377773,0.07901299
CEEMDAN_LSTM,ETH-USD,2026-06-26 10:00:00,0.051394142,0.078962594
CEEMDAN_LSTM,ETH-USD,2026-06-26 10:15:00,0.051490884,0.07894849
CEEMDAN_LSTM,ETH-USD,2026-06-26 10:30:00,0.051502384,0.07894102
CEEMDAN_LSTM,ETH-USD,2026-06-26 10:45:00,0.05151506,0.07886785
CEEMDAN_LSTM,ETH-USD,2026-06-26 11:00:00,0.05155014,0.07889572
CEEMDAN_LSTM,ETH-USD,2026-06-26 11:15:00,0.05153004,0.07895187
CEEMDAN_LSTM,ETH-USD,2026-06-26 11:30:00,0.051545303,0.07895705
CEEMDAN_LSTM,ETH-USD,2026-06-26 11:45:00,0.051588897,0.07895616
CEEMDAN_LSTM,ETH-USD,2026-06-26 12:00:00,0.051610373,0.078952916
CEEMDAN_LSTM,ETH-USD,2026-06-26 12:15:00,0.051625397,0.079054914
CEEMDAN_LSTM,ETH-USD,2026-06-26 12:30:00,0.05158614,0.0802067
CEEMDAN_LSTM,ETH-USD,2026-06-26 12:45:00,0.05168292,0.08029748
CEEMDAN_LSTM,ETH-USD,2026-06-26 13:00:00,0.052025907,0.08023806
CEEMDAN_LSTM,ETH-USD,2026-06-26 13:15:00,0.052144855,0.08017844
CEEMDAN_LSTM,ETH-USD,2026-06-26 13:30:00,0.052152246,0.08070004
CEEMDAN_LSTM,ETH-USD,2026-06-26 13:45:00,0.05201672,0.08189004
CEEMDAN_LSTM,ETH-USD,2026-06-26 14:00:00,0.05196075,0.08188585
CEEMDAN_LSTM,ETH-USD,2026-06-26 14:15:00,0.052458864,0.081912644
CEEMDAN_LSTM,ETH-USD,2026-06-26 14:30:00,0.052812874,0.08225759
CEEMDAN_LSTM,ETH-USD,2026-06-26 14:45:00,0.0532475,0.082222916
CEEMDAN_LSTM,ETH-USD,2026-06-26 15:00:00,0.05340965,0.08233204
CEEMDAN_LSTM,ETH-USD,2026-06-26 15:15:00,0.053284813,0.08273375
CEEMDAN_LSTM,ETH-USD,2026-06-26 15:30:00,0.05312493,0.08279523
CEEMDAN_LSTM,ETH-USD,2026-06-26 15:45:00,0.053220835,0.08283968
CEEMDAN_LSTM,ETH-USD,2026-06-26 16:00:00,0.053477384,0.08283584
CEEMDAN_LSTM,ETH-USD,2026-06-26 16:15:00,0.053660724,0.08286485
CEEMDAN_LSTM,ETH-USD,2026-06-26 16:30:00,0.05381936,0.08288378
CEEMDAN_LSTM,ETH-USD,2026-06-26 16:45:00,0.05383273,0.08288426
CEEMDAN_LSTM,ETH-USD,2026-06-26 17:00:00,0.05392168,0.0830679
CEEMDAN_LSTM,ETH-USD,2026-06-26 17:15:00,0.05384026,0.08303658
CEEMDAN_LSTM,ETH-USD,2026-06-26 17:30:00,0.05399353,0.08304796
CEEMDAN_LSTM,ETH-USD,2026-06-26 17:45:00,0.054189447,0.0830245
CEEMDAN_LSTM,ETH-USD,2026-06-26 18:00:00,0.054320812,0.08302621
CEEMDAN_LSTM,ETH-USD,2026-06-26 18:15:00,0.054307673,0.08313814
CEEMDAN_LSTM,ETH-USD,2026-06-26 18:30:00,0.054404456,0.08310187
CEEMDAN_LSTM,ETH-USD,2026-06-26 18:45:00,0.054356303,0.08313484
CEEMDAN_LSTM,ETH-USD,2026-06-26 19:00:00,0.054341804,0.08330324
CEEMDAN_LSTM,ETH-USD,2026-06-26 19:15:00,0.05417528,0.08326355
CEEMDAN_LSTM,ETH-USD,2026-06-26 19:30:00,0.054367635,0.083203845
CEEMDAN_LSTM,ETH-USD,2026-06-26 19:45:00,0.054501567,0.08315913
CEEMDAN_LSTM,ETH-USD,2026-06-26 20:00:00,0.054597605,0.083159566
CEEMDAN_LSTM,ETH-USD,2026-06-26 20:15:00,0.054620825,0.08315265
CEEMDAN_LSTM,ETH-USD,2026-06-26 20:30:00,0.05453306,0.08336937
CEEMDAN_LSTM,ETH-USD,2026-06-26 20:45:00,0.054684456,0.08338394
CEEMDAN_LSTM,ETH-USD,2026-06-26 21:00:00,0.054633133,0.083411805
CEEMDAN_LSTM,ETH-USD,2026-06-26 21:15:00,0.054474372,0.083409965
CEEMDAN_LSTM,ETH-USD,2026-06-26 21:30:00,0.054419145,0.0834366
CEEMDAN_LSTM,ETH-USD,2026-06-26 21:45:00,0.054389127,0.083443046
CEEMDAN_LSTM,ETH-USD,2026-06-26 22:00:00,0.05451418,0.0834109
CEEMDAN_LSTM,ETH-USD,2026-06-26 22:15:00,0.054583047,0.08337318
CEEMDAN_LSTM,ETH-USD,2026-06-26 22:30:00,0.054645684,0.083400555
CEEMDAN_LSTM,ETH-USD,2026-06-26 22:45:00,0.054584075,0.0834078
CEEMDAN_LSTM,ETH-USD,2026-06-26 23:00:00,0.054564647,0.0834065
CEEMDAN_LSTM,ETH-USD,2026-06-26 23:15:00,0.054568954,0.083423406
CEEMDAN_LSTM,ETH-USD,2026-06-26 23:30:00,0.054648586,0.08343539
CEEMDAN_LSTM,ETH-USD,2026-06-26 23:45:00,0.054557793,0.08343635
CEEMDAN_LSTM,ETH-USD,2026-06-27 00:00:00,0.054566864,0.08343352
CEEMDAN_LSTM,ETH-USD,2026-06-27 00:15:00,0.054543205,0.08342823
CEEMDAN_LSTM,ETH-USD,2026-06-27 00:30:00,0.05457863,0.08346004
CEEMDAN_LSTM,ETH-USD,2026-06-27 00:45:00,0.054646447,0.083488576
CEEMDAN_LSTM,ETH-USD,2026-06-27 01:00:00,0.054535575,0.08349316
CEEMDAN_LSTM,ETH-USD,2026-06-27 01:15:00,0.05455616,0.0835062
CEEMDAN_LSTM,ETH-USD,2026-06-27 01:30:00,0.054505166,0.08349937
CEEMDAN_LSTM,ETH-USD,2026-06-27 01:45:00,0.0545235,0.08348376
CEEMDAN_LSTM,ETH-USD,2026-06-27 02:00:00,0.054538183,0.08350689
CEEMDAN_LSTM,ETH-USD,2026-06-27 02:15:00,0.05445929,0.08354344
CEEMDAN_LSTM,ETH-USD,2026-06-27 02:30:00,0.054431625,0.08321194
CEEMDAN_LSTM,ETH-USD,2026-06-27 02:45:00,0.054574464,0.08300632
CEEMDAN_LSTM,ETH-USD,2026-06-27 03:00:00,0.05452456,0.08304574
CEEMDAN_LSTM,ETH-USD,2026-06-27 03:15:00,0.054497827,0.08307503
CEEMDAN_LSTM,ETH-USD,2026-06-27 03:30:00,0.054365695,0.0830776
CEEMDAN_LSTM,ETH-USD,2026-06-27 03:45:00,0.054352093,0.08303298
CEEMDAN_LSTM,ETH-USD,2026-06-27 04:00:00,0.05433912,0.082531326
CEEMDAN_LSTM,ETH-USD,2026-06-27 04:15:00,0.054252047,0.08250601
CEEMDAN_LSTM,ETH-USD,2026-06-27 04:30:00,0.05406373,0.08247922
CEEMDAN_LSTM,ETH-USD,2026-06-27 04:45:00,0.054003753,0.0824693
CEEMDAN_LSTM,ETH-USD,2026-06-27 05:00:00,0.054012842,0.08247729
CEEMDAN_LSTM,ETH-USD,2026-06-27 05:15:00,0.0539628,0.082456976
CEEMDAN_LSTM,ETH-USD,2026-06-27 05:30:00,0.054040458,0.082451396
CEEMDAN_LSTM,ETH-USD,2026-06-27 05:45:00,0.053989846,0.08241875
CEEMDAN_LSTM,ETH-USD,2026-06-27 06:00:00,0.05397115,0.08231217
CEEMDAN_LSTM,ETH-USD,2026-06-27 06:15:00,0.053991128,0.08227936
CEEMDAN_LSTM,ETH-USD,2026-06-27 06:30:00,0.053884294,0.081665754
CEEMDAN_LSTM,ETH-USD,2026-06-27 06:45:00,0.053752813,0.081510216
CEEMDAN_LSTM,ETH-USD,2026-06-27 07:00:00,0.05348033,0.08132581
CEEMDAN_LSTM,ETH-USD,2026-06-27 07:15:00,0.05336066,0.08129028
CEEMDAN_LSTM,ETH-USD,2026-06-27 07:30:00,0.053197972,0.08112848
CEEMDAN_LSTM,ETH-USD,2026-06-27 07:45:00,0.05312102,0.07841789
CEEMDAN_LSTM,ETH-USD,2026-06-27 08:00:00,0.053007092,0.078418866
CEEMDAN_LSTM,ETH-USD,2026-06-27 08:15:00,0.05208353,0.07806838
CEEMDAN_LSTM,ETH-USD,2026-06-27 08:30:00,0.05168614,0.07786917
CEEMDAN_LSTM,ETH-USD,2026-06-27 08:45:00,0.0514189,0.07774758
CEEMDAN_LSTM,ETH-USD,2026-06-27 09:00:00,0.05127109,0.07762677
CEEMDAN_LSTM,ETH-USD,2026-06-27 09:15:00,0.051181037,0.077363946
CEEMDAN_LSTM,ETH-USD,2026-06-27 09:30:00,0.051143505,0.077347554
CEEMDAN_LSTM,ETH-USD,2026-06-27 09:45:00,0.051051375,0.077312976
CEEMDAN_LSTM,ETH-USD,2026-06-27 10:00:00,0.050992046,0.07731595
CEEMDAN_LSTM,ETH-USD,2026-06-27 10:15:00,0.050963536,0.07727784
CEEMDAN_LSTM,ETH-USD,2026-06-27 10:30:00,0.05096472,0.077240296
CEEMDAN_LSTM,ETH-USD,2026-06-27 10:45:00,0.05097512,0.07718676
CEEMDAN_LSTM,ETH-USD,2026-06-27 11:00:00,0.05098471,0.075376935
CEEMDAN_LSTM,ETH-USD,2026-06-27 11:15:00,0.05098305,0.075387724
CEEMDAN_LSTM,ETH-USD,2026-06-27 11:30:00,0.05058566,0.07538808
CEEMDAN_LSTM,ETH-USD,2026-06-27 11:45:00,0.050290756,0.07540381
CEEMDAN_LSTM,ETH-USD,2026-06-27 12:00:00,0.05012934,0.07536987
CEEMDAN_LSTM,ETH-USD,2026-06-27 12:15:00,0.05005463,0.075362734
CEEMDAN_LSTM,ETH-USD,2026-06-27 12:30:00,0.05005266,0.075250454
CEEMDAN_LSTM,ETH-USD,2026-06-27 12:45:00,0.05005145,0.07525119
CEEMDAN_LSTM,ETH-USD,2026-06-27 13:00:00,0.050046545,0.07524833
CEEMDAN_LSTM,ETH-USD,2026-06-27 13:15:00,0.05002001,0.07520651
CEEMDAN_LSTM,ETH-USD,2026-06-27 13:30:00,0.0500184,0.07523719
CEEMDAN_LSTM,ETH-USD,2026-06-27 13:45:00,0.050024007,0.07523591
CEEMDAN_LSTM,ETH-USD,2026-06-27 14:00:00,0.050014105,0.07527665
CEEMDAN_LSTM,ETH-USD,2026-06-27 14:15:00,0.050020892,0.07526845
CEEMDAN_LSTM,ETH-USD,2026-06-27 14:30:00,0.050013904,0.075271435
CEEMDAN_LSTM,ETH-USD,2026-06-27 14:45:00,0.050048787,0.07525319
CEEMDAN_LSTM,ETH-USD,2026-06-27 15:00:00,0.05005266,0.07565583
CEEMDAN_LSTM,ETH-USD,2026-06-27 15:15:00,0.050064076,0.075666234
CEEMDAN_LSTM,ETH-USD,2026-06-27 15:30:00,0.050070066,0.075689964
CEEMDAN_LSTM,ETH-USD,2026-06-27 15:45:00,0.050195146,0.07568998
CEEMDAN_LSTM,ETH-USD,2026-06-27 16:00:00,0.050256394,0.07568727
CEEMDAN_LSTM,ETH-USD,2026-06-27 16:15:00,0.050306913,0.07567735
CEEMDAN_LSTM,ETH-USD,2026-06-27 16:30:00,0.05037474,0.07568978
CEEMDAN_LSTM,ETH-USD,2026-06-27 16:45:00,0.050417613,0.07568855
CEEMDAN_LSTM,ETH-USD,2026-06-27 17:00:00,0.050430182,0.07594586
CEEMDAN_LSTM,ETH-USD,2026-06-27 17:15:00,0.05043768,0.07590587
CEEMDAN_LSTM,ETH-USD,2026-06-27 17:30:00,0.05058193,0.07586609
CEEMDAN_LSTM,ETH-USD,2026-06-27 17:45:00,0.050622735,0.075819746
CEEMDAN_LSTM,ETH-USD,2026-06-27 18:00:00,0.050615754,0.07581073
CEEMDAN_LSTM,ETH-USD,2026-06-27 18:15:00,0.05061162,0.07581158
CEEMDAN_LSTM,ETH-USD,2026-06-27 18:30:00,0.05059612,0.07580425
CEEMDAN_LSTM,ETH-USD,2026-06-27 18:45:00,0.050589412,0.07578273
CEEMDAN_LSTM,ETH-USD,2026-06-27 19:00:00,0.05059105,0.07577894
CEEMDAN_LSTM,ETH-USD,2026-06-27 19:15:00,0.05061637,0.07617543
CEEMDAN_LSTM,ETH-USD,2026-06-27 19:30:00,0.050653063,0.07617688
CEEMDAN_LSTM,ETH-USD,2026-06-27 19:45:00,0.050848156,0.07579646
CEEMDAN_LSTM,ETH-USD,2026-06-27 20:00:00,0.050907433,0.07554567
CEEMDAN_LSTM,ETH-USD,2026-06-27 20:15:00,0.050788704,0.07552855
CEEMDAN_LSTM,ETH-USD,2026-06-27 20:30:00,0.050613716,0.07551643
CEEMDAN_LSTM,ETH-USD,2026-06-27 20:45:00,0.05052713,0.07551561
CEEMDAN_LSTM,ETH-USD,2026-06-27 21:00:00,0.050512105,0.075538635
CEEMDAN_LSTM,ETH-USD,2026-06-27 21:15:00,0.050516475,0.07553334
CEEMDAN_LSTM,ETH-USD,2026-06-27 21:30:00,0.050505646,0.075514756
CEEMDAN_LSTM,ETH-USD,2026-06-27 21:45:00,0.05051863,0.075539775
CEEMDAN_LSTM,ETH-USD,2026-06-27 22:00:00,0.05057557,0.07554025
CEEMDAN_LSTM,ETH-USD,2026-06-27 22:15:00,0.050612018,0.07553826
CEEMDAN_LSTM,ETH-USD,2026-06-27 22:30:00,0.0506106,0.07550769
CEEMDAN_LSTM,ETH-USD,2026-06-27 22:45:00,0.050579637,0.07553259
CEEMDAN_LSTM,ETH-USD,2026-06-27 23:00:00,0.050563518,0.07560014
CEEMDAN_LSTM,ETH-USD,2026-06-27 23:15:00,0.050545614,0.07559941
CEEMDAN_LSTM,ETH-USD,2026-06-27 23:30:00,0.050607845,0.07562345
CEEMDAN_LSTM,ETH-USD,2026-06-27 23:45:00,0.05062174,0.07562261
CEEMDAN_LSTM,ETH-USD,2026-06-28 00:00:00,0.050602186,0.07562927
CEEMDAN_LSTM,ETH-USD,2026-06-28 00:15:00,0.05061253,0.075579606
CEEMDAN_LSTM,ETH-USD,2026-06-28 00:30:00,0.050605565,0.07558249
CEEMDAN_LSTM,ETH-USD,2026-06-28 00:45:00,0.05059278,0.075586736
CEEMDAN_LSTM,ETH-USD,2026-06-28 01:00:00,0.050607443,0.07559732
CEEMDAN_LSTM,ETH-USD,2026-06-28 01:15:00,0.050640788,0.07557683
CEEMDAN_LSTM,ETH-USD,2026-06-28 01:30:00,0.050666578,0.07549158
CEEMDAN_LSTM,ETH-USD,2026-06-28 01:45:00,0.05064753,0.07549336
CEEMDAN_LSTM,ETH-USD,2026-06-28 02:00:00,0.050632756,0.07552975
CEEMDAN_LSTM,ETH-USD,2026-06-28 02:15:00,0.050660368,0.075568646
CEEMDAN_LSTM,ETH-USD,2026-06-28 02:30:00,0.050681986,0.075563915
CEEMDAN_LSTM,ETH-USD,2026-06-28 02:45:00,0.050760522,0.07555964
CEEMDAN_LSTM,ETH-USD,2026-06-28 03:00:00,0.05077907,0.075599514
CEEMDAN_LSTM,ETH-USD,2026-06-28 03:15:00,0.050776027,0.07554133
CEEMDAN_LSTM,ETH-USD,2026-06-28 03:30:00,0.050771352,0.07524724
CEEMDAN_LSTM,ETH-USD,2026-06-28 03:45:00,0.050781775,0.07524908
CEEMDAN_LSTM,ETH-USD,2026-06-28 04:00:00,0.050716694,0.07522478
CEEMDAN_LSTM,ETH-USD,2026-06-28 04:15:00,0.050654724,0.07518865
CEEMDAN_LSTM,ETH-USD,2026-06-28 04:30:00,0.050642878,0.07045581
CEEMDAN_LSTM,ETH-USD,2026-06-28 04:45:00,0.050631516,0.05942298
CEEMDAN_LSTM,ETH-USD,2026-06-28 05:00:00,0.049748693,0.056149274
CEEMDAN_LSTM,ETH-USD,2026-06-28 05:15:00,0.048135355,0.0562945
CEEMDAN_LSTM,ETH-USD,2026-06-28 05:30:00,0.04490264,0.056292098
CEEMDAN_LSTM,ETH-USD,2026-06-28 05:45:00,0.04284851,0.05628743
CEEMDAN_LSTM,ETH-USD,2026-06-28 06:00:00,0.04139845,0.055666517
CEEMDAN_LSTM,ETH-USD,2026-06-28 06:15:00,0.04011009,0.055514604
CEEMDAN_LSTM,ETH-USD,2026-06-28 06:30:00,0.03918966,0.05552495
CEEMDAN_LSTM,ETH-USD,2026-06-28 06:45:00,0.038506895,0.055195846
CEEMDAN_LSTM,ETH-USD,2026-06-28 07:00:00,0.03815239,0.055040155
CEEMDAN_LSTM,ETH-USD,2026-06-28 07:15:00,0.03811709,0.05504286
CEEMDAN_LSTM,ETH-USD,2026-06-28 07:30:00,0.03815867,0.054425422
CEEMDAN_LSTM,ETH-USD,2026-06-28 07:45:00,0.038318496,0.054422658
CEEMDAN_LSTM,ETH-USD,2026-06-28 08:00:00,0.0384106,0.054305777
CEEMDAN_LSTM,ETH-USD,2026-06-28 08:15:00,0.03839063,0.054284755
CEEMDAN_LSTM,ETH-USD,2026-06-28 08:30:00,0.038314834,0.054466985
CEEMDAN_LSTM,ETH-USD,2026-06-28 08:45:00,0.03829969,0.054391313
CEEMDAN_LSTM,ETH-USD,2026-06-28 09:00:00,0.03819199,0.05406494
CEEMDAN_LSTM,ETH-USD,2026-06-28 09:15:00,0.03810696,0.053823322
CEEMDAN_LSTM,ETH-USD,2026-06-28 09:30:00,0.038000423,0.053465236
CEEMDAN_LSTM,ETH-USD,2026-06-28 09:45:00,0.037916213,0.053501688
CEEMDAN_LSTM,ETH-USD,2026-06-28 10:00:00,0.037726488,0.05328882
CEEMDAN_LSTM,ETH-USD,2026-06-28 10:15:00,0.037603155,0.053468388
CEEMDAN_LSTM,ETH-USD,2026-06-28 10:30:00,0.037374675,0.053472247
CEEMDAN_LSTM,ETH-USD,2026-06-28 10:45:00,0.037303545,0.053482387
CEEMDAN_LSTM,ETH-USD,2026-06-28 11:00:00,0.03732389,0.053230565
CEEMDAN_LSTM,ETH-USD,2026-06-28 11:15:00,0.037373018,0.053352375
CEEMDAN_LSTM,ETH-USD,2026-06-28 11:30:00,0.037521232,0.053293027
CEEMDAN_LSTM,ETH-USD,2026-06-28 11:45:00,0.03757842,0.053263616
CEEMDAN_LSTM,ETH-USD,2026-06-28 12:00:00,0.037611343,0.053202093
CEEMDAN_LSTM,ETH-USD,2026-06-28 12:15:00,0.037590876,0.05318069
CEEMDAN_LSTM,ETH-USD,2026-06-28 12:30:00,0.037594777,0.053057652
CEEMDAN_LSTM,ETH-USD,2026-06-28 12:45:00,0.037515372,0.052964684
CEEMDAN_LSTM,ETH-USD,2026-06-28 13:00:00,0.037496448,0.05255256
CEEMDAN_LSTM,ETH-USD,2026-06-28 13:15:00,0.03739487,0.05254728
CEEMDAN_LSTM,ETH-USD,2026-06-28 13:30:00,0.037280075,0.05255147
CEEMDAN_LSTM,ETH-USD,2026-06-28 13:45:00,0.037188753,0.05258636
CEEMDAN_LSTM,ETH-USD,2026-06-28 14:00:00,0.037000466,0.05258346
CEEMDAN_LSTM,ETH-USD,2026-06-28 14:15:00,0.036908522,0.052491117
CEEMDAN_LSTM,ETH-USD,2026-06-28 14:30:00,0.036834415,0.052379925
CEEMDAN_LSTM,ETH-USD,2026-06-28 14:45:00,0.036812354,0.052302323
CEEMDAN_LSTM,ETH-USD,2026-06-28 15:00:00,0.03676443,0.05226542
CEEMDAN_LSTM,ETH-USD,2026-06-28 15:15:00,0.03676744,0.052250586
CEEMDAN_LSTM,ETH-USD,2026-06-28 15:30:00,0.036721833,0.05225219
CEEMDAN_LSTM,ETH-USD,2026-06-28 15:45:00,0.036674064,0.052174233
CEEMDAN_LSTM,ETH-USD,2026-06-28 16:00:00,0.03663464,0.05219233
CEEMDAN_LSTM,ETH-USD,2026-06-28 16:15:00,0.036593318,0.052009556
CEEMDAN_LSTM,ETH-USD,2026-06-28 16:30:00,0.036574677,0.05227822
CEEMDAN_LSTM,ETH-USD,2026-06-28 16:45:00,0.03648487,0.052357685
CEEMDAN_LSTM,ETH-USD,2026-06-28 17:00:00,0.03663325,0.046146125
CEEMDAN_LSTM,ETH-USD,2026-06-28 17:15:00,0.03676173,0.04515129
CEEMDAN_LSTM,ETH-USD,2026-06-28 17:30:00,0.036418423,0.045145348
CEEMDAN_LSTM,ETH-USD,2026-06-28 17:45:00,0.035390567,0.04450561
CEEMDAN_LSTM,ETH-USD,2026-06-28 18:00:00,0.033670034,0.04418965
CEEMDAN_LSTM,ETH-USD,2026-06-28 18:15:00,0.031521473,0.04425762
CEEMDAN_LSTM,ETH-USD,2026-06-28 18:30:00,0.029234905,0.044002738
CEEMDAN_LSTM,ETH-USD,2026-06-28 18:45:00,0.027463319,0.042510275
CEEMDAN_LSTM,ETH-USD,2026-06-28 19:00:00,0.026294688,0.042501997
CEEMDAN_LSTM,ETH-USD,2026-06-28 19:15:00,0.02577617,0.0424751
CEEMDAN_LSTM,ETH-USD,2026-06-28 19:30:00,0.025773294,0.04249916
CEEMDAN_LSTM,ETH-USD,2026-06-28 19:45:00,0.026175933,0.04251656
CEEMDAN_LSTM,ETH-USD,2026-06-28 20:00:00,0.026879229,0.042768862
CEEMDAN_LSTM,ETH-USD,2026-06-28 20:15:00,0.027927257,0.04269364
CEEMDAN_LSTM,ETH-USD,2026-06-28 20:30:00,0.028836781,0.042684525
CEEMDAN_LSTM,ETH-USD,2026-06-28 20:45:00,0.029296925,0.042684283
CEEMDAN_LSTM,ETH-USD,2026-06-28 21:00:00,0.029232198,0.042278405
CEEMDAN_LSTM,ETH-USD,2026-06-28 21:15:00,0.028682435,0.041328635
CEEMDAN_LSTM,ETH-USD,2026-06-28 21:30:00,0.027982295,0.04057609
CEEMDAN_LSTM,ETH-USD,2026-06-28 21:45:00,0.027232787,0.040767476
CEEMDAN_LSTM,ETH-USD,2026-06-28 22:00:00,0.0263723,0.04090364
CEEMDAN_LSTM,ETH-USD,2026-06-28 22:15:00,0.025768941,0.040982746
CEEMDAN_LSTM,ETH-USD,2026-06-28 22:30:00,0.025177544,0.04116663
CEEMDAN_LSTM,ETH-USD,2026-06-28 22:45:00,0.024605222,0.041238483
CEEMDAN_LSTM,ETH-USD,2026-06-28 23:00:00,0.024263514,0.041037884
CEEMDAN_LSTM,ETH-USD,2026-06-28 23:15:00,0.024196515,0.041393463
CEEMDAN_LSTM,ETH-USD,2026-06-28 23:30:00,0.024363607,0.041343115
CEEMDAN_LSTM,ETH-USD,2026-06-28 23:45:00,0.02456187,0.041411187
CEEMDAN_LSTM,ETH-USD,2026-06-29 00:00:00,0.024706889,0.04138652
CEEMDAN_LSTM,ETH-USD,2026-06-29 00:15:00,0.02485867,0.041832004
CEEMDAN_LSTM,ETH-USD,2026-06-29 00:30:00,0.024900734,0.04188933
CEEMDAN_LSTM,ETH-USD,2026-06-29 00:45:00,0.025092466,0.041808125
CEEMDAN_LSTM,ETH-USD,2026-06-29 01:00:00,0.025432372,0.042029344
CEEMDAN_LSTM,ETH-USD,2026-06-29 01:15:00,0.025605358,0.042117827
CEEMDAN_LSTM,ETH-USD,2026-06-29 01:30:00,0.025798373,0.04248819
CEEMDAN_LSTM,ETH-USD,2026-06-29 01:45:00,0.026141576,0.042539306
CEEMDAN_LSTM,ETH-USD,2026-06-29 02:00:00,0.02631228,0.043395292
CEEMDAN_LSTM,ETH-USD,2026-06-29 02:15:00,0.026306745,0.044706445
CEEMDAN_LSTM,ETH-USD,2026-06-29 02:30:00,0.026831826,0.044758346
CEEMDAN_LSTM,ETH-USD,2026-06-29 02:45:00,0.027455306,0.044739943
CEEMDAN_LSTM,ETH-USD,2026-06-29 03:00:00,0.028225694,0.044985406
CEEMDAN_LSTM,ETH-USD,2026-06-29 03:15:00,0.029196907,0.044858567
CEEMDAN_LSTM,ETH-USD,2026-06-29 03:30:00,0.029987115,0.042977303
CEEMDAN_LSTM,ETH-USD,2026-06-29 03:45:00,0.03031055,0.043006036
CEEMDAN_LSTM,ETH-USD,2026-06-29 04:00:00,0.030388115,0.043088645
CEEMDAN_LSTM,ETH-USD,2026-06-29 04:15:00,0.029890833,0.0430854
CEEMDAN_LSTM,ETH-USD,2026-06-29 04:30:00,0.029139012,0.042307537
CEEMDAN_LSTM,ETH-USD,2026-06-29 04:45:00,0.028310452,0.040073045
CEEMDAN_LSTM,ETH-USD,2026-06-29 05:00:00,0.027591428,0.04041854
CEEMDAN_LSTM,ETH-USD,2026-06-29 05:15:00,0.026834905,0.040403403
CEEMDAN_LSTM,ETH-USD,2026-06-29 05:30:00,0.0261047,0.039949708
CEEMDAN_LSTM,ETH-USD,2026-06-29 05:45:00,0.025442675,0.040032562
CEEMDAN_LSTM,ETH-USD,2026-06-29 06:00:00,0.024817301,0.03978173
CEEMDAN_LSTM,ETH-USD,2026-06-29 06:15:00,0.024346929,0.03900329
CEEMDAN_LSTM,ETH-USD,2026-06-29 06:30:00,0.024058396,0.038888484
CEEMDAN_LSTM,ETH-USD,2026-06-29 06:45:00,0.024018751,0.038787927
CEEMDAN_LSTM,ETH-USD,2026-06-29 07:00:00,0.024036504,0.038795553
CEEMDAN_LSTM,ETH-USD,2026-06-29 07:15:00,0.023926824,0.038717162
CEEMDAN_LSTM,ETH-USD,2026-06-29 07:30:00,0.02370005,0.03864017
CEEMDAN_LSTM,ETH-USD,2026-06-29 07:45:00,0.023466814,0.038622122
CEEMDAN_LSTM,ETH-USD,2026-06-29 08:00:00,0.023308776,0.03825912
CEEMDAN_LSTM,ETH-USD,2026-06-29 08:15:00,0.023238182,0.03843888
CEEMDAN_LSTM,ETH-USD,2026-06-29 08:30:00,0.02311075,0.038406126
CEEMDAN_LSTM,ETH-USD,2026-06-29 08:45:00,0.023028938,0.038397986
CEEMDAN_LSTM,ETH-USD,2026-06-29 09:00:00,0.02293796,0.038413767
CEEMDAN_LSTM,ETH-USD,2026-06-29 09:15:00,0.02284114,0.03816247
CEEMDAN_LSTM,ETH-USD,2026-06-29 09:30:00,0.022786632,0.03817086
CEEMDAN_LSTM,ETH-USD,2026-06-29 09:45:00,0.022731787,0.038094528
CEEMDAN_LSTM,ETH-USD,2026-06-29 10:00:00,0.022769332,0.03804153
CEEMDAN_LSTM,ETH-USD,2026-06-29 10:15:00,0.022819454,0.038029652
CEEMDAN_LSTM,ETH-USD,2026-06-29 10:30:00,0.022693187,0.03806702
CEEMDAN_LSTM,ETH-USD,2026-06-29 10:45:00,0.022523532,0.038054377
CEEMDAN_LSTM,ETH-USD,2026-06-29 11:00:00,0.022431912,0.03819673
CEEMDAN_LSTM,ETH-USD,2026-06-29 11:15:00,0.022349063,0.03814197
CEEMDAN_LSTM,ETH-USD,2026-06-29 11:30:00,0.022420883,0.037597023
CEEMDAN_LSTM,ETH-USD,2026-06-29 11:45:00,0.022543076,0.037621047
CEEMDAN_LSTM,ETH-USD,2026-06-29 12:00:00,0.022737226,0.039509036
CEEMDAN_LSTM,ETH-USD,2026-06-29 12:15:00,0.023055205,0.039608877
CEEMDAN_LSTM,ETH-USD,2026-06-29 12:30:00,0.023155246,0.040589217
CEEMDAN_LSTM,ETH-USD,2026-06-29 12:45:00,0.023171982,0.040566318
CEEMDAN_LSTM,ETH-USD,2026-06-29 13:00:00,0.023571981,0.04096106
CEEMDAN_LSTM,ETH-USD,2026-06-29 13:15:00,0.024203928,0.041351613
CEEMDAN_LSTM,ETH-USD,2026-06-29 13:30:00,0.024929779,0.041652482
CEEMDAN_LSTM,ETH-USD,2026-06-29 13:45:00,0.02559709,0.04172275
CEEMDAN_LSTM,ETH-USD,2026-06-29 14:00:00,0.026525902,0.04234974
CEEMDAN_LSTM,ETH-USD,2026-06-29 14:15:00,0.02711697,0.042857323
CEEMDAN_LSTM,ETH-USD,2026-06-29 14:30:00,0.027929064,0.042825215
CEEMDAN_LSTM,ETH-USD,2026-06-29 14:45:00,0.02844105,0.042917512
CEEMDAN_LSTM,ETH-USD,2026-06-29 15:00:00,0.028987966,0.043114863
CEEMDAN_LSTM,ETH-USD,2026-06-29 15:15:00,0.029306723,0.043401223
CEEMDAN_LSTM,ETH-USD,2026-06-29 15:30:00,0.029727627,0.043444317
CEEMDAN_LSTM,ETH-USD,2026-06-29 15:45:00,0.029979495,0.043407116
CEEMDAN_LSTM,ETH-USD,2026-06-29 16:00:00,0.030097002,0.043426502
CEEMDAN_LSTM,ETH-USD,2026-06-29 16:15:00,0.030121265,0.043445565
CEEMDAN_LSTM,ETH-USD,2026-06-29 16:30:00,0.030189103,0.04393086
CEEMDAN_LSTM,ETH-USD,2026-06-29 16:45:00,0.03053793,0.04393106
CEEMDAN_LSTM,ETH-USD,2026-06-29 17:00:00,0.030832753,0.04777744
CEEMDAN_LSTM,ETH-USD,2026-06-29 17:15:00,0.031592146,0.048192233
CEEMDAN_LSTM,ETH-USD,2026-06-29 17:30:00,0.03228858,0.048249338
CEEMDAN_LSTM,ETH-USD,2026-06-29 17:45:00,0.033115987,0.04828788
CEEMDAN_LSTM,ETH-USD,2026-06-29 18:00:00,0.034050465,0.048199683
CEEMDAN_LSTM,ETH-USD,2026-06-29 18:15:00,0.034935765,0.04853055
CEEMDAN_LSTM,ETH-USD,2026-06-29 18:30:00,0.035493582,0.04858887
CEEMDAN_LSTM,ETH-USD,2026-06-29 18:45:00,0.035947606,0.048617113
CEEMDAN_LSTM,ETH-USD,2026-06-29 19:00:00,0.03618029,0.04861071
CEEMDAN_LSTM,ETH-USD,2026-06-29 19:15:00,0.03624444,0.04881271
CEEMDAN_LSTM,ETH-USD,2026-06-29 19:30:00,0.036377694,0.048814476
CEEMDAN_LSTM,ETH-USD,2026-06-29 19:45:00,0.036329295,0.04879116
CEEMDAN_LSTM,ETH-USD,2026-06-29 20:00:00,0.036250338,0.04881545
CEEMDAN_LSTM,ETH-USD,2026-06-29 20:15:00,0.036062114,0.04875516
CEEMDAN_LSTM,ETH-USD,2026-06-29 20:30:00,0.035913587,0.04874467
CEEMDAN_LSTM,ETH-USD,2026-06-29 20:45:00,0.035808142,0.048833326
CEEMDAN_LSTM,ETH-USD,2026-06-29 21:00:00,0.03573421,0.04881134
CEEMDAN_LSTM,ETH-USD,2026-06-29 21:15:00,0.035837278,0.04882631
CEEMDAN_LSTM,ETH-USD,2026-06-29 21:30:00,0.035963144,0.048838727
CEEMDAN_LSTM,ETH-USD,2026-06-29 21:45:00,0.03620346,0.048841096
CEEMDAN_LSTM,ETH-USD,2026-06-29 22:00:00,0.03634903,0.048835468
CEEMDAN_LSTM,ETH-USD,2026-06-29 22:15:00,0.036412656,0.04883183
CEEMDAN_LSTM,ETH-USD,2026-06-29 22:30:00,0.03640211,0.0488591
CEEMDAN_LSTM,ETH-USD,2026-06-29 22:45:00,0.036332883,0.048863884
CEEMDAN_LSTM,ETH-USD,2026-06-29 23:00:00,0.036256477,0.048850484
CEEMDAN_LSTM,ETH-USD,2026-06-29 23:15:00,0.036234632,0.048901763
CEEMDAN_LSTM,ETH-USD,2026-06-29 23:30:00,0.036216237,0.048914053
CEEMDAN_LSTM,ETH-USD,2026-06-29 23:45:00,0.036308125,0.048909746
CEEMDAN_LSTM,ETH-USD,2026-06-30 00:00:00,0.036413375,0.04887243
CEEMDAN_LSTM,ETH-USD,2026-06-30 00:15:00,0.03646496,0.04920825
CEEMDAN_LSTM,ETH-USD,2026-06-30 00:30:00,0.03638478,0.04947426
CEEMDAN_LSTM,ETH-USD,2026-06-30 00:45:00,0.036337737,0.049471725
CEEMDAN_LSTM,ETH-USD,2026-06-30 01:00:00,0.03651149,0.049482085
CEEMDAN_LSTM,ETH-USD,2026-06-30 01:15:00,0.03676949,0.049652703
CEEMDAN_LSTM,ETH-USD,2026-06-30 01:30:00,0.037174333,0.049898665
CEEMDAN_LSTM,ETH-USD,2026-06-30 01:45:00,0.03737616,0.0499258
CEEMDAN_LSTM,ETH-USD,2026-06-30 02:00:00,0.037642103,0.050057385
CEEMDAN_LSTM,ETH-USD,2026-06-30 02:15:00,0.03778191,0.050052565
CEEMDAN_LSTM,ETH-USD,2026-06-30 02:30:00,0.03798798,0.05005157
CEEMDAN_LSTM,ETH-USD,2026-06-30 02:45:00,0.038143877,0.050035883
CEEMDAN_LSTM,ETH-USD,2026-06-30 03:00:00,0.038211472,0.050037004
CEEMDAN_LSTM,ETH-USD,2026-06-30 03:15:00,0.038283538,0.05002936
CEEMDAN_LSTM,ETH-USD,2026-06-30 03:30:00,0.03831113,0.050039697
CEEMDAN_LSTM,ETH-USD,2026-06-30 03:45:00,0.03828595,0.050052583
CEEMDAN_LSTM,ETH-USD,2026-06-30 04:00:00,0.0382263,0.050052
CEEMDAN_LSTM,ETH-USD,2026-06-30 04:15:00,0.03823073,0.050052095
CEEMDAN_LSTM,ETH-USD,2026-06-30 04:30:00,0.03824157,0.050007865
CEEMDAN_LSTM,ETH-USD,2026-06-30 04:45:00,0.038287178,0.050004248
CEEMDAN_LSTM,ETH-USD,2026-06-30 05:00:00,0.038286626,0.049948115
CEEMDAN_LSTM,ETH-USD,2026-06-30 05:15:00,0.03831433,0.049969036
CEEMDAN_LSTM,ETH-USD,2026-06-30 05:30:00,0.038276624,0.05000949
CEEMDAN_LSTM,ETH-USD,2026-06-30 05:45:00,0.038317423,0.050030466
CEEMDAN_LSTM,ETH-USD,2026-06-30 06:00:00,0.038365,0.04939392
CEEMDAN_LSTM,ETH-USD,2026-06-30 06:15:00,0.038365494,0.0493445
CEEMDAN_LSTM,ETH-USD,2026-06-30 06:30:00,0.03836431,0.04930524
CEEMDAN_LSTM,ETH-USD,2026-06-30 06:45:00,0.038243894,0.049311098
CEEMDAN_LSTM,ETH-USD,2026-06-30 07:00:00,0.0380936,0.04931501
CEEMDAN_LSTM,ETH-USD,2026-06-30 07:15:00,0.037902307,0.04931319
CEEMDAN_LSTM,ETH-USD,2026-06-30 07:30:00,0.03775246,0.04929414
CEEMDAN_LSTM,ETH-USD,2026-06-30 07:45:00,0.037668925,0.049282167
CEEMDAN_LSTM,ETH-USD,2026-06-30 08:00:00,0.037630446,0.048824262
CEEMDAN_LSTM,ETH-USD,2026-06-30 08:15:00,0.037580647,0.048820205
CEEMDAN_LSTM,ETH-USD,2026-06-30 08:30:00,0.037540995,0.049005598
CEEMDAN_LSTM,ETH-USD,2026-06-30 08:45:00,0.037398368,0.048984975
CEEMDAN_LSTM,ETH-USD,2026-06-30 09:00:00,0.03735634,0.04898914
CEEMDAN_LSTM,ETH-USD,2026-06-30 09:15:00,0.037373167,0.04899168
CEEMDAN_LSTM,ETH-USD,2026-06-30 09:30:00,0.037382532,0.04898829
CEEMDAN_LSTM,ETH-USD,2026-06-30 09:45:00,0.037438087,0.04899011
CEEMDAN_LSTM,ETH-USD,2026-06-30 10:00:00,0.03748562,0.048989147
CEEMDAN_LSTM,ETH-USD,2026-06-30 10:15:00,0.037510574,0.04835941
CEEMDAN_LSTM,ETH-USD,2026-06-30 10:30:00,0.037498344,0.048308283
CEEMDAN_LSTM,ETH-USD,2026-06-30 10:45:00,0.037456546,0.04830817
CEEMDAN_LSTM,ETH-USD,2026-06-30 11:00:00,0.037347578,0.048262782
CEEMDAN_LSTM,ETH-USD,2026-06-30 11:15:00,0.037191384,0.048414547
CEEMDAN_LSTM,ETH-USD,2026-06-30 11:30:00,0.036952812,0.04843067
CEEMDAN_LSTM,ETH-USD,2026-06-30 11:45:00,0.0368537,0.048453826
CEEMDAN_LSTM,ETH-USD,2026-06-30 12:00:00,0.036781084,0.048553675
CEEMDAN_LSTM,ETH-USD,2026-06-30 12:15:00,0.03671835,0.0487875
CEEMDAN_LSTM,ETH-USD,2026-06-30 12:30:00,0.036709324,0.04865506
CEEMDAN_LSTM,ETH-USD,2026-06-30 12:45:00,0.03687862,0.04914032
CEEMDAN_LSTM,ETH-USD,2026-06-30 13:00:00,0.03697498,0.04929478
CEEMDAN_LSTM,ETH-USD,2026-06-30 13:15:00,0.037342828,0.049303323
CEEMDAN_LSTM,ETH-USD,2026-06-30 13:30:00,0.0377061,0.04930194
CEEMDAN_LSTM,ETH-USD,2026-06-30 13:45:00,0.03798463,0.04947501
CEEMDAN_LSTM,ETH-USD,2026-06-30 14:00:00,0.038279675,0.04945515
CEEMDAN_LSTM,ETH-USD,2026-06-30 14:15:00,0.038475573,0.049465995
CEEMDAN_LSTM,ETH-USD,2026-06-30 14:30:00,0.038527526,0.04944938
CEEMDAN_LSTM,ETH-USD,2026-06-30 14:45:00,0.03846677,0.049791634
CEEMDAN_LSTM,ETH-USD,2026-06-30 15:00:00,0.038278166,0.049791716
CEEMDAN_LSTM,ETH-USD,2026-06-30 15:15:00,0.038299304,0.049780484
CEEMDAN_LSTM,ETH-USD,2026-06-30 15:30:00,0.03840271,0.049773224
CEEMDAN_LSTM,ETH-USD,2026-06-30 15:45:00,0.038547304,0.049764242
CEEMDAN_LSTM,ETH-USD,2026-06-30 16:00:00,0.03868944,0.049756885
CEEMDAN_LSTM,ETH-USD,2026-06-30 16:15:00,0.038840998,0.049759217
CEEMDAN_LSTM,ETH-USD,2026-06-30 16:30:00,0.038886365,0.04979395
CEEMDAN_LSTM,ETH-USD,2026-06-30 16:45:00,0.038957905,0.04993974
CEEMDAN_LSTM,ETH-USD,2026-06-30 17:00:00,0.039046634,0.049900483
CEEMDAN_LSTM,ETH-USD,2026-06-30 17:15:00,0.039028417,0.049705513
CEEMDAN_LSTM,ETH-USD,2026-06-30 17:30:00,0.039015613,0.049705934
CEEMDAN_LSTM,ETH-USD,2026-06-30 17:45:00,0.03898425,0.049706623
CEEMDAN_LSTM,ETH-USD,2026-06-30 18:00:00,0.03895701,0.04966418
CEEMDAN_LSTM,ETH-USD,2026-06-30 18:15:00,0.03896178,0.049718414
CEEMDAN_LSTM,ETH-USD,2026-06-30 18:30:00,0.038991727,0.04973938
CEEMDAN_LSTM,ETH-USD,2026-06-30 18:45:00,0.03894375,0.049835008
CEEMDAN_LSTM,ETH-USD,2026-06-30 19:00:00,0.038983993,0.04983336
CEEMDAN_LSTM,ETH-USD,2026-06-30 19:15:00,0.03898523,0.049835254
CEEMDAN_LSTM,ETH-USD,2026-06-30 19:30:00,0.03898441,0.04984725
CEEMDAN_LSTM,ETH-USD,2026-06-30 19:45:00,0.039037332,0.049843922
CEEMDAN_LSTM,ETH-USD,2026-06-30 20:00:00,0.039075363,0.04983029
CEEMDAN_LSTM,ETH-USD,2026-06-30 20:15:00,0.039103452,0.049744423
CEEMDAN_LSTM,ETH-USD,2026-06-30 20:30:00,0.039046295,0.04973714
CEEMDAN_LSTM,ETH-USD,2026-06-30 20:45:00,0.038999677,0.049747072
CEEMDAN_LSTM,ETH-USD,2026-06-30 21:00:00,0.03902707,0.049672835
CEEMDAN_LSTM,ETH-USD,2026-06-30 21:15:00,0.039009668,0.049667556
CEEMDAN_LSTM,ETH-USD,2026-06-30 21:30:00,0.03901088,0.049655873
CEEMDAN_LSTM,ETH-USD,2026-06-30 21:45:00,0.039021157,0.049657635
CEEMDAN_LSTM,ETH-USD,2026-06-30 22:00:00,0.03904802,0.04957698
CEEMDAN_LSTM,ETH-USD,2026-06-30 22:15:00,0.039088458,0.04959021
CEEMDAN_LSTM,ETH-USD,2026-06-30 22:30:00,0.039066873,0.049547706
CEEMDAN_LSTM,ETH-USD,2026-06-30 22:45:00,0.039037175,0.04954885
CEEMDAN_LSTM,ETH-USD,2026-06-30 23:00:00,0.039030153,0.049552053
CEEMDAN_LSTM,ETH-USD,2026-06-30 23:15:00,0.0390737,0.04955525
CEEMDAN_LSTM,ETH-USD,2026-06-30 23:30:00,0.039116073,0.049354058
CEEMDAN_LSTM,ETH-USD,2026-06-30 23:45:00,0.039148092,0.049360093
CEEMDAN_LSTM,ETH-USD,2026-07-01 00:00:00,0.03915407,0.049370408
CEEMDAN_LSTM,ETH-USD,2026-07-01 00:15:00,0.039141554,0.049491137
CEEMDAN_LSTM,ETH-USD,2026-07-01 00:30:00,0.039007194,0.0495229
CEEMDAN_LSTM,ETH-USD,2026-07-01 00:45:00,0.038990527,0.049484286
CEEMDAN_LSTM,ETH-USD,2026-07-01 01:00:00,0.03902059,0.050028536
CEEMDAN_LSTM,ETH-USD,2026-07-01 01:15:00,0.038877405,0.050048485
CEEMDAN_LSTM,ETH-USD,2026-07-01 01:30:00,0.039032143,0.05049283
CEEMDAN_LSTM,ETH-USD,2026-07-01 01:45:00,0.039297912,0.050524488
CEEMDAN_LSTM,ETH-USD,2026-07-01 02:00:00,0.039438754,0.050524656
CEEMDAN_LSTM,ETH-USD,2026-07-01 02:15:00,0.039607137,0.05045392
CEEMDAN_LSTM,ETH-USD,2026-07-01 02:30:00,0.039807938,0.05059121
CEEMDAN_LSTM,ETH-USD,2026-07-01 02:45:00,0.039980467,0.050604355
CEEMDAN_LSTM,ETH-USD,2026-07-01 03:00:00,0.04003187,0.05060224
CEEMDAN_LSTM,ETH-USD,2026-07-01 03:15:00,0.040055178,0.050577797
CEEMDAN_LSTM,ETH-USD,2026-07-01 03:30:00,0.04007134,0.050604675
CEEMDAN_LSTM,ETH-USD,2026-07-01 03:45:00,0.040139284,0.05069561
CEEMDAN_LSTM,ETH-USD,2026-07-01 04:00:00,0.04021958,0.05068082
CEEMDAN_LSTM,ETH-USD,2026-07-01 04:15:00,0.040208045,0.05070038
CEEMDAN_LSTM,ETH-USD,2026-07-01 04:30:00,0.040234637,0.05071716
CEEMDAN_LSTM,ETH-USD,2026-07-01 04:45:00,0.0402704,0.050689586
CEEMDAN_LSTM,ETH-USD,2026-07-01 05:00:00,0.040279225,0.050717156
CEEMDAN_LSTM,ETH-USD,2026-07-01 05:15:00,0.040224507,0.050735135
CEEMDAN_LSTM,ETH-USD,2026-07-01 05:30:00,0.040187348,0.05073343
CEEMDAN_LSTM,ETH-USD,2026-07-01 05:45:00,0.040192563,0.050721925
CEEMDAN_LSTM,ETH-USD,2026-07-01 06:00:00,0.040222313,0.050821498
CEEMDAN_LSTM,ETH-USD,2026-07-01 06:15:00,0.04020813,0.05097112
CEEMDAN_LSTM,ETH-USD,2026-07-01 06:30:00,0.04020368,0.05101715
CEEMDAN_LSTM,ETH-USD,2026-07-01 06:45:00,0.04026585,0.05102088
CEEMDAN_LSTM,ETH-USD,2026-07-01 07:00:00,0.040376298,0.05100414
CEEMDAN_LSTM,ETH-USD,2026-07-01 07:15:00,0.040495258,0.050996073
CEEMDAN_LSTM,ETH-USD,2026-07-01 07:30:00,0.040607296,0.05071986
CEEMDAN_LSTM,ETH-USD,2026-07-01 07:45:00,0.040667262,0.050630726
CEEMDAN_LSTM,ETH-USD,2026-07-01 08:00:00,0.040673975,0.050640494
CEEMDAN_LSTM,ETH-USD,2026-07-01 08:15:00,0.040605716,0.05067284
CEEMDAN_LSTM,ETH-USD,2026-07-01 08:30:00,0.040508058,0.050729178
CEEMDAN_LSTM,ETH-USD,2026-07-01 08:45:00,0.04051319,0.05086043
CEEMDAN_LSTM,ETH-USD,2026-07-01 09:00:00,0.040573508,0.05086924
CEEMDAN_LSTM,ETH-USD,2026-07-01 09:15:00,0.04057245,0.05081391
CEEMDAN_LSTM,ETH-USD,2026-07-01 09:30:00,0.0405922,0.050811544
CEEMDAN_LSTM,ETH-USD,2026-07-01 09:45:00,0.04064355,0.050811104
CEEMDAN_LSTM,ETH-USD,2026-07-01 10:00:00,0.040679988,0.050944023
CEEMDAN_LSTM,ETH-USD,2026-07-01 10:15:00,0.04066104,0.05094294
CEEMDAN_LSTM,ETH-USD,2026-07-01 10:30:00,0.040731072,0.050972946
CEEMDAN_LSTM,ETH-USD,2026-07-01 10:45:00,0.04079319,0.050931673
CEEMDAN_LSTM,ETH-USD,2026-07-01 11:00:00,0.040901057,0.050685722
CEEMDAN_LSTM,ETH-USD,2026-07-01 11:15:00,0.040997777,0.050692886
CEEMDAN_LSTM,ETH-USD,2026-07-01 11:30:00,0.04100965,0.050687563
CEEMDAN_LSTM,ETH-USD,2026-07-01 11:45:00,0.041002624,0.050731983
CEEMDAN_LSTM,ETH-USD,2026-07-01 12:00:00,0.0409434,0.050719127
CEEMDAN_LSTM,ETH-USD,2026-07-01 12:15:00,0.04090488,0.05074018
CEEMDAN_LSTM,ETH-USD,2026-07-01 12:30:00,0.040921107,0.050777614
CEEMDAN_LSTM,ETH-USD,2026-07-01 12:45:00,0.040910747,0.05064018
CEEMDAN_LSTM,ETH-USD,2026-07-01 13:00:00,0.04096234,0.050421577
CEEMDAN_LSTM,ETH-USD,2026-07-01 13:15:00,0.041020982,0.050454736
CEEMDAN_LSTM,ETH-USD,2026-07-01 13:30:00,0.041057512,0.050325118
CEEMDAN_LSTM,ETH-USD,2026-07-01 13:45:00,0.04105641,0.05118849
CEEMDAN_LSTM,ETH-USD,2026-07-01 14:00:00,0.041123413,0.05196947
CEEMDAN_LSTM,ETH-USD,2026-07-01 14:15:00,0.04122839,0.051895894
CEEMDAN_LSTM,ETH-USD,2026-07-01 14:30:00,0.04121562,0.051983587
CEEMDAN_LSTM,ETH-USD,2026-07-01 14:45:00,0.041265663,0.051943712
CEEMDAN_LSTM,ETH-USD,2026-07-01 15:00:00,0.041463286,0.052374363
CEEMDAN_LSTM,ETH-USD,2026-07-01 15:15:00,0.04172386,0.052495897
CEEMDAN_LSTM,ETH-USD,2026-07-01 15:30:00,0.041954562,0.052461307
CEEMDAN_LSTM,ETH-USD,2026-07-01 15:45:00,0.04202417,0.052123826
CEEMDAN_LSTM,ETH-USD,2026-07-01 16:00:00,0.042041373,0.051946253
CEEMDAN_LSTM,ETH-USD,2026-07-01 16:15:00,0.042026363,0.051924292
CEEMDAN_LSTM,ETH-USD,2026-07-01 16:30:00,0.042014163,0.051664498
CEEMDAN_LSTM,ETH-USD,2026-07-01 16:45:00,0.041905843,0.05167975
CEEMDAN_LSTM,ETH-USD,2026-07-01 17:00:00,0.04177283,0.050917223
CEEMDAN_LSTM,ETH-USD,2026-07-01 17:15:00,0.041693676,0.049984854
CEEMDAN_LSTM,ETH-USD,2026-07-01 17:30:00,0.04166014,0.049944416
CEEMDAN_LSTM,ETH-USD,2026-07-01 17:45:00,0.04144137,0.049952522
CEEMDAN_LSTM,ETH-USD,2026-07-01 18:00:00,0.04115449,0.04977059
CEEMDAN_LSTM,ETH-USD,2026-07-01 18:15:00,0.040821005,0.049748875
CEEMDAN_LSTM,ETH-USD,2026-07-01 18:30:00,0.04053856,0.049453676
CEEMDAN_LSTM,ETH-USD,2026-07-01 18:45:00,0.040374294,0.04934766
CEEMDAN_LSTM,ETH-USD,2026-07-01 19:00:00,0.040219694,0.04940242
CEEMDAN_LSTM,ETH-USD,2026-07-01 19:15:00,0.040177044,0.049455572
CEEMDAN_LSTM,ETH-USD,2026-07-01 19:30:00,0.04006232,0.049351487
CEEMDAN_LSTM,ETH-USD,2026-07-01 19:45:00,0.04000518,0.04935422
CEEMDAN_LSTM,ETH-USD,2026-07-01 20:00:00,0.03994584,0.049037963
CEEMDAN_LSTM,ETH-USD,2026-07-01 20:15:00,0.039915927,0.048994716
CEEMDAN_LSTM,ETH-USD,2026-07-01 20:30:00,0.03988916,0.048748367
CEEMDAN_LSTM,ETH-USD,2026-07-01 20:45:00,0.03986891,0.048668936
CEEMDAN_LSTM,ETH-USD,2026-07-01 21:00:00,0.039835814,0.048763726
CEEMDAN_LSTM,ETH-USD,2026-07-01 21:15:00,0.039821103,0.048744306
CEEMDAN_LSTM,ETH-USD,2026-07-01 21:30:00,0.039752427,0.048767872
CEEMDAN_LSTM,ETH-USD,2026-07-01 21:45:00,0.039700836,0.048819907
CEEMDAN_LSTM,ETH-USD,2026-07-01 22:00:00,0.039669767,0.04882965
CEEMDAN_LSTM,ETH-USD,2026-07-01 22:15:00,0.039591018,0.0488575
CEEMDAN_LSTM,ETH-USD,2026-07-01 22:30:00,0.03953428,0.048885856
CEEMDAN_LSTM,ETH-USD,2026-07-01 22:45:00,0.039518394,0.048911434
CEEMDAN_LSTM,ETH-USD,2026-07-01 23:00:00,0.039544523,0.049094114
CEEMDAN_LSTM,ETH-USD,2026-07-01 23:15:00,0.039559416,0.048948895
CEEMDAN_LSTM,ETH-USD,2026-07-01 23:30:00,0.039660297,0.048950765
CEEMDAN_LSTM,ETH-USD,2026-07-01 23:45:00,0.03977403,0.049036954
CEEMDAN_LSTM,ETH-USD,2026-07-02 00:00:00,0.039828822,0.04906564
CEEMDAN_LSTM,ETH-USD,2026-07-02 00:15:00,0.039880943,0.049110554
CEEMDAN_LSTM,ETH-USD,2026-07-02 00:30:00,0.039924305,0.0491787
CEEMDAN_LSTM,ETH-USD,2026-07-02 00:45:00,0.039961085,0.04928242
CEEMDAN_LSTM,ETH-USD,2026-07-02 01:00:00,0.04009621,0.049169045
CEEMDAN_LSTM,ETH-USD,2026-07-02 01:15:00,0.04023251,0.0491751
CEEMDAN_LSTM,ETH-USD,2026-07-02 01:30:00,0.040298697,0.04951948
CEEMDAN_LSTM,ETH-USD,2026-07-02 01:45:00,0.040390994,0.049526
CEEMDAN_LSTM,ETH-USD,2026-07-02 02:00:00,0.04037636,0.04943504
CEEMDAN_LSTM,ETH-USD,2026-07-02 02:15:00,0.04034878,0.04943858
CEEMDAN_LSTM,ETH-USD,2026-07-02 02:30:00,0.040381398,0.04946996
CEEMDAN_LSTM,ETH-USD,2026-07-02 02:45:00,0.040447805,0.04945161
CEEMDAN_LSTM,ETH-USD,2026-07-02 03:00:00,0.040462267,0.047974717
CEEMDAN_LSTM,ETH-USD,2026-07-02 03:15:00,0.040507622,0.04798289
CEEMDAN_LSTM,ETH-USD,2026-07-02 03:30:00,0.04045109,0.047200996
CEEMDAN_LSTM,ETH-USD,2026-07-02 03:45:00,0.040293626,0.04729452
CEEMDAN_LSTM,ETH-USD,2026-07-02 04:00:00,0.040008675,0.04702784
CEEMDAN_LSTM,ETH-USD,2026-07-02 04:15:00,0.03959721,0.046667475
CEEMDAN_LSTM,ETH-USD,2026-07-02 04:30:00,0.039201394,0.04636239
