model_name,asset_symbol,timestamp,predicted_value,real_value
CEEMDAN_LSTM,GC=F,2026-06-03 18:15:00,0.026559265,0.020008981
CEEMDAN_LSTM,GC=F,2026-06-03 18:30:00,0.026559263,0.019906076
CEEMDAN_LSTM,GC=F,2026-06-03 18:45:00,0.026559265,0.019880392
CEEMDAN_LSTM,GC=F,2026-06-03 19:00:00,0.026559263,0.01995041
CEEMDAN_LSTM,GC=F,2026-06-03 19:15:00,0.026559263,0.019950962
CEEMDAN_LSTM,GC=F,2026-06-03 19:30:00,0.026559265,0.019950211
CEEMDAN_LSTM,GC=F,2026-06-03 19:45:00,0.026559265,0.019960186
CEEMDAN_LSTM,GC=F,2026-06-03 20:00:00,0.026559265,0.019952128
CEEMDAN_LSTM,GC=F,2026-06-03 20:15:00,0.026559265,0.019945698
CEEMDAN_LSTM,GC=F,2026-06-03 20:30:00,0.026559265,0.019981295
CEEMDAN_LSTM,GC=F,2026-06-03 20:45:00,0.026559265,0.019982703
CEEMDAN_LSTM,GC=F,2026-06-03 21:00:00,0.026559265,0.019967401
CEEMDAN_LSTM,GC=F,2026-06-03 21:15:00,0.026559265,0.019967401
CEEMDAN_LSTM,GC=F,2026-06-03 21:30:00,0.026559265,0.019868508
CEEMDAN_LSTM,GC=F,2026-06-03 21:45:00,0.026559265,0.01985743
CEEMDAN_LSTM,GC=F,2026-06-03 22:00:00,0.026559263,0.019836787
CEEMDAN_LSTM,GC=F,2026-06-03 22:15:00,0.026559265,0.0198304
CEEMDAN_LSTM,GC=F,2026-06-03 22:30:00,0.026559263,0.019805351
CEEMDAN_LSTM,GC=F,2026-06-03 22:45:00,0.026559262,0.019969216
CEEMDAN_LSTM,GC=F,2026-06-03 23:00:00,0.026559262,0.01991211
CEEMDAN_LSTM,GC=F,2026-06-03 23:15:00,0.026559263,0.019929225
CEEMDAN_LSTM,GC=F,2026-06-03 23:30:00,0.026559263,0.019921524
CEEMDAN_LSTM,GC=F,2026-06-03 23:45:00,0.026559263,0.019926911
CEEMDAN_LSTM,GC=F,2026-06-04 00:00:00,0.026559263,0.019935949
CEEMDAN_LSTM,GC=F,2026-06-04 00:15:00,0.026559265,0.019925777
CEEMDAN_LSTM,GC=F,2026-06-04 00:30:00,0.026559265,0.019927818
CEEMDAN_LSTM,GC=F,2026-06-04 00:45:00,0.026559263,0.019921415
CEEMDAN_LSTM,GC=F,2026-06-04 01:00:00,0.026559263,0.0201883
CEEMDAN_LSTM,GC=F,2026-06-04 01:15:00,0.026559263,0.020192878
CEEMDAN_LSTM,GC=F,2026-06-04 01:30:00,0.026559263,0.020217977
CEEMDAN_LSTM,GC=F,2026-06-04 01:45:00,0.026559263,0.020270107
CEEMDAN_LSTM,GC=F,2026-06-04 02:00:00,0.026559263,0.020278983
CEEMDAN_LSTM,GC=F,2026-06-04 02:15:00,0.026559263,0.020236198
CEEMDAN_LSTM,GC=F,2026-06-04 02:30:00,0.026559263,0.020226711
CEEMDAN_LSTM,GC=F,2026-06-04 02:45:00,0.026559263,0.020442532
CEEMDAN_LSTM,GC=F,2026-06-04 03:00:00,0.026559263,0.020451488
CEEMDAN_LSTM,GC=F,2026-06-04 03:15:00,0.026559265,0.020451074
CEEMDAN_LSTM,GC=F,2026-06-04 03:30:00,0.026559265,0.020533705
CEEMDAN_LSTM,GC=F,2026-06-04 03:45:00,0.026559265,0.020511094
CEEMDAN_LSTM,GC=F,2026-06-04 04:00:00,0.026559265,0.020188482
CEEMDAN_LSTM,GC=F,2026-06-04 04:15:00,0.026559262,0.019732334
CEEMDAN_LSTM,GC=F,2026-06-04 04:30:00,0.026559265,0.019809635
CEEMDAN_LSTM,GC=F,2026-06-04 04:45:00,0.026559265,0.019463573
CEEMDAN_LSTM,GC=F,2026-06-04 05:00:00,0.026559265,0.019327875
CEEMDAN_LSTM,GC=F,2026-06-04 05:15:00,0.026559265,0.019307999
CEEMDAN_LSTM,GC=F,2026-06-04 05:30:00,0.026559265,0.019290226
CEEMDAN_LSTM,GC=F,2026-06-04 05:45:00,0.026559265,0.019323505
CEEMDAN_LSTM,GC=F,2026-06-04 06:00:00,0.026559265,0.019317867
CEEMDAN_LSTM,GC=F,2026-06-04 06:15:00,0.026559265,0.019297099
CEEMDAN_LSTM,GC=F,2026-06-04 06:30:00,0.026559265,0.019288398
CEEMDAN_LSTM,GC=F,2026-06-04 06:45:00,0.026559265,0.019287737
CEEMDAN_LSTM,GC=F,2026-06-04 07:00:00,0.026559265,0.019248638
CEEMDAN_LSTM,GC=F,2026-06-04 07:15:00,0.026559265,0.019250764
CEEMDAN_LSTM,GC=F,2026-06-04 07:30:00,0.026559265,0.01927109
CEEMDAN_LSTM,GC=F,2026-06-04 07:45:00,0.026559265,0.01907108
CEEMDAN_LSTM,GC=F,2026-06-04 08:00:00,0.026559265,0.019036235
CEEMDAN_LSTM,GC=F,2026-06-04 08:15:00,0.026559265,0.018971803
CEEMDAN_LSTM,GC=F,2026-06-04 08:30:00,0.026559265,0.018875621
CEEMDAN_LSTM,GC=F,2026-06-04 08:45:00,0.026559265,0.018857965
CEEMDAN_LSTM,GC=F,2026-06-04 09:00:00,0.026559265,0.018856367
CEEMDAN_LSTM,GC=F,2026-06-04 09:15:00,0.026559265,0.0188555
CEEMDAN_LSTM,GC=F,2026-06-04 09:30:00,0.026559265,0.018871732
CEEMDAN_LSTM,GC=F,2026-06-04 09:45:00,0.026559263,0.018878886
CEEMDAN_LSTM,GC=F,2026-06-04 10:00:00,0.026559265,0.01887562
CEEMDAN_LSTM,GC=F,2026-06-04 10:15:00,0.026559262,0.018890027
CEEMDAN_LSTM,GC=F,2026-06-04 10:30:00,0.026559265,0.018912014
CEEMDAN_LSTM,GC=F,2026-06-04 10:45:00,0.026559262,0.018913677
CEEMDAN_LSTM,GC=F,2026-06-04 11:00:00,0.026559262,0.01890659
CEEMDAN_LSTM,GC=F,2026-06-04 11:15:00,0.026559262,0.019241633
CEEMDAN_LSTM,GC=F,2026-06-04 11:30:00,0.026559262,0.01924838
CEEMDAN_LSTM,GC=F,2026-06-04 11:45:00,0.026559262,0.019710446
CEEMDAN_LSTM,GC=F,2026-06-04 12:00:00,0.02655926,0.020099461
CEEMDAN_LSTM,GC=F,2026-06-04 12:15:00,0.026559265,0.020124886
CEEMDAN_LSTM,GC=F,2026-06-04 12:30:00,0.026559265,0.02014021
CEEMDAN_LSTM,GC=F,2026-06-04 12:45:00,0.026559265,0.020144317
CEEMDAN_LSTM,GC=F,2026-06-04 13:00:00,0.026559265,0.020144513
CEEMDAN_LSTM,GC=F,2026-06-04 13:15:00,0.026559265,0.020136176
CEEMDAN_LSTM,GC=F,2026-06-04 13:30:00,0.026559265,0.02026141
CEEMDAN_LSTM,GC=F,2026-06-04 13:45:00,0.026559265,0.020672498
CEEMDAN_LSTM,GC=F,2026-06-04 14:00:00,0.026559265,0.02075249
CEEMDAN_LSTM,GC=F,2026-06-04 14:15:00,0.026559265,0.020754015
CEEMDAN_LSTM,GC=F,2026-06-04 14:30:00,0.026559265,0.020879421
CEEMDAN_LSTM,GC=F,2026-06-04 14:45:00,0.026559265,0.020986674
CEEMDAN_LSTM,GC=F,2026-06-04 15:00:00,0.026559265,0.021026118
CEEMDAN_LSTM,GC=F,2026-06-04 15:15:00,0.026559265,0.02085419
CEEMDAN_LSTM,GC=F,2026-06-04 15:30:00,0.026559265,0.020810744
CEEMDAN_LSTM,GC=F,2026-06-04 15:45:00,0.026559265,0.020800088
CEEMDAN_LSTM,GC=F,2026-06-04 16:00:00,0.026559265,0.02071919
CEEMDAN_LSTM,GC=F,2026-06-04 16:15:00,0.026559265,0.020729452
CEEMDAN_LSTM,GC=F,2026-06-04 16:30:00,0.026559265,0.020688564
CEEMDAN_LSTM,GC=F,2026-06-04 16:45:00,0.026559265,0.020651976
CEEMDAN_LSTM,GC=F,2026-06-04 17:00:00,0.026559265,0.020660024
CEEMDAN_LSTM,GC=F,2026-06-04 17:15:00,0.026559265,0.02065862
CEEMDAN_LSTM,GC=F,2026-06-04 17:30:00,0.026559265,0.020632451
CEEMDAN_LSTM,GC=F,2026-06-04 17:45:00,0.026559265,0.020526325
CEEMDAN_LSTM,GC=F,2026-06-04 18:00:00,0.026559265,0.020522384
CEEMDAN_LSTM,GC=F,2026-06-04 18:15:00,0.026559265,0.020460308
CEEMDAN_LSTM,GC=F,2026-06-04 18:30:00,0.026559265,0.020472191
CEEMDAN_LSTM,GC=F,2026-06-04 18:45:00,0.026559265,0.020488817
CEEMDAN_LSTM,GC=F,2026-06-04 19:00:00,0.026559265,0.020435218
CEEMDAN_LSTM,GC=F,2026-06-04 19:15:00,0.026559265,0.020439632
CEEMDAN_LSTM,GC=F,2026-06-04 19:30:00,0.026559265,0.020401511
CEEMDAN_LSTM,GC=F,2026-06-04 19:45:00,0.026559265,0.020358376
CEEMDAN_LSTM,GC=F,2026-06-04 20:00:00,0.026559265,0.020368394
CEEMDAN_LSTM,GC=F,2026-06-04 20:15:00,0.026559265,0.020366758
CEEMDAN_LSTM,GC=F,2026-06-04 20:30:00,0.026559265,0.02034595
CEEMDAN_LSTM,GC=F,2026-06-04 20:45:00,0.026559265,0.02028582
CEEMDAN_LSTM,GC=F,2026-06-04 21:00:00,0.026559265,0.02028115
CEEMDAN_LSTM,GC=F,2026-06-04 21:15:00,0.026559265,0.020029087
CEEMDAN_LSTM,GC=F,2026-06-04 21:30:00,0.026559265,0.020029133
CEEMDAN_LSTM,GC=F,2026-06-04 21:45:00,0.026559265,0.020016495
CEEMDAN_LSTM,GC=F,2026-06-04 22:00:00,0.026559265,0.019993987
CEEMDAN_LSTM,GC=F,2026-06-04 22:15:00,0.026559265,0.019968364
CEEMDAN_LSTM,GC=F,2026-06-04 22:30:00,0.026559265,0.019976133
CEEMDAN_LSTM,GC=F,2026-06-04 22:45:00,0.026559263,0.019996833
CEEMDAN_LSTM,GC=F,2026-06-04 23:00:00,0.026559263,0.020001635
CEEMDAN_LSTM,GC=F,2026-06-04 23:15:00,0.026559263,0.019990759
CEEMDAN_LSTM,GC=F,2026-06-04 23:30:00,0.026559263,0.020030074
CEEMDAN_LSTM,GC=F,2026-06-04 23:45:00,0.026559263,0.020029785
CEEMDAN_LSTM,GC=F,2026-06-05 00:00:00,0.026559263,0.020011298
CEEMDAN_LSTM,GC=F,2026-06-05 00:15:00,0.026559263,0.019964399
CEEMDAN_LSTM,GC=F,2026-06-05 00:30:00,0.026559263,0.020002319
CEEMDAN_LSTM,GC=F,2026-06-05 00:45:00,0.026559263,0.019999478
CEEMDAN_LSTM,GC=F,2026-06-05 01:00:00,0.026559263,0.020001244
CEEMDAN_LSTM,GC=F,2026-06-05 01:15:00,0.026559263,0.020003678
CEEMDAN_LSTM,GC=F,2026-06-05 01:30:00,0.026559263,0.020188957
CEEMDAN_LSTM,GC=F,2026-06-05 01:45:00,0.026559263,0.02015605
CEEMDAN_LSTM,GC=F,2026-06-05 02:00:00,0.026559263,0.020144433
CEEMDAN_LSTM,GC=F,2026-06-05 02:15:00,0.026559263,0.02014646
CEEMDAN_LSTM,GC=F,2026-06-05 02:30:00,0.026559263,0.0202203
CEEMDAN_LSTM,GC=F,2026-06-05 02:45:00,0.026559263,0.02022167
CEEMDAN_LSTM,GC=F,2026-06-05 03:00:00,0.026559263,0.020221215
CEEMDAN_LSTM,GC=F,2026-06-05 03:15:00,0.026559263,0.020227693
CEEMDAN_LSTM,GC=F,2026-06-05 03:30:00,0.026559263,0.020233063
CEEMDAN_LSTM,GC=F,2026-06-05 03:45:00,0.026559263,0.020109218
CEEMDAN_LSTM,GC=F,2026-06-05 04:00:00,0.026559263,0.020109484
CEEMDAN_LSTM,GC=F,2026-06-05 04:15:00,0.026559263,0.020100696
CEEMDAN_LSTM,GC=F,2026-06-05 04:30:00,0.026559263,0.020100743
CEEMDAN_LSTM,GC=F,2026-06-05 04:45:00,0.026559263,0.020081779
CEEMDAN_LSTM,GC=F,2026-06-05 05:00:00,0.026559263,0.02009787
CEEMDAN_LSTM,GC=F,2026-06-05 05:15:00,0.026559263,0.020027332
CEEMDAN_LSTM,GC=F,2026-06-05 05:30:00,0.026559263,0.019928865
CEEMDAN_LSTM,GC=F,2026-06-05 05:45:00,0.026559263,0.019944575
CEEMDAN_LSTM,GC=F,2026-06-05 06:00:00,0.026559263,0.01995119
CEEMDAN_LSTM,GC=F,2026-06-05 06:15:00,0.026559265,0.019988794
CEEMDAN_LSTM,GC=F,2026-06-05 06:30:00,0.026559263,0.020016743
CEEMDAN_LSTM,GC=F,2026-06-05 06:45:00,0.026559263,0.020057522
CEEMDAN_LSTM,GC=F,2026-06-05 07:00:00,0.026559265,0.020079011
CEEMDAN_LSTM,GC=F,2026-06-05 07:15:00,0.026559265,0.020107524
CEEMDAN_LSTM,GC=F,2026-06-05 07:30:00,0.026559265,0.020138018
CEEMDAN_LSTM,GC=F,2026-06-05 07:45:00,0.026559265,0.020133091
CEEMDAN_LSTM,GC=F,2026-06-05 08:00:00,0.026559263,0.020127898
CEEMDAN_LSTM,GC=F,2026-06-05 08:15:00,0.026559263,0.02017354
CEEMDAN_LSTM,GC=F,2026-06-05 08:30:00,0.026559263,0.020152843
CEEMDAN_LSTM,GC=F,2026-06-05 08:45:00,0.026559265,0.020154342
CEEMDAN_LSTM,GC=F,2026-06-05 09:00:00,0.026559265,0.020167138
CEEMDAN_LSTM,GC=F,2026-06-05 09:15:00,0.026559263,0.020164877
CEEMDAN_LSTM,GC=F,2026-06-05 09:30:00,0.026559263,0.020101625
CEEMDAN_LSTM,GC=F,2026-06-05 09:45:00,0.026559265,0.020041332
CEEMDAN_LSTM,GC=F,2026-06-05 10:00:00,0.026559263,0.020041531
CEEMDAN_LSTM,GC=F,2026-06-05 10:15:00,0.026559265,0.020033395
CEEMDAN_LSTM,GC=F,2026-06-05 10:30:00,0.026559263,0.020031288
CEEMDAN_LSTM,GC=F,2026-06-05 10:45:00,0.026559263,0.020037107
CEEMDAN_LSTM,GC=F,2026-06-05 11:00:00,0.026559263,0.020069549
CEEMDAN_LSTM,GC=F,2026-06-05 11:15:00,0.026559263,0.020101968
CEEMDAN_LSTM,GC=F,2026-06-05 11:30:00,0.026559263,0.020102963
CEEMDAN_LSTM,GC=F,2026-06-05 11:45:00,0.026559263,0.02013684
CEEMDAN_LSTM,GC=F,2026-06-05 12:00:00,0.026559263,0.020137446
CEEMDAN_LSTM,GC=F,2026-06-05 12:15:00,0.026559262,0.020169495
CEEMDAN_LSTM,GC=F,2026-06-05 12:30:00,0.026559262,0.02060222
CEEMDAN_LSTM,GC=F,2026-06-05 12:45:00,0.026559262,0.022475203
CEEMDAN_LSTM,GC=F,2026-06-05 13:00:00,0.02655926,0.022640811
CEEMDAN_LSTM,GC=F,2026-06-05 13:15:00,0.026559262,0.022832952
CEEMDAN_LSTM,GC=F,2026-06-05 13:30:00,0.026559263,0.023099316
CEEMDAN_LSTM,GC=F,2026-06-05 13:45:00,0.026559262,0.02371306
CEEMDAN_LSTM,GC=F,2026-06-05 14:00:00,0.026559263,0.023659986
CEEMDAN_LSTM,GC=F,2026-06-05 14:15:00,0.026559263,0.023581052
CEEMDAN_LSTM,GC=F,2026-06-05 14:30:00,0.026559263,0.023644459
CEEMDAN_LSTM,GC=F,2026-06-05 14:45:00,0.026559263,0.024109596
CEEMDAN_LSTM,GC=F,2026-06-05 15:00:00,0.026559265,0.02438762
CEEMDAN_LSTM,GC=F,2026-06-05 15:15:00,0.026559263,0.02432917
CEEMDAN_LSTM,GC=F,2026-06-05 15:30:00,0.026559265,0.024326276
CEEMDAN_LSTM,GC=F,2026-06-05 15:45:00,0.026559265,0.024246838
CEEMDAN_LSTM,GC=F,2026-06-05 16:00:00,0.026559265,0.024057105
CEEMDAN_LSTM,GC=F,2026-06-05 16:15:00,0.026559265,0.024052072
CEEMDAN_LSTM,GC=F,2026-06-05 16:30:00,0.026559265,0.02404421
CEEMDAN_LSTM,GC=F,2026-06-05 16:45:00,0.026559265,0.024326393
CEEMDAN_LSTM,GC=F,2026-06-05 17:00:00,0.026559265,0.024320548
CEEMDAN_LSTM,GC=F,2026-06-05 17:15:00,0.026559265,0.024335708
CEEMDAN_LSTM,GC=F,2026-06-05 17:30:00,0.026559265,0.024335738
CEEMDAN_LSTM,GC=F,2026-06-05 17:45:00,0.026559265,0.0243267
CEEMDAN_LSTM,GC=F,2026-06-05 18:00:00,0.026559265,0.024669115
CEEMDAN_LSTM,GC=F,2026-06-05 18:15:00,0.026559265,0.024680715
CEEMDAN_LSTM,GC=F,2026-06-05 18:30:00,0.026559265,0.024723062
CEEMDAN_LSTM,GC=F,2026-06-05 18:45:00,0.026559265,0.024743464
CEEMDAN_LSTM,GC=F,2026-06-05 19:00:00,0.026559265,0.02477315
CEEMDAN_LSTM,GC=F,2026-06-05 19:15:00,0.026559265,0.024787558
CEEMDAN_LSTM,GC=F,2026-06-05 19:30:00,0.026559267,0.024803163
CEEMDAN_LSTM,GC=F,2026-06-05 19:45:00,0.026559265,0.024794247
CEEMDAN_LSTM,GC=F,2026-06-05 20:00:00,0.026559265,0.024782022
CEEMDAN_LSTM,GC=F,2026-06-05 20:15:00,0.026559265,0.02482663
CEEMDAN_LSTM,GC=F,2026-06-05 20:30:00,0.026559265,0.024794886
CEEMDAN_LSTM,GC=F,2026-06-05 20:45:00,0.026559267,0.025066907
CEEMDAN_LSTM,GC=F,2026-06-05 21:00:00,0.026559265,0.02498111
CEEMDAN_LSTM,GC=F,2026-06-05 21:15:00,0.026559265,0.024970643
CEEMDAN_LSTM,GC=F,2026-06-05 21:30:00,0.026559265,0.024969233
CEEMDAN_LSTM,GC=F,2026-06-05 21:45:00,0.026559265,0.024959225
CEEMDAN_LSTM,GC=F,2026-06-05 22:00:00,0.026559265,0.024914475
CEEMDAN_LSTM,GC=F,2026-06-05 22:15:00,0.026559265,0.024752943
CEEMDAN_LSTM,GC=F,2026-06-05 22:30:00,0.026559267,0.024745895
CEEMDAN_LSTM,GC=F,2026-06-05 22:45:00,0.026559265,0.02472269
CEEMDAN_LSTM,GC=F,2026-06-05 23:00:00,0.026559267,0.02471621
CEEMDAN_LSTM,GC=F,2026-06-05 23:15:00,0.026559265,0.02471163
CEEMDAN_LSTM,GC=F,2026-06-05 23:30:00,0.026559265,0.024711696
CEEMDAN_LSTM,GC=F,2026-06-05 23:45:00,0.026559265,0.024571512
CEEMDAN_LSTM,GC=F,2026-06-06 00:00:00,0.026559265,0.024510482
CEEMDAN_LSTM,GC=F,2026-06-06 00:15:00,0.026559265,0.02439608
CEEMDAN_LSTM,GC=F,2026-06-06 00:30:00,0.026559265,0.024337886
CEEMDAN_LSTM,GC=F,2026-06-06 00:45:00,0.026559265,0.024321897
CEEMDAN_LSTM,GC=F,2026-06-06 01:00:00,0.026559265,0.023872232
CEEMDAN_LSTM,GC=F,2026-06-06 01:15:00,0.026559265,0.023865484
CEEMDAN_LSTM,GC=F,2026-06-06 01:30:00,0.026559265,0.023831552
CEEMDAN_LSTM,GC=F,2026-06-06 01:45:00,0.026559265,0.023796745
CEEMDAN_LSTM,GC=F,2026-06-06 02:00:00,0.026559265,0.023787573
CEEMDAN_LSTM,GC=F,2026-06-06 02:15:00,0.026559265,0.023777053
CEEMDAN_LSTM,GC=F,2026-06-06 02:30:00,0.026559265,0.023763817
CEEMDAN_LSTM,GC=F,2026-06-06 02:45:00,0.026559265,0.023758514
CEEMDAN_LSTM,GC=F,2026-06-06 03:00:00,0.026559265,0.0237517
CEEMDAN_LSTM,GC=F,2026-06-06 03:15:00,0.026559265,0.023711218
CEEMDAN_LSTM,GC=F,2026-06-06 03:30:00,0.026559265,0.023664458
CEEMDAN_LSTM,GC=F,2026-06-06 03:45:00,0.026559265,0.023660084
CEEMDAN_LSTM,GC=F,2026-06-07 22:00:00,0.026559265,0.02378097
CEEMDAN_LSTM,GC=F,2026-06-07 22:15:00,0.026559263,0.02378741
CEEMDAN_LSTM,GC=F,2026-06-07 22:30:00,0.026559263,0.023412675
CEEMDAN_LSTM,GC=F,2026-06-07 22:45:00,0.026559263,0.023041796
CEEMDAN_LSTM,GC=F,2026-06-07 23:00:00,0.026559265,0.023184782
CEEMDAN_LSTM,GC=F,2026-06-07 23:15:00,0.026559263,0.023198696
CEEMDAN_LSTM,GC=F,2026-06-07 23:30:00,0.026559263,0.02321294
CEEMDAN_LSTM,GC=F,2026-06-07 23:45:00,0.026559263,0.023157405
CEEMDAN_LSTM,GC=F,2026-06-08 00:00:00,0.026559263,0.0230278
CEEMDAN_LSTM,GC=F,2026-06-08 00:15:00,0.026559263,0.023115976
CEEMDAN_LSTM,GC=F,2026-06-08 00:30:00,0.026559263,0.023122972
CEEMDAN_LSTM,GC=F,2026-06-08 00:45:00,0.026559263,0.023130335
CEEMDAN_LSTM,GC=F,2026-06-08 01:00:00,0.026559263,0.023366315
CEEMDAN_LSTM,GC=F,2026-06-08 01:15:00,0.026559263,0.023534613
CEEMDAN_LSTM,GC=F,2026-06-08 01:30:00,0.026559263,0.023715295
CEEMDAN_LSTM,GC=F,2026-06-08 01:45:00,0.026559263,0.023707552
CEEMDAN_LSTM,GC=F,2026-06-08 02:00:00,0.026559263,0.023787225
CEEMDAN_LSTM,GC=F,2026-06-08 02:15:00,0.026559263,0.023782909
CEEMDAN_LSTM,GC=F,2026-06-08 02:30:00,0.026559263,0.02378352
CEEMDAN_LSTM,GC=F,2026-06-08 02:45:00,0.026559263,0.023813082
CEEMDAN_LSTM,GC=F,2026-06-08 03:00:00,0.026559263,0.02383709
CEEMDAN_LSTM,GC=F,2026-06-08 03:15:00,0.026559263,0.023826517
CEEMDAN_LSTM,GC=F,2026-06-08 03:30:00,0.026559263,0.023837406
CEEMDAN_LSTM,GC=F,2026-06-08 03:45:00,0.026559263,0.023875803
CEEMDAN_LSTM,GC=F,2026-06-08 04:00:00,0.026559263,0.023831908
CEEMDAN_LSTM,GC=F,2026-06-08 04:15:00,0.026559263,0.0238319
CEEMDAN_LSTM,GC=F,2026-06-08 04:30:00,0.026559263,0.023984004
CEEMDAN_LSTM,GC=F,2026-06-08 04:45:00,0.026559263,0.024016634
CEEMDAN_LSTM,GC=F,2026-06-08 05:00:00,0.026559263,0.024078676
CEEMDAN_LSTM,GC=F,2026-06-08 05:15:00,0.026559263,0.02415162
CEEMDAN_LSTM,GC=F,2026-06-08 05:30:00,0.026559263,0.024706349
CEEMDAN_LSTM,GC=F,2026-06-08 05:45:00,0.026559262,0.024734568
CEEMDAN_LSTM,GC=F,2026-06-08 06:00:00,0.026559263,0.024885887
CEEMDAN_LSTM,GC=F,2026-06-08 06:15:00,0.026559262,0.024892999
CEEMDAN_LSTM,GC=F,2026-06-08 06:30:00,0.026559262,0.02494649
CEEMDAN_LSTM,GC=F,2026-06-08 06:45:00,0.026559262,0.024953142
CEEMDAN_LSTM,GC=F,2026-06-08 07:00:00,0.026559262,0.02496802
CEEMDAN_LSTM,GC=F,2026-06-08 07:15:00,0.026559262,0.024963092
CEEMDAN_LSTM,GC=F,2026-06-08 07:30:00,0.026559262,0.02496948
CEEMDAN_LSTM,GC=F,2026-06-08 07:45:00,0.026559262,0.024849363
CEEMDAN_LSTM,GC=F,2026-06-08 08:00:00,0.026559263,0.024856636
CEEMDAN_LSTM,GC=F,2026-06-08 08:15:00,0.026559262,0.024854643
CEEMDAN_LSTM,GC=F,2026-06-08 08:30:00,0.026559262,0.024851559
CEEMDAN_LSTM,GC=F,2026-06-08 08:45:00,0.02655926,0.024840597
CEEMDAN_LSTM,GC=F,2026-06-08 09:00:00,0.02655926,0.024833169
CEEMDAN_LSTM,GC=F,2026-06-08 09:15:00,0.026559262,0.024913149
CEEMDAN_LSTM,GC=F,2026-06-08 09:30:00,0.026559262,0.025126709
CEEMDAN_LSTM,GC=F,2026-06-08 09:45:00,0.02655926,0.025127564
CEEMDAN_LSTM,GC=F,2026-06-08 10:00:00,0.02655926,0.024865141
CEEMDAN_LSTM,GC=F,2026-06-08 10:15:00,0.02655926,0.024858871
CEEMDAN_LSTM,GC=F,2026-06-08 10:30:00,0.02655926,0.024959821
CEEMDAN_LSTM,GC=F,2026-06-08 10:45:00,0.02655926,0.024913756
CEEMDAN_LSTM,GC=F,2026-06-08 11:00:00,0.02655926,0.025233796
CEEMDAN_LSTM,GC=F,2026-06-08 11:15:00,0.02655926,0.025289625
CEEMDAN_LSTM,GC=F,2026-06-08 11:30:00,0.02655926,0.02528588
CEEMDAN_LSTM,GC=F,2026-06-08 11:45:00,0.02655926,0.025164204
CEEMDAN_LSTM,GC=F,2026-06-08 12:00:00,0.02655926,0.025235444
CEEMDAN_LSTM,GC=F,2026-06-08 12:15:00,0.026559262,0.025305007
CEEMDAN_LSTM,GC=F,2026-06-08 12:30:00,0.02655926,0.025282653
CEEMDAN_LSTM,GC=F,2026-06-08 12:45:00,0.026559262,0.025274947
CEEMDAN_LSTM,GC=F,2026-06-08 13:00:00,0.026559262,0.02529842
CEEMDAN_LSTM,GC=F,2026-06-08 13:15:00,0.026559262,0.025344443
CEEMDAN_LSTM,GC=F,2026-06-08 13:30:00,0.026559262,0.025302595
CEEMDAN_LSTM,GC=F,2026-06-08 13:45:00,0.026559262,0.025373528
CEEMDAN_LSTM,GC=F,2026-06-08 14:00:00,0.026559262,0.025412763
CEEMDAN_LSTM,GC=F,2026-06-08 14:15:00,0.026559262,0.025405794
CEEMDAN_LSTM,GC=F,2026-06-08 14:30:00,0.026559262,0.025418688
CEEMDAN_LSTM,GC=F,2026-06-08 14:45:00,0.026559262,0.025471004
CEEMDAN_LSTM,GC=F,2026-06-08 15:00:00,0.02655926,0.025469007
CEEMDAN_LSTM,GC=F,2026-06-08 15:15:00,0.026559262,0.025498895
CEEMDAN_LSTM,GC=F,2026-06-08 15:30:00,0.026559258,0.025594058
CEEMDAN_LSTM,GC=F,2026-06-08 15:45:00,0.026559258,0.025599655
CEEMDAN_LSTM,GC=F,2026-06-08 16:00:00,0.026559262,0.025590785
CEEMDAN_LSTM,GC=F,2026-06-08 16:15:00,0.026559262,0.025587723
CEEMDAN_LSTM,GC=F,2026-06-08 16:30:00,0.026559262,0.02559058
CEEMDAN_LSTM,GC=F,2026-06-08 16:45:00,0.026559262,0.025599716
CEEMDAN_LSTM,GC=F,2026-06-08 17:00:00,0.02655926,0.025601722
CEEMDAN_LSTM,GC=F,2026-06-08 17:15:00,0.02655926,0.025592184
CEEMDAN_LSTM,GC=F,2026-06-08 17:30:00,0.026559262,0.025610108
CEEMDAN_LSTM,GC=F,2026-06-08 17:45:00,0.026559262,0.025639033
CEEMDAN_LSTM,GC=F,2026-06-08 18:00:00,0.02655926,0.025649939
CEEMDAN_LSTM,GC=F,2026-06-08 18:15:00,0.02655926,0.025646677
CEEMDAN_LSTM,GC=F,2026-06-08 18:30:00,0.02655926,0.025659503
CEEMDAN_LSTM,GC=F,2026-06-08 18:45:00,0.02655926,0.02565296
CEEMDAN_LSTM,GC=F,2026-06-08 19:00:00,0.02655926,0.025669903
CEEMDAN_LSTM,GC=F,2026-06-08 19:15:00,0.02655926,0.025664663
CEEMDAN_LSTM,GC=F,2026-06-08 19:30:00,0.02655926,0.025647055
CEEMDAN_LSTM,GC=F,2026-06-08 19:45:00,0.02655926,0.025642728
CEEMDAN_LSTM,GC=F,2026-06-08 20:00:00,0.02655926,0.025648067
CEEMDAN_LSTM,GC=F,2026-06-08 20:15:00,0.02655926,0.02537964
CEEMDAN_LSTM,GC=F,2026-06-08 20:30:00,0.02655926,0.025370866
CEEMDAN_LSTM,GC=F,2026-06-08 20:45:00,0.02655926,0.025000267
CEEMDAN_LSTM,GC=F,2026-06-08 21:00:00,0.02655926,0.02471593
CEEMDAN_LSTM,GC=F,2026-06-08 21:15:00,0.02655926,0.024688609
CEEMDAN_LSTM,GC=F,2026-06-08 21:30:00,0.02655926,0.02467069
CEEMDAN_LSTM,GC=F,2026-06-08 21:45:00,0.02655926,0.024664398
CEEMDAN_LSTM,GC=F,2026-06-08 22:00:00,0.02655926,0.024687108
CEEMDAN_LSTM,GC=F,2026-06-08 22:15:00,0.02655926,0.024682518
CEEMDAN_LSTM,GC=F,2026-06-08 22:30:00,0.02655926,0.024571428
CEEMDAN_LSTM,GC=F,2026-06-08 22:45:00,0.02655926,0.024242502
CEEMDAN_LSTM,GC=F,2026-06-08 23:00:00,0.02655926,0.024185222
CEEMDAN_LSTM,GC=F,2026-06-08 23:15:00,0.02655926,0.024230788
CEEMDAN_LSTM,GC=F,2026-06-08 23:30:00,0.02655926,0.024123605
CEEMDAN_LSTM,GC=F,2026-06-08 23:45:00,0.02655926,0.024044136
CEEMDAN_LSTM,GC=F,2026-06-09 00:00:00,0.02655926,0.024030142
CEEMDAN_LSTM,GC=F,2026-06-09 00:15:00,0.02655926,0.024058376
CEEMDAN_LSTM,GC=F,2026-06-09 00:30:00,0.02655926,0.024057135
CEEMDAN_LSTM,GC=F,2026-06-09 00:45:00,0.02655926,0.02403637
CEEMDAN_LSTM,GC=F,2026-06-09 01:00:00,0.02655926,0.024053277
CEEMDAN_LSTM,GC=F,2026-06-09 01:15:00,0.026559258,0.024189591
CEEMDAN_LSTM,GC=F,2026-06-09 01:30:00,0.026559258,0.024185386
CEEMDAN_LSTM,GC=F,2026-06-09 01:45:00,0.02655926,0.024180008
CEEMDAN_LSTM,GC=F,2026-06-09 02:00:00,0.02655926,0.024150033
CEEMDAN_LSTM,GC=F,2026-06-09 02:15:00,0.02655926,0.024162505
CEEMDAN_LSTM,GC=F,2026-06-09 02:30:00,0.02655926,0.024174701
CEEMDAN_LSTM,GC=F,2026-06-09 02:45:00,0.02655926,0.024175195
CEEMDAN_LSTM,GC=F,2026-06-09 03:00:00,0.02655926,0.024182552
CEEMDAN_LSTM,GC=F,2026-06-09 03:15:00,0.02655926,0.024184935
CEEMDAN_LSTM,GC=F,2026-06-09 03:30:00,0.02655926,0.024177708
CEEMDAN_LSTM,GC=F,2026-06-09 03:45:00,0.02655926,0.024160638
CEEMDAN_LSTM,GC=F,2026-06-09 04:00:00,0.02655926,0.024166021
CEEMDAN_LSTM,GC=F,2026-06-09 04:15:00,0.02655926,0.02416193
CEEMDAN_LSTM,GC=F,2026-06-09 04:30:00,0.02655926,0.024162933
CEEMDAN_LSTM,GC=F,2026-06-09 04:45:00,0.02655926,0.02416939
CEEMDAN_LSTM,GC=F,2026-06-09 05:00:00,0.02655926,0.024162116
CEEMDAN_LSTM,GC=F,2026-06-09 05:15:00,0.02655926,0.024165515
CEEMDAN_LSTM,GC=F,2026-06-09 05:30:00,0.02655926,0.024454739
CEEMDAN_LSTM,GC=F,2026-06-09 05:45:00,0.02655926,0.024474414
CEEMDAN_LSTM,GC=F,2026-06-09 06:00:00,0.02655926,0.024478259
CEEMDAN_LSTM,GC=F,2026-06-09 06:15:00,0.02655926,0.02447992
CEEMDAN_LSTM,GC=F,2026-06-09 06:30:00,0.02655926,0.024484111
CEEMDAN_LSTM,GC=F,2026-06-09 06:45:00,0.02655926,0.024521759
CEEMDAN_LSTM,GC=F,2026-06-09 07:00:00,0.02655926,0.02453349
CEEMDAN_LSTM,GC=F,2026-06-09 07:15:00,0.02655926,0.024544962
CEEMDAN_LSTM,GC=F,2026-06-09 07:30:00,0.02655926,0.024541475
CEEMDAN_LSTM,GC=F,2026-06-09 07:45:00,0.02655926,0.024517363
CEEMDAN_LSTM,GC=F,2026-06-09 08:00:00,0.02655926,0.02455312
CEEMDAN_LSTM,GC=F,2026-06-09 08:15:00,0.026559262,0.024557253
CEEMDAN_LSTM,GC=F,2026-06-09 08:30:00,0.02655926,0.024527078
CEEMDAN_LSTM,GC=F,2026-06-09 08:45:00,0.02655926,0.024588741
CEEMDAN_LSTM,GC=F,2026-06-09 09:00:00,0.02655926,0.024562517
CEEMDAN_LSTM,GC=F,2026-06-09 09:15:00,0.02655926,0.02455669
CEEMDAN_LSTM,GC=F,2026-06-09 09:30:00,0.02655926,0.024524136
CEEMDAN_LSTM,GC=F,2026-06-09 09:45:00,0.02655926,0.024543798
CEEMDAN_LSTM,GC=F,2026-06-09 10:00:00,0.026559262,0.024559597
CEEMDAN_LSTM,GC=F,2026-06-09 10:15:00,0.026559262,0.024560925
CEEMDAN_LSTM,GC=F,2026-06-09 10:30:00,0.026559262,0.024414374
CEEMDAN_LSTM,GC=F,2026-06-09 10:45:00,0.026559262,0.024477761
CEEMDAN_LSTM,GC=F,2026-06-09 11:00:00,0.026559262,0.024469802
CEEMDAN_LSTM,GC=F,2026-06-09 11:15:00,0.026559262,0.024465745
CEEMDAN_LSTM,GC=F,2026-06-09 11:30:00,0.026559262,0.024399927
CEEMDAN_LSTM,GC=F,2026-06-09 11:45:00,0.026559262,0.024399016
CEEMDAN_LSTM,GC=F,2026-06-09 12:00:00,0.026559262,0.02440177
CEEMDAN_LSTM,GC=F,2026-06-09 12:15:00,0.02655926,0.024416516
CEEMDAN_LSTM,GC=F,2026-06-09 12:30:00,0.026559262,0.024428222
CEEMDAN_LSTM,GC=F,2026-06-09 12:45:00,0.02655926,0.024425892
CEEMDAN_LSTM,GC=F,2026-06-09 13:00:00,0.02655926,0.02442579
CEEMDAN_LSTM,GC=F,2026-06-09 13:15:00,0.026559262,0.02452306
CEEMDAN_LSTM,GC=F,2026-06-09 13:30:00,0.026559262,0.024519214
CEEMDAN_LSTM,GC=F,2026-06-09 13:45:00,0.026559262,0.024502175
CEEMDAN_LSTM,GC=F,2026-06-09 14:00:00,0.02655926,0.02454692
CEEMDAN_LSTM,GC=F,2026-06-09 14:15:00,0.02655926,0.024540477
CEEMDAN_LSTM,GC=F,2026-06-09 14:30:00,0.02655926,0.02574916
CEEMDAN_LSTM,GC=F,2026-06-09 14:45:00,0.02655926,0.026038669
CEEMDAN_LSTM,GC=F,2026-06-09 15:00:00,0.026559262,0.026059914
CEEMDAN_LSTM,GC=F,2026-06-09 15:15:00,0.026559262,0.026290832
CEEMDAN_LSTM,GC=F,2026-06-09 15:30:00,0.02655926,0.026260592
CEEMDAN_LSTM,GC=F,2026-06-09 15:45:00,0.02655926,0.026270311
CEEMDAN_LSTM,GC=F,2026-06-09 16:00:00,0.026559262,0.026401935
CEEMDAN_LSTM,GC=F,2026-06-09 16:15:00,0.026559262,0.026340041
CEEMDAN_LSTM,GC=F,2026-06-09 16:30:00,0.026559262,0.026636975
CEEMDAN_LSTM,GC=F,2026-06-09 16:45:00,0.026559262,0.02670176
CEEMDAN_LSTM,GC=F,2026-06-09 17:00:00,0.026559262,0.02680966
CEEMDAN_LSTM,GC=F,2026-06-09 17:15:00,0.026559262,0.026771143
CEEMDAN_LSTM,GC=F,2026-06-09 17:30:00,0.026559262,0.026762702
CEEMDAN_LSTM,GC=F,2026-06-09 17:45:00,0.026559265,0.026761953
CEEMDAN_LSTM,GC=F,2026-06-09 18:00:00,0.026559263,0.026757909
CEEMDAN_LSTM,GC=F,2026-06-09 18:15:00,0.026559263,0.02679267
CEEMDAN_LSTM,GC=F,2026-06-09 18:30:00,0.026559263,0.02681103
CEEMDAN_LSTM,GC=F,2026-06-09 18:45:00,0.026559263,0.026853627
CEEMDAN_LSTM,GC=F,2026-06-09 19:00:00,0.026559262,0.026966838
CEEMDAN_LSTM,GC=F,2026-06-09 19:15:00,0.026559263,0.026963983
CEEMDAN_LSTM,GC=F,2026-06-09 19:30:00,0.026559262,0.02699734
CEEMDAN_LSTM,GC=F,2026-06-09 19:45:00,0.026559262,0.027062956
CEEMDAN_LSTM,GC=F,2026-06-09 20:00:00,0.026559263,0.02704246
CEEMDAN_LSTM,GC=F,2026-06-09 20:15:00,0.026559263,0.027012976
CEEMDAN_LSTM,GC=F,2026-06-09 20:30:00,0.026559263,0.027022598
CEEMDAN_LSTM,GC=F,2026-06-09 20:45:00,0.026559263,0.026988968
CEEMDAN_LSTM,GC=F,2026-06-09 21:00:00,0.026559265,0.026989657
CEEMDAN_LSTM,GC=F,2026-06-09 21:15:00,0.026559263,0.026972909
CEEMDAN_LSTM,GC=F,2026-06-09 21:30:00,0.026559262,0.02666702
CEEMDAN_LSTM,GC=F,2026-06-09 21:45:00,0.026559262,0.025142226
CEEMDAN_LSTM,GC=F,2026-06-09 22:00:00,0.026559262,0.02501051
CEEMDAN_LSTM,GC=F,2026-06-09 22:15:00,0.026559262,0.024847105
CEEMDAN_LSTM,GC=F,2026-06-09 22:30:00,0.026559262,0.024671154
CEEMDAN_LSTM,GC=F,2026-06-09 22:45:00,0.026559262,0.024224155
CEEMDAN_LSTM,GC=F,2026-06-09 23:00:00,0.02655926,0.024223663
CEEMDAN_LSTM,GC=F,2026-06-09 23:15:00,0.02655926,0.024343861
CEEMDAN_LSTM,GC=F,2026-06-09 23:30:00,0.02655926,0.024249755
CEEMDAN_LSTM,GC=F,2026-06-09 23:45:00,0.02655926,0.023802806
CEEMDAN_LSTM,GC=F,2026-06-10 00:00:00,0.026559262,0.023534874
CEEMDAN_LSTM,GC=F,2026-06-10 00:15:00,0.02655926,0.023595389
CEEMDAN_LSTM,GC=F,2026-06-10 00:30:00,0.026559262,0.023587106
CEEMDAN_LSTM,GC=F,2026-06-10 00:45:00,0.02655926,0.023821583
CEEMDAN_LSTM,GC=F,2026-06-10 01:00:00,0.02655926,0.024042219
CEEMDAN_LSTM,GC=F,2026-06-10 01:15:00,0.026559262,0.024033075
CEEMDAN_LSTM,GC=F,2026-06-10 01:30:00,0.02655926,0.024269072
CEEMDAN_LSTM,GC=F,2026-06-10 01:45:00,0.02655926,0.02394737
CEEMDAN_LSTM,GC=F,2026-06-10 02:00:00,0.02655926,0.023949359
CEEMDAN_LSTM,GC=F,2026-06-10 02:15:00,0.02655926,0.023969118
CEEMDAN_LSTM,GC=F,2026-06-10 02:30:00,0.02655926,0.023979882
CEEMDAN_LSTM,GC=F,2026-06-10 02:45:00,0.02655926,0.024093658
CEEMDAN_LSTM,GC=F,2026-06-10 03:00:00,0.02655926,0.023757948
CEEMDAN_LSTM,GC=F,2026-06-10 03:15:00,0.02655926,0.023745906
CEEMDAN_LSTM,GC=F,2026-06-10 03:30:00,0.02655926,0.023707401
CEEMDAN_LSTM,GC=F,2026-06-10 03:45:00,0.02655926,0.0237212
CEEMDAN_LSTM,GC=F,2026-06-10 04:00:00,0.02655926,0.023687169
CEEMDAN_LSTM,GC=F,2026-06-10 04:15:00,0.02655926,0.023633761
CEEMDAN_LSTM,GC=F,2026-06-10 04:30:00,0.02655926,0.023607776
CEEMDAN_LSTM,GC=F,2026-06-10 04:45:00,0.026559262,0.023612367
CEEMDAN_LSTM,GC=F,2026-06-10 05:00:00,0.026559263,0.023637189
CEEMDAN_LSTM,GC=F,2026-06-10 05:15:00,0.026559263,0.023661671
CEEMDAN_LSTM,GC=F,2026-06-10 05:30:00,0.026559263,0.02380814
CEEMDAN_LSTM,GC=F,2026-06-10 05:45:00,0.026559263,0.023580188
CEEMDAN_LSTM,GC=F,2026-06-10 06:00:00,0.026559262,0.023646962
CEEMDAN_LSTM,GC=F,2026-06-10 06:15:00,0.026559262,0.023646705
CEEMDAN_LSTM,GC=F,2026-06-10 06:30:00,0.02655926,0.023666108
CEEMDAN_LSTM,GC=F,2026-06-10 06:45:00,0.02655926,0.023677636
CEEMDAN_LSTM,GC=F,2026-06-10 07:00:00,0.02655926,0.023688324
CEEMDAN_LSTM,GC=F,2026-06-10 07:15:00,0.02655926,0.023715729
CEEMDAN_LSTM,GC=F,2026-06-10 07:30:00,0.026559262,0.023740666
CEEMDAN_LSTM,GC=F,2026-06-10 07:45:00,0.02655926,0.023748264
CEEMDAN_LSTM,GC=F,2026-06-10 08:00:00,0.02655926,0.02418543
CEEMDAN_LSTM,GC=F,2026-06-10 08:15:00,0.026559262,0.024220267
CEEMDAN_LSTM,GC=F,2026-06-10 08:30:00,0.02655926,0.024220362
CEEMDAN_LSTM,GC=F,2026-06-10 08:45:00,0.02655926,0.024220828
CEEMDAN_LSTM,GC=F,2026-06-10 09:00:00,0.02655926,0.024233235
CEEMDAN_LSTM,GC=F,2026-06-10 09:15:00,0.02655926,0.024237355
CEEMDAN_LSTM,GC=F,2026-06-10 09:30:00,0.02655926,0.024278883
CEEMDAN_LSTM,GC=F,2026-06-10 09:45:00,0.02655926,0.024283169
CEEMDAN_LSTM,GC=F,2026-06-10 10:00:00,0.02655926,0.024338854
CEEMDAN_LSTM,GC=F,2026-06-10 10:15:00,0.02655926,0.02436004
CEEMDAN_LSTM,GC=F,2026-06-10 10:30:00,0.02655926,0.024419878
CEEMDAN_LSTM,GC=F,2026-06-10 10:45:00,0.02655926,0.024438629
CEEMDAN_LSTM,GC=F,2026-06-10 11:00:00,0.02655926,0.02447385
CEEMDAN_LSTM,GC=F,2026-06-10 11:15:00,0.02655926,0.02447564
CEEMDAN_LSTM,GC=F,2026-06-10 11:30:00,0.02655926,0.024627032
CEEMDAN_LSTM,GC=F,2026-06-10 11:45:00,0.02655926,0.024670698
CEEMDAN_LSTM,GC=F,2026-06-10 12:00:00,0.02655926,0.02479979
CEEMDAN_LSTM,GC=F,2026-06-10 12:15:00,0.02655926,0.02485606
CEEMDAN_LSTM,GC=F,2026-06-10 12:30:00,0.02655926,0.025274972
CEEMDAN_LSTM,GC=F,2026-06-10 12:45:00,0.026559262,0.025471527
CEEMDAN_LSTM,GC=F,2026-06-10 13:00:00,0.02655926,0.025385868
CEEMDAN_LSTM,GC=F,2026-06-10 13:15:00,0.026559262,0.02521255
CEEMDAN_LSTM,GC=F,2026-06-10 13:30:00,0.026559262,0.026207335
CEEMDAN_LSTM,GC=F,2026-06-10 13:45:00,0.02655926,0.026140487
CEEMDAN_LSTM,GC=F,2026-06-10 14:00:00,0.026559262,0.025977891
CEEMDAN_LSTM,GC=F,2026-06-10 14:15:00,0.02655926,0.026138281
CEEMDAN_LSTM,GC=F,2026-06-10 14:30:00,0.026559262,0.026234819
CEEMDAN_LSTM,GC=F,2026-06-10 14:45:00,0.02655926,0.026884938
CEEMDAN_LSTM,GC=F,2026-06-10 15:00:00,0.02655926,0.026884902
CEEMDAN_LSTM,GC=F,2026-06-10 15:15:00,0.02655926,0.02682805
CEEMDAN_LSTM,GC=F,2026-06-10 15:30:00,0.026559258,0.026812091
CEEMDAN_LSTM,GC=F,2026-06-10 15:45:00,0.026559258,0.026805814
CEEMDAN_LSTM,GC=F,2026-06-10 16:00:00,0.02655926,0.026608184
CEEMDAN_LSTM,GC=F,2026-06-10 16:15:00,0.02655926,0.026466379
CEEMDAN_LSTM,GC=F,2026-06-10 16:30:00,0.02655926,0.02631488
CEEMDAN_LSTM,GC=F,2026-06-10 16:45:00,0.02655926,0.026314858
CEEMDAN_LSTM,GC=F,2026-06-10 17:00:00,0.02655926,0.026260905
CEEMDAN_LSTM,GC=F,2026-06-10 17:15:00,0.02655926,0.02629619
CEEMDAN_LSTM,GC=F,2026-06-10 17:30:00,0.02655926,0.02636556
CEEMDAN_LSTM,GC=F,2026-06-10 17:45:00,0.02655926,0.026474044
CEEMDAN_LSTM,GC=F,2026-06-10 18:00:00,0.02655926,0.026474753
CEEMDAN_LSTM,GC=F,2026-06-10 18:15:00,0.02655926,0.026468463
CEEMDAN_LSTM,GC=F,2026-06-10 18:30:00,0.02655926,0.026511412
CEEMDAN_LSTM,GC=F,2026-06-10 18:45:00,0.02655926,0.026473073
CEEMDAN_LSTM,GC=F,2026-06-10 19:00:00,0.02655926,0.026598869
CEEMDAN_LSTM,GC=F,2026-06-10 19:15:00,0.02655926,0.026612537
CEEMDAN_LSTM,GC=F,2026-06-10 19:30:00,0.02655926,0.026555683
CEEMDAN_LSTM,GC=F,2026-06-10 19:45:00,0.02655926,0.026587833
CEEMDAN_LSTM,GC=F,2026-06-10 20:00:00,0.02655926,0.026641397
CEEMDAN_LSTM,GC=F,2026-06-10 20:15:00,0.026559258,0.02662455
CEEMDAN_LSTM,GC=F,2026-06-10 20:30:00,0.02655926,0.026128305
CEEMDAN_LSTM,GC=F,2026-06-10 20:45:00,0.02655926,0.026095789
CEEMDAN_LSTM,GC=F,2026-06-10 21:00:00,0.02655926,0.025942428
CEEMDAN_LSTM,GC=F,2026-06-10 21:15:00,0.02655926,0.025933683
CEEMDAN_LSTM,GC=F,2026-06-10 21:30:00,0.02655926,0.025888866
CEEMDAN_LSTM,GC=F,2026-06-10 21:45:00,0.02655926,0.025880799
CEEMDAN_LSTM,GC=F,2026-06-10 22:00:00,0.026559258,0.026119113
CEEMDAN_LSTM,GC=F,2026-06-10 22:15:00,0.02655926,0.026203744
CEEMDAN_LSTM,GC=F,2026-06-10 22:30:00,0.02655926,0.0265975
CEEMDAN_LSTM,GC=F,2026-06-10 22:45:00,0.02655926,0.026846355
CEEMDAN_LSTM,GC=F,2026-06-10 23:00:00,0.026559262,0.027102862
CEEMDAN_LSTM,GC=F,2026-06-10 23:15:00,0.026559262,0.028216805
CEEMDAN_LSTM,GC=F,2026-06-10 23:30:00,0.02655926,0.028229643
CEEMDAN_LSTM,GC=F,2026-06-10 23:45:00,0.026559262,0.028288487
CEEMDAN_LSTM,GC=F,2026-06-11 00:00:00,0.026559262,0.028321236
CEEMDAN_LSTM,GC=F,2026-06-11 00:15:00,0.026559262,0.028517654
CEEMDAN_LSTM,GC=F,2026-06-11 00:30:00,0.026559262,0.028331095
CEEMDAN_LSTM,GC=F,2026-06-11 00:45:00,0.026559262,0.028516717
CEEMDAN_LSTM,GC=F,2026-06-11 01:00:00,0.026559262,0.028649082
CEEMDAN_LSTM,GC=F,2026-06-11 01:15:00,0.02655926,0.028969636
CEEMDAN_LSTM,GC=F,2026-06-11 01:30:00,0.026559262,0.02894588
CEEMDAN_LSTM,GC=F,2026-06-11 01:45:00,0.026559262,0.029063711
CEEMDAN_LSTM,GC=F,2026-06-11 02:00:00,0.026559262,0.028909605
CEEMDAN_LSTM,GC=F,2026-06-11 02:15:00,0.026559262,0.028893005
CEEMDAN_LSTM,GC=F,2026-06-11 02:30:00,0.026559262,0.029362705
CEEMDAN_LSTM,GC=F,2026-06-11 02:45:00,0.026559263,0.029397981
CEEMDAN_LSTM,GC=F,2026-06-11 03:00:00,0.026559262,0.02934139
CEEMDAN_LSTM,GC=F,2026-06-11 03:15:00,0.026559262,0.029272282
CEEMDAN_LSTM,GC=F,2026-06-11 03:30:00,0.026559262,0.029264148
CEEMDAN_LSTM,GC=F,2026-06-11 03:45:00,0.026559262,0.029317081
CEEMDAN_LSTM,GC=F,2026-06-11 04:00:00,0.026559262,0.029344123
CEEMDAN_LSTM,GC=F,2026-06-11 04:15:00,0.026559262,0.029301189
CEEMDAN_LSTM,GC=F,2026-06-11 04:30:00,0.026559262,0.029301198
CEEMDAN_LSTM,GC=F,2026-06-11 04:45:00,0.026559262,0.02924642
CEEMDAN_LSTM,GC=F,2026-06-11 05:00:00,0.026559262,0.029226553
CEEMDAN_LSTM,GC=F,2026-06-11 05:15:00,0.026559262,0.029225081
CEEMDAN_LSTM,GC=F,2026-06-11 05:30:00,0.026559262,0.029803123
CEEMDAN_LSTM,GC=F,2026-06-11 05:45:00,0.026559262,0.029748436
CEEMDAN_LSTM,GC=F,2026-06-11 06:00:00,0.026559262,0.029810045
CEEMDAN_LSTM,GC=F,2026-06-11 06:15:00,0.02655926,0.029787252
CEEMDAN_LSTM,GC=F,2026-06-11 06:30:00,0.026559262,0.029742606
CEEMDAN_LSTM,GC=F,2026-06-11 06:45:00,0.02655926,0.029743873
CEEMDAN_LSTM,GC=F,2026-06-11 07:00:00,0.02655926,0.029753221
CEEMDAN_LSTM,GC=F,2026-06-11 07:15:00,0.02655926,0.029883543
CEEMDAN_LSTM,GC=F,2026-06-11 07:30:00,0.02655926,0.029868254
CEEMDAN_LSTM,GC=F,2026-06-11 07:45:00,0.026559258,0.029865425
CEEMDAN_LSTM,GC=F,2026-06-11 08:00:00,0.026559258,0.02986833
CEEMDAN_LSTM,GC=F,2026-06-11 08:15:00,0.026559258,0.02992079
CEEMDAN_LSTM,GC=F,2026-06-11 08:30:00,0.026559258,0.029945042
CEEMDAN_LSTM,GC=F,2026-06-11 08:45:00,0.026559258,0.029939096
CEEMDAN_LSTM,GC=F,2026-06-11 09:00:00,0.026559258,0.029932175
CEEMDAN_LSTM,GC=F,2026-06-11 09:15:00,0.026559258,0.02996626
CEEMDAN_LSTM,GC=F,2026-06-11 09:30:00,0.026559258,0.030127544
CEEMDAN_LSTM,GC=F,2026-06-11 09:45:00,0.02655926,0.03012709
CEEMDAN_LSTM,GC=F,2026-06-11 10:00:00,0.02655926,0.030117432
CEEMDAN_LSTM,GC=F,2026-06-11 10:15:00,0.026559258,0.030128174
CEEMDAN_LSTM,GC=F,2026-06-11 10:30:00,0.026559258,0.030136598
CEEMDAN_LSTM,GC=F,2026-06-11 10:45:00,0.026559258,0.030132417
CEEMDAN_LSTM,GC=F,2026-06-11 11:00:00,0.026559258,0.030133517
CEEMDAN_LSTM,GC=F,2026-06-11 11:15:00,0.026559258,0.030159704
CEEMDAN_LSTM,GC=F,2026-06-11 11:30:00,0.026559258,0.030179368
CEEMDAN_LSTM,GC=F,2026-06-11 11:45:00,0.026559258,0.03017273
CEEMDAN_LSTM,GC=F,2026-06-11 12:00:00,0.026559258,0.030182624
CEEMDAN_LSTM,GC=F,2026-06-11 12:15:00,0.026559258,0.03021609
CEEMDAN_LSTM,GC=F,2026-06-11 12:30:00,0.026559258,0.030240009
CEEMDAN_LSTM,GC=F,2026-06-11 12:45:00,0.026559258,0.030337378
CEEMDAN_LSTM,GC=F,2026-06-11 13:00:00,0.026559258,0.03037583
CEEMDAN_LSTM,GC=F,2026-06-11 13:15:00,0.026559258,0.030385662
CEEMDAN_LSTM,GC=F,2026-06-11 13:30:00,0.026559258,0.030379778
CEEMDAN_LSTM,GC=F,2026-06-11 13:45:00,0.026559258,0.030437587
CEEMDAN_LSTM,GC=F,2026-06-11 14:00:00,0.026559258,0.030899754
CEEMDAN_LSTM,GC=F,2026-06-11 14:15:00,0.02655926,0.031076381
CEEMDAN_LSTM,GC=F,2026-06-11 14:30:00,0.026559258,0.031084172
CEEMDAN_LSTM,GC=F,2026-06-11 14:45:00,0.02655926,0.031085802
CEEMDAN_LSTM,GC=F,2026-06-11 15:00:00,0.02655926,0.031109883
CEEMDAN_LSTM,GC=F,2026-06-11 15:15:00,0.02655926,0.031097088
CEEMDAN_LSTM,GC=F,2026-06-11 15:30:00,0.026559262,0.031138042
CEEMDAN_LSTM,GC=F,2026-06-11 15:45:00,0.026559262,0.031135006
CEEMDAN_LSTM,GC=F,2026-06-11 16:00:00,0.02655926,0.03132306
CEEMDAN_LSTM,GC=F,2026-06-11 16:15:00,0.026559262,0.031659827
CEEMDAN_LSTM,GC=F,2026-06-11 16:30:00,0.02655926,0.031670038
CEEMDAN_LSTM,GC=F,2026-06-11 16:45:00,0.026559262,0.031668276
CEEMDAN_LSTM,GC=F,2026-06-11 17:00:00,0.026559262,0.031670965
CEEMDAN_LSTM,GC=F,2026-06-11 17:15:00,0.026559263,0.032294255
CEEMDAN_LSTM,GC=F,2026-06-11 17:30:00,0.026559263,0.035992343
CEEMDAN_LSTM,GC=F,2026-06-11 17:45:00,0.026559263,0.036152937
CEEMDAN_LSTM,GC=F,2026-06-11 18:00:00,0.026559265,0.03616509
CEEMDAN_LSTM,GC=F,2026-06-11 18:15:00,0.026559265,0.036202338
CEEMDAN_LSTM,GC=F,2026-06-11 18:30:00,0.026559265,0.03633342
CEEMDAN_LSTM,GC=F,2026-06-11 18:45:00,0.026559265,0.03633588
CEEMDAN_LSTM,GC=F,2026-06-11 19:00:00,0.026559265,0.03691471
CEEMDAN_LSTM,GC=F,2026-06-11 19:15:00,0.026559265,0.036956105
CEEMDAN_LSTM,GC=F,2026-06-11 19:30:00,0.026559265,0.037115477
CEEMDAN_LSTM,GC=F,2026-06-11 19:45:00,0.026559265,0.03710179
CEEMDAN_LSTM,GC=F,2026-06-11 20:00:00,0.026559263,0.037128776
CEEMDAN_LSTM,GC=F,2026-06-11 20:15:00,0.026559263,0.0371269
CEEMDAN_LSTM,GC=F,2026-06-11 20:30:00,0.026559265,0.03695037
CEEMDAN_LSTM,GC=F,2026-06-11 20:45:00,0.026559263,0.036949456
CEEMDAN_LSTM,GC=F,2026-06-11 21:00:00,0.026559263,0.03694695
CEEMDAN_LSTM,GC=F,2026-06-11 21:15:00,0.026559263,0.03694583
CEEMDAN_LSTM,GC=F,2026-06-11 21:30:00,0.026559263,0.036942966
CEEMDAN_LSTM,GC=F,2026-06-11 21:45:00,0.026559263,0.03691743
CEEMDAN_LSTM,GC=F,2026-06-11 22:00:00,0.026559263,0.036913812
CEEMDAN_LSTM,GC=F,2026-06-11 22:15:00,0.026559263,0.036917772
CEEMDAN_LSTM,GC=F,2026-06-11 22:30:00,0.026559262,0.037016742
CEEMDAN_LSTM,GC=F,2026-06-11 22:45:00,0.026559262,0.03725279
CEEMDAN_LSTM,GC=F,2026-06-11 23:00:00,0.026559262,0.037490793
CEEMDAN_LSTM,GC=F,2026-06-11 23:15:00,0.026559262,0.037525844
CEEMDAN_LSTM,GC=F,2026-06-11 23:30:00,0.026559265,0.037532482
CEEMDAN_LSTM,GC=F,2026-06-11 23:45:00,0.026559262,0.03749092
CEEMDAN_LSTM,GC=F,2026-06-12 00:00:00,0.026559262,0.037494518
CEEMDAN_LSTM,GC=F,2026-06-12 00:15:00,0.02655926,0.037509
CEEMDAN_LSTM,GC=F,2026-06-12 00:30:00,0.02655926,0.037697412
CEEMDAN_LSTM,GC=F,2026-06-12 00:45:00,0.026559262,0.037691902
CEEMDAN_LSTM,GC=F,2026-06-12 01:00:00,0.026559262,0.03798078
CEEMDAN_LSTM,GC=F,2026-06-12 01:15:00,0.026559262,0.037999444
CEEMDAN_LSTM,GC=F,2026-06-12 01:30:00,0.026559263,0.03799951
CEEMDAN_LSTM,GC=F,2026-06-12 01:45:00,0.026559262,0.0380002
CEEMDAN_LSTM,GC=F,2026-06-12 02:00:00,0.026559262,0.03805094
CEEMDAN_LSTM,GC=F,2026-06-12 02:15:00,0.026559263,0.038071662
CEEMDAN_LSTM,GC=F,2026-06-12 02:30:00,0.026559263,0.038070306
CEEMDAN_LSTM,GC=F,2026-06-12 02:45:00,0.026559265,0.038094137
CEEMDAN_LSTM,GC=F,2026-06-12 03:00:00,0.026559263,0.038098704
CEEMDAN_LSTM,GC=F,2026-06-12 03:15:00,0.026559263,0.038149532
CEEMDAN_LSTM,GC=F,2026-06-12 03:30:00,0.026559265,0.038136043
CEEMDAN_LSTM,GC=F,2026-06-12 03:45:00,0.026559265,0.038135465
CEEMDAN_LSTM,GC=F,2026-06-12 04:00:00,0.026559265,0.03814613
CEEMDAN_LSTM,GC=F,2026-06-12 04:15:00,0.026559263,0.03808623
CEEMDAN_LSTM,GC=F,2026-06-12 04:30:00,0.026559263,0.038087394
CEEMDAN_LSTM,GC=F,2026-06-12 04:45:00,0.026559263,0.03809261
CEEMDAN_LSTM,GC=F,2026-06-12 05:00:00,0.026559263,0.03805353
CEEMDAN_LSTM,GC=F,2026-06-12 05:15:00,0.026559263,0.03805199
CEEMDAN_LSTM,GC=F,2026-06-12 05:30:00,0.026559263,0.037274208
CEEMDAN_LSTM,GC=F,2026-06-12 05:45:00,0.026559263,0.03710202
CEEMDAN_LSTM,GC=F,2026-06-12 06:00:00,0.026559263,0.037171315
CEEMDAN_LSTM,GC=F,2026-06-12 06:15:00,0.026559263,0.036978304
CEEMDAN_LSTM,GC=F,2026-06-12 06:30:00,0.026559263,0.03699765
CEEMDAN_LSTM,GC=F,2026-06-12 06:45:00,0.026559263,0.037007183
CEEMDAN_LSTM,GC=F,2026-06-12 07:00:00,0.026559265,0.036901962
CEEMDAN_LSTM,GC=F,2026-06-12 07:15:00,0.026559265,0.036898702
CEEMDAN_LSTM,GC=F,2026-06-12 07:30:00,0.026559265,0.03672658
CEEMDAN_LSTM,GC=F,2026-06-12 07:45:00,0.026559263,0.03678181
CEEMDAN_LSTM,GC=F,2026-06-12 08:00:00,0.026559265,0.036786802
CEEMDAN_LSTM,GC=F,2026-06-12 08:15:00,0.026559265,0.036856964
CEEMDAN_LSTM,GC=F,2026-06-12 08:30:00,0.026559265,0.03687602
CEEMDAN_LSTM,GC=F,2026-06-12 08:45:00,0.026559263,0.036874704
CEEMDAN_LSTM,GC=F,2026-06-12 09:00:00,0.026559265,0.03688666
CEEMDAN_LSTM,GC=F,2026-06-12 09:15:00,0.026559265,0.03686991
CEEMDAN_LSTM,GC=F,2026-06-12 09:30:00,0.026559265,0.03685513
CEEMDAN_LSTM,GC=F,2026-06-12 09:45:00,0.026559263,0.03683821
CEEMDAN_LSTM,GC=F,2026-06-12 10:00:00,0.026559263,0.036745016
CEEMDAN_LSTM,GC=F,2026-06-12 10:15:00,0.026559263,0.036902152
CEEMDAN_LSTM,GC=F,2026-06-12 10:30:00,0.026559265,0.03693565
CEEMDAN_LSTM,GC=F,2026-06-12 10:45:00,0.026559263,0.036906373
CEEMDAN_LSTM,GC=F,2026-06-12 11:00:00,0.026559263,0.036915068
CEEMDAN_LSTM,GC=F,2026-06-12 11:15:00,0.026559265,0.036930427
CEEMDAN_LSTM,GC=F,2026-06-12 11:30:00,0.026559265,0.036967635
CEEMDAN_LSTM,GC=F,2026-06-12 11:45:00,0.026559263,0.036972996
CEEMDAN_LSTM,GC=F,2026-06-12 12:00:00,0.026559263,0.037016906
CEEMDAN_LSTM,GC=F,2026-06-12 12:15:00,0.026559263,0.037146557
CEEMDAN_LSTM,GC=F,2026-06-12 12:30:00,0.026559263,0.037160106
CEEMDAN_LSTM,GC=F,2026-06-12 12:45:00,0.026559265,0.037177682
CEEMDAN_LSTM,GC=F,2026-06-12 13:00:00,0.026559263,0.03719628
CEEMDAN_LSTM,GC=F,2026-06-12 13:15:00,0.026559263,0.037213966
CEEMDAN_LSTM,GC=F,2026-06-12 13:30:00,0.026559263,0.03728329
CEEMDAN_LSTM,GC=F,2026-06-12 13:45:00,0.026559263,0.037195086
CEEMDAN_LSTM,GC=F,2026-06-12 14:00:00,0.026559263,0.037237976
CEEMDAN_LSTM,GC=F,2026-06-12 14:15:00,0.026559263,0.03715692
CEEMDAN_LSTM,GC=F,2026-06-12 14:30:00,0.026559263,0.037144005
CEEMDAN_LSTM,GC=F,2026-06-12 14:45:00,0.026559265,0.03743603
CEEMDAN_LSTM,GC=F,2026-06-12 15:00:00,0.026559265,0.037499502
CEEMDAN_LSTM,GC=F,2026-06-12 15:15:00,0.026559265,0.037566572
CEEMDAN_LSTM,GC=F,2026-06-12 15:30:00,0.026559265,0.037616484
CEEMDAN_LSTM,GC=F,2026-06-12 15:45:00,0.026559265,0.037474994
CEEMDAN_LSTM,GC=F,2026-06-12 16:00:00,0.026559265,0.03739167
CEEMDAN_LSTM,GC=F,2026-06-12 16:15:00,0.026559265,0.037405226
CEEMDAN_LSTM,GC=F,2026-06-12 16:30:00,0.026559263,0.03724674
CEEMDAN_LSTM,GC=F,2026-06-12 16:45:00,0.026559265,0.03724925
CEEMDAN_LSTM,GC=F,2026-06-12 17:00:00,0.026559265,0.037230574
CEEMDAN_LSTM,GC=F,2026-06-12 17:15:00,0.026559265,0.037211865
CEEMDAN_LSTM,GC=F,2026-06-12 17:30:00,0.026559265,0.03720833
CEEMDAN_LSTM,GC=F,2026-06-12 17:45:00,0.026559265,0.03712217
CEEMDAN_LSTM,GC=F,2026-06-12 18:00:00,0.026559265,0.037136693
CEEMDAN_LSTM,GC=F,2026-06-12 18:15:00,0.026559265,0.037136383
CEEMDAN_LSTM,GC=F,2026-06-12 18:30:00,0.026559263,0.037137747
CEEMDAN_LSTM,GC=F,2026-06-12 18:45:00,0.026559263,0.03726721
CEEMDAN_LSTM,GC=F,2026-06-12 19:00:00,0.026559265,0.037261352
CEEMDAN_LSTM,GC=F,2026-06-12 19:15:00,0.026559267,0.037287056
CEEMDAN_LSTM,GC=F,2026-06-12 19:30:00,0.026559265,0.037294902
CEEMDAN_LSTM,GC=F,2026-06-12 19:45:00,0.026559265,0.037315004
CEEMDAN_LSTM,GC=F,2026-06-12 20:00:00,0.026559265,0.037302945
CEEMDAN_LSTM,GC=F,2026-06-12 20:15:00,0.026559265,0.037258662
CEEMDAN_LSTM,GC=F,2026-06-12 20:30:00,0.026559265,0.03717082
CEEMDAN_LSTM,GC=F,2026-06-12 20:45:00,0.026559265,0.037143365
CEEMDAN_LSTM,GC=F,2026-06-12 21:00:00,0.026559265,0.03710659
CEEMDAN_LSTM,GC=F,2026-06-12 21:15:00,0.026559265,0.03710652
CEEMDAN_LSTM,GC=F,2026-06-12 21:30:00,0.026559265,0.037090447
CEEMDAN_LSTM,GC=F,2026-06-12 21:45:00,0.026559265,0.037079927
CEEMDAN_LSTM,GC=F,2026-06-12 22:00:00,0.026559265,0.037069853
CEEMDAN_LSTM,GC=F,2026-06-12 22:15:00,0.026559267,0.037047163
CEEMDAN_LSTM,GC=F,2026-06-12 22:30:00,0.026559267,0.037025876
CEEMDAN_LSTM,GC=F,2026-06-12 22:45:00,0.026559265,0.03701756
CEEMDAN_LSTM,GC=F,2026-06-12 23:00:00,0.026559265,0.03670907
CEEMDAN_LSTM,GC=F,2026-06-12 23:15:00,0.026559265,0.036692444
CEEMDAN_LSTM,GC=F,2026-06-12 23:30:00,0.026559265,0.03669056
CEEMDAN_LSTM,GC=F,2026-06-12 23:45:00,0.026559265,0.036688138
CEEMDAN_LSTM,GC=F,2026-06-13 00:00:00,0.026559263,0.036674514
CEEMDAN_LSTM,GC=F,2026-06-13 00:15:00,0.026559263,0.036673576
CEEMDAN_LSTM,GC=F,2026-06-13 00:30:00,0.026559263,0.03665316
CEEMDAN_LSTM,GC=F,2026-06-13 00:45:00,0.026559263,0.036646765
CEEMDAN_LSTM,GC=F,2026-06-13 01:00:00,0.026559263,0.03659928
CEEMDAN_LSTM,GC=F,2026-06-13 01:15:00,0.026559263,0.036590252
CEEMDAN_LSTM,GC=F,2026-06-13 01:30:00,0.026559263,0.036559094
CEEMDAN_LSTM,GC=F,2026-06-13 01:45:00,0.026559263,0.036550928
CEEMDAN_LSTM,GC=F,2026-06-13 02:00:00,0.026559263,0.03651927
CEEMDAN_LSTM,GC=F,2026-06-13 02:15:00,0.026559265,0.036515225
CEEMDAN_LSTM,GC=F,2026-06-13 02:30:00,0.026559263,0.036395703
CEEMDAN_LSTM,GC=F,2026-06-13 02:45:00,0.026559263,0.03635523
CEEMDAN_LSTM,GC=F,2026-06-13 03:00:00,0.026559265,0.03624807
CEEMDAN_LSTM,GC=F,2026-06-13 03:15:00,0.026559263,0.03622025
CEEMDAN_LSTM,GC=F,2026-06-13 03:30:00,0.026559267,0.03595831
CEEMDAN_LSTM,GC=F,2026-06-13 03:45:00,0.026559265,0.035797577
CEEMDAN_LSTM,GC=F,2026-06-14 22:00:00,0.026559265,0.040392704
CEEMDAN_LSTM,GC=F,2026-06-14 22:15:00,0.026559263,0.040513158
CEEMDAN_LSTM,GC=F,2026-06-14 22:30:00,0.026559269,0.039857347
CEEMDAN_LSTM,GC=F,2026-06-14 22:45:00,0.026559267,0.039857347
CEEMDAN_LSTM,GC=F,2026-06-14 23:00:00,0.026559267,0.039838687
CEEMDAN_LSTM,GC=F,2026-06-14 23:15:00,0.026559267,0.039701473
CEEMDAN_LSTM,GC=F,2026-06-14 23:30:00,0.026559267,0.039606288
CEEMDAN_LSTM,GC=F,2026-06-14 23:45:00,0.026559267,0.039129626
CEEMDAN_LSTM,GC=F,2026-06-15 00:00:00,0.026559267,0.039144717
CEEMDAN_LSTM,GC=F,2026-06-15 00:15:00,0.026559267,0.03913563
CEEMDAN_LSTM,GC=F,2026-06-15 00:30:00,0.026559267,0.039143708
CEEMDAN_LSTM,GC=F,2026-06-15 00:45:00,0.026559267,0.039166775
CEEMDAN_LSTM,GC=F,2026-06-15 01:00:00,0.026559267,0.039177433
CEEMDAN_LSTM,GC=F,2026-06-15 01:15:00,0.026559267,0.03920283
CEEMDAN_LSTM,GC=F,2026-06-15 01:30:00,0.026559265,0.039300114
CEEMDAN_LSTM,GC=F,2026-06-15 01:45:00,0.026559267,0.039302934
CEEMDAN_LSTM,GC=F,2026-06-15 02:00:00,0.026559267,0.039342258
CEEMDAN_LSTM,GC=F,2026-06-15 02:15:00,0.026559267,0.03930314
CEEMDAN_LSTM,GC=F,2026-06-15 02:30:00,0.026559265,0.03923093
CEEMDAN_LSTM,GC=F,2026-06-15 02:45:00,0.026559267,0.039168246
CEEMDAN_LSTM,GC=F,2026-06-15 03:00:00,0.026559265,0.039177034
CEEMDAN_LSTM,GC=F,2026-06-15 03:15:00,0.026559265,0.039171718
CEEMDAN_LSTM,GC=F,2026-06-15 03:30:00,0.026559265,0.039116424
CEEMDAN_LSTM,GC=F,2026-06-15 03:45:00,0.026559267,0.039104175
CEEMDAN_LSTM,GC=F,2026-06-15 04:00:00,0.026559265,0.038972728
CEEMDAN_LSTM,GC=F,2026-06-15 04:15:00,0.026559265,0.03894877
CEEMDAN_LSTM,GC=F,2026-06-15 04:30:00,0.026559265,0.038919818
CEEMDAN_LSTM,GC=F,2026-06-15 04:45:00,0.026559265,0.038846202
CEEMDAN_LSTM,GC=F,2026-06-15 05:00:00,0.026559265,0.03873811
CEEMDAN_LSTM,GC=F,2026-06-15 05:15:00,0.026559269,0.038716972
CEEMDAN_LSTM,GC=F,2026-06-15 05:30:00,0.026559267,0.038904287
CEEMDAN_LSTM,GC=F,2026-06-15 05:45:00,0.026559267,0.038906872
CEEMDAN_LSTM,GC=F,2026-06-15 06:00:00,0.026559267,0.03891073
CEEMDAN_LSTM,GC=F,2026-06-15 06:15:00,0.026559267,0.03892833
CEEMDAN_LSTM,GC=F,2026-06-15 06:30:00,0.026559269,0.038928244
CEEMDAN_LSTM,GC=F,2026-06-15 06:45:00,0.026559265,0.03892803
CEEMDAN_LSTM,GC=F,2026-06-15 07:00:00,0.026559265,0.03870985
CEEMDAN_LSTM,GC=F,2026-06-15 07:15:00,0.026559265,0.038621813
CEEMDAN_LSTM,GC=F,2026-06-15 07:30:00,0.026559265,0.0383994
CEEMDAN_LSTM,GC=F,2026-06-15 07:45:00,0.026559267,0.03816979
CEEMDAN_LSTM,GC=F,2026-06-15 08:00:00,0.026559267,0.03794074
CEEMDAN_LSTM,GC=F,2026-06-15 08:15:00,0.026559267,0.03721514
CEEMDAN_LSTM,GC=F,2026-06-15 08:30:00,0.026559265,0.03727334
CEEMDAN_LSTM,GC=F,2026-06-15 08:45:00,0.026559265,0.037242956
CEEMDAN_LSTM,GC=F,2026-06-15 09:00:00,0.026559265,0.037246346
CEEMDAN_LSTM,GC=F,2026-06-15 09:15:00,0.026559265,0.03709552
CEEMDAN_LSTM,GC=F,2026-06-15 09:30:00,0.026559265,0.037088722
CEEMDAN_LSTM,GC=F,2026-06-15 09:45:00,0.026559267,0.036982372
CEEMDAN_LSTM,GC=F,2026-06-15 10:00:00,0.026559265,0.036909323
CEEMDAN_LSTM,GC=F,2026-06-15 10:15:00,0.026559265,0.03670497
CEEMDAN_LSTM,GC=F,2026-06-15 10:30:00,0.026559265,0.036650572
CEEMDAN_LSTM,GC=F,2026-06-15 10:45:00,0.026559265,0.036523443
CEEMDAN_LSTM,GC=F,2026-06-15 11:00:00,0.026559265,0.036379267
CEEMDAN_LSTM,GC=F,2026-06-15 11:15:00,0.026559265,0.036326576
CEEMDAN_LSTM,GC=F,2026-06-15 11:30:00,0.026559265,0.035879858
CEEMDAN_LSTM,GC=F,2026-06-15 11:45:00,0.026559265,0.03584314
CEEMDAN_LSTM,GC=F,2026-06-15 12:00:00,0.026559267,0.035851147
CEEMDAN_LSTM,GC=F,2026-06-15 12:15:00,0.026559265,0.03586169
CEEMDAN_LSTM,GC=F,2026-06-15 12:30:00,0.026559265,0.03588712
CEEMDAN_LSTM,GC=F,2026-06-15 12:45:00,0.026559265,0.035870202
CEEMDAN_LSTM,GC=F,2026-06-15 13:00:00,0.026559265,0.03582284
CEEMDAN_LSTM,GC=F,2026-06-15 13:15:00,0.026559265,0.03579617
CEEMDAN_LSTM,GC=F,2026-06-15 13:30:00,0.026559265,0.03584056
CEEMDAN_LSTM,GC=F,2026-06-15 13:45:00,0.026559265,0.035900615
CEEMDAN_LSTM,GC=F,2026-06-15 14:00:00,0.026559265,0.03586892
CEEMDAN_LSTM,GC=F,2026-06-15 14:15:00,0.026559265,0.035882283
CEEMDAN_LSTM,GC=F,2026-06-15 14:30:00,0.026559265,0.035514142
CEEMDAN_LSTM,GC=F,2026-06-15 14:45:00,0.026559265,0.035489194
CEEMDAN_LSTM,GC=F,2026-06-15 15:00:00,0.026559265,0.03541851
CEEMDAN_LSTM,GC=F,2026-06-15 15:15:00,0.026559265,0.035419967
CEEMDAN_LSTM,GC=F,2026-06-15 15:30:00,0.026559265,0.035403386
CEEMDAN_LSTM,GC=F,2026-06-15 15:45:00,0.026559263,0.035408903
CEEMDAN_LSTM,GC=F,2026-06-15 16:00:00,0.026559265,0.035429846
CEEMDAN_LSTM,GC=F,2026-06-15 16:15:00,0.026559265,0.035423554
CEEMDAN_LSTM,GC=F,2026-06-15 16:30:00,0.026559265,0.035465267
CEEMDAN_LSTM,GC=F,2026-06-15 16:45:00,0.026559265,0.035457753
CEEMDAN_LSTM,GC=F,2026-06-15 17:00:00,0.026559265,0.035485804
CEEMDAN_LSTM,GC=F,2026-06-15 17:15:00,0.026559265,0.035435155
CEEMDAN_LSTM,GC=F,2026-06-15 17:30:00,0.026559265,0.035441674
CEEMDAN_LSTM,GC=F,2026-06-15 17:45:00,0.026559265,0.035405092
CEEMDAN_LSTM,GC=F,2026-06-15 18:00:00,0.026559265,0.035406888
CEEMDAN_LSTM,GC=F,2026-06-15 18:15:00,0.026559263,0.035352584
CEEMDAN_LSTM,GC=F,2026-06-15 18:30:00,0.026559265,0.035239425
CEEMDAN_LSTM,GC=F,2026-06-15 18:45:00,0.026559265,0.03523851
CEEMDAN_LSTM,GC=F,2026-06-15 19:00:00,0.026559265,0.035250753
CEEMDAN_LSTM,GC=F,2026-06-15 19:15:00,0.026559265,0.035230614
CEEMDAN_LSTM,GC=F,2026-06-15 19:30:00,0.026559265,0.035234936
CEEMDAN_LSTM,GC=F,2026-06-15 19:45:00,0.026559263,0.035232715
CEEMDAN_LSTM,GC=F,2026-06-15 20:00:00,0.026559265,0.03523732
CEEMDAN_LSTM,GC=F,2026-06-15 20:15:00,0.026559265,0.035240874
CEEMDAN_LSTM,GC=F,2026-06-15 20:30:00,0.026559263,0.03521828
CEEMDAN_LSTM,GC=F,2026-06-15 20:45:00,0.026559263,0.035193723
CEEMDAN_LSTM,GC=F,2026-06-15 21:00:00,0.026559265,0.035171516
CEEMDAN_LSTM,GC=F,2026-06-15 21:15:00,0.026559265,0.035120163
CEEMDAN_LSTM,GC=F,2026-06-15 21:30:00,0.026559265,0.03511275
CEEMDAN_LSTM,GC=F,2026-06-15 21:45:00,0.026559265,0.03505751
CEEMDAN_LSTM,GC=F,2026-06-15 22:00:00,0.026559263,0.03498458
CEEMDAN_LSTM,GC=F,2026-06-15 22:15:00,0.026559265,0.03498474
CEEMDAN_LSTM,GC=F,2026-06-15 22:30:00,0.026559263,0.034988604
CEEMDAN_LSTM,GC=F,2026-06-15 22:45:00,0.026559263,0.034959175
CEEMDAN_LSTM,GC=F,2026-06-15 23:00:00,0.026559263,0.034475397
CEEMDAN_LSTM,GC=F,2026-06-15 23:15:00,0.026559263,0.03433434
CEEMDAN_LSTM,GC=F,2026-06-15 23:30:00,0.026559263,0.034335814
CEEMDAN_LSTM,GC=F,2026-06-15 23:45:00,0.026559263,0.03433016
CEEMDAN_LSTM,GC=F,2026-06-16 00:00:00,0.026559263,0.03430724
CEEMDAN_LSTM,GC=F,2026-06-16 00:15:00,0.026559263,0.034340035
CEEMDAN_LSTM,GC=F,2026-06-16 00:30:00,0.026559263,0.034317985
CEEMDAN_LSTM,GC=F,2026-06-16 00:45:00,0.026559263,0.034362625
CEEMDAN_LSTM,GC=F,2026-06-16 01:00:00,0.026559263,0.034214377
CEEMDAN_LSTM,GC=F,2026-06-16 01:15:00,0.026559265,0.033706356
CEEMDAN_LSTM,GC=F,2026-06-16 01:30:00,0.026559265,0.03372678
CEEMDAN_LSTM,GC=F,2026-06-16 01:45:00,0.026559263,0.033724397
CEEMDAN_LSTM,GC=F,2026-06-16 02:00:00,0.026559265,0.033720292
CEEMDAN_LSTM,GC=F,2026-06-16 02:15:00,0.026559265,0.033197656
CEEMDAN_LSTM,GC=F,2026-06-16 02:30:00,0.026559265,0.029330654
CEEMDAN_LSTM,GC=F,2026-06-16 02:45:00,0.026559265,0.029124396
CEEMDAN_LSTM,GC=F,2026-06-16 03:00:00,0.026559262,0.029084759
CEEMDAN_LSTM,GC=F,2026-06-16 03:15:00,0.02655926,0.029057313
CEEMDAN_LSTM,GC=F,2026-06-16 03:30:00,0.02655926,0.029015072
CEEMDAN_LSTM,GC=F,2026-06-16 03:45:00,0.026559262,0.029006952
CEEMDAN_LSTM,GC=F,2026-06-16 04:00:00,0.02655926,0.028344179
CEEMDAN_LSTM,GC=F,2026-06-16 04:15:00,0.026559262,0.028322756
CEEMDAN_LSTM,GC=F,2026-06-16 04:30:00,0.026559262,0.02813818
CEEMDAN_LSTM,GC=F,2026-06-16 04:45:00,0.026559262,0.028137594
CEEMDAN_LSTM,GC=F,2026-06-16 05:00:00,0.026559262,0.028123334
CEEMDAN_LSTM,GC=F,2026-06-16 05:15:00,0.02655926,0.028123837
CEEMDAN_LSTM,GC=F,2026-06-16 05:30:00,0.026559262,0.028186152
CEEMDAN_LSTM,GC=F,2026-06-16 05:45:00,0.026559262,0.028181924
CEEMDAN_LSTM,GC=F,2026-06-16 06:00:00,0.026559262,0.028186701
CEEMDAN_LSTM,GC=F,2026-06-16 06:15:00,0.02655926,0.028192526
CEEMDAN_LSTM,GC=F,2026-06-16 06:30:00,0.026559262,0.028192844
CEEMDAN_LSTM,GC=F,2026-06-16 06:45:00,0.02655926,0.02823984
CEEMDAN_LSTM,GC=F,2026-06-16 07:00:00,0.02655926,0.028229663
CEEMDAN_LSTM,GC=F,2026-06-16 07:15:00,0.02655926,0.02821743
CEEMDAN_LSTM,GC=F,2026-06-16 07:30:00,0.02655926,0.028106395
CEEMDAN_LSTM,GC=F,2026-06-16 07:45:00,0.02655926,0.027873415
CEEMDAN_LSTM,GC=F,2026-06-16 08:00:00,0.026559262,0.027492356
CEEMDAN_LSTM,GC=F,2026-06-16 08:15:00,0.026559262,0.027432732
CEEMDAN_LSTM,GC=F,2026-06-16 08:30:00,0.02655926,0.027430743
CEEMDAN_LSTM,GC=F,2026-06-16 08:45:00,0.02655926,0.027437212
CEEMDAN_LSTM,GC=F,2026-06-16 09:00:00,0.02655926,0.02742392
CEEMDAN_LSTM,GC=F,2026-06-16 09:15:00,0.026559262,0.02745905
CEEMDAN_LSTM,GC=F,2026-06-16 09:30:00,0.026559262,0.027166728
CEEMDAN_LSTM,GC=F,2026-06-16 09:45:00,0.026559262,0.02716218
CEEMDAN_LSTM,GC=F,2026-06-16 10:00:00,0.026559262,0.026690451
CEEMDAN_LSTM,GC=F,2026-06-16 10:15:00,0.026559262,0.026650665
CEEMDAN_LSTM,GC=F,2026-06-16 10:30:00,0.026559262,0.026648458
CEEMDAN_LSTM,GC=F,2026-06-16 10:45:00,0.026559262,0.026606288
CEEMDAN_LSTM,GC=F,2026-06-16 11:00:00,0.026559262,0.026613276
CEEMDAN_LSTM,GC=F,2026-06-16 11:15:00,0.026559262,0.026567185
CEEMDAN_LSTM,GC=F,2026-06-16 11:30:00,0.02655926,0.026579686
CEEMDAN_LSTM,GC=F,2026-06-16 11:45:00,0.026559262,0.026558382
CEEMDAN_LSTM,GC=F,2026-06-16 12:00:00,0.026559262,0.026565941
CEEMDAN_LSTM,GC=F,2026-06-16 12:15:00,0.026559262,0.026490482
CEEMDAN_LSTM,GC=F,2026-06-16 12:30:00,0.026559262,0.026500857
CEEMDAN_LSTM,GC=F,2026-06-16 12:45:00,0.026559262,0.026519256
CEEMDAN_LSTM,GC=F,2026-06-16 13:00:00,0.026559262,0.026631035
CEEMDAN_LSTM,GC=F,2026-06-16 13:15:00,0.026559262,0.026705842
CEEMDAN_LSTM,GC=F,2026-06-16 13:30:00,0.026559262,0.026715493
CEEMDAN_LSTM,GC=F,2026-06-16 13:45:00,0.026559262,0.02675961
CEEMDAN_LSTM,GC=F,2026-06-16 14:00:00,0.026559262,0.026766509
CEEMDAN_LSTM,GC=F,2026-06-16 14:15:00,0.026559262,0.027036374
CEEMDAN_LSTM,GC=F,2026-06-16 14:30:00,0.026559262,0.026991254
CEEMDAN_LSTM,GC=F,2026-06-16 14:45:00,0.026559262,0.026930723
CEEMDAN_LSTM,GC=F,2026-06-16 15:00:00,0.026559263,0.026832597
CEEMDAN_LSTM,GC=F,2026-06-16 15:15:00,0.026559263,0.026830789
CEEMDAN_LSTM,GC=F,2026-06-16 15:30:00,0.026559263,0.026789114
CEEMDAN_LSTM,GC=F,2026-06-16 15:45:00,0.026559263,0.026801355
CEEMDAN_LSTM,GC=F,2026-06-16 16:00:00,0.02655926,0.026860356
CEEMDAN_LSTM,GC=F,2026-06-16 16:15:00,0.02655926,0.026839143
CEEMDAN_LSTM,GC=F,2026-06-16 16:30:00,0.026559263,0.026766898
CEEMDAN_LSTM,GC=F,2026-06-16 16:45:00,0.026559263,0.026668936
CEEMDAN_LSTM,GC=F,2026-06-16 17:00:00,0.026559263,0.026613202
CEEMDAN_LSTM,GC=F,2026-06-16 17:15:00,0.026559263,0.02652696
CEEMDAN_LSTM,GC=F,2026-06-16 17:30:00,0.026559263,0.026514012
CEEMDAN_LSTM,GC=F,2026-06-16 17:45:00,0.026559263,0.026514344
CEEMDAN_LSTM,GC=F,2026-06-16 18:00:00,0.026559262,0.026497837
CEEMDAN_LSTM,GC=F,2026-06-16 18:15:00,0.026559262,0.026483407
CEEMDAN_LSTM,GC=F,2026-06-16 18:30:00,0.026559262,0.026480604
CEEMDAN_LSTM,GC=F,2026-06-16 18:45:00,0.026559262,0.026463581
CEEMDAN_LSTM,GC=F,2026-06-16 19:00:00,0.026559262,0.026462179
CEEMDAN_LSTM,GC=F,2026-06-16 19:15:00,0.026559263,0.026219565
CEEMDAN_LSTM,GC=F,2026-06-16 19:30:00,0.026559262,0.02614462
CEEMDAN_LSTM,GC=F,2026-06-16 19:45:00,0.026559262,0.026137834
CEEMDAN_LSTM,GC=F,2026-06-16 20:00:00,0.026559262,0.026131628
CEEMDAN_LSTM,GC=F,2026-06-16 20:15:00,0.026559262,0.026103133
CEEMDAN_LSTM,GC=F,2026-06-16 20:30:00,0.026559262,0.026054807
CEEMDAN_LSTM,GC=F,2026-06-16 20:45:00,0.026559262,0.026049865
CEEMDAN_LSTM,GC=F,2026-06-16 21:00:00,0.026559263,0.02599845
CEEMDAN_LSTM,GC=F,2026-06-16 21:15:00,0.026559263,0.025792167
CEEMDAN_LSTM,GC=F,2026-06-16 21:30:00,0.026559263,0.02576492
CEEMDAN_LSTM,GC=F,2026-06-16 21:45:00,0.026559263,0.02573036
CEEMDAN_LSTM,GC=F,2026-06-16 22:00:00,0.026559263,0.025690012
CEEMDAN_LSTM,GC=F,2026-06-16 22:15:00,0.026559265,0.025677374
CEEMDAN_LSTM,GC=F,2026-06-16 22:30:00,0.026559265,0.02549287
CEEMDAN_LSTM,GC=F,2026-06-16 22:45:00,0.026559263,0.025466686
CEEMDAN_LSTM,GC=F,2026-06-16 23:00:00,0.026559263,0.025415003
CEEMDAN_LSTM,GC=F,2026-06-16 23:15:00,0.026559263,0.025376845
CEEMDAN_LSTM,GC=F,2026-06-16 23:30:00,0.026559263,0.02536359
CEEMDAN_LSTM,GC=F,2026-06-16 23:45:00,0.026559265,0.02495998
CEEMDAN_LSTM,GC=F,2026-06-17 00:00:00,0.026559265,0.024902789
CEEMDAN_LSTM,GC=F,2026-06-17 00:15:00,0.026559263,0.024749018
CEEMDAN_LSTM,GC=F,2026-06-17 00:30:00,0.026559265,0.024475534
CEEMDAN_LSTM,GC=F,2026-06-17 00:45:00,0.026559263,0.02447755
CEEMDAN_LSTM,GC=F,2026-06-17 01:00:00,0.026559263,0.024490464
CEEMDAN_LSTM,GC=F,2026-06-17 01:15:00,0.026559263,0.024482736
CEEMDAN_LSTM,GC=F,2026-06-17 01:30:00,0.026559263,0.0244845
CEEMDAN_LSTM,GC=F,2026-06-17 01:45:00,0.026559263,0.02448084
CEEMDAN_LSTM,GC=F,2026-06-17 02:00:00,0.026559263,0.024479771
CEEMDAN_LSTM,GC=F,2026-06-17 02:15:00,0.026559263,0.024487508
CEEMDAN_LSTM,GC=F,2026-06-17 02:30:00,0.026559263,0.024482759
CEEMDAN_LSTM,GC=F,2026-06-17 02:45:00,0.026559263,0.024551054
CEEMDAN_LSTM,GC=F,2026-06-17 03:00:00,0.026559263,0.024516523
CEEMDAN_LSTM,GC=F,2026-06-17 03:15:00,0.026559263,0.024515668
CEEMDAN_LSTM,GC=F,2026-06-17 03:30:00,0.026559263,0.02451094
CEEMDAN_LSTM,GC=F,2026-06-17 03:45:00,0.026559263,0.024284476
CEEMDAN_LSTM,GC=F,2026-06-17 04:00:00,0.026559263,0.0242814
CEEMDAN_LSTM,GC=F,2026-06-17 04:15:00,0.026559263,0.024227597
CEEMDAN_LSTM,GC=F,2026-06-17 04:30:00,0.026559263,0.024214188
CEEMDAN_LSTM,GC=F,2026-06-17 04:45:00,0.026559263,0.024195448
CEEMDAN_LSTM,GC=F,2026-06-17 05:00:00,0.026559263,0.024212558
CEEMDAN_LSTM,GC=F,2026-06-17 05:15:00,0.026559263,0.024227066
CEEMDAN_LSTM,GC=F,2026-06-17 05:30:00,0.026559263,0.02423147
CEEMDAN_LSTM,GC=F,2026-06-17 05:45:00,0.026559263,0.024232125
CEEMDAN_LSTM,GC=F,2026-06-17 06:00:00,0.026559263,0.024237556
CEEMDAN_LSTM,GC=F,2026-06-17 06:15:00,0.026559263,0.024270855
CEEMDAN_LSTM,GC=F,2026-06-17 06:30:00,0.026559263,0.024281694
CEEMDAN_LSTM,GC=F,2026-06-17 06:45:00,0.026559263,0.024294563
CEEMDAN_LSTM,GC=F,2026-06-17 07:00:00,0.026559263,0.02431889
CEEMDAN_LSTM,GC=F,2026-06-17 07:15:00,0.026559265,0.024319706
CEEMDAN_LSTM,GC=F,2026-06-17 07:30:00,0.026559263,0.024319815
CEEMDAN_LSTM,GC=F,2026-06-17 07:45:00,0.026559265,0.024336474
CEEMDAN_LSTM,GC=F,2026-06-17 08:00:00,0.026559265,0.02434558
CEEMDAN_LSTM,GC=F,2026-06-17 08:15:00,0.026559265,0.024345772
CEEMDAN_LSTM,GC=F,2026-06-17 08:30:00,0.026559265,0.02436684
CEEMDAN_LSTM,GC=F,2026-06-17 08:45:00,0.026559265,0.024389664
CEEMDAN_LSTM,GC=F,2026-06-17 09:00:00,0.026559263,0.024389477
CEEMDAN_LSTM,GC=F,2026-06-17 09:15:00,0.026559263,0.024426661
CEEMDAN_LSTM,GC=F,2026-06-17 09:30:00,0.026559263,0.024439309
CEEMDAN_LSTM,GC=F,2026-06-17 09:45:00,0.026559265,0.024439912
CEEMDAN_LSTM,GC=F,2026-06-17 10:00:00,0.026559265,0.02444004
CEEMDAN_LSTM,GC=F,2026-06-17 10:15:00,0.026559265,0.0244448
CEEMDAN_LSTM,GC=F,2026-06-17 10:30:00,0.026559265,0.024447577
CEEMDAN_LSTM,GC=F,2026-06-17 10:45:00,0.026559265,0.024447367
CEEMDAN_LSTM,GC=F,2026-06-17 11:00:00,0.026559265,0.024456546
CEEMDAN_LSTM,GC=F,2026-06-17 11:15:00,0.026559267,0.024457503
CEEMDAN_LSTM,GC=F,2026-06-17 11:30:00,0.026559267,0.024468627
CEEMDAN_LSTM,GC=F,2026-06-17 11:45:00,0.026559267,0.024478337
CEEMDAN_LSTM,GC=F,2026-06-17 12:00:00,0.026559265,0.024478337
CEEMDAN_LSTM,GC=F,2026-06-17 12:15:00,0.026559265,0.024478821
CEEMDAN_LSTM,GC=F,2026-06-17 12:30:00,0.026559265,0.024529668
CEEMDAN_LSTM,GC=F,2026-06-17 12:45:00,0.026559267,0.024532752
CEEMDAN_LSTM,GC=F,2026-06-17 13:00:00,0.026559267,0.015808282
CEEMDAN_LSTM,GC=F,2026-06-17 13:15:00,0.026559267,0.015528465
CEEMDAN_LSTM,GC=F,2026-06-17 13:30:00,0.026559263,0.015576941
CEEMDAN_LSTM,GC=F,2026-06-17 13:45:00,0.026559262,0.015581132
CEEMDAN_LSTM,GC=F,2026-06-17 14:00:00,0.026559263,0.015579565
CEEMDAN_LSTM,GC=F,2026-06-17 14:15:00,0.026559262,0.01609196
CEEMDAN_LSTM,GC=F,2026-06-17 14:30:00,0.026559262,0.01620313
CEEMDAN_LSTM,GC=F,2026-06-17 14:45:00,0.026559262,0.016196692
CEEMDAN_LSTM,GC=F,2026-06-17 15:00:00,0.02655926,0.016169207
CEEMDAN_LSTM,GC=F,2026-06-17 15:15:00,0.02655926,0.016248727
CEEMDAN_LSTM,GC=F,2026-06-17 15:30:00,0.02655926,0.016244106
CEEMDAN_LSTM,GC=F,2026-06-17 15:45:00,0.02655926,0.016238878
CEEMDAN_LSTM,GC=F,2026-06-17 16:00:00,0.02655926,0.016211148
CEEMDAN_LSTM,GC=F,2026-06-17 16:15:00,0.02655926,0.01614224
CEEMDAN_LSTM,GC=F,2026-06-17 16:30:00,0.026559258,0.015905434
CEEMDAN_LSTM,GC=F,2026-06-17 16:45:00,0.02655926,0.015904628
CEEMDAN_LSTM,GC=F,2026-06-17 17:00:00,0.02655926,0.015738588
CEEMDAN_LSTM,GC=F,2026-06-17 17:15:00,0.02655926,0.015740424
CEEMDAN_LSTM,GC=F,2026-06-17 17:30:00,0.026559258,0.016095523
CEEMDAN_LSTM,GC=F,2026-06-17 17:45:00,0.026559258,0.016123032
CEEMDAN_LSTM,GC=F,2026-06-17 18:00:00,0.026559252,0.027888207
CEEMDAN_LSTM,GC=F,2026-06-17 18:15:00,0.026559252,0.027972365
CEEMDAN_LSTM,GC=F,2026-06-17 18:30:00,0.026559258,0.028853672
CEEMDAN_LSTM,GC=F,2026-06-17 18:45:00,0.02655926,0.03017193
CEEMDAN_LSTM,GC=F,2026-06-17 19:00:00,0.02655926,0.030604357
CEEMDAN_LSTM,GC=F,2026-06-17 19:15:00,0.026559262,0.031815205
CEEMDAN_LSTM,GC=F,2026-06-17 19:30:00,0.026559265,0.03182743
CEEMDAN_LSTM,GC=F,2026-06-17 19:45:00,0.026559265,0.031852487
CEEMDAN_LSTM,GC=F,2026-06-17 20:00:00,0.026559267,0.03226796
CEEMDAN_LSTM,GC=F,2026-06-17 20:15:00,0.026559265,0.03226971
CEEMDAN_LSTM,GC=F,2026-06-17 20:30:00,0.026559267,0.032044034
CEEMDAN_LSTM,GC=F,2026-06-17 20:45:00,0.026559269,0.03204731
CEEMDAN_LSTM,GC=F,2026-06-17 21:00:00,0.026559267,0.032045774
CEEMDAN_LSTM,GC=F,2026-06-17 21:15:00,0.026559265,0.03203251
CEEMDAN_LSTM,GC=F,2026-06-17 21:30:00,0.026559267,0.032029167
CEEMDAN_LSTM,GC=F,2026-06-17 21:45:00,0.026559267,0.032026134
CEEMDAN_LSTM,GC=F,2026-06-17 22:00:00,0.026559267,0.032065533
CEEMDAN_LSTM,GC=F,2026-06-17 22:15:00,0.026559269,0.032056965
CEEMDAN_LSTM,GC=F,2026-06-17 22:30:00,0.026559269,0.032065026
CEEMDAN_LSTM,GC=F,2026-06-17 22:45:00,0.026559269,0.03203572
CEEMDAN_LSTM,GC=F,2026-06-17 23:00:00,0.026559269,0.03222365
CEEMDAN_LSTM,GC=F,2026-06-17 23:15:00,0.026559269,0.032227714
CEEMDAN_LSTM,GC=F,2026-06-17 23:30:00,0.026559269,0.03209559
CEEMDAN_LSTM,GC=F,2026-06-17 23:45:00,0.026559269,0.032065988
CEEMDAN_LSTM,GC=F,2026-06-18 00:00:00,0.026559269,0.032375436
CEEMDAN_LSTM,GC=F,2026-06-18 00:15:00,0.026559269,0.032381933
CEEMDAN_LSTM,GC=F,2026-06-18 00:30:00,0.026559269,0.032464452
CEEMDAN_LSTM,GC=F,2026-06-18 00:45:00,0.026559267,0.032466345
CEEMDAN_LSTM,GC=F,2026-06-18 01:00:00,0.026559269,0.0326489
CEEMDAN_LSTM,GC=F,2026-06-18 01:15:00,0.026559269,0.03265932
CEEMDAN_LSTM,GC=F,2026-06-18 01:30:00,0.026559269,0.0326686
CEEMDAN_LSTM,GC=F,2026-06-18 01:45:00,0.026559269,0.03268675
CEEMDAN_LSTM,GC=F,2026-06-18 02:00:00,0.026559267,0.0327627
CEEMDAN_LSTM,GC=F,2026-06-18 02:15:00,0.026559267,0.032762595
CEEMDAN_LSTM,GC=F,2026-06-18 02:30:00,0.026559267,0.032809004
CEEMDAN_LSTM,GC=F,2026-06-18 02:45:00,0.026559273,0.032825913
CEEMDAN_LSTM,GC=F,2026-06-18 03:00:00,0.026559273,0.032811124
CEEMDAN_LSTM,GC=F,2026-06-18 03:15:00,0.026559269,0.032788973
CEEMDAN_LSTM,GC=F,2026-06-18 03:30:00,0.026559269,0.032750964
CEEMDAN_LSTM,GC=F,2026-06-18 03:45:00,0.026559269,0.032737732
CEEMDAN_LSTM,GC=F,2026-06-18 04:00:00,0.026559269,0.03273871
CEEMDAN_LSTM,GC=F,2026-06-18 04:15:00,0.026559269,0.03274094
CEEMDAN_LSTM,GC=F,2026-06-18 04:30:00,0.026559269,0.032669526
CEEMDAN_LSTM,GC=F,2026-06-18 04:45:00,0.026559269,0.03265211
CEEMDAN_LSTM,GC=F,2026-06-18 05:00:00,0.026559269,0.032647625
CEEMDAN_LSTM,GC=F,2026-06-18 05:15:00,0.026559267,0.03266253
CEEMDAN_LSTM,GC=F,2026-06-18 05:30:00,0.026559267,0.032757733
CEEMDAN_LSTM,GC=F,2026-06-18 05:45:00,0.026559269,0.032762047
CEEMDAN_LSTM,GC=F,2026-06-18 06:00:00,0.026559267,0.03279656
CEEMDAN_LSTM,GC=F,2026-06-18 06:15:00,0.026559267,0.03282038
CEEMDAN_LSTM,GC=F,2026-06-18 06:30:00,0.026559269,0.03281744
CEEMDAN_LSTM,GC=F,2026-06-18 06:45:00,0.026559269,0.032835823
CEEMDAN_LSTM,GC=F,2026-06-18 07:00:00,0.026559269,0.03282203
CEEMDAN_LSTM,GC=F,2026-06-18 07:15:00,0.026559269,0.032762725
CEEMDAN_LSTM,GC=F,2026-06-18 07:30:00,0.026559269,0.032813754
CEEMDAN_LSTM,GC=F,2026-06-18 07:45:00,0.026559267,0.03286899
CEEMDAN_LSTM,GC=F,2026-06-18 08:00:00,0.026559267,0.03285077
CEEMDAN_LSTM,GC=F,2026-06-18 08:15:00,0.026559267,0.032842617
CEEMDAN_LSTM,GC=F,2026-06-18 08:30:00,0.026559267,0.032802936
CEEMDAN_LSTM,GC=F,2026-06-18 08:45:00,0.026559267,0.032972928
CEEMDAN_LSTM,GC=F,2026-06-18 09:00:00,0.026559267,0.032973107
CEEMDAN_LSTM,GC=F,2026-06-18 09:15:00,0.026559269,0.032971766
CEEMDAN_LSTM,GC=F,2026-06-18 09:30:00,0.026559269,0.032977078
CEEMDAN_LSTM,GC=F,2026-06-18 09:45:00,0.026559269,0.032975204
CEEMDAN_LSTM,GC=F,2026-06-18 10:00:00,0.026559269,0.032968674
CEEMDAN_LSTM,GC=F,2026-06-18 10:15:00,0.026559269,0.03296961
CEEMDAN_LSTM,GC=F,2026-06-18 10:30:00,0.026559269,0.03299101
CEEMDAN_LSTM,GC=F,2026-06-18 10:45:00,0.026559269,0.03305093
CEEMDAN_LSTM,GC=F,2026-06-18 11:00:00,0.026559273,0.033083733
CEEMDAN_LSTM,GC=F,2026-06-18 11:15:00,0.026559273,0.033080366
CEEMDAN_LSTM,GC=F,2026-06-18 11:30:00,0.026559273,0.033096306
CEEMDAN_LSTM,GC=F,2026-06-18 11:45:00,0.026559273,0.03309869
CEEMDAN_LSTM,GC=F,2026-06-18 12:00:00,0.026559273,0.033283763
CEEMDAN_LSTM,GC=F,2026-06-18 12:15:00,0.026559273,0.033284843
CEEMDAN_LSTM,GC=F,2026-06-18 12:30:00,0.026559273,0.03340104
CEEMDAN_LSTM,GC=F,2026-06-18 12:45:00,0.026559273,0.033411536
CEEMDAN_LSTM,GC=F,2026-06-18 13:00:00,0.026559273,0.03355736
CEEMDAN_LSTM,GC=F,2026-06-18 13:15:00,0.026559273,0.03357101
CEEMDAN_LSTM,GC=F,2026-06-18 13:30:00,0.026559273,0.033564135
CEEMDAN_LSTM,GC=F,2026-06-18 13:45:00,0.026559273,0.033614863
CEEMDAN_LSTM,GC=F,2026-06-18 14:00:00,0.026559269,0.033797465
CEEMDAN_LSTM,GC=F,2026-06-18 14:15:00,0.026559273,0.033804554
CEEMDAN_LSTM,GC=F,2026-06-18 14:30:00,0.026559273,0.03379772
CEEMDAN_LSTM,GC=F,2026-06-18 14:45:00,0.026559273,0.0338502
CEEMDAN_LSTM,GC=F,2026-06-18 15:00:00,0.026559269,0.033868384
CEEMDAN_LSTM,GC=F,2026-06-18 15:15:00,0.026559269,0.03394708
CEEMDAN_LSTM,GC=F,2026-06-18 15:30:00,0.026559269,0.033954892
CEEMDAN_LSTM,GC=F,2026-06-18 15:45:00,0.026559269,0.03391091
CEEMDAN_LSTM,GC=F,2026-06-18 16:00:00,0.026559269,0.03391252
CEEMDAN_LSTM,GC=F,2026-06-18 16:15:00,0.026559269,0.03391656
CEEMDAN_LSTM,GC=F,2026-06-18 16:30:00,0.026559273,0.033908322
CEEMDAN_LSTM,GC=F,2026-06-18 16:45:00,0.026559273,0.033911027
CEEMDAN_LSTM,GC=F,2026-06-18 17:00:00,0.026559273,0.03396808
CEEMDAN_LSTM,GC=F,2026-06-18 17:15:00,0.026559273,0.033959236
CEEMDAN_LSTM,GC=F,2026-06-18 17:30:00,0.026559273,0.033975333
CEEMDAN_LSTM,GC=F,2026-06-18 17:45:00,0.026559273,0.033936385
CEEMDAN_LSTM,GC=F,2026-06-18 18:00:00,0.026559273,0.03393903
CEEMDAN_LSTM,GC=F,2026-06-18 18:15:00,0.026559273,0.0339349
CEEMDAN_LSTM,GC=F,2026-06-18 18:30:00,0.026559273,0.033838958
CEEMDAN_LSTM,GC=F,2026-06-18 18:45:00,0.026559273,0.033864506
CEEMDAN_LSTM,GC=F,2026-06-18 19:00:00,0.026559273,0.033949286
CEEMDAN_LSTM,GC=F,2026-06-18 19:15:00,0.026559273,0.033943377
CEEMDAN_LSTM,GC=F,2026-06-18 19:30:00,0.026559273,0.03402165
CEEMDAN_LSTM,GC=F,2026-06-18 19:45:00,0.026559273,0.034030166
CEEMDAN_LSTM,GC=F,2026-06-18 20:00:00,0.026559273,0.034015413
CEEMDAN_LSTM,GC=F,2026-06-18 20:15:00,0.026559273,0.03401715
CEEMDAN_LSTM,GC=F,2026-06-18 20:30:00,0.026559273,0.033977132
CEEMDAN_LSTM,GC=F,2026-06-18 20:45:00,0.026559273,0.0339868
CEEMDAN_LSTM,GC=F,2026-06-18 21:00:00,0.026559273,0.03397916
CEEMDAN_LSTM,GC=F,2026-06-18 21:15:00,0.026559273,0.0339772
CEEMDAN_LSTM,GC=F,2026-06-18 21:30:00,0.026559273,0.03397734
CEEMDAN_LSTM,GC=F,2026-06-18 21:45:00,0.026559273,0.033927817
CEEMDAN_LSTM,GC=F,2026-06-18 22:00:00,0.026559273,0.033923533
CEEMDAN_LSTM,GC=F,2026-06-18 22:15:00,0.026559273,0.033923548
CEEMDAN_LSTM,GC=F,2026-06-18 22:30:00,0.026559273,0.033924505
CEEMDAN_LSTM,GC=F,2026-06-18 22:45:00,0.026559273,0.033873007
CEEMDAN_LSTM,GC=F,2026-06-18 23:00:00,0.026559273,0.03396233
CEEMDAN_LSTM,GC=F,2026-06-18 23:15:00,0.026559273,0.033951726
CEEMDAN_LSTM,GC=F,2026-06-18 23:30:00,0.026559273,0.0339477
CEEMDAN_LSTM,GC=F,2026-06-18 23:45:00,0.026559273,0.033961922
CEEMDAN_LSTM,GC=F,2026-06-19 00:00:00,0.026559273,0.033965815
CEEMDAN_LSTM,GC=F,2026-06-19 00:15:00,0.026559269,0.033938397
CEEMDAN_LSTM,GC=F,2026-06-19 00:30:00,0.026559269,0.033949357
CEEMDAN_LSTM,GC=F,2026-06-19 00:45:00,0.026559273,0.033942852
CEEMDAN_LSTM,GC=F,2026-06-19 01:00:00,0.026559273,0.033954147
CEEMDAN_LSTM,GC=F,2026-06-19 01:15:00,0.026559273,0.033975676
CEEMDAN_LSTM,GC=F,2026-06-19 01:30:00,0.026559273,0.03398634
CEEMDAN_LSTM,GC=F,2026-06-19 01:45:00,0.026559273,0.033980172
CEEMDAN_LSTM,GC=F,2026-06-19 02:00:00,0.026559269,0.033966072
CEEMDAN_LSTM,GC=F,2026-06-19 02:15:00,0.026559269,0.033965245
CEEMDAN_LSTM,GC=F,2026-06-19 02:30:00,0.026559269,0.03395934
CEEMDAN_LSTM,GC=F,2026-06-19 02:45:00,0.026559269,0.033961397
CEEMDAN_LSTM,GC=F,2026-06-19 03:00:00,0.026559269,0.034020495
CEEMDAN_LSTM,GC=F,2026-06-19 03:15:00,0.026559269,0.034024246
CEEMDAN_LSTM,GC=F,2026-06-19 03:30:00,0.026559269,0.03400114
CEEMDAN_LSTM,GC=F,2026-06-19 03:45:00,0.026559273,0.034093615
CEEMDAN_LSTM,GC=F,2026-06-21 22:00:00,0.026559273,0.034012083
CEEMDAN_LSTM,GC=F,2026-06-21 22:15:00,0.026559273,0.033966754
CEEMDAN_LSTM,GC=F,2026-06-21 22:30:00,0.026559273,0.0339745
CEEMDAN_LSTM,GC=F,2026-06-21 22:45:00,0.026559273,0.0339424
CEEMDAN_LSTM,GC=F,2026-06-21 23:00:00,0.026559273,0.033932313
CEEMDAN_LSTM,GC=F,2026-06-21 23:15:00,0.026559267,0.033747658
CEEMDAN_LSTM,GC=F,2026-06-21 23:30:00,0.026559267,0.03381133
CEEMDAN_LSTM,GC=F,2026-06-21 23:45:00,0.026559267,0.033827744
CEEMDAN_LSTM,GC=F,2026-06-22 00:00:00,0.026559269,0.034209788
CEEMDAN_LSTM,GC=F,2026-06-22 00:15:00,0.026559269,0.034254793
CEEMDAN_LSTM,GC=F,2026-06-22 00:30:00,0.026559269,0.03432294
CEEMDAN_LSTM,GC=F,2026-06-22 00:45:00,0.026559269,0.034795154
CEEMDAN_LSTM,GC=F,2026-06-22 01:00:00,0.026559269,0.034809068
CEEMDAN_LSTM,GC=F,2026-06-22 01:15:00,0.026559269,0.034821518
CEEMDAN_LSTM,GC=F,2026-06-22 01:30:00,0.026559269,0.034854982
CEEMDAN_LSTM,GC=F,2026-06-22 01:45:00,0.026559267,0.034920283
CEEMDAN_LSTM,GC=F,2026-06-22 02:00:00,0.026559273,0.03493468
CEEMDAN_LSTM,GC=F,2026-06-22 02:15:00,0.026559273,0.034959283
CEEMDAN_LSTM,GC=F,2026-06-22 02:30:00,0.026559269,0.034954347
CEEMDAN_LSTM,GC=F,2026-06-22 02:45:00,0.026559273,0.034957867
CEEMDAN_LSTM,GC=F,2026-06-22 03:00:00,0.026559273,0.03502057
CEEMDAN_LSTM,GC=F,2026-06-22 03:15:00,0.026559273,0.03502418
CEEMDAN_LSTM,GC=F,2026-06-22 03:30:00,0.026559269,0.035031553
CEEMDAN_LSTM,GC=F,2026-06-22 03:45:00,0.026559269,0.03503775
CEEMDAN_LSTM,GC=F,2026-06-22 04:00:00,0.026559269,0.035055183
CEEMDAN_LSTM,GC=F,2026-06-22 04:15:00,0.026559267,0.035055216
CEEMDAN_LSTM,GC=F,2026-06-22 04:30:00,0.026559267,0.035055738
CEEMDAN_LSTM,GC=F,2026-06-22 04:45:00,0.026559267,0.035070986
CEEMDAN_LSTM,GC=F,2026-06-22 05:00:00,0.026559269,0.035083532
CEEMDAN_LSTM,GC=F,2026-06-22 05:15:00,0.026559269,0.03514564
CEEMDAN_LSTM,GC=F,2026-06-22 05:30:00,0.026559269,0.035144813
CEEMDAN_LSTM,GC=F,2026-06-22 05:45:00,0.026559267,0.035144363
CEEMDAN_LSTM,GC=F,2026-06-22 06:00:00,0.026559267,0.03514502
CEEMDAN_LSTM,GC=F,2026-06-22 06:15:00,0.026559267,0.035155512
CEEMDAN_LSTM,GC=F,2026-06-22 06:30:00,0.026559267,0.035185482
CEEMDAN_LSTM,GC=F,2026-06-22 06:45:00,0.026559267,0.03520196
CEEMDAN_LSTM,GC=F,2026-06-22 07:00:00,0.026559273,0.03520614
CEEMDAN_LSTM,GC=F,2026-06-22 07:15:00,0.026559269,0.035205003
CEEMDAN_LSTM,GC=F,2026-06-22 07:30:00,0.026559273,0.035201218
CEEMDAN_LSTM,GC=F,2026-06-22 07:45:00,0.026559273,0.03520398
CEEMDAN_LSTM,GC=F,2026-06-22 08:00:00,0.026559273,0.0352018
CEEMDAN_LSTM,GC=F,2026-06-22 08:15:00,0.026559273,0.035206277
CEEMDAN_LSTM,GC=F,2026-06-22 08:30:00,0.026559269,0.035208493
CEEMDAN_LSTM,GC=F,2026-06-22 08:45:00,0.026559269,0.035220243
CEEMDAN_LSTM,GC=F,2026-06-22 09:00:00,0.026559267,0.03523842
CEEMDAN_LSTM,GC=F,2026-06-22 09:15:00,0.026559269,0.03523916
CEEMDAN_LSTM,GC=F,2026-06-22 09:30:00,0.026559273,0.035247352
CEEMDAN_LSTM,GC=F,2026-06-22 09:45:00,0.026559273,0.03524554
CEEMDAN_LSTM,GC=F,2026-06-22 10:00:00,0.026559269,0.035174426
CEEMDAN_LSTM,GC=F,2026-06-22 10:15:00,0.026559273,0.03516962
CEEMDAN_LSTM,GC=F,2026-06-22 10:30:00,0.026559273,0.03516326
CEEMDAN_LSTM,GC=F,2026-06-22 10:45:00,0.026559273,0.03516893
CEEMDAN_LSTM,GC=F,2026-06-22 11:00:00,0.026559273,0.03517882
CEEMDAN_LSTM,GC=F,2026-06-22 11:15:00,0.026559273,0.03518809
CEEMDAN_LSTM,GC=F,2026-06-22 11:30:00,0.026559273,0.03519404
CEEMDAN_LSTM,GC=F,2026-06-22 11:45:00,0.026559273,0.035158023
CEEMDAN_LSTM,GC=F,2026-06-22 12:00:00,0.026559273,0.035159197
CEEMDAN_LSTM,GC=F,2026-06-22 12:15:00,0.026559273,0.035158202
CEEMDAN_LSTM,GC=F,2026-06-22 12:30:00,0.026559273,0.035169907
CEEMDAN_LSTM,GC=F,2026-06-22 12:45:00,0.026559273,0.035246912
CEEMDAN_LSTM,GC=F,2026-06-22 13:00:00,0.026559273,0.03525015
CEEMDAN_LSTM,GC=F,2026-06-22 13:15:00,0.026559273,0.035269383
CEEMDAN_LSTM,GC=F,2026-06-22 13:30:00,0.026559273,0.035288975
CEEMDAN_LSTM,GC=F,2026-06-22 13:45:00,0.026559273,0.035346974
CEEMDAN_LSTM,GC=F,2026-06-22 14:00:00,0.026559273,0.03536592
CEEMDAN_LSTM,GC=F,2026-06-22 14:15:00,0.026559273,0.03548342
CEEMDAN_LSTM,GC=F,2026-06-22 14:30:00,0.026559273,0.035474963
CEEMDAN_LSTM,GC=F,2026-06-22 14:45:00,0.026559275,0.035499804
CEEMDAN_LSTM,GC=F,2026-06-22 15:00:00,0.026559273,0.035491973
CEEMDAN_LSTM,GC=F,2026-06-22 15:15:00,0.026559273,0.035529714
CEEMDAN_LSTM,GC=F,2026-06-22 15:30:00,0.026559273,0.035567064
CEEMDAN_LSTM,GC=F,2026-06-22 15:45:00,0.026559273,0.03555684
CEEMDAN_LSTM,GC=F,2026-06-22 16:00:00,0.026559275,0.035565212
CEEMDAN_LSTM,GC=F,2026-06-22 16:15:00,0.026559273,0.035591863
CEEMDAN_LSTM,GC=F,2026-06-22 16:30:00,0.026559273,0.03559188
CEEMDAN_LSTM,GC=F,2026-06-22 16:45:00,0.026559273,0.03565093
CEEMDAN_LSTM,GC=F,2026-06-22 17:00:00,0.026559275,0.035655085
CEEMDAN_LSTM,GC=F,2026-06-22 17:15:00,0.026559275,0.03565596
CEEMDAN_LSTM,GC=F,2026-06-22 17:30:00,0.026559275,0.03565121
CEEMDAN_LSTM,GC=F,2026-06-22 17:45:00,0.026559273,0.035631698
CEEMDAN_LSTM,GC=F,2026-06-22 18:00:00,0.026559275,0.035632532
CEEMDAN_LSTM,GC=F,2026-06-22 18:15:00,0.026559275,0.035611723
CEEMDAN_LSTM,GC=F,2026-06-22 18:30:00,0.026559275,0.03561391
CEEMDAN_LSTM,GC=F,2026-06-22 18:45:00,0.026559275,0.035612755
CEEMDAN_LSTM,GC=F,2026-06-22 19:00:00,0.026559273,0.035611633
CEEMDAN_LSTM,GC=F,2026-06-22 19:15:00,0.026559273,0.035618544
CEEMDAN_LSTM,GC=F,2026-06-22 19:30:00,0.026559273,0.03561707
CEEMDAN_LSTM,GC=F,2026-06-22 19:45:00,0.026559273,0.03565501
CEEMDAN_LSTM,GC=F,2026-06-22 20:00:00,0.026559273,0.035652313
CEEMDAN_LSTM,GC=F,2026-06-22 20:15:00,0.026559273,0.035652317
CEEMDAN_LSTM,GC=F,2026-06-22 20:30:00,0.026559273,0.03565547
CEEMDAN_LSTM,GC=F,2026-06-22 20:45:00,0.026559273,0.03677204
CEEMDAN_LSTM,GC=F,2026-06-22 21:00:00,0.026559273,0.03677204
CEEMDAN_LSTM,GC=F,2026-06-22 21:15:00,0.026559273,0.036769778
CEEMDAN_LSTM,GC=F,2026-06-22 21:30:00,0.026559275,0.036723748
CEEMDAN_LSTM,GC=F,2026-06-22 21:45:00,0.026559275,0.036717914
CEEMDAN_LSTM,GC=F,2026-06-22 22:00:00,0.026559273,0.037827726
CEEMDAN_LSTM,GC=F,2026-06-22 22:15:00,0.026559273,0.037814658
CEEMDAN_LSTM,GC=F,2026-06-22 22:30:00,0.026559273,0.037788477
CEEMDAN_LSTM,GC=F,2026-06-22 22:45:00,0.026559273,0.037788015
CEEMDAN_LSTM,GC=F,2026-06-22 23:00:00,0.026559273,0.0377833
CEEMDAN_LSTM,GC=F,2026-06-22 23:15:00,0.026559275,0.037544087
CEEMDAN_LSTM,GC=F,2026-06-22 23:30:00,0.026559275,0.037520118
CEEMDAN_LSTM,GC=F,2026-06-22 23:45:00,0.026559275,0.037523214
CEEMDAN_LSTM,GC=F,2026-06-23 00:00:00,0.026559275,0.037560787
CEEMDAN_LSTM,GC=F,2026-06-23 00:15:00,0.026559275,0.037534017
CEEMDAN_LSTM,GC=F,2026-06-23 00:30:00,0.026559273,0.03759559
CEEMDAN_LSTM,GC=F,2026-06-23 00:45:00,0.026559273,0.03757071
CEEMDAN_LSTM,GC=F,2026-06-23 01:00:00,0.026559273,0.037614267
CEEMDAN_LSTM,GC=F,2026-06-23 01:15:00,0.026559273,0.03763199
CEEMDAN_LSTM,GC=F,2026-06-23 01:30:00,0.026559273,0.038009748
CEEMDAN_LSTM,GC=F,2026-06-23 01:45:00,0.026559273,0.038056646
CEEMDAN_LSTM,GC=F,2026-06-23 02:00:00,0.026559275,0.038090434
CEEMDAN_LSTM,GC=F,2026-06-23 02:15:00,0.026559273,0.038146567
CEEMDAN_LSTM,GC=F,2026-06-23 02:30:00,0.026559275,0.038000662
CEEMDAN_LSTM,GC=F,2026-06-23 02:45:00,0.026559273,0.03802514
CEEMDAN_LSTM,GC=F,2026-06-23 03:00:00,0.026559273,0.030596733
CEEMDAN_LSTM,GC=F,2026-06-23 03:15:00,0.026559273,0.030511668
CEEMDAN_LSTM,GC=F,2026-06-23 03:30:00,0.026559267,0.02964783
CEEMDAN_LSTM,GC=F,2026-06-23 03:45:00,0.026559267,0.028388824
CEEMDAN_LSTM,GC=F,2026-06-23 04:00:00,0.026559267,0.027933704
CEEMDAN_LSTM,GC=F,2026-06-23 04:15:00,0.026559265,0.026559278
CEEMDAN_LSTM,GC=F,2026-06-23 04:30:00,0.026559265,0.026546357
CEEMDAN_LSTM,GC=F,2026-06-23 04:45:00,0.026559265,0.026952643
CEEMDAN_LSTM,GC=F,2026-06-23 05:00:00,0.026559265,0.026614467
CEEMDAN_LSTM,GC=F,2026-06-23 05:15:00,0.026559265,0.026627604
CEEMDAN_LSTM,GC=F,2026-06-23 05:30:00,0.026559265,0.026631672
CEEMDAN_LSTM,GC=F,2026-06-23 05:45:00,0.026559265,0.026666248
CEEMDAN_LSTM,GC=F,2026-06-23 06:00:00,0.026559265,0.026670057
CEEMDAN_LSTM,GC=F,2026-06-23 06:15:00,0.026559265,0.026706131
CEEMDAN_LSTM,GC=F,2026-06-23 06:30:00,0.026559265,0.026709484
CEEMDAN_LSTM,GC=F,2026-06-23 06:45:00,0.026559265,0.02671119
CEEMDAN_LSTM,GC=F,2026-06-23 07:00:00,0.026559265,0.026629359
CEEMDAN_LSTM,GC=F,2026-06-23 07:15:00,0.026559265,0.026637927
CEEMDAN_LSTM,GC=F,2026-06-23 07:30:00,0.026559265,0.026831765
CEEMDAN_LSTM,GC=F,2026-06-23 07:45:00,0.026559265,0.02685007
CEEMDAN_LSTM,GC=F,2026-06-23 08:00:00,0.026559265,0.026595114
CEEMDAN_LSTM,GC=F,2026-06-23 08:15:00,0.026559263,0.026621683
CEEMDAN_LSTM,GC=F,2026-06-23 08:30:00,0.026559263,0.02677453
CEEMDAN_LSTM,GC=F,2026-06-23 08:45:00,0.026559263,0.026786076
CEEMDAN_LSTM,GC=F,2026-06-23 09:00:00,0.026559263,0.02641213
CEEMDAN_LSTM,GC=F,2026-06-23 09:15:00,0.026559262,0.026402896
CEEMDAN_LSTM,GC=F,2026-06-23 09:30:00,0.026559265,0.02630419
CEEMDAN_LSTM,GC=F,2026-06-23 09:45:00,0.026559262,0.026343614
CEEMDAN_LSTM,GC=F,2026-06-23 10:00:00,0.026559262,0.026169876
CEEMDAN_LSTM,GC=F,2026-06-23 10:15:00,0.026559262,0.026163002
CEEMDAN_LSTM,GC=F,2026-06-23 10:30:00,0.026559262,0.026156254
CEEMDAN_LSTM,GC=F,2026-06-23 10:45:00,0.026559265,0.02617805
CEEMDAN_LSTM,GC=F,2026-06-23 11:00:00,0.026559265,0.026178999
CEEMDAN_LSTM,GC=F,2026-06-23 11:15:00,0.026559262,0.026176669
CEEMDAN_LSTM,GC=F,2026-06-23 11:30:00,0.026559263,0.026155993
CEEMDAN_LSTM,GC=F,2026-06-23 11:45:00,0.026559265,0.02614213
CEEMDAN_LSTM,GC=F,2026-06-23 12:00:00,0.026559263,0.026222818
CEEMDAN_LSTM,GC=F,2026-06-23 12:15:00,0.026559263,0.026209245
CEEMDAN_LSTM,GC=F,2026-06-23 12:30:00,0.026559263,0.026197797
CEEMDAN_LSTM,GC=F,2026-06-23 12:45:00,0.026559263,0.026211016
CEEMDAN_LSTM,GC=F,2026-06-23 13:00:00,0.026559263,0.026212092
CEEMDAN_LSTM,GC=F,2026-06-23 13:15:00,0.026559263,0.026207773
CEEMDAN_LSTM,GC=F,2026-06-23 13:30:00,0.026559262,0.02634261
CEEMDAN_LSTM,GC=F,2026-06-23 13:45:00,0.026559262,0.026425568
CEEMDAN_LSTM,GC=F,2026-06-23 14:00:00,0.026559262,0.026430346
CEEMDAN_LSTM,GC=F,2026-06-23 14:15:00,0.026559262,0.02638223
CEEMDAN_LSTM,GC=F,2026-06-23 14:30:00,0.026559263,0.026270775
CEEMDAN_LSTM,GC=F,2026-06-23 14:45:00,0.026559263,0.02629033
CEEMDAN_LSTM,GC=F,2026-06-23 15:00:00,0.026559263,0.026228653
CEEMDAN_LSTM,GC=F,2026-06-23 15:15:00,0.026559262,0.026182352
CEEMDAN_LSTM,GC=F,2026-06-23 15:30:00,0.026559262,0.02634881
CEEMDAN_LSTM,GC=F,2026-06-23 15:45:00,0.02655926,0.026318654
CEEMDAN_LSTM,GC=F,2026-06-23 16:00:00,0.026559262,0.026325641
CEEMDAN_LSTM,GC=F,2026-06-23 16:15:00,0.026559262,0.026328228
CEEMDAN_LSTM,GC=F,2026-06-23 16:30:00,0.026559262,0.026289597
CEEMDAN_LSTM,GC=F,2026-06-23 16:45:00,0.026559262,0.026301024
CEEMDAN_LSTM,GC=F,2026-06-23 17:00:00,0.026559263,0.02632749
CEEMDAN_LSTM,GC=F,2026-06-23 17:15:00,0.026559263,0.026374634
CEEMDAN_LSTM,GC=F,2026-06-23 17:30:00,0.026559263,0.026369538
CEEMDAN_LSTM,GC=F,2026-06-23 17:45:00,0.026559263,0.026172595
CEEMDAN_LSTM,GC=F,2026-06-23 18:00:00,0.026559263,0.026183326
CEEMDAN_LSTM,GC=F,2026-06-23 18:15:00,0.026559263,0.026190378
CEEMDAN_LSTM,GC=F,2026-06-23 18:30:00,0.026559263,0.026203342
CEEMDAN_LSTM,GC=F,2026-06-23 18:45:00,0.026559263,0.026208365
CEEMDAN_LSTM,GC=F,2026-06-23 19:00:00,0.026559262,0.026228921
CEEMDAN_LSTM,GC=F,2026-06-23 19:15:00,0.026559263,0.026227098
CEEMDAN_LSTM,GC=F,2026-06-23 19:30:00,0.026559263,0.026201261
CEEMDAN_LSTM,GC=F,2026-06-23 19:45:00,0.026559263,0.026212499
CEEMDAN_LSTM,GC=F,2026-06-23 20:00:00,0.026559263,0.026159262
CEEMDAN_LSTM,GC=F,2026-06-23 20:15:00,0.026559263,0.026153866
CEEMDAN_LSTM,GC=F,2026-06-23 20:30:00,0.026559263,0.026129315
CEEMDAN_LSTM,GC=F,2026-06-23 20:45:00,0.026559263,0.026129354
CEEMDAN_LSTM,GC=F,2026-06-23 21:00:00,0.026559263,0.025883552
CEEMDAN_LSTM,GC=F,2026-06-23 21:15:00,0.026559262,0.025883235
CEEMDAN_LSTM,GC=F,2026-06-23 21:30:00,0.026559263,0.025741104
CEEMDAN_LSTM,GC=F,2026-06-23 21:45:00,0.026559263,0.025725545
CEEMDAN_LSTM,GC=F,2026-06-23 22:00:00,0.026559262,0.025531698
CEEMDAN_LSTM,GC=F,2026-06-23 22:15:00,0.026559263,0.025567988
CEEMDAN_LSTM,GC=F,2026-06-23 22:30:00,0.026559263,0.025563704
CEEMDAN_LSTM,GC=F,2026-06-23 22:45:00,0.026559263,0.025503935
CEEMDAN_LSTM,GC=F,2026-06-23 23:00:00,0.026559263,0.025283989
CEEMDAN_LSTM,GC=F,2026-06-23 23:15:00,0.026559263,0.02527321
CEEMDAN_LSTM,GC=F,2026-06-23 23:30:00,0.026559263,0.025389777
CEEMDAN_LSTM,GC=F,2026-06-23 23:45:00,0.026559263,0.025526747
CEEMDAN_LSTM,GC=F,2026-06-24 00:00:00,0.026559262,0.025597144
CEEMDAN_LSTM,GC=F,2026-06-24 00:15:00,0.026559262,0.025525814
CEEMDAN_LSTM,GC=F,2026-06-24 00:30:00,0.026559262,0.025531843
CEEMDAN_LSTM,GC=F,2026-06-24 00:45:00,0.026559262,0.025517639
CEEMDAN_LSTM,GC=F,2026-06-24 01:00:00,0.026559262,0.025571227
CEEMDAN_LSTM,GC=F,2026-06-24 01:15:00,0.026559263,0.025667263
CEEMDAN_LSTM,GC=F,2026-06-24 01:30:00,0.026559262,0.02569958
CEEMDAN_LSTM,GC=F,2026-06-24 01:45:00,0.026559263,0.025703903
CEEMDAN_LSTM,GC=F,2026-06-24 02:00:00,0.026559263,0.025703764
CEEMDAN_LSTM,GC=F,2026-06-24 02:15:00,0.026559263,0.025745118
CEEMDAN_LSTM,GC=F,2026-06-24 02:30:00,0.026559263,0.026018057
CEEMDAN_LSTM,GC=F,2026-06-24 02:45:00,0.026559263,0.026048465
CEEMDAN_LSTM,GC=F,2026-06-24 03:00:00,0.026559263,0.026059693
CEEMDAN_LSTM,GC=F,2026-06-24 03:15:00,0.026559263,0.026057616
CEEMDAN_LSTM,GC=F,2026-06-24 03:30:00,0.026559262,0.026249781
CEEMDAN_LSTM,GC=F,2026-06-24 03:45:00,0.026559262,0.026251337
CEEMDAN_LSTM,GC=F,2026-06-24 04:00:00,0.026559262,0.02615349
CEEMDAN_LSTM,GC=F,2026-06-24 04:15:00,0.026559263,0.02618508
CEEMDAN_LSTM,GC=F,2026-06-24 04:30:00,0.026559262,0.026081046
CEEMDAN_LSTM,GC=F,2026-06-24 04:45:00,0.026559262,0.026068622
CEEMDAN_LSTM,GC=F,2026-06-24 05:00:00,0.026559262,0.026090883
CEEMDAN_LSTM,GC=F,2026-06-24 05:15:00,0.026559263,0.02613012
CEEMDAN_LSTM,GC=F,2026-06-24 05:30:00,0.026559263,0.026133714
CEEMDAN_LSTM,GC=F,2026-06-24 05:45:00,0.026559263,0.026121752
CEEMDAN_LSTM,GC=F,2026-06-24 06:00:00,0.026559263,0.026612667
CEEMDAN_LSTM,GC=F,2026-06-24 06:15:00,0.026559263,0.026689988
CEEMDAN_LSTM,GC=F,2026-06-24 06:30:00,0.026559263,0.026716238
CEEMDAN_LSTM,GC=F,2026-06-24 06:45:00,0.026559262,0.026740823
CEEMDAN_LSTM,GC=F,2026-06-24 07:00:00,0.026559265,0.026740264
CEEMDAN_LSTM,GC=F,2026-06-24 07:15:00,0.026559263,0.02672929
CEEMDAN_LSTM,GC=F,2026-06-24 07:30:00,0.026559263,0.026728308
CEEMDAN_LSTM,GC=F,2026-06-24 07:45:00,0.026559263,0.026786193
CEEMDAN_LSTM,GC=F,2026-06-24 08:00:00,0.026559263,0.026661122
CEEMDAN_LSTM,GC=F,2026-06-24 08:15:00,0.026559263,0.02671679
CEEMDAN_LSTM,GC=F,2026-06-24 08:30:00,0.026559262,0.02672092
CEEMDAN_LSTM,GC=F,2026-06-24 08:45:00,0.026559262,0.026730979
CEEMDAN_LSTM,GC=F,2026-06-24 09:00:00,0.026559263,0.026725365
CEEMDAN_LSTM,GC=F,2026-06-24 09:15:00,0.026559262,0.026771994
CEEMDAN_LSTM,GC=F,2026-06-24 09:30:00,0.026559265,0.02675349
CEEMDAN_LSTM,GC=F,2026-06-24 09:45:00,0.026559263,0.026759382
CEEMDAN_LSTM,GC=F,2026-06-24 10:00:00,0.026559263,0.026753373
CEEMDAN_LSTM,GC=F,2026-06-24 10:15:00,0.026559263,0.026726993
CEEMDAN_LSTM,GC=F,2026-06-24 10:30:00,0.026559263,0.026733033
CEEMDAN_LSTM,GC=F,2026-06-24 10:45:00,0.026559263,0.026822107
CEEMDAN_LSTM,GC=F,2026-06-24 11:00:00,0.026559263,0.026890364
CEEMDAN_LSTM,GC=F,2026-06-24 11:15:00,0.026559262,0.026892921
CEEMDAN_LSTM,GC=F,2026-06-24 11:30:00,0.026559262,0.02689832
CEEMDAN_LSTM,GC=F,2026-06-24 11:45:00,0.026559263,0.026891015
CEEMDAN_LSTM,GC=F,2026-06-24 12:00:00,0.026559263,0.026871156
CEEMDAN_LSTM,GC=F,2026-06-24 12:15:00,0.026559263,0.027414905
CEEMDAN_LSTM,GC=F,2026-06-24 12:30:00,0.026559263,0.027398065
CEEMDAN_LSTM,GC=F,2026-06-24 12:45:00,0.026559263,0.027949328
CEEMDAN_LSTM,GC=F,2026-06-24 13:00:00,0.026559263,0.028222065
CEEMDAN_LSTM,GC=F,2026-06-24 13:15:00,0.026559263,0.028242588
CEEMDAN_LSTM,GC=F,2026-06-24 13:30:00,0.026559263,0.030026551
CEEMDAN_LSTM,GC=F,2026-06-24 13:45:00,0.026559262,0.030574048
CEEMDAN_LSTM,GC=F,2026-06-24 14:00:00,0.026559263,0.030874414
CEEMDAN_LSTM,GC=F,2026-06-24 14:15:00,0.026559263,0.030894486
CEEMDAN_LSTM,GC=F,2026-06-24 14:30:00,0.026559265,0.03085196
CEEMDAN_LSTM,GC=F,2026-06-24 14:45:00,0.026559263,0.03089159
CEEMDAN_LSTM,GC=F,2026-06-24 15:00:00,0.026559263,0.030498257
CEEMDAN_LSTM,GC=F,2026-06-24 15:15:00,0.026559263,0.030622657
CEEMDAN_LSTM,GC=F,2026-06-24 15:30:00,0.026559263,0.030613592
CEEMDAN_LSTM,GC=F,2026-06-24 15:45:00,0.026559265,0.030003887
CEEMDAN_LSTM,GC=F,2026-06-24 16:00:00,0.026559265,0.029864956
CEEMDAN_LSTM,GC=F,2026-06-24 16:15:00,0.026559263,0.030071257
CEEMDAN_LSTM,GC=F,2026-06-24 16:30:00,0.026559263,0.030050226
CEEMDAN_LSTM,GC=F,2026-06-24 16:45:00,0.026559263,0.029996935
CEEMDAN_LSTM,GC=F,2026-06-24 17:00:00,0.026559263,0.029963378
CEEMDAN_LSTM,GC=F,2026-06-24 17:15:00,0.026559263,0.03016268
CEEMDAN_LSTM,GC=F,2026-06-24 17:30:00,0.026559265,0.03017703
CEEMDAN_LSTM,GC=F,2026-06-24 17:45:00,0.026559263,0.030291123
CEEMDAN_LSTM,GC=F,2026-06-24 18:00:00,0.026559263,0.030500848
CEEMDAN_LSTM,GC=F,2026-06-24 18:15:00,0.026559265,0.030502116
CEEMDAN_LSTM,GC=F,2026-06-24 18:30:00,0.026559263,0.030523889
CEEMDAN_LSTM,GC=F,2026-06-24 18:45:00,0.026559263,0.0305209
CEEMDAN_LSTM,GC=F,2026-06-24 19:00:00,0.026559263,0.030512033
CEEMDAN_LSTM,GC=F,2026-06-24 19:15:00,0.026559263,0.030572437
CEEMDAN_LSTM,GC=F,2026-06-24 19:30:00,0.026559265,0.030571515
CEEMDAN_LSTM,GC=F,2026-06-24 19:45:00,0.026559265,0.03057302
CEEMDAN_LSTM,GC=F,2026-06-24 20:00:00,0.026559265,0.030627154
CEEMDAN_LSTM,GC=F,2026-06-24 20:15:00,0.026559263,0.030579833
CEEMDAN_LSTM,GC=F,2026-06-24 20:30:00,0.026559265,0.030580014
CEEMDAN_LSTM,GC=F,2026-06-24 20:45:00,0.026559263,0.030578593
CEEMDAN_LSTM,GC=F,2026-06-24 21:00:00,0.026559263,0.03057762
CEEMDAN_LSTM,GC=F,2026-06-24 21:15:00,0.026559263,0.030564101
CEEMDAN_LSTM,GC=F,2026-06-24 21:30:00,0.026559263,0.030526623
CEEMDAN_LSTM,GC=F,2026-06-24 21:45:00,0.026559263,0.030510353
CEEMDAN_LSTM,GC=F,2026-06-24 22:00:00,0.026559263,0.030507239
CEEMDAN_LSTM,GC=F,2026-06-24 22:15:00,0.026559263,0.03050833
CEEMDAN_LSTM,GC=F,2026-06-24 22:30:00,0.026559263,0.030504396
CEEMDAN_LSTM,GC=F,2026-06-24 22:45:00,0.026559263,0.030523993
CEEMDAN_LSTM,GC=F,2026-06-24 23:00:00,0.026559263,0.030523922
CEEMDAN_LSTM,GC=F,2026-06-24 23:15:00,0.026559263,0.030532401
CEEMDAN_LSTM,GC=F,2026-06-24 23:30:00,0.026559263,0.030809138
CEEMDAN_LSTM,GC=F,2026-06-24 23:45:00,0.026559262,0.03079578
CEEMDAN_LSTM,GC=F,2026-06-25 00:00:00,0.026559263,0.030755708
CEEMDAN_LSTM,GC=F,2026-06-25 00:15:00,0.026559263,0.030823339
CEEMDAN_LSTM,GC=F,2026-06-25 00:30:00,0.026559263,0.030902984
CEEMDAN_LSTM,GC=F,2026-06-25 00:45:00,0.026559263,0.030947553
CEEMDAN_LSTM,GC=F,2026-06-25 01:00:00,0.026559262,0.030939685
CEEMDAN_LSTM,GC=F,2026-06-25 01:15:00,0.026559263,0.030966822
CEEMDAN_LSTM,GC=F,2026-06-25 01:30:00,0.026559263,0.031033155
CEEMDAN_LSTM,GC=F,2026-06-25 01:45:00,0.026559262,0.031045977
CEEMDAN_LSTM,GC=F,2026-06-25 02:00:00,0.026559263,0.031091897
CEEMDAN_LSTM,GC=F,2026-06-25 02:15:00,0.026559263,0.03147466
CEEMDAN_LSTM,GC=F,2026-06-25 02:30:00,0.026559262,0.03151269
CEEMDAN_LSTM,GC=F,2026-06-25 02:45:00,0.026559263,0.03153649
CEEMDAN_LSTM,GC=F,2026-06-25 03:00:00,0.026559265,0.031665795
CEEMDAN_LSTM,GC=F,2026-06-25 03:15:00,0.026559265,0.031704612
CEEMDAN_LSTM,GC=F,2026-06-25 03:30:00,0.026559263,0.031691056
CEEMDAN_LSTM,GC=F,2026-06-25 03:45:00,0.026559263,0.032120645
CEEMDAN_LSTM,GC=F,2026-06-25 04:00:00,0.026559265,0.032148667
CEEMDAN_LSTM,GC=F,2026-06-25 04:15:00,0.026559265,0.032129865
CEEMDAN_LSTM,GC=F,2026-06-25 04:30:00,0.026559265,0.03210853
CEEMDAN_LSTM,GC=F,2026-06-25 04:45:00,0.026559265,0.0320524
CEEMDAN_LSTM,GC=F,2026-06-25 05:00:00,0.026559265,0.03202572
CEEMDAN_LSTM,GC=F,2026-06-25 05:15:00,0.026559265,0.03189376
CEEMDAN_LSTM,GC=F,2026-06-25 05:30:00,0.026559263,0.031988118
CEEMDAN_LSTM,GC=F,2026-06-25 05:45:00,0.026559263,0.031960797
CEEMDAN_LSTM,GC=F,2026-06-25 06:00:00,0.026559263,0.031983722
CEEMDAN_LSTM,GC=F,2026-06-25 06:15:00,0.026559263,0.031949688
CEEMDAN_LSTM,GC=F,2026-06-25 06:30:00,0.026559265,0.031900574
CEEMDAN_LSTM,GC=F,2026-06-25 06:45:00,0.026559265,0.03190594
CEEMDAN_LSTM,GC=F,2026-06-25 07:00:00,0.026559265,0.031898737
CEEMDAN_LSTM,GC=F,2026-06-25 07:15:00,0.026559263,0.03190191
CEEMDAN_LSTM,GC=F,2026-06-25 07:30:00,0.026559263,0.032004505
CEEMDAN_LSTM,GC=F,2026-06-25 07:45:00,0.026559265,0.032132868
CEEMDAN_LSTM,GC=F,2026-06-25 08:00:00,0.026559262,0.03212661
CEEMDAN_LSTM,GC=F,2026-06-25 08:15:00,0.026559263,0.03218011
CEEMDAN_LSTM,GC=F,2026-06-25 08:30:00,0.026559262,0.032219134
CEEMDAN_LSTM,GC=F,2026-06-25 08:45:00,0.026559263,0.032304548
CEEMDAN_LSTM,GC=F,2026-06-25 09:00:00,0.026559263,0.032309406
CEEMDAN_LSTM,GC=F,2026-06-25 09:15:00,0.026559263,0.032303877
CEEMDAN_LSTM,GC=F,2026-06-25 09:30:00,0.026559263,0.032320686
CEEMDAN_LSTM,GC=F,2026-06-25 09:45:00,0.026559263,0.032318473
CEEMDAN_LSTM,GC=F,2026-06-25 10:00:00,0.026559263,0.032328233
CEEMDAN_LSTM,GC=F,2026-06-25 10:15:00,0.026559263,0.032358352
CEEMDAN_LSTM,GC=F,2026-06-25 10:30:00,0.026559265,0.032363728
CEEMDAN_LSTM,GC=F,2026-06-25 10:45:00,0.026559262,0.032317948
CEEMDAN_LSTM,GC=F,2026-06-25 11:00:00,0.026559263,0.032317743
CEEMDAN_LSTM,GC=F,2026-06-25 11:15:00,0.026559263,0.03234464
CEEMDAN_LSTM,GC=F,2026-06-25 11:30:00,0.026559263,0.032404196
CEEMDAN_LSTM,GC=F,2026-06-25 11:45:00,0.026559263,0.031156328
CEEMDAN_LSTM,GC=F,2026-06-25 12:00:00,0.026559263,0.031164873
CEEMDAN_LSTM,GC=F,2026-06-25 12:15:00,0.026559263,0.03117113
CEEMDAN_LSTM,GC=F,2026-06-25 12:30:00,0.026559265,0.03167269
CEEMDAN_LSTM,GC=F,2026-06-25 12:45:00,0.026559265,0.031725593
CEEMDAN_LSTM,GC=F,2026-06-25 13:00:00,0.026559265,0.03076277
CEEMDAN_LSTM,GC=F,2026-06-25 13:15:00,0.026559265,0.030830745
CEEMDAN_LSTM,GC=F,2026-06-25 13:30:00,0.026559263,0.03091468
CEEMDAN_LSTM,GC=F,2026-06-25 13:45:00,0.026559263,0.031004656
CEEMDAN_LSTM,GC=F,2026-06-25 14:00:00,0.026559263,0.031242488
CEEMDAN_LSTM,GC=F,2026-06-25 14:15:00,0.026559263,0.031360254
CEEMDAN_LSTM,GC=F,2026-06-25 14:30:00,0.026559262,0.031376623
CEEMDAN_LSTM,GC=F,2026-06-25 14:45:00,0.026559265,0.03138561
CEEMDAN_LSTM,GC=F,2026-06-25 15:00:00,0.026559265,0.031333733
CEEMDAN_LSTM,GC=F,2026-06-25 15:15:00,0.026559265,0.03166998
CEEMDAN_LSTM,GC=F,2026-06-25 15:30:00,0.026559265,0.03158925
CEEMDAN_LSTM,GC=F,2026-06-25 15:45:00,0.026559265,0.03179305
CEEMDAN_LSTM,GC=F,2026-06-25 16:00:00,0.026559263,0.031756464
CEEMDAN_LSTM,GC=F,2026-06-25 16:15:00,0.026559263,0.031738114
CEEMDAN_LSTM,GC=F,2026-06-25 16:30:00,0.026559263,0.03130862
CEEMDAN_LSTM,GC=F,2026-06-25 16:45:00,0.026559263,0.031256415
CEEMDAN_LSTM,GC=F,2026-06-25 17:00:00,0.026559262,0.031213347
CEEMDAN_LSTM,GC=F,2026-06-25 17:15:00,0.026559262,0.03115813
CEEMDAN_LSTM,GC=F,2026-06-25 17:30:00,0.026559262,0.031125676
CEEMDAN_LSTM,GC=F,2026-06-25 17:45:00,0.026559262,0.031067066
CEEMDAN_LSTM,GC=F,2026-06-25 18:00:00,0.026559262,0.031058185
CEEMDAN_LSTM,GC=F,2026-06-25 18:15:00,0.026559262,0.031207189
CEEMDAN_LSTM,GC=F,2026-06-25 18:30:00,0.026559262,0.03132182
CEEMDAN_LSTM,GC=F,2026-06-25 18:45:00,0.026559262,0.03129195
CEEMDAN_LSTM,GC=F,2026-06-25 19:00:00,0.026559262,0.031320956
CEEMDAN_LSTM,GC=F,2026-06-25 19:15:00,0.026559262,0.031328302
CEEMDAN_LSTM,GC=F,2026-06-25 19:30:00,0.026559262,0.031327944
CEEMDAN_LSTM,GC=F,2026-06-25 19:45:00,0.026559262,0.031011622
CEEMDAN_LSTM,GC=F,2026-06-25 20:00:00,0.026559262,0.030871624
CEEMDAN_LSTM,GC=F,2026-06-25 20:15:00,0.026559262,0.030865373
CEEMDAN_LSTM,GC=F,2026-06-25 20:30:00,0.026559263,0.030871144
CEEMDAN_LSTM,GC=F,2026-06-25 20:45:00,0.026559263,0.03083395
CEEMDAN_LSTM,GC=F,2026-06-25 21:00:00,0.026559263,0.03083102
CEEMDAN_LSTM,GC=F,2026-06-25 21:15:00,0.026559263,0.030797888
CEEMDAN_LSTM,GC=F,2026-06-25 21:30:00,0.026559263,0.0307941
CEEMDAN_LSTM,GC=F,2026-06-25 21:45:00,0.026559262,0.030792922
CEEMDAN_LSTM,GC=F,2026-06-25 22:00:00,0.026559262,0.030799992
CEEMDAN_LSTM,GC=F,2026-06-25 22:15:00,0.026559262,0.03079338
CEEMDAN_LSTM,GC=F,2026-06-25 22:30:00,0.026559263,0.03063337
CEEMDAN_LSTM,GC=F,2026-06-25 22:45:00,0.026559263,0.030604953
CEEMDAN_LSTM,GC=F,2026-06-25 23:00:00,0.026559262,0.030592732
CEEMDAN_LSTM,GC=F,2026-06-25 23:15:00,0.026559263,0.030613614
CEEMDAN_LSTM,GC=F,2026-06-25 23:30:00,0.026559262,0.030512383
CEEMDAN_LSTM,GC=F,2026-06-25 23:45:00,0.026559263,0.03056977
CEEMDAN_LSTM,GC=F,2026-06-26 00:00:00,0.026559263,0.0305481
CEEMDAN_LSTM,GC=F,2026-06-26 00:15:00,0.026559263,0.030561415
CEEMDAN_LSTM,GC=F,2026-06-26 00:30:00,0.026559263,0.030556915
CEEMDAN_LSTM,GC=F,2026-06-26 00:45:00,0.026559262,0.030525906
CEEMDAN_LSTM,GC=F,2026-06-26 01:00:00,0.026559263,0.030465508
CEEMDAN_LSTM,GC=F,2026-06-26 01:15:00,0.026559263,0.030478047
CEEMDAN_LSTM,GC=F,2026-06-26 01:30:00,0.026559263,0.030470781
CEEMDAN_LSTM,GC=F,2026-06-26 01:45:00,0.026559263,0.03043452
CEEMDAN_LSTM,GC=F,2026-06-26 02:00:00,0.02655926,0.030370235
CEEMDAN_LSTM,GC=F,2026-06-26 02:15:00,0.026559262,0.030419871
CEEMDAN_LSTM,GC=F,2026-06-26 02:30:00,0.026559262,0.030606313
CEEMDAN_LSTM,GC=F,2026-06-26 02:45:00,0.026559262,0.030601034
CEEMDAN_LSTM,GC=F,2026-06-26 03:00:00,0.026559262,0.030579813
CEEMDAN_LSTM,GC=F,2026-06-26 03:15:00,0.026559262,0.030582597
CEEMDAN_LSTM,GC=F,2026-06-26 03:30:00,0.026559262,0.030599738
CEEMDAN_LSTM,GC=F,2026-06-26 03:45:00,0.026559263,0.030597055
CEEMDAN_LSTM,GC=F,2026-06-26 04:00:00,0.026559263,0.030624317
CEEMDAN_LSTM,GC=F,2026-06-26 04:15:00,0.026559263,0.030618306
CEEMDAN_LSTM,GC=F,2026-06-26 04:30:00,0.026559262,0.030502127
CEEMDAN_LSTM,GC=F,2026-06-26 04:45:00,0.026559262,0.03041251
CEEMDAN_LSTM,GC=F,2026-06-26 05:00:00,0.026559262,0.030426925
CEEMDAN_LSTM,GC=F,2026-06-26 05:15:00,0.026559262,0.030408291
CEEMDAN_LSTM,GC=F,2026-06-26 05:30:00,0.026559262,0.030401431
CEEMDAN_LSTM,GC=F,2026-06-26 05:45:00,0.026559262,0.03039185
CEEMDAN_LSTM,GC=F,2026-06-26 06:00:00,0.026559262,0.030395018
CEEMDAN_LSTM,GC=F,2026-06-26 06:15:00,0.026559263,0.030623347
CEEMDAN_LSTM,GC=F,2026-06-26 06:30:00,0.026559263,0.030481277
CEEMDAN_LSTM,GC=F,2026-06-26 06:45:00,0.026559263,0.030526835
CEEMDAN_LSTM,GC=F,2026-06-26 07:00:00,0.026559263,0.030529238
CEEMDAN_LSTM,GC=F,2026-06-26 07:15:00,0.026559263,0.030639058
CEEMDAN_LSTM,GC=F,2026-06-26 07:30:00,0.026559263,0.030640699
CEEMDAN_LSTM,GC=F,2026-06-26 07:45:00,0.026559262,0.030568039
CEEMDAN_LSTM,GC=F,2026-06-26 08:00:00,0.026559262,0.030545937
CEEMDAN_LSTM,GC=F,2026-06-26 08:15:00,0.026559262,0.030522708
CEEMDAN_LSTM,GC=F,2026-06-26 08:30:00,0.026559262,0.030520864
CEEMDAN_LSTM,GC=F,2026-06-26 08:45:00,0.026559262,0.030525422
CEEMDAN_LSTM,GC=F,2026-06-26 09:00:00,0.02655926,0.030594725
CEEMDAN_LSTM,GC=F,2026-06-26 09:15:00,0.026559262,0.030671911
CEEMDAN_LSTM,GC=F,2026-06-26 09:30:00,0.026559262,0.030650763
CEEMDAN_LSTM,GC=F,2026-06-26 09:45:00,0.026559262,0.030647334
CEEMDAN_LSTM,GC=F,2026-06-26 10:00:00,0.026559262,0.030647065
CEEMDAN_LSTM,GC=F,2026-06-26 10:15:00,0.026559262,0.030654047
CEEMDAN_LSTM,GC=F,2026-06-26 10:30:00,0.026559262,0.030653818
CEEMDAN_LSTM,GC=F,2026-06-26 10:45:00,0.026559262,0.030618785
CEEMDAN_LSTM,GC=F,2026-06-26 11:00:00,0.026559262,0.030663026
CEEMDAN_LSTM,GC=F,2026-06-26 11:15:00,0.02655926,0.030694222
CEEMDAN_LSTM,GC=F,2026-06-26 11:30:00,0.026559262,0.0307292
CEEMDAN_LSTM,GC=F,2026-06-26 11:45:00,0.02655926,0.030728266
CEEMDAN_LSTM,GC=F,2026-06-26 12:00:00,0.026559262,0.030738765
CEEMDAN_LSTM,GC=F,2026-06-26 12:15:00,0.026559262,0.030744076
CEEMDAN_LSTM,GC=F,2026-06-26 12:30:00,0.026559262,0.030779889
CEEMDAN_LSTM,GC=F,2026-06-26 12:45:00,0.026559262,0.031138534
CEEMDAN_LSTM,GC=F,2026-06-26 13:00:00,0.026559263,0.031207563
CEEMDAN_LSTM,GC=F,2026-06-26 13:15:00,0.026559262,0.031202985
CEEMDAN_LSTM,GC=F,2026-06-26 13:30:00,0.026559263,0.031231917
CEEMDAN_LSTM,GC=F,2026-06-26 13:45:00,0.026559263,0.031360026
CEEMDAN_LSTM,GC=F,2026-06-26 14:00:00,0.026559263,0.031425033
CEEMDAN_LSTM,GC=F,2026-06-26 14:15:00,0.026559263,0.031421732
CEEMDAN_LSTM,GC=F,2026-06-26 14:30:00,0.026559263,0.031319562
CEEMDAN_LSTM,GC=F,2026-06-26 14:45:00,0.026559263,0.031161405
CEEMDAN_LSTM,GC=F,2026-06-26 15:00:00,0.026559262,0.031092731
CEEMDAN_LSTM,GC=F,2026-06-26 15:15:00,0.026559262,0.031063778
CEEMDAN_LSTM,GC=F,2026-06-26 15:30:00,0.026559263,0.031160068
CEEMDAN_LSTM,GC=F,2026-06-26 15:45:00,0.026559262,0.031170463
CEEMDAN_LSTM,GC=F,2026-06-26 16:00:00,0.026559262,0.031117342
CEEMDAN_LSTM,GC=F,2026-06-26 16:15:00,0.026559262,0.031062057
CEEMDAN_LSTM,GC=F,2026-06-26 16:30:00,0.026559263,0.031032639
CEEMDAN_LSTM,GC=F,2026-06-26 16:45:00,0.026559263,0.031022564
CEEMDAN_LSTM,GC=F,2026-06-26 17:00:00,0.026559263,0.030939722
CEEMDAN_LSTM,GC=F,2026-06-26 17:15:00,0.026559262,0.030898884
CEEMDAN_LSTM,GC=F,2026-06-26 17:30:00,0.02655926,0.03065249
CEEMDAN_LSTM,GC=F,2026-06-26 17:45:00,0.02655926,0.030637106
CEEMDAN_LSTM,GC=F,2026-06-26 18:00:00,0.02655926,0.03062383
CEEMDAN_LSTM,GC=F,2026-06-26 18:15:00,0.026559262,0.030634452
CEEMDAN_LSTM,GC=F,2026-06-26 18:30:00,0.02655926,0.030486869
CEEMDAN_LSTM,GC=F,2026-06-26 18:45:00,0.02655926,0.03047901
CEEMDAN_LSTM,GC=F,2026-06-26 19:00:00,0.02655926,0.030461948
CEEMDAN_LSTM,GC=F,2026-06-26 19:15:00,0.026559262,0.030447502
CEEMDAN_LSTM,GC=F,2026-06-26 19:30:00,0.026559262,0.030453047
CEEMDAN_LSTM,GC=F,2026-06-26 19:45:00,0.026559262,0.030461838
CEEMDAN_LSTM,GC=F,2026-06-26 20:00:00,0.026559262,0.03046185
CEEMDAN_LSTM,GC=F,2026-06-26 20:15:00,0.026559263,0.030447192
CEEMDAN_LSTM,GC=F,2026-06-26 20:30:00,0.026559262,0.03042674
CEEMDAN_LSTM,GC=F,2026-06-26 20:45:00,0.026559263,0.03054314
CEEMDAN_LSTM,GC=F,2026-06-26 21:00:00,0.026559262,0.030134792
CEEMDAN_LSTM,GC=F,2026-06-26 21:15:00,0.02655926,0.030059146
CEEMDAN_LSTM,GC=F,2026-06-26 21:30:00,0.026559263,0.030039562
CEEMDAN_LSTM,GC=F,2026-06-26 21:45:00,0.026559262,0.030013213
CEEMDAN_LSTM,GC=F,2026-06-26 22:00:00,0.026559262,0.030012634
CEEMDAN_LSTM,GC=F,2026-06-26 22:15:00,0.026559262,0.030009521
CEEMDAN_LSTM,GC=F,2026-06-26 22:30:00,0.026559262,0.030007051
CEEMDAN_LSTM,GC=F,2026-06-26 22:45:00,0.026559262,0.02993985
CEEMDAN_LSTM,GC=F,2026-06-26 23:00:00,0.026559262,0.029939588
CEEMDAN_LSTM,GC=F,2026-06-26 23:15:00,0.026559262,0.029894734
CEEMDAN_LSTM,GC=F,2026-06-26 23:30:00,0.026559262,0.02988937
CEEMDAN_LSTM,GC=F,2026-06-26 23:45:00,0.026559262,0.029844455
CEEMDAN_LSTM,GC=F,2026-06-27 00:00:00,0.026559262,0.029844455
CEEMDAN_LSTM,GC=F,2026-06-27 00:15:00,0.026559262,0.029796202
CEEMDAN_LSTM,GC=F,2026-06-27 00:30:00,0.026559263,0.02979566
CEEMDAN_LSTM,GC=F,2026-06-27 00:45:00,0.026559263,0.02977994
CEEMDAN_LSTM,GC=F,2026-06-27 01:00:00,0.026559263,0.029766383
CEEMDAN_LSTM,GC=F,2026-06-27 01:15:00,0.026559263,0.029765008
CEEMDAN_LSTM,GC=F,2026-06-27 01:30:00,0.026559263,0.029744139
CEEMDAN_LSTM,GC=F,2026-06-27 01:45:00,0.026559263,0.02965275
CEEMDAN_LSTM,GC=F,2026-06-27 02:00:00,0.026559263,0.029555965
CEEMDAN_LSTM,GC=F,2026-06-27 02:15:00,0.026559262,0.029550862
CEEMDAN_LSTM,GC=F,2026-06-27 02:30:00,0.026559262,0.02954801
CEEMDAN_LSTM,GC=F,2026-06-27 02:45:00,0.026559262,0.02954756
CEEMDAN_LSTM,GC=F,2026-06-27 03:00:00,0.026559262,0.029462973
CEEMDAN_LSTM,GC=F,2026-06-27 03:15:00,0.026559262,0.028917745
CEEMDAN_LSTM,GC=F,2026-06-27 03:30:00,0.026559262,0.028910851
CEEMDAN_LSTM,GC=F,2026-06-27 03:45:00,0.02655926,0.028180517
CEEMDAN_LSTM,GC=F,2026-06-28 22:00:00,0.02655926,0.028046126
CEEMDAN_LSTM,GC=F,2026-06-28 22:15:00,0.02655926,0.028211147
CEEMDAN_LSTM,GC=F,2026-06-28 22:30:00,0.02655926,0.026402198
CEEMDAN_LSTM,GC=F,2026-06-28 22:45:00,0.02655926,0.025811663
CEEMDAN_LSTM,GC=F,2026-06-28 23:00:00,0.026559258,0.025417605
CEEMDAN_LSTM,GC=F,2026-06-28 23:15:00,0.026559258,0.025490677
CEEMDAN_LSTM,GC=F,2026-06-28 23:30:00,0.026559258,0.025453014
CEEMDAN_LSTM,GC=F,2026-06-28 23:45:00,0.026559258,0.02536787
CEEMDAN_LSTM,GC=F,2026-06-29 00:00:00,0.026559258,0.025337536
CEEMDAN_LSTM,GC=F,2026-06-29 00:15:00,0.026559258,0.025292883
CEEMDAN_LSTM,GC=F,2026-06-29 00:30:00,0.026559258,0.02569017
CEEMDAN_LSTM,GC=F,2026-06-29 00:45:00,0.026559258,0.025673395
CEEMDAN_LSTM,GC=F,2026-06-29 01:00:00,0.02655926,0.025924556
CEEMDAN_LSTM,GC=F,2026-06-29 01:15:00,0.026559258,0.02572777
CEEMDAN_LSTM,GC=F,2026-06-29 01:30:00,0.026559262,0.025711173
CEEMDAN_LSTM,GC=F,2026-06-29 01:45:00,0.02655926,0.025673477
CEEMDAN_LSTM,GC=F,2026-06-29 02:00:00,0.02655926,0.02567304
CEEMDAN_LSTM,GC=F,2026-06-29 02:15:00,0.02655926,0.025424264
CEEMDAN_LSTM,GC=F,2026-06-29 02:30:00,0.02655926,0.025469523
CEEMDAN_LSTM,GC=F,2026-06-29 02:45:00,0.02655926,0.025332801
CEEMDAN_LSTM,GC=F,2026-06-29 03:00:00,0.02655926,0.025043946
CEEMDAN_LSTM,GC=F,2026-06-29 03:15:00,0.02655926,0.025051529
CEEMDAN_LSTM,GC=F,2026-06-29 03:30:00,0.02655926,0.025021333
CEEMDAN_LSTM,GC=F,2026-06-29 03:45:00,0.026559258,0.02501003
CEEMDAN_LSTM,GC=F,2026-06-29 04:00:00,0.026559258,0.025000565
CEEMDAN_LSTM,GC=F,2026-06-29 04:15:00,0.026559258,0.02494457
CEEMDAN_LSTM,GC=F,2026-06-29 04:30:00,0.026559258,0.025032884
CEEMDAN_LSTM,GC=F,2026-06-29 04:45:00,0.026559258,0.025048988
CEEMDAN_LSTM,GC=F,2026-06-29 05:00:00,0.026559258,0.024996625
CEEMDAN_LSTM,GC=F,2026-06-29 05:15:00,0.026559258,0.025018943
CEEMDAN_LSTM,GC=F,2026-06-29 05:30:00,0.026559258,0.025016457
CEEMDAN_LSTM,GC=F,2026-06-29 05:45:00,0.026559258,0.025037859
CEEMDAN_LSTM,GC=F,2026-06-29 06:00:00,0.02655926,0.025064304
CEEMDAN_LSTM,GC=F,2026-06-29 06:15:00,0.02655926,0.025066512
CEEMDAN_LSTM,GC=F,2026-06-29 06:30:00,0.02655926,0.025066532
CEEMDAN_LSTM,GC=F,2026-06-29 06:45:00,0.02655926,0.02506717
CEEMDAN_LSTM,GC=F,2026-06-29 07:00:00,0.02655926,0.025082307
CEEMDAN_LSTM,GC=F,2026-06-29 07:15:00,0.026559258,0.0251372
CEEMDAN_LSTM,GC=F,2026-06-29 07:30:00,0.02655926,0.02515398
CEEMDAN_LSTM,GC=F,2026-06-29 07:45:00,0.026559258,0.025105435
CEEMDAN_LSTM,GC=F,2026-06-29 08:00:00,0.026559258,0.025108311
CEEMDAN_LSTM,GC=F,2026-06-29 08:15:00,0.026559258,0.025110954
CEEMDAN_LSTM,GC=F,2026-06-29 08:30:00,0.026559258,0.02484261
CEEMDAN_LSTM,GC=F,2026-06-29 08:45:00,0.026559254,0.024927441
CEEMDAN_LSTM,GC=F,2026-06-29 09:00:00,0.026559258,0.024894811
CEEMDAN_LSTM,GC=F,2026-06-29 09:15:00,0.026559258,0.024803888
CEEMDAN_LSTM,GC=F,2026-06-29 09:30:00,0.026559258,0.02467924
CEEMDAN_LSTM,GC=F,2026-06-29 09:45:00,0.026559258,0.024812996
CEEMDAN_LSTM,GC=F,2026-06-29 10:00:00,0.026559254,0.024838053
CEEMDAN_LSTM,GC=F,2026-06-29 10:15:00,0.026559258,0.02481836
CEEMDAN_LSTM,GC=F,2026-06-29 10:30:00,0.026559258,0.024718398
CEEMDAN_LSTM,GC=F,2026-06-29 10:45:00,0.026559258,0.024683155
CEEMDAN_LSTM,GC=F,2026-06-29 11:00:00,0.026559258,0.024582686
CEEMDAN_LSTM,GC=F,2026-06-29 11:15:00,0.026559258,0.024144886
CEEMDAN_LSTM,GC=F,2026-06-29 11:30:00,0.026559258,0.024071578
CEEMDAN_LSTM,GC=F,2026-06-29 11:45:00,0.026559258,0.02406894
CEEMDAN_LSTM,GC=F,2026-06-29 12:00:00,0.026559258,0.023944477
CEEMDAN_LSTM,GC=F,2026-06-29 12:15:00,0.02655926,0.02402512
CEEMDAN_LSTM,GC=F,2026-06-29 12:30:00,0.026559258,0.024069415
CEEMDAN_LSTM,GC=F,2026-06-29 12:45:00,0.026559258,0.023449149
CEEMDAN_LSTM,GC=F,2026-06-29 13:00:00,0.026559258,0.023402538
CEEMDAN_LSTM,GC=F,2026-06-29 13:15:00,0.026559254,0.023501016
CEEMDAN_LSTM,GC=F,2026-06-29 13:30:00,0.026559254,0.023490315
CEEMDAN_LSTM,GC=F,2026-06-29 13:45:00,0.026559254,0.023517923
CEEMDAN_LSTM,GC=F,2026-06-29 14:00:00,0.026559254,0.024241634
CEEMDAN_LSTM,GC=F,2026-06-29 14:15:00,0.026559258,0.024544543
CEEMDAN_LSTM,GC=F,2026-06-29 14:30:00,0.026559258,0.024415767
CEEMDAN_LSTM,GC=F,2026-06-29 14:45:00,0.026559258,0.024433654
CEEMDAN_LSTM,GC=F,2026-06-29 15:00:00,0.026559258,0.024412422
CEEMDAN_LSTM,GC=F,2026-06-29 15:15:00,0.026559258,0.024406448
CEEMDAN_LSTM,GC=F,2026-06-29 15:30:00,0.026559258,0.024399012
CEEMDAN_LSTM,GC=F,2026-06-29 15:45:00,0.026559258,0.024394669
CEEMDAN_LSTM,GC=F,2026-06-29 16:00:00,0.026559258,0.02440066
CEEMDAN_LSTM,GC=F,2026-06-29 16:15:00,0.026559258,0.024364065
CEEMDAN_LSTM,GC=F,2026-06-29 16:30:00,0.026559258,0.024211356
CEEMDAN_LSTM,GC=F,2026-06-29 16:45:00,0.026559258,0.023981163
CEEMDAN_LSTM,GC=F,2026-06-29 17:00:00,0.02655926,0.024012407
CEEMDAN_LSTM,GC=F,2026-06-29 17:15:00,0.02655926,0.023992473
CEEMDAN_LSTM,GC=F,2026-06-29 17:30:00,0.026559258,0.023954332
CEEMDAN_LSTM,GC=F,2026-06-29 17:45:00,0.026559258,0.023811487
CEEMDAN_LSTM,GC=F,2026-06-29 18:00:00,0.026559258,0.023820745
CEEMDAN_LSTM,GC=F,2026-06-29 18:15:00,0.026559258,0.023823777
CEEMDAN_LSTM,GC=F,2026-06-29 18:30:00,0.026559258,0.023776606
CEEMDAN_LSTM,GC=F,2026-06-29 18:45:00,0.026559258,0.02385145
CEEMDAN_LSTM,GC=F,2026-06-29 19:00:00,0.026559258,0.023867883
CEEMDAN_LSTM,GC=F,2026-06-29 19:15:00,0.02655926,0.023938134
CEEMDAN_LSTM,GC=F,2026-06-29 19:30:00,0.02655926,0.023919102
CEEMDAN_LSTM,GC=F,2026-06-29 19:45:00,0.02655926,0.023922827
CEEMDAN_LSTM,GC=F,2026-06-29 20:00:00,0.02655926,0.023924695
CEEMDAN_LSTM,GC=F,2026-06-29 20:15:00,0.02655926,0.023889884
CEEMDAN_LSTM,GC=F,2026-06-29 20:30:00,0.02655926,0.023824284
CEEMDAN_LSTM,GC=F,2026-06-29 20:45:00,0.02655926,0.02379484
CEEMDAN_LSTM,GC=F,2026-06-29 21:00:00,0.026559258,0.023788644
CEEMDAN_LSTM,GC=F,2026-06-29 21:15:00,0.026559258,0.023784494
CEEMDAN_LSTM,GC=F,2026-06-29 21:30:00,0.026559258,0.023154512
CEEMDAN_LSTM,GC=F,2026-06-29 21:45:00,0.026559258,0.023092983
CEEMDAN_LSTM,GC=F,2026-06-29 22:00:00,0.026559258,0.022630826
CEEMDAN_LSTM,GC=F,2026-06-29 22:15:00,0.026559258,0.022527331
CEEMDAN_LSTM,GC=F,2026-06-29 22:30:00,0.026559258,0.02243047
CEEMDAN_LSTM,GC=F,2026-06-29 22:45:00,0.026559258,0.022308629
CEEMDAN_LSTM,GC=F,2026-06-29 23:00:00,0.026559254,0.02206261
CEEMDAN_LSTM,GC=F,2026-06-29 23:15:00,0.026559254,0.021936094
CEEMDAN_LSTM,GC=F,2026-06-29 23:30:00,0.026559254,0.021874769
CEEMDAN_LSTM,GC=F,2026-06-29 23:45:00,0.026559254,0.021779813
CEEMDAN_LSTM,GC=F,2026-06-30 00:00:00,0.026559254,0.021791756
CEEMDAN_LSTM,GC=F,2026-06-30 00:15:00,0.026559252,0.021338489
CEEMDAN_LSTM,GC=F,2026-06-30 00:30:00,0.026559252,0.021641498
CEEMDAN_LSTM,GC=F,2026-06-30 00:45:00,0.026559254,0.02137387
CEEMDAN_LSTM,GC=F,2026-06-30 01:00:00,0.026559254,0.022591775
CEEMDAN_LSTM,GC=F,2026-06-30 01:15:00,0.026559254,0.023162996
CEEMDAN_LSTM,GC=F,2026-06-30 01:30:00,0.026559254,0.023181228
CEEMDAN_LSTM,GC=F,2026-06-30 01:45:00,0.026559254,0.02317003
CEEMDAN_LSTM,GC=F,2026-06-30 02:00:00,0.026559254,0.02334733
CEEMDAN_LSTM,GC=F,2026-06-30 02:15:00,0.026559254,0.023358645
CEEMDAN_LSTM,GC=F,2026-06-30 02:30:00,0.026559254,0.023364889
CEEMDAN_LSTM,GC=F,2026-06-30 02:45:00,0.026559254,0.023380473
CEEMDAN_LSTM,GC=F,2026-06-30 03:00:00,0.026559254,0.023398941
CEEMDAN_LSTM,GC=F,2026-06-30 03:15:00,0.026559258,0.023201324
CEEMDAN_LSTM,GC=F,2026-06-30 03:30:00,0.026559258,0.02304628
CEEMDAN_LSTM,GC=F,2026-06-30 03:45:00,0.026559258,0.023119522
CEEMDAN_LSTM,GC=F,2026-06-30 04:00:00,0.026559254,0.023088386
CEEMDAN_LSTM,GC=F,2026-06-30 04:15:00,0.026559258,0.02321054
CEEMDAN_LSTM,GC=F,2026-06-30 04:30:00,0.026559254,0.023267228
CEEMDAN_LSTM,GC=F,2026-06-30 04:45:00,0.026559258,0.023192948
CEEMDAN_LSTM,GC=F,2026-06-30 05:00:00,0.026559258,0.02319013
CEEMDAN_LSTM,GC=F,2026-06-30 05:15:00,0.026559258,0.023186956
CEEMDAN_LSTM,GC=F,2026-06-30 05:30:00,0.026559258,0.023182405
CEEMDAN_LSTM,GC=F,2026-06-30 05:45:00,0.026559258,0.023184147
CEEMDAN_LSTM,GC=F,2026-06-30 06:00:00,0.02655926,0.023326693
CEEMDAN_LSTM,GC=F,2026-06-30 06:15:00,0.026559258,0.024105404
CEEMDAN_LSTM,GC=F,2026-06-30 06:30:00,0.026559258,0.02434179
CEEMDAN_LSTM,GC=F,2026-06-30 06:45:00,0.026559258,0.024366263
CEEMDAN_LSTM,GC=F,2026-06-30 07:00:00,0.026559258,0.024373934
CEEMDAN_LSTM,GC=F,2026-06-30 07:15:00,0.026559258,0.02438344
CEEMDAN_LSTM,GC=F,2026-06-30 07:30:00,0.026559258,0.024360457
CEEMDAN_LSTM,GC=F,2026-06-30 07:45:00,0.026559254,0.024369154
CEEMDAN_LSTM,GC=F,2026-06-30 08:00:00,0.026559254,0.024448212
CEEMDAN_LSTM,GC=F,2026-06-30 08:15:00,0.026559258,0.024404293
CEEMDAN_LSTM,GC=F,2026-06-30 08:30:00,0.026559258,0.02444736
CEEMDAN_LSTM,GC=F,2026-06-30 08:45:00,0.026559258,0.024353692
CEEMDAN_LSTM,GC=F,2026-06-30 09:00:00,0.026559258,0.02434267
CEEMDAN_LSTM,GC=F,2026-06-30 09:15:00,0.026559254,0.024321074
CEEMDAN_LSTM,GC=F,2026-06-30 09:30:00,0.026559254,0.024304224
CEEMDAN_LSTM,GC=F,2026-06-30 09:45:00,0.026559254,0.02434035
CEEMDAN_LSTM,GC=F,2026-06-30 10:00:00,0.026559258,0.024344271
CEEMDAN_LSTM,GC=F,2026-06-30 10:15:00,0.026559258,0.024339873
CEEMDAN_LSTM,GC=F,2026-06-30 10:30:00,0.026559258,0.024333725
CEEMDAN_LSTM,GC=F,2026-06-30 10:45:00,0.026559258,0.024339663
CEEMDAN_LSTM,GC=F,2026-06-30 11:00:00,0.026559258,0.024318833
CEEMDAN_LSTM,GC=F,2026-06-30 11:15:00,0.026559254,0.024246331
CEEMDAN_LSTM,GC=F,2026-06-30 11:30:00,0.026559254,0.023959607
CEEMDAN_LSTM,GC=F,2026-06-30 11:45:00,0.026559254,0.023958039
CEEMDAN_LSTM,GC=F,2026-06-30 12:00:00,0.026559258,0.023974726
CEEMDAN_LSTM,GC=F,2026-06-30 12:15:00,0.026559258,0.024080696
CEEMDAN_LSTM,GC=F,2026-06-30 12:30:00,0.026559258,0.02405096
CEEMDAN_LSTM,GC=F,2026-06-30 12:45:00,0.026559258,0.024132714
CEEMDAN_LSTM,GC=F,2026-06-30 13:00:00,0.026559258,0.024334094
CEEMDAN_LSTM,GC=F,2026-06-30 13:15:00,0.026559258,0.024333635
CEEMDAN_LSTM,GC=F,2026-06-30 13:30:00,0.026559254,0.024334632
CEEMDAN_LSTM,GC=F,2026-06-30 13:45:00,0.026559254,0.024343768
CEEMDAN_LSTM,GC=F,2026-06-30 14:00:00,0.026559254,0.024572095
CEEMDAN_LSTM,GC=F,2026-06-30 14:15:00,0.026559258,0.024709638
CEEMDAN_LSTM,GC=F,2026-06-30 14:30:00,0.026559258,0.024683733
CEEMDAN_LSTM,GC=F,2026-06-30 14:45:00,0.026559258,0.024894793
CEEMDAN_LSTM,GC=F,2026-06-30 15:00:00,0.026559258,0.024893984
CEEMDAN_LSTM,GC=F,2026-06-30 15:15:00,0.026559258,0.02470979
CEEMDAN_LSTM,GC=F,2026-06-30 15:30:00,0.026559258,0.024708936
CEEMDAN_LSTM,GC=F,2026-06-30 15:45:00,0.026559258,0.024659893
CEEMDAN_LSTM,GC=F,2026-06-30 16:00:00,0.026559258,0.024643041
CEEMDAN_LSTM,GC=F,2026-06-30 16:15:00,0.026559258,0.024513192
CEEMDAN_LSTM,GC=F,2026-06-30 16:30:00,0.026559258,0.024449093
CEEMDAN_LSTM,GC=F,2026-06-30 16:45:00,0.026559258,0.024486864
CEEMDAN_LSTM,GC=F,2026-06-30 17:00:00,0.026559258,0.024495795
CEEMDAN_LSTM,GC=F,2026-06-30 17:15:00,0.026559258,0.024478622
CEEMDAN_LSTM,GC=F,2026-06-30 17:30:00,0.026559258,0.02449904
CEEMDAN_LSTM,GC=F,2026-06-30 17:45:00,0.026559258,0.02447679
CEEMDAN_LSTM,GC=F,2026-06-30 18:00:00,0.026559258,0.024387628
CEEMDAN_LSTM,GC=F,2026-06-30 18:15:00,0.026559258,0.024288602
CEEMDAN_LSTM,GC=F,2026-06-30 18:30:00,0.026559258,0.024288699
CEEMDAN_LSTM,GC=F,2026-06-30 18:45:00,0.026559258,0.02429374
CEEMDAN_LSTM,GC=F,2026-06-30 19:00:00,0.026559258,0.024300117
CEEMDAN_LSTM,GC=F,2026-06-30 19:15:00,0.026559258,0.02430438
CEEMDAN_LSTM,GC=F,2026-06-30 19:30:00,0.026559258,0.024306694
CEEMDAN_LSTM,GC=F,2026-06-30 19:45:00,0.026559258,0.024311414
CEEMDAN_LSTM,GC=F,2026-06-30 20:00:00,0.026559258,0.024276908
CEEMDAN_LSTM,GC=F,2026-06-30 20:15:00,0.026559258,0.024302056
CEEMDAN_LSTM,GC=F,2026-06-30 20:30:00,0.026559258,0.024258962
CEEMDAN_LSTM,GC=F,2026-06-30 20:45:00,0.026559258,0.024277188
CEEMDAN_LSTM,GC=F,2026-06-30 21:00:00,0.026559258,0.024264663
CEEMDAN_LSTM,GC=F,2026-06-30 21:15:00,0.026559258,0.024257278
CEEMDAN_LSTM,GC=F,2026-06-30 21:30:00,0.026559258,0.024209661
CEEMDAN_LSTM,GC=F,2026-06-30 21:45:00,0.02655926,0.023750765
CEEMDAN_LSTM,GC=F,2026-06-30 22:00:00,0.02655926,0.02369861
CEEMDAN_LSTM,GC=F,2026-06-30 22:15:00,0.02655926,0.023636514
CEEMDAN_LSTM,GC=F,2026-06-30 22:30:00,0.02655926,0.023596616
CEEMDAN_LSTM,GC=F,2026-06-30 22:45:00,0.02655926,0.023424493
CEEMDAN_LSTM,GC=F,2026-06-30 23:00:00,0.02655926,0.023314303
CEEMDAN_LSTM,GC=F,2026-06-30 23:15:00,0.02655926,0.023317879
CEEMDAN_LSTM,GC=F,2026-06-30 23:30:00,0.026559258,0.023315273
CEEMDAN_LSTM,GC=F,2026-06-30 23:45:00,0.026559258,0.023332898
CEEMDAN_LSTM,GC=F,2026-07-01 00:00:00,0.026559254,0.023343315
CEEMDAN_LSTM,GC=F,2026-07-01 00:15:00,0.026559254,0.023362517
CEEMDAN_LSTM,GC=F,2026-07-01 00:30:00,0.026559254,0.02322986
CEEMDAN_LSTM,GC=F,2026-07-01 00:45:00,0.026559254,0.023215743
CEEMDAN_LSTM,GC=F,2026-07-01 01:00:00,0.026559254,0.02341829
CEEMDAN_LSTM,GC=F,2026-07-01 01:15:00,0.026559254,0.023400312
CEEMDAN_LSTM,GC=F,2026-07-01 01:30:00,0.026559254,0.02344514
CEEMDAN_LSTM,GC=F,2026-07-01 01:45:00,0.026559254,0.023445243
CEEMDAN_LSTM,GC=F,2026-07-01 02:00:00,0.026559258,0.023445083
CEEMDAN_LSTM,GC=F,2026-07-01 02:15:00,0.026559258,0.023472914
CEEMDAN_LSTM,GC=F,2026-07-01 02:30:00,0.02655926,0.023453739
CEEMDAN_LSTM,GC=F,2026-07-01 02:45:00,0.02655926,0.023467995
CEEMDAN_LSTM,GC=F,2026-07-01 03:00:00,0.026559258,0.023492604
CEEMDAN_LSTM,GC=F,2026-07-01 03:15:00,0.02655926,0.023486696
CEEMDAN_LSTM,GC=F,2026-07-01 03:30:00,0.026559258,0.023503112
CEEMDAN_LSTM,GC=F,2026-07-01 03:45:00,0.026559258,0.023484694
CEEMDAN_LSTM,GC=F,2026-07-01 04:00:00,0.026559258,0.02349541
CEEMDAN_LSTM,GC=F,2026-07-01 04:15:00,0.026559258,0.02348808
CEEMDAN_LSTM,GC=F,2026-07-01 04:30:00,0.026559258,0.023483727
CEEMDAN_LSTM,GC=F,2026-07-01 04:45:00,0.026559258,0.02347376
CEEMDAN_LSTM,GC=F,2026-07-01 05:00:00,0.026559258,0.023480585
CEEMDAN_LSTM,GC=F,2026-07-01 05:15:00,0.026559258,0.023457307
CEEMDAN_LSTM,GC=F,2026-07-01 05:30:00,0.026559254,0.023461096
CEEMDAN_LSTM,GC=F,2026-07-01 05:45:00,0.026559258,0.023294626
CEEMDAN_LSTM,GC=F,2026-07-01 06:00:00,0.026559258,0.023384636
CEEMDAN_LSTM,GC=F,2026-07-01 06:15:00,0.026559258,0.023395445
CEEMDAN_LSTM,GC=F,2026-07-01 06:30:00,0.026559258,0.023425637
CEEMDAN_LSTM,GC=F,2026-07-01 06:45:00,0.026559254,0.023426116
CEEMDAN_LSTM,GC=F,2026-07-01 07:00:00,0.026559258,0.023562187
CEEMDAN_LSTM,GC=F,2026-07-01 07:15:00,0.026559258,0.023576325
CEEMDAN_LSTM,GC=F,2026-07-01 07:30:00,0.026559258,0.02364853
CEEMDAN_LSTM,GC=F,2026-07-01 07:45:00,0.026559258,0.023680745
CEEMDAN_LSTM,GC=F,2026-07-01 08:00:00,0.026559258,0.023681296
CEEMDAN_LSTM,GC=F,2026-07-01 08:15:00,0.026559258,0.023713263
CEEMDAN_LSTM,GC=F,2026-07-01 08:30:00,0.026559254,0.023715576
CEEMDAN_LSTM,GC=F,2026-07-01 08:45:00,0.026559258,0.02372107
CEEMDAN_LSTM,GC=F,2026-07-01 09:00:00,0.026559258,0.023725267
CEEMDAN_LSTM,GC=F,2026-07-01 09:15:00,0.02655926,0.023742408
CEEMDAN_LSTM,GC=F,2026-07-01 09:30:00,0.02655926,0.023752626
CEEMDAN_LSTM,GC=F,2026-07-01 09:45:00,0.02655926,0.023769516
CEEMDAN_LSTM,GC=F,2026-07-01 10:00:00,0.026559262,0.023769325
CEEMDAN_LSTM,GC=F,2026-07-01 10:15:00,0.02655926,0.02378337
CEEMDAN_LSTM,GC=F,2026-07-01 10:30:00,0.026559258,0.023783283
CEEMDAN_LSTM,GC=F,2026-07-01 10:45:00,0.02655926,0.023966826
CEEMDAN_LSTM,GC=F,2026-07-01 11:00:00,0.026559258,0.0243903
CEEMDAN_LSTM,GC=F,2026-07-01 11:15:00,0.02655926,0.024524862
CEEMDAN_LSTM,GC=F,2026-07-01 11:30:00,0.02655926,0.02453945
CEEMDAN_LSTM,GC=F,2026-07-01 11:45:00,0.02655926,0.024540944
CEEMDAN_LSTM,GC=F,2026-07-01 12:00:00,0.02655926,0.024616644
CEEMDAN_LSTM,GC=F,2026-07-01 12:15:00,0.02655926,0.024635917
CEEMDAN_LSTM,GC=F,2026-07-01 12:30:00,0.026559262,0.024636345
CEEMDAN_LSTM,GC=F,2026-07-01 12:45:00,0.02655926,0.024648039
CEEMDAN_LSTM,GC=F,2026-07-01 13:00:00,0.026559262,0.024468195
CEEMDAN_LSTM,GC=F,2026-07-01 13:15:00,0.026559262,0.025157142
CEEMDAN_LSTM,GC=F,2026-07-01 13:30:00,0.026559262,0.02812894
CEEMDAN_LSTM,GC=F,2026-07-01 13:45:00,0.026559263,0.028209124
CEEMDAN_LSTM,GC=F,2026-07-01 14:00:00,0.026559262,0.028218236
CEEMDAN_LSTM,GC=F,2026-07-01 14:15:00,0.026559262,0.028196158
CEEMDAN_LSTM,GC=F,2026-07-01 14:30:00,0.026559262,0.02823103
CEEMDAN_LSTM,GC=F,2026-07-01 14:45:00,0.02655926,0.02823112
CEEMDAN_LSTM,GC=F,2026-07-01 15:00:00,0.02655926,0.028295904
CEEMDAN_LSTM,GC=F,2026-07-01 15:15:00,0.026559262,0.028167017
CEEMDAN_LSTM,GC=F,2026-07-01 15:30:00,0.026559262,0.027712401
CEEMDAN_LSTM,GC=F,2026-07-01 15:45:00,0.026559262,0.027714977
CEEMDAN_LSTM,GC=F,2026-07-01 16:00:00,0.02655926,0.027488654
CEEMDAN_LSTM,GC=F,2026-07-01 16:15:00,0.02655926,0.027465327
CEEMDAN_LSTM,GC=F,2026-07-01 16:30:00,0.02655926,0.027525423
CEEMDAN_LSTM,GC=F,2026-07-01 16:45:00,0.02655926,0.027532853
CEEMDAN_LSTM,GC=F,2026-07-01 17:00:00,0.02655926,0.027532823
CEEMDAN_LSTM,GC=F,2026-07-01 17:15:00,0.02655926,0.027485916
CEEMDAN_LSTM,GC=F,2026-07-01 17:30:00,0.02655926,0.027414035
CEEMDAN_LSTM,GC=F,2026-07-01 17:45:00,0.02655926,0.027380848
CEEMDAN_LSTM,GC=F,2026-07-01 18:00:00,0.026559262,0.027371198
CEEMDAN_LSTM,GC=F,2026-07-01 18:15:00,0.02655926,0.027426315
CEEMDAN_LSTM,GC=F,2026-07-01 18:30:00,0.02655926,0.027407104
CEEMDAN_LSTM,GC=F,2026-07-01 18:45:00,0.02655926,0.027406665
CEEMDAN_LSTM,GC=F,2026-07-01 19:00:00,0.02655926,0.027403992
CEEMDAN_LSTM,GC=F,2026-07-01 19:15:00,0.02655926,0.027450299
CEEMDAN_LSTM,GC=F,2026-07-01 19:30:00,0.02655926,0.027403196
CEEMDAN_LSTM,GC=F,2026-07-01 19:45:00,0.02655926,0.027626561
CEEMDAN_LSTM,GC=F,2026-07-01 20:00:00,0.026559262,0.027616674
CEEMDAN_LSTM,GC=F,2026-07-01 20:15:00,0.026559262,0.0275838
CEEMDAN_LSTM,GC=F,2026-07-01 20:30:00,0.02655926,0.027603662
CEEMDAN_LSTM,GC=F,2026-07-01 20:45:00,0.026559262,0.027590318
CEEMDAN_LSTM,GC=F,2026-07-01 21:00:00,0.026559262,0.027562767
CEEMDAN_LSTM,GC=F,2026-07-01 21:15:00,0.026559263,0.027559517
CEEMDAN_LSTM,GC=F,2026-07-01 21:30:00,0.026559263,0.027559102
CEEMDAN_LSTM,GC=F,2026-07-01 21:45:00,0.026559263,0.027557714
CEEMDAN_LSTM,GC=F,2026-07-01 22:00:00,0.026559263,0.027570628
CEEMDAN_LSTM,GC=F,2026-07-01 22:15:00,0.026559263,0.027517773
CEEMDAN_LSTM,GC=F,2026-07-01 22:30:00,0.026559263,0.027507754
CEEMDAN_LSTM,GC=F,2026-07-01 22:45:00,0.026559263,0.027538253
CEEMDAN_LSTM,GC=F,2026-07-01 23:00:00,0.026559263,0.027594896
CEEMDAN_LSTM,GC=F,2026-07-01 23:15:00,0.026559263,0.027585797
CEEMDAN_LSTM,GC=F,2026-07-01 23:30:00,0.026559263,0.027555056
CEEMDAN_LSTM,GC=F,2026-07-01 23:45:00,0.026559263,0.02746725
CEEMDAN_LSTM,GC=F,2026-07-02 00:00:00,0.026559265,0.027564425
CEEMDAN_LSTM,GC=F,2026-07-02 00:15:00,0.026559263,0.027553748
CEEMDAN_LSTM,GC=F,2026-07-02 00:30:00,0.026559263,0.027601602
CEEMDAN_LSTM,GC=F,2026-07-02 00:45:00,0.026559265,0.027620904
CEEMDAN_LSTM,GC=F,2026-07-02 01:00:00,0.026559263,0.027755342
CEEMDAN_LSTM,GC=F,2026-07-02 01:15:00,0.026559263,0.027902674
CEEMDAN_LSTM,GC=F,2026-07-02 01:30:00,0.026559265,0.027929472
CEEMDAN_LSTM,GC=F,2026-07-02 01:45:00,0.026559265,0.027932823
CEEMDAN_LSTM,GC=F,2026-07-02 02:00:00,0.026559265,0.027931904
CEEMDAN_LSTM,GC=F,2026-07-02 02:15:00,0.026559265,0.027935177
CEEMDAN_LSTM,GC=F,2026-07-02 02:30:00,0.026559265,0.027946131
CEEMDAN_LSTM,GC=F,2026-07-02 02:45:00,0.026559265,0.027929066
CEEMDAN_LSTM,GC=F,2026-07-02 03:00:00,0.026559265,0.02785148
CEEMDAN_LSTM,GC=F,2026-07-02 03:15:00,0.026559265,0.027812177
CEEMDAN_LSTM,GC=F,2026-07-02 03:30:00,0.026559263,0.027768953
CEEMDAN_LSTM,GC=F,2026-07-02 03:45:00,0.026559265,0.027786732
CEEMDAN_LSTM,GC=F,2026-07-02 04:00:00,0.026559265,0.02777319
CEEMDAN_LSTM,GC=F,2026-07-02 04:15:00,0.026559265,0.027696885
CEEMDAN_LSTM,GC=F,2026-07-02 04:30:00,0.026559265,0.027703922
