model_name,asset_symbol,timestamp,predicted_value,real_value
CEEMDAN_LSTM,BTC-USD,2026-06-03 12:45:00,0.043221407,0.04350654
CEEMDAN_LSTM,BTC-USD,2026-06-03 13:00:00,0.043188058,0.04351169
CEEMDAN_LSTM,BTC-USD,2026-06-03 13:15:00,0.043139886,0.043679703
CEEMDAN_LSTM,BTC-USD,2026-06-03 13:30:00,0.04333542,0.04368053
CEEMDAN_LSTM,BTC-USD,2026-06-03 13:45:00,0.043482922,0.04373412
CEEMDAN_LSTM,BTC-USD,2026-06-03 14:00:00,0.0433243,0.043734483
CEEMDAN_LSTM,BTC-USD,2026-06-03 14:15:00,0.043256436,0.043740556
CEEMDAN_LSTM,BTC-USD,2026-06-03 14:30:00,0.043371826,0.043640867
CEEMDAN_LSTM,BTC-USD,2026-06-03 14:45:00,0.043438833,0.04366177
CEEMDAN_LSTM,BTC-USD,2026-06-03 15:00:00,0.04327674,0.0438682
CEEMDAN_LSTM,BTC-USD,2026-06-03 15:15:00,0.04338181,0.04382365
CEEMDAN_LSTM,BTC-USD,2026-06-03 15:30:00,0.043453198,0.043995276
CEEMDAN_LSTM,BTC-USD,2026-06-03 15:45:00,0.043504685,0.044085503
CEEMDAN_LSTM,BTC-USD,2026-06-03 16:00:00,0.043762773,0.043946628
CEEMDAN_LSTM,BTC-USD,2026-06-03 16:15:00,0.043631583,0.044665255
CEEMDAN_LSTM,BTC-USD,2026-06-03 16:30:00,0.043783985,0.04495447
CEEMDAN_LSTM,BTC-USD,2026-06-03 16:45:00,0.04387739,0.044962656
CEEMDAN_LSTM,BTC-USD,2026-06-03 17:00:00,0.043821566,0.045055687
CEEMDAN_LSTM,BTC-USD,2026-06-03 17:15:00,0.044320706,0.045242157
CEEMDAN_LSTM,BTC-USD,2026-06-03 17:30:00,0.04433247,0.045172695
CEEMDAN_LSTM,BTC-USD,2026-06-03 17:45:00,0.044191185,0.045199607
CEEMDAN_LSTM,BTC-USD,2026-06-03 18:00:00,0.044427764,0.045169905
CEEMDAN_LSTM,BTC-USD,2026-06-03 18:15:00,0.044553734,0.045163225
CEEMDAN_LSTM,BTC-USD,2026-06-03 18:30:00,0.04452417,0.045233145
CEEMDAN_LSTM,BTC-USD,2026-06-03 18:45:00,0.04436688,0.045227285
CEEMDAN_LSTM,BTC-USD,2026-06-03 19:00:00,0.04443677,0.045201026
CEEMDAN_LSTM,BTC-USD,2026-06-03 19:15:00,0.044638056,0.045331232
CEEMDAN_LSTM,BTC-USD,2026-06-03 19:30:00,0.044881884,0.045350347
CEEMDAN_LSTM,BTC-USD,2026-06-03 19:45:00,0.044733375,0.045543272
CEEMDAN_LSTM,BTC-USD,2026-06-03 20:00:00,0.044870272,0.045606192
CEEMDAN_LSTM,BTC-USD,2026-06-03 20:15:00,0.044824954,0.045558143
CEEMDAN_LSTM,BTC-USD,2026-06-03 20:30:00,0.04473341,0.045792527
CEEMDAN_LSTM,BTC-USD,2026-06-03 20:45:00,0.045063935,0.04585814
CEEMDAN_LSTM,BTC-USD,2026-06-03 21:00:00,0.045351796,0.04633108
CEEMDAN_LSTM,BTC-USD,2026-06-03 21:15:00,0.04485131,0.046368223
CEEMDAN_LSTM,BTC-USD,2026-06-03 21:30:00,0.0449177,0.046327785
CEEMDAN_LSTM,BTC-USD,2026-06-03 21:45:00,0.04534084,0.046464555
CEEMDAN_LSTM,BTC-USD,2026-06-03 22:00:00,0.045299765,0.0468786
CEEMDAN_LSTM,BTC-USD,2026-06-03 22:15:00,0.04587688,0.046891667
CEEMDAN_LSTM,BTC-USD,2026-06-03 22:30:00,0.046326786,0.046905074
CEEMDAN_LSTM,BTC-USD,2026-06-03 22:45:00,0.0462515,0.046927717
CEEMDAN_LSTM,BTC-USD,2026-06-03 23:00:00,0.04629041,0.0471122
CEEMDAN_LSTM,BTC-USD,2026-06-03 23:15:00,0.04651905,0.04712856
CEEMDAN_LSTM,BTC-USD,2026-06-03 23:30:00,0.04652242,0.047228523
CEEMDAN_LSTM,BTC-USD,2026-06-03 23:45:00,0.046477076,0.047179133
CEEMDAN_LSTM,BTC-USD,2026-06-04 00:00:00,0.046541486,0.047268663
CEEMDAN_LSTM,BTC-USD,2026-06-04 00:15:00,0.046239145,0.048930407
CEEMDAN_LSTM,BTC-USD,2026-06-04 00:30:00,0.047137838,0.049001694
CEEMDAN_LSTM,BTC-USD,2026-06-04 00:45:00,0.047567688,0.04913375
CEEMDAN_LSTM,BTC-USD,2026-06-04 01:00:00,0.047773466,0.04921895
CEEMDAN_LSTM,BTC-USD,2026-06-04 01:15:00,0.048100047,0.049556896
CEEMDAN_LSTM,BTC-USD,2026-06-04 01:30:00,0.04824931,0.049631458
CEEMDAN_LSTM,BTC-USD,2026-06-04 01:45:00,0.047954578,0.050666742
CEEMDAN_LSTM,BTC-USD,2026-06-04 02:00:00,0.04870888,0.050866492
CEEMDAN_LSTM,BTC-USD,2026-06-04 02:15:00,0.04863202,0.051867418
CEEMDAN_LSTM,BTC-USD,2026-06-04 02:30:00,0.047876816,0.052328665
CEEMDAN_LSTM,BTC-USD,2026-06-04 02:45:00,0.048433922,0.052327164
CEEMDAN_LSTM,BTC-USD,2026-06-04 03:00:00,0.049824446,0.053471018
CEEMDAN_LSTM,BTC-USD,2026-06-04 03:15:00,0.049302697,0.05339725
CEEMDAN_LSTM,BTC-USD,2026-06-04 03:30:00,0.050464492,0.053946074
CEEMDAN_LSTM,BTC-USD,2026-06-04 03:45:00,0.050464958,0.05394508
CEEMDAN_LSTM,BTC-USD,2026-06-04 04:00:00,0.05122391,0.053907774
CEEMDAN_LSTM,BTC-USD,2026-06-04 04:15:00,0.051319677,0.05390852
CEEMDAN_LSTM,BTC-USD,2026-06-04 04:30:00,0.051674865,0.05385693
CEEMDAN_LSTM,BTC-USD,2026-06-04 04:45:00,0.05214841,0.05380913
CEEMDAN_LSTM,BTC-USD,2026-06-04 05:00:00,0.052036427,0.054193486
CEEMDAN_LSTM,BTC-USD,2026-06-04 05:15:00,0.05241822,0.054183774
CEEMDAN_LSTM,BTC-USD,2026-06-04 05:30:00,0.05236991,0.054653767
CEEMDAN_LSTM,BTC-USD,2026-06-04 05:45:00,0.051454917,0.054840043
CEEMDAN_LSTM,BTC-USD,2026-06-04 06:00:00,0.052358184,0.05507699
CEEMDAN_LSTM,BTC-USD,2026-06-04 06:15:00,0.052059453,0.054784693
CEEMDAN_LSTM,BTC-USD,2026-06-04 06:30:00,0.05226456,0.054719917
CEEMDAN_LSTM,BTC-USD,2026-06-04 06:45:00,0.052207623,0.054871544
CEEMDAN_LSTM,BTC-USD,2026-06-04 07:00:00,0.052592248,0.054868717
CEEMDAN_LSTM,BTC-USD,2026-06-04 07:15:00,0.05269215,0.054784484
CEEMDAN_LSTM,BTC-USD,2026-06-04 07:30:00,0.05239878,0.054780778
CEEMDAN_LSTM,BTC-USD,2026-06-04 07:45:00,0.051774364,0.054854065
CEEMDAN_LSTM,BTC-USD,2026-06-04 08:00:00,0.052351903,0.05494507
CEEMDAN_LSTM,BTC-USD,2026-06-04 08:15:00,0.052561026,0.05492066
CEEMDAN_LSTM,BTC-USD,2026-06-04 08:30:00,0.052013814,0.054921206
CEEMDAN_LSTM,BTC-USD,2026-06-04 08:45:00,0.0519803,0.055037014
CEEMDAN_LSTM,BTC-USD,2026-06-04 09:00:00,0.05179928,0.05514315
CEEMDAN_LSTM,BTC-USD,2026-06-04 09:15:00,0.052401572,0.055575795
CEEMDAN_LSTM,BTC-USD,2026-06-04 09:30:00,0.053094268,0.055585425
CEEMDAN_LSTM,BTC-USD,2026-06-04 09:45:00,0.05278716,0.055938885
CEEMDAN_LSTM,BTC-USD,2026-06-04 10:00:00,0.05206126,0.056241203
CEEMDAN_LSTM,BTC-USD,2026-06-04 10:15:00,0.053135984,0.056391113
CEEMDAN_LSTM,BTC-USD,2026-06-04 10:30:00,0.05382952,0.05652872
CEEMDAN_LSTM,BTC-USD,2026-06-04 10:45:00,0.053079877,0.0566795
CEEMDAN_LSTM,BTC-USD,2026-06-04 11:00:00,0.053469937,0.05671264
CEEMDAN_LSTM,BTC-USD,2026-06-04 11:15:00,0.053697992,0.057010245
CEEMDAN_LSTM,BTC-USD,2026-06-04 11:30:00,0.052972194,0.057244707
CEEMDAN_LSTM,BTC-USD,2026-06-04 11:45:00,0.053758282,0.057457726
CEEMDAN_LSTM,BTC-USD,2026-06-04 12:00:00,0.05326327,0.057396963
CEEMDAN_LSTM,BTC-USD,2026-06-04 12:15:00,0.05342303,0.058595233
CEEMDAN_LSTM,BTC-USD,2026-06-04 12:30:00,0.052605353,0.058846794
CEEMDAN_LSTM,BTC-USD,2026-06-04 12:45:00,0.05340668,0.05894087
CEEMDAN_LSTM,BTC-USD,2026-06-04 13:00:00,0.05406856,0.058982193
CEEMDAN_LSTM,BTC-USD,2026-06-04 13:15:00,0.05484264,0.059021868
CEEMDAN_LSTM,BTC-USD,2026-06-04 13:30:00,0.055482093,0.05978584
CEEMDAN_LSTM,BTC-USD,2026-06-04 13:45:00,0.054335058,0.060042184
CEEMDAN_LSTM,BTC-USD,2026-06-04 14:00:00,0.054499496,0.060128007
CEEMDAN_LSTM,BTC-USD,2026-06-04 14:15:00,0.05513716,0.06020041
CEEMDAN_LSTM,BTC-USD,2026-06-04 14:30:00,0.056092452,0.0600865
CEEMDAN_LSTM,BTC-USD,2026-06-04 14:45:00,0.05647421,0.060077544
CEEMDAN_LSTM,BTC-USD,2026-06-04 15:00:00,0.056333102,0.0604432
CEEMDAN_LSTM,BTC-USD,2026-06-04 15:15:00,0.055545263,0.060725488
CEEMDAN_LSTM,BTC-USD,2026-06-04 15:30:00,0.056642935,0.06075134
CEEMDAN_LSTM,BTC-USD,2026-06-04 15:45:00,0.0568889,0.060730435
CEEMDAN_LSTM,BTC-USD,2026-06-04 16:00:00,0.056443498,0.0607886
CEEMDAN_LSTM,BTC-USD,2026-06-04 16:15:00,0.056664366,0.06076058
CEEMDAN_LSTM,BTC-USD,2026-06-04 16:30:00,0.05650313,0.060737595
CEEMDAN_LSTM,BTC-USD,2026-06-04 16:45:00,0.056086976,0.06071188
CEEMDAN_LSTM,BTC-USD,2026-06-04 17:00:00,0.056461673,0.06054264
CEEMDAN_LSTM,BTC-USD,2026-06-04 17:15:00,0.0562106,0.06037767
CEEMDAN_LSTM,BTC-USD,2026-06-04 17:30:00,0.056455586,0.060371887
CEEMDAN_LSTM,BTC-USD,2026-06-04 17:45:00,0.056164335,0.060799588
CEEMDAN_LSTM,BTC-USD,2026-06-04 18:00:00,0.05495658,0.06104302
CEEMDAN_LSTM,BTC-USD,2026-06-04 18:15:00,0.05600588,0.062185917
CEEMDAN_LSTM,BTC-USD,2026-06-04 18:30:00,0.054945167,0.062190287
CEEMDAN_LSTM,BTC-USD,2026-06-04 18:45:00,0.05603327,0.062205866
CEEMDAN_LSTM,BTC-USD,2026-06-04 19:00:00,0.056820635,0.06218444
CEEMDAN_LSTM,BTC-USD,2026-06-04 19:15:00,0.056827143,0.062249545
CEEMDAN_LSTM,BTC-USD,2026-06-04 19:30:00,0.056493163,0.062435627
CEEMDAN_LSTM,BTC-USD,2026-06-04 19:45:00,0.057322416,0.062423296
CEEMDAN_LSTM,BTC-USD,2026-06-04 20:00:00,0.057525113,0.062431596
CEEMDAN_LSTM,BTC-USD,2026-06-04 20:15:00,0.057404365,0.062426765
CEEMDAN_LSTM,BTC-USD,2026-06-04 20:30:00,0.05746117,0.06255892
CEEMDAN_LSTM,BTC-USD,2026-06-04 20:45:00,0.056887433,0.062490784
CEEMDAN_LSTM,BTC-USD,2026-06-04 21:00:00,0.057036024,0.062544905
CEEMDAN_LSTM,BTC-USD,2026-06-04 21:15:00,0.05708965,0.06267327
CEEMDAN_LSTM,BTC-USD,2026-06-04 21:30:00,0.057830013,0.062663265
CEEMDAN_LSTM,BTC-USD,2026-06-04 21:45:00,0.057688836,0.06271937
CEEMDAN_LSTM,BTC-USD,2026-06-04 22:00:00,0.05789453,0.06272131
CEEMDAN_LSTM,BTC-USD,2026-06-04 22:15:00,0.05767024,0.06271847
CEEMDAN_LSTM,BTC-USD,2026-06-04 22:30:00,0.057457622,0.06261476
CEEMDAN_LSTM,BTC-USD,2026-06-04 22:45:00,0.057247803,0.06272627
CEEMDAN_LSTM,BTC-USD,2026-06-04 23:00:00,0.057000928,0.06274695
CEEMDAN_LSTM,BTC-USD,2026-06-04 23:15:00,0.05752371,0.062773325
CEEMDAN_LSTM,BTC-USD,2026-06-04 23:30:00,0.057825625,0.06295799
CEEMDAN_LSTM,BTC-USD,2026-06-04 23:45:00,0.05722193,0.06299805
CEEMDAN_LSTM,BTC-USD,2026-06-05 00:00:00,0.05733218,0.06298494
CEEMDAN_LSTM,BTC-USD,2026-06-05 00:15:00,0.058033638,0.06308573
CEEMDAN_LSTM,BTC-USD,2026-06-05 00:30:00,0.057585288,0.063126996
CEEMDAN_LSTM,BTC-USD,2026-06-05 00:45:00,0.05813168,0.06324273
CEEMDAN_LSTM,BTC-USD,2026-06-05 01:00:00,0.058621358,0.06314417
CEEMDAN_LSTM,BTC-USD,2026-06-05 01:15:00,0.058574192,0.06314414
CEEMDAN_LSTM,BTC-USD,2026-06-05 01:30:00,0.058413126,0.06314742
CEEMDAN_LSTM,BTC-USD,2026-06-05 01:45:00,0.05815586,0.06307523
CEEMDAN_LSTM,BTC-USD,2026-06-05 02:00:00,0.05836616,0.06312042
CEEMDAN_LSTM,BTC-USD,2026-06-05 02:15:00,0.058665026,0.06353211
CEEMDAN_LSTM,BTC-USD,2026-06-05 02:30:00,0.059295755,0.0635424
CEEMDAN_LSTM,BTC-USD,2026-06-05 02:45:00,0.05876047,0.06356768
CEEMDAN_LSTM,BTC-USD,2026-06-05 03:00:00,0.05875178,0.06364532
CEEMDAN_LSTM,BTC-USD,2026-06-05 03:15:00,0.058983583,0.06376525
CEEMDAN_LSTM,BTC-USD,2026-06-05 03:30:00,0.05830361,0.06378119
CEEMDAN_LSTM,BTC-USD,2026-06-05 03:45:00,0.05827993,0.063756846
CEEMDAN_LSTM,BTC-USD,2026-06-05 04:00:00,0.05844302,0.06378998
CEEMDAN_LSTM,BTC-USD,2026-06-05 04:15:00,0.058451433,0.06403656
CEEMDAN_LSTM,BTC-USD,2026-06-05 04:30:00,0.058088355,0.06406865
CEEMDAN_LSTM,BTC-USD,2026-06-05 04:45:00,0.058903854,0.0647865
CEEMDAN_LSTM,BTC-USD,2026-06-05 05:00:00,0.058018856,0.06481181
CEEMDAN_LSTM,BTC-USD,2026-06-05 05:15:00,0.059492625,0.06408281
CEEMDAN_LSTM,BTC-USD,2026-06-05 05:30:00,0.05959536,0.064774275
CEEMDAN_LSTM,BTC-USD,2026-06-05 05:45:00,0.06053619,0.065358676
CEEMDAN_LSTM,BTC-USD,2026-06-05 06:00:00,0.0613246,0.06541723
CEEMDAN_LSTM,BTC-USD,2026-06-05 06:15:00,0.060978796,0.06553202
CEEMDAN_LSTM,BTC-USD,2026-06-05 06:30:00,0.060849223,0.065992706
CEEMDAN_LSTM,BTC-USD,2026-06-05 06:45:00,0.059202902,0.06605805
CEEMDAN_LSTM,BTC-USD,2026-06-05 07:00:00,0.06006588,0.06573926
CEEMDAN_LSTM,BTC-USD,2026-06-05 07:15:00,0.060917,0.066940166
CEEMDAN_LSTM,BTC-USD,2026-06-05 07:30:00,0.058754303,0.067650616
CEEMDAN_LSTM,BTC-USD,2026-06-05 07:45:00,0.058835372,0.06771188
CEEMDAN_LSTM,BTC-USD,2026-06-05 08:00:00,0.05996807,0.06784045
CEEMDAN_LSTM,BTC-USD,2026-06-05 08:15:00,0.06140574,0.06774053
CEEMDAN_LSTM,BTC-USD,2026-06-05 08:30:00,0.061562985,0.0677768
CEEMDAN_LSTM,BTC-USD,2026-06-05 08:45:00,0.061736144,0.067785904
CEEMDAN_LSTM,BTC-USD,2026-06-05 09:00:00,0.061383106,0.068456486
CEEMDAN_LSTM,BTC-USD,2026-06-05 09:15:00,0.060159877,0.06834912
CEEMDAN_LSTM,BTC-USD,2026-06-05 09:30:00,0.061092917,0.068496756
CEEMDAN_LSTM,BTC-USD,2026-06-05 09:45:00,0.06223571,0.06849884
CEEMDAN_LSTM,BTC-USD,2026-06-05 10:00:00,0.06208108,0.068511225
CEEMDAN_LSTM,BTC-USD,2026-06-05 10:15:00,0.06218437,0.068369165
CEEMDAN_LSTM,BTC-USD,2026-06-05 10:30:00,0.062429402,0.06839056
CEEMDAN_LSTM,BTC-USD,2026-06-05 10:45:00,0.062040307,0.06817399
CEEMDAN_LSTM,BTC-USD,2026-06-05 11:00:00,0.062335387,0.06824262
CEEMDAN_LSTM,BTC-USD,2026-06-05 11:15:00,0.062598124,0.068021275
CEEMDAN_LSTM,BTC-USD,2026-06-05 11:30:00,0.062056005,0.067992456
CEEMDAN_LSTM,BTC-USD,2026-06-05 11:45:00,0.0626994,0.067863286
CEEMDAN_LSTM,BTC-USD,2026-06-05 12:00:00,0.062594116,0.06791878
CEEMDAN_LSTM,BTC-USD,2026-06-05 12:15:00,0.061754808,0.067635596
CEEMDAN_LSTM,BTC-USD,2026-06-05 12:30:00,0.061578464,0.067675024
CEEMDAN_LSTM,BTC-USD,2026-06-05 12:45:00,0.06204406,0.06765121
CEEMDAN_LSTM,BTC-USD,2026-06-05 13:00:00,0.06210627,0.06747723
CEEMDAN_LSTM,BTC-USD,2026-06-05 13:15:00,0.06216576,0.0675086
CEEMDAN_LSTM,BTC-USD,2026-06-05 13:30:00,0.061975177,0.06747637
CEEMDAN_LSTM,BTC-USD,2026-06-05 13:45:00,0.06281722,0.06926777
CEEMDAN_LSTM,BTC-USD,2026-06-05 14:00:00,0.06507275,0.06911237
CEEMDAN_LSTM,BTC-USD,2026-06-05 14:15:00,0.063878626,0.069411084
CEEMDAN_LSTM,BTC-USD,2026-06-05 14:30:00,0.064156055,0.06964376
CEEMDAN_LSTM,BTC-USD,2026-06-05 14:45:00,0.06271443,0.06964457
CEEMDAN_LSTM,BTC-USD,2026-06-05 15:00:00,0.062900856,0.06976299
CEEMDAN_LSTM,BTC-USD,2026-06-05 15:15:00,0.06376597,0.069857724
CEEMDAN_LSTM,BTC-USD,2026-06-05 15:30:00,0.06322031,0.06998576
CEEMDAN_LSTM,BTC-USD,2026-06-05 15:45:00,0.064099915,0.0699938
CEEMDAN_LSTM,BTC-USD,2026-06-05 16:00:00,0.063470304,0.07039526
CEEMDAN_LSTM,BTC-USD,2026-06-05 16:15:00,0.06236789,0.070324935
CEEMDAN_LSTM,BTC-USD,2026-06-05 16:30:00,0.062942326,0.06997465
CEEMDAN_LSTM,BTC-USD,2026-06-05 16:45:00,0.06353297,0.07035008
CEEMDAN_LSTM,BTC-USD,2026-06-05 17:00:00,0.062295515,0.07053203
CEEMDAN_LSTM,BTC-USD,2026-06-05 17:15:00,0.06370506,0.070733026
CEEMDAN_LSTM,BTC-USD,2026-06-05 17:30:00,0.06462852,0.07072992
CEEMDAN_LSTM,BTC-USD,2026-06-05 17:45:00,0.064102605,0.070725046
CEEMDAN_LSTM,BTC-USD,2026-06-05 18:00:00,0.06372025,0.070773594
CEEMDAN_LSTM,BTC-USD,2026-06-05 18:15:00,0.06409817,0.07095987
CEEMDAN_LSTM,BTC-USD,2026-06-05 18:30:00,0.064952694,0.07082475
CEEMDAN_LSTM,BTC-USD,2026-06-05 18:45:00,0.06484718,0.0713872
CEEMDAN_LSTM,BTC-USD,2026-06-05 19:00:00,0.065208115,0.07095953
CEEMDAN_LSTM,BTC-USD,2026-06-05 19:15:00,0.06407321,0.07133011
CEEMDAN_LSTM,BTC-USD,2026-06-05 19:30:00,0.062423684,0.071327746
CEEMDAN_LSTM,BTC-USD,2026-06-05 19:45:00,0.06319314,0.071983054
CEEMDAN_LSTM,BTC-USD,2026-06-05 20:00:00,0.062206775,0.0718149
CEEMDAN_LSTM,BTC-USD,2026-06-05 20:15:00,0.06209863,0.07185079
CEEMDAN_LSTM,BTC-USD,2026-06-05 20:30:00,0.06270572,0.0720921
CEEMDAN_LSTM,BTC-USD,2026-06-05 20:45:00,0.06263979,0.07223118
CEEMDAN_LSTM,BTC-USD,2026-06-05 21:00:00,0.06263168,0.07229408
CEEMDAN_LSTM,BTC-USD,2026-06-05 21:15:00,0.06294863,0.072402045
CEEMDAN_LSTM,BTC-USD,2026-06-05 21:30:00,0.06400402,0.07257734
CEEMDAN_LSTM,BTC-USD,2026-06-05 21:45:00,0.06337334,0.0724843
CEEMDAN_LSTM,BTC-USD,2026-06-05 22:00:00,0.06415979,0.07259403
CEEMDAN_LSTM,BTC-USD,2026-06-05 22:15:00,0.06469132,0.07259613
CEEMDAN_LSTM,BTC-USD,2026-06-05 22:30:00,0.06423764,0.07275598
CEEMDAN_LSTM,BTC-USD,2026-06-05 22:45:00,0.06371406,0.072794
CEEMDAN_LSTM,BTC-USD,2026-06-05 23:00:00,0.06450508,0.07289574
CEEMDAN_LSTM,BTC-USD,2026-06-05 23:15:00,0.065175734,0.073112376
CEEMDAN_LSTM,BTC-USD,2026-06-05 23:30:00,0.06571098,0.07312038
CEEMDAN_LSTM,BTC-USD,2026-06-05 23:45:00,0.0655078,0.07324133
CEEMDAN_LSTM,BTC-USD,2026-06-06 00:00:00,0.06465329,0.07351669
CEEMDAN_LSTM,BTC-USD,2026-06-06 00:15:00,0.06413464,0.07351256
CEEMDAN_LSTM,BTC-USD,2026-06-06 00:30:00,0.06506611,0.07351853
CEEMDAN_LSTM,BTC-USD,2026-06-06 00:45:00,0.06554499,0.07332699
CEEMDAN_LSTM,BTC-USD,2026-06-06 01:00:00,0.06528914,0.07325147
CEEMDAN_LSTM,BTC-USD,2026-06-06 01:15:00,0.06531775,0.073301606
CEEMDAN_LSTM,BTC-USD,2026-06-06 01:30:00,0.0648048,0.0733861
CEEMDAN_LSTM,BTC-USD,2026-06-06 01:45:00,0.06547506,0.073377036
CEEMDAN_LSTM,BTC-USD,2026-06-06 02:00:00,0.06528859,0.07340518
CEEMDAN_LSTM,BTC-USD,2026-06-06 02:15:00,0.06546845,0.07340743
CEEMDAN_LSTM,BTC-USD,2026-06-06 02:30:00,0.06534216,0.07341102
CEEMDAN_LSTM,BTC-USD,2026-06-06 02:45:00,0.06490345,0.07340608
CEEMDAN_LSTM,BTC-USD,2026-06-06 03:00:00,0.064979576,0.073403545
CEEMDAN_LSTM,BTC-USD,2026-06-06 03:15:00,0.065232165,0.073397264
CEEMDAN_LSTM,BTC-USD,2026-06-06 03:30:00,0.06539757,0.07340789
CEEMDAN_LSTM,BTC-USD,2026-06-06 03:45:00,0.06557991,0.07337648
CEEMDAN_LSTM,BTC-USD,2026-06-06 04:00:00,0.065523714,0.073903464
CEEMDAN_LSTM,BTC-USD,2026-06-06 04:15:00,0.0667587,0.07383103
CEEMDAN_LSTM,BTC-USD,2026-06-06 04:30:00,0.06631058,0.07387151
CEEMDAN_LSTM,BTC-USD,2026-06-06 04:45:00,0.06571711,0.07402274
CEEMDAN_LSTM,BTC-USD,2026-06-06 05:00:00,0.064578205,0.0740874
CEEMDAN_LSTM,BTC-USD,2026-06-06 05:15:00,0.06509322,0.07549808
CEEMDAN_LSTM,BTC-USD,2026-06-06 05:30:00,0.06317482,0.075511515
CEEMDAN_LSTM,BTC-USD,2026-06-06 05:45:00,0.064664215,0.07551997
CEEMDAN_LSTM,BTC-USD,2026-06-06 06:00:00,0.065306485,0.07546571
CEEMDAN_LSTM,BTC-USD,2026-06-06 06:15:00,0.065451585,0.075473964
CEEMDAN_LSTM,BTC-USD,2026-06-06 06:30:00,0.06600233,0.07543606
CEEMDAN_LSTM,BTC-USD,2026-06-06 06:45:00,0.06637909,0.075379275
CEEMDAN_LSTM,BTC-USD,2026-06-06 07:00:00,0.06621797,0.07554451
CEEMDAN_LSTM,BTC-USD,2026-06-06 07:15:00,0.06555003,0.07516017
CEEMDAN_LSTM,BTC-USD,2026-06-06 07:30:00,0.066445954,0.07504208
CEEMDAN_LSTM,BTC-USD,2026-06-06 07:45:00,0.06599176,0.07500165
CEEMDAN_LSTM,BTC-USD,2026-06-06 08:00:00,0.066098474,0.07487695
CEEMDAN_LSTM,BTC-USD,2026-06-06 08:15:00,0.06584721,0.074939884
CEEMDAN_LSTM,BTC-USD,2026-06-06 08:30:00,0.065466076,0.07489577
CEEMDAN_LSTM,BTC-USD,2026-06-06 08:45:00,0.06614255,0.074883565
CEEMDAN_LSTM,BTC-USD,2026-06-06 09:00:00,0.06654248,0.074883655
CEEMDAN_LSTM,BTC-USD,2026-06-06 09:15:00,0.06665523,0.074901514
CEEMDAN_LSTM,BTC-USD,2026-06-06 09:30:00,0.066445254,0.07493351
CEEMDAN_LSTM,BTC-USD,2026-06-06 09:45:00,0.06706104,0.07495265
CEEMDAN_LSTM,BTC-USD,2026-06-06 10:00:00,0.067223236,0.075149104
CEEMDAN_LSTM,BTC-USD,2026-06-06 10:15:00,0.06774478,0.075036764
CEEMDAN_LSTM,BTC-USD,2026-06-06 10:30:00,0.06731571,0.07502873
CEEMDAN_LSTM,BTC-USD,2026-06-06 10:45:00,0.06697019,0.07497335
CEEMDAN_LSTM,BTC-USD,2026-06-06 11:00:00,0.066117465,0.07494293
CEEMDAN_LSTM,BTC-USD,2026-06-06 11:15:00,0.066090845,0.07500363
CEEMDAN_LSTM,BTC-USD,2026-06-06 11:30:00,0.06586775,0.07483648
CEEMDAN_LSTM,BTC-USD,2026-06-06 11:45:00,0.06603014,0.074787445
CEEMDAN_LSTM,BTC-USD,2026-06-06 12:00:00,0.0661422,0.07462968
CEEMDAN_LSTM,BTC-USD,2026-06-06 12:15:00,0.065705344,0.07474348
CEEMDAN_LSTM,BTC-USD,2026-06-06 12:30:00,0.06664846,0.07475647
CEEMDAN_LSTM,BTC-USD,2026-06-06 12:45:00,0.06625755,0.07473694
CEEMDAN_LSTM,BTC-USD,2026-06-06 13:00:00,0.0657173,0.07446517
CEEMDAN_LSTM,BTC-USD,2026-06-06 13:15:00,0.065962754,0.074460134
CEEMDAN_LSTM,BTC-USD,2026-06-06 13:30:00,0.06627797,0.074452244
CEEMDAN_LSTM,BTC-USD,2026-06-06 13:45:00,0.0661017,0.07443591
CEEMDAN_LSTM,BTC-USD,2026-06-06 14:00:00,0.06625544,0.07433835
CEEMDAN_LSTM,BTC-USD,2026-06-06 14:15:00,0.06579553,0.07432011
CEEMDAN_LSTM,BTC-USD,2026-06-06 14:30:00,0.06591051,0.07425168
CEEMDAN_LSTM,BTC-USD,2026-06-06 14:45:00,0.06576652,0.07427104
CEEMDAN_LSTM,BTC-USD,2026-06-06 15:00:00,0.06614107,0.07426257
CEEMDAN_LSTM,BTC-USD,2026-06-06 15:15:00,0.06636951,0.073121324
CEEMDAN_LSTM,BTC-USD,2026-06-06 15:30:00,0.06589852,0.07316097
CEEMDAN_LSTM,BTC-USD,2026-06-06 15:45:00,0.06482411,0.0730607
CEEMDAN_LSTM,BTC-USD,2026-06-06 16:00:00,0.06505317,0.07298254
CEEMDAN_LSTM,BTC-USD,2026-06-06 16:15:00,0.06498967,0.07276373
CEEMDAN_LSTM,BTC-USD,2026-06-06 16:30:00,0.06520115,0.07277597
CEEMDAN_LSTM,BTC-USD,2026-06-06 16:45:00,0.06443631,0.07197347
CEEMDAN_LSTM,BTC-USD,2026-06-06 17:00:00,0.064422034,0.071866706
CEEMDAN_LSTM,BTC-USD,2026-06-06 17:15:00,0.0642296,0.071212485
CEEMDAN_LSTM,BTC-USD,2026-06-06 17:30:00,0.06415492,0.07090691
CEEMDAN_LSTM,BTC-USD,2026-06-06 17:45:00,0.06358802,0.07087239
CEEMDAN_LSTM,BTC-USD,2026-06-06 18:00:00,0.06346438,0.069874786
CEEMDAN_LSTM,BTC-USD,2026-06-06 18:15:00,0.063278995,0.06997968
CEEMDAN_LSTM,BTC-USD,2026-06-06 18:30:00,0.06207417,0.06958954
CEEMDAN_LSTM,BTC-USD,2026-06-06 18:45:00,0.062372707,0.06959282
CEEMDAN_LSTM,BTC-USD,2026-06-06 19:00:00,0.06203268,0.0694713
CEEMDAN_LSTM,BTC-USD,2026-06-06 19:15:00,0.061750975,0.069486186
CEEMDAN_LSTM,BTC-USD,2026-06-06 19:30:00,0.061948206,0.06945078
CEEMDAN_LSTM,BTC-USD,2026-06-06 19:45:00,0.06181859,0.06945078
CEEMDAN_LSTM,BTC-USD,2026-06-06 20:00:00,0.061729796,0.06913134
CEEMDAN_LSTM,BTC-USD,2026-06-06 20:15:00,0.06168897,0.06912122
CEEMDAN_LSTM,BTC-USD,2026-06-06 20:30:00,0.06139082,0.068817884
CEEMDAN_LSTM,BTC-USD,2026-06-06 20:45:00,0.061098438,0.06864297
CEEMDAN_LSTM,BTC-USD,2026-06-06 21:00:00,0.06116201,0.06850382
CEEMDAN_LSTM,BTC-USD,2026-06-06 21:15:00,0.06082723,0.06851457
CEEMDAN_LSTM,BTC-USD,2026-06-06 21:30:00,0.060722273,0.06850419
CEEMDAN_LSTM,BTC-USD,2026-06-06 21:45:00,0.06101101,0.068353504
CEEMDAN_LSTM,BTC-USD,2026-06-06 22:00:00,0.061123025,0.06831102
CEEMDAN_LSTM,BTC-USD,2026-06-06 22:15:00,0.061150488,0.06833786
CEEMDAN_LSTM,BTC-USD,2026-06-06 22:30:00,0.061111573,0.06826984
CEEMDAN_LSTM,BTC-USD,2026-06-06 22:45:00,0.060453888,0.0681008
CEEMDAN_LSTM,BTC-USD,2026-06-06 23:00:00,0.06048515,0.068063565
CEEMDAN_LSTM,BTC-USD,2026-06-06 23:15:00,0.060090404,0.068041615
CEEMDAN_LSTM,BTC-USD,2026-06-06 23:30:00,0.06022453,0.06808788
CEEMDAN_LSTM,BTC-USD,2026-06-06 23:45:00,0.059985876,0.068011254
CEEMDAN_LSTM,BTC-USD,2026-06-07 00:00:00,0.06011064,0.06788732
CEEMDAN_LSTM,BTC-USD,2026-06-07 00:15:00,0.060298845,0.06748346
CEEMDAN_LSTM,BTC-USD,2026-06-07 00:30:00,0.060119875,0.067482896
CEEMDAN_LSTM,BTC-USD,2026-06-07 00:45:00,0.059872475,0.0672213
CEEMDAN_LSTM,BTC-USD,2026-06-07 01:00:00,0.059676223,0.06748126
CEEMDAN_LSTM,BTC-USD,2026-06-07 01:15:00,0.05859763,0.06746754
CEEMDAN_LSTM,BTC-USD,2026-06-07 01:30:00,0.05879954,0.06743374
CEEMDAN_LSTM,BTC-USD,2026-06-07 01:45:00,0.059837837,0.067276984
CEEMDAN_LSTM,BTC-USD,2026-06-07 02:00:00,0.059855185,0.06723648
CEEMDAN_LSTM,BTC-USD,2026-06-07 02:15:00,0.059827972,0.067065194
CEEMDAN_LSTM,BTC-USD,2026-06-07 02:30:00,0.05998428,0.06683624
CEEMDAN_LSTM,BTC-USD,2026-06-07 02:45:00,0.05954768,0.06674192
CEEMDAN_LSTM,BTC-USD,2026-06-07 03:00:00,0.059091777,0.06674394
CEEMDAN_LSTM,BTC-USD,2026-06-07 03:15:00,0.059178747,0.065803
CEEMDAN_LSTM,BTC-USD,2026-06-07 03:30:00,0.05903235,0.06559265
CEEMDAN_LSTM,BTC-USD,2026-06-07 03:45:00,0.05873295,0.06552299
CEEMDAN_LSTM,BTC-USD,2026-06-07 04:00:00,0.058519404,0.06551142
CEEMDAN_LSTM,BTC-USD,2026-06-07 04:15:00,0.05872242,0.065267846
CEEMDAN_LSTM,BTC-USD,2026-06-07 04:30:00,0.058487937,0.064666755
CEEMDAN_LSTM,BTC-USD,2026-06-07 04:45:00,0.057958867,0.06438227
CEEMDAN_LSTM,BTC-USD,2026-06-07 05:00:00,0.057526756,0.06431449
CEEMDAN_LSTM,BTC-USD,2026-06-07 05:15:00,0.05753313,0.0642574
CEEMDAN_LSTM,BTC-USD,2026-06-07 05:30:00,0.057744518,0.06426146
CEEMDAN_LSTM,BTC-USD,2026-06-07 05:45:00,0.05728823,0.06428591
CEEMDAN_LSTM,BTC-USD,2026-06-07 06:00:00,0.057534277,0.06396143
CEEMDAN_LSTM,BTC-USD,2026-06-07 06:15:00,0.057582173,0.06385394
CEEMDAN_LSTM,BTC-USD,2026-06-07 06:30:00,0.056791853,0.063938804
CEEMDAN_LSTM,BTC-USD,2026-06-07 06:45:00,0.05656891,0.06394922
CEEMDAN_LSTM,BTC-USD,2026-06-07 07:00:00,0.057126194,0.06386026
CEEMDAN_LSTM,BTC-USD,2026-06-07 07:15:00,0.05711256,0.06388057
CEEMDAN_LSTM,BTC-USD,2026-06-07 07:30:00,0.05686262,0.06384315
CEEMDAN_LSTM,BTC-USD,2026-06-07 07:45:00,0.056944687,0.06382171
CEEMDAN_LSTM,BTC-USD,2026-06-07 08:00:00,0.056692727,0.06382067
CEEMDAN_LSTM,BTC-USD,2026-06-07 08:15:00,0.056912955,0.06360468
CEEMDAN_LSTM,BTC-USD,2026-06-07 08:30:00,0.05672649,0.06354937
CEEMDAN_LSTM,BTC-USD,2026-06-07 08:45:00,0.056678977,0.06325316
CEEMDAN_LSTM,BTC-USD,2026-06-07 09:00:00,0.056263946,0.062965065
CEEMDAN_LSTM,BTC-USD,2026-06-07 09:15:00,0.05652617,0.061937083
CEEMDAN_LSTM,BTC-USD,2026-06-07 09:30:00,0.056717366,0.061984334
CEEMDAN_LSTM,BTC-USD,2026-06-07 09:45:00,0.05628655,0.061960194
CEEMDAN_LSTM,BTC-USD,2026-06-07 10:00:00,0.05588129,0.061980505
CEEMDAN_LSTM,BTC-USD,2026-06-07 10:15:00,0.05589484,0.06188197
CEEMDAN_LSTM,BTC-USD,2026-06-07 10:30:00,0.05555883,0.061700262
CEEMDAN_LSTM,BTC-USD,2026-06-07 10:45:00,0.055796728,0.061650008
CEEMDAN_LSTM,BTC-USD,2026-06-07 11:00:00,0.0555517,0.06165538
CEEMDAN_LSTM,BTC-USD,2026-06-07 11:15:00,0.055250596,0.061603796
CEEMDAN_LSTM,BTC-USD,2026-06-07 11:30:00,0.055250663,0.061541557
CEEMDAN_LSTM,BTC-USD,2026-06-07 11:45:00,0.055191603,0.06153204
CEEMDAN_LSTM,BTC-USD,2026-06-07 12:00:00,0.05550102,0.062075023
CEEMDAN_LSTM,BTC-USD,2026-06-07 12:15:00,0.056441255,0.06195748
CEEMDAN_LSTM,BTC-USD,2026-06-07 12:30:00,0.05631424,0.062130272
CEEMDAN_LSTM,BTC-USD,2026-06-07 12:45:00,0.056277093,0.06217583
CEEMDAN_LSTM,BTC-USD,2026-06-07 13:00:00,0.055472367,0.06220766
CEEMDAN_LSTM,BTC-USD,2026-06-07 13:15:00,0.055875078,0.062209822
CEEMDAN_LSTM,BTC-USD,2026-06-07 13:30:00,0.05577811,0.06217886
CEEMDAN_LSTM,BTC-USD,2026-06-07 13:45:00,0.05591757,0.062076453
CEEMDAN_LSTM,BTC-USD,2026-06-07 14:00:00,0.05584768,0.062064286
CEEMDAN_LSTM,BTC-USD,2026-06-07 14:15:00,0.05558635,0.062215425
CEEMDAN_LSTM,BTC-USD,2026-06-07 14:30:00,0.055190742,0.0620412
CEEMDAN_LSTM,BTC-USD,2026-06-07 14:45:00,0.055738494,0.06202032
CEEMDAN_LSTM,BTC-USD,2026-06-07 15:00:00,0.0558362,0.061934557
CEEMDAN_LSTM,BTC-USD,2026-06-07 15:15:00,0.05579879,0.0618448
CEEMDAN_LSTM,BTC-USD,2026-06-07 15:30:00,0.05542936,0.061825167
CEEMDAN_LSTM,BTC-USD,2026-06-07 15:45:00,0.055152472,0.061687496
CEEMDAN_LSTM,BTC-USD,2026-06-07 16:00:00,0.05537842,0.061690755
CEEMDAN_LSTM,BTC-USD,2026-06-07 16:15:00,0.05528496,0.06169084
CEEMDAN_LSTM,BTC-USD,2026-06-07 16:30:00,0.055314496,0.06166427
CEEMDAN_LSTM,BTC-USD,2026-06-07 16:45:00,0.05536636,0.06166624
CEEMDAN_LSTM,BTC-USD,2026-06-07 17:00:00,0.05543398,0.06168735
CEEMDAN_LSTM,BTC-USD,2026-06-07 17:15:00,0.055008728,0.061221227
CEEMDAN_LSTM,BTC-USD,2026-06-07 17:30:00,0.055313516,0.061218068
CEEMDAN_LSTM,BTC-USD,2026-06-07 17:45:00,0.05508981,0.061205376
CEEMDAN_LSTM,BTC-USD,2026-06-07 18:00:00,0.055218063,0.061121363
CEEMDAN_LSTM,BTC-USD,2026-06-07 18:15:00,0.05490773,0.061023343
CEEMDAN_LSTM,BTC-USD,2026-06-07 18:30:00,0.05501127,0.06101282
CEEMDAN_LSTM,BTC-USD,2026-06-07 18:45:00,0.054995902,0.06106619
CEEMDAN_LSTM,BTC-USD,2026-06-07 19:00:00,0.055199794,0.06133992
CEEMDAN_LSTM,BTC-USD,2026-06-07 19:15:00,0.055635866,0.061134692
CEEMDAN_LSTM,BTC-USD,2026-06-07 19:30:00,0.055507533,0.06120584
CEEMDAN_LSTM,BTC-USD,2026-06-07 19:45:00,0.05547391,0.06049922
CEEMDAN_LSTM,BTC-USD,2026-06-07 20:00:00,0.05488746,0.06054719
CEEMDAN_LSTM,BTC-USD,2026-06-07 20:15:00,0.053977568,0.06056008
CEEMDAN_LSTM,BTC-USD,2026-06-07 20:30:00,0.053988345,0.059757292
CEEMDAN_LSTM,BTC-USD,2026-06-07 20:45:00,0.054277528,0.059091456
CEEMDAN_LSTM,BTC-USD,2026-06-07 21:00:00,0.05381087,0.058988567
CEEMDAN_LSTM,BTC-USD,2026-06-07 21:15:00,0.053109497,0.058655996
CEEMDAN_LSTM,BTC-USD,2026-06-07 21:30:00,0.05311262,0.058132667
CEEMDAN_LSTM,BTC-USD,2026-06-07 21:45:00,0.052813314,0.05804691
CEEMDAN_LSTM,BTC-USD,2026-06-07 22:00:00,0.052345265,0.06402389
CEEMDAN_LSTM,BTC-USD,2026-06-07 22:15:00,0.050238162,0.0635055
CEEMDAN_LSTM,BTC-USD,2026-06-07 22:30:00,0.05563308,0.0627789
CEEMDAN_LSTM,BTC-USD,2026-06-07 22:45:00,0.05588995,0.06284471
CEEMDAN_LSTM,BTC-USD,2026-06-07 23:00:00,0.055999752,0.062711455
CEEMDAN_LSTM,BTC-USD,2026-06-07 23:15:00,0.05557932,0.06284954
CEEMDAN_LSTM,BTC-USD,2026-06-07 23:30:00,0.05521632,0.062707335
CEEMDAN_LSTM,BTC-USD,2026-06-07 23:45:00,0.055540767,0.062693045
CEEMDAN_LSTM,BTC-USD,2026-06-08 00:00:00,0.055616233,0.061999418
CEEMDAN_LSTM,BTC-USD,2026-06-08 00:15:00,0.05591518,0.06213295
CEEMDAN_LSTM,BTC-USD,2026-06-08 00:30:00,0.055090856,0.0620372
CEEMDAN_LSTM,BTC-USD,2026-06-08 00:45:00,0.05506592,0.062048823
CEEMDAN_LSTM,BTC-USD,2026-06-08 01:00:00,0.05556934,0.06269658
CEEMDAN_LSTM,BTC-USD,2026-06-08 01:15:00,0.056565143,0.062750615
CEEMDAN_LSTM,BTC-USD,2026-06-08 01:30:00,0.056569126,0.06290596
CEEMDAN_LSTM,BTC-USD,2026-06-08 01:45:00,0.05558715,0.06288604
CEEMDAN_LSTM,BTC-USD,2026-06-08 02:00:00,0.055752803,0.0627909
CEEMDAN_LSTM,BTC-USD,2026-06-08 02:15:00,0.056174815,0.062747955
CEEMDAN_LSTM,BTC-USD,2026-06-08 02:30:00,0.056149364,0.06249368
CEEMDAN_LSTM,BTC-USD,2026-06-08 02:45:00,0.0560247,0.062459014
CEEMDAN_LSTM,BTC-USD,2026-06-08 03:00:00,0.05568413,0.06245086
CEEMDAN_LSTM,BTC-USD,2026-06-08 03:15:00,0.055475276,0.062481705
CEEMDAN_LSTM,BTC-USD,2026-06-08 03:30:00,0.055951707,0.06238022
CEEMDAN_LSTM,BTC-USD,2026-06-08 03:45:00,0.055964705,0.062379617
CEEMDAN_LSTM,BTC-USD,2026-06-08 04:00:00,0.05584304,0.062414233
CEEMDAN_LSTM,BTC-USD,2026-06-08 04:15:00,0.056034658,0.062384494
CEEMDAN_LSTM,BTC-USD,2026-06-08 04:30:00,0.056024835,0.0623344
CEEMDAN_LSTM,BTC-USD,2026-06-08 04:45:00,0.056232654,0.059621077
CEEMDAN_LSTM,BTC-USD,2026-06-08 05:00:00,0.055778258,0.059647184
CEEMDAN_LSTM,BTC-USD,2026-06-08 05:15:00,0.05436017,0.059170883
CEEMDAN_LSTM,BTC-USD,2026-06-08 05:30:00,0.053634897,0.058923546
CEEMDAN_LSTM,BTC-USD,2026-06-08 05:45:00,0.05367873,0.059092533
CEEMDAN_LSTM,BTC-USD,2026-06-08 06:00:00,0.052751716,0.05896701
CEEMDAN_LSTM,BTC-USD,2026-06-08 06:15:00,0.052635223,0.058917012
CEEMDAN_LSTM,BTC-USD,2026-06-08 06:30:00,0.05263609,0.058506016
CEEMDAN_LSTM,BTC-USD,2026-06-08 06:45:00,0.052877627,0.05849457
CEEMDAN_LSTM,BTC-USD,2026-06-08 07:00:00,0.052760813,0.058080204
CEEMDAN_LSTM,BTC-USD,2026-06-08 07:15:00,0.05254178,0.05809735
CEEMDAN_LSTM,BTC-USD,2026-06-08 07:30:00,0.052215487,0.058081202
CEEMDAN_LSTM,BTC-USD,2026-06-08 07:45:00,0.052387703,0.057421777
CEEMDAN_LSTM,BTC-USD,2026-06-08 08:00:00,0.052134775,0.05716558
CEEMDAN_LSTM,BTC-USD,2026-06-08 08:15:00,0.052072927,0.056846008
CEEMDAN_LSTM,BTC-USD,2026-06-08 08:30:00,0.051990468,0.05684344
CEEMDAN_LSTM,BTC-USD,2026-06-08 08:45:00,0.051591195,0.0568433
CEEMDAN_LSTM,BTC-USD,2026-06-08 09:00:00,0.0515982,0.056827832
CEEMDAN_LSTM,BTC-USD,2026-06-08 09:15:00,0.051317766,0.05626917
CEEMDAN_LSTM,BTC-USD,2026-06-08 09:30:00,0.051408075,0.056152828
CEEMDAN_LSTM,BTC-USD,2026-06-08 09:45:00,0.051279616,0.055337623
CEEMDAN_LSTM,BTC-USD,2026-06-08 10:00:00,0.05098668,0.055373807
CEEMDAN_LSTM,BTC-USD,2026-06-08 10:15:00,0.050783996,0.054987207
CEEMDAN_LSTM,BTC-USD,2026-06-08 10:30:00,0.05100696,0.05494592
CEEMDAN_LSTM,BTC-USD,2026-06-08 10:45:00,0.050457943,0.054191936
CEEMDAN_LSTM,BTC-USD,2026-06-08 11:00:00,0.050346054,0.05366378
CEEMDAN_LSTM,BTC-USD,2026-06-08 11:15:00,0.049639117,0.053721648
CEEMDAN_LSTM,BTC-USD,2026-06-08 11:30:00,0.049157713,0.053448156
CEEMDAN_LSTM,BTC-USD,2026-06-08 11:45:00,0.049307797,0.05315836
CEEMDAN_LSTM,BTC-USD,2026-06-08 12:00:00,0.04943122,0.054352857
CEEMDAN_LSTM,BTC-USD,2026-06-08 12:15:00,0.050040267,0.054451033
CEEMDAN_LSTM,BTC-USD,2026-06-08 12:30:00,0.049520873,0.054879002
CEEMDAN_LSTM,BTC-USD,2026-06-08 12:45:00,0.048919708,0.054848112
CEEMDAN_LSTM,BTC-USD,2026-06-08 13:00:00,0.049413938,0.054628626
CEEMDAN_LSTM,BTC-USD,2026-06-08 13:15:00,0.049885094,0.054691695
CEEMDAN_LSTM,BTC-USD,2026-06-08 13:30:00,0.05009012,0.054548264
CEEMDAN_LSTM,BTC-USD,2026-06-08 13:45:00,0.05011178,0.054641105
CEEMDAN_LSTM,BTC-USD,2026-06-08 14:00:00,0.049512565,0.05445841
CEEMDAN_LSTM,BTC-USD,2026-06-08 14:15:00,0.049512483,0.054140393
CEEMDAN_LSTM,BTC-USD,2026-06-08 14:30:00,0.049760856,0.05413906
CEEMDAN_LSTM,BTC-USD,2026-06-08 14:45:00,0.049401514,0.05401817
CEEMDAN_LSTM,BTC-USD,2026-06-08 15:00:00,0.049346812,0.05380926
CEEMDAN_LSTM,BTC-USD,2026-06-08 15:15:00,0.049143653,0.053867325
CEEMDAN_LSTM,BTC-USD,2026-06-08 15:30:00,0.049476754,0.053876303
CEEMDAN_LSTM,BTC-USD,2026-06-08 15:45:00,0.049604807,0.053890266
CEEMDAN_LSTM,BTC-USD,2026-06-08 16:00:00,0.049523942,0.05384964
CEEMDAN_LSTM,BTC-USD,2026-06-08 16:15:00,0.049387306,0.05381137
CEEMDAN_LSTM,BTC-USD,2026-06-08 16:30:00,0.049292613,0.05375836
CEEMDAN_LSTM,BTC-USD,2026-06-08 16:45:00,0.04959877,0.053810693
CEEMDAN_LSTM,BTC-USD,2026-06-08 17:00:00,0.0496303,0.053805463
CEEMDAN_LSTM,BTC-USD,2026-06-08 17:15:00,0.049575794,0.053957593
CEEMDAN_LSTM,BTC-USD,2026-06-08 17:30:00,0.049058188,0.054083858
CEEMDAN_LSTM,BTC-USD,2026-06-08 17:45:00,0.04957927,0.05414317
CEEMDAN_LSTM,BTC-USD,2026-06-08 18:00:00,0.049370557,0.054128792
CEEMDAN_LSTM,BTC-USD,2026-06-08 18:15:00,0.04936416,0.05411326
CEEMDAN_LSTM,BTC-USD,2026-06-08 18:30:00,0.049460348,0.054136995
CEEMDAN_LSTM,BTC-USD,2026-06-08 18:45:00,0.049697418,0.054139376
CEEMDAN_LSTM,BTC-USD,2026-06-08 19:00:00,0.049647935,0.05331274
CEEMDAN_LSTM,BTC-USD,2026-06-08 19:15:00,0.049620725,0.053270444
CEEMDAN_LSTM,BTC-USD,2026-06-08 19:30:00,0.049000874,0.053177122
CEEMDAN_LSTM,BTC-USD,2026-06-08 19:45:00,0.048971392,0.05301211
CEEMDAN_LSTM,BTC-USD,2026-06-08 20:00:00,0.049079888,0.052928023
CEEMDAN_LSTM,BTC-USD,2026-06-08 20:15:00,0.049024284,0.05106231
CEEMDAN_LSTM,BTC-USD,2026-06-08 20:30:00,0.048829842,0.05116247
CEEMDAN_LSTM,BTC-USD,2026-06-08 20:45:00,0.047460087,0.051143017
CEEMDAN_LSTM,BTC-USD,2026-06-08 21:00:00,0.047216564,0.05116201
CEEMDAN_LSTM,BTC-USD,2026-06-08 21:15:00,0.04710145,0.051113773
CEEMDAN_LSTM,BTC-USD,2026-06-08 21:30:00,0.04729639,0.05100464
CEEMDAN_LSTM,BTC-USD,2026-06-08 21:45:00,0.04732799,0.051035933
CEEMDAN_LSTM,BTC-USD,2026-06-08 22:00:00,0.047454204,0.051294737
CEEMDAN_LSTM,BTC-USD,2026-06-08 22:15:00,0.04790734,0.051192876
CEEMDAN_LSTM,BTC-USD,2026-06-08 22:30:00,0.047629263,0.05115475
CEEMDAN_LSTM,BTC-USD,2026-06-08 22:45:00,0.0474442,0.051189158
CEEMDAN_LSTM,BTC-USD,2026-06-08 23:00:00,0.04729788,0.051188566
CEEMDAN_LSTM,BTC-USD,2026-06-08 23:15:00,0.047237992,0.05148148
CEEMDAN_LSTM,BTC-USD,2026-06-08 23:30:00,0.047870696,0.051468387
CEEMDAN_LSTM,BTC-USD,2026-06-08 23:45:00,0.04789939,0.051447146
CEEMDAN_LSTM,BTC-USD,2026-06-09 00:00:00,0.04773471,0.051461566
CEEMDAN_LSTM,BTC-USD,2026-06-09 00:15:00,0.047742598,0.051646184
CEEMDAN_LSTM,BTC-USD,2026-06-09 00:30:00,0.047976337,0.051518593
CEEMDAN_LSTM,BTC-USD,2026-06-09 00:45:00,0.047886085,0.05153109
CEEMDAN_LSTM,BTC-USD,2026-06-09 01:00:00,0.047818445,0.051208526
CEEMDAN_LSTM,BTC-USD,2026-06-09 01:15:00,0.04759293,0.051217165
CEEMDAN_LSTM,BTC-USD,2026-06-09 01:30:00,0.047286887,0.051196456
CEEMDAN_LSTM,BTC-USD,2026-06-09 01:45:00,0.047430452,0.051118582
CEEMDAN_LSTM,BTC-USD,2026-06-09 02:00:00,0.047373403,0.05111987
CEEMDAN_LSTM,BTC-USD,2026-06-09 02:15:00,0.047347575,0.051058073
CEEMDAN_LSTM,BTC-USD,2026-06-09 02:30:00,0.047293782,0.051098336
CEEMDAN_LSTM,BTC-USD,2026-06-09 02:45:00,0.047366735,0.05120147
CEEMDAN_LSTM,BTC-USD,2026-06-09 03:00:00,0.047101658,0.051063046
CEEMDAN_LSTM,BTC-USD,2026-06-09 03:15:00,0.0471746,0.050852597
CEEMDAN_LSTM,BTC-USD,2026-06-09 03:30:00,0.047377005,0.050842836
CEEMDAN_LSTM,BTC-USD,2026-06-09 03:45:00,0.047245797,0.05074579
CEEMDAN_LSTM,BTC-USD,2026-06-09 04:00:00,0.04709603,0.05074676
CEEMDAN_LSTM,BTC-USD,2026-06-09 04:15:00,0.04696754,0.050736897
CEEMDAN_LSTM,BTC-USD,2026-06-09 04:30:00,0.047087252,0.051204197
CEEMDAN_LSTM,BTC-USD,2026-06-09 04:45:00,0.046641495,0.05116371
CEEMDAN_LSTM,BTC-USD,2026-06-09 05:00:00,0.047030605,0.051130373
CEEMDAN_LSTM,BTC-USD,2026-06-09 05:15:00,0.04731761,0.051136512
CEEMDAN_LSTM,BTC-USD,2026-06-09 05:30:00,0.047255788,0.05113317
CEEMDAN_LSTM,BTC-USD,2026-06-09 05:45:00,0.04722074,0.051068302
CEEMDAN_LSTM,BTC-USD,2026-06-09 06:00:00,0.047296803,0.05097424
CEEMDAN_LSTM,BTC-USD,2026-06-09 06:15:00,0.047264833,0.050975837
CEEMDAN_LSTM,BTC-USD,2026-06-09 06:30:00,0.04716155,0.050909355
CEEMDAN_LSTM,BTC-USD,2026-06-09 06:45:00,0.047289614,0.050897833
CEEMDAN_LSTM,BTC-USD,2026-06-09 07:00:00,0.04733772,0.050898276
CEEMDAN_LSTM,BTC-USD,2026-06-09 07:15:00,0.04726651,0.050999776
CEEMDAN_LSTM,BTC-USD,2026-06-09 07:30:00,0.047482565,0.050994765
CEEMDAN_LSTM,BTC-USD,2026-06-09 07:45:00,0.047233943,0.05099476
CEEMDAN_LSTM,BTC-USD,2026-06-09 08:00:00,0.04718333,0.05117557
CEEMDAN_LSTM,BTC-USD,2026-06-09 08:15:00,0.047551412,0.05117421
CEEMDAN_LSTM,BTC-USD,2026-06-09 08:30:00,0.04757579,0.051194023
CEEMDAN_LSTM,BTC-USD,2026-06-09 08:45:00,0.047329504,0.051196765
CEEMDAN_LSTM,BTC-USD,2026-06-09 09:00:00,0.04749017,0.051170904
CEEMDAN_LSTM,BTC-USD,2026-06-09 09:15:00,0.047464777,0.051055156
CEEMDAN_LSTM,BTC-USD,2026-06-09 09:30:00,0.04740979,0.051083006
CEEMDAN_LSTM,BTC-USD,2026-06-09 09:45:00,0.047476225,0.05108567
CEEMDAN_LSTM,BTC-USD,2026-06-09 10:00:00,0.04734008,0.051078096
CEEMDAN_LSTM,BTC-USD,2026-06-09 10:15:00,0.047212373,0.051047843
CEEMDAN_LSTM,BTC-USD,2026-06-09 10:30:00,0.047298487,0.051054776
CEEMDAN_LSTM,BTC-USD,2026-06-09 10:45:00,0.047358736,0.051066235
CEEMDAN_LSTM,BTC-USD,2026-06-09 11:00:00,0.04725347,0.05124079
CEEMDAN_LSTM,BTC-USD,2026-06-09 11:15:00,0.04753874,0.05125009
CEEMDAN_LSTM,BTC-USD,2026-06-09 11:30:00,0.047423866,0.051205996
CEEMDAN_LSTM,BTC-USD,2026-06-09 11:45:00,0.047291026,0.051215757
CEEMDAN_LSTM,BTC-USD,2026-06-09 12:00:00,0.04725824,0.051220316
CEEMDAN_LSTM,BTC-USD,2026-06-09 12:15:00,0.04719034,0.0513078
CEEMDAN_LSTM,BTC-USD,2026-06-09 12:30:00,0.047496617,0.05134316
CEEMDAN_LSTM,BTC-USD,2026-06-09 12:45:00,0.04767488,0.05135533
CEEMDAN_LSTM,BTC-USD,2026-06-09 13:00:00,0.04743337,0.051319193
CEEMDAN_LSTM,BTC-USD,2026-06-09 13:15:00,0.047500793,0.05136747
CEEMDAN_LSTM,BTC-USD,2026-06-09 13:30:00,0.04775487,0.05134548
CEEMDAN_LSTM,BTC-USD,2026-06-09 13:45:00,0.04755311,0.051406063
CEEMDAN_LSTM,BTC-USD,2026-06-09 14:00:00,0.047621075,0.051541805
CEEMDAN_LSTM,BTC-USD,2026-06-09 14:15:00,0.04789386,0.051990014
CEEMDAN_LSTM,BTC-USD,2026-06-09 14:30:00,0.048250563,0.05208512
CEEMDAN_LSTM,BTC-USD,2026-06-09 14:45:00,0.048408087,0.052162975
CEEMDAN_LSTM,BTC-USD,2026-06-09 15:00:00,0.04794237,0.052175976
CEEMDAN_LSTM,BTC-USD,2026-06-09 15:15:00,0.047817543,0.052453786
CEEMDAN_LSTM,BTC-USD,2026-06-09 15:30:00,0.048336577,0.05244837
CEEMDAN_LSTM,BTC-USD,2026-06-09 15:45:00,0.048346266,0.052537233
CEEMDAN_LSTM,BTC-USD,2026-06-09 16:00:00,0.048399717,0.051898584
CEEMDAN_LSTM,BTC-USD,2026-06-09 16:15:00,0.048454087,0.051622204
CEEMDAN_LSTM,BTC-USD,2026-06-09 16:30:00,0.04791428,0.05166844
CEEMDAN_LSTM,BTC-USD,2026-06-09 16:45:00,0.047381744,0.051716033
CEEMDAN_LSTM,BTC-USD,2026-06-09 17:00:00,0.047324825,0.051833015
CEEMDAN_LSTM,BTC-USD,2026-06-09 17:15:00,0.047296315,0.051812127
CEEMDAN_LSTM,BTC-USD,2026-06-09 17:30:00,0.04740272,0.051810376
CEEMDAN_LSTM,BTC-USD,2026-06-09 17:45:00,0.04766744,0.051723547
CEEMDAN_LSTM,BTC-USD,2026-06-09 18:00:00,0.04772598,0.05173124
CEEMDAN_LSTM,BTC-USD,2026-06-09 18:15:00,0.047596633,0.051686388
CEEMDAN_LSTM,BTC-USD,2026-06-09 18:30:00,0.047634885,0.051734094
CEEMDAN_LSTM,BTC-USD,2026-06-09 18:45:00,0.047773384,0.051824123
CEEMDAN_LSTM,BTC-USD,2026-06-09 19:00:00,0.047491625,0.051768817
CEEMDAN_LSTM,BTC-USD,2026-06-09 19:15:00,0.047590364,0.051791854
CEEMDAN_LSTM,BTC-USD,2026-06-09 19:30:00,0.04756895,0.051717866
CEEMDAN_LSTM,BTC-USD,2026-06-09 19:45:00,0.04758716,0.051778547
CEEMDAN_LSTM,BTC-USD,2026-06-09 20:00:00,0.04737824,0.051803954
CEEMDAN_LSTM,BTC-USD,2026-06-09 20:15:00,0.04742069,0.051777605
CEEMDAN_LSTM,BTC-USD,2026-06-09 20:30:00,0.047735084,0.051730122
CEEMDAN_LSTM,BTC-USD,2026-06-09 20:45:00,0.047722254,0.051693045
CEEMDAN_LSTM,BTC-USD,2026-06-09 21:00:00,0.04765396,0.051679768
CEEMDAN_LSTM,BTC-USD,2026-06-09 21:15:00,0.047683485,0.051746536
CEEMDAN_LSTM,BTC-USD,2026-06-09 21:30:00,0.048056994,0.051605728
CEEMDAN_LSTM,BTC-USD,2026-06-09 21:45:00,0.047865346,0.051584903
CEEMDAN_LSTM,BTC-USD,2026-06-09 22:00:00,0.047629185,0.05159837
CEEMDAN_LSTM,BTC-USD,2026-06-09 22:15:00,0.04748235,0.051576123
CEEMDAN_LSTM,BTC-USD,2026-06-09 22:30:00,0.047523685,0.0515845
CEEMDAN_LSTM,BTC-USD,2026-06-09 22:45:00,0.047466774,0.051555123
CEEMDAN_LSTM,BTC-USD,2026-06-09 23:00:00,0.047633972,0.051556427
CEEMDAN_LSTM,BTC-USD,2026-06-09 23:15:00,0.047550783,0.051507443
CEEMDAN_LSTM,BTC-USD,2026-06-09 23:30:00,0.04753248,0.05151315
CEEMDAN_LSTM,BTC-USD,2026-06-09 23:45:00,0.047560316,0.05131836
CEEMDAN_LSTM,BTC-USD,2026-06-10 00:00:00,0.047433097,0.051349256
CEEMDAN_LSTM,BTC-USD,2026-06-10 00:15:00,0.047215473,0.051307455
CEEMDAN_LSTM,BTC-USD,2026-06-10 00:30:00,0.04724749,0.051527344
CEEMDAN_LSTM,BTC-USD,2026-06-10 00:45:00,0.047614112,0.051954806
CEEMDAN_LSTM,BTC-USD,2026-06-10 01:00:00,0.047117427,0.051937383
CEEMDAN_LSTM,BTC-USD,2026-06-10 01:15:00,0.047559053,0.05190468
CEEMDAN_LSTM,BTC-USD,2026-06-10 01:30:00,0.047792755,0.0519387
CEEMDAN_LSTM,BTC-USD,2026-06-10 01:45:00,0.047940243,0.051954504
CEEMDAN_LSTM,BTC-USD,2026-06-10 02:00:00,0.047784485,0.05198832
CEEMDAN_LSTM,BTC-USD,2026-06-10 02:15:00,0.047951087,0.05199233
CEEMDAN_LSTM,BTC-USD,2026-06-10 02:30:00,0.047985166,0.05196557
CEEMDAN_LSTM,BTC-USD,2026-06-10 02:45:00,0.04798391,0.051969502
CEEMDAN_LSTM,BTC-USD,2026-06-10 03:00:00,0.0479166,0.051304612
CEEMDAN_LSTM,BTC-USD,2026-06-10 03:15:00,0.04765656,0.05129526
CEEMDAN_LSTM,BTC-USD,2026-06-10 03:30:00,0.047208812,0.051082056
CEEMDAN_LSTM,BTC-USD,2026-06-10 03:45:00,0.04728977,0.050918538
CEEMDAN_LSTM,BTC-USD,2026-06-10 04:00:00,0.04718359,0.050880853
CEEMDAN_LSTM,BTC-USD,2026-06-10 04:15:00,0.04710163,0.050869606
CEEMDAN_LSTM,BTC-USD,2026-06-10 04:30:00,0.047105163,0.051000237
CEEMDAN_LSTM,BTC-USD,2026-06-10 04:45:00,0.047304347,0.05101027
CEEMDAN_LSTM,BTC-USD,2026-06-10 05:00:00,0.047089115,0.051032405
CEEMDAN_LSTM,BTC-USD,2026-06-10 05:15:00,0.04714129,0.050832592
CEEMDAN_LSTM,BTC-USD,2026-06-10 05:30:00,0.046988305,0.05081528
CEEMDAN_LSTM,BTC-USD,2026-06-10 05:45:00,0.04682134,0.050812114
CEEMDAN_LSTM,BTC-USD,2026-06-10 06:00:00,0.04677194,0.05080457
CEEMDAN_LSTM,BTC-USD,2026-06-10 06:15:00,0.046769887,0.05077661
CEEMDAN_LSTM,BTC-USD,2026-06-10 06:30:00,0.04684518,0.050733365
CEEMDAN_LSTM,BTC-USD,2026-06-10 06:45:00,0.04671234,0.050736267
CEEMDAN_LSTM,BTC-USD,2026-06-10 07:00:00,0.046668276,0.050750934
CEEMDAN_LSTM,BTC-USD,2026-06-10 07:15:00,0.046604365,0.05076503
CEEMDAN_LSTM,BTC-USD,2026-06-10 07:30:00,0.04660914,0.050798737
CEEMDAN_LSTM,BTC-USD,2026-06-10 07:45:00,0.046613444,0.050802734
CEEMDAN_LSTM,BTC-USD,2026-06-10 08:00:00,0.046835016,0.050701577
CEEMDAN_LSTM,BTC-USD,2026-06-10 08:15:00,0.046954133,0.05072256
CEEMDAN_LSTM,BTC-USD,2026-06-10 08:30:00,0.04694901,0.05091807
CEEMDAN_LSTM,BTC-USD,2026-06-10 08:45:00,0.04715018,0.050888132
CEEMDAN_LSTM,BTC-USD,2026-06-10 09:00:00,0.047019403,0.050937384
CEEMDAN_LSTM,BTC-USD,2026-06-10 09:15:00,0.047060132,0.050993312
CEEMDAN_LSTM,BTC-USD,2026-06-10 09:30:00,0.04677214,0.05100194
CEEMDAN_LSTM,BTC-USD,2026-06-10 09:45:00,0.046714157,0.05094495
CEEMDAN_LSTM,BTC-USD,2026-06-10 10:00:00,0.04675384,0.050590165
CEEMDAN_LSTM,BTC-USD,2026-06-10 10:15:00,0.046881244,0.05053968
CEEMDAN_LSTM,BTC-USD,2026-06-10 10:30:00,0.046576828,0.050361462
CEEMDAN_LSTM,BTC-USD,2026-06-10 10:45:00,0.046497323,0.05034092
CEEMDAN_LSTM,BTC-USD,2026-06-10 11:00:00,0.046359777,0.050278768
CEEMDAN_LSTM,BTC-USD,2026-06-10 11:15:00,0.04657974,0.050326504
CEEMDAN_LSTM,BTC-USD,2026-06-10 11:30:00,0.04667807,0.050328955
CEEMDAN_LSTM,BTC-USD,2026-06-10 11:45:00,0.046395864,0.050310157
CEEMDAN_LSTM,BTC-USD,2026-06-10 12:00:00,0.04627194,0.050365984
CEEMDAN_LSTM,BTC-USD,2026-06-10 12:15:00,0.04611071,0.0502934
CEEMDAN_LSTM,BTC-USD,2026-06-10 12:30:00,0.04623328,0.050994106
CEEMDAN_LSTM,BTC-USD,2026-06-10 12:45:00,0.045797896,0.051021904
CEEMDAN_LSTM,BTC-USD,2026-06-10 13:00:00,0.046571948,0.042565536
CEEMDAN_LSTM,BTC-USD,2026-06-10 13:15:00,0.04687644,0.04163442
CEEMDAN_LSTM,BTC-USD,2026-06-10 13:30:00,0.043297213,0.043553907
CEEMDAN_LSTM,BTC-USD,2026-06-10 13:45:00,0.04166686,0.043445222
CEEMDAN_LSTM,BTC-USD,2026-06-10 14:00:00,0.041970108,0.043432523
CEEMDAN_LSTM,BTC-USD,2026-06-10 14:15:00,0.042485386,0.04323047
CEEMDAN_LSTM,BTC-USD,2026-06-10 14:30:00,0.04249318,0.043264654
CEEMDAN_LSTM,BTC-USD,2026-06-10 14:45:00,0.04244159,0.043452144
CEEMDAN_LSTM,BTC-USD,2026-06-10 15:00:00,0.042323772,0.043601956
CEEMDAN_LSTM,BTC-USD,2026-06-10 15:15:00,0.042428125,0.043695208
CEEMDAN_LSTM,BTC-USD,2026-06-10 15:30:00,0.042420037,0.043611985
CEEMDAN_LSTM,BTC-USD,2026-06-10 15:45:00,0.04237745,0.04378176
CEEMDAN_LSTM,BTC-USD,2026-06-10 16:00:00,0.042363018,0.04312745
CEEMDAN_LSTM,BTC-USD,2026-06-10 16:15:00,0.042619415,0.04296416
CEEMDAN_LSTM,BTC-USD,2026-06-10 16:30:00,0.042518903,0.04270975
CEEMDAN_LSTM,BTC-USD,2026-06-10 16:45:00,0.04232071,0.04268119
CEEMDAN_LSTM,BTC-USD,2026-06-10 17:00:00,0.042167053,0.04271069
CEEMDAN_LSTM,BTC-USD,2026-06-10 17:15:00,0.042126704,0.042830408
CEEMDAN_LSTM,BTC-USD,2026-06-10 17:30:00,0.042177625,0.0428961
CEEMDAN_LSTM,BTC-USD,2026-06-10 17:45:00,0.042235013,0.0430631
CEEMDAN_LSTM,BTC-USD,2026-06-10 18:00:00,0.042108387,0.042985428
CEEMDAN_LSTM,BTC-USD,2026-06-10 18:15:00,0.042110566,0.04294746
CEEMDAN_LSTM,BTC-USD,2026-06-10 18:30:00,0.0421572,0.043147523
CEEMDAN_LSTM,BTC-USD,2026-06-10 18:45:00,0.042269576,0.043194436
CEEMDAN_LSTM,BTC-USD,2026-06-10 19:00:00,0.04229714,0.043194167
CEEMDAN_LSTM,BTC-USD,2026-06-10 19:15:00,0.042321127,0.043193497
CEEMDAN_LSTM,BTC-USD,2026-06-10 19:30:00,0.042335786,0.04319556
CEEMDAN_LSTM,BTC-USD,2026-06-10 19:45:00,0.04220666,0.043207593
CEEMDAN_LSTM,BTC-USD,2026-06-10 20:00:00,0.04223343,0.043183777
CEEMDAN_LSTM,BTC-USD,2026-06-10 20:15:00,0.04236472,0.04314857
CEEMDAN_LSTM,BTC-USD,2026-06-10 20:30:00,0.042313814,0.043003727
CEEMDAN_LSTM,BTC-USD,2026-06-10 20:45:00,0.042291705,0.04274927
CEEMDAN_LSTM,BTC-USD,2026-06-10 21:00:00,0.042256933,0.042838875
CEEMDAN_LSTM,BTC-USD,2026-06-10 21:15:00,0.042229366,0.04278634
CEEMDAN_LSTM,BTC-USD,2026-06-10 21:30:00,0.042196054,0.04282302
CEEMDAN_LSTM,BTC-USD,2026-06-10 21:45:00,0.042047214,0.0431369
CEEMDAN_LSTM,BTC-USD,2026-06-10 22:00:00,0.042163666,0.043145373
CEEMDAN_LSTM,BTC-USD,2026-06-10 22:15:00,0.042361252,0.043113116
CEEMDAN_LSTM,BTC-USD,2026-06-10 22:30:00,0.042314112,0.043376405
CEEMDAN_LSTM,BTC-USD,2026-06-10 22:45:00,0.042122837,0.04335489
CEEMDAN_LSTM,BTC-USD,2026-06-10 23:00:00,0.042243566,0.043420486
CEEMDAN_LSTM,BTC-USD,2026-06-10 23:15:00,0.042458482,0.043778222
CEEMDAN_LSTM,BTC-USD,2026-06-10 23:30:00,0.042315416,0.043766264
CEEMDAN_LSTM,BTC-USD,2026-06-10 23:45:00,0.0423568,0.043765415
CEEMDAN_LSTM,BTC-USD,2026-06-11 00:00:00,0.042515952,0.043734707
CEEMDAN_LSTM,BTC-USD,2026-06-11 00:15:00,0.042477187,0.043852296
CEEMDAN_LSTM,BTC-USD,2026-06-11 00:30:00,0.042357434,0.043879542
CEEMDAN_LSTM,BTC-USD,2026-06-11 00:45:00,0.04247112,0.043827597
CEEMDAN_LSTM,BTC-USD,2026-06-11 01:00:00,0.042548988,0.043943357
CEEMDAN_LSTM,BTC-USD,2026-06-11 01:15:00,0.042441335,0.04385381
CEEMDAN_LSTM,BTC-USD,2026-06-11 01:30:00,0.04241631,0.043864492
CEEMDAN_LSTM,BTC-USD,2026-06-11 01:45:00,0.042444557,0.04386552
CEEMDAN_LSTM,BTC-USD,2026-06-11 02:00:00,0.04252569,0.04368314
CEEMDAN_LSTM,BTC-USD,2026-06-11 02:15:00,0.042583052,0.043597024
CEEMDAN_LSTM,BTC-USD,2026-06-11 02:30:00,0.042575292,0.043595463
CEEMDAN_LSTM,BTC-USD,2026-06-11 02:45:00,0.042510178,0.043543145
CEEMDAN_LSTM,BTC-USD,2026-06-11 03:00:00,0.042420294,0.04197464
CEEMDAN_LSTM,BTC-USD,2026-06-11 03:15:00,0.042417515,0.041572165
CEEMDAN_LSTM,BTC-USD,2026-06-11 03:30:00,0.041980468,0.04091432
CEEMDAN_LSTM,BTC-USD,2026-06-11 03:45:00,0.041530352,0.041127317
CEEMDAN_LSTM,BTC-USD,2026-06-11 04:00:00,0.041114308,0.041124605
CEEMDAN_LSTM,BTC-USD,2026-06-11 04:15:00,0.041085705,0.041035406
CEEMDAN_LSTM,BTC-USD,2026-06-11 04:30:00,0.04124092,0.041003935
CEEMDAN_LSTM,BTC-USD,2026-06-11 04:45:00,0.041246474,0.040774334
CEEMDAN_LSTM,BTC-USD,2026-06-11 05:00:00,0.041185886,0.040757548
CEEMDAN_LSTM,BTC-USD,2026-06-11 05:15:00,0.041154005,0.04072566
CEEMDAN_LSTM,BTC-USD,2026-06-11 05:30:00,0.041155268,0.040667962
CEEMDAN_LSTM,BTC-USD,2026-06-11 05:45:00,0.041095242,0.040678963
CEEMDAN_LSTM,BTC-USD,2026-06-11 06:00:00,0.04107808,0.04061161
CEEMDAN_LSTM,BTC-USD,2026-06-11 06:15:00,0.041043825,0.040534154
CEEMDAN_LSTM,BTC-USD,2026-06-11 06:30:00,0.040967826,0.040504243
CEEMDAN_LSTM,BTC-USD,2026-06-11 06:45:00,0.0409524,0.040587515
CEEMDAN_LSTM,BTC-USD,2026-06-11 07:00:00,0.041031968,0.040616557
CEEMDAN_LSTM,BTC-USD,2026-06-11 07:15:00,0.041146223,0.04066118
CEEMDAN_LSTM,BTC-USD,2026-06-11 07:30:00,0.041093517,0.04057565
CEEMDAN_LSTM,BTC-USD,2026-06-11 07:45:00,0.041081265,0.040524703
CEEMDAN_LSTM,BTC-USD,2026-06-11 08:00:00,0.041085478,0.040479396
CEEMDAN_LSTM,BTC-USD,2026-06-11 08:15:00,0.0409921,0.040285423
CEEMDAN_LSTM,BTC-USD,2026-06-11 08:30:00,0.040908996,0.040119056
CEEMDAN_LSTM,BTC-USD,2026-06-11 08:45:00,0.040901575,0.040062927
CEEMDAN_LSTM,BTC-USD,2026-06-11 09:00:00,0.040857583,0.040080648
CEEMDAN_LSTM,BTC-USD,2026-06-11 09:15:00,0.040801935,0.040077254
CEEMDAN_LSTM,BTC-USD,2026-06-11 09:30:00,0.040842585,0.040051956
CEEMDAN_LSTM,BTC-USD,2026-06-11 09:45:00,0.04081055,0.04005055
CEEMDAN_LSTM,BTC-USD,2026-06-11 10:00:00,0.04076562,0.04004385
CEEMDAN_LSTM,BTC-USD,2026-06-11 10:15:00,0.04078971,0.040017053
CEEMDAN_LSTM,BTC-USD,2026-06-11 10:30:00,0.04081661,0.040032927
CEEMDAN_LSTM,BTC-USD,2026-06-11 10:45:00,0.040793914,0.040140603
CEEMDAN_LSTM,BTC-USD,2026-06-11 11:00:00,0.04070125,0.040096235
CEEMDAN_LSTM,BTC-USD,2026-06-11 11:15:00,0.04069657,0.040082905
CEEMDAN_LSTM,BTC-USD,2026-06-11 11:30:00,0.0407813,0.03993273
CEEMDAN_LSTM,BTC-USD,2026-06-11 11:45:00,0.04083532,0.039905883
CEEMDAN_LSTM,BTC-USD,2026-06-11 12:00:00,0.040800378,0.03973247
CEEMDAN_LSTM,BTC-USD,2026-06-11 12:15:00,0.040719982,0.04041042
CEEMDAN_LSTM,BTC-USD,2026-06-11 12:30:00,0.040779904,0.040548336
CEEMDAN_LSTM,BTC-USD,2026-06-11 12:45:00,0.040945865,0.040538345
CEEMDAN_LSTM,BTC-USD,2026-06-11 13:00:00,0.040909722,0.039997958
CEEMDAN_LSTM,BTC-USD,2026-06-11 13:15:00,0.041010708,0.040004328
CEEMDAN_LSTM,BTC-USD,2026-06-11 13:30:00,0.040984556,0.04006243
CEEMDAN_LSTM,BTC-USD,2026-06-11 13:45:00,0.040840875,0.040045805
CEEMDAN_LSTM,BTC-USD,2026-06-11 14:00:00,0.040718276,0.04021079
CEEMDAN_LSTM,BTC-USD,2026-06-11 14:15:00,0.040810212,0.03975151
CEEMDAN_LSTM,BTC-USD,2026-06-11 14:30:00,0.040882286,0.039826285
CEEMDAN_LSTM,BTC-USD,2026-06-11 14:45:00,0.040732335,0.0398763
CEEMDAN_LSTM,BTC-USD,2026-06-11 15:00:00,0.040748574,0.03985643
CEEMDAN_LSTM,BTC-USD,2026-06-11 15:15:00,0.04074109,0.039610114
CEEMDAN_LSTM,BTC-USD,2026-06-11 15:30:00,0.040671922,0.03961803
CEEMDAN_LSTM,BTC-USD,2026-06-11 15:45:00,0.040594373,0.0395657
CEEMDAN_LSTM,BTC-USD,2026-06-11 16:00:00,0.040565565,0.039545223
CEEMDAN_LSTM,BTC-USD,2026-06-11 16:15:00,0.040508118,0.0396076
CEEMDAN_LSTM,BTC-USD,2026-06-11 16:30:00,0.040550504,0.039590295
CEEMDAN_LSTM,BTC-USD,2026-06-11 16:45:00,0.040615626,0.039607186
CEEMDAN_LSTM,BTC-USD,2026-06-11 17:00:00,0.040598575,0.039641425
CEEMDAN_LSTM,BTC-USD,2026-06-11 17:15:00,0.04063866,0.04037059
CEEMDAN_LSTM,BTC-USD,2026-06-11 17:30:00,0.04053197,0.040793315
CEEMDAN_LSTM,BTC-USD,2026-06-11 17:45:00,0.040520094,0.04091708
CEEMDAN_LSTM,BTC-USD,2026-06-11 18:00:00,0.040732715,0.040990144
CEEMDAN_LSTM,BTC-USD,2026-06-11 18:15:00,0.041032635,0.040981825
CEEMDAN_LSTM,BTC-USD,2026-06-11 18:30:00,0.041270267,0.04105981
CEEMDAN_LSTM,BTC-USD,2026-06-11 18:45:00,0.04124026,0.0410756
CEEMDAN_LSTM,BTC-USD,2026-06-11 19:00:00,0.041227344,0.041089274
CEEMDAN_LSTM,BTC-USD,2026-06-11 19:15:00,0.041244518,0.04105632
CEEMDAN_LSTM,BTC-USD,2026-06-11 19:30:00,0.041219957,0.040481146
CEEMDAN_LSTM,BTC-USD,2026-06-11 19:45:00,0.04121484,0.040492695
CEEMDAN_LSTM,BTC-USD,2026-06-11 20:00:00,0.04110907,0.04051931
CEEMDAN_LSTM,BTC-USD,2026-06-11 20:15:00,0.041095927,0.04057809
CEEMDAN_LSTM,BTC-USD,2026-06-11 20:30:00,0.041134506,0.040590018
CEEMDAN_LSTM,BTC-USD,2026-06-11 20:45:00,0.04115989,0.040621996
CEEMDAN_LSTM,BTC-USD,2026-06-11 21:00:00,0.041083436,0.0406947
CEEMDAN_LSTM,BTC-USD,2026-06-11 21:15:00,0.040977765,0.040697716
CEEMDAN_LSTM,BTC-USD,2026-06-11 21:30:00,0.04101111,0.040686056
CEEMDAN_LSTM,BTC-USD,2026-06-11 21:45:00,0.041071948,0.040678587
CEEMDAN_LSTM,BTC-USD,2026-06-11 22:00:00,0.041082665,0.040712427
CEEMDAN_LSTM,BTC-USD,2026-06-11 22:15:00,0.04107334,0.04049642
CEEMDAN_LSTM,BTC-USD,2026-06-11 22:30:00,0.041096665,0.040452924
CEEMDAN_LSTM,BTC-USD,2026-06-11 22:45:00,0.04112276,0.04045288
CEEMDAN_LSTM,BTC-USD,2026-06-11 23:00:00,0.041098736,0.040254388
CEEMDAN_LSTM,BTC-USD,2026-06-11 23:15:00,0.04108839,0.04024943
CEEMDAN_LSTM,BTC-USD,2026-06-11 23:30:00,0.04104335,0.040411655
CEEMDAN_LSTM,BTC-USD,2026-06-11 23:45:00,0.04090986,0.040351473
CEEMDAN_LSTM,BTC-USD,2026-06-12 00:00:00,0.040897306,0.040390782
CEEMDAN_LSTM,BTC-USD,2026-06-12 00:15:00,0.040943936,0.04044099
CEEMDAN_LSTM,BTC-USD,2026-06-12 00:30:00,0.041008946,0.04037497
CEEMDAN_LSTM,BTC-USD,2026-06-12 00:45:00,0.041078743,0.040369514
CEEMDAN_LSTM,BTC-USD,2026-06-12 01:00:00,0.041048978,0.040451158
CEEMDAN_LSTM,BTC-USD,2026-06-12 01:15:00,0.041098136,0.040501863
CEEMDAN_LSTM,BTC-USD,2026-06-12 01:30:00,0.041182823,0.040496506
CEEMDAN_LSTM,BTC-USD,2026-06-12 01:45:00,0.041153584,0.040483013
CEEMDAN_LSTM,BTC-USD,2026-06-12 02:00:00,0.041079834,0.040419593
CEEMDAN_LSTM,BTC-USD,2026-06-12 02:15:00,0.040992763,0.040439136
CEEMDAN_LSTM,BTC-USD,2026-06-12 02:30:00,0.04099094,0.040452357
CEEMDAN_LSTM,BTC-USD,2026-06-12 02:45:00,0.041051794,0.04043718
CEEMDAN_LSTM,BTC-USD,2026-06-12 03:00:00,0.04106361,0.040407978
CEEMDAN_LSTM,BTC-USD,2026-06-12 03:15:00,0.04112101,0.04032437
CEEMDAN_LSTM,BTC-USD,2026-06-12 03:30:00,0.041155793,0.040265672
CEEMDAN_LSTM,BTC-USD,2026-06-12 03:45:00,0.041089293,0.040236816
CEEMDAN_LSTM,BTC-USD,2026-06-12 04:00:00,0.040979423,0.04021909
CEEMDAN_LSTM,BTC-USD,2026-06-12 04:15:00,0.040944666,0.040302046
CEEMDAN_LSTM,BTC-USD,2026-06-12 04:30:00,0.04087568,0.04029289
CEEMDAN_LSTM,BTC-USD,2026-06-12 04:45:00,0.040883575,0.040216308
CEEMDAN_LSTM,BTC-USD,2026-06-12 05:00:00,0.041003127,0.040183164
CEEMDAN_LSTM,BTC-USD,2026-06-12 05:15:00,0.041083887,0.039600015
CEEMDAN_LSTM,BTC-USD,2026-06-12 05:30:00,0.041083407,0.039423477
CEEMDAN_LSTM,BTC-USD,2026-06-12 05:45:00,0.040871724,0.039332904
CEEMDAN_LSTM,BTC-USD,2026-06-12 06:00:00,0.040734217,0.039311916
CEEMDAN_LSTM,BTC-USD,2026-06-12 06:15:00,0.04065262,0.039007794
CEEMDAN_LSTM,BTC-USD,2026-06-12 06:30:00,0.040641513,0.03919408
CEEMDAN_LSTM,BTC-USD,2026-06-12 06:45:00,0.040628828,0.039078046
CEEMDAN_LSTM,BTC-USD,2026-06-12 07:00:00,0.04060959,0.039012846
CEEMDAN_LSTM,BTC-USD,2026-06-12 07:15:00,0.040509067,0.039016295
CEEMDAN_LSTM,BTC-USD,2026-06-12 07:30:00,0.040441576,0.03886135
CEEMDAN_LSTM,BTC-USD,2026-06-12 07:45:00,0.040400073,0.03880791
CEEMDAN_LSTM,BTC-USD,2026-06-12 08:00:00,0.040362105,0.038777765
CEEMDAN_LSTM,BTC-USD,2026-06-12 08:15:00,0.04029149,0.038875625
CEEMDAN_LSTM,BTC-USD,2026-06-12 08:30:00,0.040192194,0.03892537
CEEMDAN_LSTM,BTC-USD,2026-06-12 08:45:00,0.040253676,0.03894163
CEEMDAN_LSTM,BTC-USD,2026-06-12 09:00:00,0.040373705,0.038955413
CEEMDAN_LSTM,BTC-USD,2026-06-12 09:15:00,0.04034778,0.039073046
CEEMDAN_LSTM,BTC-USD,2026-06-12 09:30:00,0.040303268,0.03904435
CEEMDAN_LSTM,BTC-USD,2026-06-12 09:45:00,0.04029964,0.038994916
CEEMDAN_LSTM,BTC-USD,2026-06-12 10:00:00,0.04039544,0.038993943
CEEMDAN_LSTM,BTC-USD,2026-06-12 10:15:00,0.040478975,0.039055947
CEEMDAN_LSTM,BTC-USD,2026-06-12 10:30:00,0.040506795,0.03906966
CEEMDAN_LSTM,BTC-USD,2026-06-12 10:45:00,0.040533703,0.03892386
CEEMDAN_LSTM,BTC-USD,2026-06-12 11:00:00,0.04049716,0.038943857
CEEMDAN_LSTM,BTC-USD,2026-06-12 11:15:00,0.040439993,0.038903963
CEEMDAN_LSTM,BTC-USD,2026-06-12 11:30:00,0.040411025,0.038903512
CEEMDAN_LSTM,BTC-USD,2026-06-12 11:45:00,0.040449902,0.0389086
CEEMDAN_LSTM,BTC-USD,2026-06-12 12:00:00,0.040474188,0.038963817
CEEMDAN_LSTM,BTC-USD,2026-06-12 12:15:00,0.040503565,0.038668353
CEEMDAN_LSTM,BTC-USD,2026-06-12 12:30:00,0.040573332,0.038673252
CEEMDAN_LSTM,BTC-USD,2026-06-12 12:45:00,0.04050107,0.038669143
CEEMDAN_LSTM,BTC-USD,2026-06-12 13:00:00,0.040378887,0.038652163
CEEMDAN_LSTM,BTC-USD,2026-06-12 13:15:00,0.040318485,0.0386665
CEEMDAN_LSTM,BTC-USD,2026-06-12 13:30:00,0.04034449,0.038903903
CEEMDAN_LSTM,BTC-USD,2026-06-12 13:45:00,0.040463924,0.038854863
CEEMDAN_LSTM,BTC-USD,2026-06-12 14:00:00,0.04055711,0.039029352
CEEMDAN_LSTM,BTC-USD,2026-06-12 14:15:00,0.040407177,0.039126527
CEEMDAN_LSTM,BTC-USD,2026-06-12 14:30:00,0.040313475,0.03916314
CEEMDAN_LSTM,BTC-USD,2026-06-12 14:45:00,0.040437467,0.03988251
CEEMDAN_LSTM,BTC-USD,2026-06-12 15:00:00,0.04047087,0.040221486
CEEMDAN_LSTM,BTC-USD,2026-06-12 15:15:00,0.04048541,0.04038662
CEEMDAN_LSTM,BTC-USD,2026-06-12 15:30:00,0.040871736,0.04018303
CEEMDAN_LSTM,BTC-USD,2026-06-12 15:45:00,0.041283578,0.039968394
CEEMDAN_LSTM,BTC-USD,2026-06-12 16:00:00,0.04137555,0.040155176
CEEMDAN_LSTM,BTC-USD,2026-06-12 16:15:00,0.041166507,0.040158547
CEEMDAN_LSTM,BTC-USD,2026-06-12 16:30:00,0.04100212,0.040040888
CEEMDAN_LSTM,BTC-USD,2026-06-12 16:45:00,0.041078158,0.040075652
CEEMDAN_LSTM,BTC-USD,2026-06-12 17:00:00,0.04105639,0.04002998
CEEMDAN_LSTM,BTC-USD,2026-06-12 17:15:00,0.04105178,0.040019263
CEEMDAN_LSTM,BTC-USD,2026-06-12 17:30:00,0.041114457,0.039963566
CEEMDAN_LSTM,BTC-USD,2026-06-12 17:45:00,0.041100197,0.03994605
CEEMDAN_LSTM,BTC-USD,2026-06-12 18:00:00,0.041045476,0.03990499
CEEMDAN_LSTM,BTC-USD,2026-06-12 18:15:00,0.04104215,0.03986073
CEEMDAN_LSTM,BTC-USD,2026-06-12 18:30:00,0.041066423,0.03987155
CEEMDAN_LSTM,BTC-USD,2026-06-12 18:45:00,0.0410152,0.039981123
CEEMDAN_LSTM,BTC-USD,2026-06-12 19:00:00,0.04102474,0.039972726
CEEMDAN_LSTM,BTC-USD,2026-06-12 19:15:00,0.04107989,0.03996703
CEEMDAN_LSTM,BTC-USD,2026-06-12 19:30:00,0.041034203,0.039785735
CEEMDAN_LSTM,BTC-USD,2026-06-12 19:45:00,0.041042063,0.0397784
CEEMDAN_LSTM,BTC-USD,2026-06-12 20:00:00,0.041027155,0.039715443
CEEMDAN_LSTM,BTC-USD,2026-06-12 20:15:00,0.04097103,0.03974335
CEEMDAN_LSTM,BTC-USD,2026-06-12 20:30:00,0.04096641,0.03974299
CEEMDAN_LSTM,BTC-USD,2026-06-12 20:45:00,0.04098815,0.03975406
CEEMDAN_LSTM,BTC-USD,2026-06-12 21:00:00,0.04098003,0.039817415
CEEMDAN_LSTM,BTC-USD,2026-06-12 21:15:00,0.04094012,0.039838668
CEEMDAN_LSTM,BTC-USD,2026-06-12 21:30:00,0.040940322,0.039817173
CEEMDAN_LSTM,BTC-USD,2026-06-12 21:45:00,0.041000385,0.03982741
CEEMDAN_LSTM,BTC-USD,2026-06-12 22:00:00,0.041001342,0.039799172
CEEMDAN_LSTM,BTC-USD,2026-06-12 22:15:00,0.041002184,0.03980871
CEEMDAN_LSTM,BTC-USD,2026-06-12 22:30:00,0.040944986,0.039797977
CEEMDAN_LSTM,BTC-USD,2026-06-12 22:45:00,0.040949374,0.039770443
CEEMDAN_LSTM,BTC-USD,2026-06-12 23:00:00,0.04098771,0.03976886
CEEMDAN_LSTM,BTC-USD,2026-06-12 23:15:00,0.040984333,0.039731417
CEEMDAN_LSTM,BTC-USD,2026-06-12 23:30:00,0.040991988,0.03946151
CEEMDAN_LSTM,BTC-USD,2026-06-12 23:45:00,0.040956333,0.03947396
CEEMDAN_LSTM,BTC-USD,2026-06-13 00:00:00,0.040840358,0.03934465
CEEMDAN_LSTM,BTC-USD,2026-06-13 00:15:00,0.04079527,0.03929689
CEEMDAN_LSTM,BTC-USD,2026-06-13 00:30:00,0.04080171,0.039297964
CEEMDAN_LSTM,BTC-USD,2026-06-13 00:45:00,0.040776,0.03928378
CEEMDAN_LSTM,BTC-USD,2026-06-13 01:00:00,0.040736992,0.039254922
CEEMDAN_LSTM,BTC-USD,2026-06-13 01:15:00,0.040721655,0.03923475
CEEMDAN_LSTM,BTC-USD,2026-06-13 01:30:00,0.040701263,0.039255537
CEEMDAN_LSTM,BTC-USD,2026-06-13 01:45:00,0.04068631,0.03926171
CEEMDAN_LSTM,BTC-USD,2026-06-13 02:00:00,0.040661577,0.039104946
CEEMDAN_LSTM,BTC-USD,2026-06-13 02:15:00,0.040700205,0.038963627
CEEMDAN_LSTM,BTC-USD,2026-06-13 02:30:00,0.04072907,0.03898962
CEEMDAN_LSTM,BTC-USD,2026-06-13 02:45:00,0.04071068,0.038989667
CEEMDAN_LSTM,BTC-USD,2026-06-13 03:00:00,0.040679958,0.038905945
CEEMDAN_LSTM,BTC-USD,2026-06-13 03:15:00,0.040635567,0.03897493
CEEMDAN_LSTM,BTC-USD,2026-06-13 03:30:00,0.04063865,0.038069915
CEEMDAN_LSTM,BTC-USD,2026-06-13 03:45:00,0.040668003,0.038008273
CEEMDAN_LSTM,BTC-USD,2026-06-13 04:00:00,0.0404079,0.038001504
CEEMDAN_LSTM,BTC-USD,2026-06-13 04:15:00,0.04020961,0.03800101
CEEMDAN_LSTM,BTC-USD,2026-06-13 04:30:00,0.04016579,0.035772316
CEEMDAN_LSTM,BTC-USD,2026-06-13 04:45:00,0.040129993,0.035642896
CEEMDAN_LSTM,BTC-USD,2026-06-13 05:00:00,0.039597437,0.035579223
CEEMDAN_LSTM,BTC-USD,2026-06-13 05:15:00,0.039132178,0.03557397
CEEMDAN_LSTM,BTC-USD,2026-06-13 05:30:00,0.038918894,0.035519253
CEEMDAN_LSTM,BTC-USD,2026-06-13 05:45:00,0.038843986,0.03530222
CEEMDAN_LSTM,BTC-USD,2026-06-13 06:00:00,0.038814228,0.03506064
CEEMDAN_LSTM,BTC-USD,2026-06-13 06:15:00,0.038745474,0.03472496
CEEMDAN_LSTM,BTC-USD,2026-06-13 06:30:00,0.038623374,0.034664907
CEEMDAN_LSTM,BTC-USD,2026-06-13 06:45:00,0.038431533,0.034459453
CEEMDAN_LSTM,BTC-USD,2026-06-13 07:00:00,0.038321145,0.034071993
CEEMDAN_LSTM,BTC-USD,2026-06-13 07:15:00,0.03822255,0.03407383
CEEMDAN_LSTM,BTC-USD,2026-06-13 07:30:00,0.0380798,0.034066282
CEEMDAN_LSTM,BTC-USD,2026-06-13 07:45:00,0.037935384,0.034066092
CEEMDAN_LSTM,BTC-USD,2026-06-13 08:00:00,0.03788029,0.03400745
CEEMDAN_LSTM,BTC-USD,2026-06-13 08:15:00,0.037885968,0.033838525
CEEMDAN_LSTM,BTC-USD,2026-06-13 08:30:00,0.037906,0.033741582
CEEMDAN_LSTM,BTC-USD,2026-06-13 08:45:00,0.03782234,0.033556897
CEEMDAN_LSTM,BTC-USD,2026-06-13 09:00:00,0.03772024,0.03355469
CEEMDAN_LSTM,BTC-USD,2026-06-13 09:15:00,0.037670307,0.033547025
CEEMDAN_LSTM,BTC-USD,2026-06-13 09:30:00,0.037591346,0.03326144
CEEMDAN_LSTM,BTC-USD,2026-06-13 09:45:00,0.03754922,0.033241306
CEEMDAN_LSTM,BTC-USD,2026-06-13 10:00:00,0.037482906,0.033176247
CEEMDAN_LSTM,BTC-USD,2026-06-13 10:15:00,0.037433013,0.03317152
CEEMDAN_LSTM,BTC-USD,2026-06-13 10:30:00,0.037369862,0.032997973
CEEMDAN_LSTM,BTC-USD,2026-06-13 10:45:00,0.037338216,0.032973696
CEEMDAN_LSTM,BTC-USD,2026-06-13 11:00:00,0.037271656,0.032917533
CEEMDAN_LSTM,BTC-USD,2026-06-13 11:15:00,0.037231114,0.032890055
CEEMDAN_LSTM,BTC-USD,2026-06-13 11:30:00,0.037166875,0.03284812
CEEMDAN_LSTM,BTC-USD,2026-06-13 11:45:00,0.037131768,0.03285466
CEEMDAN_LSTM,BTC-USD,2026-06-13 12:00:00,0.03714046,0.032581348
CEEMDAN_LSTM,BTC-USD,2026-06-13 12:15:00,0.037124965,0.032580473
CEEMDAN_LSTM,BTC-USD,2026-06-13 12:30:00,0.03708868,0.032543942
CEEMDAN_LSTM,BTC-USD,2026-06-13 12:45:00,0.037021264,0.032133423
CEEMDAN_LSTM,BTC-USD,2026-06-13 13:00:00,0.036964774,0.03206986
CEEMDAN_LSTM,BTC-USD,2026-06-13 13:15:00,0.036816653,0.032078635
CEEMDAN_LSTM,BTC-USD,2026-06-13 13:30:00,0.036689207,0.031771336
CEEMDAN_LSTM,BTC-USD,2026-06-13 13:45:00,0.036633097,0.03166703
CEEMDAN_LSTM,BTC-USD,2026-06-13 14:00:00,0.036595684,0.03152637
CEEMDAN_LSTM,BTC-USD,2026-06-13 14:15:00,0.036506966,0.031060517
CEEMDAN_LSTM,BTC-USD,2026-06-13 14:30:00,0.036366884,0.031065566
CEEMDAN_LSTM,BTC-USD,2026-06-13 14:45:00,0.0361878,0.03106091
CEEMDAN_LSTM,BTC-USD,2026-06-13 15:00:00,0.035926986,0.030957883
CEEMDAN_LSTM,BTC-USD,2026-06-13 15:15:00,0.035760876,0.030807136
CEEMDAN_LSTM,BTC-USD,2026-06-13 15:30:00,0.035628382,0.030768717
CEEMDAN_LSTM,BTC-USD,2026-06-13 15:45:00,0.035524424,0.03077394
CEEMDAN_LSTM,BTC-USD,2026-06-13 16:00:00,0.03545887,0.030779805
CEEMDAN_LSTM,BTC-USD,2026-06-13 16:15:00,0.03538417,0.030757397
CEEMDAN_LSTM,BTC-USD,2026-06-13 16:30:00,0.03549681,0.030753134
CEEMDAN_LSTM,BTC-USD,2026-06-13 16:45:00,0.035499185,0.030744461
CEEMDAN_LSTM,BTC-USD,2026-06-13 17:00:00,0.03535404,0.030754874
CEEMDAN_LSTM,BTC-USD,2026-06-13 17:15:00,0.035333846,0.030743292
CEEMDAN_LSTM,BTC-USD,2026-06-13 17:30:00,0.03535801,0.030743452
CEEMDAN_LSTM,BTC-USD,2026-06-13 17:45:00,0.035261106,0.030809823
CEEMDAN_LSTM,BTC-USD,2026-06-13 18:00:00,0.035282496,0.030818854
CEEMDAN_LSTM,BTC-USD,2026-06-13 18:15:00,0.035439223,0.03086699
CEEMDAN_LSTM,BTC-USD,2026-06-13 18:30:00,0.035405666,0.030622141
CEEMDAN_LSTM,BTC-USD,2026-06-13 18:45:00,0.035333313,0.03029014
CEEMDAN_LSTM,BTC-USD,2026-06-13 19:00:00,0.035256553,0.030294534
CEEMDAN_LSTM,BTC-USD,2026-06-13 19:15:00,0.035149887,0.030285565
CEEMDAN_LSTM,BTC-USD,2026-06-13 19:30:00,0.034939833,0.030317785
CEEMDAN_LSTM,BTC-USD,2026-06-13 19:45:00,0.034834627,0.030302992
CEEMDAN_LSTM,BTC-USD,2026-06-13 20:00:00,0.03474807,0.030256774
CEEMDAN_LSTM,BTC-USD,2026-06-13 20:15:00,0.034769125,0.030261928
CEEMDAN_LSTM,BTC-USD,2026-06-13 20:30:00,0.034809597,0.030246463
CEEMDAN_LSTM,BTC-USD,2026-06-13 20:45:00,0.03482713,0.030210664
CEEMDAN_LSTM,BTC-USD,2026-06-13 21:00:00,0.034807485,0.030105926
CEEMDAN_LSTM,BTC-USD,2026-06-13 21:15:00,0.034777775,0.030073972
CEEMDAN_LSTM,BTC-USD,2026-06-13 21:30:00,0.034792136,0.030468166
CEEMDAN_LSTM,BTC-USD,2026-06-13 21:45:00,0.03472202,0.030356867
CEEMDAN_LSTM,BTC-USD,2026-06-13 22:00:00,0.03462791,0.030313717
CEEMDAN_LSTM,BTC-USD,2026-06-13 22:15:00,0.034877695,0.030277677
CEEMDAN_LSTM,BTC-USD,2026-06-13 22:30:00,0.034994747,0.030216493
CEEMDAN_LSTM,BTC-USD,2026-06-13 22:45:00,0.03492577,0.030239154
CEEMDAN_LSTM,BTC-USD,2026-06-13 23:00:00,0.03489451,0.030195719
CEEMDAN_LSTM,BTC-USD,2026-06-13 23:15:00,0.034951814,0.03013829
CEEMDAN_LSTM,BTC-USD,2026-06-13 23:30:00,0.034953747,0.030094847
CEEMDAN_LSTM,BTC-USD,2026-06-13 23:45:00,0.03487488,0.030062065
CEEMDAN_LSTM,BTC-USD,2026-06-14 00:00:00,0.03479273,0.03002241
CEEMDAN_LSTM,BTC-USD,2026-06-14 00:15:00,0.034758996,0.030012768
CEEMDAN_LSTM,BTC-USD,2026-06-14 00:30:00,0.03469644,0.03000193
CEEMDAN_LSTM,BTC-USD,2026-06-14 00:45:00,0.03463037,0.030000921
CEEMDAN_LSTM,BTC-USD,2026-06-14 01:00:00,0.034552414,0.030013876
CEEMDAN_LSTM,BTC-USD,2026-06-14 01:15:00,0.03455994,0.029999834
CEEMDAN_LSTM,BTC-USD,2026-06-14 01:30:00,0.03455404,0.030018594
CEEMDAN_LSTM,BTC-USD,2026-06-14 01:45:00,0.034583054,0.029840453
CEEMDAN_LSTM,BTC-USD,2026-06-14 02:00:00,0.034687426,0.029831454
CEEMDAN_LSTM,BTC-USD,2026-06-14 02:15:00,0.03461772,0.029853335
CEEMDAN_LSTM,BTC-USD,2026-06-14 02:30:00,0.034509994,0.029853854
CEEMDAN_LSTM,BTC-USD,2026-06-14 02:45:00,0.034520004,0.029853582
CEEMDAN_LSTM,BTC-USD,2026-06-14 03:00:00,0.03452204,0.029847909
CEEMDAN_LSTM,BTC-USD,2026-06-14 03:15:00,0.03450158,0.028886458
CEEMDAN_LSTM,BTC-USD,2026-06-14 03:30:00,0.03445328,0.028667536
CEEMDAN_LSTM,BTC-USD,2026-06-14 03:45:00,0.034096632,0.028651757
CEEMDAN_LSTM,BTC-USD,2026-06-14 04:00:00,0.033595458,0.02860486
CEEMDAN_LSTM,BTC-USD,2026-06-14 04:15:00,0.03318299,0.028572915
CEEMDAN_LSTM,BTC-USD,2026-06-14 04:30:00,0.0329618,0.02851679
CEEMDAN_LSTM,BTC-USD,2026-06-14 04:45:00,0.032839637,0.02847883
CEEMDAN_LSTM,BTC-USD,2026-06-14 05:00:00,0.032773938,0.028133925
CEEMDAN_LSTM,BTC-USD,2026-06-14 05:15:00,0.03269323,0.027960869
CEEMDAN_LSTM,BTC-USD,2026-06-14 05:30:00,0.032536365,0.027852364
CEEMDAN_LSTM,BTC-USD,2026-06-14 05:45:00,0.03240359,0.027764864
CEEMDAN_LSTM,BTC-USD,2026-06-14 06:00:00,0.032252412,0.027808027
CEEMDAN_LSTM,BTC-USD,2026-06-14 06:15:00,0.032130826,0.027849253
CEEMDAN_LSTM,BTC-USD,2026-06-14 06:30:00,0.032046564,0.02791074
CEEMDAN_LSTM,BTC-USD,2026-06-14 06:45:00,0.032059457,0.027896263
CEEMDAN_LSTM,BTC-USD,2026-06-14 07:00:00,0.032100566,0.027896592
CEEMDAN_LSTM,BTC-USD,2026-06-14 07:15:00,0.032097634,0.027782366
CEEMDAN_LSTM,BTC-USD,2026-06-14 07:30:00,0.032092217,0.027795503
CEEMDAN_LSTM,BTC-USD,2026-06-14 07:45:00,0.032037776,0.027811354
CEEMDAN_LSTM,BTC-USD,2026-06-14 08:00:00,0.032008294,0.027750427
CEEMDAN_LSTM,BTC-USD,2026-06-14 08:15:00,0.031966884,0.026710333
CEEMDAN_LSTM,BTC-USD,2026-06-14 08:30:00,0.031953335,0.026008885
CEEMDAN_LSTM,BTC-USD,2026-06-14 08:45:00,0.031753846,0.02559647
CEEMDAN_LSTM,BTC-USD,2026-06-14 09:00:00,0.031371642,0.02547655
CEEMDAN_LSTM,BTC-USD,2026-06-14 09:15:00,0.03087824,0.025457948
CEEMDAN_LSTM,BTC-USD,2026-06-14 09:30:00,0.0304277,0.025497735
CEEMDAN_LSTM,BTC-USD,2026-06-14 09:45:00,0.030107807,0.025479358
CEEMDAN_LSTM,BTC-USD,2026-06-14 10:00:00,0.029870452,0.025491256
CEEMDAN_LSTM,BTC-USD,2026-06-14 10:15:00,0.029754886,0.025492623
CEEMDAN_LSTM,BTC-USD,2026-06-14 10:30:00,0.029740345,0.02545128
CEEMDAN_LSTM,BTC-USD,2026-06-14 10:45:00,0.029711954,0.025468078
CEEMDAN_LSTM,BTC-USD,2026-06-14 11:00:00,0.029670078,0.02542782
CEEMDAN_LSTM,BTC-USD,2026-06-14 11:15:00,0.029646043,0.025300594
CEEMDAN_LSTM,BTC-USD,2026-06-14 11:30:00,0.029602284,0.025263052
CEEMDAN_LSTM,BTC-USD,2026-06-14 11:45:00,0.029545004,0.025238855
CEEMDAN_LSTM,BTC-USD,2026-06-14 12:00:00,0.029487899,0.025148625
CEEMDAN_LSTM,BTC-USD,2026-06-14 12:15:00,0.029462935,0.025124665
CEEMDAN_LSTM,BTC-USD,2026-06-14 12:30:00,0.029430842,0.025171937
CEEMDAN_LSTM,BTC-USD,2026-06-14 12:45:00,0.029376708,0.025175732
CEEMDAN_LSTM,BTC-USD,2026-06-14 13:00:00,0.029351579,0.025126733
CEEMDAN_LSTM,BTC-USD,2026-06-14 13:15:00,0.0293258,0.025148856
CEEMDAN_LSTM,BTC-USD,2026-06-14 13:30:00,0.02928551,0.025134837
CEEMDAN_LSTM,BTC-USD,2026-06-14 13:45:00,0.02927149,0.025149332
CEEMDAN_LSTM,BTC-USD,2026-06-14 14:00:00,0.02924141,0.025098093
CEEMDAN_LSTM,BTC-USD,2026-06-14 14:15:00,0.029247127,0.02520489
CEEMDAN_LSTM,BTC-USD,2026-06-14 14:30:00,0.029243791,0.025132466
CEEMDAN_LSTM,BTC-USD,2026-06-14 14:45:00,0.029296506,0.025139997
CEEMDAN_LSTM,BTC-USD,2026-06-14 15:00:00,0.029357448,0.025149915
CEEMDAN_LSTM,BTC-USD,2026-06-14 15:15:00,0.029344887,0.02507682
CEEMDAN_LSTM,BTC-USD,2026-06-14 15:30:00,0.029296052,0.025071781
CEEMDAN_LSTM,BTC-USD,2026-06-14 15:45:00,0.029294856,0.025072595
CEEMDAN_LSTM,BTC-USD,2026-06-14 16:00:00,0.029321289,0.024952726
CEEMDAN_LSTM,BTC-USD,2026-06-14 16:15:00,0.029341321,0.024866762
CEEMDAN_LSTM,BTC-USD,2026-06-14 16:30:00,0.029296594,0.024865353
CEEMDAN_LSTM,BTC-USD,2026-06-14 16:45:00,0.029214574,0.025084238
CEEMDAN_LSTM,BTC-USD,2026-06-14 17:00:00,0.029145127,0.024831198
CEEMDAN_LSTM,BTC-USD,2026-06-14 17:15:00,0.02919145,0.024796706
CEEMDAN_LSTM,BTC-USD,2026-06-14 17:30:00,0.029196657,0.0247869
CEEMDAN_LSTM,BTC-USD,2026-06-14 17:45:00,0.029195385,0.024840798
CEEMDAN_LSTM,BTC-USD,2026-06-14 18:00:00,0.02918267,0.024805723
CEEMDAN_LSTM,BTC-USD,2026-06-14 18:15:00,0.02919675,0.02475666
CEEMDAN_LSTM,BTC-USD,2026-06-14 18:30:00,0.029203586,0.024764821
CEEMDAN_LSTM,BTC-USD,2026-06-14 18:45:00,0.029199958,0.024760177
CEEMDAN_LSTM,BTC-USD,2026-06-14 19:00:00,0.029180346,0.024763517
CEEMDAN_LSTM,BTC-USD,2026-06-14 19:15:00,0.029166225,0.02435345
CEEMDAN_LSTM,BTC-USD,2026-06-14 19:30:00,0.02917161,0.024338484
CEEMDAN_LSTM,BTC-USD,2026-06-14 19:45:00,0.029095344,0.024343
CEEMDAN_LSTM,BTC-USD,2026-06-14 20:00:00,0.02900988,0.02399463
CEEMDAN_LSTM,BTC-USD,2026-06-14 20:15:00,0.028947528,0.024039248
CEEMDAN_LSTM,BTC-USD,2026-06-14 20:30:00,0.028882321,0.02406949
CEEMDAN_LSTM,BTC-USD,2026-06-14 20:45:00,0.02881994,0.024066117
CEEMDAN_LSTM,BTC-USD,2026-06-14 21:00:00,0.028797738,0.024092842
CEEMDAN_LSTM,BTC-USD,2026-06-14 21:15:00,0.028875528,0.026123844
CEEMDAN_LSTM,BTC-USD,2026-06-14 21:30:00,0.028984632,0.026898053
CEEMDAN_LSTM,BTC-USD,2026-06-14 21:45:00,0.029316856,0.026891327
CEEMDAN_LSTM,BTC-USD,2026-06-14 22:00:00,0.029870708,0.027094407
CEEMDAN_LSTM,BTC-USD,2026-06-14 22:15:00,0.030492218,0.027118335
CEEMDAN_LSTM,BTC-USD,2026-06-14 22:30:00,0.031030556,0.02737624
CEEMDAN_LSTM,BTC-USD,2026-06-14 22:45:00,0.03134109,0.02738315
CEEMDAN_LSTM,BTC-USD,2026-06-14 23:00:00,0.0315264,0.027286578
CEEMDAN_LSTM,BTC-USD,2026-06-14 23:15:00,0.031685557,0.027117603
CEEMDAN_LSTM,BTC-USD,2026-06-14 23:30:00,0.0317489,0.02709325
CEEMDAN_LSTM,BTC-USD,2026-06-14 23:45:00,0.03174969,0.027190998
CEEMDAN_LSTM,BTC-USD,2026-06-15 00:00:00,0.031767737,0.027238185
CEEMDAN_LSTM,BTC-USD,2026-06-15 00:15:00,0.031751342,0.027149007
CEEMDAN_LSTM,BTC-USD,2026-06-15 00:30:00,0.03175752,0.027293932
CEEMDAN_LSTM,BTC-USD,2026-06-15 00:45:00,0.031817105,0.027224183
CEEMDAN_LSTM,BTC-USD,2026-06-15 01:00:00,0.03189432,0.027289359
CEEMDAN_LSTM,BTC-USD,2026-06-15 01:15:00,0.03188879,0.027222568
CEEMDAN_LSTM,BTC-USD,2026-06-15 01:30:00,0.031913258,0.027589884
CEEMDAN_LSTM,BTC-USD,2026-06-15 01:45:00,0.03191687,0.027749227
CEEMDAN_LSTM,BTC-USD,2026-06-15 02:00:00,0.03192033,0.027753083
CEEMDAN_LSTM,BTC-USD,2026-06-15 02:15:00,0.03204188,0.027754623
CEEMDAN_LSTM,BTC-USD,2026-06-15 02:30:00,0.03212629,0.027784463
CEEMDAN_LSTM,BTC-USD,2026-06-15 02:45:00,0.032212447,0.027826278
CEEMDAN_LSTM,BTC-USD,2026-06-15 03:00:00,0.032308694,0.027970666
CEEMDAN_LSTM,BTC-USD,2026-06-15 03:15:00,0.032380138,0.027840119
CEEMDAN_LSTM,BTC-USD,2026-06-15 03:30:00,0.032395076,0.027939014
CEEMDAN_LSTM,BTC-USD,2026-06-15 03:45:00,0.03239828,0.027937004
CEEMDAN_LSTM,BTC-USD,2026-06-15 04:00:00,0.032389402,0.02809481
CEEMDAN_LSTM,BTC-USD,2026-06-15 04:15:00,0.032423653,0.02806737
CEEMDAN_LSTM,BTC-USD,2026-06-15 04:30:00,0.03251651,0.027724924
CEEMDAN_LSTM,BTC-USD,2026-06-15 04:45:00,0.032573257,0.027716497
CEEMDAN_LSTM,BTC-USD,2026-06-15 05:00:00,0.0325573,0.027481833
CEEMDAN_LSTM,BTC-USD,2026-06-15 05:15:00,0.03251204,0.02739189
CEEMDAN_LSTM,BTC-USD,2026-06-15 05:30:00,0.03240543,0.027363941
CEEMDAN_LSTM,BTC-USD,2026-06-15 05:45:00,0.03228046,0.026338037
CEEMDAN_LSTM,BTC-USD,2026-06-15 06:00:00,0.03221161,0.025759812
CEEMDAN_LSTM,BTC-USD,2026-06-15 06:15:00,0.03196081,0.025516305
CEEMDAN_LSTM,BTC-USD,2026-06-15 06:30:00,0.031568926,0.025309397
CEEMDAN_LSTM,BTC-USD,2026-06-15 06:45:00,0.031126026,0.024818046
CEEMDAN_LSTM,BTC-USD,2026-06-15 07:00:00,0.030749466,0.024462063
CEEMDAN_LSTM,BTC-USD,2026-06-15 07:15:00,0.030353175,0.02453216
CEEMDAN_LSTM,BTC-USD,2026-06-15 07:30:00,0.029945122,0.024740478
CEEMDAN_LSTM,BTC-USD,2026-06-15 07:45:00,0.029593773,0.024690265
CEEMDAN_LSTM,BTC-USD,2026-06-15 08:00:00,0.029457577,0.024633164
CEEMDAN_LSTM,BTC-USD,2026-06-15 08:15:00,0.029407026,0.024629997
CEEMDAN_LSTM,BTC-USD,2026-06-15 08:30:00,0.02936183,0.024661876
CEEMDAN_LSTM,BTC-USD,2026-06-15 08:45:00,0.02934209,0.024722764
CEEMDAN_LSTM,BTC-USD,2026-06-15 09:00:00,0.029320084,0.024709594
CEEMDAN_LSTM,BTC-USD,2026-06-15 09:15:00,0.029360374,0.024708388
CEEMDAN_LSTM,BTC-USD,2026-06-15 09:30:00,0.02940457,0.024706794
CEEMDAN_LSTM,BTC-USD,2026-06-15 09:45:00,0.029462108,0.024532294
CEEMDAN_LSTM,BTC-USD,2026-06-15 10:00:00,0.029527124,0.024614928
CEEMDAN_LSTM,BTC-USD,2026-06-15 10:15:00,0.029529775,0.024618011
CEEMDAN_LSTM,BTC-USD,2026-06-15 10:30:00,0.029492356,0.024566703
CEEMDAN_LSTM,BTC-USD,2026-06-15 10:45:00,0.029487412,0.024663087
CEEMDAN_LSTM,BTC-USD,2026-06-15 11:00:00,0.029477376,0.024662377
CEEMDAN_LSTM,BTC-USD,2026-06-15 11:15:00,0.029469354,0.025036955
CEEMDAN_LSTM,BTC-USD,2026-06-15 11:30:00,0.029510697,0.025098894
CEEMDAN_LSTM,BTC-USD,2026-06-15 11:45:00,0.0295977,0.025077472
CEEMDAN_LSTM,BTC-USD,2026-06-15 12:00:00,0.029777316,0.024984213
CEEMDAN_LSTM,BTC-USD,2026-06-15 12:15:00,0.029911399,0.024934405
CEEMDAN_LSTM,BTC-USD,2026-06-15 12:30:00,0.029980363,0.025081916
CEEMDAN_LSTM,BTC-USD,2026-06-15 12:45:00,0.029999668,0.025088256
CEEMDAN_LSTM,BTC-USD,2026-06-15 13:00:00,0.029982833,0.025092298
CEEMDAN_LSTM,BTC-USD,2026-06-15 13:15:00,0.029999292,0.025263026
CEEMDAN_LSTM,BTC-USD,2026-06-15 13:30:00,0.03004856,0.025563937
CEEMDAN_LSTM,BTC-USD,2026-06-15 13:45:00,0.030100247,0.025670752
CEEMDAN_LSTM,BTC-USD,2026-06-15 14:00:00,0.030286372,0.02565232
CEEMDAN_LSTM,BTC-USD,2026-06-15 14:15:00,0.03048017,0.025698297
CEEMDAN_LSTM,BTC-USD,2026-06-15 14:30:00,0.030595997,0.02569552
CEEMDAN_LSTM,BTC-USD,2026-06-15 14:45:00,0.030646354,0.025686441
CEEMDAN_LSTM,BTC-USD,2026-06-15 15:00:00,0.030699247,0.02568987
CEEMDAN_LSTM,BTC-USD,2026-06-15 15:15:00,0.030726537,0.025662616
CEEMDAN_LSTM,BTC-USD,2026-06-15 15:30:00,0.030753616,0.025887987
CEEMDAN_LSTM,BTC-USD,2026-06-15 15:45:00,0.030779012,0.026422534
CEEMDAN_LSTM,BTC-USD,2026-06-15 16:00:00,0.0307859,0.026411213
CEEMDAN_LSTM,BTC-USD,2026-06-15 16:15:00,0.03087212,0.026438912
CEEMDAN_LSTM,BTC-USD,2026-06-15 16:30:00,0.031074472,0.026414743
CEEMDAN_LSTM,BTC-USD,2026-06-15 16:45:00,0.031289723,0.026393158
CEEMDAN_LSTM,BTC-USD,2026-06-15 17:00:00,0.031431608,0.026679361
CEEMDAN_LSTM,BTC-USD,2026-06-15 17:15:00,0.031510644,0.026677838
CEEMDAN_LSTM,BTC-USD,2026-06-15 17:30:00,0.031648625,0.026636159
CEEMDAN_LSTM,BTC-USD,2026-06-15 17:45:00,0.03174449,0.02664372
CEEMDAN_LSTM,BTC-USD,2026-06-15 18:00:00,0.031767357,0.026654594
CEEMDAN_LSTM,BTC-USD,2026-06-15 18:15:00,0.031772397,0.026543463
CEEMDAN_LSTM,BTC-USD,2026-06-15 18:30:00,0.03177337,0.026546726
CEEMDAN_LSTM,BTC-USD,2026-06-15 18:45:00,0.031752657,0.026554484
CEEMDAN_LSTM,BTC-USD,2026-06-15 19:00:00,0.03175414,0.026581133
CEEMDAN_LSTM,BTC-USD,2026-06-15 19:15:00,0.03176462,0.02709983
CEEMDAN_LSTM,BTC-USD,2026-06-15 19:30:00,0.0317627,0.027222116
CEEMDAN_LSTM,BTC-USD,2026-06-15 19:45:00,0.031904455,0.027250316
CEEMDAN_LSTM,BTC-USD,2026-06-15 20:00:00,0.03201199,0.027249219
CEEMDAN_LSTM,BTC-USD,2026-06-15 20:15:00,0.03215944,0.027249446
CEEMDAN_LSTM,BTC-USD,2026-06-15 20:30:00,0.03225822,0.02724936
CEEMDAN_LSTM,BTC-USD,2026-06-15 20:45:00,0.0323028,0.027282149
CEEMDAN_LSTM,BTC-USD,2026-06-15 21:00:00,0.032326326,0.027281206
CEEMDAN_LSTM,BTC-USD,2026-06-15 21:15:00,0.03236712,0.027313199
CEEMDAN_LSTM,BTC-USD,2026-06-15 21:30:00,0.032393094,0.027314434
CEEMDAN_LSTM,BTC-USD,2026-06-15 21:45:00,0.03243119,0.027331265
CEEMDAN_LSTM,BTC-USD,2026-06-15 22:00:00,0.03245117,0.027329758
CEEMDAN_LSTM,BTC-USD,2026-06-15 22:15:00,0.032489665,0.027515007
CEEMDAN_LSTM,BTC-USD,2026-06-15 22:30:00,0.03251532,0.027574318
CEEMDAN_LSTM,BTC-USD,2026-06-15 22:45:00,0.032667004,0.02762362
CEEMDAN_LSTM,BTC-USD,2026-06-15 23:00:00,0.03274695,0.02761859
CEEMDAN_LSTM,BTC-USD,2026-06-15 23:15:00,0.03291346,0.027623747
CEEMDAN_LSTM,BTC-USD,2026-06-15 23:30:00,0.033002052,0.027618442
CEEMDAN_LSTM,BTC-USD,2026-06-15 23:45:00,0.03307479,0.027591983
CEEMDAN_LSTM,BTC-USD,2026-06-16 00:00:00,0.033103615,0.02760861
CEEMDAN_LSTM,BTC-USD,2026-06-16 00:15:00,0.03311716,0.027699046
CEEMDAN_LSTM,BTC-USD,2026-06-16 00:30:00,0.03312537,0.027787587
CEEMDAN_LSTM,BTC-USD,2026-06-16 00:45:00,0.033255517,0.027860362
CEEMDAN_LSTM,BTC-USD,2026-06-16 01:00:00,0.03328884,0.02785677
CEEMDAN_LSTM,BTC-USD,2026-06-16 01:15:00,0.03344795,0.027879527
CEEMDAN_LSTM,BTC-USD,2026-06-16 01:30:00,0.033506,0.027859226
CEEMDAN_LSTM,BTC-USD,2026-06-16 01:45:00,0.03349676,0.027857164
CEEMDAN_LSTM,BTC-USD,2026-06-16 02:00:00,0.03354568,0.02819117
CEEMDAN_LSTM,BTC-USD,2026-06-16 02:15:00,0.03360644,0.0285109
CEEMDAN_LSTM,BTC-USD,2026-06-16 02:30:00,0.033912577,0.028533854
CEEMDAN_LSTM,BTC-USD,2026-06-16 02:45:00,0.03430999,0.028611425
CEEMDAN_LSTM,BTC-USD,2026-06-16 03:00:00,0.034501065,0.028620522
CEEMDAN_LSTM,BTC-USD,2026-06-16 03:15:00,0.03471667,0.028721489
CEEMDAN_LSTM,BTC-USD,2026-06-16 03:30:00,0.03476991,0.02879452
CEEMDAN_LSTM,BTC-USD,2026-06-16 03:45:00,0.03472314,0.028731473
CEEMDAN_LSTM,BTC-USD,2026-06-16 04:00:00,0.03476573,0.02872713
CEEMDAN_LSTM,BTC-USD,2026-06-16 04:15:00,0.034912046,0.028845266
CEEMDAN_LSTM,BTC-USD,2026-06-16 04:30:00,0.035092093,0.028860329
CEEMDAN_LSTM,BTC-USD,2026-06-16 04:45:00,0.0353759,0.028850788
CEEMDAN_LSTM,BTC-USD,2026-06-16 05:00:00,0.03557036,0.028961526
CEEMDAN_LSTM,BTC-USD,2026-06-16 05:15:00,0.0356157,0.02896707
CEEMDAN_LSTM,BTC-USD,2026-06-16 05:30:00,0.03552082,0.02895907
CEEMDAN_LSTM,BTC-USD,2026-06-16 05:45:00,0.035511117,0.028961016
CEEMDAN_LSTM,BTC-USD,2026-06-16 06:00:00,0.03556537,0.029006468
CEEMDAN_LSTM,BTC-USD,2026-06-16 06:15:00,0.03562555,0.029076517
CEEMDAN_LSTM,BTC-USD,2026-06-16 06:30:00,0.03559128,0.029076586
CEEMDAN_LSTM,BTC-USD,2026-06-16 06:45:00,0.035581075,0.029071914
CEEMDAN_LSTM,BTC-USD,2026-06-16 07:00:00,0.03564616,0.028921656
CEEMDAN_LSTM,BTC-USD,2026-06-16 07:15:00,0.03572547,0.028866934
CEEMDAN_LSTM,BTC-USD,2026-06-16 07:30:00,0.03580702,0.02884974
CEEMDAN_LSTM,BTC-USD,2026-06-16 07:45:00,0.03578586,0.028849106
CEEMDAN_LSTM,BTC-USD,2026-06-16 08:00:00,0.035733525,0.02885815
CEEMDAN_LSTM,BTC-USD,2026-06-16 08:15:00,0.035650026,0.028814584
CEEMDAN_LSTM,BTC-USD,2026-06-16 08:30:00,0.035577178,0.028831974
CEEMDAN_LSTM,BTC-USD,2026-06-16 08:45:00,0.03555182,0.029017705
CEEMDAN_LSTM,BTC-USD,2026-06-16 09:00:00,0.035524935,0.029059108
CEEMDAN_LSTM,BTC-USD,2026-06-16 09:15:00,0.03547214,0.02909964
CEEMDAN_LSTM,BTC-USD,2026-06-16 09:30:00,0.03569411,0.029096527
CEEMDAN_LSTM,BTC-USD,2026-06-16 09:45:00,0.035902593,0.029184783
CEEMDAN_LSTM,BTC-USD,2026-06-16 10:00:00,0.03592052,0.029182453
CEEMDAN_LSTM,BTC-USD,2026-06-16 10:15:00,0.036047775,0.029231282
CEEMDAN_LSTM,BTC-USD,2026-06-16 10:30:00,0.03604151,0.02921337
CEEMDAN_LSTM,BTC-USD,2026-06-16 10:45:00,0.03596974,0.029268892
CEEMDAN_LSTM,BTC-USD,2026-06-16 11:00:00,0.03603195,0.02926628
CEEMDAN_LSTM,BTC-USD,2026-06-16 11:15:00,0.036140453,0.029267976
CEEMDAN_LSTM,BTC-USD,2026-06-16 11:30:00,0.03617077,0.029290317
CEEMDAN_LSTM,BTC-USD,2026-06-16 11:45:00,0.036208026,0.029306784
CEEMDAN_LSTM,BTC-USD,2026-06-16 12:00:00,0.03627367,0.029304294
CEEMDAN_LSTM,BTC-USD,2026-06-16 12:15:00,0.036256865,0.029306764
CEEMDAN_LSTM,BTC-USD,2026-06-16 12:30:00,0.03622355,0.028918963
CEEMDAN_LSTM,BTC-USD,2026-06-16 12:45:00,0.036206163,0.028896179
CEEMDAN_LSTM,BTC-USD,2026-06-16 13:00:00,0.0361286,0.029075298
CEEMDAN_LSTM,BTC-USD,2026-06-16 13:15:00,0.036000565,0.029207952
CEEMDAN_LSTM,BTC-USD,2026-06-16 13:30:00,0.036063693,0.02925882
CEEMDAN_LSTM,BTC-USD,2026-06-16 13:45:00,0.036194213,0.029259488
CEEMDAN_LSTM,BTC-USD,2026-06-16 14:00:00,0.03616988,0.029258564
CEEMDAN_LSTM,BTC-USD,2026-06-16 14:15:00,0.036223352,0.030132674
CEEMDAN_LSTM,BTC-USD,2026-06-16 14:30:00,0.0362878,0.03018538
CEEMDAN_LSTM,BTC-USD,2026-06-16 14:45:00,0.03666099,0.030182155
CEEMDAN_LSTM,BTC-USD,2026-06-16 15:00:00,0.03685305,0.03033473
CEEMDAN_LSTM,BTC-USD,2026-06-16 15:15:00,0.036937207,0.030342147
CEEMDAN_LSTM,BTC-USD,2026-06-16 15:30:00,0.036954742,0.030306539
CEEMDAN_LSTM,BTC-USD,2026-06-16 15:45:00,0.037045997,0.030307695
CEEMDAN_LSTM,BTC-USD,2026-06-16 16:00:00,0.037099052,0.0303344
CEEMDAN_LSTM,BTC-USD,2026-06-16 16:15:00,0.03712573,0.03033292
CEEMDAN_LSTM,BTC-USD,2026-06-16 16:30:00,0.037196156,0.0302987
CEEMDAN_LSTM,BTC-USD,2026-06-16 16:45:00,0.037209366,0.030307734
CEEMDAN_LSTM,BTC-USD,2026-06-16 17:00:00,0.03719946,0.030309288
CEEMDAN_LSTM,BTC-USD,2026-06-16 17:15:00,0.03720515,0.030291062
CEEMDAN_LSTM,BTC-USD,2026-06-16 17:30:00,0.03718791,0.030285602
CEEMDAN_LSTM,BTC-USD,2026-06-16 17:45:00,0.03719434,0.030459363
CEEMDAN_LSTM,BTC-USD,2026-06-16 18:00:00,0.037185498,0.03055371
CEEMDAN_LSTM,BTC-USD,2026-06-16 18:15:00,0.037125446,0.030746548
CEEMDAN_LSTM,BTC-USD,2026-06-16 18:30:00,0.037149254,0.030762792
CEEMDAN_LSTM,BTC-USD,2026-06-16 18:45:00,0.037355117,0.03075246
CEEMDAN_LSTM,BTC-USD,2026-06-16 19:00:00,0.037473775,0.030869098
CEEMDAN_LSTM,BTC-USD,2026-06-16 19:15:00,0.03750486,0.030867547
CEEMDAN_LSTM,BTC-USD,2026-06-16 19:30:00,0.037604243,0.030857092
CEEMDAN_LSTM,BTC-USD,2026-06-16 19:45:00,0.037616406,0.030850178
CEEMDAN_LSTM,BTC-USD,2026-06-16 20:00:00,0.037629467,0.03086622
CEEMDAN_LSTM,BTC-USD,2026-06-16 20:15:00,0.03759735,0.030849876
CEEMDAN_LSTM,BTC-USD,2026-06-16 20:30:00,0.037563447,0.03088616
CEEMDAN_LSTM,BTC-USD,2026-06-16 20:45:00,0.03759218,0.030886337
CEEMDAN_LSTM,BTC-USD,2026-06-16 21:00:00,0.037574973,0.030849876
CEEMDAN_LSTM,BTC-USD,2026-06-16 21:15:00,0.03759404,0.030946903
CEEMDAN_LSTM,BTC-USD,2026-06-16 21:30:00,0.037596308,0.03087919
CEEMDAN_LSTM,BTC-USD,2026-06-16 21:45:00,0.037693758,0.030880943
CEEMDAN_LSTM,BTC-USD,2026-06-16 22:00:00,0.037704624,0.030880824
CEEMDAN_LSTM,BTC-USD,2026-06-16 22:15:00,0.037658446,0.030849759
CEEMDAN_LSTM,BTC-USD,2026-06-16 22:30:00,0.037629962,0.030847328
CEEMDAN_LSTM,BTC-USD,2026-06-16 22:45:00,0.03766534,0.030800276
CEEMDAN_LSTM,BTC-USD,2026-06-16 23:00:00,0.037692923,0.030800847
CEEMDAN_LSTM,BTC-USD,2026-06-16 23:15:00,0.037660405,0.030799102
CEEMDAN_LSTM,BTC-USD,2026-06-16 23:30:00,0.037647694,0.03079429
CEEMDAN_LSTM,BTC-USD,2026-06-16 23:45:00,0.037649512,0.030801347
CEEMDAN_LSTM,BTC-USD,2026-06-17 00:00:00,0.03764385,0.030811818
CEEMDAN_LSTM,BTC-USD,2026-06-17 00:15:00,0.037654724,0.03079135
CEEMDAN_LSTM,BTC-USD,2026-06-17 00:30:00,0.0376378,0.030687856
CEEMDAN_LSTM,BTC-USD,2026-06-17 00:45:00,0.037646756,0.03072441
CEEMDAN_LSTM,BTC-USD,2026-06-17 01:00:00,0.03760436,0.03071967
CEEMDAN_LSTM,BTC-USD,2026-06-17 01:15:00,0.03763408,0.030871913
CEEMDAN_LSTM,BTC-USD,2026-06-17 01:30:00,0.03761915,0.030978303
CEEMDAN_LSTM,BTC-USD,2026-06-17 01:45:00,0.037725545,0.03104977
CEEMDAN_LSTM,BTC-USD,2026-06-17 02:00:00,0.037711225,0.031050637
CEEMDAN_LSTM,BTC-USD,2026-06-17 02:15:00,0.03770769,0.031181363
CEEMDAN_LSTM,BTC-USD,2026-06-17 02:30:00,0.037783727,0.031396057
CEEMDAN_LSTM,BTC-USD,2026-06-17 02:45:00,0.037791852,0.031382505
CEEMDAN_LSTM,BTC-USD,2026-06-17 03:00:00,0.03798937,0.03139426
CEEMDAN_LSTM,BTC-USD,2026-06-17 03:15:00,0.038061097,0.03139977
CEEMDAN_LSTM,BTC-USD,2026-06-17 03:30:00,0.03811977,0.031351987
CEEMDAN_LSTM,BTC-USD,2026-06-17 03:45:00,0.038146332,0.031352524
CEEMDAN_LSTM,BTC-USD,2026-06-17 04:00:00,0.038115773,0.031350475
CEEMDAN_LSTM,BTC-USD,2026-06-17 04:15:00,0.038091317,0.031332
CEEMDAN_LSTM,BTC-USD,2026-06-17 04:30:00,0.038096856,0.031311676
CEEMDAN_LSTM,BTC-USD,2026-06-17 04:45:00,0.038078405,0.031302404
CEEMDAN_LSTM,BTC-USD,2026-06-17 05:00:00,0.03806661,0.03132621
CEEMDAN_LSTM,BTC-USD,2026-06-17 05:15:00,0.038077053,0.031237977
CEEMDAN_LSTM,BTC-USD,2026-06-17 05:30:00,0.038097396,0.03104646
CEEMDAN_LSTM,BTC-USD,2026-06-17 05:45:00,0.03805344,0.031068897
CEEMDAN_LSTM,BTC-USD,2026-06-17 06:00:00,0.037973054,0.031014187
CEEMDAN_LSTM,BTC-USD,2026-06-17 06:15:00,0.037961364,0.03115704
CEEMDAN_LSTM,BTC-USD,2026-06-17 06:30:00,0.037940603,0.03115514
CEEMDAN_LSTM,BTC-USD,2026-06-17 06:45:00,0.038020343,0.031156424
CEEMDAN_LSTM,BTC-USD,2026-06-17 07:00:00,0.03804643,0.03114854
CEEMDAN_LSTM,BTC-USD,2026-06-17 07:15:00,0.038030248,0.031220164
CEEMDAN_LSTM,BTC-USD,2026-06-17 07:30:00,0.037995446,0.031222304
CEEMDAN_LSTM,BTC-USD,2026-06-17 07:45:00,0.038049985,0.031033318
CEEMDAN_LSTM,BTC-USD,2026-06-17 08:00:00,0.038066827,0.031195661
CEEMDAN_LSTM,BTC-USD,2026-06-17 08:15:00,0.0380316,0.031179616
CEEMDAN_LSTM,BTC-USD,2026-06-17 08:30:00,0.038087275,0.031777855
CEEMDAN_LSTM,BTC-USD,2026-06-17 08:45:00,0.038113873,0.031730324
CEEMDAN_LSTM,BTC-USD,2026-06-17 09:00:00,0.038351476,0.03173758
CEEMDAN_LSTM,BTC-USD,2026-06-17 09:15:00,0.038430374,0.03175436
CEEMDAN_LSTM,BTC-USD,2026-06-17 09:30:00,0.038392987,0.031783823
CEEMDAN_LSTM,BTC-USD,2026-06-17 09:45:00,0.038400535,0.03178578
CEEMDAN_LSTM,BTC-USD,2026-06-17 10:00:00,0.038477566,0.031785224
CEEMDAN_LSTM,BTC-USD,2026-06-17 10:15:00,0.038516954,0.031794954
CEEMDAN_LSTM,BTC-USD,2026-06-17 10:30:00,0.038509455,0.031788606
CEEMDAN_LSTM,BTC-USD,2026-06-17 10:45:00,0.038473923,0.031847153
CEEMDAN_LSTM,BTC-USD,2026-06-17 11:00:00,0.0384823,0.032019496
CEEMDAN_LSTM,BTC-USD,2026-06-17 11:15:00,0.038561847,0.032023616
CEEMDAN_LSTM,BTC-USD,2026-06-17 11:30:00,0.038665216,0.032003436
CEEMDAN_LSTM,BTC-USD,2026-06-17 11:45:00,0.03863387,0.03199795
CEEMDAN_LSTM,BTC-USD,2026-06-17 12:00:00,0.03860565,0.03197241
CEEMDAN_LSTM,BTC-USD,2026-06-17 12:15:00,0.038627364,0.030315455
CEEMDAN_LSTM,BTC-USD,2026-06-17 12:30:00,0.038656488,0.02954332
CEEMDAN_LSTM,BTC-USD,2026-06-17 12:45:00,0.03842022,0.029601108
CEEMDAN_LSTM,BTC-USD,2026-06-17 13:00:00,0.03778823,0.029436354
CEEMDAN_LSTM,BTC-USD,2026-06-17 13:15:00,0.03737852,0.02950911
CEEMDAN_LSTM,BTC-USD,2026-06-17 13:30:00,0.03721605,0.029825166
CEEMDAN_LSTM,BTC-USD,2026-06-17 13:45:00,0.037201297,0.029818196
CEEMDAN_LSTM,BTC-USD,2026-06-17 14:00:00,0.037111886,0.029752083
CEEMDAN_LSTM,BTC-USD,2026-06-17 14:15:00,0.037168536,0.029730283
CEEMDAN_LSTM,BTC-USD,2026-06-17 14:30:00,0.037201874,0.029756181
CEEMDAN_LSTM,BTC-USD,2026-06-17 14:45:00,0.037264,0.029631266
CEEMDAN_LSTM,BTC-USD,2026-06-17 15:00:00,0.037346512,0.029629165
CEEMDAN_LSTM,BTC-USD,2026-06-17 15:15:00,0.03733967,0.029604003
CEEMDAN_LSTM,BTC-USD,2026-06-17 15:30:00,0.037268013,0.029527027
CEEMDAN_LSTM,BTC-USD,2026-06-17 15:45:00,0.03722875,0.029767828
CEEMDAN_LSTM,BTC-USD,2026-06-17 16:00:00,0.037168004,0.029754795
CEEMDAN_LSTM,BTC-USD,2026-06-17 16:15:00,0.03712835,0.030388692
CEEMDAN_LSTM,BTC-USD,2026-06-17 16:30:00,0.03715345,0.030431455
CEEMDAN_LSTM,BTC-USD,2026-06-17 16:45:00,0.037166536,0.030334802
CEEMDAN_LSTM,BTC-USD,2026-06-17 17:00:00,0.03745362,0.03026048
CEEMDAN_LSTM,BTC-USD,2026-06-17 17:15:00,0.037556782,0.030307524
CEEMDAN_LSTM,BTC-USD,2026-06-17 17:30:00,0.03753704,0.030320568
CEEMDAN_LSTM,BTC-USD,2026-06-17 17:45:00,0.037513606,0.0304525
CEEMDAN_LSTM,BTC-USD,2026-06-17 18:00:00,0.037563693,0.032490827
CEEMDAN_LSTM,BTC-USD,2026-06-17 18:15:00,0.037572898,0.03252044
CEEMDAN_LSTM,BTC-USD,2026-06-17 18:30:00,0.03835871,0.033827357
CEEMDAN_LSTM,BTC-USD,2026-06-17 18:45:00,0.038720433,0.03477506
CEEMDAN_LSTM,BTC-USD,2026-06-17 19:00:00,0.038962495,0.034739185
CEEMDAN_LSTM,BTC-USD,2026-06-17 19:15:00,0.03972807,0.037378494
CEEMDAN_LSTM,BTC-USD,2026-06-17 19:30:00,0.040172793,0.037655205
CEEMDAN_LSTM,BTC-USD,2026-06-17 19:45:00,0.040977016,0.037720256
CEEMDAN_LSTM,BTC-USD,2026-06-17 20:00:00,0.041257266,0.03774749
CEEMDAN_LSTM,BTC-USD,2026-06-17 20:15:00,0.041262686,0.03777424
CEEMDAN_LSTM,BTC-USD,2026-06-17 20:30:00,0.041251943,0.03779465
CEEMDAN_LSTM,BTC-USD,2026-06-17 20:45:00,0.041226536,0.03786191
CEEMDAN_LSTM,BTC-USD,2026-06-17 21:00:00,0.04122409,0.037892293
CEEMDAN_LSTM,BTC-USD,2026-06-17 21:15:00,0.04122604,0.037890203
CEEMDAN_LSTM,BTC-USD,2026-06-17 21:30:00,0.041293286,0.03784993
CEEMDAN_LSTM,BTC-USD,2026-06-17 21:45:00,0.04131185,0.03785668
CEEMDAN_LSTM,BTC-USD,2026-06-17 22:00:00,0.041286554,0.03792721
CEEMDAN_LSTM,BTC-USD,2026-06-17 22:15:00,0.04129302,0.038094465
CEEMDAN_LSTM,BTC-USD,2026-06-17 22:30:00,0.041286897,0.037994936
CEEMDAN_LSTM,BTC-USD,2026-06-17 22:45:00,0.041299663,0.037983734
CEEMDAN_LSTM,BTC-USD,2026-06-17 23:00:00,0.04134815,0.03797323
CEEMDAN_LSTM,BTC-USD,2026-06-17 23:15:00,0.041342802,0.03808224
CEEMDAN_LSTM,BTC-USD,2026-06-17 23:30:00,0.041297693,0.038061567
CEEMDAN_LSTM,BTC-USD,2026-06-17 23:45:00,0.041290905,0.03804472
CEEMDAN_LSTM,BTC-USD,2026-06-18 00:00:00,0.041314904,0.038092233
CEEMDAN_LSTM,BTC-USD,2026-06-18 00:15:00,0.0412955,0.03809403
CEEMDAN_LSTM,BTC-USD,2026-06-18 00:30:00,0.04130966,0.038078606
CEEMDAN_LSTM,BTC-USD,2026-06-18 00:45:00,0.041338466,0.03812925
CEEMDAN_LSTM,BTC-USD,2026-06-18 01:00:00,0.041358296,0.038309567
CEEMDAN_LSTM,BTC-USD,2026-06-18 01:15:00,0.041336097,0.038323004
CEEMDAN_LSTM,BTC-USD,2026-06-18 01:30:00,0.041335203,0.038320083
CEEMDAN_LSTM,BTC-USD,2026-06-18 01:45:00,0.041409988,0.03825412
CEEMDAN_LSTM,BTC-USD,2026-06-18 02:00:00,0.041444235,0.038254265
CEEMDAN_LSTM,BTC-USD,2026-06-18 02:15:00,0.041434202,0.037985757
CEEMDAN_LSTM,BTC-USD,2026-06-18 02:30:00,0.041383132,0.037968043
CEEMDAN_LSTM,BTC-USD,2026-06-18 02:45:00,0.04129316,0.037963644
CEEMDAN_LSTM,BTC-USD,2026-06-18 03:00:00,0.041278966,0.038028166
CEEMDAN_LSTM,BTC-USD,2026-06-18 03:15:00,0.041326616,0.038164094
CEEMDAN_LSTM,BTC-USD,2026-06-18 03:30:00,0.04139847,0.038044717
CEEMDAN_LSTM,BTC-USD,2026-06-18 03:45:00,0.041431088,0.03801653
CEEMDAN_LSTM,BTC-USD,2026-06-18 04:00:00,0.041387483,0.038359996
CEEMDAN_LSTM,BTC-USD,2026-06-18 04:15:00,0.04141787,0.03819315
CEEMDAN_LSTM,BTC-USD,2026-06-18 04:30:00,0.041498963,0.038009167
CEEMDAN_LSTM,BTC-USD,2026-06-18 04:45:00,0.04145445,0.037956577
CEEMDAN_LSTM,BTC-USD,2026-06-18 05:00:00,0.041394245,0.037963696
CEEMDAN_LSTM,BTC-USD,2026-06-18 05:15:00,0.04133801,0.037917607
CEEMDAN_LSTM,BTC-USD,2026-06-18 05:30:00,0.041315272,0.037917014
CEEMDAN_LSTM,BTC-USD,2026-06-18 05:45:00,0.041315336,0.037921913
CEEMDAN_LSTM,BTC-USD,2026-06-18 06:00:00,0.04131035,0.037915807
CEEMDAN_LSTM,BTC-USD,2026-06-18 06:15:00,0.041314233,0.037915684
CEEMDAN_LSTM,BTC-USD,2026-06-18 06:30:00,0.0413258,0.037761506
CEEMDAN_LSTM,BTC-USD,2026-06-18 06:45:00,0.04130559,0.03733051
CEEMDAN_LSTM,BTC-USD,2026-06-18 07:00:00,0.041271005,0.03733243
CEEMDAN_LSTM,BTC-USD,2026-06-18 07:15:00,0.04119613,0.037479747
CEEMDAN_LSTM,BTC-USD,2026-06-18 07:30:00,0.0411117,0.0375536
CEEMDAN_LSTM,BTC-USD,2026-06-18 07:45:00,0.04106978,0.037574355
CEEMDAN_LSTM,BTC-USD,2026-06-18 08:00:00,0.04109777,0.03740579
CEEMDAN_LSTM,BTC-USD,2026-06-18 08:15:00,0.041140106,0.03740005
CEEMDAN_LSTM,BTC-USD,2026-06-18 08:30:00,0.04113444,0.037400402
CEEMDAN_LSTM,BTC-USD,2026-06-18 08:45:00,0.041143484,0.03743871
CEEMDAN_LSTM,BTC-USD,2026-06-18 09:00:00,0.041182294,0.03743643
CEEMDAN_LSTM,BTC-USD,2026-06-18 09:15:00,0.041195676,0.037485737
CEEMDAN_LSTM,BTC-USD,2026-06-18 09:30:00,0.041196246,0.037492216
CEEMDAN_LSTM,BTC-USD,2026-06-18 09:45:00,0.041202243,0.03750958
CEEMDAN_LSTM,BTC-USD,2026-06-18 10:00:00,0.041189082,0.037575606
CEEMDAN_LSTM,BTC-USD,2026-06-18 10:15:00,0.04122719,0.037258215
CEEMDAN_LSTM,BTC-USD,2026-06-18 10:30:00,0.041260324,0.037133493
CEEMDAN_LSTM,BTC-USD,2026-06-18 10:45:00,0.041173484,0.037104223
CEEMDAN_LSTM,BTC-USD,2026-06-18 11:00:00,0.041072328,0.037107542
CEEMDAN_LSTM,BTC-USD,2026-06-18 11:15:00,0.041040447,0.03711315
CEEMDAN_LSTM,BTC-USD,2026-06-18 11:30:00,0.041052103,0.037139107
CEEMDAN_LSTM,BTC-USD,2026-06-18 11:45:00,0.041070547,0.037125725
CEEMDAN_LSTM,BTC-USD,2026-06-18 12:00:00,0.041103564,0.037133437
CEEMDAN_LSTM,BTC-USD,2026-06-18 12:15:00,0.04109048,0.03723041
CEEMDAN_LSTM,BTC-USD,2026-06-18 12:30:00,0.041042987,0.037237793
CEEMDAN_LSTM,BTC-USD,2026-06-18 12:45:00,0.041018374,0.03728369
CEEMDAN_LSTM,BTC-USD,2026-06-18 13:00:00,0.04102971,0.0372863
CEEMDAN_LSTM,BTC-USD,2026-06-18 13:15:00,0.041053046,0.037171185
CEEMDAN_LSTM,BTC-USD,2026-06-18 13:30:00,0.04110391,0.03780436
CEEMDAN_LSTM,BTC-USD,2026-06-18 13:45:00,0.041194443,0.037819814
CEEMDAN_LSTM,BTC-USD,2026-06-18 14:00:00,0.04133079,0.03792993
CEEMDAN_LSTM,BTC-USD,2026-06-18 14:15:00,0.041343834,0.03793237
CEEMDAN_LSTM,BTC-USD,2026-06-18 14:30:00,0.041383717,0.037940115
CEEMDAN_LSTM,BTC-USD,2026-06-18 14:45:00,0.04135526,0.037939824
CEEMDAN_LSTM,BTC-USD,2026-06-18 15:00:00,0.041351717,0.03809829
CEEMDAN_LSTM,BTC-USD,2026-06-18 15:15:00,0.04142387,0.038393356
CEEMDAN_LSTM,BTC-USD,2026-06-18 15:30:00,0.04155353,0.038948573
CEEMDAN_LSTM,BTC-USD,2026-06-18 15:45:00,0.04171312,0.039397236
CEEMDAN_LSTM,BTC-USD,2026-06-18 16:00:00,0.041899938,0.03965029
CEEMDAN_LSTM,BTC-USD,2026-06-18 16:15:00,0.0419067,0.039622456
CEEMDAN_LSTM,BTC-USD,2026-06-18 16:30:00,0.04186631,0.0396751
CEEMDAN_LSTM,BTC-USD,2026-06-18 16:45:00,0.041862644,0.039676018
CEEMDAN_LSTM,BTC-USD,2026-06-18 17:00:00,0.04185926,0.03955243
CEEMDAN_LSTM,BTC-USD,2026-06-18 17:15:00,0.041919384,0.03937152
CEEMDAN_LSTM,BTC-USD,2026-06-18 17:30:00,0.041904513,0.03936356
CEEMDAN_LSTM,BTC-USD,2026-06-18 17:45:00,0.041812036,0.03932082
CEEMDAN_LSTM,BTC-USD,2026-06-18 18:00:00,0.041790426,0.039353937
CEEMDAN_LSTM,BTC-USD,2026-06-18 18:15:00,0.041770317,0.039331812
CEEMDAN_LSTM,BTC-USD,2026-06-18 18:30:00,0.0417257,0.039271865
CEEMDAN_LSTM,BTC-USD,2026-06-18 18:45:00,0.041739702,0.039272863
CEEMDAN_LSTM,BTC-USD,2026-06-18 19:00:00,0.041770954,0.03927277
CEEMDAN_LSTM,BTC-USD,2026-06-18 19:15:00,0.0417669,0.03924049
CEEMDAN_LSTM,BTC-USD,2026-06-18 19:30:00,0.041728046,0.039349366
CEEMDAN_LSTM,BTC-USD,2026-06-18 19:45:00,0.041664224,0.039347224
CEEMDAN_LSTM,BTC-USD,2026-06-18 20:00:00,0.041682947,0.039447494
CEEMDAN_LSTM,BTC-USD,2026-06-18 20:15:00,0.041686464,0.03944218
CEEMDAN_LSTM,BTC-USD,2026-06-18 20:30:00,0.041715167,0.03944497
CEEMDAN_LSTM,BTC-USD,2026-06-18 20:45:00,0.04176671,0.039449085
CEEMDAN_LSTM,BTC-USD,2026-06-18 21:00:00,0.04178565,0.039467525
CEEMDAN_LSTM,BTC-USD,2026-06-18 21:15:00,0.041833613,0.03940588
CEEMDAN_LSTM,BTC-USD,2026-06-18 21:30:00,0.041835964,0.03938808
CEEMDAN_LSTM,BTC-USD,2026-06-18 21:45:00,0.041799806,0.039391436
CEEMDAN_LSTM,BTC-USD,2026-06-18 22:00:00,0.041769847,0.03937189
CEEMDAN_LSTM,BTC-USD,2026-06-18 22:15:00,0.04175543,0.039383892
CEEMDAN_LSTM,BTC-USD,2026-06-18 22:30:00,0.041772425,0.039384365
CEEMDAN_LSTM,BTC-USD,2026-06-18 22:45:00,0.041782293,0.039395463
CEEMDAN_LSTM,BTC-USD,2026-06-18 23:00:00,0.041754954,0.039400306
CEEMDAN_LSTM,BTC-USD,2026-06-18 23:15:00,0.041755527,0.039441444
CEEMDAN_LSTM,BTC-USD,2026-06-18 23:30:00,0.041741237,0.039422926
CEEMDAN_LSTM,BTC-USD,2026-06-18 23:45:00,0.041712724,0.03918598
CEEMDAN_LSTM,BTC-USD,2026-06-19 00:00:00,0.041708276,0.03916444
CEEMDAN_LSTM,BTC-USD,2026-06-19 00:15:00,0.041687436,0.039149262
CEEMDAN_LSTM,BTC-USD,2026-06-19 00:30:00,0.04166296,0.03917183
CEEMDAN_LSTM,BTC-USD,2026-06-19 00:45:00,0.041614715,0.039084427
CEEMDAN_LSTM,BTC-USD,2026-06-19 01:00:00,0.041619856,0.039080184
CEEMDAN_LSTM,BTC-USD,2026-06-19 01:15:00,0.0416394,0.039025545
CEEMDAN_LSTM,BTC-USD,2026-06-19 01:30:00,0.04164805,0.039020456
CEEMDAN_LSTM,BTC-USD,2026-06-19 01:45:00,0.041635185,0.039043847
CEEMDAN_LSTM,BTC-USD,2026-06-19 02:00:00,0.04160196,0.03904288
CEEMDAN_LSTM,BTC-USD,2026-06-19 02:15:00,0.04159018,0.039050438
CEEMDAN_LSTM,BTC-USD,2026-06-19 02:30:00,0.041622434,0.039042335
CEEMDAN_LSTM,BTC-USD,2026-06-19 02:45:00,0.041640203,0.03903487
CEEMDAN_LSTM,BTC-USD,2026-06-19 03:00:00,0.04161132,0.039224442
CEEMDAN_LSTM,BTC-USD,2026-06-19 03:15:00,0.041642584,0.03925642
CEEMDAN_LSTM,BTC-USD,2026-06-19 03:30:00,0.041683964,0.03928461
CEEMDAN_LSTM,BTC-USD,2026-06-19 03:45:00,0.041684754,0.039298326
CEEMDAN_LSTM,BTC-USD,2026-06-19 04:00:00,0.04169303,0.039228074
CEEMDAN_LSTM,BTC-USD,2026-06-19 04:15:00,0.04165474,0.03918486
CEEMDAN_LSTM,BTC-USD,2026-06-19 04:30:00,0.04166574,0.03916341
CEEMDAN_LSTM,BTC-USD,2026-06-19 04:45:00,0.041702405,0.039221555
CEEMDAN_LSTM,BTC-USD,2026-06-19 05:00:00,0.0417176,0.03940064
CEEMDAN_LSTM,BTC-USD,2026-06-19 05:15:00,0.041671738,0.038792867
CEEMDAN_LSTM,BTC-USD,2026-06-19 05:30:00,0.04165423,0.03874784
CEEMDAN_LSTM,BTC-USD,2026-06-19 05:45:00,0.041575126,0.038776293
CEEMDAN_LSTM,BTC-USD,2026-06-19 06:00:00,0.041492175,0.038685765
CEEMDAN_LSTM,BTC-USD,2026-06-19 06:15:00,0.041452285,0.038682114
CEEMDAN_LSTM,BTC-USD,2026-06-19 06:30:00,0.041442394,0.038677666
CEEMDAN_LSTM,BTC-USD,2026-06-19 06:45:00,0.041464977,0.038693395
CEEMDAN_LSTM,BTC-USD,2026-06-19 07:00:00,0.041459106,0.0387039
CEEMDAN_LSTM,BTC-USD,2026-06-19 07:15:00,0.041472033,0.03870296
CEEMDAN_LSTM,BTC-USD,2026-06-19 07:30:00,0.041493136,0.038880263
CEEMDAN_LSTM,BTC-USD,2026-06-19 07:45:00,0.041522853,0.038938172
CEEMDAN_LSTM,BTC-USD,2026-06-19 08:00:00,0.041539658,0.038942147
CEEMDAN_LSTM,BTC-USD,2026-06-19 08:15:00,0.04150383,0.038940948
CEEMDAN_LSTM,BTC-USD,2026-06-19 08:30:00,0.041509442,0.03894055
CEEMDAN_LSTM,BTC-USD,2026-06-19 08:45:00,0.041520413,0.038784496
CEEMDAN_LSTM,BTC-USD,2026-06-19 09:00:00,0.04153232,0.038765933
CEEMDAN_LSTM,BTC-USD,2026-06-19 09:15:00,0.04154769,0.03864292
CEEMDAN_LSTM,BTC-USD,2026-06-19 09:30:00,0.041550223,0.03864238
CEEMDAN_LSTM,BTC-USD,2026-06-19 09:45:00,0.04149064,0.038643554
CEEMDAN_LSTM,BTC-USD,2026-06-19 10:00:00,0.041454628,0.038671408
CEEMDAN_LSTM,BTC-USD,2026-06-19 10:15:00,0.04141616,0.038669903
CEEMDAN_LSTM,BTC-USD,2026-06-19 10:30:00,0.041396685,0.038677465
CEEMDAN_LSTM,BTC-USD,2026-06-19 10:45:00,0.041425947,0.03871335
CEEMDAN_LSTM,BTC-USD,2026-06-19 11:00:00,0.04141395,0.038689073
CEEMDAN_LSTM,BTC-USD,2026-06-19 11:15:00,0.041400805,0.038769715
CEEMDAN_LSTM,BTC-USD,2026-06-19 11:30:00,0.04138648,0.038725447
CEEMDAN_LSTM,BTC-USD,2026-06-19 11:45:00,0.041381307,0.03872459
CEEMDAN_LSTM,BTC-USD,2026-06-19 12:00:00,0.04140705,0.038710363
CEEMDAN_LSTM,BTC-USD,2026-06-19 12:15:00,0.04142084,0.038632553
CEEMDAN_LSTM,BTC-USD,2026-06-19 12:30:00,0.041428093,0.03863609
CEEMDAN_LSTM,BTC-USD,2026-06-19 12:45:00,0.041432712,0.03898155
CEEMDAN_LSTM,BTC-USD,2026-06-19 13:00:00,0.04136379,0.03896609
CEEMDAN_LSTM,BTC-USD,2026-06-19 13:15:00,0.041370764,0.038958576
CEEMDAN_LSTM,BTC-USD,2026-06-19 13:30:00,0.041444175,0.039270334
CEEMDAN_LSTM,BTC-USD,2026-06-19 13:45:00,0.041414432,0.039309986
CEEMDAN_LSTM,BTC-USD,2026-06-19 14:00:00,0.041419458,0.03934944
CEEMDAN_LSTM,BTC-USD,2026-06-19 14:15:00,0.041512597,0.03945397
CEEMDAN_LSTM,BTC-USD,2026-06-19 14:30:00,0.041550305,0.03946414
CEEMDAN_LSTM,BTC-USD,2026-06-19 14:45:00,0.04155198,0.039489638
CEEMDAN_LSTM,BTC-USD,2026-06-19 15:00:00,0.041603826,0.039472047
CEEMDAN_LSTM,BTC-USD,2026-06-19 15:15:00,0.041643955,0.039508764
CEEMDAN_LSTM,BTC-USD,2026-06-19 15:30:00,0.04165859,0.039596356
CEEMDAN_LSTM,BTC-USD,2026-06-19 15:45:00,0.041627664,0.039566655
CEEMDAN_LSTM,BTC-USD,2026-06-19 16:00:00,0.041606467,0.03964598
CEEMDAN_LSTM,BTC-USD,2026-06-19 16:15:00,0.041592464,0.03954217
CEEMDAN_LSTM,BTC-USD,2026-06-19 16:30:00,0.041611083,0.039459053
CEEMDAN_LSTM,BTC-USD,2026-06-19 16:45:00,0.04164949,0.03957579
CEEMDAN_LSTM,BTC-USD,2026-06-19 17:00:00,0.041688398,0.039578315
CEEMDAN_LSTM,BTC-USD,2026-06-19 17:15:00,0.04170284,0.039465334
CEEMDAN_LSTM,BTC-USD,2026-06-19 17:30:00,0.041678283,0.039426133
CEEMDAN_LSTM,BTC-USD,2026-06-19 17:45:00,0.0416146,0.039461818
CEEMDAN_LSTM,BTC-USD,2026-06-19 18:00:00,0.0415461,0.039446287
CEEMDAN_LSTM,BTC-USD,2026-06-19 18:15:00,0.04155703,0.03944933
CEEMDAN_LSTM,BTC-USD,2026-06-19 18:30:00,0.04159735,0.039452843
CEEMDAN_LSTM,BTC-USD,2026-06-19 18:45:00,0.041622475,0.039455086
CEEMDAN_LSTM,BTC-USD,2026-06-19 19:00:00,0.04161511,0.039459623
CEEMDAN_LSTM,BTC-USD,2026-06-19 19:15:00,0.041609265,0.03945516
CEEMDAN_LSTM,BTC-USD,2026-06-19 19:30:00,0.041623928,0.039452568
CEEMDAN_LSTM,BTC-USD,2026-06-19 19:45:00,0.041618902,0.039454978
CEEMDAN_LSTM,BTC-USD,2026-06-19 20:00:00,0.041601162,0.03945298
CEEMDAN_LSTM,BTC-USD,2026-06-19 20:15:00,0.041582666,0.03944729
CEEMDAN_LSTM,BTC-USD,2026-06-19 20:30:00,0.041572846,0.039437737
CEEMDAN_LSTM,BTC-USD,2026-06-19 20:45:00,0.04157298,0.03951061
CEEMDAN_LSTM,BTC-USD,2026-06-19 21:00:00,0.041544892,0.039510112
CEEMDAN_LSTM,BTC-USD,2026-06-19 21:15:00,0.041543256,0.03943754
CEEMDAN_LSTM,BTC-USD,2026-06-19 21:30:00,0.04159022,0.039449263
CEEMDAN_LSTM,BTC-USD,2026-06-19 21:45:00,0.041612327,0.039449055
CEEMDAN_LSTM,BTC-USD,2026-06-19 22:00:00,0.04160746,0.0394335
CEEMDAN_LSTM,BTC-USD,2026-06-19 22:15:00,0.041592643,0.03948302
CEEMDAN_LSTM,BTC-USD,2026-06-19 22:30:00,0.041552976,0.039494053
CEEMDAN_LSTM,BTC-USD,2026-06-19 22:45:00,0.041534908,0.0394939
CEEMDAN_LSTM,BTC-USD,2026-06-19 23:00:00,0.04155951,0.039383385
CEEMDAN_LSTM,BTC-USD,2026-06-19 23:15:00,0.041583866,0.039387
CEEMDAN_LSTM,BTC-USD,2026-06-19 23:30:00,0.04157396,0.038923662
CEEMDAN_LSTM,BTC-USD,2026-06-19 23:45:00,0.0415655,0.039063536
CEEMDAN_LSTM,BTC-USD,2026-06-20 00:00:00,0.04146436,0.03905443
CEEMDAN_LSTM,BTC-USD,2026-06-20 00:15:00,0.04142479,0.039069347
CEEMDAN_LSTM,BTC-USD,2026-06-20 00:30:00,0.041431855,0.03904399
CEEMDAN_LSTM,BTC-USD,2026-06-20 00:45:00,0.041437097,0.039060492
CEEMDAN_LSTM,BTC-USD,2026-06-20 01:00:00,0.041465037,0.039071072
CEEMDAN_LSTM,BTC-USD,2026-06-20 01:15:00,0.0414923,0.03906997
CEEMDAN_LSTM,BTC-USD,2026-06-20 01:30:00,0.041483514,0.039081622
CEEMDAN_LSTM,BTC-USD,2026-06-20 01:45:00,0.041453823,0.039040394
CEEMDAN_LSTM,BTC-USD,2026-06-20 02:00:00,0.04144343,0.038945835
CEEMDAN_LSTM,BTC-USD,2026-06-20 02:15:00,0.04146156,0.038922854
CEEMDAN_LSTM,BTC-USD,2026-06-20 02:30:00,0.041477513,0.038889747
CEEMDAN_LSTM,BTC-USD,2026-06-20 02:45:00,0.041460596,0.038900144
CEEMDAN_LSTM,BTC-USD,2026-06-20 03:00:00,0.041445125,0.038893666
CEEMDAN_LSTM,BTC-USD,2026-06-20 03:15:00,0.04143998,0.038858783
CEEMDAN_LSTM,BTC-USD,2026-06-20 03:30:00,0.04140926,0.038707513
CEEMDAN_LSTM,BTC-USD,2026-06-20 03:45:00,0.04138531,0.038652007
CEEMDAN_LSTM,BTC-USD,2026-06-20 04:00:00,0.04136594,0.03866692
CEEMDAN_LSTM,BTC-USD,2026-06-20 04:15:00,0.041367162,0.038678497
CEEMDAN_LSTM,BTC-USD,2026-06-20 04:30:00,0.041341294,0.038230896
CEEMDAN_LSTM,BTC-USD,2026-06-20 04:45:00,0.041305773,0.03823191
CEEMDAN_LSTM,BTC-USD,2026-06-20 05:00:00,0.041258633,0.038401872
CEEMDAN_LSTM,BTC-USD,2026-06-20 05:15:00,0.041199952,0.03847458
CEEMDAN_LSTM,BTC-USD,2026-06-20 05:30:00,0.04121433,0.038417146
CEEMDAN_LSTM,BTC-USD,2026-06-20 05:45:00,0.041284297,0.038422767
CEEMDAN_LSTM,BTC-USD,2026-06-20 06:00:00,0.04127626,0.038354106
CEEMDAN_LSTM,BTC-USD,2026-06-20 06:15:00,0.0412742,0.038325846
CEEMDAN_LSTM,BTC-USD,2026-06-20 06:30:00,0.041264642,0.03825727
CEEMDAN_LSTM,BTC-USD,2026-06-20 06:45:00,0.041236363,0.03803991
CEEMDAN_LSTM,BTC-USD,2026-06-20 07:00:00,0.04121555,0.038017288
CEEMDAN_LSTM,BTC-USD,2026-06-20 07:15:00,0.041198187,0.037501067
CEEMDAN_LSTM,BTC-USD,2026-06-20 07:30:00,0.041167986,0.03719819
CEEMDAN_LSTM,BTC-USD,2026-06-20 07:45:00,0.041062206,0.037202854
CEEMDAN_LSTM,BTC-USD,2026-06-20 08:00:00,0.040983785,0.037224937
CEEMDAN_LSTM,BTC-USD,2026-06-20 08:15:00,0.04095626,0.037191197
CEEMDAN_LSTM,BTC-USD,2026-06-20 08:30:00,0.040944077,0.037166487
CEEMDAN_LSTM,BTC-USD,2026-06-20 08:45:00,0.040926475,0.037008505
CEEMDAN_LSTM,BTC-USD,2026-06-20 09:00:00,0.040906303,0.035129577
CEEMDAN_LSTM,BTC-USD,2026-06-20 09:15:00,0.0408584,0.035109308
CEEMDAN_LSTM,BTC-USD,2026-06-20 09:30:00,0.040541474,0.033782218
CEEMDAN_LSTM,BTC-USD,2026-06-20 09:45:00,0.040273707,0.0328398
CEEMDAN_LSTM,BTC-USD,2026-06-20 10:00:00,0.039977923,0.03276917
CEEMDAN_LSTM,BTC-USD,2026-06-20 10:15:00,0.03961216,0.029735994
CEEMDAN_LSTM,BTC-USD,2026-06-20 10:30:00,0.03938594,0.02939396
CEEMDAN_LSTM,BTC-USD,2026-06-20 10:45:00,0.038824197,0.029335354
CEEMDAN_LSTM,BTC-USD,2026-06-20 11:00:00,0.038063657,0.029285187
CEEMDAN_LSTM,BTC-USD,2026-06-20 11:15:00,0.03757381,0.029184293
CEEMDAN_LSTM,BTC-USD,2026-06-20 11:30:00,0.037311547,0.029125065
CEEMDAN_LSTM,BTC-USD,2026-06-20 11:45:00,0.037157834,0.028966667
CEEMDAN_LSTM,BTC-USD,2026-06-20 12:00:00,0.037040416,0.028945148
CEEMDAN_LSTM,BTC-USD,2026-06-20 12:15:00,0.036971614,0.028932616
CEEMDAN_LSTM,BTC-USD,2026-06-20 12:30:00,0.036874156,0.028976124
CEEMDAN_LSTM,BTC-USD,2026-06-20 12:45:00,0.03683068,0.02897384
CEEMDAN_LSTM,BTC-USD,2026-06-20 13:00:00,0.036850076,0.028894207
CEEMDAN_LSTM,BTC-USD,2026-06-20 13:15:00,0.03683436,0.028841065
CEEMDAN_LSTM,BTC-USD,2026-06-20 13:30:00,0.03684357,0.028853169
CEEMDAN_LSTM,BTC-USD,2026-06-20 13:45:00,0.036910914,0.028856983
CEEMDAN_LSTM,BTC-USD,2026-06-20 14:00:00,0.036867972,0.028993208
CEEMDAN_LSTM,BTC-USD,2026-06-20 14:15:00,0.036867816,0.028948123
CEEMDAN_LSTM,BTC-USD,2026-06-20 14:30:00,0.036960475,0.029023314
CEEMDAN_LSTM,BTC-USD,2026-06-20 14:45:00,0.03696172,0.029801702
CEEMDAN_LSTM,BTC-USD,2026-06-20 15:00:00,0.03694846,0.029749976
CEEMDAN_LSTM,BTC-USD,2026-06-20 15:15:00,0.036976747,0.02990259
CEEMDAN_LSTM,BTC-USD,2026-06-20 15:30:00,0.0371518,0.029923469
CEEMDAN_LSTM,BTC-USD,2026-06-20 15:45:00,0.03725162,0.02985918
CEEMDAN_LSTM,BTC-USD,2026-06-20 16:00:00,0.03737604,0.029640142
CEEMDAN_LSTM,BTC-USD,2026-06-20 16:15:00,0.037413314,0.029621033
CEEMDAN_LSTM,BTC-USD,2026-06-20 16:30:00,0.03742066,0.029613324
CEEMDAN_LSTM,BTC-USD,2026-06-20 16:45:00,0.03736702,0.029598583
CEEMDAN_LSTM,BTC-USD,2026-06-20 17:00:00,0.037308075,0.029623484
CEEMDAN_LSTM,BTC-USD,2026-06-20 17:15:00,0.03726635,0.02955776
CEEMDAN_LSTM,BTC-USD,2026-06-20 17:30:00,0.03728328,0.029617172
CEEMDAN_LSTM,BTC-USD,2026-06-20 17:45:00,0.037270572,0.029602796
CEEMDAN_LSTM,BTC-USD,2026-06-20 18:00:00,0.037304297,0.029500196
CEEMDAN_LSTM,BTC-USD,2026-06-20 18:15:00,0.037318673,0.029322581
CEEMDAN_LSTM,BTC-USD,2026-06-20 18:30:00,0.03728188,0.029331466
CEEMDAN_LSTM,BTC-USD,2026-06-20 18:45:00,0.03721378,0.029327665
CEEMDAN_LSTM,BTC-USD,2026-06-20 19:00:00,0.03717465,0.02887984
CEEMDAN_LSTM,BTC-USD,2026-06-20 19:15:00,0.037150428,0.028883614
CEEMDAN_LSTM,BTC-USD,2026-06-20 19:30:00,0.03702642,0.028889734
CEEMDAN_LSTM,BTC-USD,2026-06-20 19:45:00,0.03691462,0.028889822
CEEMDAN_LSTM,BTC-USD,2026-06-20 20:00:00,0.036839038,0.028884733
CEEMDAN_LSTM,BTC-USD,2026-06-20 20:15:00,0.036804035,0.02889227
CEEMDAN_LSTM,BTC-USD,2026-06-20 20:30:00,0.036797803,0.028897109
CEEMDAN_LSTM,BTC-USD,2026-06-20 20:45:00,0.036820848,0.028892854
CEEMDAN_LSTM,BTC-USD,2026-06-20 21:00:00,0.036844764,0.028900126
CEEMDAN_LSTM,BTC-USD,2026-06-20 21:15:00,0.0368275,0.028908217
CEEMDAN_LSTM,BTC-USD,2026-06-20 21:30:00,0.036815196,0.02889929
CEEMDAN_LSTM,BTC-USD,2026-06-20 21:45:00,0.03684821,0.028899731
CEEMDAN_LSTM,BTC-USD,2026-06-20 22:00:00,0.036838718,0.02896432
CEEMDAN_LSTM,BTC-USD,2026-06-20 22:15:00,0.036850408,0.028897893
CEEMDAN_LSTM,BTC-USD,2026-06-20 22:30:00,0.036831453,0.028818302
CEEMDAN_LSTM,BTC-USD,2026-06-20 22:45:00,0.03678124,0.028797343
CEEMDAN_LSTM,BTC-USD,2026-06-20 23:00:00,0.036776025,0.028789623
CEEMDAN_LSTM,BTC-USD,2026-06-20 23:15:00,0.03676493,0.028783014
CEEMDAN_LSTM,BTC-USD,2026-06-20 23:30:00,0.036757465,0.028777193
CEEMDAN_LSTM,BTC-USD,2026-06-20 23:45:00,0.036743864,0.028717592
CEEMDAN_LSTM,BTC-USD,2026-06-21 00:00:00,0.036711115,0.028730156
CEEMDAN_LSTM,BTC-USD,2026-06-21 00:15:00,0.03669593,0.028653283
CEEMDAN_LSTM,BTC-USD,2026-06-21 00:30:00,0.036703084,0.02864881
CEEMDAN_LSTM,BTC-USD,2026-06-21 00:45:00,0.03668469,0.02861748
CEEMDAN_LSTM,BTC-USD,2026-06-21 01:00:00,0.036647655,0.02847302
CEEMDAN_LSTM,BTC-USD,2026-06-21 01:15:00,0.03661546,0.028461855
CEEMDAN_LSTM,BTC-USD,2026-06-21 01:30:00,0.036561124,0.028457088
CEEMDAN_LSTM,BTC-USD,2026-06-21 01:45:00,0.03649213,0.028435986
CEEMDAN_LSTM,BTC-USD,2026-06-21 02:00:00,0.03643166,0.02842703
CEEMDAN_LSTM,BTC-USD,2026-06-21 02:15:00,0.036399186,0.028427279
CEEMDAN_LSTM,BTC-USD,2026-06-21 02:30:00,0.03638129,0.028382298
CEEMDAN_LSTM,BTC-USD,2026-06-21 02:45:00,0.036400378,0.028382037
CEEMDAN_LSTM,BTC-USD,2026-06-21 03:00:00,0.036395315,0.028393466
CEEMDAN_LSTM,BTC-USD,2026-06-21 03:15:00,0.03638339,0.028254032
CEEMDAN_LSTM,BTC-USD,2026-06-21 03:30:00,0.03635508,0.028276136
CEEMDAN_LSTM,BTC-USD,2026-06-21 03:45:00,0.036291294,0.028211363
CEEMDAN_LSTM,BTC-USD,2026-06-21 04:00:00,0.036208827,0.028209956
CEEMDAN_LSTM,BTC-USD,2026-06-21 04:15:00,0.03619072,0.02825788
CEEMDAN_LSTM,BTC-USD,2026-06-21 04:30:00,0.036161195,0.027284572
CEEMDAN_LSTM,BTC-USD,2026-06-21 04:45:00,0.03607963,0.027435526
CEEMDAN_LSTM,BTC-USD,2026-06-21 05:00:00,0.035799306,0.02724679
CEEMDAN_LSTM,BTC-USD,2026-06-21 05:15:00,0.03553192,0.02726022
CEEMDAN_LSTM,BTC-USD,2026-06-21 05:30:00,0.03527324,0.027244225
CEEMDAN_LSTM,BTC-USD,2026-06-21 05:45:00,0.034977086,0.027234996
CEEMDAN_LSTM,BTC-USD,2026-06-21 06:00:00,0.034830365,0.02696329
CEEMDAN_LSTM,BTC-USD,2026-06-21 06:15:00,0.034778856,0.026444096
CEEMDAN_LSTM,BTC-USD,2026-06-21 06:30:00,0.03467674,0.025409099
CEEMDAN_LSTM,BTC-USD,2026-06-21 06:45:00,0.034287833,0.024531757
CEEMDAN_LSTM,BTC-USD,2026-06-21 07:00:00,0.03357141,0.024184618
CEEMDAN_LSTM,BTC-USD,2026-06-21 07:15:00,0.032539595,0.024216926
CEEMDAN_LSTM,BTC-USD,2026-06-21 07:30:00,0.03191542,0.024165222
CEEMDAN_LSTM,BTC-USD,2026-06-21 07:45:00,0.03148468,0.024162222
CEEMDAN_LSTM,BTC-USD,2026-06-21 08:00:00,0.03115019,0.024022123
CEEMDAN_LSTM,BTC-USD,2026-06-21 08:15:00,0.030934261,0.024034195
CEEMDAN_LSTM,BTC-USD,2026-06-21 08:30:00,0.030795647,0.02403087
CEEMDAN_LSTM,BTC-USD,2026-06-21 08:45:00,0.030709324,0.024019243
CEEMDAN_LSTM,BTC-USD,2026-06-21 09:00:00,0.030663362,0.023969779
CEEMDAN_LSTM,BTC-USD,2026-06-21 09:15:00,0.030623969,0.023902923
CEEMDAN_LSTM,BTC-USD,2026-06-21 09:30:00,0.030601935,0.02388587
CEEMDAN_LSTM,BTC-USD,2026-06-21 09:45:00,0.030562524,0.023892513
CEEMDAN_LSTM,BTC-USD,2026-06-21 10:00:00,0.030520963,0.023911932
CEEMDAN_LSTM,BTC-USD,2026-06-21 10:15:00,0.030483816,0.023866113
CEEMDAN_LSTM,BTC-USD,2026-06-21 10:30:00,0.030456638,0.023699198
CEEMDAN_LSTM,BTC-USD,2026-06-21 10:45:00,0.030438395,0.023694538
CEEMDAN_LSTM,BTC-USD,2026-06-21 11:00:00,0.030389912,0.023405079
CEEMDAN_LSTM,BTC-USD,2026-06-21 11:15:00,0.030329157,0.023387568
CEEMDAN_LSTM,BTC-USD,2026-06-21 11:30:00,0.030208211,0.023444638
CEEMDAN_LSTM,BTC-USD,2026-06-21 11:45:00,0.030082893,0.02350538
CEEMDAN_LSTM,BTC-USD,2026-06-21 12:00:00,0.029994473,0.023384735
CEEMDAN_LSTM,BTC-USD,2026-06-21 12:15:00,0.0299573,0.023405753
CEEMDAN_LSTM,BTC-USD,2026-06-21 12:30:00,0.029920368,0.023399098
CEEMDAN_LSTM,BTC-USD,2026-06-21 12:45:00,0.02989643,0.02347367
CEEMDAN_LSTM,BTC-USD,2026-06-21 13:00:00,0.029858,0.023489943
CEEMDAN_LSTM,BTC-USD,2026-06-21 13:15:00,0.029808553,0.023464339
CEEMDAN_LSTM,BTC-USD,2026-06-21 13:30:00,0.029813373,0.023531286
CEEMDAN_LSTM,BTC-USD,2026-06-21 13:45:00,0.02982263,0.023552148
CEEMDAN_LSTM,BTC-USD,2026-06-21 14:00:00,0.029877845,0.02349751
CEEMDAN_LSTM,BTC-USD,2026-06-21 14:15:00,0.029906072,0.023428664
CEEMDAN_LSTM,BTC-USD,2026-06-21 14:30:00,0.029940143,0.023426397
CEEMDAN_LSTM,BTC-USD,2026-06-21 14:45:00,0.029951077,0.023453591
CEEMDAN_LSTM,BTC-USD,2026-06-21 15:00:00,0.02993888,0.023425702
CEEMDAN_LSTM,BTC-USD,2026-06-21 15:15:00,0.029909996,0.023401532
CEEMDAN_LSTM,BTC-USD,2026-06-21 15:30:00,0.029885514,0.023347843
CEEMDAN_LSTM,BTC-USD,2026-06-21 15:45:00,0.029859442,0.023362469
CEEMDAN_LSTM,BTC-USD,2026-06-21 16:00:00,0.02982184,0.023391785
CEEMDAN_LSTM,BTC-USD,2026-06-21 16:15:00,0.02980427,0.023390329
CEEMDAN_LSTM,BTC-USD,2026-06-21 16:30:00,0.029809546,0.023423225
CEEMDAN_LSTM,BTC-USD,2026-06-21 16:45:00,0.029791523,0.023369325
CEEMDAN_LSTM,BTC-USD,2026-06-21 17:00:00,0.029793907,0.023384832
CEEMDAN_LSTM,BTC-USD,2026-06-21 17:15:00,0.029772475,0.023424633
CEEMDAN_LSTM,BTC-USD,2026-06-21 17:30:00,0.02974205,0.02342602
CEEMDAN_LSTM,BTC-USD,2026-06-21 17:45:00,0.02975872,0.023409966
CEEMDAN_LSTM,BTC-USD,2026-06-21 18:00:00,0.029766373,0.023126215
CEEMDAN_LSTM,BTC-USD,2026-06-21 18:15:00,0.029754264,0.023086471
CEEMDAN_LSTM,BTC-USD,2026-06-21 18:30:00,0.029720526,0.023083236
CEEMDAN_LSTM,BTC-USD,2026-06-21 18:45:00,0.029636549,0.023064574
CEEMDAN_LSTM,BTC-USD,2026-06-21 19:00:00,0.029509794,0.023012703
CEEMDAN_LSTM,BTC-USD,2026-06-21 19:15:00,0.029410753,0.022884564
CEEMDAN_LSTM,BTC-USD,2026-06-21 19:30:00,0.029348226,0.02281075
CEEMDAN_LSTM,BTC-USD,2026-06-21 19:45:00,0.029288862,0.02265443
CEEMDAN_LSTM,BTC-USD,2026-06-21 20:00:00,0.029223923,0.02240103
CEEMDAN_LSTM,BTC-USD,2026-06-21 20:15:00,0.029127812,0.022395644
CEEMDAN_LSTM,BTC-USD,2026-06-21 20:30:00,0.028976189,0.022511961
CEEMDAN_LSTM,BTC-USD,2026-06-21 20:45:00,0.028811421,0.022586703
CEEMDAN_LSTM,BTC-USD,2026-06-21 21:00:00,0.028703667,0.02278275
CEEMDAN_LSTM,BTC-USD,2026-06-21 21:15:00,0.028651563,0.022801593
CEEMDAN_LSTM,BTC-USD,2026-06-21 21:30:00,0.028695207,0.023008699
CEEMDAN_LSTM,BTC-USD,2026-06-21 21:45:00,0.028728161,0.023028938
CEEMDAN_LSTM,BTC-USD,2026-06-21 22:00:00,0.028742494,0.023118904
CEEMDAN_LSTM,BTC-USD,2026-06-21 22:15:00,0.028806988,0.023145137
CEEMDAN_LSTM,BTC-USD,2026-06-21 22:30:00,0.028940996,0.022807363
CEEMDAN_LSTM,BTC-USD,2026-06-21 22:45:00,0.029043641,0.022812665
CEEMDAN_LSTM,BTC-USD,2026-06-21 23:00:00,0.02908438,0.022851337
CEEMDAN_LSTM,BTC-USD,2026-06-21 23:15:00,0.029050948,0.022882804
CEEMDAN_LSTM,BTC-USD,2026-06-21 23:30:00,0.029049642,0.02345614
CEEMDAN_LSTM,BTC-USD,2026-06-21 23:45:00,0.029089674,0.023435507
CEEMDAN_LSTM,BTC-USD,2026-06-22 00:00:00,0.029318899,0.023489654
CEEMDAN_LSTM,BTC-USD,2026-06-22 00:15:00,0.029553087,0.02370627
CEEMDAN_LSTM,BTC-USD,2026-06-22 00:30:00,0.029713774,0.023882374
CEEMDAN_LSTM,BTC-USD,2026-06-22 00:45:00,0.02984708,0.023877742
CEEMDAN_LSTM,BTC-USD,2026-06-22 01:00:00,0.030026065,0.023738544
CEEMDAN_LSTM,BTC-USD,2026-06-22 01:15:00,0.030283215,0.02669106
CEEMDAN_LSTM,BTC-USD,2026-06-22 01:30:00,0.030528035,0.026757782
CEEMDAN_LSTM,BTC-USD,2026-06-22 01:45:00,0.031012725,0.02674059
CEEMDAN_LSTM,BTC-USD,2026-06-22 02:00:00,0.03166499,0.02674528
CEEMDAN_LSTM,BTC-USD,2026-06-22 02:15:00,0.032214493,0.02665885
CEEMDAN_LSTM,BTC-USD,2026-06-22 02:30:00,0.03289553,0.026672307
CEEMDAN_LSTM,BTC-USD,2026-06-22 02:45:00,0.0333083,0.026918668
CEEMDAN_LSTM,BTC-USD,2026-06-22 03:00:00,0.03348374,0.027132683
CEEMDAN_LSTM,BTC-USD,2026-06-22 03:15:00,0.03373714,0.027333079
CEEMDAN_LSTM,BTC-USD,2026-06-22 03:30:00,0.034072917,0.027372899
CEEMDAN_LSTM,BTC-USD,2026-06-22 03:45:00,0.03427697,0.027130902
CEEMDAN_LSTM,BTC-USD,2026-06-22 04:00:00,0.034592275,0.027121497
CEEMDAN_LSTM,BTC-USD,2026-06-22 04:15:00,0.034852706,0.027121607
CEEMDAN_LSTM,BTC-USD,2026-06-22 04:30:00,0.034880444,0.026706472
CEEMDAN_LSTM,BTC-USD,2026-06-22 04:45:00,0.034874704,0.026727397
CEEMDAN_LSTM,BTC-USD,2026-06-22 05:00:00,0.034749895,0.026813129
CEEMDAN_LSTM,BTC-USD,2026-06-22 05:15:00,0.034473658,0.026691573
CEEMDAN_LSTM,BTC-USD,2026-06-22 05:30:00,0.03421529,0.026685359
CEEMDAN_LSTM,BTC-USD,2026-06-22 05:45:00,0.03412835,0.026634263
CEEMDAN_LSTM,BTC-USD,2026-06-22 06:00:00,0.034063105,0.02663205
CEEMDAN_LSTM,BTC-USD,2026-06-22 06:15:00,0.034024756,0.026617723
CEEMDAN_LSTM,BTC-USD,2026-06-22 06:30:00,0.03399973,0.02651211
CEEMDAN_LSTM,BTC-USD,2026-06-22 06:45:00,0.034036316,0.026509633
CEEMDAN_LSTM,BTC-USD,2026-06-22 07:00:00,0.03407576,0.02658726
CEEMDAN_LSTM,BTC-USD,2026-06-22 07:15:00,0.03406894,0.026575828
CEEMDAN_LSTM,BTC-USD,2026-06-22 07:30:00,0.033961926,0.02654504
CEEMDAN_LSTM,BTC-USD,2026-06-22 07:45:00,0.03394001,0.026196696
CEEMDAN_LSTM,BTC-USD,2026-06-22 08:00:00,0.03396603,0.026245458
CEEMDAN_LSTM,BTC-USD,2026-06-22 08:15:00,0.033886816,0.026296604
CEEMDAN_LSTM,BTC-USD,2026-06-22 08:30:00,0.03368392,0.02618473
CEEMDAN_LSTM,BTC-USD,2026-06-22 08:45:00,0.033620574,0.0261822
CEEMDAN_LSTM,BTC-USD,2026-06-22 09:00:00,0.033487584,0.026175885
CEEMDAN_LSTM,BTC-USD,2026-06-22 09:15:00,0.033408947,0.026186319
CEEMDAN_LSTM,BTC-USD,2026-06-22 09:30:00,0.033313435,0.026169853
CEEMDAN_LSTM,BTC-USD,2026-06-22 09:45:00,0.033273835,0.02616226
CEEMDAN_LSTM,BTC-USD,2026-06-22 10:00:00,0.033242237,0.026167179
CEEMDAN_LSTM,BTC-USD,2026-06-22 10:15:00,0.033219572,0.02615637
CEEMDAN_LSTM,BTC-USD,2026-06-22 10:30:00,0.03319533,0.026202932
CEEMDAN_LSTM,BTC-USD,2026-06-22 10:45:00,0.03323138,0.026215713
CEEMDAN_LSTM,BTC-USD,2026-06-22 11:00:00,0.03334001,0.0263381
CEEMDAN_LSTM,BTC-USD,2026-06-22 11:15:00,0.033394888,0.026349012
CEEMDAN_LSTM,BTC-USD,2026-06-22 11:30:00,0.03341264,0.026627904
CEEMDAN_LSTM,BTC-USD,2026-06-22 11:45:00,0.033492696,0.026528569
CEEMDAN_LSTM,BTC-USD,2026-06-22 12:00:00,0.033569425,0.026563212
CEEMDAN_LSTM,BTC-USD,2026-06-22 12:15:00,0.033709772,0.026667919
CEEMDAN_LSTM,BTC-USD,2026-06-22 12:30:00,0.033775393,0.026691318
CEEMDAN_LSTM,BTC-USD,2026-06-22 12:45:00,0.03376777,0.026715951
CEEMDAN_LSTM,BTC-USD,2026-06-22 13:00:00,0.033787888,0.026715778
CEEMDAN_LSTM,BTC-USD,2026-06-22 13:15:00,0.033843618,0.026713055
CEEMDAN_LSTM,BTC-USD,2026-06-22 13:30:00,0.03395214,0.027428294
CEEMDAN_LSTM,BTC-USD,2026-06-22 13:45:00,0.03411509,0.027536275
CEEMDAN_LSTM,BTC-USD,2026-06-22 14:00:00,0.03415974,0.027878266
CEEMDAN_LSTM,BTC-USD,2026-06-22 14:15:00,0.03440035,0.028381329
CEEMDAN_LSTM,BTC-USD,2026-06-22 14:30:00,0.034996204,0.028400406
CEEMDAN_LSTM,BTC-USD,2026-06-22 14:45:00,0.03571822,0.028245397
CEEMDAN_LSTM,BTC-USD,2026-06-22 15:00:00,0.036123123,0.028289799
CEEMDAN_LSTM,BTC-USD,2026-06-22 15:15:00,0.03618225,0.028261213
CEEMDAN_LSTM,BTC-USD,2026-06-22 15:30:00,0.036122188,0.028261697
CEEMDAN_LSTM,BTC-USD,2026-06-22 15:45:00,0.036127035,0.028453266
CEEMDAN_LSTM,BTC-USD,2026-06-22 16:00:00,0.03612138,0.028492227
CEEMDAN_LSTM,BTC-USD,2026-06-22 16:15:00,0.036300857,0.02849035
CEEMDAN_LSTM,BTC-USD,2026-06-22 16:30:00,0.036471143,0.028529033
CEEMDAN_LSTM,BTC-USD,2026-06-22 16:45:00,0.036556963,0.028601272
CEEMDAN_LSTM,BTC-USD,2026-06-22 17:00:00,0.036642496,0.028551485
CEEMDAN_LSTM,BTC-USD,2026-06-22 17:15:00,0.036613632,0.028613213
CEEMDAN_LSTM,BTC-USD,2026-06-22 17:30:00,0.036641795,0.028662236
CEEMDAN_LSTM,BTC-USD,2026-06-22 17:45:00,0.03672807,0.02876888
CEEMDAN_LSTM,BTC-USD,2026-06-22 18:00:00,0.036797017,0.028783703
CEEMDAN_LSTM,BTC-USD,2026-06-22 18:15:00,0.036760967,0.028768122
CEEMDAN_LSTM,BTC-USD,2026-06-22 18:30:00,0.03674837,0.028795231
CEEMDAN_LSTM,BTC-USD,2026-06-22 18:45:00,0.03678349,0.028928537
CEEMDAN_LSTM,BTC-USD,2026-06-22 19:00:00,0.036825478,0.028912734
CEEMDAN_LSTM,BTC-USD,2026-06-22 19:15:00,0.03691583,0.028824003
CEEMDAN_LSTM,BTC-USD,2026-06-22 19:30:00,0.0369194,0.028828267
CEEMDAN_LSTM,BTC-USD,2026-06-22 19:45:00,0.03691638,0.028866787
CEEMDAN_LSTM,BTC-USD,2026-06-22 20:00:00,0.036877114,0.028640838
CEEMDAN_LSTM,BTC-USD,2026-06-22 20:15:00,0.036824115,0.028559089
CEEMDAN_LSTM,BTC-USD,2026-06-22 20:30:00,0.036786407,0.028584851
CEEMDAN_LSTM,BTC-USD,2026-06-22 20:45:00,0.03677866,0.028598772
CEEMDAN_LSTM,BTC-USD,2026-06-22 21:00:00,0.03672159,0.028602673
CEEMDAN_LSTM,BTC-USD,2026-06-22 21:15:00,0.036703076,0.028643014
CEEMDAN_LSTM,BTC-USD,2026-06-22 21:30:00,0.036693968,0.028691314
CEEMDAN_LSTM,BTC-USD,2026-06-22 21:45:00,0.036718022,0.028767454
CEEMDAN_LSTM,BTC-USD,2026-06-22 22:00:00,0.036766015,0.028741745
CEEMDAN_LSTM,BTC-USD,2026-06-22 22:15:00,0.036719177,0.028990883
CEEMDAN_LSTM,BTC-USD,2026-06-22 22:30:00,0.03671392,0.029141532
CEEMDAN_LSTM,BTC-USD,2026-06-22 22:45:00,0.036865447,0.029158562
CEEMDAN_LSTM,BTC-USD,2026-06-22 23:00:00,0.03702975,0.029124321
CEEMDAN_LSTM,BTC-USD,2026-06-22 23:15:00,0.037042543,0.029136332
CEEMDAN_LSTM,BTC-USD,2026-06-22 23:30:00,0.037054606,0.0291426
CEEMDAN_LSTM,BTC-USD,2026-06-22 23:45:00,0.037039526,0.029142478
CEEMDAN_LSTM,BTC-USD,2026-06-23 00:00:00,0.037063126,0.029121833
CEEMDAN_LSTM,BTC-USD,2026-06-23 00:15:00,0.037067987,0.029155191
CEEMDAN_LSTM,BTC-USD,2026-06-23 00:30:00,0.037099242,0.029343758
CEEMDAN_LSTM,BTC-USD,2026-06-23 00:45:00,0.037152123,0.029345935
CEEMDAN_LSTM,BTC-USD,2026-06-23 01:00:00,0.03710999,0.029358989
CEEMDAN_LSTM,BTC-USD,2026-06-23 01:15:00,0.0371234,0.02935887
CEEMDAN_LSTM,BTC-USD,2026-06-23 01:30:00,0.03712991,0.02942387
CEEMDAN_LSTM,BTC-USD,2026-06-23 01:45:00,0.037162505,0.029436167
CEEMDAN_LSTM,BTC-USD,2026-06-23 02:00:00,0.037242886,0.029441833
CEEMDAN_LSTM,BTC-USD,2026-06-23 02:15:00,0.037238866,0.02944963
CEEMDAN_LSTM,BTC-USD,2026-06-23 02:30:00,0.0372462,0.029449003
CEEMDAN_LSTM,BTC-USD,2026-06-23 02:45:00,0.037227985,0.029439967
CEEMDAN_LSTM,BTC-USD,2026-06-23 03:00:00,0.03720817,0.029553534
CEEMDAN_LSTM,BTC-USD,2026-06-23 03:15:00,0.03721792,0.029570898
CEEMDAN_LSTM,BTC-USD,2026-06-23 03:30:00,0.03730616,0.029552449
CEEMDAN_LSTM,BTC-USD,2026-06-23 03:45:00,0.037322745,0.02956657
CEEMDAN_LSTM,BTC-USD,2026-06-23 04:00:00,0.037355285,0.02954705
CEEMDAN_LSTM,BTC-USD,2026-06-23 04:15:00,0.03734404,0.0293233
CEEMDAN_LSTM,BTC-USD,2026-06-23 04:30:00,0.037335176,0.029398117
CEEMDAN_LSTM,BTC-USD,2026-06-23 04:45:00,0.03730963,0.029548397
CEEMDAN_LSTM,BTC-USD,2026-06-23 05:00:00,0.037298646,0.029405013
CEEMDAN_LSTM,BTC-USD,2026-06-23 05:15:00,0.03733491,0.02939446
CEEMDAN_LSTM,BTC-USD,2026-06-23 05:30:00,0.037285116,0.029320009
CEEMDAN_LSTM,BTC-USD,2026-06-23 05:45:00,0.037263054,0.028523333
CEEMDAN_LSTM,BTC-USD,2026-06-23 06:00:00,0.0372225,0.028669488
CEEMDAN_LSTM,BTC-USD,2026-06-23 06:15:00,0.037047997,0.02932054
CEEMDAN_LSTM,BTC-USD,2026-06-23 06:30:00,0.03691691,0.029442778
CEEMDAN_LSTM,BTC-USD,2026-06-23 06:45:00,0.03711075,0.02943609
CEEMDAN_LSTM,BTC-USD,2026-06-23 07:00:00,0.03716867,0.02938441
CEEMDAN_LSTM,BTC-USD,2026-06-23 07:15:00,0.037197657,0.029386334
CEEMDAN_LSTM,BTC-USD,2026-06-23 07:30:00,0.037190955,0.02943599
CEEMDAN_LSTM,BTC-USD,2026-06-23 07:45:00,0.037208278,0.029430434
CEEMDAN_LSTM,BTC-USD,2026-06-23 08:00:00,0.037253886,0.029632987
CEEMDAN_LSTM,BTC-USD,2026-06-23 08:15:00,0.037234783,0.031085528
CEEMDAN_LSTM,BTC-USD,2026-06-23 08:30:00,0.037337918,0.03153494
CEEMDAN_LSTM,BTC-USD,2026-06-23 08:45:00,0.037837993,0.031531096
CEEMDAN_LSTM,BTC-USD,2026-06-23 09:00:00,0.03816646,0.03154083
CEEMDAN_LSTM,BTC-USD,2026-06-23 09:15:00,0.03840588,0.03156667
CEEMDAN_LSTM,BTC-USD,2026-06-23 09:30:00,0.03853078,0.03164673
CEEMDAN_LSTM,BTC-USD,2026-06-23 09:45:00,0.03859115,0.031649474
CEEMDAN_LSTM,BTC-USD,2026-06-23 10:00:00,0.038722124,0.031636424
CEEMDAN_LSTM,BTC-USD,2026-06-23 10:15:00,0.03874505,0.03166813
CEEMDAN_LSTM,BTC-USD,2026-06-23 10:30:00,0.038707368,0.03168431
CEEMDAN_LSTM,BTC-USD,2026-06-23 10:45:00,0.038736183,0.031700272
CEEMDAN_LSTM,BTC-USD,2026-06-23 11:00:00,0.038766652,0.03171988
CEEMDAN_LSTM,BTC-USD,2026-06-23 11:15:00,0.038737044,0.03182433
CEEMDAN_LSTM,BTC-USD,2026-06-23 11:30:00,0.038706113,0.031823736
CEEMDAN_LSTM,BTC-USD,2026-06-23 11:45:00,0.038684253,0.031817462
CEEMDAN_LSTM,BTC-USD,2026-06-23 12:00:00,0.038730945,0.031827766
CEEMDAN_LSTM,BTC-USD,2026-06-23 12:15:00,0.038795117,0.031822134
CEEMDAN_LSTM,BTC-USD,2026-06-23 12:30:00,0.0388398,0.03179509
CEEMDAN_LSTM,BTC-USD,2026-06-23 12:45:00,0.038848978,0.03181434
CEEMDAN_LSTM,BTC-USD,2026-06-23 13:00:00,0.03885598,0.031767268
CEEMDAN_LSTM,BTC-USD,2026-06-23 13:15:00,0.038875528,0.031714886
CEEMDAN_LSTM,BTC-USD,2026-06-23 13:30:00,0.038898405,0.032235723
CEEMDAN_LSTM,BTC-USD,2026-06-23 13:45:00,0.03889875,0.032260913
CEEMDAN_LSTM,BTC-USD,2026-06-23 14:00:00,0.03884451,0.032564875
CEEMDAN_LSTM,BTC-USD,2026-06-23 14:15:00,0.038905524,0.032673355
CEEMDAN_LSTM,BTC-USD,2026-06-23 14:30:00,0.03896634,0.032670397
CEEMDAN_LSTM,BTC-USD,2026-06-23 14:45:00,0.03915939,0.03267045
CEEMDAN_LSTM,BTC-USD,2026-06-23 15:00:00,0.039253455,0.03271063
CEEMDAN_LSTM,BTC-USD,2026-06-23 15:15:00,0.03928425,0.032750346
CEEMDAN_LSTM,BTC-USD,2026-06-23 15:30:00,0.039347045,0.032753132
CEEMDAN_LSTM,BTC-USD,2026-06-23 15:45:00,0.03938799,0.032894578
CEEMDAN_LSTM,BTC-USD,2026-06-23 16:00:00,0.039356753,0.033244472
CEEMDAN_LSTM,BTC-USD,2026-06-23 16:15:00,0.039287962,0.03338892
CEEMDAN_LSTM,BTC-USD,2026-06-23 16:30:00,0.03930537,0.033395257
CEEMDAN_LSTM,BTC-USD,2026-06-23 16:45:00,0.0394897,0.033413086
CEEMDAN_LSTM,BTC-USD,2026-06-23 17:00:00,0.03956281,0.033457097
CEEMDAN_LSTM,BTC-USD,2026-06-23 17:15:00,0.03962541,0.03363223
CEEMDAN_LSTM,BTC-USD,2026-06-23 17:30:00,0.03965736,0.033679128
CEEMDAN_LSTM,BTC-USD,2026-06-23 17:45:00,0.03963043,0.03377835
CEEMDAN_LSTM,BTC-USD,2026-06-23 18:00:00,0.039713867,0.033760086
CEEMDAN_LSTM,BTC-USD,2026-06-23 18:15:00,0.039784838,0.033746853
CEEMDAN_LSTM,BTC-USD,2026-06-23 18:30:00,0.0397725,0.033863448
CEEMDAN_LSTM,BTC-USD,2026-06-23 18:45:00,0.039781105,0.033904746
CEEMDAN_LSTM,BTC-USD,2026-06-23 19:00:00,0.039839208,0.03397747
CEEMDAN_LSTM,BTC-USD,2026-06-23 19:15:00,0.039805762,0.03394644
CEEMDAN_LSTM,BTC-USD,2026-06-23 19:30:00,0.03977368,0.034009404
CEEMDAN_LSTM,BTC-USD,2026-06-23 19:45:00,0.03979608,0.03391682
CEEMDAN_LSTM,BTC-USD,2026-06-23 20:00:00,0.03986305,0.033918936
CEEMDAN_LSTM,BTC-USD,2026-06-23 20:15:00,0.039842557,0.03391528
CEEMDAN_LSTM,BTC-USD,2026-06-23 20:30:00,0.039824236,0.033915542
CEEMDAN_LSTM,BTC-USD,2026-06-23 20:45:00,0.039819967,0.03391261
CEEMDAN_LSTM,BTC-USD,2026-06-23 21:00:00,0.039830964,0.033917874
CEEMDAN_LSTM,BTC-USD,2026-06-23 21:15:00,0.03983187,0.033914812
CEEMDAN_LSTM,BTC-USD,2026-06-23 21:30:00,0.039811913,0.033924572
CEEMDAN_LSTM,BTC-USD,2026-06-23 21:45:00,0.03979514,0.03392603
CEEMDAN_LSTM,BTC-USD,2026-06-23 22:00:00,0.03979767,0.034010317
CEEMDAN_LSTM,BTC-USD,2026-06-23 22:15:00,0.039805938,0.034045767
CEEMDAN_LSTM,BTC-USD,2026-06-23 22:30:00,0.039799847,0.03404459
CEEMDAN_LSTM,BTC-USD,2026-06-23 22:45:00,0.039870247,0.03405069
CEEMDAN_LSTM,BTC-USD,2026-06-23 23:00:00,0.039894324,0.034047104
CEEMDAN_LSTM,BTC-USD,2026-06-23 23:15:00,0.03988986,0.034120653
CEEMDAN_LSTM,BTC-USD,2026-06-23 23:30:00,0.039896235,0.034114927
CEEMDAN_LSTM,BTC-USD,2026-06-23 23:45:00,0.039871614,0.034159046
CEEMDAN_LSTM,BTC-USD,2026-06-24 00:00:00,0.03989261,0.034276832
CEEMDAN_LSTM,BTC-USD,2026-06-24 00:15:00,0.03987013,0.03426099
CEEMDAN_LSTM,BTC-USD,2026-06-24 00:30:00,0.03987178,0.03428276
CEEMDAN_LSTM,BTC-USD,2026-06-24 00:45:00,0.03992018,0.034270536
CEEMDAN_LSTM,BTC-USD,2026-06-24 01:00:00,0.03991403,0.034251075
CEEMDAN_LSTM,BTC-USD,2026-06-24 01:15:00,0.039924394,0.034263376
CEEMDAN_LSTM,BTC-USD,2026-06-24 01:30:00,0.039955813,0.03426057
CEEMDAN_LSTM,BTC-USD,2026-06-24 01:45:00,0.03997261,0.034258485
CEEMDAN_LSTM,BTC-USD,2026-06-24 02:00:00,0.03995743,0.03425223
CEEMDAN_LSTM,BTC-USD,2026-06-24 02:15:00,0.03995763,0.034294944
CEEMDAN_LSTM,BTC-USD,2026-06-24 02:30:00,0.039975435,0.03426584
CEEMDAN_LSTM,BTC-USD,2026-06-24 02:45:00,0.039999526,0.034251317
CEEMDAN_LSTM,BTC-USD,2026-06-24 03:00:00,0.039998796,0.034233436
CEEMDAN_LSTM,BTC-USD,2026-06-24 03:15:00,0.040002085,0.034244005
CEEMDAN_LSTM,BTC-USD,2026-06-24 03:30:00,0.039978884,0.03430731
CEEMDAN_LSTM,BTC-USD,2026-06-24 03:45:00,0.039927073,0.034253072
CEEMDAN_LSTM,BTC-USD,2026-06-24 04:00:00,0.039906394,0.0342549
CEEMDAN_LSTM,BTC-USD,2026-06-24 04:15:00,0.03994075,0.034262616
CEEMDAN_LSTM,BTC-USD,2026-06-24 04:30:00,0.03996819,0.03423994
CEEMDAN_LSTM,BTC-USD,2026-06-24 04:45:00,0.03997391,0.0342391
CEEMDAN_LSTM,BTC-USD,2026-06-24 05:00:00,0.03992902,0.03422818
CEEMDAN_LSTM,BTC-USD,2026-06-24 05:15:00,0.039889928,0.034259815
CEEMDAN_LSTM,BTC-USD,2026-06-24 05:30:00,0.03987714,0.0342694
CEEMDAN_LSTM,BTC-USD,2026-06-24 05:45:00,0.039865542,0.034245934
CEEMDAN_LSTM,BTC-USD,2026-06-24 06:00:00,0.039881803,0.03423815
CEEMDAN_LSTM,BTC-USD,2026-06-24 06:15:00,0.039916802,0.034225907
CEEMDAN_LSTM,BTC-USD,2026-06-24 06:30:00,0.0399324,0.03422963
CEEMDAN_LSTM,BTC-USD,2026-06-24 06:45:00,0.039930787,0.03421751
CEEMDAN_LSTM,BTC-USD,2026-06-24 07:00:00,0.039941594,0.03420033
CEEMDAN_LSTM,BTC-USD,2026-06-24 07:15:00,0.039927274,0.034259442
CEEMDAN_LSTM,BTC-USD,2026-06-24 07:30:00,0.039911687,0.03424347
CEEMDAN_LSTM,BTC-USD,2026-06-24 07:45:00,0.039943486,0.03424217
CEEMDAN_LSTM,BTC-USD,2026-06-24 08:00:00,0.039930068,0.034227386
CEEMDAN_LSTM,BTC-USD,2026-06-24 08:15:00,0.039921954,0.034201954
CEEMDAN_LSTM,BTC-USD,2026-06-24 08:30:00,0.039896484,0.03422561
CEEMDAN_LSTM,BTC-USD,2026-06-24 08:45:00,0.039853018,0.034224104
CEEMDAN_LSTM,BTC-USD,2026-06-24 09:00:00,0.039826907,0.03415651
CEEMDAN_LSTM,BTC-USD,2026-06-24 09:15:00,0.03983555,0.03418307
CEEMDAN_LSTM,BTC-USD,2026-06-24 09:30:00,0.03984659,0.03410551
CEEMDAN_LSTM,BTC-USD,2026-06-24 09:45:00,0.039873987,0.034100704
CEEMDAN_LSTM,BTC-USD,2026-06-24 10:00:00,0.039862834,0.03411759
CEEMDAN_LSTM,BTC-USD,2026-06-24 10:15:00,0.039849017,0.03413153
CEEMDAN_LSTM,BTC-USD,2026-06-24 10:30:00,0.03987689,0.034145877
CEEMDAN_LSTM,BTC-USD,2026-06-24 10:45:00,0.039888307,0.03422664
CEEMDAN_LSTM,BTC-USD,2026-06-24 11:00:00,0.039876245,0.034241606
CEEMDAN_LSTM,BTC-USD,2026-06-24 11:15:00,0.03992291,0.034236673
CEEMDAN_LSTM,BTC-USD,2026-06-24 11:30:00,0.039940003,0.034688044
CEEMDAN_LSTM,BTC-USD,2026-06-24 11:45:00,0.039889775,0.03474475
CEEMDAN_LSTM,BTC-USD,2026-06-24 12:00:00,0.03983951,0.03460326
CEEMDAN_LSTM,BTC-USD,2026-06-24 12:15:00,0.039910574,0.034588203
CEEMDAN_LSTM,BTC-USD,2026-06-24 12:30:00,0.039992187,0.03444177
CEEMDAN_LSTM,BTC-USD,2026-06-24 12:45:00,0.04000038,0.03462692
CEEMDAN_LSTM,BTC-USD,2026-06-24 13:00:00,0.03998626,0.035712525
CEEMDAN_LSTM,BTC-USD,2026-06-24 13:15:00,0.0401145,0.035776954
CEEMDAN_LSTM,BTC-USD,2026-06-24 13:30:00,0.04043549,0.03628304
CEEMDAN_LSTM,BTC-USD,2026-06-24 13:45:00,0.040596645,0.036325213
CEEMDAN_LSTM,BTC-USD,2026-06-24 14:00:00,0.040745657,0.036355704
CEEMDAN_LSTM,BTC-USD,2026-06-24 14:15:00,0.040796693,0.0363483
CEEMDAN_LSTM,BTC-USD,2026-06-24 14:30:00,0.04077766,0.036011733
CEEMDAN_LSTM,BTC-USD,2026-06-24 14:45:00,0.04074047,0.036030445
CEEMDAN_LSTM,BTC-USD,2026-06-24 15:00:00,0.040687285,0.03603718
CEEMDAN_LSTM,BTC-USD,2026-06-24 15:15:00,0.040684726,0.0358589
CEEMDAN_LSTM,BTC-USD,2026-06-24 15:30:00,0.040702652,0.03600774
CEEMDAN_LSTM,BTC-USD,2026-06-24 15:45:00,0.040669266,0.036327574
CEEMDAN_LSTM,BTC-USD,2026-06-24 16:00:00,0.040724043,0.036613327
CEEMDAN_LSTM,BTC-USD,2026-06-24 16:15:00,0.040745277,0.03438898
CEEMDAN_LSTM,BTC-USD,2026-06-24 16:30:00,0.0406961,0.034648277
CEEMDAN_LSTM,BTC-USD,2026-06-24 16:45:00,0.040426057,0.035166778
CEEMDAN_LSTM,BTC-USD,2026-06-24 17:00:00,0.040278453,0.035164822
CEEMDAN_LSTM,BTC-USD,2026-06-24 17:15:00,0.0403406,0.03522816
CEEMDAN_LSTM,BTC-USD,2026-06-24 17:30:00,0.040314894,0.03569119
CEEMDAN_LSTM,BTC-USD,2026-06-24 17:45:00,0.040366627,0.035572432
CEEMDAN_LSTM,BTC-USD,2026-06-24 18:00:00,0.040492926,0.035613388
CEEMDAN_LSTM,BTC-USD,2026-06-24 18:15:00,0.040448878,0.035476822
CEEMDAN_LSTM,BTC-USD,2026-06-24 18:30:00,0.04037809,0.035528753
CEEMDAN_LSTM,BTC-USD,2026-06-24 18:45:00,0.040379927,0.035410356
CEEMDAN_LSTM,BTC-USD,2026-06-24 19:00:00,0.040430125,0.035458896
CEEMDAN_LSTM,BTC-USD,2026-06-24 19:15:00,0.040392473,0.035559926
CEEMDAN_LSTM,BTC-USD,2026-06-24 19:30:00,0.04034544,0.035561673
CEEMDAN_LSTM,BTC-USD,2026-06-24 19:45:00,0.040367678,0.0356224
CEEMDAN_LSTM,BTC-USD,2026-06-24 20:00:00,0.04042088,0.037557095
CEEMDAN_LSTM,BTC-USD,2026-06-24 20:15:00,0.040346026,0.03758983
CEEMDAN_LSTM,BTC-USD,2026-06-24 20:30:00,0.040525913,0.037644878
CEEMDAN_LSTM,BTC-USD,2026-06-24 20:45:00,0.04081875,0.037665766
CEEMDAN_LSTM,BTC-USD,2026-06-24 21:00:00,0.040944528,0.037846573
CEEMDAN_LSTM,BTC-USD,2026-06-24 21:15:00,0.04105681,0.037892222
CEEMDAN_LSTM,BTC-USD,2026-06-24 21:30:00,0.04114331,0.03808272
CEEMDAN_LSTM,BTC-USD,2026-06-24 21:45:00,0.04110809,0.03809049
CEEMDAN_LSTM,BTC-USD,2026-06-24 22:00:00,0.04111193,0.03795955
CEEMDAN_LSTM,BTC-USD,2026-06-24 22:15:00,0.041180886,0.037985027
CEEMDAN_LSTM,BTC-USD,2026-06-24 22:30:00,0.041221876,0.037993368
CEEMDAN_LSTM,BTC-USD,2026-06-24 22:45:00,0.041214466,0.03799489
CEEMDAN_LSTM,BTC-USD,2026-06-24 23:00:00,0.041190602,0.037948422
CEEMDAN_LSTM,BTC-USD,2026-06-24 23:15:00,0.04118632,0.03795097
CEEMDAN_LSTM,BTC-USD,2026-06-24 23:30:00,0.04115532,0.037934724
CEEMDAN_LSTM,BTC-USD,2026-06-24 23:45:00,0.041129507,0.03792762
CEEMDAN_LSTM,BTC-USD,2026-06-25 00:00:00,0.041126214,0.037926067
CEEMDAN_LSTM,BTC-USD,2026-06-25 00:15:00,0.041125473,0.038004145
CEEMDAN_LSTM,BTC-USD,2026-06-25 00:30:00,0.04115981,0.03801856
CEEMDAN_LSTM,BTC-USD,2026-06-25 00:45:00,0.041215,0.03801554
CEEMDAN_LSTM,BTC-USD,2026-06-25 01:00:00,0.041221093,0.037997875
CEEMDAN_LSTM,BTC-USD,2026-06-25 01:15:00,0.041212328,0.038031634
CEEMDAN_LSTM,BTC-USD,2026-06-25 01:30:00,0.041189354,0.038011454
CEEMDAN_LSTM,BTC-USD,2026-06-25 01:45:00,0.041176807,0.038035296
CEEMDAN_LSTM,BTC-USD,2026-06-25 02:00:00,0.04117708,0.03797641
CEEMDAN_LSTM,BTC-USD,2026-06-25 02:15:00,0.04118991,0.038058724
CEEMDAN_LSTM,BTC-USD,2026-06-25 02:30:00,0.041195072,0.037912745
CEEMDAN_LSTM,BTC-USD,2026-06-25 02:45:00,0.04119881,0.03791009
CEEMDAN_LSTM,BTC-USD,2026-06-25 03:00:00,0.041215446,0.037872396
CEEMDAN_LSTM,BTC-USD,2026-06-25 03:15:00,0.04119088,0.03773199
CEEMDAN_LSTM,BTC-USD,2026-06-25 03:30:00,0.041171096,0.037677713
CEEMDAN_LSTM,BTC-USD,2026-06-25 03:45:00,0.041141793,0.037719827
CEEMDAN_LSTM,BTC-USD,2026-06-25 04:00:00,0.041115325,0.037724808
CEEMDAN_LSTM,BTC-USD,2026-06-25 04:15:00,0.041102752,0.037694428
CEEMDAN_LSTM,BTC-USD,2026-06-25 04:30:00,0.041119702,0.037134577
CEEMDAN_LSTM,BTC-USD,2026-06-25 04:45:00,0.041105658,0.03759932
CEEMDAN_LSTM,BTC-USD,2026-06-25 05:00:00,0.040972617,0.037726406
CEEMDAN_LSTM,BTC-USD,2026-06-25 05:15:00,0.04089159,0.037396446
CEEMDAN_LSTM,BTC-USD,2026-06-25 05:30:00,0.04095096,0.03740481
CEEMDAN_LSTM,BTC-USD,2026-06-25 05:45:00,0.04100657,0.037404746
CEEMDAN_LSTM,BTC-USD,2026-06-25 06:00:00,0.04101138,0.037416756
CEEMDAN_LSTM,BTC-USD,2026-06-25 06:15:00,0.040976293,0.03741847
CEEMDAN_LSTM,BTC-USD,2026-06-25 06:30:00,0.040972225,0.037449956
CEEMDAN_LSTM,BTC-USD,2026-06-25 06:45:00,0.04099233,0.03730588
CEEMDAN_LSTM,BTC-USD,2026-06-25 07:00:00,0.041000318,0.037276622
CEEMDAN_LSTM,BTC-USD,2026-06-25 07:15:00,0.041003812,0.037290245
CEEMDAN_LSTM,BTC-USD,2026-06-25 07:30:00,0.04098548,0.037313927
CEEMDAN_LSTM,BTC-USD,2026-06-25 07:45:00,0.040966753,0.037243474
CEEMDAN_LSTM,BTC-USD,2026-06-25 08:00:00,0.040967368,0.037278395
CEEMDAN_LSTM,BTC-USD,2026-06-25 08:15:00,0.04099323,0.037220985
CEEMDAN_LSTM,BTC-USD,2026-06-25 08:30:00,0.041011013,0.03719356
CEEMDAN_LSTM,BTC-USD,2026-06-25 08:45:00,0.040983308,0.037082385
CEEMDAN_LSTM,BTC-USD,2026-06-25 09:00:00,0.040954147,0.037069786
CEEMDAN_LSTM,BTC-USD,2026-06-25 09:15:00,0.040911745,0.03706233
CEEMDAN_LSTM,BTC-USD,2026-06-25 09:30:00,0.040873602,0.03706135
CEEMDAN_LSTM,BTC-USD,2026-06-25 09:45:00,0.040866066,0.036973834
CEEMDAN_LSTM,BTC-USD,2026-06-25 10:00:00,0.040858127,0.036959253
CEEMDAN_LSTM,BTC-USD,2026-06-25 10:15:00,0.040869717,0.036980387
CEEMDAN_LSTM,BTC-USD,2026-06-25 10:30:00,0.04089949,0.037062
CEEMDAN_LSTM,BTC-USD,2026-06-25 10:45:00,0.04095017,0.037063364
CEEMDAN_LSTM,BTC-USD,2026-06-25 11:00:00,0.041004386,0.03709484
CEEMDAN_LSTM,BTC-USD,2026-06-25 11:15:00,0.040996842,0.037107624
CEEMDAN_LSTM,BTC-USD,2026-06-25 11:30:00,0.040981248,0.037110656
CEEMDAN_LSTM,BTC-USD,2026-06-25 11:45:00,0.040986072,0.03710571
CEEMDAN_LSTM,BTC-USD,2026-06-25 12:00:00,0.040940437,0.03711315
CEEMDAN_LSTM,BTC-USD,2026-06-25 12:15:00,0.040915083,0.0371395
CEEMDAN_LSTM,BTC-USD,2026-06-25 12:30:00,0.04091273,0.037418213
CEEMDAN_LSTM,BTC-USD,2026-06-25 12:45:00,0.040897585,0.037405264
CEEMDAN_LSTM,BTC-USD,2026-06-25 13:00:00,0.040919404,0.03743442
CEEMDAN_LSTM,BTC-USD,2026-06-25 13:15:00,0.041041575,0.037233267
CEEMDAN_LSTM,BTC-USD,2026-06-25 13:30:00,0.041104846,0.041768365
CEEMDAN_LSTM,BTC-USD,2026-06-25 13:45:00,0.041323703,0.053054243
CEEMDAN_LSTM,BTC-USD,2026-06-25 14:00:00,0.04272232,0.0563738
CEEMDAN_LSTM,BTC-USD,2026-06-25 14:15:00,0.044296212,0.056370646
CEEMDAN_LSTM,BTC-USD,2026-06-25 14:30:00,0.045860667,0.056445308
CEEMDAN_LSTM,BTC-USD,2026-06-25 14:45:00,0.046281643,0.056438822
CEEMDAN_LSTM,BTC-USD,2026-06-25 15:00:00,0.046667706,0.056834992
CEEMDAN_LSTM,BTC-USD,2026-06-25 15:15:00,0.046955124,0.056948386
CEEMDAN_LSTM,BTC-USD,2026-06-25 15:30:00,0.04667409,0.05679737
CEEMDAN_LSTM,BTC-USD,2026-06-25 15:45:00,0.046835512,0.05713268
CEEMDAN_LSTM,BTC-USD,2026-06-25 16:00:00,0.046443325,0.057234123
CEEMDAN_LSTM,BTC-USD,2026-06-25 16:15:00,0.046581347,0.057234246
CEEMDAN_LSTM,BTC-USD,2026-06-25 16:30:00,0.046834037,0.057741176
CEEMDAN_LSTM,BTC-USD,2026-06-25 16:45:00,0.04733187,0.05772407
CEEMDAN_LSTM,BTC-USD,2026-06-25 17:00:00,0.04706697,0.057746634
CEEMDAN_LSTM,BTC-USD,2026-06-25 17:15:00,0.04699011,0.05781194
CEEMDAN_LSTM,BTC-USD,2026-06-25 17:30:00,0.046947923,0.0578069
CEEMDAN_LSTM,BTC-USD,2026-06-25 17:45:00,0.04710945,0.057872966
CEEMDAN_LSTM,BTC-USD,2026-06-25 18:00:00,0.047061566,0.057997685
CEEMDAN_LSTM,BTC-USD,2026-06-25 18:15:00,0.047448926,0.058261856
CEEMDAN_LSTM,BTC-USD,2026-06-25 18:30:00,0.047021,0.058428764
CEEMDAN_LSTM,BTC-USD,2026-06-25 18:45:00,0.047602665,0.058432005
CEEMDAN_LSTM,BTC-USD,2026-06-25 19:00:00,0.047462113,0.05857092
CEEMDAN_LSTM,BTC-USD,2026-06-25 19:15:00,0.047737777,0.058604643
CEEMDAN_LSTM,BTC-USD,2026-06-25 19:30:00,0.04748933,0.058561333
CEEMDAN_LSTM,BTC-USD,2026-06-25 19:45:00,0.04756242,0.058498703
CEEMDAN_LSTM,BTC-USD,2026-06-25 20:00:00,0.047438294,0.058672052
CEEMDAN_LSTM,BTC-USD,2026-06-25 20:15:00,0.047173034,0.058647618
CEEMDAN_LSTM,BTC-USD,2026-06-25 20:30:00,0.047307458,0.05866558
CEEMDAN_LSTM,BTC-USD,2026-06-25 20:45:00,0.04740767,0.058668464
CEEMDAN_LSTM,BTC-USD,2026-06-25 21:00:00,0.047386937,0.058675528
CEEMDAN_LSTM,BTC-USD,2026-06-25 21:15:00,0.047166355,0.058318187
CEEMDAN_LSTM,BTC-USD,2026-06-25 21:30:00,0.047113337,0.058400393
CEEMDAN_LSTM,BTC-USD,2026-06-25 21:45:00,0.0468571,0.0585929
CEEMDAN_LSTM,BTC-USD,2026-06-25 22:00:00,0.04684678,0.05879097
CEEMDAN_LSTM,BTC-USD,2026-06-25 22:15:00,0.047390353,0.058819287
CEEMDAN_LSTM,BTC-USD,2026-06-25 22:30:00,0.04739242,0.05879955
CEEMDAN_LSTM,BTC-USD,2026-06-25 22:45:00,0.04729531,0.058807693
CEEMDAN_LSTM,BTC-USD,2026-06-25 23:00:00,0.047208756,0.05873246
CEEMDAN_LSTM,BTC-USD,2026-06-25 23:15:00,0.047171533,0.05804156
CEEMDAN_LSTM,BTC-USD,2026-06-25 23:30:00,0.04713532,0.05778265
CEEMDAN_LSTM,BTC-USD,2026-06-25 23:45:00,0.047142066,0.05786649
CEEMDAN_LSTM,BTC-USD,2026-06-26 00:00:00,0.04717163,0.057885446
CEEMDAN_LSTM,BTC-USD,2026-06-26 00:15:00,0.04697163,0.057891473
CEEMDAN_LSTM,BTC-USD,2026-06-26 00:30:00,0.047108516,0.057849515
CEEMDAN_LSTM,BTC-USD,2026-06-26 00:45:00,0.047025003,0.05787768
CEEMDAN_LSTM,BTC-USD,2026-06-26 01:00:00,0.04712666,0.057868525
CEEMDAN_LSTM,BTC-USD,2026-06-26 01:15:00,0.047136143,0.058057137
CEEMDAN_LSTM,BTC-USD,2026-06-26 01:30:00,0.047299594,0.05804043
CEEMDAN_LSTM,BTC-USD,2026-06-26 01:45:00,0.047131203,0.058071222
CEEMDAN_LSTM,BTC-USD,2026-06-26 02:00:00,0.04705102,0.059390817
CEEMDAN_LSTM,BTC-USD,2026-06-26 02:15:00,0.047833797,0.059434827
CEEMDAN_LSTM,BTC-USD,2026-06-26 02:30:00,0.047483526,0.05944282
CEEMDAN_LSTM,BTC-USD,2026-06-26 02:45:00,0.047629848,0.05957627
CEEMDAN_LSTM,BTC-USD,2026-06-26 03:00:00,0.04772911,0.059883337
CEEMDAN_LSTM,BTC-USD,2026-06-26 03:15:00,0.04728015,0.05998265
CEEMDAN_LSTM,BTC-USD,2026-06-26 03:30:00,0.04735814,0.060385738
CEEMDAN_LSTM,BTC-USD,2026-06-26 03:45:00,0.04716764,0.061084047
CEEMDAN_LSTM,BTC-USD,2026-06-26 04:00:00,0.04718901,0.061105464
CEEMDAN_LSTM,BTC-USD,2026-06-26 04:15:00,0.047958832,0.06108976
CEEMDAN_LSTM,BTC-USD,2026-06-26 04:30:00,0.04790845,0.060813423
CEEMDAN_LSTM,BTC-USD,2026-06-26 04:45:00,0.048038803,0.060802538
CEEMDAN_LSTM,BTC-USD,2026-06-26 05:00:00,0.04802683,0.060644213
CEEMDAN_LSTM,BTC-USD,2026-06-26 05:15:00,0.047996912,0.060588423
CEEMDAN_LSTM,BTC-USD,2026-06-26 05:30:00,0.04804337,0.060594983
CEEMDAN_LSTM,BTC-USD,2026-06-26 05:45:00,0.048116315,0.060611393
CEEMDAN_LSTM,BTC-USD,2026-06-26 06:00:00,0.048045855,0.060702283
CEEMDAN_LSTM,BTC-USD,2026-06-26 06:15:00,0.048311424,0.06094856
CEEMDAN_LSTM,BTC-USD,2026-06-26 06:30:00,0.04780313,0.061211117
CEEMDAN_LSTM,BTC-USD,2026-06-26 06:45:00,0.047796432,0.0611398
CEEMDAN_LSTM,BTC-USD,2026-06-26 07:00:00,0.048189405,0.06103481
CEEMDAN_LSTM,BTC-USD,2026-06-26 07:15:00,0.048064884,0.060972095
CEEMDAN_LSTM,BTC-USD,2026-06-26 07:30:00,0.04817231,0.060966946
CEEMDAN_LSTM,BTC-USD,2026-06-26 07:45:00,0.048238568,0.060963098
CEEMDAN_LSTM,BTC-USD,2026-06-26 08:00:00,0.048288025,0.061080478
CEEMDAN_LSTM,BTC-USD,2026-06-26 08:15:00,0.048468184,0.060986195
CEEMDAN_LSTM,BTC-USD,2026-06-26 08:30:00,0.04822155,0.06098085
CEEMDAN_LSTM,BTC-USD,2026-06-26 08:45:00,0.048294038,0.06093074
CEEMDAN_LSTM,BTC-USD,2026-06-26 09:00:00,0.04816026,0.060937744
CEEMDAN_LSTM,BTC-USD,2026-06-26 09:15:00,0.04822446,0.060940675
CEEMDAN_LSTM,BTC-USD,2026-06-26 09:30:00,0.048240248,0.060886953
CEEMDAN_LSTM,BTC-USD,2026-06-26 09:45:00,0.04833918,0.061017383
CEEMDAN_LSTM,BTC-USD,2026-06-26 10:00:00,0.04848182,0.060976136
CEEMDAN_LSTM,BTC-USD,2026-06-26 10:15:00,0.048276093,0.060960736
CEEMDAN_LSTM,BTC-USD,2026-06-26 10:30:00,0.048270445,0.060990363
CEEMDAN_LSTM,BTC-USD,2026-06-26 10:45:00,0.04841858,0.06107311
CEEMDAN_LSTM,BTC-USD,2026-06-26 11:00:00,0.048504017,0.06114433
CEEMDAN_LSTM,BTC-USD,2026-06-26 11:15:00,0.04812198,0.061141152
CEEMDAN_LSTM,BTC-USD,2026-06-26 11:30:00,0.04833504,0.061144825
CEEMDAN_LSTM,BTC-USD,2026-06-26 11:45:00,0.048288696,0.06114648
CEEMDAN_LSTM,BTC-USD,2026-06-26 12:00:00,0.04831397,0.061147623
CEEMDAN_LSTM,BTC-USD,2026-06-26 12:15:00,0.048238043,0.06132283
CEEMDAN_LSTM,BTC-USD,2026-06-26 12:30:00,0.04807495,0.062069733
CEEMDAN_LSTM,BTC-USD,2026-06-26 12:45:00,0.049058463,0.062073793
CEEMDAN_LSTM,BTC-USD,2026-06-26 13:00:00,0.04880214,0.06203451
CEEMDAN_LSTM,BTC-USD,2026-06-26 13:15:00,0.04888052,0.06207685
CEEMDAN_LSTM,BTC-USD,2026-06-26 13:30:00,0.048867386,0.06288329
CEEMDAN_LSTM,BTC-USD,2026-06-26 13:45:00,0.048108295,0.06389766
CEEMDAN_LSTM,BTC-USD,2026-06-26 14:00:00,0.048183966,0.06394477
CEEMDAN_LSTM,BTC-USD,2026-06-26 14:15:00,0.04929871,0.063912995
CEEMDAN_LSTM,BTC-USD,2026-06-26 14:30:00,0.04929572,0.0643742
CEEMDAN_LSTM,BTC-USD,2026-06-26 14:45:00,0.05005676,0.06434546
CEEMDAN_LSTM,BTC-USD,2026-06-26 15:00:00,0.049754016,0.06440665
CEEMDAN_LSTM,BTC-USD,2026-06-26 15:15:00,0.049440578,0.064690836
CEEMDAN_LSTM,BTC-USD,2026-06-26 15:30:00,0.049235743,0.0648003
CEEMDAN_LSTM,BTC-USD,2026-06-26 15:45:00,0.0493875,0.064807445
CEEMDAN_LSTM,BTC-USD,2026-06-26 16:00:00,0.049823835,0.06485158
CEEMDAN_LSTM,BTC-USD,2026-06-26 16:15:00,0.050019097,0.064876385
CEEMDAN_LSTM,BTC-USD,2026-06-26 16:30:00,0.050124414,0.06487529
CEEMDAN_LSTM,BTC-USD,2026-06-26 16:45:00,0.050008956,0.06487543
CEEMDAN_LSTM,BTC-USD,2026-06-26 17:00:00,0.0500406,0.06493752
CEEMDAN_LSTM,BTC-USD,2026-06-26 17:15:00,0.049834292,0.06491624
CEEMDAN_LSTM,BTC-USD,2026-06-26 17:30:00,0.05006942,0.064936034
CEEMDAN_LSTM,BTC-USD,2026-06-26 17:45:00,0.05019384,0.06492447
CEEMDAN_LSTM,BTC-USD,2026-06-26 18:00:00,0.050146583,0.06493206
CEEMDAN_LSTM,BTC-USD,2026-06-26 18:15:00,0.050032448,0.06503933
CEEMDAN_LSTM,BTC-USD,2026-06-26 18:30:00,0.05040866,0.06500517
CEEMDAN_LSTM,BTC-USD,2026-06-26 18:45:00,0.050298028,0.06501738
CEEMDAN_LSTM,BTC-USD,2026-06-26 19:00:00,0.05023725,0.06528869
CEEMDAN_LSTM,BTC-USD,2026-06-26 19:15:00,0.049642075,0.06529147
CEEMDAN_LSTM,BTC-USD,2026-06-26 19:30:00,0.05023267,0.065283634
CEEMDAN_LSTM,BTC-USD,2026-06-26 19:45:00,0.05029886,0.06526761
CEEMDAN_LSTM,BTC-USD,2026-06-26 20:00:00,0.05034952,0.065275885
CEEMDAN_LSTM,BTC-USD,2026-06-26 20:15:00,0.050324414,0.06526481
CEEMDAN_LSTM,BTC-USD,2026-06-26 20:30:00,0.050139688,0.06528519
CEEMDAN_LSTM,BTC-USD,2026-06-26 20:45:00,0.05032574,0.06529813
CEEMDAN_LSTM,BTC-USD,2026-06-26 21:00:00,0.05006447,0.06530142
CEEMDAN_LSTM,BTC-USD,2026-06-26 21:15:00,0.050060708,0.065336876
CEEMDAN_LSTM,BTC-USD,2026-06-26 21:30:00,0.049934104,0.06537462
CEEMDAN_LSTM,BTC-USD,2026-06-26 21:45:00,0.04993552,0.065384574
CEEMDAN_LSTM,BTC-USD,2026-06-26 22:00:00,0.050209776,0.06537974
CEEMDAN_LSTM,BTC-USD,2026-06-26 22:15:00,0.050168794,0.06534677
CEEMDAN_LSTM,BTC-USD,2026-06-26 22:30:00,0.05016629,0.06535895
CEEMDAN_LSTM,BTC-USD,2026-06-26 22:45:00,0.050043818,0.065376595
CEEMDAN_LSTM,BTC-USD,2026-06-26 23:00:00,0.05003152,0.06538022
CEEMDAN_LSTM,BTC-USD,2026-06-26 23:15:00,0.050119765,0.06539492
CEEMDAN_LSTM,BTC-USD,2026-06-26 23:30:00,0.05032156,0.06540146
CEEMDAN_LSTM,BTC-USD,2026-06-26 23:45:00,0.050081633,0.06540373
CEEMDAN_LSTM,BTC-USD,2026-06-27 00:00:00,0.05013629,0.065406844
CEEMDAN_LSTM,BTC-USD,2026-06-27 00:15:00,0.05015391,0.065399796
CEEMDAN_LSTM,BTC-USD,2026-06-27 00:30:00,0.05028636,0.06540624
CEEMDAN_LSTM,BTC-USD,2026-06-27 00:45:00,0.050294098,0.06542457
CEEMDAN_LSTM,BTC-USD,2026-06-27 01:00:00,0.05012453,0.065436125
CEEMDAN_LSTM,BTC-USD,2026-06-27 01:15:00,0.050352275,0.06543454
CEEMDAN_LSTM,BTC-USD,2026-06-27 01:30:00,0.050183877,0.06542669
CEEMDAN_LSTM,BTC-USD,2026-06-27 01:45:00,0.050237603,0.06538703
CEEMDAN_LSTM,BTC-USD,2026-06-27 02:00:00,0.05018328,0.06544272
CEEMDAN_LSTM,BTC-USD,2026-06-27 02:15:00,0.04992815,0.06552128
CEEMDAN_LSTM,BTC-USD,2026-06-27 02:30:00,0.049869243,0.06524225
CEEMDAN_LSTM,BTC-USD,2026-06-27 02:45:00,0.05011753,0.06517519
CEEMDAN_LSTM,BTC-USD,2026-06-27 03:00:00,0.050029553,0.06519089
CEEMDAN_LSTM,BTC-USD,2026-06-27 03:15:00,0.050144725,0.06524178
CEEMDAN_LSTM,BTC-USD,2026-06-27 03:30:00,0.049804043,0.06523924
CEEMDAN_LSTM,BTC-USD,2026-06-27 03:45:00,0.04996361,0.06513499
CEEMDAN_LSTM,BTC-USD,2026-06-27 04:00:00,0.049927697,0.06452948
CEEMDAN_LSTM,BTC-USD,2026-06-27 04:15:00,0.049787045,0.06447809
CEEMDAN_LSTM,BTC-USD,2026-06-27 04:30:00,0.04968488,0.064189725
CEEMDAN_LSTM,BTC-USD,2026-06-27 04:45:00,0.04970268,0.06415817
CEEMDAN_LSTM,BTC-USD,2026-06-27 05:00:00,0.049687967,0.06413633
CEEMDAN_LSTM,BTC-USD,2026-06-27 05:15:00,0.049458206,0.06417779
CEEMDAN_LSTM,BTC-USD,2026-06-27 05:30:00,0.04964564,0.06418738
CEEMDAN_LSTM,BTC-USD,2026-06-27 05:45:00,0.049422443,0.064175725
CEEMDAN_LSTM,BTC-USD,2026-06-27 06:00:00,0.04945521,0.064093545
CEEMDAN_LSTM,BTC-USD,2026-06-27 06:15:00,0.049522888,0.06409788
CEEMDAN_LSTM,BTC-USD,2026-06-27 06:30:00,0.049353052,0.06401752
CEEMDAN_LSTM,BTC-USD,2026-06-27 06:45:00,0.049163565,0.063823104
CEEMDAN_LSTM,BTC-USD,2026-06-27 07:00:00,0.04936318,0.06367964
CEEMDAN_LSTM,BTC-USD,2026-06-27 07:15:00,0.049342785,0.063704036
CEEMDAN_LSTM,BTC-USD,2026-06-27 07:30:00,0.04914289,0.063514486
CEEMDAN_LSTM,BTC-USD,2026-06-27 07:45:00,0.04922647,0.06319997
CEEMDAN_LSTM,BTC-USD,2026-06-27 08:00:00,0.049055927,0.063209675
CEEMDAN_LSTM,BTC-USD,2026-06-27 08:15:00,0.049154375,0.06316359
CEEMDAN_LSTM,BTC-USD,2026-06-27 08:30:00,0.049131483,0.06287927
CEEMDAN_LSTM,BTC-USD,2026-06-27 08:45:00,0.049154885,0.06288116
CEEMDAN_LSTM,BTC-USD,2026-06-27 09:00:00,0.048892133,0.062823735
CEEMDAN_LSTM,BTC-USD,2026-06-27 09:15:00,0.04905912,0.062791385
CEEMDAN_LSTM,BTC-USD,2026-06-27 09:30:00,0.048944656,0.062736265
CEEMDAN_LSTM,BTC-USD,2026-06-27 09:45:00,0.048898462,0.062734984
CEEMDAN_LSTM,BTC-USD,2026-06-27 10:00:00,0.048864704,0.06272352
CEEMDAN_LSTM,BTC-USD,2026-06-27 10:15:00,0.04882311,0.06267881
CEEMDAN_LSTM,BTC-USD,2026-06-27 10:30:00,0.048882533,0.06267805
CEEMDAN_LSTM,BTC-USD,2026-06-27 10:45:00,0.048918154,0.06261189
CEEMDAN_LSTM,BTC-USD,2026-06-27 11:00:00,0.048918333,0.061435565
CEEMDAN_LSTM,BTC-USD,2026-06-27 11:15:00,0.04892148,0.061457545
CEEMDAN_LSTM,BTC-USD,2026-06-27 11:30:00,0.048620168,0.061426375
CEEMDAN_LSTM,BTC-USD,2026-06-27 11:45:00,0.048449174,0.06143745
CEEMDAN_LSTM,BTC-USD,2026-06-27 12:00:00,0.048279565,0.061326046
CEEMDAN_LSTM,BTC-USD,2026-06-27 12:15:00,0.048420895,0.061292026
CEEMDAN_LSTM,BTC-USD,2026-06-27 12:30:00,0.048260204,0.06116874
CEEMDAN_LSTM,BTC-USD,2026-06-27 12:45:00,0.04825436,0.061187394
CEEMDAN_LSTM,BTC-USD,2026-06-27 13:00:00,0.048086196,0.061156288
CEEMDAN_LSTM,BTC-USD,2026-06-27 13:15:00,0.04814235,0.06112994
CEEMDAN_LSTM,BTC-USD,2026-06-27 13:30:00,0.04809412,0.06116414
CEEMDAN_LSTM,BTC-USD,2026-06-27 13:45:00,0.04799255,0.061159763
CEEMDAN_LSTM,BTC-USD,2026-06-27 14:00:00,0.048117574,0.061176553
CEEMDAN_LSTM,BTC-USD,2026-06-27 14:15:00,0.048037376,0.06116705
CEEMDAN_LSTM,BTC-USD,2026-06-27 14:30:00,0.048188437,0.06116793
CEEMDAN_LSTM,BTC-USD,2026-06-27 14:45:00,0.048106603,0.06116159
CEEMDAN_LSTM,BTC-USD,2026-06-27 15:00:00,0.048148062,0.0613258
CEEMDAN_LSTM,BTC-USD,2026-06-27 15:15:00,0.04787567,0.061274894
CEEMDAN_LSTM,BTC-USD,2026-06-27 15:30:00,0.04823416,0.061261576
CEEMDAN_LSTM,BTC-USD,2026-06-27 15:45:00,0.048237845,0.0612667
CEEMDAN_LSTM,BTC-USD,2026-06-27 16:00:00,0.048192732,0.061279077
CEEMDAN_LSTM,BTC-USD,2026-06-27 16:15:00,0.04831343,0.061264258
CEEMDAN_LSTM,BTC-USD,2026-06-27 16:30:00,0.048287246,0.061272975
CEEMDAN_LSTM,BTC-USD,2026-06-27 16:45:00,0.04822015,0.061254118
CEEMDAN_LSTM,BTC-USD,2026-06-27 17:00:00,0.048278697,0.06134547
CEEMDAN_LSTM,BTC-USD,2026-06-27 17:15:00,0.04854299,0.061294176
CEEMDAN_LSTM,BTC-USD,2026-06-27 17:30:00,0.048372995,0.0612347
CEEMDAN_LSTM,BTC-USD,2026-06-27 17:45:00,0.048345923,0.061245233
CEEMDAN_LSTM,BTC-USD,2026-06-27 18:00:00,0.048416015,0.06124307
CEEMDAN_LSTM,BTC-USD,2026-06-27 18:15:00,0.048364837,0.061241396
CEEMDAN_LSTM,BTC-USD,2026-06-27 18:30:00,0.04836371,0.061242472
CEEMDAN_LSTM,BTC-USD,2026-06-27 18:45:00,0.0483107,0.06120577
CEEMDAN_LSTM,BTC-USD,2026-06-27 19:00:00,0.048313573,0.061200686
CEEMDAN_LSTM,BTC-USD,2026-06-27 19:15:00,0.04832011,0.061361108
CEEMDAN_LSTM,BTC-USD,2026-06-27 19:30:00,0.048668396,0.06138146
CEEMDAN_LSTM,BTC-USD,2026-06-27 19:45:00,0.04863737,0.061053563
CEEMDAN_LSTM,BTC-USD,2026-06-27 20:00:00,0.048515968,0.060876302
CEEMDAN_LSTM,BTC-USD,2026-06-27 20:15:00,0.048242263,0.060875062
CEEMDAN_LSTM,BTC-USD,2026-06-27 20:30:00,0.04818381,0.06086364
CEEMDAN_LSTM,BTC-USD,2026-06-27 20:45:00,0.048176676,0.060856167
CEEMDAN_LSTM,BTC-USD,2026-06-27 21:00:00,0.048118677,0.060845364
CEEMDAN_LSTM,BTC-USD,2026-06-27 21:15:00,0.048054907,0.060851913
CEEMDAN_LSTM,BTC-USD,2026-06-27 21:30:00,0.048081346,0.06091782
CEEMDAN_LSTM,BTC-USD,2026-06-27 21:45:00,0.04835067,0.06092037
CEEMDAN_LSTM,BTC-USD,2026-06-27 22:00:00,0.048271373,0.06093117
CEEMDAN_LSTM,BTC-USD,2026-06-27 22:15:00,0.04827977,0.060923707
CEEMDAN_LSTM,BTC-USD,2026-06-27 22:30:00,0.048186004,0.060899857
CEEMDAN_LSTM,BTC-USD,2026-06-27 22:45:00,0.048132166,0.060908627
CEEMDAN_LSTM,BTC-USD,2026-06-27 23:00:00,0.04811611,0.060952518
CEEMDAN_LSTM,BTC-USD,2026-06-27 23:15:00,0.048346728,0.060959082
CEEMDAN_LSTM,BTC-USD,2026-06-27 23:30:00,0.048278626,0.060971405
CEEMDAN_LSTM,BTC-USD,2026-06-27 23:45:00,0.04814291,0.060967583
CEEMDAN_LSTM,BTC-USD,2026-06-28 00:00:00,0.04820198,0.060993604
CEEMDAN_LSTM,BTC-USD,2026-06-28 00:15:00,0.048051763,0.0609929
CEEMDAN_LSTM,BTC-USD,2026-06-28 00:30:00,0.04811204,0.060986094
CEEMDAN_LSTM,BTC-USD,2026-06-28 00:45:00,0.04812983,0.060988832
CEEMDAN_LSTM,BTC-USD,2026-06-28 01:00:00,0.048194375,0.060989518
CEEMDAN_LSTM,BTC-USD,2026-06-28 01:15:00,0.04820897,0.061008662
CEEMDAN_LSTM,BTC-USD,2026-06-28 01:30:00,0.04804218,0.060954697
CEEMDAN_LSTM,BTC-USD,2026-06-28 01:45:00,0.048074126,0.060926165
CEEMDAN_LSTM,BTC-USD,2026-06-28 02:00:00,0.048156004,0.060916994
CEEMDAN_LSTM,BTC-USD,2026-06-28 02:15:00,0.048086997,0.06094369
CEEMDAN_LSTM,BTC-USD,2026-06-28 02:30:00,0.048321716,0.060929228
CEEMDAN_LSTM,BTC-USD,2026-06-28 02:45:00,0.04818161,0.06092621
CEEMDAN_LSTM,BTC-USD,2026-06-28 03:00:00,0.048180394,0.060954884
CEEMDAN_LSTM,BTC-USD,2026-06-28 03:15:00,0.04805624,0.060919788
CEEMDAN_LSTM,BTC-USD,2026-06-28 03:30:00,0.048169944,0.060744774
CEEMDAN_LSTM,BTC-USD,2026-06-28 03:45:00,0.048249833,0.060704377
CEEMDAN_LSTM,BTC-USD,2026-06-28 04:00:00,0.048174456,0.060690492
CEEMDAN_LSTM,BTC-USD,2026-06-28 04:15:00,0.04814193,0.06067689
CEEMDAN_LSTM,BTC-USD,2026-06-28 04:30:00,0.04817017,0.057522543
CEEMDAN_LSTM,BTC-USD,2026-06-28 04:45:00,0.04818479,0.046999007
CEEMDAN_LSTM,BTC-USD,2026-06-28 05:00:00,0.047161672,0.043201994
CEEMDAN_LSTM,BTC-USD,2026-06-28 05:15:00,0.04410148,0.04328358
CEEMDAN_LSTM,BTC-USD,2026-06-28 05:30:00,0.042881936,0.04322269
CEEMDAN_LSTM,BTC-USD,2026-06-28 05:45:00,0.04249563,0.043233104
CEEMDAN_LSTM,BTC-USD,2026-06-28 06:00:00,0.04234315,0.04271191
CEEMDAN_LSTM,BTC-USD,2026-06-28 06:15:00,0.04234866,0.042592652
CEEMDAN_LSTM,BTC-USD,2026-06-28 06:30:00,0.04225362,0.042584367
CEEMDAN_LSTM,BTC-USD,2026-06-28 06:45:00,0.042171765,0.042177748
CEEMDAN_LSTM,BTC-USD,2026-06-28 07:00:00,0.042147174,0.042105827
CEEMDAN_LSTM,BTC-USD,2026-06-28 07:15:00,0.04205526,0.042109367
CEEMDAN_LSTM,BTC-USD,2026-06-28 07:30:00,0.0420199,0.04133946
CEEMDAN_LSTM,BTC-USD,2026-06-28 07:45:00,0.042006426,0.04133266
CEEMDAN_LSTM,BTC-USD,2026-06-28 08:00:00,0.04187584,0.041318875
CEEMDAN_LSTM,BTC-USD,2026-06-28 08:15:00,0.041835763,0.041241735
CEEMDAN_LSTM,BTC-USD,2026-06-28 08:30:00,0.0418138,0.041405413
CEEMDAN_LSTM,BTC-USD,2026-06-28 08:45:00,0.041740026,0.041358784
CEEMDAN_LSTM,BTC-USD,2026-06-28 09:00:00,0.041753795,0.04106709
CEEMDAN_LSTM,BTC-USD,2026-06-28 09:15:00,0.04179773,0.04072756
CEEMDAN_LSTM,BTC-USD,2026-06-28 09:30:00,0.041769154,0.040438507
CEEMDAN_LSTM,BTC-USD,2026-06-28 09:45:00,0.041692447,0.040468264
CEEMDAN_LSTM,BTC-USD,2026-06-28 10:00:00,0.041617524,0.040228434
CEEMDAN_LSTM,BTC-USD,2026-06-28 10:15:00,0.041595954,0.040280513
CEEMDAN_LSTM,BTC-USD,2026-06-28 10:30:00,0.041564927,0.040273033
CEEMDAN_LSTM,BTC-USD,2026-06-28 10:45:00,0.041553214,0.040276416
CEEMDAN_LSTM,BTC-USD,2026-06-28 11:00:00,0.041512787,0.040064238
CEEMDAN_LSTM,BTC-USD,2026-06-28 11:15:00,0.0415045,0.040182624
CEEMDAN_LSTM,BTC-USD,2026-06-28 11:30:00,0.041444745,0.04014415
CEEMDAN_LSTM,BTC-USD,2026-06-28 11:45:00,0.041414168,0.04013427
CEEMDAN_LSTM,BTC-USD,2026-06-28 12:00:00,0.04142787,0.040053595
CEEMDAN_LSTM,BTC-USD,2026-06-28 12:15:00,0.041431904,0.040024526
CEEMDAN_LSTM,BTC-USD,2026-06-28 12:30:00,0.041421823,0.039850112
CEEMDAN_LSTM,BTC-USD,2026-06-28 12:45:00,0.041416947,0.039600298
CEEMDAN_LSTM,BTC-USD,2026-06-28 13:00:00,0.041392714,0.03935746
CEEMDAN_LSTM,BTC-USD,2026-06-28 13:15:00,0.041347116,0.03930336
CEEMDAN_LSTM,BTC-USD,2026-06-28 13:30:00,0.0413004,0.039303053
CEEMDAN_LSTM,BTC-USD,2026-06-28 13:45:00,0.041232806,0.03930769
CEEMDAN_LSTM,BTC-USD,2026-06-28 14:00:00,0.04121365,0.039309908
CEEMDAN_LSTM,BTC-USD,2026-06-28 14:15:00,0.041195292,0.03923179
CEEMDAN_LSTM,BTC-USD,2026-06-28 14:30:00,0.04116916,0.03919766
CEEMDAN_LSTM,BTC-USD,2026-06-28 14:45:00,0.041172277,0.03908231
CEEMDAN_LSTM,BTC-USD,2026-06-28 15:00:00,0.041182037,0.03905845
CEEMDAN_LSTM,BTC-USD,2026-06-28 15:15:00,0.04115587,0.039012674
CEEMDAN_LSTM,BTC-USD,2026-06-28 15:30:00,0.04111839,0.03902943
CEEMDAN_LSTM,BTC-USD,2026-06-28 15:45:00,0.04111481,0.038997997
CEEMDAN_LSTM,BTC-USD,2026-06-28 16:00:00,0.0411243,0.038992632
CEEMDAN_LSTM,BTC-USD,2026-06-28 16:15:00,0.0411191,0.038680755
CEEMDAN_LSTM,BTC-USD,2026-06-28 16:30:00,0.041110255,0.038744044
CEEMDAN_LSTM,BTC-USD,2026-06-28 16:45:00,0.041070655,0.03870864
CEEMDAN_LSTM,BTC-USD,2026-06-28 17:00:00,0.041033693,0.036548227
CEEMDAN_LSTM,BTC-USD,2026-06-28 17:15:00,0.040985245,0.036405332
CEEMDAN_LSTM,BTC-USD,2026-06-28 17:30:00,0.040649872,0.03639735
CEEMDAN_LSTM,BTC-USD,2026-06-28 17:45:00,0.040340997,0.036146645
CEEMDAN_LSTM,BTC-USD,2026-06-28 18:00:00,0.040217783,0.03568577
CEEMDAN_LSTM,BTC-USD,2026-06-28 18:15:00,0.040088445,0.035549548
CEEMDAN_LSTM,BTC-USD,2026-06-28 18:30:00,0.03994831,0.03489722
CEEMDAN_LSTM,BTC-USD,2026-06-28 18:45:00,0.039852362,0.033687543
CEEMDAN_LSTM,BTC-USD,2026-06-28 19:00:00,0.039695133,0.033667833
CEEMDAN_LSTM,BTC-USD,2026-06-28 19:15:00,0.039372858,0.03365096
CEEMDAN_LSTM,BTC-USD,2026-06-28 19:30:00,0.03911365,0.03369883
CEEMDAN_LSTM,BTC-USD,2026-06-28 19:45:00,0.03896618,0.03369713
CEEMDAN_LSTM,BTC-USD,2026-06-28 20:00:00,0.038927075,0.03380971
CEEMDAN_LSTM,BTC-USD,2026-06-28 20:15:00,0.03886817,0.03382351
CEEMDAN_LSTM,BTC-USD,2026-06-28 20:30:00,0.038803183,0.033804316
CEEMDAN_LSTM,BTC-USD,2026-06-28 20:45:00,0.038831707,0.033781946
CEEMDAN_LSTM,BTC-USD,2026-06-28 21:00:00,0.038884677,0.03356147
CEEMDAN_LSTM,BTC-USD,2026-06-28 21:15:00,0.038885124,0.03310157
CEEMDAN_LSTM,BTC-USD,2026-06-28 21:30:00,0.03881404,0.03263533
CEEMDAN_LSTM,BTC-USD,2026-06-28 21:45:00,0.03867964,0.03283606
CEEMDAN_LSTM,BTC-USD,2026-06-28 22:00:00,0.038518336,0.032843877
CEEMDAN_LSTM,BTC-USD,2026-06-28 22:15:00,0.03845833,0.033078745
CEEMDAN_LSTM,BTC-USD,2026-06-28 22:30:00,0.038334113,0.033366494
CEEMDAN_LSTM,BTC-USD,2026-06-28 22:45:00,0.03844134,0.03336389
CEEMDAN_LSTM,BTC-USD,2026-06-28 23:00:00,0.038626675,0.033271987
CEEMDAN_LSTM,BTC-USD,2026-06-28 23:15:00,0.03864387,0.033615585
CEEMDAN_LSTM,BTC-USD,2026-06-28 23:30:00,0.038508598,0.03371147
CEEMDAN_LSTM,BTC-USD,2026-06-28 23:45:00,0.03842819,0.033808872
CEEMDAN_LSTM,BTC-USD,2026-06-29 00:00:00,0.038507733,0.03379186
CEEMDAN_LSTM,BTC-USD,2026-06-29 00:15:00,0.03869037,0.034345604
CEEMDAN_LSTM,BTC-USD,2026-06-29 00:30:00,0.038786504,0.034417924
CEEMDAN_LSTM,BTC-USD,2026-06-29 00:45:00,0.039010733,0.034479376
CEEMDAN_LSTM,BTC-USD,2026-06-29 01:00:00,0.039025247,0.03462636
CEEMDAN_LSTM,BTC-USD,2026-06-29 01:15:00,0.03900358,0.0347622
CEEMDAN_LSTM,BTC-USD,2026-06-29 01:30:00,0.039200608,0.0348822
CEEMDAN_LSTM,BTC-USD,2026-06-29 01:45:00,0.039302614,0.03470687
CEEMDAN_LSTM,BTC-USD,2026-06-29 02:00:00,0.03925928,0.03531186
CEEMDAN_LSTM,BTC-USD,2026-06-29 02:15:00,0.03936089,0.036341235
CEEMDAN_LSTM,BTC-USD,2026-06-29 02:30:00,0.03953041,0.036546268
CEEMDAN_LSTM,BTC-USD,2026-06-29 02:45:00,0.039584856,0.03654092
CEEMDAN_LSTM,BTC-USD,2026-06-29 03:00:00,0.039795913,0.03676477
CEEMDAN_LSTM,BTC-USD,2026-06-29 03:15:00,0.03994269,0.036587745
CEEMDAN_LSTM,BTC-USD,2026-06-29 03:30:00,0.0399574,0.035457794
CEEMDAN_LSTM,BTC-USD,2026-06-29 03:45:00,0.04000799,0.035506357
CEEMDAN_LSTM,BTC-USD,2026-06-29 04:00:00,0.03991,0.03553135
CEEMDAN_LSTM,BTC-USD,2026-06-29 04:15:00,0.039696783,0.035383943
CEEMDAN_LSTM,BTC-USD,2026-06-29 04:30:00,0.0396556,0.034049943
CEEMDAN_LSTM,BTC-USD,2026-06-29 04:45:00,0.039606594,0.032163262
CEEMDAN_LSTM,BTC-USD,2026-06-29 05:00:00,0.039386176,0.032425575
CEEMDAN_LSTM,BTC-USD,2026-06-29 05:15:00,0.03881414,0.03250422
CEEMDAN_LSTM,BTC-USD,2026-06-29 05:30:00,0.038417634,0.031775054
CEEMDAN_LSTM,BTC-USD,2026-06-29 05:45:00,0.03815946,0.03191339
CEEMDAN_LSTM,BTC-USD,2026-06-29 06:00:00,0.037828974,0.031693697
CEEMDAN_LSTM,BTC-USD,2026-06-29 06:15:00,0.037593357,0.031143004
CEEMDAN_LSTM,BTC-USD,2026-06-29 06:30:00,0.03750964,0.030911839
CEEMDAN_LSTM,BTC-USD,2026-06-29 06:45:00,0.037380137,0.030871859
CEEMDAN_LSTM,BTC-USD,2026-06-29 07:00:00,0.037237342,0.03076318
CEEMDAN_LSTM,BTC-USD,2026-06-29 07:15:00,0.03709645,0.030687084
CEEMDAN_LSTM,BTC-USD,2026-06-29 07:30:00,0.03697479,0.030696439
CEEMDAN_LSTM,BTC-USD,2026-06-29 07:45:00,0.036861528,0.030698169
CEEMDAN_LSTM,BTC-USD,2026-06-29 08:00:00,0.036805987,0.030598389
CEEMDAN_LSTM,BTC-USD,2026-06-29 08:15:00,0.036772016,0.030660154
CEEMDAN_LSTM,BTC-USD,2026-06-29 08:30:00,0.036749955,0.03061229
CEEMDAN_LSTM,BTC-USD,2026-06-29 08:45:00,0.036755282,0.030609082
CEEMDAN_LSTM,BTC-USD,2026-06-29 09:00:00,0.036709297,0.030655982
CEEMDAN_LSTM,BTC-USD,2026-06-29 09:15:00,0.036674663,0.030373013
CEEMDAN_LSTM,BTC-USD,2026-06-29 09:30:00,0.03661165,0.030353822
CEEMDAN_LSTM,BTC-USD,2026-06-29 09:45:00,0.03656467,0.030350622
CEEMDAN_LSTM,BTC-USD,2026-06-29 10:00:00,0.03646134,0.029929893
CEEMDAN_LSTM,BTC-USD,2026-06-29 10:15:00,0.03634367,0.029900188
CEEMDAN_LSTM,BTC-USD,2026-06-29 10:30:00,0.036108676,0.02991949
CEEMDAN_LSTM,BTC-USD,2026-06-29 10:45:00,0.035976827,0.029908065
CEEMDAN_LSTM,BTC-USD,2026-06-29 11:00:00,0.035981823,0.029956855
CEEMDAN_LSTM,BTC-USD,2026-06-29 11:15:00,0.035998095,0.029950902
CEEMDAN_LSTM,BTC-USD,2026-06-29 11:30:00,0.03605079,0.029949723
CEEMDAN_LSTM,BTC-USD,2026-06-29 11:45:00,0.0360205,0.029967101
CEEMDAN_LSTM,BTC-USD,2026-06-29 12:00:00,0.03609202,0.03216375
CEEMDAN_LSTM,BTC-USD,2026-06-29 12:15:00,0.036016252,0.03234084
CEEMDAN_LSTM,BTC-USD,2026-06-29 12:30:00,0.03630525,0.033306893
CEEMDAN_LSTM,BTC-USD,2026-06-29 12:45:00,0.03709638,0.0332803
CEEMDAN_LSTM,BTC-USD,2026-06-29 13:00:00,0.037834074,0.03354991
CEEMDAN_LSTM,BTC-USD,2026-06-29 13:15:00,0.03815688,0.03376035
CEEMDAN_LSTM,BTC-USD,2026-06-29 13:30:00,0.038209993,0.034705725
CEEMDAN_LSTM,BTC-USD,2026-06-29 13:45:00,0.038508613,0.034685828
CEEMDAN_LSTM,BTC-USD,2026-06-29 14:00:00,0.03890813,0.035628814
CEEMDAN_LSTM,BTC-USD,2026-06-29 14:15:00,0.03907259,0.036266252
CEEMDAN_LSTM,BTC-USD,2026-06-29 14:30:00,0.0393671,0.03633295
CEEMDAN_LSTM,BTC-USD,2026-06-29 14:45:00,0.0395036,0.036396958
CEEMDAN_LSTM,BTC-USD,2026-06-29 15:00:00,0.039708294,0.03656166
CEEMDAN_LSTM,BTC-USD,2026-06-29 15:15:00,0.039804574,0.03677903
CEEMDAN_LSTM,BTC-USD,2026-06-29 15:30:00,0.039923303,0.037173774
CEEMDAN_LSTM,BTC-USD,2026-06-29 15:45:00,0.039896205,0.03714506
CEEMDAN_LSTM,BTC-USD,2026-06-29 16:00:00,0.039966933,0.0371329
CEEMDAN_LSTM,BTC-USD,2026-06-29 16:15:00,0.040133342,0.03718231
CEEMDAN_LSTM,BTC-USD,2026-06-29 16:30:00,0.040233474,0.037447523
CEEMDAN_LSTM,BTC-USD,2026-06-29 16:45:00,0.040224772,0.037448205
CEEMDAN_LSTM,BTC-USD,2026-06-29 17:00:00,0.04018503,0.038546305
CEEMDAN_LSTM,BTC-USD,2026-06-29 17:15:00,0.040168077,0.0384514
CEEMDAN_LSTM,BTC-USD,2026-06-29 17:30:00,0.040256783,0.03847773
CEEMDAN_LSTM,BTC-USD,2026-06-29 17:45:00,0.04045351,0.038647853
CEEMDAN_LSTM,BTC-USD,2026-06-29 18:00:00,0.04058678,0.038638115
CEEMDAN_LSTM,BTC-USD,2026-06-29 18:15:00,0.040706173,0.038775407
CEEMDAN_LSTM,BTC-USD,2026-06-29 18:30:00,0.040743925,0.038774595
CEEMDAN_LSTM,BTC-USD,2026-06-29 18:45:00,0.0408194,0.038775813
CEEMDAN_LSTM,BTC-USD,2026-06-29 19:00:00,0.040793277,0.03876607
CEEMDAN_LSTM,BTC-USD,2026-06-29 19:15:00,0.040793516,0.03902505
CEEMDAN_LSTM,BTC-USD,2026-06-29 19:30:00,0.040771708,0.039023135
CEEMDAN_LSTM,BTC-USD,2026-06-29 19:45:00,0.040748715,0.03897074
CEEMDAN_LSTM,BTC-USD,2026-06-29 20:00:00,0.040821068,0.038956888
CEEMDAN_LSTM,BTC-USD,2026-06-29 20:15:00,0.040854465,0.038882766
CEEMDAN_LSTM,BTC-USD,2026-06-29 20:30:00,0.040858906,0.038866833
CEEMDAN_LSTM,BTC-USD,2026-06-29 20:45:00,0.040845484,0.038922254
CEEMDAN_LSTM,BTC-USD,2026-06-29 21:00:00,0.04083962,0.03894797
CEEMDAN_LSTM,BTC-USD,2026-06-29 21:15:00,0.040835608,0.03895471
CEEMDAN_LSTM,BTC-USD,2026-06-29 21:30:00,0.040805303,0.038840618
CEEMDAN_LSTM,BTC-USD,2026-06-29 21:45:00,0.040805504,0.038836364
CEEMDAN_LSTM,BTC-USD,2026-06-29 22:00:00,0.040765014,0.03883038
CEEMDAN_LSTM,BTC-USD,2026-06-29 22:15:00,0.040771294,0.038789894
CEEMDAN_LSTM,BTC-USD,2026-06-29 22:30:00,0.04079202,0.038799305
CEEMDAN_LSTM,BTC-USD,2026-06-29 22:45:00,0.04079993,0.0387618
CEEMDAN_LSTM,BTC-USD,2026-06-29 23:00:00,0.04081582,0.03874459
CEEMDAN_LSTM,BTC-USD,2026-06-29 23:15:00,0.040806722,0.038785435
CEEMDAN_LSTM,BTC-USD,2026-06-29 23:30:00,0.040801506,0.038767308
CEEMDAN_LSTM,BTC-USD,2026-06-29 23:45:00,0.04081275,0.038747013
CEEMDAN_LSTM,BTC-USD,2026-06-30 00:00:00,0.04079121,0.03873007
CEEMDAN_LSTM,BTC-USD,2026-06-30 00:15:00,0.040788658,0.03897252
CEEMDAN_LSTM,BTC-USD,2026-06-30 00:30:00,0.040835414,0.03906174
CEEMDAN_LSTM,BTC-USD,2026-06-30 00:45:00,0.040939637,0.03907597
CEEMDAN_LSTM,BTC-USD,2026-06-30 01:00:00,0.04095024,0.039061856
CEEMDAN_LSTM,BTC-USD,2026-06-30 01:15:00,0.040907644,0.03921995
CEEMDAN_LSTM,BTC-USD,2026-06-30 01:30:00,0.040857557,0.039361984
CEEMDAN_LSTM,BTC-USD,2026-06-30 01:45:00,0.040870443,0.039402995
CEEMDAN_LSTM,BTC-USD,2026-06-30 02:00:00,0.040959787,0.039483972
CEEMDAN_LSTM,BTC-USD,2026-06-30 02:15:00,0.040983107,0.03953822
CEEMDAN_LSTM,BTC-USD,2026-06-30 02:30:00,0.04100703,0.039542038
CEEMDAN_LSTM,BTC-USD,2026-06-30 02:45:00,0.040975824,0.039522327
CEEMDAN_LSTM,BTC-USD,2026-06-30 03:00:00,0.04101315,0.039513264
CEEMDAN_LSTM,BTC-USD,2026-06-30 03:15:00,0.041047323,0.039511893
CEEMDAN_LSTM,BTC-USD,2026-06-30 03:30:00,0.04104921,0.039561447
CEEMDAN_LSTM,BTC-USD,2026-06-30 03:45:00,0.041059084,0.039572366
CEEMDAN_LSTM,BTC-USD,2026-06-30 04:00:00,0.041096684,0.03958548
CEEMDAN_LSTM,BTC-USD,2026-06-30 04:15:00,0.041116,0.039580718
CEEMDAN_LSTM,BTC-USD,2026-06-30 04:30:00,0.041103385,0.03953706
CEEMDAN_LSTM,BTC-USD,2026-06-30 04:45:00,0.041066576,0.03958424
CEEMDAN_LSTM,BTC-USD,2026-06-30 05:00:00,0.041055366,0.039566852
CEEMDAN_LSTM,BTC-USD,2026-06-30 05:15:00,0.04109388,0.039553527
CEEMDAN_LSTM,BTC-USD,2026-06-30 05:30:00,0.041095253,0.03964828
CEEMDAN_LSTM,BTC-USD,2026-06-30 05:45:00,0.04105069,0.039679144
CEEMDAN_LSTM,BTC-USD,2026-06-30 06:00:00,0.041001827,0.03943671
CEEMDAN_LSTM,BTC-USD,2026-06-30 06:15:00,0.04103739,0.039483048
CEEMDAN_LSTM,BTC-USD,2026-06-30 06:30:00,0.041017,0.039542563
CEEMDAN_LSTM,BTC-USD,2026-06-30 06:45:00,0.040992513,0.03953524
CEEMDAN_LSTM,BTC-USD,2026-06-30 07:00:00,0.04102863,0.039542485
CEEMDAN_LSTM,BTC-USD,2026-06-30 07:15:00,0.04102843,0.039540883
CEEMDAN_LSTM,BTC-USD,2026-06-30 07:30:00,0.04104158,0.03952813
CEEMDAN_LSTM,BTC-USD,2026-06-30 07:45:00,0.041014206,0.03952756
CEEMDAN_LSTM,BTC-USD,2026-06-30 08:00:00,0.04097891,0.03936687
CEEMDAN_LSTM,BTC-USD,2026-06-30 08:15:00,0.040991016,0.03936764
CEEMDAN_LSTM,BTC-USD,2026-06-30 08:30:00,0.040992916,0.039422557
CEEMDAN_LSTM,BTC-USD,2026-06-30 08:45:00,0.040991224,0.039412845
CEEMDAN_LSTM,BTC-USD,2026-06-30 09:00:00,0.0410001,0.03941819
CEEMDAN_LSTM,BTC-USD,2026-06-30 09:15:00,0.040966094,0.039424125
CEEMDAN_LSTM,BTC-USD,2026-06-30 09:30:00,0.040967636,0.039432235
CEEMDAN_LSTM,BTC-USD,2026-06-30 09:45:00,0.040979266,0.039432045
CEEMDAN_LSTM,BTC-USD,2026-06-30 10:00:00,0.040964726,0.03942925
CEEMDAN_LSTM,BTC-USD,2026-06-30 10:15:00,0.04096931,0.03916624
CEEMDAN_LSTM,BTC-USD,2026-06-30 10:30:00,0.040971473,0.039117057
CEEMDAN_LSTM,BTC-USD,2026-06-30 10:45:00,0.040921543,0.039116517
CEEMDAN_LSTM,BTC-USD,2026-06-30 11:00:00,0.04087236,0.03909854
CEEMDAN_LSTM,BTC-USD,2026-06-30 11:15:00,0.040821686,0.039196756
CEEMDAN_LSTM,BTC-USD,2026-06-30 11:30:00,0.04081216,0.039198563
CEEMDAN_LSTM,BTC-USD,2026-06-30 11:45:00,0.040857192,0.039207112
CEEMDAN_LSTM,BTC-USD,2026-06-30 12:00:00,0.040851597,0.03928548
CEEMDAN_LSTM,BTC-USD,2026-06-30 12:15:00,0.040899236,0.039338596
CEEMDAN_LSTM,BTC-USD,2026-06-30 12:30:00,0.04097496,0.03920857
CEEMDAN_LSTM,BTC-USD,2026-06-30 12:45:00,0.040985703,0.039923422
CEEMDAN_LSTM,BTC-USD,2026-06-30 13:00:00,0.041015904,0.039923202
CEEMDAN_LSTM,BTC-USD,2026-06-30 13:15:00,0.041164972,0.0399352
CEEMDAN_LSTM,BTC-USD,2026-06-30 13:30:00,0.041128136,0.03994326
CEEMDAN_LSTM,BTC-USD,2026-06-30 13:45:00,0.041084312,0.04003608
CEEMDAN_LSTM,BTC-USD,2026-06-30 14:00:00,0.041031692,0.040181655
CEEMDAN_LSTM,BTC-USD,2026-06-30 14:15:00,0.040967405,0.04017613
CEEMDAN_LSTM,BTC-USD,2026-06-30 14:30:00,0.040992524,0.040208552
CEEMDAN_LSTM,BTC-USD,2026-06-30 14:45:00,0.04111411,0.04087439
CEEMDAN_LSTM,BTC-USD,2026-06-30 15:00:00,0.041288007,0.040836018
CEEMDAN_LSTM,BTC-USD,2026-06-30 15:15:00,0.041473404,0.040841203
CEEMDAN_LSTM,BTC-USD,2026-06-30 15:30:00,0.041469254,0.040854663
CEEMDAN_LSTM,BTC-USD,2026-06-30 15:45:00,0.04142681,0.04086039
CEEMDAN_LSTM,BTC-USD,2026-06-30 16:00:00,0.04141914,0.040856514
CEEMDAN_LSTM,BTC-USD,2026-06-30 16:15:00,0.04142822,0.040827878
CEEMDAN_LSTM,BTC-USD,2026-06-30 16:30:00,0.04142527,0.040814955
CEEMDAN_LSTM,BTC-USD,2026-06-30 16:45:00,0.041412164,0.04094118
CEEMDAN_LSTM,BTC-USD,2026-06-30 17:00:00,0.041328717,0.0409462
CEEMDAN_LSTM,BTC-USD,2026-06-30 17:15:00,0.041323904,0.040858287
CEEMDAN_LSTM,BTC-USD,2026-06-30 17:30:00,0.0413811,0.040854868
CEEMDAN_LSTM,BTC-USD,2026-06-30 17:45:00,0.041372772,0.04086486
CEEMDAN_LSTM,BTC-USD,2026-06-30 18:00:00,0.041350514,0.0408182
CEEMDAN_LSTM,BTC-USD,2026-06-30 18:15:00,0.041327648,0.040833674
CEEMDAN_LSTM,BTC-USD,2026-06-30 18:30:00,0.041306086,0.040839285
CEEMDAN_LSTM,BTC-USD,2026-06-30 18:45:00,0.04132727,0.041037206
CEEMDAN_LSTM,BTC-USD,2026-06-30 19:00:00,0.041310176,0.04103615
CEEMDAN_LSTM,BTC-USD,2026-06-30 19:15:00,0.041318737,0.04103792
CEEMDAN_LSTM,BTC-USD,2026-06-30 19:30:00,0.04137416,0.041067254
CEEMDAN_LSTM,BTC-USD,2026-06-30 19:45:00,0.041365843,0.04108176
CEEMDAN_LSTM,BTC-USD,2026-06-30 20:00:00,0.041343875,0.04105016
CEEMDAN_LSTM,BTC-USD,2026-06-30 20:15:00,0.041344427,0.04101582
CEEMDAN_LSTM,BTC-USD,2026-06-30 20:30:00,0.041386716,0.041014053
CEEMDAN_LSTM,BTC-USD,2026-06-30 20:45:00,0.041431528,0.041018546
CEEMDAN_LSTM,BTC-USD,2026-06-30 21:00:00,0.04139654,0.041023046
CEEMDAN_LSTM,BTC-USD,2026-06-30 21:15:00,0.04138427,0.040996514
CEEMDAN_LSTM,BTC-USD,2026-06-30 21:30:00,0.04139922,0.04099084
CEEMDAN_LSTM,BTC-USD,2026-06-30 21:45:00,0.041365735,0.040993486
CEEMDAN_LSTM,BTC-USD,2026-06-30 22:00:00,0.041336685,0.04095483
CEEMDAN_LSTM,BTC-USD,2026-06-30 22:15:00,0.04130397,0.040973254
CEEMDAN_LSTM,BTC-USD,2026-06-30 22:30:00,0.041310456,0.04093173
CEEMDAN_LSTM,BTC-USD,2026-06-30 22:45:00,0.04134792,0.040932562
CEEMDAN_LSTM,BTC-USD,2026-06-30 23:00:00,0.04133258,0.040929485
CEEMDAN_LSTM,BTC-USD,2026-06-30 23:15:00,0.041311733,0.04092201
CEEMDAN_LSTM,BTC-USD,2026-06-30 23:30:00,0.04130156,0.040739164
CEEMDAN_LSTM,BTC-USD,2026-06-30 23:45:00,0.041295122,0.040722545
CEEMDAN_LSTM,BTC-USD,2026-07-01 00:00:00,0.041257244,0.04072505
CEEMDAN_LSTM,BTC-USD,2026-07-01 00:15:00,0.041226055,0.040929455
CEEMDAN_LSTM,BTC-USD,2026-07-01 00:30:00,0.04128818,0.040951192
CEEMDAN_LSTM,BTC-USD,2026-07-01 00:45:00,0.041352186,0.040955488
CEEMDAN_LSTM,BTC-USD,2026-07-01 01:00:00,0.041294213,0.04160323
CEEMDAN_LSTM,BTC-USD,2026-07-01 01:15:00,0.04138099,0.041685913
CEEMDAN_LSTM,BTC-USD,2026-07-01 01:30:00,0.041521724,0.04273901
CEEMDAN_LSTM,BTC-USD,2026-07-01 01:45:00,0.041375227,0.04278489
CEEMDAN_LSTM,BTC-USD,2026-07-01 02:00:00,0.04157347,0.0427822
CEEMDAN_LSTM,BTC-USD,2026-07-01 02:15:00,0.04181926,0.042736143
CEEMDAN_LSTM,BTC-USD,2026-07-01 02:30:00,0.041831456,0.04286819
CEEMDAN_LSTM,BTC-USD,2026-07-01 02:45:00,0.04176832,0.042867698
CEEMDAN_LSTM,BTC-USD,2026-07-01 03:00:00,0.041818827,0.042887516
CEEMDAN_LSTM,BTC-USD,2026-07-01 03:15:00,0.04191575,0.042902816
CEEMDAN_LSTM,BTC-USD,2026-07-01 03:30:00,0.04196892,0.04287862
CEEMDAN_LSTM,BTC-USD,2026-07-01 03:45:00,0.041957635,0.043098036
CEEMDAN_LSTM,BTC-USD,2026-07-01 04:00:00,0.041850712,0.043019507
CEEMDAN_LSTM,BTC-USD,2026-07-01 04:15:00,0.04188428,0.043108795
CEEMDAN_LSTM,BTC-USD,2026-07-01 04:30:00,0.04190506,0.043133743
CEEMDAN_LSTM,BTC-USD,2026-07-01 04:45:00,0.041900683,0.043126818
CEEMDAN_LSTM,BTC-USD,2026-07-01 05:00:00,0.041954722,0.043091126
CEEMDAN_LSTM,BTC-USD,2026-07-01 05:15:00,0.04199214,0.043132972
CEEMDAN_LSTM,BTC-USD,2026-07-01 05:30:00,0.04201709,0.043129027
CEEMDAN_LSTM,BTC-USD,2026-07-01 05:45:00,0.042015042,0.04311394
CEEMDAN_LSTM,BTC-USD,2026-07-01 06:00:00,0.04200134,0.04323774
CEEMDAN_LSTM,BTC-USD,2026-07-01 06:15:00,0.04205444,0.04331548
CEEMDAN_LSTM,BTC-USD,2026-07-01 06:30:00,0.04212563,0.043326285
CEEMDAN_LSTM,BTC-USD,2026-07-01 06:45:00,0.042136654,0.04332064
CEEMDAN_LSTM,BTC-USD,2026-07-01 07:00:00,0.0420823,0.043329123
CEEMDAN_LSTM,BTC-USD,2026-07-01 07:15:00,0.042060412,0.043326803
CEEMDAN_LSTM,BTC-USD,2026-07-01 07:30:00,0.042037766,0.043279458
CEEMDAN_LSTM,BTC-USD,2026-07-01 07:45:00,0.04202969,0.043289226
CEEMDAN_LSTM,BTC-USD,2026-07-01 08:00:00,0.042002555,0.04329891
CEEMDAN_LSTM,BTC-USD,2026-07-01 08:15:00,0.042002983,0.04331384
CEEMDAN_LSTM,BTC-USD,2026-07-01 08:30:00,0.04203525,0.04334757
CEEMDAN_LSTM,BTC-USD,2026-07-01 08:45:00,0.041996118,0.043540943
CEEMDAN_LSTM,BTC-USD,2026-07-01 09:00:00,0.041905914,0.043528255
CEEMDAN_LSTM,BTC-USD,2026-07-01 09:15:00,0.041954476,0.043537017
CEEMDAN_LSTM,BTC-USD,2026-07-01 09:30:00,0.042048536,0.043537073
CEEMDAN_LSTM,BTC-USD,2026-07-01 09:45:00,0.042078022,0.04354924
CEEMDAN_LSTM,BTC-USD,2026-07-01 10:00:00,0.042052828,0.043625537
CEEMDAN_LSTM,BTC-USD,2026-07-01 10:15:00,0.042100437,0.043619387
CEEMDAN_LSTM,BTC-USD,2026-07-01 10:30:00,0.042132843,0.04363506
CEEMDAN_LSTM,BTC-USD,2026-07-01 10:45:00,0.04214123,0.04363495
CEEMDAN_LSTM,BTC-USD,2026-07-01 11:00:00,0.042115454,0.04354489
CEEMDAN_LSTM,BTC-USD,2026-07-01 11:15:00,0.04206537,0.043532576
CEEMDAN_LSTM,BTC-USD,2026-07-01 11:30:00,0.04203917,0.043527182
CEEMDAN_LSTM,BTC-USD,2026-07-01 11:45:00,0.042039625,0.04353934
CEEMDAN_LSTM,BTC-USD,2026-07-01 12:00:00,0.04205014,0.043624036
CEEMDAN_LSTM,BTC-USD,2026-07-01 12:15:00,0.042104818,0.043667536
CEEMDAN_LSTM,BTC-USD,2026-07-01 12:30:00,0.042084355,0.043738276
CEEMDAN_LSTM,BTC-USD,2026-07-01 12:45:00,0.042105332,0.043638565
CEEMDAN_LSTM,BTC-USD,2026-07-01 13:00:00,0.04208763,0.043579016
CEEMDAN_LSTM,BTC-USD,2026-07-01 13:15:00,0.042000607,0.04347917
CEEMDAN_LSTM,BTC-USD,2026-07-01 13:30:00,0.04194591,0.043381076
CEEMDAN_LSTM,BTC-USD,2026-07-01 13:45:00,0.04189532,0.04412566
CEEMDAN_LSTM,BTC-USD,2026-07-01 14:00:00,0.04176473,0.04469907
CEEMDAN_LSTM,BTC-USD,2026-07-01 14:15:00,0.041779865,0.0445434
CEEMDAN_LSTM,BTC-USD,2026-07-01 14:30:00,0.042111304,0.044558194
CEEMDAN_LSTM,BTC-USD,2026-07-01 14:45:00,0.042338703,0.04449651
CEEMDAN_LSTM,BTC-USD,2026-07-01 15:00:00,0.042382378,0.04497503
CEEMDAN_LSTM,BTC-USD,2026-07-01 15:15:00,0.04221276,0.044996623
CEEMDAN_LSTM,BTC-USD,2026-07-01 15:30:00,0.04214557,0.044923805
CEEMDAN_LSTM,BTC-USD,2026-07-01 15:45:00,0.042284522,0.044683628
CEEMDAN_LSTM,BTC-USD,2026-07-01 16:00:00,0.042407792,0.0445669
CEEMDAN_LSTM,BTC-USD,2026-07-01 16:15:00,0.042377025,0.044455267
CEEMDAN_LSTM,BTC-USD,2026-07-01 16:30:00,0.04231018,0.0442788
CEEMDAN_LSTM,BTC-USD,2026-07-01 16:45:00,0.042280614,0.04432944
CEEMDAN_LSTM,BTC-USD,2026-07-01 17:00:00,0.042283084,0.043748762
CEEMDAN_LSTM,BTC-USD,2026-07-01 17:15:00,0.042278297,0.043090615
CEEMDAN_LSTM,BTC-USD,2026-07-01 17:30:00,0.042064648,0.042916488
CEEMDAN_LSTM,BTC-USD,2026-07-01 17:45:00,0.04185496,0.042919967
CEEMDAN_LSTM,BTC-USD,2026-07-01 18:00:00,0.041769534,0.042761646
CEEMDAN_LSTM,BTC-USD,2026-07-01 18:15:00,0.041772533,0.042684484
CEEMDAN_LSTM,BTC-USD,2026-07-01 18:30:00,0.041733526,0.042507824
CEEMDAN_LSTM,BTC-USD,2026-07-01 18:45:00,0.041652508,0.042469017
CEEMDAN_LSTM,BTC-USD,2026-07-01 19:00:00,0.041605853,0.042452086
CEEMDAN_LSTM,BTC-USD,2026-07-01 19:15:00,0.04155624,0.042497896
CEEMDAN_LSTM,BTC-USD,2026-07-01 19:30:00,0.04155235,0.042470172
CEEMDAN_LSTM,BTC-USD,2026-07-01 19:45:00,0.04157058,0.04258186
CEEMDAN_LSTM,BTC-USD,2026-07-01 20:00:00,0.041599248,0.042289823
CEEMDAN_LSTM,BTC-USD,2026-07-01 20:15:00,0.04164157,0.04221286
CEEMDAN_LSTM,BTC-USD,2026-07-01 20:30:00,0.041576274,0.042045213
CEEMDAN_LSTM,BTC-USD,2026-07-01 20:45:00,0.041502535,0.041964237
CEEMDAN_LSTM,BTC-USD,2026-07-01 21:00:00,0.04141708,0.042249806
CEEMDAN_LSTM,BTC-USD,2026-07-01 21:15:00,0.04130872,0.042269967
CEEMDAN_LSTM,BTC-USD,2026-07-01 21:30:00,0.0413094,0.04251953
CEEMDAN_LSTM,BTC-USD,2026-07-01 21:45:00,0.041321386,0.04251956
CEEMDAN_LSTM,BTC-USD,2026-07-01 22:00:00,0.041392926,0.04251961
CEEMDAN_LSTM,BTC-USD,2026-07-01 22:15:00,0.041496217,0.042739656
CEEMDAN_LSTM,BTC-USD,2026-07-01 22:30:00,0.041604232,0.042746723
CEEMDAN_LSTM,BTC-USD,2026-07-01 22:45:00,0.041699536,0.042744
CEEMDAN_LSTM,BTC-USD,2026-07-01 23:00:00,0.04168406,0.042912185
CEEMDAN_LSTM,BTC-USD,2026-07-01 23:15:00,0.04171465,0.042867806
CEEMDAN_LSTM,BTC-USD,2026-07-01 23:30:00,0.041760582,0.042875297
CEEMDAN_LSTM,BTC-USD,2026-07-01 23:45:00,0.041745335,0.042920243
CEEMDAN_LSTM,BTC-USD,2026-07-02 00:00:00,0.04176586,0.042900983
CEEMDAN_LSTM,BTC-USD,2026-07-02 00:15:00,0.04179318,0.042987753
CEEMDAN_LSTM,BTC-USD,2026-07-02 00:30:00,0.041810546,0.043066002
CEEMDAN_LSTM,BTC-USD,2026-07-02 00:45:00,0.04184999,0.043081082
CEEMDAN_LSTM,BTC-USD,2026-07-02 01:00:00,0.04180392,0.043078255
CEEMDAN_LSTM,BTC-USD,2026-07-02 01:15:00,0.04171356,0.043108024
CEEMDAN_LSTM,BTC-USD,2026-07-02 01:30:00,0.04168217,0.043192253
CEEMDAN_LSTM,BTC-USD,2026-07-02 01:45:00,0.041666154,0.043187503
CEEMDAN_LSTM,BTC-USD,2026-07-02 02:00:00,0.041710213,0.04313086
CEEMDAN_LSTM,BTC-USD,2026-07-02 02:15:00,0.041781288,0.043137204
CEEMDAN_LSTM,BTC-USD,2026-07-02 02:30:00,0.041778795,0.043210197
CEEMDAN_LSTM,BTC-USD,2026-07-02 02:45:00,0.041719664,0.04318469
CEEMDAN_LSTM,BTC-USD,2026-07-02 03:00:00,0.041718263,0.041572176
CEEMDAN_LSTM,BTC-USD,2026-07-02 03:15:00,0.04173286,0.041417368
CEEMDAN_LSTM,BTC-USD,2026-07-02 03:30:00,0.041428596,0.040776815
CEEMDAN_LSTM,BTC-USD,2026-07-02 03:45:00,0.04118355,0.040978126
CEEMDAN_LSTM,BTC-USD,2026-07-02 04:00:00,0.040939678,0.0408123
CEEMDAN_LSTM,BTC-USD,2026-07-02 04:15:00,0.040916346,0.040656567
CEEMDAN_LSTM,BTC-USD,2026-07-02 04:30:00,0.040983744,0.039847463
