model_name,asset_symbol,timestamp,predicted_value,real_value
GARCH,BTC-USD,2026-06-03 07:30:00,0.051909957716752934,0.04294592275711449
GARCH,BTC-USD,2026-06-03 07:45:00,0.048777940923315985,0.042985434972964344
GARCH,BTC-USD,2026-06-03 08:00:00,0.04791668154746734,0.0429614575079944
GARCH,BTC-USD,2026-06-03 08:15:00,0.04433641237698702,0.04292363794905344
GARCH,BTC-USD,2026-06-03 08:30:00,0.042133112103530865,0.042927786922220997
GARCH,BTC-USD,2026-06-03 08:45:00,0.039917056384256557,0.04292629216061696
GARCH,BTC-USD,2026-06-03 09:00:00,0.03783788881039013,0.04295788046679885
GARCH,BTC-USD,2026-06-03 09:15:00,0.03798779610122365,0.042969044402447025
GARCH,BTC-USD,2026-06-03 09:30:00,0.03639927881779564,0.04332636229958294
GARCH,BTC-USD,2026-06-03 09:45:00,0.0480642581166798,0.043480653886366016
GARCH,BTC-USD,2026-06-03 10:00:00,0.04645570818805026,0.04348060166233844
GARCH,BTC-USD,2026-06-03 10:15:00,0.04309286570037487,0.04348771309415222
GARCH,BTC-USD,2026-06-03 10:30:00,0.04122774563829296,0.04349506049278874
GARCH,BTC-USD,2026-06-03 10:45:00,0.03883739320672844,0.043454718968538746
GARCH,BTC-USD,2026-06-03 11:00:00,0.03693571579474436,0.04345486662342273
GARCH,BTC-USD,2026-06-03 11:15:00,0.034602070560723036,0.04351619445087257
GARCH,BTC-USD,2026-06-03 11:30:00,0.037320276482981585,0.043519792864039446
GARCH,BTC-USD,2026-06-03 11:45:00,0.034821988641729945,0.043530285225924316
GARCH,BTC-USD,2026-06-03 12:00:00,0.03425003654368653,0.04354959921576038
GARCH,BTC-USD,2026-06-03 12:15:00,0.03230694822844776,0.04352448142842468
GARCH,BTC-USD,2026-06-03 12:30:00,0.03128552514925879,0.04350412938393728
GARCH,BTC-USD,2026-06-03 12:45:00,0.031472254301729535,0.043509258722546525
GARCH,BTC-USD,2026-06-03 13:00:00,0.029302058493401298,0.04367683898795674
GARCH,BTC-USD,2026-06-03 13:15:00,0.039396640842559824,0.043677784265036684
GARCH,BTC-USD,2026-06-03 13:30:00,0.034479688640200075,0.04373134919436287
GARCH,BTC-USD,2026-06-03 13:45:00,0.03564114417373449,0.043731706206973725
GARCH,BTC-USD,2026-06-03 14:00:00,0.032511239326687154,0.04373778477230298
GARCH,BTC-USD,2026-06-03 14:15:00,0.03301388322786604,0.04363823222789613
GARCH,BTC-USD,2026-06-03 14:30:00,0.03067294303966563,0.04365914100107453
GARCH,BTC-USD,2026-06-03 14:45:00,0.031492874106847014,0.04386470673390372
GARCH,BTC-USD,2026-06-03 15:00:00,0.04454847128101793,0.043820146237017736
GARCH,BTC-USD,2026-06-03 15:15:00,0.0377798956428854,0.04399133591041832
GARCH,BTC-USD,2026-06-03 15:30:00,0.0468333214126753,0.04408145833911682
GARCH,BTC-USD,2026-06-03 15:45:00,0.04607151617444577,0.04394293099009699
GARCH,BTC-USD,2026-06-03 16:00:00,0.04316853438704144,0.04465603717606251
GARCH,BTC-USD,2026-06-03 16:15:00,0.06926425494703477,0.04494605337745734
GARCH,BTC-USD,2026-06-03 16:30:00,0.0638965497995435,0.0449541409801006
GARCH,BTC-USD,2026-06-03 16:45:00,0.061620325982835296,0.045045892810581266
GARCH,BTC-USD,2026-06-03 17:00:00,0.06702277565702332,0.04523264745632608
GARCH,BTC-USD,2026-06-03 17:15:00,0.06411971770028983,0.045162965741861995
GARCH,BTC-USD,2026-06-03 17:30:00,0.061531215316079656,0.045190012803271486
GARCH,BTC-USD,2026-06-03 17:45:00,0.05862673093533924,0.04516038107629286
GARCH,BTC-USD,2026-06-03 18:00:00,0.05444503326597983,0.04515381722021658
GARCH,BTC-USD,2026-06-03 18:15:00,0.0514477900527193,0.04522361023832445
GARCH,BTC-USD,2026-06-03 18:30:00,0.04991905529955345,0.04521766160351241
GARCH,BTC-USD,2026-06-03 18:45:00,0.04615693604331876,0.045191383706100624
GARCH,BTC-USD,2026-06-03 19:00:00,0.04422345793300711,0.04532102282742818
GARCH,BTC-USD,2026-06-03 19:15:00,0.051169782683526066,0.04534013106393563
GARCH,BTC-USD,2026-06-03 19:30:00,0.045868539158035716,0.04553251772196108
GARCH,BTC-USD,2026-06-03 19:45:00,0.05399642591238073,0.04559538919093936
GARCH,BTC-USD,2026-06-03 20:00:00,0.048707224477126006,0.04554728042928128
GARCH,BTC-USD,2026-06-03 20:15:00,0.04636372159393129,0.04578077970420645
GARCH,BTC-USD,2026-06-03 20:30:00,0.05596003872335376,0.045846353715051774
GARCH,BTC-USD,2026-06-03 20:45:00,0.05253585646251712,0.046321473157372776
GARCH,BTC-USD,2026-06-03 21:00:00,0.06340212061285684,0.046358414712911515
GARCH,BTC-USD,2026-06-03 21:15:00,0.05584498585985542,0.04631786433792307
GARCH,BTC-USD,2026-06-03 21:30:00,0.05342909823077494,0.04645502257379776
GARCH,BTC-USD,2026-06-03 21:45:00,0.05546857370027958,0.04686683246288908
GARCH,BTC-USD,2026-06-03 22:00:00,0.06634966557343827,0.0468798960474213
GARCH,BTC-USD,2026-06-03 22:15:00,0.059471261563855876,0.04689337838019788
GARCH,BTC-USD,2026-06-03 22:30:00,0.05752385217833377,0.04691600380227392
GARCH,BTC-USD,2026-06-03 22:45:00,0.05583786250576248,0.047100018354605845
GARCH,BTC-USD,2026-06-03 23:00:00,0.06044992353495922,0.0471164022127725
GARCH,BTC-USD,2026-06-03 23:15:00,0.05549481976910056,0.04721632451929102
GARCH,BTC-USD,2026-06-03 23:30:00,0.057981650037897056,0.04716713342089508
GARCH,BTC-USD,2026-06-03 23:45:00,0.05366033330945787,0.04725675194307603
GARCH,BTC-USD,2026-06-04 00:00:00,0.05327596056793583,0.048897846496459105
GARCH,BTC-USD,2026-06-04 00:15:00,0.10004516597643605,0.048969009179228244
GARCH,BTC-USD,2026-06-04 00:30:00,0.0803115167396122,0.04910086637904667
GARCH,BTC-USD,2026-06-04 00:45:00,0.08450245662757068,0.04918597761483438
GARCH,BTC-USD,2026-06-04 01:00:00,0.07953174290727513,0.04952231509075653
GARCH,BTC-USD,2026-06-04 01:15:00,0.0856638191579767,0.04959680151605352
GARCH,BTC-USD,2026-06-04 01:30:00,0.07727082725885825,0.050622036346890754
GARCH,BTC-USD,2026-06-04 01:45:00,0.10291726911606802,0.05082213939131783
GARCH,BTC-USD,2026-06-04 02:00:00,0.08987762333181407,0.05183192129872365
GARCH,BTC-USD,2026-06-04 02:15:00,0.1066670076075026,0.05229565628388212
GARCH,BTC-USD,2026-06-04 02:30:00,0.10196045615037447,0.05229416302343403
GARCH,BTC-USD,2026-06-04 02:45:00,0.09624488226856028,0.053454396454485444
GARCH,BTC-USD,2026-06-04 03:00:00,0.11895650367502522,0.05338079346336507
GARCH,BTC-USD,2026-06-04 03:15:00,0.10177250945317934,0.053932919604296505
GARCH,BTC-USD,2026-06-04 03:30:00,0.10985479065799841,0.05393187514652308
GARCH,BTC-USD,2026-06-04 03:45:00,0.09752586344370733,0.05389566639604162
GARCH,BTC-USD,2026-06-04 04:00:00,0.09699457500236719,0.05389646409973392
GARCH,BTC-USD,2026-06-04 04:15:00,0.08852482787723885,0.053844995622424875
GARCH,BTC-USD,2026-06-04 04:30:00,0.0847911388971364,0.053797332495389545
GARCH,BTC-USD,2026-06-04 04:45:00,0.07837548524972571,0.05417962435758278
GARCH,BTC-USD,2026-06-04 05:00:00,0.08638279463920466,0.05416989312748291
GARCH,BTC-USD,2026-06-04 05:15:00,0.0771112546079356,0.054642175168509916
GARCH,BTC-USD,2026-06-04 05:30:00,0.08543935806673984,0.05482801812772492
GARCH,BTC-USD,2026-06-04 05:45:00,0.08251111162783184,0.05506545179717696
GARCH,BTC-USD,2026-06-04 06:00:00,0.0820116360430359,0.05477433816166713
GARCH,BTC-USD,2026-06-04 06:15:00,0.07484954206924885,0.05470952071266791
GARCH,BTC-USD,2026-06-04 06:30:00,0.07100071469938868,0.05486060229872182
GARCH,BTC-USD,2026-06-04 06:45:00,0.07319910571856454,0.054857783214201844
GARCH,BTC-USD,2026-06-04 07:00:00,0.06976121586911903,0.054773751370955324
GARCH,BTC-USD,2026-06-04 07:15:00,0.06603310055052412,0.05477002973430066
GARCH,BTC-USD,2026-06-04 07:30:00,0.06580947470096066,0.054842875470357454
GARCH,BTC-USD,2026-06-04 07:45:00,0.06864698510885851,0.05493393481572934
GARCH,BTC-USD,2026-06-04 08:00:00,0.06676889749395269,0.05490952048311675
GARCH,BTC-USD,2026-06-04 08:15:00,0.062218507479753736,0.05491014488290843
GARCH,BTC-USD,2026-06-04 08:30:00,0.05854344748305581,0.055025852672495705
GARCH,BTC-USD,2026-06-04 08:45:00,0.05827291808900671,0.0551316558225261
GARCH,BTC-USD,2026-06-04 09:00:00,0.06062214269687248,0.05556171141102643
GARCH,BTC-USD,2026-06-04 09:15:00,0.07429979778006993,0.05557122482420303
GARCH,BTC-USD,2026-06-04 09:30:00,0.0638605260505569,0.055925990817182095
GARCH,BTC-USD,2026-06-04 09:45:00,0.07231936457106973,0.0562269355524094
GARCH,BTC-USD,2026-06-04 10:00:00,0.07591734849618982,0.05637617132373151
GARCH,BTC-USD,2026-06-04 10:15:00,0.07802079521775827,0.05651389543873683
GARCH,BTC-USD,2026-06-04 10:30:00,0.07390097827346773,0.056664346564343625
GARCH,BTC-USD,2026-06-04 10:45:00,0.07540947389124525,0.056697669004925455
GARCH,BTC-USD,2026-06-04 11:00:00,0.07047365223146942,0.05699629921497021
GARCH,BTC-USD,2026-06-04 11:15:00,0.07456102213600421,0.057229977297884246
GARCH,BTC-USD,2026-06-04 11:30:00,0.07670519541289414,0.05744329429976646
GARCH,BTC-USD,2026-06-04 11:45:00,0.07556704754178338,0.05738240748143393
GARCH,BTC-USD,2026-06-04 12:00:00,0.06921822937998694,0.05859252319409499
GARCH,BTC-USD,2026-06-04 12:15:00,0.0996870753062701,0.058844579883122285
GARCH,BTC-USD,2026-06-04 12:30:00,0.08972160153571847,0.05893860027051723
GARCH,BTC-USD,2026-06-04 12:45:00,0.08741448296529951,0.05897999965641049
GARCH,BTC-USD,2026-06-04 13:00:00,0.08203932310138687,0.05901859314156012
GARCH,BTC-USD,2026-06-04 13:15:00,0.08519273083870417,0.059788165978474965
GARCH,BTC-USD,2026-06-04 13:30:00,0.09786155900749643,0.06004609159951948
GARCH,BTC-USD,2026-06-04 13:45:00,0.09581642028850727,0.060131710571176576
GARCH,BTC-USD,2026-06-04 14:00:00,0.09001392079512062,0.06020401985815429
GARCH,BTC-USD,2026-06-04 14:15:00,0.08686896436008612,0.060090262924303646
GARCH,BTC-USD,2026-06-04 14:30:00,0.08170662453887172,0.060081221830469045
GARCH,BTC-USD,2026-06-04 14:45:00,0.07615586006014585,0.0604481965057344
GARCH,BTC-USD,2026-06-04 15:00:00,0.08275047415682821,0.06072926109480962
GARCH,BTC-USD,2026-06-04 15:15:00,0.08402733141318765,0.06075522583420052
GARCH,BTC-USD,2026-06-04 15:30:00,0.07760883250170471,0.0607343752839571
GARCH,BTC-USD,2026-06-04 15:45:00,0.07289638024211954,0.060792772590907124
GARCH,BTC-USD,2026-06-04 16:00:00,0.07188163680668695,0.06076460876518303
GARCH,BTC-USD,2026-06-04 16:15:00,0.06592876335216544,0.060741340371275925
GARCH,BTC-USD,2026-06-04 16:30:00,0.06346685457174246,0.06071570669860872
GARCH,BTC-USD,2026-06-04 16:45:00,0.06272484224167303,0.06054677779144178
GARCH,BTC-USD,2026-06-04 17:00:00,0.0575022150144989,0.06037929979637243
GARCH,BTC-USD,2026-06-04 17:15:00,0.0665894118569963,0.06037352954665229
GARCH,BTC-USD,2026-06-04 17:30:00,0.061100595739602456,0.06080433534751164
GARCH,BTC-USD,2026-06-04 17:45:00,0.07657345027592474,0.06104690442191661
GARCH,BTC-USD,2026-06-04 18:00:00,0.07659451607610754,0.06220111636506696
GARCH,BTC-USD,2026-06-04 18:15:00,0.10324996386437457,0.06220544956879909
GARCH,BTC-USD,2026-06-04 18:30:00,0.08672966601293741,0.062221149185659616
GARCH,BTC-USD,2026-06-04 18:45:00,0.08508135321073856,0.062199409954242856
GARCH,BTC-USD,2026-06-04 19:00:00,0.07831686083301069,0.0622646770286802
GARCH,BTC-USD,2026-06-04 19:15:00,0.07794395066387513,0.06245032919180005
GARCH,BTC-USD,2026-06-04 19:30:00,0.07924561068432072,0.06243801699104404
GARCH,BTC-USD,2026-06-04 19:45:00,0.07384865129031404,0.06244647293874619
GARCH,BTC-USD,2026-06-04 20:00:00,0.06976863074201219,0.06244164737740073
GARCH,BTC-USD,2026-06-04 20:15:00,0.06753612306388271,0.06257363829140575
GARCH,BTC-USD,2026-06-04 20:30:00,0.06667743257178255,0.06250529086056503
GARCH,BTC-USD,2026-06-04 20:45:00,0.06166502878160952,0.06255930572003042
GARCH,BTC-USD,2026-06-04 21:00:00,0.06004804642548651,0.06268761334149416
GARCH,BTC-USD,2026-06-04 21:15:00,0.06291969291057474,0.06267744273370185
GARCH,BTC-USD,2026-06-04 21:30:00,0.05656427011346686,0.06273345955919006
GARCH,BTC-USD,2026-06-04 21:45:00,0.05868624486544905,0.06273529479078768
GARCH,BTC-USD,2026-06-04 22:00:00,0.052961213457327905,0.06273213339043862
GARCH,BTC-USD,2026-06-04 22:15:00,0.050676948032676035,0.06262816109675597
GARCH,BTC-USD,2026-06-04 22:30:00,0.049656292271845384,0.062739428379394
GARCH,BTC-USD,2026-06-04 22:45:00,0.05133312746175058,0.06276020102688043
GARCH,BTC-USD,2026-06-04 23:00:00,0.04829439400653009,0.06278670373124035
GARCH,BTC-USD,2026-06-04 23:15:00,0.04746955820386911,0.06297144031171589
GARCH,BTC-USD,2026-06-04 23:30:00,0.05379012438039703,0.06301123181735857
GARCH,BTC-USD,2026-06-04 23:45:00,0.04909521164475834,0.06299817007378498
GARCH,BTC-USD,2026-06-05 00:00:00,0.051790112166723135,0.06309871079159994
GARCH,BTC-USD,2026-06-05 00:15:00,0.05266488338346969,0.06314028543269876
GARCH,BTC-USD,2026-06-05 00:30:00,0.05220625065193588,0.06325587343318104
GARCH,BTC-USD,2026-06-05 00:45:00,0.05550725353912589,0.06315758283853354
GARCH,BTC-USD,2026-06-05 01:00:00,0.05038696458376786,0.06315756051446673
GARCH,BTC-USD,2026-06-05 01:15:00,0.04781876507372006,0.06316046033816078
GARCH,BTC-USD,2026-06-05 01:30:00,0.04597393663834714,0.06308857498972777
GARCH,BTC-USD,2026-06-05 01:45:00,0.04332353814173562,0.06313378239159083
GARCH,BTC-USD,2026-06-05 02:00:00,0.04523145502680396,0.06354294334826573
GARCH,BTC-USD,2026-06-05 02:15:00,0.06526896097351155,0.06355311597801362
GARCH,BTC-USD,2026-06-05 02:30:00,0.05427467367524139,0.06357856692640694
GARCH,BTC-USD,2026-06-05 02:45:00,0.055313365796470004,0.06365613707576877
GARCH,BTC-USD,2026-06-05 03:00:00,0.05628923367695596,0.0637758622892046
GARCH,BTC-USD,2026-06-05 03:15:00,0.05594836202040337,0.06379153284551109
GARCH,BTC-USD,2026-06-05 03:30:00,0.051780847020729374,0.06376686679953888
GARCH,BTC-USD,2026-06-05 03:45:00,0.04907099125526146,0.0637996249822843
GARCH,BTC-USD,2026-06-05 04:00:00,0.04787556488004072,0.06404704447682577
GARCH,BTC-USD,2026-06-05 04:15:00,0.057777421804059086,0.0640791177112602
GARCH,BTC-USD,2026-06-05 04:30:00,0.05352036569995697,0.06480203982851711
GARCH,BTC-USD,2026-06-05 04:45:00,0.0801101152999674,0.06482727609107343
GARCH,BTC-USD,2026-06-05 05:00:00,0.0700595596926752,0.06410513307398152
GARCH,BTC-USD,2026-06-05 05:15:00,0.06873482637749183,0.0647904993412905
GARCH,BTC-USD,2026-06-05 05:30:00,0.09076898969057026,0.06537049166798403
GARCH,BTC-USD,2026-06-05 05:45:00,0.09754798588101107,0.06542893286014924
GARCH,BTC-USD,2026-06-05 06:00:00,0.09068038289660384,0.06554278465302675
GARCH,BTC-USD,2026-06-05 06:15:00,0.09663756616272799,0.0660060610876476
GARCH,BTC-USD,2026-06-05 06:30:00,0.10015359790211009,0.06607164065303617
GARCH,BTC-USD,2026-06-05 06:45:00,0.09287508105770262,0.06574616117477813
GARCH,BTC-USD,2026-06-05 07:00:00,0.09967572349242841,0.06695952175536539
GARCH,BTC-USD,2026-06-05 07:15:00,0.11994943027180396,0.0676757696177674
GARCH,BTC-USD,2026-06-05 07:30:00,0.12294682437930778,0.06773668105590219
GARCH,BTC-USD,2026-06-05 07:45:00,0.11380106288516767,0.06786526347224275
GARCH,BTC-USD,2026-06-05 08:00:00,0.11048184841987635,0.06776554132854024
GARCH,BTC-USD,2026-06-05 08:15:00,0.10152329130060281,0.06780167093187786
GARCH,BTC-USD,2026-06-05 08:30:00,0.09912309547445768,0.0678109255144048
GARCH,BTC-USD,2026-06-05 08:45:00,0.09145859834239926,0.06848663178693692
GARCH,BTC-USD,2026-06-05 09:00:00,0.10624374425630381,0.06837914924705137
GARCH,BTC-USD,2026-06-05 09:15:00,0.09281013173674522,0.06852663507598442
GARCH,BTC-USD,2026-06-05 09:30:00,0.0940395475228243,0.06852869671950015
GARCH,BTC-USD,2026-06-05 09:45:00,0.08531184167174324,0.06854130518464581
GARCH,BTC-USD,2026-06-05 10:00:00,0.0812023301812913,0.0683998881494063
GARCH,BTC-USD,2026-06-05 10:15:00,0.0775784008322317,0.06842098660439945
GARCH,BTC-USD,2026-06-05 10:30:00,0.07245678190202787,0.0682042198895762
GARCH,BTC-USD,2026-06-05 10:45:00,0.0691206223576841,0.068273131610228
GARCH,BTC-USD,2026-06-05 11:00:00,0.06865913069602009,0.0680526370064271
GARCH,BTC-USD,2026-06-05 11:15:00,0.06460026050115265,0.06802285690908892
GARCH,BTC-USD,2026-06-05 11:30:00,0.07091812213523217,0.06789393879808002
GARCH,BTC-USD,2026-06-05 11:45:00,0.06467393163310085,0.06794900993009174
GARCH,BTC-USD,2026-06-05 12:00:00,0.06338365634996787,0.06766495884424005
GARCH,BTC-USD,2026-06-05 12:15:00,0.05858563354850842,0.06770431079949518
GARCH,BTC-USD,2026-06-05 12:30:00,0.05975540231267131,0.06768032079148928
GARCH,BTC-USD,2026-06-05 12:45:00,0.05424846088222395,0.06750664960733407
GARCH,BTC-USD,2026-06-05 13:00:00,0.05136383975579677,0.06753794410418638
GARCH,BTC-USD,2026-06-05 13:15:00,0.050056364246717014,0.06750589644964045
GARCH,BTC-USD,2026-06-05 13:30:00,0.055055663764559,0.06926107978245068
GARCH,BTC-USD,2026-06-05 13:45:00,0.12899631193127817,0.06910523205885345
GARCH,BTC-USD,2026-06-05 14:00:00,0.10053960438372696,0.06940177458673387
GARCH,BTC-USD,2026-06-05 14:15:00,0.11355561744417302,0.06963601984640617
GARCH,BTC-USD,2026-06-05 14:30:00,0.10887907809319454,0.06963682588556465
GARCH,BTC-USD,2026-06-05 14:45:00,0.10058987706736859,0.06975535601176391
GARCH,BTC-USD,2026-06-05 15:00:00,0.09892930578764308,0.06984988084105216
GARCH,BTC-USD,2026-06-05 15:15:00,0.09294818408692339,0.06997666872609669
GARCH,BTC-USD,2026-06-05 15:30:00,0.09761641258400167,0.06998428275926953
GARCH,BTC-USD,2026-06-05 15:45:00,0.08798960146734829,0.07038740544669662
GARCH,BTC-USD,2026-06-05 16:00:00,0.09587223914775994,0.07031722679660249
GARCH,BTC-USD,2026-06-05 16:15:00,0.08497938846602067,0.06996893445981728
GARCH,BTC-USD,2026-06-05 16:30:00,0.08163249306486664,0.07034822259895931
GARCH,BTC-USD,2026-06-05 16:45:00,0.09738367305346254,0.07052965920275905
GARCH,BTC-USD,2026-06-05 17:00:00,0.09128879315281185,0.07072977971852354
GARCH,BTC-USD,2026-06-05 17:15:00,0.09399064258976939,0.0707266856635161
GARCH,BTC-USD,2026-06-05 17:30:00,0.0849925514237545,0.07072146319477883
GARCH,BTC-USD,2026-06-05 17:45:00,0.08043796256050459,0.07077006657914302
GARCH,BTC-USD,2026-06-05 18:00:00,0.07768140581065187,0.07095473117610704
GARCH,BTC-USD,2026-06-05 18:15:00,0.08837676613240625,0.07082025411871394
GARCH,BTC-USD,2026-06-05 18:30:00,0.08091352508076044,0.07137855804501551
GARCH,BTC-USD,2026-06-05 18:45:00,0.09914529089043694,0.07094876253468031
GARCH,BTC-USD,2026-06-05 19:00:00,0.08502918350657095,0.07132204568500003
GARCH,BTC-USD,2026-06-05 19:15:00,0.09672685700125914,0.07131967939784313
GARCH,BTC-USD,2026-06-05 19:30:00,0.08563462494887925,0.07197970544157536
GARCH,BTC-USD,2026-06-05 19:45:00,0.10239688793909248,0.07180940433801483
GARCH,BTC-USD,2026-06-05 20:00:00,0.10579108359000974,0.07184501261803652
GARCH,BTC-USD,2026-06-05 20:15:00,0.09623022598181409,0.07208666600067776
GARCH,BTC-USD,2026-06-05 20:30:00,0.09830206810743425,0.07222662291182486
GARCH,BTC-USD,2026-06-05 20:45:00,0.0987432810012843,0.0722890630359994
GARCH,BTC-USD,2026-06-05 21:00:00,0.09272538692131045,0.07239723249900464
GARCH,BTC-USD,2026-06-05 21:15:00,0.09110795187487387,0.07257281601099885
GARCH,BTC-USD,2026-06-05 21:30:00,0.08958820687927575,0.07248009755385632
GARCH,BTC-USD,2026-06-05 21:45:00,0.08446410896666755,0.07259002708270981
GARCH,BTC-USD,2026-06-05 22:00:00,0.08467138672887126,0.07259211809259987
GARCH,BTC-USD,2026-06-05 22:15:00,0.07768859465929398,0.072752039822749
GARCH,BTC-USD,2026-06-05 22:30:00,0.07885424059691154,0.07279036541605716
GARCH,BTC-USD,2026-06-05 22:45:00,0.07369121406775571,0.07289189904249592
GARCH,BTC-USD,2026-06-05 23:00:00,0.07531152903891367,0.07310795323060827
GARCH,BTC-USD,2026-06-05 23:15:00,0.07909762096961209,0.07311632568749821
GARCH,BTC-USD,2026-06-05 23:30:00,0.07237604560408832,0.07323700975668863
GARCH,BTC-USD,2026-06-05 23:45:00,0.07248486873773172,0.07351295289640207
GARCH,BTC-USD,2026-06-06 00:00:00,0.07713789682526788,0.07350880678155458
GARCH,BTC-USD,2026-06-06 00:15:00,0.06987265426772056,0.07351480847224416
GARCH,BTC-USD,2026-06-06 00:30:00,0.06708329117967544,0.0733228514029406
GARCH,BTC-USD,2026-06-06 00:45:00,0.06251967922515417,0.07324778647408882
GARCH,BTC-USD,2026-06-06 01:00:00,0.05988429513928235,0.07329771022622038
GARCH,BTC-USD,2026-06-06 01:15:00,0.05766369068701891,0.07338224162353864
GARCH,BTC-USD,2026-06-06 01:30:00,0.05946169551697045,0.07337329199407068
GARCH,BTC-USD,2026-06-06 01:45:00,0.053756246674823004,0.0734018335726518
GARCH,BTC-USD,2026-06-06 02:00:00,0.0542732214627382,0.07340422038936864
GARCH,BTC-USD,2026-06-06 02:15:00,0.05001255319770949,0.0734072990796475
GARCH,BTC-USD,2026-06-06 02:30:00,0.0489289098602894,0.07340215823436409
GARCH,BTC-USD,2026-06-06 02:45:00,0.04512855171157432,0.07339959860187108
GARCH,BTC-USD,2026-06-06 03:00:00,0.043288069497879104,0.07339362587965106
GARCH,BTC-USD,2026-06-06 03:15:00,0.041194220663093556,0.07340432985254464
GARCH,BTC-USD,2026-06-06 03:30:00,0.04036107123792358,0.07337314918482366
GARCH,BTC-USD,2026-06-06 03:45:00,0.037352153390567994,0.07389647008575943
GARCH,BTC-USD,2026-06-06 04:00:00,0.07093441253346555,0.07382413694301061
GARCH,BTC-USD,2026-06-06 04:15:00,0.05870224342877456,0.07386473530070456
GARCH,BTC-USD,2026-06-06 04:30:00,0.06122093480892054,0.07401633275107816
GARCH,BTC-USD,2026-06-06 04:45:00,0.06342777224926022,0.07408125914997758
GARCH,BTC-USD,2026-06-06 05:00:00,0.061914663984424835,0.07550931532637359
GARCH,BTC-USD,2026-06-06 05:15:00,0.11008442129102794,0.07552250458198731
GARCH,BTC-USD,2026-06-06 05:30:00,0.08827664683087784,0.07553094145633213
GARCH,BTC-USD,2026-06-06 05:45:00,0.08877530739716509,0.07547652666594089
GARCH,BTC-USD,2026-06-06 06:00:00,0.08410605565273908,0.07548518044409544
GARCH,BTC-USD,2026-06-06 06:15:00,0.0790896564601437,0.07544739014319035
GARCH,BTC-USD,2026-06-06 06:30:00,0.07710428656225493,0.07539039724154414
GARCH,BTC-USD,2026-06-06 06:45:00,0.07092955840562556,0.07555588150785227
GARCH,BTC-USD,2026-06-06 07:00:00,0.07413301668261331,0.07517445967111541
GARCH,BTC-USD,2026-06-06 07:15:00,0.06979525298668027,0.07505609979429145
GARCH,BTC-USD,2026-06-06 07:30:00,0.06689410847404027,0.07501601379380303
GARCH,BTC-USD,2026-06-06 07:45:00,0.06201654967017903,0.0748912476607535
GARCH,BTC-USD,2026-06-06 08:00:00,0.060112653981837495,0.0749544009630563
GARCH,BTC-USD,2026-06-06 08:15:00,0.06384294154501777,0.0749107113551131
GARCH,BTC-USD,2026-06-06 08:30:00,0.05755308591410731,0.07489845894499934
GARCH,BTC-USD,2026-06-06 08:45:00,0.0554410259340434,0.07489867168965339
GARCH,BTC-USD,2026-06-06 09:00:00,0.051541970885532085,0.07491620236843465
GARCH,BTC-USD,2026-06-06 09:15:00,0.049309777061288695,0.07494868640088376
GARCH,BTC-USD,2026-06-06 09:30:00,0.05143602628428573,0.07496806518616717
GARCH,BTC-USD,2026-06-06 09:45:00,0.04840138335375917,0.07516393391016228
GARCH,BTC-USD,2026-06-06 10:00:00,0.05974016921357195,0.07505171959021167
GARCH,BTC-USD,2026-06-06 10:15:00,0.052350608132645374,0.07504413210837688
GARCH,BTC-USD,2026-06-06 10:30:00,0.05191981794067966,0.07498847878416105
GARCH,BTC-USD,2026-06-06 10:45:00,0.05149482772705009,0.07495821769965337
GARCH,BTC-USD,2026-06-06 11:00:00,0.04738760232812898,0.07501858101653375
GARCH,BTC-USD,2026-06-06 11:15:00,0.048163146668756776,0.0748515564162453
GARCH,BTC-USD,2026-06-06 11:30:00,0.04398397428574787,0.07480231993958493
GARCH,BTC-USD,2026-06-06 11:45:00,0.04173113972733761,0.07464372441155159
GARCH,BTC-USD,2026-06-06 12:00:00,0.046946862644021925,0.07475771587017731
GARCH,BTC-USD,2026-06-06 12:15:00,0.05215425209979788,0.07477055194345707
GARCH,BTC-USD,2026-06-06 12:30:00,0.04674063086528089,0.074750978913578
GARCH,BTC-USD,2026-06-06 12:45:00,0.04971671611111599,0.0744801902892038
GARCH,BTC-USD,2026-06-06 13:00:00,0.044633545132868394,0.07447514696672819
GARCH,BTC-USD,2026-06-06 13:15:00,0.04468530939711743,0.07446697925259652
GARCH,BTC-USD,2026-06-06 13:30:00,0.04106046228449853,0.07445061297245835
GARCH,BTC-USD,2026-06-06 13:45:00,0.04081084179595858,0.0743527911503136
GARCH,BTC-USD,2026-06-06 14:00:00,0.03981714633249209,0.07433439955656397
GARCH,BTC-USD,2026-06-06 14:15:00,0.03707879635485669,0.07426560162502266
GARCH,BTC-USD,2026-06-06 14:30:00,0.03574848329556432,0.07428500096154206
GARCH,BTC-USD,2026-06-06 14:45:00,0.0371821523196661,0.07427705908046821
GARCH,BTC-USD,2026-06-06 15:00:00,0.03912614312564071,0.07314933581481732
GARCH,BTC-USD,2026-06-06 15:15:00,0.035758291453508104,0.07318896931588714
GARCH,BTC-USD,2026-06-06 15:30:00,0.039772423625550606,0.0730887724192444
GARCH,BTC-USD,2026-06-06 15:45:00,0.036346209997910245,0.07301041048304115
GARCH,BTC-USD,2026-06-06 16:00:00,0.03455690561199895,0.07279276918885104
GARCH,BTC-USD,2026-06-06 16:15:00,0.03734810793251381,0.07280498111955738
GARCH,BTC-USD,2026-06-06 16:30:00,0.037327015787455266,0.07201000995160689
GARCH,BTC-USD,2026-06-06 16:45:00,0.03439489280029694,0.07190355613357054
GARCH,BTC-USD,2026-06-06 17:00:00,0.03318226592130375,0.07124488987070131
GARCH,BTC-USD,2026-06-06 17:15:00,0.03146667539606484,0.07093833870554975
GARCH,BTC-USD,2026-06-06 17:30:00,0.029834838442380367,0.0709038366651291
GARCH,BTC-USD,2026-06-06 17:45:00,0.03146239981470668,0.06989672552977792
GARCH,BTC-USD,2026-06-06 18:00:00,0.030357743732732596,0.07000135085882365
GARCH,BTC-USD,2026-06-06 18:15:00,0.037192573523469434,0.06960965706125502
GARCH,BTC-USD,2026-06-06 18:30:00,0.03413271637067486,0.06961283218578905
GARCH,BTC-USD,2026-06-06 18:45:00,0.03257936907764475,0.0694911947108217
GARCH,BTC-USD,2026-06-06 19:00:00,0.032021688529299826,0.06950618761742995
GARCH,BTC-USD,2026-06-06 19:15:00,0.03198119470390112,0.06947052699612427
GARCH,BTC-USD,2026-06-06 19:30:00,0.02960796245015563,0.0694705518679483
GARCH,BTC-USD,2026-06-06 19:45:00,0.028292709062142568,0.06915259989965683
GARCH,BTC-USD,2026-06-06 20:00:00,0.026946429796246577,0.06914222241718154
GARCH,BTC-USD,2026-06-06 20:15:00,0.02570916152685874,0.06883740518200633
GARCH,BTC-USD,2026-06-06 20:30:00,0.028714752208738422,0.06866282930527434
GARCH,BTC-USD,2026-06-06 20:45:00,0.025926405009943906,0.06852337362242325
GARCH,BTC-USD,2026-06-06 21:00:00,0.02832462829528785,0.06853397889844223
GARCH,BTC-USD,2026-06-06 21:15:00,0.026545229793242305,0.0685239157204923
GARCH,BTC-USD,2026-06-06 21:30:00,0.02636802830406977,0.06837353711956219
GARCH,BTC-USD,2026-06-06 21:45:00,0.025662707032842808,0.06833109666754261
GARCH,BTC-USD,2026-06-06 22:00:00,0.028288951322816582,0.06835794481829291
GARCH,BTC-USD,2026-06-06 22:15:00,0.03166089105377117,0.06828985111106949
GARCH,BTC-USD,2026-06-06 22:30:00,0.031563569419574396,0.06812111827113469
GARCH,BTC-USD,2026-06-06 22:45:00,0.029366987993216756,0.06808354100379964
GARCH,BTC-USD,2026-06-06 23:00:00,0.03273806479648767,0.06806180001030093
GARCH,BTC-USD,2026-06-06 23:15:00,0.02929292370360599,0.06810771722050449
GARCH,BTC-USD,2026-06-06 23:30:00,0.03262061980234261,0.06803124460218081
GARCH,BTC-USD,2026-06-06 23:45:00,0.029349131907485466,0.06790748631663775
GARCH,BTC-USD,2026-06-07 00:00:00,0.029132123053252863,0.06750580185998899
GARCH,BTC-USD,2026-06-07 00:15:00,0.027255666071577783,0.06750539577149989
GARCH,BTC-USD,2026-06-07 00:30:00,0.02639626092728009,0.0672431916861931
GARCH,BTC-USD,2026-06-07 00:45:00,0.02489173452192483,0.06750747484814275
GARCH,BTC-USD,2026-06-07 01:00:00,0.06097094899902622,0.06749476705555124
GARCH,BTC-USD,2026-06-07 01:15:00,0.05967011144505897,0.06746133391553082
GARCH,BTC-USD,2026-06-07 01:30:00,0.05787833195299372,0.06730473263231912
GARCH,BTC-USD,2026-06-07 01:45:00,0.053466604163583994,0.06726414669074467
GARCH,BTC-USD,2026-06-07 02:00:00,0.05059550949834396,0.0670926804622207
GARCH,BTC-USD,2026-06-07 02:15:00,0.0503643094174595,0.06686430305832916
GARCH,BTC-USD,2026-06-07 02:30:00,0.046685593327123895,0.06676970083784613
GARCH,BTC-USD,2026-06-07 02:45:00,0.04824159292750547,0.06677163079624912
GARCH,BTC-USD,2026-06-07 03:00:00,0.043833685196293035,0.0658212202599935
GARCH,BTC-USD,2026-06-07 03:15:00,0.044128320096674854,0.06561053233090183
GARCH,BTC-USD,2026-06-07 03:30:00,0.04038393276682512,0.06554099818375997
GARCH,BTC-USD,2026-06-07 03:45:00,0.038516285906162774,0.06552943708807973
GARCH,BTC-USD,2026-06-07 04:00:00,0.039262887673360426,0.06528659428770278
GARCH,BTC-USD,2026-06-07 04:15:00,0.035887353319097606,0.06468058690971792
GARCH,BTC-USD,2026-06-07 04:30:00,0.03878274151961952,0.06439467642018062
GARCH,BTC-USD,2026-06-07 04:45:00,0.03841215063444549,0.06432710760077115
GARCH,BTC-USD,2026-06-07 05:00:00,0.03545509069365105,0.06427012445268937
GARCH,BTC-USD,2026-06-07 05:15:00,0.036905339532202056,0.06427379061923233
GARCH,BTC-USD,2026-06-07 05:30:00,0.03687231695845777,0.0642983498373938
GARCH,BTC-USD,2026-06-07 05:45:00,0.03636807218476611,0.06397280201749032
GARCH,BTC-USD,2026-06-07 06:00:00,0.03460416264140596,0.06386666713712526
GARCH,BTC-USD,2026-06-07 06:15:00,0.04500765415285274,0.06395127283997867
GARCH,BTC-USD,2026-06-07 06:30:00,0.046109959775635145,0.06396195332274467
GARCH,BTC-USD,2026-06-07 06:45:00,0.043093280437373316,0.0638728337591995
GARCH,BTC-USD,2026-06-07 07:00:00,0.04062126689559032,0.06389292056531706
GARCH,BTC-USD,2026-06-07 07:15:00,0.03950566653697052,0.06385569812350135
GARCH,BTC-USD,2026-06-07 07:30:00,0.03666187253277031,0.06383394404970864
GARCH,BTC-USD,2026-06-07 07:45:00,0.039149311642812094,0.06383297273764253
GARCH,BTC-USD,2026-06-07 08:00:00,0.03529259987300104,0.06361763427528712
GARCH,BTC-USD,2026-06-07 08:15:00,0.03721318636226256,0.06356208378311785
GARCH,BTC-USD,2026-06-07 08:30:00,0.033893846361001886,0.06326348667018432
GARCH,BTC-USD,2026-06-07 08:45:00,0.04517665675861903,0.06297649173897728
GARCH,BTC-USD,2026-06-07 09:00:00,0.03836248101470203,0.061937977190293925
GARCH,BTC-USD,2026-06-07 09:15:00,0.03995450857290025,0.06198548968900578
GARCH,BTC-USD,2026-06-07 09:30:00,0.04018106307616143,0.061961172726257764
GARCH,BTC-USD,2026-06-07 09:45:00,0.036856326825336606,0.06198178728409836
GARCH,BTC-USD,2026-06-07 10:00:00,0.037568569420788754,0.061883072817270464
GARCH,BTC-USD,2026-06-07 10:15:00,0.03629075339868287,0.06170212553454855
GARCH,BTC-USD,2026-06-07 10:30:00,0.03739545829776437,0.06165167359332235
GARCH,BTC-USD,2026-06-07 10:45:00,0.03409834133453279,0.06165672983039611
GARCH,BTC-USD,2026-06-07 11:00:00,0.03408898571333313,0.06160487535726845
GARCH,BTC-USD,2026-06-07 11:15:00,0.032075828913796664,0.061542499274670835
GARCH,BTC-USD,2026-06-07 11:30:00,0.03438264268894738,0.06153321632182103
GARCH,BTC-USD,2026-06-07 11:45:00,0.031503024073016854,0.06207230519846168
GARCH,BTC-USD,2026-06-07 12:00:00,0.0644452745159973,0.061955134688246274
GARCH,BTC-USD,2026-06-07 12:15:00,0.05353143045999079,0.06212766965953686
GARCH,BTC-USD,2026-06-07 12:30:00,0.06153453089823797,0.06217320129769767
GARCH,BTC-USD,2026-06-07 12:45:00,0.059858475918276886,0.06220524528924692
GARCH,BTC-USD,2026-06-07 13:00:00,0.05695636050197423,0.06220739307162369
GARCH,BTC-USD,2026-06-07 13:15:00,0.05344480780955228,0.06217678165489975
GARCH,BTC-USD,2026-06-07 13:30:00,0.051179261432118074,0.0620745204599065
GARCH,BTC-USD,2026-06-07 13:45:00,0.04770680416384636,0.062062022090111336
GARCH,BTC-USD,2026-06-07 14:00:00,0.04564315387733385,0.06221326024299516
GARCH,BTC-USD,2026-06-07 14:15:00,0.0527857088565246,0.06203889156772052
GARCH,BTC-USD,2026-06-07 14:30:00,0.04708405692907156,0.06201833413194393
GARCH,BTC-USD,2026-06-07 14:45:00,0.04579336058508688,0.06193260331872937
GARCH,BTC-USD,2026-06-07 15:00:00,0.043030937120722375,0.06184270165659149
GARCH,BTC-USD,2026-06-07 15:15:00,0.04199172473086005,0.06182275800892083
GARCH,BTC-USD,2026-06-07 15:30:00,0.04237682300522959,0.061685193458975496
GARCH,BTC-USD,2026-06-07 15:45:00,0.03881476533772105,0.06168820022586051
GARCH,BTC-USD,2026-06-07 16:00:00,0.0376175809843283,0.06168820370489578
GARCH,BTC-USD,2026-06-07 16:15:00,0.03504927560475542,0.06166183144583594
GARCH,BTC-USD,2026-06-07 16:30:00,0.03315916236859514,0.061663812513707984
GARCH,BTC-USD,2026-06-07 16:45:00,0.03221520263627659,0.06168466032613259
GARCH,BTC-USD,2026-06-07 17:00:00,0.03705871237534624,0.061221254515394036
GARCH,BTC-USD,2026-06-07 17:15:00,0.032986546642437206,0.061218129817678275
GARCH,BTC-USD,2026-06-07 17:30:00,0.03190426355734225,0.06120543217613577
GARCH,BTC-USD,2026-06-07 17:45:00,0.03215154456234564,0.061121215558872156
GARCH,BTC-USD,2026-06-07 18:00:00,0.03211412555979966,0.06102335330220527
GARCH,BTC-USD,2026-06-07 18:15:00,0.030199630195496277,0.061013005237926646
GARCH,BTC-USD,2026-06-07 18:30:00,0.02870872870776752,0.061066647316025895
GARCH,BTC-USD,2026-06-07 18:45:00,0.03280943431280762,0.06133935259721854
GARCH,BTC-USD,2026-06-07 19:00:00,0.050803261602332575,0.06113354278147954
GARCH,BTC-USD,2026-06-07 19:15:00,0.04575838655916593,0.06120445189183008
GARCH,BTC-USD,2026-06-07 19:30:00,0.05228267627636511,0.06049191342454811
GARCH,BTC-USD,2026-06-07 19:45:00,0.04720379816460458,0.06054000273269928
GARCH,BTC-USD,2026-06-07 20:00:00,0.052675522876853946,0.06055290147905821
GARCH,BTC-USD,2026-06-07 20:15:00,0.04954036599805723,0.059756837736444884
GARCH,BTC-USD,2026-06-07 20:30:00,0.04658189266684259,0.059095981901519094
GARCH,BTC-USD,2026-06-07 20:45:00,0.04457673346980412,0.0589929754580591
GARCH,BTC-USD,2026-06-07 21:00:00,0.04256141958071575,0.058662487515342074
GARCH,BTC-USD,2026-06-07 21:15:00,0.04359273735524572,0.058135996123728925
GARCH,BTC-USD,2026-06-07 21:30:00,0.04052898231054189,0.058050069165326144
GARCH,BTC-USD,2026-06-07 21:45:00,0.03891045601425893,0.06420185162717998
GARCH,BTC-USD,2026-06-07 22:00:00,0.19219239611767763,0.06366740009843613
GARCH,BTC-USD,2026-06-07 22:15:00,0.15439810889496708,0.06293592387318737
GARCH,BTC-USD,2026-06-07 22:30:00,0.15379694717186043,0.0630014255276229
GARCH,BTC-USD,2026-06-07 22:45:00,0.14312342060375297,0.06286854715738564
GARCH,BTC-USD,2026-06-07 23:00:00,0.13433068773801413,0.06300633032989697
GARCH,BTC-USD,2026-06-07 23:15:00,0.12799489285378254,0.06286449920486586
GARCH,BTC-USD,2026-06-07 23:30:00,0.11839833053869887,0.06285001535119618
GARCH,BTC-USD,2026-06-07 23:45:00,0.11079163695675069,0.06215260289403377
GARCH,BTC-USD,2026-06-08 00:00:00,0.10371506839267172,0.06228604656135416
GARCH,BTC-USD,2026-06-08 00:15:00,0.10067689273828756,0.06219071764211244
GARCH,BTC-USD,2026-06-08 00:30:00,0.09537795451504964,0.06220253034918622
GARCH,BTC-USD,2026-06-08 00:45:00,0.08879950076839166,0.06284365719624126
GARCH,BTC-USD,2026-06-08 01:00:00,0.1022872638202872,0.06289741817850363
GARCH,BTC-USD,2026-06-08 01:15:00,0.09289715891021824,0.06305279547375052
GARCH,BTC-USD,2026-06-08 01:30:00,0.09260337917275281,0.06303256338460594
GARCH,BTC-USD,2026-06-08 01:45:00,0.08495389613367832,0.0629377422323899
GARCH,BTC-USD,2026-06-08 02:00:00,0.08026004221045803,0.06289512972171339
GARCH,BTC-USD,2026-06-08 02:15:00,0.07460830150006414,0.06264228249652608
GARCH,BTC-USD,2026-06-08 02:30:00,0.06993039603143093,0.06260739178277663
GARCH,BTC-USD,2026-06-08 02:45:00,0.06557488857445512,0.06259924958937532
GARCH,BTC-USD,2026-06-08 03:00:00,0.06340750288774506,0.06263032207044147
GARCH,BTC-USD,2026-06-08 03:15:00,0.06011307034314418,0.06252904539959539
GARCH,BTC-USD,2026-06-08 03:30:00,0.05596857448324601,0.06252842765078921
GARCH,BTC-USD,2026-06-08 03:45:00,0.05243969384643603,0.06256318697277097
GARCH,BTC-USD,2026-06-08 04:00:00,0.05089138062061821,0.06253381459363293
GARCH,BTC-USD,2026-06-08 04:15:00,0.04748146464092295,0.06248406102911776
GARCH,BTC-USD,2026-06-08 04:30:00,0.05129858049247196,0.05982424366082137
GARCH,BTC-USD,2026-06-08 04:45:00,0.04590131604507736,0.05985059339868551
GARCH,BTC-USD,2026-06-08 05:00:00,0.0469193452725511,0.05937873111039155
GARCH,BTC-USD,2026-06-08 05:15:00,0.04519746078949667,0.05913028587394999
GARCH,BTC-USD,2026-06-08 05:30:00,0.049434976181348074,0.05929903116803041
GARCH,BTC-USD,2026-06-08 05:45:00,0.053384758632466396,0.059174094263642237
GARCH,BTC-USD,2026-06-08 06:00:00,0.0513406597107011,0.05912419961762401
GARCH,BTC-USD,2026-06-08 06:15:00,0.04967581511910766,0.0587167229469502
GARCH,BTC-USD,2026-06-08 06:30:00,0.04619702476018517,0.05870554381268233
GARCH,BTC-USD,2026-06-08 06:45:00,0.04362999940874817,0.05829020194097028
GARCH,BTC-USD,2026-06-08 07:00:00,0.041943480781403884,0.05830718375782334
GARCH,BTC-USD,2026-06-08 07:15:00,0.040454102948267484,0.05829106637207208
GARCH,BTC-USD,2026-06-08 07:30:00,0.038382557803647084,0.05762816541910907
GARCH,BTC-USD,2026-06-08 07:45:00,0.040372843399870385,0.05737389615101488
GARCH,BTC-USD,2026-06-08 08:00:00,0.03769939491954324,0.05705692982405449
GARCH,BTC-USD,2026-06-08 08:15:00,0.036642976395034374,0.057054387286503264
GARCH,BTC-USD,2026-06-08 08:30:00,0.03459684283171305,0.05705440764295513
GARCH,BTC-USD,2026-06-08 08:45:00,0.03278599270995743,0.05703885976934609
GARCH,BTC-USD,2026-06-08 09:00:00,0.03765610428131564,0.05648555847917621
GARCH,BTC-USD,2026-06-08 09:15:00,0.03364116705697285,0.0563696945168624
GARCH,BTC-USD,2026-06-08 09:30:00,0.0323616874285412,0.05556424417265414
GARCH,BTC-USD,2026-06-08 09:45:00,0.0335612655700465,0.055600468244668313
GARCH,BTC-USD,2026-06-08 10:00:00,0.032671093444224954,0.05521193896446054
GARCH,BTC-USD,2026-06-08 10:15:00,0.039196698218820714,0.055170594790665876
GARCH,BTC-USD,2026-06-08 10:30:00,0.03462172846456251,0.054413491917660296
GARCH,BTC-USD,2026-06-08 10:45:00,0.03380085546339799,0.05388272183867939
GARCH,BTC-USD,2026-06-08 11:00:00,0.04083930707879366,0.05394044201888499
GARCH,BTC-USD,2026-06-08 11:15:00,0.04149832709689548,0.05366706080110051
GARCH,BTC-USD,2026-06-08 11:30:00,0.037995078049996495,0.05337694030020599
GARCH,BTC-USD,2026-06-08 11:45:00,0.03961932608951873,0.0545533046218715
GARCH,BTC-USD,2026-06-08 12:00:00,0.08513087711331327,0.05465266793835708
GARCH,BTC-USD,2026-06-08 12:15:00,0.07630139289503667,0.05508306229641134
GARCH,BTC-USD,2026-06-08 12:30:00,0.09142515714787029,0.05505212336980327
GARCH,BTC-USD,2026-06-08 12:45:00,0.08123889341992185,0.05483403553691161
GARCH,BTC-USD,2026-06-08 13:00:00,0.07728918400537033,0.05489709801190494
GARCH,BTC-USD,2026-06-08 13:15:00,0.07398421819513151,0.05475401428891189
GARCH,BTC-USD,2026-06-08 13:30:00,0.06947718717841682,0.05484669354621346
GARCH,BTC-USD,2026-06-08 13:45:00,0.07100064277357868,0.05466496521585788
GARCH,BTC-USD,2026-06-08 14:00:00,0.06549308747980723,0.05434967554338818
GARCH,BTC-USD,2026-06-08 14:15:00,0.06243243932703511,0.054348071348983916
GARCH,BTC-USD,2026-06-08 14:30:00,0.0600542847013681,0.0542274689209345
GARCH,BTC-USD,2026-06-08 14:45:00,0.05589427838111822,0.05401807396575176
GARCH,BTC-USD,2026-06-08 15:00:00,0.05762407535931462,0.05407583021176081
GARCH,BTC-USD,2026-06-08 15:15:00,0.05567064897834081,0.054084773401762626
GARCH,BTC-USD,2026-06-08 15:30:00,0.053251905765803804,0.05409891482002011
GARCH,BTC-USD,2026-06-08 15:45:00,0.0503719216370305,0.05405826864644098
GARCH,BTC-USD,2026-06-08 16:00:00,0.04706417736332991,0.05402018276858585
GARCH,BTC-USD,2026-06-08 16:15:00,0.0446888885408766,0.053967573244067917
GARCH,BTC-USD,2026-06-08 16:30:00,0.04685778585368551,0.054019830212845725
GARCH,BTC-USD,2026-06-08 16:45:00,0.04487238948085796,0.05401463041373947
GARCH,BTC-USD,2026-06-08 17:00:00,0.04558902307017936,0.054166358130707505
GARCH,BTC-USD,2026-06-08 17:15:00,0.05048227437345684,0.05429210584855385
GARCH,BTC-USD,2026-06-08 17:30:00,0.0519132987361087,0.05435108291223105
GARCH,BTC-USD,2026-06-08 17:45:00,0.050205041179951886,0.054336573847384675
GARCH,BTC-USD,2026-06-08 18:00:00,0.04670524165348918,0.05432090423711353
GARCH,BTC-USD,2026-06-08 18:15:00,0.04423458311700502,0.05434453381747362
GARCH,BTC-USD,2026-06-08 18:30:00,0.04416496811694631,0.054346936078204136
GARCH,BTC-USD,2026-06-08 18:45:00,0.04062196481434275,0.05353014884985218
GARCH,BTC-USD,2026-06-08 19:00:00,0.03880461884139567,0.05348776896820499
GARCH,BTC-USD,2026-06-08 19:15:00,0.03778490100463312,0.05339482587936387
GARCH,BTC-USD,2026-06-08 19:30:00,0.03522207804700368,0.05323010247651346
GARCH,BTC-USD,2026-06-08 19:45:00,0.03529646142942519,0.053146563107159296
GARCH,BTC-USD,2026-06-08 20:00:00,0.03542503181100591,0.05126271149743285
GARCH,BTC-USD,2026-06-08 20:15:00,0.03348758661065277,0.051362621556406765
GARCH,BTC-USD,2026-06-08 20:30:00,0.03891044720919021,0.051343251863160314
GARCH,BTC-USD,2026-06-08 20:45:00,0.0356698377374011,0.05136224604467823
GARCH,BTC-USD,2026-06-08 21:00:00,0.04219128481237371,0.051314083888423435
GARCH,BTC-USD,2026-06-08 21:15:00,0.036865497083080845,0.05120533425489902
GARCH,BTC-USD,2026-06-08 21:30:00,0.037621715238339286,0.05123657960981154
GARCH,BTC-USD,2026-06-08 21:45:00,0.036092563403371254,0.0514912804000629
GARCH,BTC-USD,2026-06-08 22:00:00,0.05636891875674107,0.05138971727959838
GARCH,BTC-USD,2026-06-08 22:15:00,0.04662099675545358,0.051351949235550726
GARCH,BTC-USD,2026-06-08 22:30:00,0.04631832483406795,0.05138603650876275
GARCH,BTC-USD,2026-06-08 22:45:00,0.04478794631923128,0.05138544892821241
GARCH,BTC-USD,2026-06-08 23:00:00,0.04422076031032324,0.05167406655209933
GARCH,BTC-USD,2026-06-08 23:15:00,0.06154033834640204,0.05166095417245028
GARCH,BTC-USD,2026-06-08 23:30:00,0.05151871926240759,0.05163973637204775
GARCH,BTC-USD,2026-06-08 23:45:00,0.05055808831207408,0.05165414560683899
GARCH,BTC-USD,2026-06-09 00:00:00,0.04749602160807058,0.051837778413559
GARCH,BTC-USD,2026-06-09 00:15:00,0.053590502233751294,0.0517107561815963
GARCH,BTC-USD,2026-06-09 00:30:00,0.04725901906359236,0.0517231987847948
GARCH,BTC-USD,2026-06-09 00:45:00,0.04796215187463927,0.05140307544246432
GARCH,BTC-USD,2026-06-09 01:00:00,0.04489409229380552,0.05141143487598377
GARCH,BTC-USD,2026-06-09 01:15:00,0.044013334924375175,0.051390792650902774
GARCH,BTC-USD,2026-06-09 01:30:00,0.041474945781194705,0.05131317627740369
GARCH,BTC-USD,2026-06-09 01:45:00,0.03925674745221162,0.051314565547073664
GARCH,BTC-USD,2026-06-09 02:00:00,0.036896786287859897,0.05125301910938312
GARCH,BTC-USD,2026-06-09 02:15:00,0.03502817905478378,0.051293296466815345
GARCH,BTC-USD,2026-06-09 02:30:00,0.03527156821246073,0.05139602048272742
GARCH,BTC-USD,2026-06-09 02:45:00,0.03950532344910966,0.051257897456698474
GARCH,BTC-USD,2026-06-09 03:00:00,0.03535223240840295,0.051049017123425806
GARCH,BTC-USD,2026-06-09 03:15:00,0.03560910219497579,0.05103937514759368
GARCH,BTC-USD,2026-06-09 03:30:00,0.03277048545520139,0.050942615877356885
GARCH,BTC-USD,2026-06-09 03:45:00,0.03161577823938726,0.050943500134672734
GARCH,BTC-USD,2026-06-09 04:00:00,0.029873613490084563,0.05093368109290027
GARCH,BTC-USD,2026-06-09 04:15:00,0.030778672435280315,0.051401874272766594
GARCH,BTC-USD,2026-06-09 04:30:00,0.054607940653529335,0.05136140721516967
GARCH,BTC-USD,2026-06-09 04:45:00,0.043903446934059336,0.05132834770012087
GARCH,BTC-USD,2026-06-09 05:00:00,0.043760901046380835,0.05133430039998267
GARCH,BTC-USD,2026-06-09 05:15:00,0.04102752747366453,0.05133098493988833
GARCH,BTC-USD,2026-06-09 05:30:00,0.03904164997322084,0.05126632293846931
GARCH,BTC-USD,2026-06-09 05:45:00,0.03662399535494832,0.05117254205429682
GARCH,BTC-USD,2026-06-09 06:00:00,0.034622045832001666,0.05117412242053357
GARCH,BTC-USD,2026-06-09 06:15:00,0.0331738017367862,0.05110803690389801
GARCH,BTC-USD,2026-06-09 06:30:00,0.03216327346047357,0.0510965303910089
GARCH,BTC-USD,2026-06-09 06:45:00,0.030508933987684846,0.05109698523023147
GARCH,BTC-USD,2026-06-09 07:00:00,0.028785067702673094,0.05119770460765106
GARCH,BTC-USD,2026-06-09 07:15:00,0.03903446108583175,0.051192706741677994
GARCH,BTC-USD,2026-06-09 07:30:00,0.03650612401802504,0.051192701532479956
GARCH,BTC-USD,2026-06-09 07:45:00,0.03442558948196713,0.0513723815286313
GARCH,BTC-USD,2026-06-09 08:00:00,0.04305727445475522,0.05137101833170732
GARCH,BTC-USD,2026-06-09 08:15:00,0.03743223258808243,0.0513906813786921
GARCH,BTC-USD,2026-06-09 08:30:00,0.0376830565948441,0.05139341066734949
GARCH,BTC-USD,2026-06-09 08:45:00,0.037509862442688516,0.05136751990344922
GARCH,BTC-USD,2026-06-09 09:00:00,0.03458808327153654,0.0512521840590222
GARCH,BTC-USD,2026-06-09 09:15:00,0.033037023679932734,0.05127991199161251
GARCH,BTC-USD,2026-06-09 09:30:00,0.034754316342448695,0.051282536378937274
GARCH,BTC-USD,2026-06-09 09:45:00,0.03187734098974515,0.05127501409754706
GARCH,BTC-USD,2026-06-09 10:00:00,0.03118235603124871,0.05124481716830511
GARCH,BTC-USD,2026-06-09 10:15:00,0.02936494789806366,0.05125179812484313
GARCH,BTC-USD,2026-06-09 10:30:00,0.02821805068410172,0.051263073788575725
GARCH,BTC-USD,2026-06-09 10:45:00,0.027938242142879363,0.051436610823860134
GARCH,BTC-USD,2026-06-09 11:00:00,0.03781914224002594,0.05144582016987336
GARCH,BTC-USD,2026-06-09 11:15:00,0.03293530297348619,0.051401966567609106
GARCH,BTC-USD,2026-06-09 11:30:00,0.032152291221010036,0.0514115407748293
GARCH,BTC-USD,2026-06-09 11:45:00,0.03108673343826581,0.051416083248978464
GARCH,BTC-USD,2026-06-09 12:00:00,0.03230270839585805,0.051503359150629355
GARCH,BTC-USD,2026-06-09 12:15:00,0.03543987177498371,0.05153860480265945
GARCH,BTC-USD,2026-06-09 12:30:00,0.034946218387340126,0.05155049820265547
GARCH,BTC-USD,2026-06-09 12:45:00,0.03429183490831268,0.05151448378987908
GARCH,BTC-USD,2026-06-09 13:00:00,0.03279396552889679,0.051562428610055534
GARCH,BTC-USD,2026-06-09 13:15:00,0.03875620491986909,0.05154052567909169
GARCH,BTC-USD,2026-06-09 13:30:00,0.03527018501060753,0.05160094619039392
GARCH,BTC-USD,2026-06-09 13:45:00,0.03733869206184242,0.05173589362801522
GARCH,BTC-USD,2026-06-09 14:00:00,0.04480904754391298,0.05218015660398785
GARCH,BTC-USD,2026-06-09 14:15:00,0.05972446273626446,0.05227485355927696
GARCH,BTC-USD,2026-06-09 14:30:00,0.05719319830832071,0.05235240360264164
GARCH,BTC-USD,2026-06-09 14:45:00,0.056055823197539184,0.052365126562936216
GARCH,BTC-USD,2026-06-09 15:00:00,0.05266615969113,0.052641060863116
GARCH,BTC-USD,2026-06-09 15:15:00,0.06074912138273785,0.05263560102767654
GARCH,BTC-USD,2026-06-09 15:30:00,0.05312224204692538,0.05272419065724696
GARCH,BTC-USD,2026-06-09 15:45:00,0.05496444241434993,0.05208304319245929
GARCH,BTC-USD,2026-06-09 16:00:00,0.05183307026740685,0.05180665505683576
GARCH,BTC-USD,2026-06-09 16:15:00,0.04848009369147487,0.05185275549521316
GARCH,BTC-USD,2026-06-09 16:30:00,0.05120074704763765,0.05190008266449
GARCH,BTC-USD,2026-06-09 16:45:00,0.04838235155259238,0.0520166437030349
GARCH,BTC-USD,2026-06-09 17:00:00,0.051252747643001875,0.051995617166006265
GARCH,BTC-USD,2026-06-09 17:15:00,0.04861475067104534,0.05199406404369407
GARCH,BTC-USD,2026-06-09 17:30:00,0.04568565077278322,0.05190758497779998
GARCH,BTC-USD,2026-06-09 17:45:00,0.04278015846299094,0.05191520892231823
GARCH,BTC-USD,2026-06-09 18:00:00,0.040742918730327,0.0518706740031911
GARCH,BTC-USD,2026-06-09 18:15:00,0.038121631933952814,0.051918333443296445
GARCH,BTC-USD,2026-06-09 18:30:00,0.038761768695628196,0.05200807423085874
GARCH,BTC-USD,2026-06-09 18:45:00,0.04095624549669897,0.051952871629743796
GARCH,BTC-USD,2026-06-09 19:00:00,0.03698214755168949,0.05197571721255514
GARCH,BTC-USD,2026-06-09 19:15:00,0.03681997110119725,0.05190204865343055
GARCH,BTC-USD,2026-06-09 19:30:00,0.03399970900564552,0.05196267753705306
GARCH,BTC-USD,2026-06-09 19:45:00,0.03977284135733235,0.05198784704702115
GARCH,BTC-USD,2026-06-09 20:00:00,0.03670193508532547,0.05196160541690336
GARCH,BTC-USD,2026-06-09 20:15:00,0.03632607726934752,0.05191434643864083
GARCH,BTC-USD,2026-06-09 20:30:00,0.033855686012053354,0.051877226033807775
GARCH,BTC-USD,2026-06-09 20:45:00,0.03216874755211668,0.051863927027072126
GARCH,BTC-USD,2026-06-09 21:00:00,0.030335711521745013,0.05192898182053834
GARCH,BTC-USD,2026-06-09 21:15:00,0.04571771791008631,0.05178854358850675
GARCH,BTC-USD,2026-06-09 21:30:00,0.03786539075296602,0.051767728369587804
GARCH,BTC-USD,2026-06-09 21:45:00,0.03761515665401969,0.051781088518657536
GARCH,BTC-USD,2026-06-09 22:00:00,0.03562134950697938,0.05175908767740728
GARCH,BTC-USD,2026-06-09 22:15:00,0.03361031559174957,0.05176735601569458
GARCH,BTC-USD,2026-06-09 22:30:00,0.03219875269908657,0.05173828776877799
GARCH,BTC-USD,2026-06-09 22:45:00,0.03345938261165204,0.05173952361226844
GARCH,BTC-USD,2026-06-09 23:00:00,0.030621224645908753,0.05169090167690767
GARCH,BTC-USD,2026-06-09 23:15:00,0.029794191117475183,0.05169673580517724
GARCH,BTC-USD,2026-06-09 23:30:00,0.02871810202099972,0.0515019729527777
GARCH,BTC-USD,2026-06-09 23:45:00,0.028931276832718008,0.05153259165459692
GARCH,BTC-USD,2026-06-10 00:00:00,0.02920537810225173,0.05149079030218476
GARCH,BTC-USD,2026-06-10 00:15:00,0.02708096478941705,0.051708810996510104
GARCH,BTC-USD,2026-06-10 00:30:00,0.04433359588840387,0.05213689508602052
GARCH,BTC-USD,2026-06-10 00:45:00,0.05652265760389515,0.052119530115041175
GARCH,BTC-USD,2026-06-10 01:00:00,0.04919663878086833,0.052087051138910156
GARCH,BTC-USD,2026-06-10 01:15:00,0.047370056471718686,0.05212088468020445
GARCH,BTC-USD,2026-06-10 01:30:00,0.04837493693909919,0.0521365377152178
GARCH,BTC-USD,2026-06-10 01:45:00,0.04470454977004258,0.052170466277783566
GARCH,BTC-USD,2026-06-10 02:00:00,0.045384224748021756,0.05217466193218617
GARCH,BTC-USD,2026-06-10 02:15:00,0.04228053862673467,0.05214823309487826
GARCH,BTC-USD,2026-06-10 02:30:00,0.04193984943894605,0.052152171705698115
GARCH,BTC-USD,2026-06-10 02:45:00,0.03934686802056592,0.0514948100431015
GARCH,BTC-USD,2026-06-10 03:00:00,0.03955412795070415,0.05148526568701783
GARCH,BTC-USD,2026-06-10 03:15:00,0.03899550035543987,0.05127347078353536
GARCH,BTC-USD,2026-06-10 03:30:00,0.036309738271477175,0.051110267470119826
GARCH,BTC-USD,2026-06-10 03:45:00,0.03438424186204833,0.05107267085438403
GARCH,BTC-USD,2026-06-10 04:00:00,0.03266066384298341,0.05106162172412178
GARCH,BTC-USD,2026-06-10 04:15:00,0.030944570138820647,0.05119141542460357
GARCH,BTC-USD,2026-06-10 04:30:00,0.03958217879849667,0.0512012512209362
GARCH,BTC-USD,2026-06-10 04:45:00,0.03469304529683731,0.05122354277370425
GARCH,BTC-USD,2026-06-10 05:00:00,0.0363902934398624,0.051023797653998004
GARCH,BTC-USD,2026-06-10 05:15:00,0.03438814351531379,0.05100640137012437
GARCH,BTC-USD,2026-06-10 05:30:00,0.03242568843888014,0.051003030405653814
GARCH,BTC-USD,2026-06-10 05:45:00,0.031501111280804885,0.05099535672242291
GARCH,BTC-USD,2026-06-10 06:00:00,0.02973901321641557,0.050967688826105494
GARCH,BTC-USD,2026-06-10 06:15:00,0.028511522822950008,0.050924585781758104
GARCH,BTC-USD,2026-06-10 06:30:00,0.028553252028078714,0.050927396061586395
GARCH,BTC-USD,2026-06-10 06:45:00,0.026793853463796882,0.05094198776155945
GARCH,BTC-USD,2026-06-10 07:00:00,0.02784895125416011,0.05095595503782004
GARCH,BTC-USD,2026-06-10 07:15:00,0.026879807169465256,0.05098938363160666
GARCH,BTC-USD,2026-06-10 07:30:00,0.02823198958310054,0.050993374030584744
GARCH,BTC-USD,2026-06-10 07:45:00,0.02728942492299912,0.050892656723478556
GARCH,BTC-USD,2026-06-10 08:00:00,0.026316196210636498,0.05091362238681532
GARCH,BTC-USD,2026-06-10 08:15:00,0.027109969129763496,0.051107994301780785
GARCH,BTC-USD,2026-06-10 08:30:00,0.03927844260615016,0.05107803703884493
GARCH,BTC-USD,2026-06-10 08:45:00,0.0328597014437674,0.051127264995289884
GARCH,BTC-USD,2026-06-10 09:00:00,0.038355750651786924,0.05118280488461053
GARCH,BTC-USD,2026-06-10 09:15:00,0.03712574855499069,0.05119127525124453
GARCH,BTC-USD,2026-06-10 09:30:00,0.035082265193518446,0.051134317547650306
GARCH,BTC-USD,2026-06-10 09:45:00,0.03394317057215265,0.05078271876253008
GARCH,BTC-USD,2026-06-10 10:00:00,0.033412403150203274,0.05073223089104604
GARCH,BTC-USD,2026-06-10 10:15:00,0.03239841347554171,0.05055504579466092
GARCH,BTC-USD,2026-06-10 10:30:00,0.03030406132778708,0.050534612076847535
GARCH,BTC-USD,2026-06-10 10:45:00,0.02960928734654464,0.05047230934702687
GARCH,BTC-USD,2026-06-10 11:00:00,0.0358058423058001,0.05051990025520275
GARCH,BTC-USD,2026-06-10 11:15:00,0.03875501473402829,0.05052233287488967
GARCH,BTC-USD,2026-06-10 11:30:00,0.03514926499548691,0.05050368815520972
GARCH,BTC-USD,2026-06-10 11:45:00,0.03357655720696238,0.050559341834057754
GARCH,BTC-USD,2026-06-10 12:00:00,0.03621675390362492,0.05048700838482479
GARCH,BTC-USD,2026-06-10 12:15:00,0.032697005195546136,0.05119012596235372
GARCH,BTC-USD,2026-06-10 12:30:00,0.06466752674408156,0.05121804269962158
GARCH,BTC-USD,2026-06-10 12:45:00,0.05270846060306652,0.042537504554019
GARCH,BTC-USD,2026-06-10 13:00:00,0.05224771545636494,0.041613496016141595
GARCH,BTC-USD,2026-06-10 13:15:00,0.04802128827415605,0.04355832663485794
GARCH,BTC-USD,2026-06-10 13:30:00,0.09787814864185267,0.04345021260152818
GARCH,BTC-USD,2026-06-10 13:45:00,0.07984300618655796,0.04343764073764466
GARCH,BTC-USD,2026-06-10 14:00:00,0.07982003786280814,0.043235059167561304
GARCH,BTC-USD,2026-06-10 14:15:00,0.07288006530137263,0.04326935819174924
GARCH,BTC-USD,2026-06-10 14:30:00,0.06969997797332961,0.043457298891968976
GARCH,BTC-USD,2026-06-10 14:45:00,0.06980402060524005,0.04360661605241969
GARCH,BTC-USD,2026-06-10 15:00:00,0.0688444858994956,0.04370044155970385
GARCH,BTC-USD,2026-06-10 15:15:00,0.07159798373677503,0.043616987354653074
GARCH,BTC-USD,2026-06-10 15:30:00,0.066058757745201,0.04378703544824179
GARCH,BTC-USD,2026-06-10 15:45:00,0.06752396592422993,0.04313961261185507
GARCH,BTC-USD,2026-06-10 16:00:00,0.06943956493501927,0.042976743395052516
GARCH,BTC-USD,2026-06-10 16:15:00,0.06288810920322083,0.04272165558849925
GARCH,BTC-USD,2026-06-10 16:30:00,0.05972085648701903,0.042693202564291766
GARCH,BTC-USD,2026-06-10 16:45:00,0.0555190559045806,0.04272267973548879
GARCH,BTC-USD,2026-06-10 17:00:00,0.05392703374537858,0.04284220595576957
GARCH,BTC-USD,2026-06-10 17:15:00,0.05445549387033087,0.04290785238984892
GARCH,BTC-USD,2026-06-10 17:30:00,0.05256711069827715,0.043075238972552644
GARCH,BTC-USD,2026-06-10 17:45:00,0.05475653524087012,0.042997635923141826
GARCH,BTC-USD,2026-06-10 18:00:00,0.04942331905353431,0.042959539949364196
GARCH,BTC-USD,2026-06-10 18:15:00,0.04723655542855853,0.043159010240407365
GARCH,BTC-USD,2026-06-10 18:30:00,0.05212412346274209,0.043205823357182725
GARCH,BTC-USD,2026-06-10 18:45:00,0.04786532443487291,0.04320555330940309
GARCH,BTC-USD,2026-06-10 19:00:00,0.047142897464198794,0.0432047543503492
GARCH,BTC-USD,2026-06-10 19:15:00,0.04365741454059171,0.04320739737998219
GARCH,BTC-USD,2026-06-10 19:30:00,0.0478797496083241,0.04321955473720306
GARCH,BTC-USD,2026-06-10 19:45:00,0.04332361852942299,0.04319578966770575
GARCH,BTC-USD,2026-06-10 20:00:00,0.043319935440055496,0.04316055489709944
GARCH,BTC-USD,2026-06-10 20:15:00,0.04100589991108938,0.043016203465650875
GARCH,BTC-USD,2026-06-10 20:30:00,0.039936537849065305,0.042761063289791894
GARCH,BTC-USD,2026-06-10 20:45:00,0.037044742261204085,0.042850159396959756
GARCH,BTC-USD,2026-06-10 21:00:00,0.04441635338037528,0.04279767276430785
GARCH,BTC-USD,2026-06-10 21:15:00,0.03868928007366805,0.04283420063210979
GARCH,BTC-USD,2026-06-10 21:30:00,0.039164927646753694,0.04314668736746132
GARCH,BTC-USD,2026-06-10 21:45:00,0.05027787316922626,0.04315533358971088
GARCH,BTC-USD,2026-06-10 22:00:00,0.04485276153278126,0.0431231496373223
GARCH,BTC-USD,2026-06-10 22:15:00,0.04283999086845521,0.043387175191040954
GARCH,BTC-USD,2026-06-10 22:30:00,0.050802031592265415,0.04336567611272264
GARCH,BTC-USD,2026-06-10 22:45:00,0.04743442486301849,0.0434311534018797
GARCH,BTC-USD,2026-06-10 23:00:00,0.048405333110938996,0.04379028249806447
GARCH,BTC-USD,2026-06-10 23:15:00,0.05746043856555858,0.043778413522575714
GARCH,BTC-USD,2026-06-10 23:30:00,0.04988964235516858,0.04377755170242031
GARCH,BTC-USD,2026-06-10 23:45:00,0.04817438957494395,0.043746754837676025
GARCH,BTC-USD,2026-06-11 00:00:00,0.04846421462504326,0.043864479722646274
GARCH,BTC-USD,2026-06-11 00:15:00,0.049296303631869806,0.04389179059791438
GARCH,BTC-USD,2026-06-11 00:30:00,0.046071340112176104,0.04383987381135383
GARCH,BTC-USD,2026-06-11 00:45:00,0.04343278212034047,0.043955700616769046
GARCH,BTC-USD,2026-06-11 01:00:00,0.046905625429132784,0.043866369058290916
GARCH,BTC-USD,2026-06-11 01:15:00,0.04470696925281289,0.04387703420114883
GARCH,BTC-USD,2026-06-11 01:30:00,0.04264755028293676,0.0438780645016901
GARCH,BTC-USD,2026-06-11 01:45:00,0.04009754067708122,0.04369540784013401
GARCH,BTC-USD,2026-06-11 02:00:00,0.03776832564418491,0.043609297631919765
GARCH,BTC-USD,2026-06-11 02:15:00,0.03760363700873807,0.04360775937118942
GARCH,BTC-USD,2026-06-11 02:30:00,0.03466524815857715,0.04355533783439981
GARCH,BTC-USD,2026-06-11 02:45:00,0.033649839877825334,0.04200510199424572
GARCH,BTC-USD,2026-06-11 03:00:00,0.03232857305554281,0.0416009916544384
GARCH,BTC-USD,2026-06-11 03:15:00,0.03060980611780587,0.04093744910981045
GARCH,BTC-USD,2026-06-11 03:30:00,0.040056852271998636,0.04115142084014442
GARCH,BTC-USD,2026-06-11 03:45:00,0.048028244820832226,0.04114868969830458
GARCH,BTC-USD,2026-06-11 04:00:00,0.04171261884278818,0.04105963716863781
GARCH,BTC-USD,2026-06-11 04:15:00,0.04052878213996679,0.04102806370209702
GARCH,BTC-USD,2026-06-11 04:30:00,0.03782761548300638,0.04079781680314126
GARCH,BTC-USD,2026-06-11 04:45:00,0.03636358358918697,0.0407811914926807
GARCH,BTC-USD,2026-06-11 05:00:00,0.035511976237926866,0.04074922933783966
GARCH,BTC-USD,2026-06-11 05:15:00,0.033013402477932996,0.04069151610114741
GARCH,BTC-USD,2026-06-11 05:30:00,0.0320737588906146,0.040702656714123216
GARCH,BTC-USD,2026-06-11 05:45:00,0.03138341777825574,0.04063509225707677
GARCH,BTC-USD,2026-06-11 06:00:00,0.03439794124044442,0.04055769110933702
GARCH,BTC-USD,2026-06-11 06:15:00,0.0324524887107339,0.04052766406280342
GARCH,BTC-USD,2026-06-11 06:30:00,0.03166676827721413,0.04061072402482373
GARCH,BTC-USD,2026-06-11 06:45:00,0.03543203636900877,0.04063986571335708
GARCH,BTC-USD,2026-06-11 07:00:00,0.03355162740821817,0.04068448404822512
GARCH,BTC-USD,2026-06-11 07:15:00,0.034536844966614626,0.04059922130724497
GARCH,BTC-USD,2026-06-11 07:30:00,0.03375664498428205,0.040548208033382514
GARCH,BTC-USD,2026-06-11 07:45:00,0.031699954125955616,0.04050288031126867
GARCH,BTC-USD,2026-06-11 08:00:00,0.0322187562715991,0.04030824525336442
GARCH,BTC-USD,2026-06-11 08:15:00,0.03244180115479591,0.040142511070339296
GARCH,BTC-USD,2026-06-11 08:30:00,0.03148352486906812,0.04008630946440621
GARCH,BTC-USD,2026-06-11 08:45:00,0.03148536390400985,0.04010414855908713
GARCH,BTC-USD,2026-06-11 09:00:00,0.03063535423936963,0.040100871786613056
GARCH,BTC-USD,2026-06-11 09:15:00,0.029098142182074793,0.04007549520663949
GARCH,BTC-USD,2026-06-11 09:30:00,0.029903560135407174,0.04007407445521523
GARCH,BTC-USD,2026-06-11 09:45:00,0.027516127454222893,0.04006733694717496
GARCH,BTC-USD,2026-06-11 10:00:00,0.026394947858971667,0.04004068942338336
GARCH,BTC-USD,2026-06-11 10:15:00,0.025599396974936434,0.04005644488526442
GARCH,BTC-USD,2026-06-11 10:30:00,0.025337412215340378,0.040164207528220586
GARCH,BTC-USD,2026-06-11 10:45:00,0.03277018502076638,0.0401197517199209
GARCH,BTC-USD,2026-06-11 11:00:00,0.02887499597911787,0.0401063835853699
GARCH,BTC-USD,2026-06-11 11:15:00,0.028098763189724853,0.03995608043438252
GARCH,BTC-USD,2026-06-11 11:30:00,0.026535301640158594,0.03992935692853348
GARCH,BTC-USD,2026-06-11 11:45:00,0.02537613949877868,0.03975562482172064
GARCH,BTC-USD,2026-06-11 12:00:00,0.024483391066607085,0.04042878496676914
GARCH,BTC-USD,2026-06-11 12:15:00,0.054218516638635236,0.04056706494137445
GARCH,BTC-USD,2026-06-11 12:30:00,0.04888924537198032,0.040556924834639484
GARCH,BTC-USD,2026-06-11 12:45:00,0.047244744693627154,0.04002027346305716
GARCH,BTC-USD,2026-06-11 13:00:00,0.04521705318755506,0.040026788714781374
GARCH,BTC-USD,2026-06-11 13:15:00,0.04304559313352239,0.04008476573713157
GARCH,BTC-USD,2026-06-11 13:30:00,0.04289760887063099,0.040068126196007595
GARCH,BTC-USD,2026-06-11 13:45:00,0.04126232493214324,0.0402323808347635
GARCH,BTC-USD,2026-06-11 14:00:00,0.04788060424739433,0.03977732719981872
GARCH,BTC-USD,2026-06-11 14:15:00,0.047620699896553424,0.03985202929992244
GARCH,BTC-USD,2026-06-11 14:30:00,0.046616580545974805,0.03990201923812044
GARCH,BTC-USD,2026-06-11 14:45:00,0.04527237157745897,0.03988212477394143
GARCH,BTC-USD,2026-06-11 15:00:00,0.04206946612729593,0.03963669273722918
GARCH,BTC-USD,2026-06-11 15:15:00,0.03974657577455902,0.03964464558952152
GARCH,BTC-USD,2026-06-11 15:30:00,0.03766304315748007,0.03959225769313227
GARCH,BTC-USD,2026-06-11 15:45:00,0.036016284472826225,0.03957180223105731
GARCH,BTC-USD,2026-06-11 16:00:00,0.03435229486300177,0.03963409627490233
GARCH,BTC-USD,2026-06-11 16:15:00,0.03768673813874979,0.03961669965631886
GARCH,BTC-USD,2026-06-11 16:30:00,0.03381291853743062,0.03963371184184303
GARCH,BTC-USD,2026-06-11 16:45:00,0.033857361847336835,0.039667966103494545
GARCH,BTC-USD,2026-06-11 17:00:00,0.0333433243685116,0.04040170302501861
GARCH,BTC-USD,2026-06-11 17:15:00,0.059397307243627476,0.040826458565757416
GARCH,BTC-USD,2026-06-11 17:30:00,0.06337199085814868,0.04095077877647823
GARCH,BTC-USD,2026-06-11 17:45:00,0.06510251924832379,0.04102384362699142
GARCH,BTC-USD,2026-06-11 18:00:00,0.06082521873962487,0.04101553359295145
GARCH,BTC-USD,2026-06-11 18:15:00,0.05760571481329139,0.04109346226944619
GARCH,BTC-USD,2026-06-11 18:30:00,0.05631358276524421,0.041109379157675555
GARCH,BTC-USD,2026-06-11 18:45:00,0.05253923819828555,0.04112300835654634
GARCH,BTC-USD,2026-06-11 19:00:00,0.049906721598383955,0.0410899400642482
GARCH,BTC-USD,2026-06-11 19:15:00,0.046981152311725005,0.0405114342373288
GARCH,BTC-USD,2026-06-11 19:30:00,0.04513298788099745,0.040523043534405556
GARCH,BTC-USD,2026-06-11 19:45:00,0.04236846251062923,0.04054970305066021
GARCH,BTC-USD,2026-06-11 20:00:00,0.04088390110452781,0.04060852819491955
GARCH,BTC-USD,2026-06-11 20:15:00,0.04145621749946412,0.040620588309973414
GARCH,BTC-USD,2026-06-11 20:30:00,0.03900511666187036,0.040652429150361574
GARCH,BTC-USD,2026-06-11 20:45:00,0.038173815656329046,0.04072510098704091
GARCH,BTC-USD,2026-06-11 21:00:00,0.03898585649514855,0.04072825017863378
GARCH,BTC-USD,2026-06-11 21:15:00,0.0362485917127422,0.04071646519920651
GARCH,BTC-USD,2026-06-11 21:30:00,0.03468134123402392,0.04070895418374471
GARCH,BTC-USD,2026-06-11 21:45:00,0.03248998565118138,0.04074268412685136
GARCH,BTC-USD,2026-06-11 22:00:00,0.032679834646424266,0.040527467216710564
GARCH,BTC-USD,2026-06-11 22:15:00,0.030390441280638055,0.04048410919226611
GARCH,BTC-USD,2026-06-11 22:30:00,0.030348735719727037,0.04048408527677496
GARCH,BTC-USD,2026-06-11 22:45:00,0.02815947427455589,0.0402864581218757
GARCH,BTC-USD,2026-06-11 23:00:00,0.0287908775112948,0.04028147698755355
GARCH,BTC-USD,2026-06-11 23:15:00,0.026673553841461268,0.04044410908577772
GARCH,BTC-USD,2026-06-11 23:30:00,0.036621156576302744,0.04038394136193065
GARCH,BTC-USD,2026-06-11 23:45:00,0.031038784446163342,0.04042315815324529
GARCH,BTC-USD,2026-06-12 00:00:00,0.032915139495793416,0.04047334224195892
GARCH,BTC-USD,2026-06-12 00:15:00,0.03269423821523414,0.04040729313881302
GARCH,BTC-USD,2026-06-12 00:30:00,0.030636687495083137,0.04040190524105709
GARCH,BTC-USD,2026-06-12 00:45:00,0.02902440760123469,0.040483518569709886
GARCH,BTC-USD,2026-06-12 01:00:00,0.03282157293514395,0.04053418971568139
GARCH,BTC-USD,2026-06-12 01:15:00,0.032466768288049626,0.04052875651987353
GARCH,BTC-USD,2026-06-12 01:30:00,0.03020450210304674,0.04051529631319583
GARCH,BTC-USD,2026-06-12 01:45:00,0.02910790497255616,0.04045275942819583
GARCH,BTC-USD,2026-06-12 02:00:00,0.03624075711569039,0.04047243499966939
GARCH,BTC-USD,2026-06-12 02:15:00,0.033057142436924807,0.040485610735049735
GARCH,BTC-USD,2026-06-12 02:30:00,0.03252220762562805,0.04047055241400801
GARCH,BTC-USD,2026-06-12 02:45:00,0.030325943074785124,0.04044150613304641
GARCH,BTC-USD,2026-06-12 03:00:00,0.03005203490617846,0.0403581449039169
GARCH,BTC-USD,2026-06-12 03:15:00,0.029810275911595848,0.040299411350577075
GARCH,BTC-USD,2026-06-12 03:30:00,0.02793482217769754,0.0402705998467383
GARCH,BTC-USD,2026-06-12 03:45:00,0.02705498850483305,0.040252834736880815
GARCH,BTC-USD,2026-06-12 04:00:00,0.02552221748916024,0.04033675645247121
GARCH,BTC-USD,2026-06-12 04:15:00,0.03858712789812756,0.040327754395371083
GARCH,BTC-USD,2026-06-12 04:30:00,0.032720408859536095,0.04025125669204606
GARCH,BTC-USD,2026-06-12 04:45:00,0.03217007071906745,0.04021832526388214
GARCH,BTC-USD,2026-06-12 05:00:00,0.0403070569487017,0.03963900961566169
GARCH,BTC-USD,2026-06-12 05:15:00,0.03504535997383482,0.03946318959426751
GARCH,BTC-USD,2026-06-12 05:30:00,0.03528510230149505,0.0393726871507136
GARCH,BTC-USD,2026-06-12 05:45:00,0.03281204052115648,0.03935184882170741
GARCH,BTC-USD,2026-06-12 06:00:00,0.031577253703573276,0.039049636384384204
GARCH,BTC-USD,2026-06-12 06:15:00,0.0336294621515512,0.039235339738122064
GARCH,BTC-USD,2026-06-12 06:30:00,0.03938716039430511,0.039119490923518956
GARCH,BTC-USD,2026-06-12 06:45:00,0.035069306331502244,0.03905433246090672
GARCH,BTC-USD,2026-06-12 07:00:00,0.033703744224263026,0.039057761470348236
GARCH,BTC-USD,2026-06-12 07:15:00,0.03194847271048568,0.038902647137564215
GARCH,BTC-USD,2026-06-12 07:30:00,0.03022150873931959,0.03884925168954694
GARCH,BTC-USD,2026-06-12 07:45:00,0.02889763544971322,0.03881901066462257
GARCH,BTC-USD,2026-06-12 08:00:00,0.03477877595977816,0.038917105048388245
GARCH,BTC-USD,2026-06-12 08:15:00,0.038967337655905605,0.0389667689643222
GARCH,BTC-USD,2026-06-12 08:30:00,0.037154336013742954,0.038982940365991745
GARCH,BTC-USD,2026-06-12 08:45:00,0.035764157707302485,0.038996699461188646
GARCH,BTC-USD,2026-06-12 09:00:00,0.03487533545487729,0.0391143307402519
GARCH,BTC-USD,2026-06-12 09:15:00,0.038903065986476165,0.03908558039473001
GARCH,BTC-USD,2026-06-12 09:30:00,0.03715366067907169,0.03903610459503924
GARCH,BTC-USD,2026-06-12 09:45:00,0.03724965254930824,0.03903510280149048
GARCH,BTC-USD,2026-06-12 10:00:00,0.03431407771357155,0.039097098653674736
GARCH,BTC-USD,2026-06-12 10:15:00,0.03654776473971361,0.03911074207037314
GARCH,BTC-USD,2026-06-12 10:30:00,0.03383510119609347,0.038964831142887395
GARCH,BTC-USD,2026-06-12 10:45:00,0.03209558388392058,0.038984826937784975
GARCH,BTC-USD,2026-06-12 11:00:00,0.03323631816114693,0.03894491311549819
GARCH,BTC-USD,2026-06-12 11:15:00,0.03036742499958416,0.03894453434723766
GARCH,BTC-USD,2026-06-12 11:30:00,0.02913631105409839,0.038949696774212325
GARCH,BTC-USD,2026-06-12 11:45:00,0.02772458336379469,0.03900487626029986
GARCH,BTC-USD,2026-06-12 12:00:00,0.02946493091498029,0.038711325950091365
GARCH,BTC-USD,2026-06-12 12:15:00,0.03194992645373457,0.038716248719338694
GARCH,BTC-USD,2026-06-12 12:30:00,0.02914611458201502,0.038712061659189334
GARCH,BTC-USD,2026-06-12 12:45:00,0.02809003885665759,0.03869515686641051
GARCH,BTC-USD,2026-06-12 13:00:00,0.02648716102298118,0.03870951014876161
GARCH,BTC-USD,2026-06-12 13:15:00,0.02625917766516401,0.03894601658139837
GARCH,BTC-USD,2026-06-12 13:30:00,0.03762015510016064,0.03889692417423603
GARCH,BTC-USD,2026-06-12 13:45:00,0.03247429754034562,0.03907164427573639
GARCH,BTC-USD,2026-06-12 14:00:00,0.040323266017106354,0.0391687637703517
GARCH,BTC-USD,2026-06-12 14:15:00,0.04034523877216874,0.039205327474198436
GARCH,BTC-USD,2026-06-12 14:30:00,0.03903501139555239,0.039929303789956294
GARCH,BTC-USD,2026-06-12 14:45:00,0.06349105410800841,0.040269643629839966
GARCH,BTC-USD,2026-06-12 15:00:00,0.0641074407548142,0.04043433022803365
GARCH,BTC-USD,2026-06-12 15:15:00,0.06233505497318634,0.04023223910142865
GARCH,BTC-USD,2026-06-12 15:30:00,0.06238800921329229,0.040013810187412416
GARCH,BTC-USD,2026-06-12 15:45:00,0.06536795846084834,0.04020093779093803
GARCH,BTC-USD,2026-06-12 16:00:00,0.06511990345831976,0.04020426338158736
GARCH,BTC-USD,2026-06-12 16:15:00,0.05964476297306689,0.040086922418353446
GARCH,BTC-USD,2026-06-12 16:30:00,0.05638634928521627,0.04012166773681163
GARCH,BTC-USD,2026-06-12 16:45:00,0.05441022955312486,0.04007612708301271
GARCH,BTC-USD,2026-06-12 17:00:00,0.051597215178364235,0.040065413366870715
GARCH,BTC-USD,2026-06-12 17:15:00,0.048444886394836795,0.04000971283266837
GARCH,BTC-USD,2026-06-12 17:30:00,0.04534241689600672,0.03999210995618134
GARCH,BTC-USD,2026-06-12 17:45:00,0.04266671218601017,0.0399512001385998
GARCH,BTC-USD,2026-06-12 18:00:00,0.040279010645237624,0.039907089708038954
GARCH,BTC-USD,2026-06-12 18:15:00,0.037938821701105956,0.03991776875445548
GARCH,BTC-USD,2026-06-12 18:30:00,0.03680232879522271,0.04002717401569504
GARCH,BTC-USD,2026-06-12 18:45:00,0.03899310052881916,0.04001870151827841
GARCH,BTC-USD,2026-06-12 19:00:00,0.03528201107290583,0.040012947519966716
GARCH,BTC-USD,2026-06-12 19:15:00,0.033749414784990786,0.039832460165072185
GARCH,BTC-USD,2026-06-12 19:30:00,0.03333147490250084,0.039825239398977405
GARCH,BTC-USD,2026-06-12 19:45:00,0.03108498263099647,0.03976228453291686
GARCH,BTC-USD,2026-06-12 20:00:00,0.02958041682122743,0.039790299916231626
GARCH,BTC-USD,2026-06-12 20:15:00,0.030537885902661592,0.03978994765115854
GARCH,BTC-USD,2026-06-12 20:30:00,0.02805397150181913,0.03980114747162111
GARCH,BTC-USD,2026-06-12 20:45:00,0.02811756817224411,0.03986445540233109
GARCH,BTC-USD,2026-06-12 21:00:00,0.030607232815533736,0.03988570442554124
GARCH,BTC-USD,2026-06-12 21:15:00,0.029164696931018794,0.03986428962839596
GARCH,BTC-USD,2026-06-12 21:30:00,0.02758560724584399,0.039874618605919114
GARCH,BTC-USD,2026-06-12 21:45:00,0.026787358983297593,0.03984645566230305
GARCH,BTC-USD,2026-06-12 22:00:00,0.025379185867986338,0.039855975773390534
GARCH,BTC-USD,2026-06-12 22:15:00,0.026125913258910158,0.03984540181697237
GARCH,BTC-USD,2026-06-12 22:30:00,0.025669121206838737,0.03981783145629736
GARCH,BTC-USD,2026-06-12 22:45:00,0.024121685801823858,0.03981624432797672
GARCH,BTC-USD,2026-06-12 23:00:00,0.0237016259353212,0.0397787913870454
GARCH,BTC-USD,2026-06-12 23:15:00,0.022413795469451422,0.03951000541917954
GARCH,BTC-USD,2026-06-12 23:30:00,0.022236837423065803,0.03952237523082775
GARCH,BTC-USD,2026-06-12 23:45:00,0.022341483827398607,0.03939334190558181
GARCH,BTC-USD,2026-06-13 00:00:00,0.02109674466839373,0.039345726336780615
GARCH,BTC-USD,2026-06-13 00:15:00,0.021431414964380273,0.039346794793737754
GARCH,BTC-USD,2026-06-13 00:30:00,0.021172417965738082,0.0393327007800999
GARCH,BTC-USD,2026-06-13 00:45:00,0.0201161766442399,0.03930374081757394
GARCH,BTC-USD,2026-06-13 01:00:00,0.020715322915350443,0.03928367417529556
GARCH,BTC-USD,2026-06-13 01:15:00,0.01946514312550891,0.039304337632166564
GARCH,BTC-USD,2026-06-13 01:30:00,0.021382127141737848,0.03931049666145906
GARCH,BTC-USD,2026-06-13 01:45:00,0.02158152848515068,0.03915425406121908
GARCH,BTC-USD,2026-06-13 02:00:00,0.02080535970829402,0.0390134514483569
GARCH,BTC-USD,2026-06-13 02:15:00,0.02143369463222641,0.03903954228362859
GARCH,BTC-USD,2026-06-13 02:30:00,0.022164179015926235,0.0390395870552169
GARCH,BTC-USD,2026-06-13 02:45:00,0.020765222307048466,0.03895592318917413
GARCH,BTC-USD,2026-06-13 03:00:00,0.02015025240064885,0.039024810045453336
GARCH,BTC-USD,2026-06-13 03:15:00,0.024369680227709165,0.03811371451023394
GARCH,BTC-USD,2026-06-13 03:30:00,0.021685799066259382,0.03805208461667766
GARCH,BTC-USD,2026-06-13 03:45:00,0.021424101453549626,0.03804529277535712
GARCH,BTC-USD,2026-06-13 04:00:00,0.020389483976551676,0.03804480180908569
GARCH,BTC-USD,2026-06-13 04:15:00,0.019800633236960394,0.03578917354739441
GARCH,BTC-USD,2026-06-13 04:30:00,0.020762364070426798,0.03566021173976367
GARCH,BTC-USD,2026-06-13 04:45:00,0.02253026209610447,0.0355965120356035
GARCH,BTC-USD,2026-06-13 05:00:00,0.021450561311945247,0.03559130322962847
GARCH,BTC-USD,2026-06-13 05:15:00,0.02060596606255882,0.035536561405279166
GARCH,BTC-USD,2026-06-13 05:30:00,0.01986741124310411,0.03531901541596635
GARCH,BTC-USD,2026-06-13 05:45:00,0.01912978981772524,0.03507822346941238
GARCH,BTC-USD,2026-06-13 06:00:00,0.01848828218228353,0.03474110547958931
GARCH,BTC-USD,2026-06-13 06:15:00,0.02035013375892991,0.03468109446838202
GARCH,BTC-USD,2026-06-13 06:30:00,0.018794239203130753,0.034475074106582786
GARCH,BTC-USD,2026-06-13 06:45:00,0.01964860805566123,0.034089408241869255
GARCH,BTC-USD,2026-06-13 07:00:00,0.018523632374148006,0.03409115058002258
GARCH,BTC-USD,2026-06-13 07:15:00,0.01908219496253344,0.03408351635222556
GARCH,BTC-USD,2026-06-13 07:30:00,0.01867368302775864,0.03408330046309869
GARCH,BTC-USD,2026-06-13 07:45:00,0.018110726716474228,0.034024735917160494
GARCH,BTC-USD,2026-06-13 08:00:00,0.0184152950652925,0.03385618895437901
GARCH,BTC-USD,2026-06-13 08:15:00,0.017819372370254705,0.033759329309065236
GARCH,BTC-USD,2026-06-13 08:30:00,0.018314540066372287,0.033574218473055514
GARCH,BTC-USD,2026-06-13 08:45:00,0.018942625896642376,0.03357198580933253
GARCH,BTC-USD,2026-06-13 09:00:00,0.017942456093680875,0.033564361684649664
GARCH,BTC-USD,2026-06-13 09:15:00,0.017570389403282406,0.03327982079959255
GARCH,BTC-USD,2026-06-13 09:30:00,0.01703081241046741,0.03325977372687332
GARCH,BTC-USD,2026-06-13 09:45:00,0.018574983161267176,0.03319470878332195
GARCH,BTC-USD,2026-06-13 10:00:00,0.017917279468712313,0.03319003993329145
GARCH,BTC-USD,2026-06-13 10:15:00,0.0174349355386346,0.03301603335466561
GARCH,BTC-USD,2026-06-13 10:30:00,0.01894219411074836,0.03299174167940973
GARCH,BTC-USD,2026-06-13 10:45:00,0.017819285093658252,0.03293555828703067
GARCH,BTC-USD,2026-06-13 11:00:00,0.01902744148102338,0.03290811009608905
GARCH,BTC-USD,2026-06-13 11:15:00,0.01825034371421476,0.03286619890227673
GARCH,BTC-USD,2026-06-13 11:30:00,0.01811676484213512,0.03287268175383845
GARCH,BTC-USD,2026-06-13 11:45:00,0.018312641046518793,0.03260037212193791
GARCH,BTC-USD,2026-06-13 12:00:00,0.017656515037339504,0.03259951187283536
GARCH,BTC-USD,2026-06-13 12:15:00,0.01726014698046158,0.03256299516355954
GARCH,BTC-USD,2026-06-13 12:30:00,0.017450751545823644,0.032154771870458565
GARCH,BTC-USD,2026-06-13 12:45:00,0.021664168229945827,0.03209120488917535
GARCH,BTC-USD,2026-06-13 13:00:00,0.019858668491844464,0.032099938969610296
GARCH,BTC-USD,2026-06-13 13:15:00,0.02048552903942683,0.03179154540708727
GARCH,BTC-USD,2026-06-13 13:30:00,0.020402392967726526,0.03168749087922817
GARCH,BTC-USD,2026-06-13 13:45:00,0.020398556339002092,0.031547093959322724
GARCH,BTC-USD,2026-06-13 14:00:00,0.020058690331725637,0.031079173026445025
GARCH,BTC-USD,2026-06-13 14:15:00,0.019348221816100696,0.03108416902311159
GARCH,BTC-USD,2026-06-13 14:30:00,0.019401842406376265,0.031079451161836958
GARCH,BTC-USD,2026-06-13 14:45:00,0.01890369143674514,0.03097626877541176
GARCH,BTC-USD,2026-06-13 15:00:00,0.01942652370199653,0.030825293738914804
GARCH,BTC-USD,2026-06-13 15:15:00,0.018399029878688418,0.030786912442698884
GARCH,BTC-USD,2026-06-13 15:30:00,0.018677169564395853,0.030792123817637802
GARCH,BTC-USD,2026-06-13 15:45:00,0.01874238203819379,0.03079715182258127
GARCH,BTC-USD,2026-06-13 16:00:00,0.027983651396364,0.03077473823208482
GARCH,BTC-USD,2026-06-13 16:15:00,0.02618246719013161,0.03077047518936784
GARCH,BTC-USD,2026-06-13 16:30:00,0.0260642847769831,0.030761795621055597
GARCH,BTC-USD,2026-06-13 16:45:00,0.024606288478135115,0.030772214735839295
GARCH,BTC-USD,2026-06-13 17:00:00,0.024263671888428668,0.030760635807102307
GARCH,BTC-USD,2026-06-13 17:15:00,0.02617986203898614,0.030760785800823903
GARCH,BTC-USD,2026-06-13 17:30:00,0.023937077061904757,0.03082713524182009
GARCH,BTC-USD,2026-06-13 17:45:00,0.027010842893536544,0.030836082559281622
GARCH,BTC-USD,2026-06-13 18:00:00,0.02650073638819844,0.03088422118401327
GARCH,BTC-USD,2026-06-13 18:15:00,0.02801884410900447,0.030638566506215194
GARCH,BTC-USD,2026-06-13 18:30:00,0.027057779715112053,0.03030501916559307
GARCH,BTC-USD,2026-06-13 18:45:00,0.0281451594465106,0.03030935955178159
GARCH,BTC-USD,2026-06-13 19:00:00,0.026284416473723506,0.030300372182252944
GARCH,BTC-USD,2026-06-13 19:15:00,0.025144376590400974,0.030332574501754903
GARCH,BTC-USD,2026-06-13 19:30:00,0.026078427452790976,0.03031783249619482
GARCH,BTC-USD,2026-06-13 19:45:00,0.024079218196233376,0.03027162829352566
GARCH,BTC-USD,2026-06-13 20:00:00,0.0232465260611699,0.030276815249719178
GARCH,BTC-USD,2026-06-13 20:15:00,0.022300075854628006,0.030261399037502974
GARCH,BTC-USD,2026-06-13 20:30:00,0.021308242158312826,0.030225553181147693
GARCH,BTC-USD,2026-06-13 20:45:00,0.020753069281683138,0.03012074031701045
GARCH,BTC-USD,2026-06-13 21:00:00,0.020344485798027716,0.030088835489587146
GARCH,BTC-USD,2026-06-13 21:15:00,0.019441161703667283,0.0304847188354887
GARCH,BTC-USD,2026-06-13 21:30:00,0.03874786020556693,0.03037378343961076
GARCH,BTC-USD,2026-06-13 21:45:00,0.03253951835802568,0.030330675685936847
GARCH,BTC-USD,2026-06-13 22:00:00,0.03236963400525114,0.030294593418781792
GARCH,BTC-USD,2026-06-13 22:15:00,0.031630983595067996,0.03023342627294619
GARCH,BTC-USD,2026-06-13 22:30:00,0.029531490406166296,0.0302561508160065
GARCH,BTC-USD,2026-06-13 22:45:00,0.02908645613931856,0.030212778985598696
GARCH,BTC-USD,2026-06-13 23:00:00,0.027241960583634414,0.030155370620747524
GARCH,BTC-USD,2026-06-13 23:15:00,0.025961679795035764,0.03011191772441083
GARCH,BTC-USD,2026-06-13 23:30:00,0.024640508691788056,0.030079211042740462
GARCH,BTC-USD,2026-06-13 23:45:00,0.02384582217803718,0.03003953565371398
GARCH,BTC-USD,2026-06-14 00:00:00,0.02266562659309109,0.03002983144070481
GARCH,BTC-USD,2026-06-14 00:15:00,0.021968974085595023,0.0300189843172327
GARCH,BTC-USD,2026-06-14 00:30:00,0.023441252096859596,0.030017966335451975
GARCH,BTC-USD,2026-06-14 00:45:00,0.021596191762321942,0.030030853758268642
GARCH,BTC-USD,2026-06-14 01:00:00,0.02213674680250988,0.030016758298415464
GARCH,BTC-USD,2026-06-14 01:15:00,0.02093340077840604,0.03003558726712743
GARCH,BTC-USD,2026-06-14 01:30:00,0.022114205682443863,0.02985708998584325
GARCH,BTC-USD,2026-06-14 01:45:00,0.020764521641046998,0.0298481200188001
GARCH,BTC-USD,2026-06-14 02:00:00,0.02017980817740986,0.029870010788256476
GARCH,BTC-USD,2026-06-14 02:15:00,0.020723281507119155,0.029870531160123285
GARCH,BTC-USD,2026-06-14 02:30:00,0.01978681602829433,0.029870258811736158
GARCH,BTC-USD,2026-06-14 02:45:00,0.019321442944247594,0.02986461648859866
GARCH,BTC-USD,2026-06-14 03:00:00,0.018587176485610677,0.028910372879040212
GARCH,BTC-USD,2026-06-14 03:15:00,0.01836468497542765,0.028690990766957518
GARCH,BTC-USD,2026-06-14 03:30:00,0.018237117770406687,0.028675224478192433
GARCH,BTC-USD,2026-06-14 03:45:00,0.018452862420515404,0.02862839339595828
GARCH,BTC-USD,2026-06-14 04:00:00,0.01818668466934118,0.02859646886939178
GARCH,BTC-USD,2026-06-14 04:15:00,0.017776528444123068,0.028540350889590938
GARCH,BTC-USD,2026-06-14 04:30:00,0.01896193915403591,0.028502460820224004
GARCH,BTC-USD,2026-06-14 04:45:00,0.01870271073962558,0.02815906125107599
GARCH,BTC-USD,2026-06-14 05:00:00,0.018389347322642333,0.027985679557527326
GARCH,BTC-USD,2026-06-14 05:15:00,0.019274036143574858,0.027877379871644604
GARCH,BTC-USD,2026-06-14 05:30:00,0.018882531676115675,0.02779001539913695
GARCH,BTC-USD,2026-06-14 05:45:00,0.018165628851893347,0.02783311258187317
GARCH,BTC-USD,2026-06-14 06:00:00,0.0211981570660983,0.02787434935944943
GARCH,BTC-USD,2026-06-14 06:15:00,0.021445376867229384,0.027935710474205067
GARCH,BTC-USD,2026-06-14 06:30:00,0.024061326512116975,0.02792125988888204
GARCH,BTC-USD,2026-06-14 06:45:00,0.02206838639065224,0.027921662292338178
GARCH,BTC-USD,2026-06-14 07:00:00,0.022139638912270092,0.02780786492971562
GARCH,BTC-USD,2026-06-14 07:15:00,0.024136987962656464,0.027821047141823863
GARCH,BTC-USD,2026-06-14 07:30:00,0.022675277687857185,0.02783687631762648
GARCH,BTC-USD,2026-06-14 07:45:00,0.025280365775257184,0.027775993457522057
GARCH,BTC-USD,2026-06-14 08:00:00,0.0229742310336702,0.026728951350899446
GARCH,BTC-USD,2026-06-14 08:15:00,0.022857674113033122,0.026023835584199642
GARCH,BTC-USD,2026-06-14 08:30:00,0.021789549083025397,0.02560993076077302
GARCH,BTC-USD,2026-06-14 08:45:00,0.020899171559608326,0.02549027608941923
GARCH,BTC-USD,2026-06-14 09:00:00,0.020327051271407118,0.025471702115174084
GARCH,BTC-USD,2026-06-14 09:15:00,0.020841567404164558,0.025511613331745283
GARCH,BTC-USD,2026-06-14 09:30:00,0.027590725698939722,0.025493197098861803
GARCH,BTC-USD,2026-06-14 09:45:00,0.02497520383594601,0.02550513576702877
GARCH,BTC-USD,2026-06-14 10:00:00,0.02564381438106593,0.025506503306375796
GARCH,BTC-USD,2026-06-14 10:15:00,0.02473800193031076,0.02546518395142411
GARCH,BTC-USD,2026-06-14 10:30:00,0.023472556468694134,0.025481961473391445
GARCH,BTC-USD,2026-06-14 10:45:00,0.024015758688921085,0.025441689401913346
GARCH,BTC-USD,2026-06-14 11:00:00,0.022681159413784492,0.025314704370193567
GARCH,BTC-USD,2026-06-14 11:15:00,0.021883774070500496,0.025277144097788647
GARCH,BTC-USD,2026-06-14 11:30:00,0.0211106933862617,0.025252985136144945
GARCH,BTC-USD,2026-06-14 11:45:00,0.021401383582353935,0.02516266325261237
GARCH,BTC-USD,2026-06-14 12:00:00,0.02135755919261097,0.025138698477043666
GARCH,BTC-USD,2026-06-14 12:15:00,0.020240698464088682,0.025185961456485013
GARCH,BTC-USD,2026-06-14 12:30:00,0.022508081705302913,0.025189766574253536
GARCH,BTC-USD,2026-06-14 12:45:00,0.020792731535793543,0.02514076533439877
GARCH,BTC-USD,2026-06-14 13:00:00,0.020434505675180136,0.025162874154146805
GARCH,BTC-USD,2026-06-14 13:15:00,0.021073232797289558,0.02514882743462305
GARCH,BTC-USD,2026-06-14 13:30:00,0.021381983406121564,0.025163337786778966
GARCH,BTC-USD,2026-06-14 13:45:00,0.02084452349592887,0.025112128722932975
GARCH,BTC-USD,2026-06-14 14:00:00,0.019914302920204227,0.025218719952384127
GARCH,BTC-USD,2026-06-14 14:15:00,0.02454710277151601,0.025144665054045483
GARCH,BTC-USD,2026-06-14 14:30:00,0.031543992919765645,0.025152157500529727
GARCH,BTC-USD,2026-06-14 14:45:00,0.02753687589743715,0.025162091689745526
GARCH,BTC-USD,2026-06-14 15:00:00,0.029765787850228376,0.025089134527620984
GARCH,BTC-USD,2026-06-14 15:15:00,0.02745284492001918,0.025084144524072916
GARCH,BTC-USD,2026-06-14 15:30:00,0.026421076429297412,0.025084963671415876
GARCH,BTC-USD,2026-06-14 15:45:00,0.02500197880646206,0.024965403530690832
GARCH,BTC-USD,2026-06-14 16:00:00,0.025298060202881428,0.024879541619035824
GARCH,BTC-USD,2026-06-14 16:15:00,0.023890829420479973,0.024878140897763232
GARCH,BTC-USD,2026-06-14 16:30:00,0.022912133617922967,0.02509635821693552
GARCH,BTC-USD,2026-06-14 16:45:00,0.03102876183838616,0.02484268832869115
GARCH,BTC-USD,2026-06-14 17:00:00,0.026562222917206595,0.024808244746028437
GARCH,BTC-USD,2026-06-14 17:15:00,0.026971231450815335,0.02479849966013063
GARCH,BTC-USD,2026-06-14 17:30:00,0.025800943719981338,0.02485234274617179
GARCH,BTC-USD,2026-06-14 17:45:00,0.02693579781588338,0.024817269262960698
GARCH,BTC-USD,2026-06-14 18:00:00,0.024785373858494688,0.024768235084064248
GARCH,BTC-USD,2026-06-14 18:15:00,0.02388768251292903,0.02477638627068247
GARCH,BTC-USD,2026-06-14 18:30:00,0.023330740521817963,0.024771747807552674
GARCH,BTC-USD,2026-06-14 18:45:00,0.022468885822766002,0.024775093499575573
GARCH,BTC-USD,2026-06-14 19:00:00,0.021637772698943313,0.024363547742392116
GARCH,BTC-USD,2026-06-14 19:15:00,0.020794200916492284,0.024348587151564825
GARCH,BTC-USD,2026-06-14 19:30:00,0.020395535062115163,0.024353062586968576
GARCH,BTC-USD,2026-06-14 19:45:00,0.019844508913484105,0.024006056839720118
GARCH,BTC-USD,2026-06-14 20:00:00,0.019131597016202057,0.024050694142807926
GARCH,BTC-USD,2026-06-14 20:15:00,0.021507740226969347,0.024080966647403883
GARCH,BTC-USD,2026-06-14 20:30:00,0.02352524309305321,0.02407759225145302
GARCH,BTC-USD,2026-06-14 20:45:00,0.021780486320218822,0.02410427055292524
GARCH,BTC-USD,2026-06-14 21:00:00,0.02328558214734626,0.02615598218067513
GARCH,BTC-USD,2026-06-14 21:15:00,0.07324737731027546,0.02693769357391894
GARCH,BTC-USD,2026-06-14 21:30:00,0.07614333831942195,0.026930981549174855
GARCH,BTC-USD,2026-06-14 21:45:00,0.06881578136007033,0.027133318900367076
GARCH,BTC-USD,2026-06-14 22:00:00,0.06804635175335837,0.02715722099988236
GARCH,BTC-USD,2026-06-14 22:15:00,0.06309463123751076,0.027415617624409614
GARCH,BTC-USD,2026-06-14 22:30:00,0.06472496588186107,0.027422578518627196
GARCH,BTC-USD,2026-06-14 22:45:00,0.058678914503097396,0.027325793997381775
GARCH,BTC-USD,2026-06-14 23:00:00,0.05751577812761651,0.027156429559328274
GARCH,BTC-USD,2026-06-14 23:15:00,0.05437464905831677,0.02713216456048984
GARCH,BTC-USD,2026-06-14 23:30:00,0.051975564716593516,0.027230004950423516
GARCH,BTC-USD,2026-06-14 23:45:00,0.051523780184081665,0.027277218175485403
GARCH,BTC-USD,2026-06-15 00:00:00,0.04964198007155458,0.02718772524791204
GARCH,BTC-USD,2026-06-15 00:15:00,0.04772280009237531,0.027331953924798917
GARCH,BTC-USD,2026-06-15 00:30:00,0.04919530122348043,0.027262328671256008
GARCH,BTC-USD,2026-06-15 00:45:00,0.04521169422850296,0.027327414941776672
GARCH,BTC-USD,2026-06-15 01:00:00,0.04429797244937812,0.027260883226239967
GARCH,BTC-USD,2026-06-15 01:15:00,0.04247897981320806,0.027629333370904497
GARCH,BTC-USD,2026-06-15 01:30:00,0.050294500706309836,0.027788181041615664
GARCH,BTC-USD,2026-06-15 01:45:00,0.04756551945925464,0.027792040490976125
GARCH,BTC-USD,2026-06-15 02:00:00,0.04658303654875717,0.027793590040561
GARCH,BTC-USD,2026-06-15 02:15:00,0.04299782877261615,0.02782339791645493
GARCH,BTC-USD,2026-06-15 02:30:00,0.04141735258785635,0.027865136191539307
GARCH,BTC-USD,2026-06-15 02:45:00,0.03993936921550041,0.02801002133758946
GARCH,BTC-USD,2026-06-15 03:00:00,0.044331180258777136,0.027879815748446963
GARCH,BTC-USD,2026-06-15 03:15:00,0.0395050983860415,0.027978694636019832
GARCH,BTC-USD,2026-06-15 03:30:00,0.04168568302470718,0.027976711369388476
GARCH,BTC-USD,2026-06-15 03:45:00,0.03763486869697905,0.02813404415528883
GARCH,BTC-USD,2026-06-15 04:00:00,0.0403832433415701,0.028106608019239736
GARCH,BTC-USD,2026-06-15 04:15:00,0.036294336156807536,0.02776588557579214
GARCH,BTC-USD,2026-06-15 04:30:00,0.03493708936043688,0.02775754133634246
GARCH,BTC-USD,2026-06-15 04:45:00,0.032950355700361436,0.027522445289850452
GARCH,BTC-USD,2026-06-15 05:00:00,0.03143776524998455,0.027432341151178038
GARCH,BTC-USD,2026-06-15 05:15:00,0.0323631096703328,0.02740448135254759
GARCH,BTC-USD,2026-06-15 05:30:00,0.0312187741073191,0.0263717050794975
GARCH,BTC-USD,2026-06-15 05:45:00,0.03243810913242824,0.025791163844359158
GARCH,BTC-USD,2026-06-15 06:00:00,0.029733695536040595,0.025548605185615015
GARCH,BTC-USD,2026-06-15 06:15:00,0.028941480618183243,0.025342770974247426
GARCH,BTC-USD,2026-06-15 06:30:00,0.029998439425367094,0.024854156445947625
GARCH,BTC-USD,2026-06-15 06:45:00,0.02750819917803846,0.024497308663767446
GARCH,BTC-USD,2026-06-15 07:00:00,0.026400415909783016,0.02456739536646642
GARCH,BTC-USD,2026-06-15 07:15:00,0.028419941914413598,0.02477486548772783
GARCH,BTC-USD,2026-06-15 07:30:00,0.03327740944385718,0.024724661148260184
GARCH,BTC-USD,2026-06-15 07:45:00,0.03041339737688741,0.02466763605513859
GARCH,BTC-USD,2026-06-15 08:00:00,0.02960374722244802,0.02466447480904393
GARCH,BTC-USD,2026-06-15 08:15:00,0.028262260392327737,0.024696298917685253
GARCH,BTC-USD,2026-06-15 08:30:00,0.028149071426843118,0.024757106115395333
GARCH,BTC-USD,2026-06-15 08:45:00,0.028432090151389974,0.024743909641404542
GARCH,BTC-USD,2026-06-15 09:00:00,0.026446818960111616,0.02474270392855489
GARCH,BTC-USD,2026-06-15 09:15:00,0.025514617022562087,0.024741152727511345
GARCH,BTC-USD,2026-06-15 09:30:00,0.0253348243873415,0.024567219369273002
GARCH,BTC-USD,2026-06-15 09:45:00,0.023820038136599147,0.024649840164203716
GARCH,BTC-USD,2026-06-15 10:00:00,0.026870802260932688,0.024652949686769027
GARCH,BTC-USD,2026-06-15 10:15:00,0.024248178591947146,0.024601692632154802
GARCH,BTC-USD,2026-06-15 10:30:00,0.024060987338115486,0.024698063853826027
GARCH,BTC-USD,2026-06-15 10:45:00,0.02771464620231263,0.02469735741405567
GARCH,BTC-USD,2026-06-15 11:00:00,0.024869580684852625,0.02507351815805686
GARCH,BTC-USD,2026-06-15 11:15:00,0.04083223286590487,0.025135371645645995
GARCH,BTC-USD,2026-06-15 11:30:00,0.03484870726707733,0.025113927176274316
GARCH,BTC-USD,2026-06-15 11:45:00,0.03488976371808434,0.02502062607746746
GARCH,BTC-USD,2026-06-15 12:00:00,0.03270802137852565,0.02497088657423173
GARCH,BTC-USD,2026-06-15 12:15:00,0.030905427588315236,0.025118505646239346
GARCH,BTC-USD,2026-06-15 12:30:00,0.03503148848615275,0.025124784855113932
GARCH,BTC-USD,2026-06-15 12:45:00,0.032547580928744296,0.025128812374307925
GARCH,BTC-USD,2026-06-15 13:00:00,0.03127873025223743,0.0252998741768558
GARCH,BTC-USD,2026-06-15 13:15:00,0.03725278245243914,0.025599233881267624
GARCH,BTC-USD,2026-06-15 13:30:00,0.04165545087485243,0.025705796287799693
GARCH,BTC-USD,2026-06-15 13:45:00,0.03966853437011694,0.025687356456752408
GARCH,BTC-USD,2026-06-15 14:00:00,0.03707544658299123,0.025733268004848597
GARCH,BTC-USD,2026-06-15 14:15:00,0.036801120610473234,0.025730548434325144
GARCH,BTC-USD,2026-06-15 14:30:00,0.034063141050638644,0.0257214823886341
GARCH,BTC-USD,2026-06-15 14:45:00,0.032779949885629274,0.02572489165286404
GARCH,BTC-USD,2026-06-15 15:00:00,0.030964773105364562,0.025697622637921386
GARCH,BTC-USD,2026-06-15 15:15:00,0.029429080716524066,0.025923452294602925
GARCH,BTC-USD,2026-06-15 15:30:00,0.03714700292229588,0.026460036985132183
GARCH,BTC-USD,2026-06-15 15:45:00,0.04898358302206999,0.02644877758665692
GARCH,BTC-USD,2026-06-15 16:00:00,0.04156296073190965,0.026476465530955055
GARCH,BTC-USD,2026-06-15 16:15:00,0.041008810551987344,0.026452375007585485
GARCH,BTC-USD,2026-06-15 16:30:00,0.037904672844968484,0.0264308588962205
GARCH,BTC-USD,2026-06-15 16:45:00,0.035846997672015476,0.026715753025004917
GARCH,BTC-USD,2026-06-15 17:00:00,0.042003265654863,0.026714232074561292
GARCH,BTC-USD,2026-06-15 17:15:00,0.03767126705285442,0.026672559291218607
GARCH,BTC-USD,2026-06-15 17:30:00,0.036349062562478565,0.02668014510523136
GARCH,BTC-USD,2026-06-15 17:45:00,0.034034523224429375,0.02669104338565319
GARCH,BTC-USD,2026-06-15 18:00:00,0.03236883614580561,0.026580163708242614
GARCH,BTC-USD,2026-06-15 18:15:00,0.03045928301503029,0.026583433607162213
GARCH,BTC-USD,2026-06-15 18:30:00,0.028897291983209426,0.026591219077071026
GARCH,BTC-USD,2026-06-15 18:45:00,0.02750036601190496,0.0266177944263524
GARCH,BTC-USD,2026-06-15 19:00:00,0.027738172029119528,0.027133578878424474
GARCH,BTC-USD,2026-06-15 19:15:00,0.04229926791312626,0.02725604308792272
GARCH,BTC-USD,2026-06-15 19:30:00,0.039959895900694105,0.027284148923796128
GARCH,BTC-USD,2026-06-15 19:45:00,0.03996935688661134,0.027283113929190212
GARCH,BTC-USD,2026-06-15 20:00:00,0.03686403027586612,0.027283324582340528
GARCH,BTC-USD,2026-06-15 20:15:00,0.03497985520289317,0.02728323989870403
GARCH,BTC-USD,2026-06-15 20:30:00,0.03286372345211338,0.02731602229328537
GARCH,BTC-USD,2026-06-15 20:45:00,0.031971040671095775,0.027315075629192727
GARCH,BTC-USD,2026-06-15 21:00:00,0.02984914527973596,0.027347056865458658
GARCH,BTC-USD,2026-06-15 21:15:00,0.030455766122466893,0.027348263003029748
GARCH,BTC-USD,2026-06-15 21:30:00,0.028208397656823533,0.027365143406608033
GARCH,BTC-USD,2026-06-15 21:45:00,0.02793960585963168,0.027363632433143915
GARCH,BTC-USD,2026-06-15 22:00:00,0.02609178768607407,0.027548284597841827
GARCH,BTC-USD,2026-06-15 22:15:00,0.03246670995381424,0.027607586035737732
GARCH,BTC-USD,2026-06-15 22:30:00,0.031132935768257763,0.027656860365237533
GARCH,BTC-USD,2026-06-15 22:45:00,0.030918615274610085,0.027651762155036383
GARCH,BTC-USD,2026-06-15 23:00:00,0.029426666335531006,0.027656962489248337
GARCH,BTC-USD,2026-06-15 23:15:00,0.027942422508289065,0.027651668640627153
GARCH,BTC-USD,2026-06-15 23:30:00,0.026799677729994364,0.02762517822684753
GARCH,BTC-USD,2026-06-15 23:45:00,0.025642729927991024,0.027641755353902422
GARCH,BTC-USD,2026-06-16 00:00:00,0.025428028940598764,0.02773203056288998
GARCH,BTC-USD,2026-06-16 00:15:00,0.027465705915344942,0.027820559693514435
GARCH,BTC-USD,2026-06-16 00:30:00,0.029478605329389302,0.027893112869186654
GARCH,BTC-USD,2026-06-16 00:45:00,0.030720904443655703,0.027889538233675563
GARCH,BTC-USD,2026-06-16 01:00:00,0.028245747841723883,0.027912221895937287
GARCH,BTC-USD,2026-06-16 01:15:00,0.028390962169943038,0.027891995648600468
GARCH,BTC-USD,2026-06-16 01:30:00,0.026380554415665124,0.027889928367408338
GARCH,BTC-USD,2026-06-16 01:45:00,0.025268475056034925,0.028222380062828047
GARCH,BTC-USD,2026-06-16 02:00:00,0.03718073597298715,0.028540734716485154
GARCH,BTC-USD,2026-06-16 02:15:00,0.041794370823240834,0.028563601138038765
GARCH,BTC-USD,2026-06-16 02:30:00,0.03809783516402821,0.028641077492228904
GARCH,BTC-USD,2026-06-16 02:45:00,0.03893304596343152,0.02865010514299979
GARCH,BTC-USD,2026-06-16 03:00:00,0.036066663764780134,0.028751103956660955
GARCH,BTC-USD,2026-06-16 03:15:00,0.037948561136207676,0.0288241527662671
GARCH,BTC-USD,2026-06-16 03:30:00,0.037551598756698785,0.02876112668248383
GARCH,BTC-USD,2026-06-16 03:45:00,0.03482401900746391,0.028756824622427388
GARCH,BTC-USD,2026-06-16 04:00:00,0.03296851166341583,0.028874707200541805
GARCH,BTC-USD,2026-06-16 04:15:00,0.03549197294983839,0.028889745319013126
GARCH,BTC-USD,2026-06-16 04:30:00,0.0333135814423761,0.028880207300334883
GARCH,BTC-USD,2026-06-16 04:45:00,0.031786675809709695,0.028991052596431015
GARCH,BTC-USD,2026-06-16 05:00:00,0.03483327657355616,0.028996526922168937
GARCH,BTC-USD,2026-06-16 05:15:00,0.03181110737838619,0.028988563386871096
GARCH,BTC-USD,2026-06-16 05:30:00,0.03040694941954032,0.02899056405385182
GARCH,BTC-USD,2026-06-16 05:45:00,0.028765319499990432,0.02903602361547819
GARCH,BTC-USD,2026-06-16 06:00:00,0.030200846777615878,0.029106042513048692
GARCH,BTC-USD,2026-06-16 06:15:00,0.03111136715116728,0.02910603191068488
GARCH,BTC-USD,2026-06-16 06:30:00,0.02948081352053112,0.029101368824481628
GARCH,BTC-USD,2026-06-16 06:45:00,0.028277704988518323,0.028951717935436497
GARCH,BTC-USD,2026-06-16 07:00:00,0.028445140028341573,0.02889705264232636
GARCH,BTC-USD,2026-06-16 07:15:00,0.026413558666012072,0.02887992593794113
GARCH,BTC-USD,2026-06-16 07:30:00,0.025275831639252167,0.02887923179743474
GARCH,BTC-USD,2026-06-16 07:45:00,0.02448680434653792,0.028888189427635876
GARCH,BTC-USD,2026-06-16 08:00:00,0.0250412956421658,0.02884462022438598
GARCH,BTC-USD,2026-06-16 08:15:00,0.02425893028649825,0.02886196404001804
GARCH,BTC-USD,2026-06-16 08:30:00,0.024290021117375497,0.029048505881512882
GARCH,BTC-USD,2026-06-16 08:45:00,0.03598385485222829,0.029089867013439612
GARCH,BTC-USD,2026-06-16 09:00:00,0.032507882452295876,0.029130285444100935
GARCH,BTC-USD,2026-06-16 09:15:00,0.03429567593519877,0.02912717376091994
GARCH,BTC-USD,2026-06-16 09:30:00,0.03209209272821599,0.029215089084466173
GARCH,BTC-USD,2026-06-16 09:45:00,0.035789259442414886,0.029212766678120606
GARCH,BTC-USD,2026-06-16 10:00:00,0.03211547625183109,0.02926152518347579
GARCH,BTC-USD,2026-06-16 10:15:00,0.033235608215019814,0.02924370280804048
GARCH,BTC-USD,2026-06-16 10:30:00,0.03088841630697059,0.02929918290958977
GARCH,BTC-USD,2026-06-16 10:45:00,0.03134977153909627,0.02929655014526408
GARCH,BTC-USD,2026-06-16 11:00:00,0.028891463315130057,0.02929824993546116
GARCH,BTC-USD,2026-06-16 11:15:00,0.0278343725731827,0.02932060912126526
GARCH,BTC-USD,2026-06-16 11:30:00,0.027098610952295245,0.029337044314075147
GARCH,BTC-USD,2026-06-16 11:45:00,0.02661428988413396,0.029334482536016924
GARCH,BTC-USD,2026-06-16 12:00:00,0.025615737019448057,0.02933692503395691
GARCH,BTC-USD,2026-06-16 12:15:00,0.024500094434762067,0.02894761909694408
GARCH,BTC-USD,2026-06-16 12:30:00,0.024879502399835614,0.028924879386107712
GARCH,BTC-USD,2026-06-16 12:45:00,0.024414843976058444,0.02910338707863429
GARCH,BTC-USD,2026-06-16 13:00:00,0.03143795382602178,0.02923563420778224
GARCH,BTC-USD,2026-06-16 13:15:00,0.03399839271188881,0.029286454408634217
GARCH,BTC-USD,2026-06-16 13:30:00,0.03271751926716508,0.029287123408796856
GARCH,BTC-USD,2026-06-16 13:45:00,0.03169385289659447,0.02928619578484166
GARCH,BTC-USD,2026-06-16 14:00:00,0.02971394243577543,0.030153912229132017
GARCH,BTC-USD,2026-06-16 14:15:00,0.05503247940288057,0.03020657891570432
GARCH,BTC-USD,2026-06-16 14:30:00,0.04543795755339359,0.030203349557216135
GARCH,BTC-USD,2026-06-16 14:45:00,0.04488819579477541,0.03035613318283728
GARCH,BTC-USD,2026-06-16 15:00:00,0.04610434934968834,0.0303636134996773
GARCH,BTC-USD,2026-06-16 15:15:00,0.04214062915540185,0.030328039878296405
GARCH,BTC-USD,2026-06-16 15:30:00,0.04000981762444771,0.030329172692541137
GARCH,BTC-USD,2026-06-16 15:45:00,0.03750436327963141,0.030355936065674917
GARCH,BTC-USD,2026-06-16 16:00:00,0.036717106683093366,0.030354461611489747
GARCH,BTC-USD,2026-06-16 16:15:00,0.0340949245072072,0.03032021662163658
GARCH,BTC-USD,2026-06-16 16:30:00,0.03233188753926078,0.030329308053798427
GARCH,BTC-USD,2026-06-16 16:45:00,0.03087499479598847,0.030330851949497514
GARCH,BTC-USD,2026-06-16 17:00:00,0.029186861789190305,0.03031262495355422
GARCH,BTC-USD,2026-06-16 17:15:00,0.027816401751232737,0.030307139631737635
GARCH,BTC-USD,2026-06-16 17:30:00,0.0263013944465495,0.030481160228185904
GARCH,BTC-USD,2026-06-16 17:45:00,0.0335187815843299,0.030575541989195654
GARCH,BTC-USD,2026-06-16 18:00:00,0.03350900727398125,0.03076783837881019
GARCH,BTC-USD,2026-06-16 18:15:00,0.03792475878912029,0.030784078153699688
GARCH,BTC-USD,2026-06-16 18:30:00,0.034525435626487466,0.03077379672824624
GARCH,BTC-USD,2026-06-16 18:45:00,0.03291481369704139,0.03089015274232366
GARCH,BTC-USD,2026-06-16 19:00:00,0.03580670308232181,0.03088854906474894
GARCH,BTC-USD,2026-06-16 19:15:00,0.03227902454421635,0.030878099635728982
GARCH,BTC-USD,2026-06-16 19:30:00,0.03155068069090528,0.030871108738014925
GARCH,BTC-USD,2026-06-16 19:45:00,0.029787260854686422,0.030887127503733756
GARCH,BTC-USD,2026-06-16 20:00:00,0.029278666616023595,0.03087078598860505
GARCH,BTC-USD,2026-06-16 20:15:00,0.027615970579695982,0.03090706175211651
GARCH,BTC-USD,2026-06-16 20:30:00,0.02866945075588932,0.030907225470467672
GARCH,BTC-USD,2026-06-16 20:45:00,0.026376463310902175,0.030870771312751413
GARCH,BTC-USD,2026-06-16 21:00:00,0.025969791373206118,0.030967498055887558
GARCH,BTC-USD,2026-06-16 21:15:00,0.03057204788494407,0.030899839932222978
GARCH,BTC-USD,2026-06-16 21:30:00,0.027028406402286258,0.030901587391830538
GARCH,BTC-USD,2026-06-16 21:45:00,0.02660831888526401,0.03090138099301864
GARCH,BTC-USD,2026-06-16 22:00:00,0.025812673393882716,0.030870396659697985
GARCH,BTC-USD,2026-06-16 22:15:00,0.025215367020944502,0.030867962342176994
GARCH,BTC-USD,2026-06-16 22:30:00,0.024241664369035337,0.03082090703918086
GARCH,BTC-USD,2026-06-16 22:45:00,0.023616900581967217,0.030821504720755698
GARCH,BTC-USD,2026-06-16 23:00:00,0.022395448220552228,0.030819828021786667
GARCH,BTC-USD,2026-06-16 23:15:00,0.021713811646705123,0.0308150006113542
GARCH,BTC-USD,2026-06-16 23:30:00,0.02073967894006739,0.030822080569073103
GARCH,BTC-USD,2026-06-16 23:45:00,0.020355968386605222,0.03083247023723106
GARCH,BTC-USD,2026-06-17 00:00:00,0.020639621640458315,0.030811989470239144
GARCH,BTC-USD,2026-06-17 00:15:00,0.019609784004289678,0.030708296307760796
GARCH,BTC-USD,2026-06-17 00:30:00,0.02125244221848186,0.03074489182926912
GARCH,BTC-USD,2026-06-17 00:45:00,0.02270483455111016,0.030740068433419084
GARCH,BTC-USD,2026-06-17 01:00:00,0.022776684023670373,0.03089193753783727
GARCH,BTC-USD,2026-06-17 01:15:00,0.029814194662798648,0.030998397700605005
GARCH,BTC-USD,2026-06-17 01:30:00,0.030949947456817565,0.03106988931222583
GARCH,BTC-USD,2026-06-17 01:45:00,0.03320706947752252,0.031070814409875403
GARCH,BTC-USD,2026-06-17 02:00:00,0.030145385938942112,0.03120169501826275
GARCH,BTC-USD,2026-06-17 02:15:00,0.03500019534508926,0.031415740889813255
GARCH,BTC-USD,2026-06-17 02:30:00,0.03877870321295362,0.03140211136531105
GARCH,BTC-USD,2026-06-17 02:45:00,0.034915417663358386,0.03141385656522145
GARCH,BTC-USD,2026-06-17 03:00:00,0.03458004748237034,0.03141938593756797
GARCH,BTC-USD,2026-06-17 03:15:00,0.03223008358795345,0.03137158577564648
GARCH,BTC-USD,2026-06-17 03:30:00,0.030588113393606665,0.03137206273951615
GARCH,BTC-USD,2026-06-17 03:45:00,0.029147505771624393,0.03137004719443496
GARCH,BTC-USD,2026-06-17 04:00:00,0.02750450147621419,0.03135149436867463
GARCH,BTC-USD,2026-06-17 04:15:00,0.026632445111604647,0.031331207738215544
GARCH,BTC-USD,2026-06-17 04:30:00,0.0252274752352405,0.03132192486678278
GARCH,BTC-USD,2026-06-17 04:45:00,0.024160112771153538,0.03134575975283612
GARCH,BTC-USD,2026-06-17 05:00:00,0.024174606207771558,0.03125760819815588
GARCH,BTC-USD,2026-06-17 05:15:00,0.022931101005101873,0.031066615679077363
GARCH,BTC-USD,2026-06-17 05:30:00,0.02259715294208973,0.031089118936703634
GARCH,BTC-USD,2026-06-17 05:45:00,0.022758271120934828,0.03103442934965565
GARCH,BTC-USD,2026-06-17 06:00:00,0.021488707358947715,0.031176885071879594
GARCH,BTC-USD,2026-06-17 06:15:00,0.028732468715372706,0.031174982021923713
GARCH,BTC-USD,2026-06-17 06:30:00,0.024825425507666966,0.03117626905922423
GARCH,BTC-USD,2026-06-17 06:45:00,0.02457106726360468,0.031168388961516167
GARCH,BTC-USD,2026-06-17 07:00:00,0.024099964416373583,0.031239982100165792
GARCH,BTC-USD,2026-06-17 07:15:00,0.02659954893124289,0.03124215512640999
GARCH,BTC-USD,2026-06-17 07:30:00,0.024199998840250148,0.031053692310498898
GARCH,BTC-USD,2026-06-17 07:45:00,0.023426082034162177,0.031215646835095538
GARCH,BTC-USD,2026-06-17 08:00:00,0.030305520866028182,0.031199579879061516
GARCH,BTC-USD,2026-06-17 08:15:00,0.026257962201564736,0.03179411791594053
GARCH,BTC-USD,2026-06-17 08:30:00,0.048328131174141024,0.03174657977228067
GARCH,BTC-USD,2026-06-17 08:45:00,0.03874337410670963,0.031753784577072196
GARCH,BTC-USD,2026-06-17 09:00:00,0.03902296293650268,0.03177049761768871
GARCH,BTC-USD,2026-06-17 09:15:00,0.03652619505307075,0.03180002663429359
GARCH,BTC-USD,2026-06-17 09:30:00,0.03583353437856282,0.03180205152499016
GARCH,BTC-USD,2026-06-17 09:45:00,0.03348950334625865,0.031801497933048734
GARCH,BTC-USD,2026-06-17 10:00:00,0.03179764024279614,0.03181119442305435
GARCH,BTC-USD,2026-06-17 10:15:00,0.030486604504935746,0.03180482960815431
GARCH,BTC-USD,2026-06-17 10:30:00,0.028698135764401698,0.031863382123089284
GARCH,BTC-USD,2026-06-17 10:45:00,0.030092343979674155,0.03203530949110414
GARCH,BTC-USD,2026-06-17 11:00:00,0.03514196059659074,0.03203943572584578
GARCH,BTC-USD,2026-06-17 11:15:00,0.03286889705523343,0.03201923487439393
GARCH,BTC-USD,2026-06-17 11:30:00,0.03265954202285221,0.03201370732140806
GARCH,BTC-USD,2026-06-17 11:45:00,0.03027456779811205,0.03198818943762425
GARCH,BTC-USD,2026-06-17 12:00:00,0.029139593043655487,0.030313642250477505
GARCH,BTC-USD,2026-06-17 12:15:00,0.03176324780742624,0.02953491462731264
GARCH,BTC-USD,2026-06-17 12:30:00,0.036379929887441605,0.02959277272694722
GARCH,BTC-USD,2026-06-17 12:45:00,0.034845961867481956,0.02942829801214523
GARCH,BTC-USD,2026-06-17 13:00:00,0.032832234899419575,0.029500975658784283
GARCH,BTC-USD,2026-06-17 13:15:00,0.035139557856814656,0.029819336500175996
GARCH,BTC-USD,2026-06-17 13:30:00,0.05000938380978422,0.029812334246382494
GARCH,BTC-USD,2026-06-17 13:45:00,0.04174545444492526,0.029746112680000956
GARCH,BTC-USD,2026-06-17 14:00:00,0.04160105259519357,0.029724345630920388
GARCH,BTC-USD,2026-06-17 14:15:00,0.03940560649598625,0.029750191095239225
GARCH,BTC-USD,2026-06-17 14:30:00,0.03966704564649741,0.029625089329166167
GARCH,BTC-USD,2026-06-17 14:45:00,0.03640811551059789,0.029622981176837742
GARCH,BTC-USD,2026-06-17 15:00:00,0.03746775146867576,0.029597795393646625
GARCH,BTC-USD,2026-06-17 15:15:00,0.035591015194750726,0.02952128364990394
GARCH,BTC-USD,2026-06-17 15:30:00,0.03711933453446342,0.029762982844299225
GARCH,BTC-USD,2026-06-17 15:45:00,0.042994446800039804,0.029749907552542514
GARCH,BTC-USD,2026-06-17 16:00:00,0.03934787579260003,0.030387911317475393
GARCH,BTC-USD,2026-06-17 16:15:00,0.05729323380374205,0.030427568152323184
GARCH,BTC-USD,2026-06-17 16:30:00,0.057040330524464423,0.030331143785251587
GARCH,BTC-USD,2026-06-17 16:45:00,0.053107869790801905,0.030256782483232516
GARCH,BTC-USD,2026-06-17 17:00:00,0.049784566495605385,0.030303800406046754
GARCH,BTC-USD,2026-06-17 17:15:00,0.047959496353595706,0.030316835281384208
GARCH,BTC-USD,2026-06-17 17:30:00,0.04561023905767369,0.03044913199712712
GARCH,BTC-USD,2026-06-17 17:45:00,0.04776121242964896,0.032462211764379585
GARCH,BTC-USD,2026-06-17 18:00:00,0.08925212518961154,0.032491831355344995
GARCH,BTC-USD,2026-06-17 18:15:00,0.07138590366229315,0.033812583655186704
GARCH,BTC-USD,2026-06-17 18:30:00,0.0954623658299388,0.0347537395461491
GARCH,BTC-USD,2026-06-17 18:45:00,0.09595077704478612,0.03471795097115984
GARCH,BTC-USD,2026-06-17 19:00:00,0.08861540314725389,0.03732478897054455
GARCH,BTC-USD,2026-06-17 19:15:00,0.12366610492325993,0.03760087590187645
GARCH,BTC-USD,2026-06-17 19:30:00,0.10789701235978168,0.03766595772335189
GARCH,BTC-USD,2026-06-17 19:45:00,0.10400921513451786,0.03769334749094537
GARCH,BTC-USD,2026-06-17 20:00:00,0.09663333021730686,0.03772018669140005
GARCH,BTC-USD,2026-06-17 20:15:00,0.09155461824620034,0.03774060741265162
GARCH,BTC-USD,2026-06-17 20:30:00,0.08595104909680938,0.037808154410123716
GARCH,BTC-USD,2026-06-17 20:45:00,0.08247392168588058,0.03783867594545204
GARCH,BTC-USD,2026-06-17 21:00:00,0.07698026631789733,0.03783669533291787
GARCH,BTC-USD,2026-06-17 21:15:00,0.07211873938030491,0.037796361003707105
GARCH,BTC-USD,2026-06-17 21:30:00,0.06744672234571569,0.03780307824939506
GARCH,BTC-USD,2026-06-17 21:45:00,0.06309232332722485,0.037873720302728314
GARCH,BTC-USD,2026-06-17 22:00:00,0.06111142769132717,0.03804184486221573
GARCH,BTC-USD,2026-06-17 22:15:00,0.06239558097509438,0.03794242481681362
GARCH,BTC-USD,2026-06-17 22:30:00,0.05741717907942269,0.03793110327400026
GARCH,BTC-USD,2026-06-17 22:45:00,0.05409486751692017,0.03792062224039212
GARCH,BTC-USD,2026-06-17 23:00:00,0.050516487434642335,0.03802983523642855
GARCH,BTC-USD,2026-06-17 23:15:00,0.05109867195724616,0.038009255617240424
GARCH,BTC-USD,2026-06-17 23:30:00,0.04684172211744669,0.037992255794535496
GARCH,BTC-USD,2026-06-17 23:45:00,0.044796748436974766,0.038039811992475074
GARCH,BTC-USD,2026-06-18 00:00:00,0.04358662072379413,0.03804162025006689
GARCH,BTC-USD,2026-06-18 00:15:00,0.040551010164002046,0.03802610507088821
GARCH,BTC-USD,2026-06-18 00:30:00,0.038198326530715705,0.03807688944002354
GARCH,BTC-USD,2026-06-18 00:45:00,0.03837067817185966,0.03825818334706064
GARCH,BTC-USD,2026-06-18 01:00:00,0.045101074135503134,0.038271678791543896
GARCH,BTC-USD,2026-06-18 01:15:00,0.040034454175958724,0.038268858776779074
GARCH,BTC-USD,2026-06-18 01:30:00,0.038680000802302765,0.03820286907471936
GARCH,BTC-USD,2026-06-18 01:45:00,0.036743023153128676,0.038203013192549685
GARCH,BTC-USD,2026-06-18 02:00:00,0.03449812427395526,0.03793288083958275
GARCH,BTC-USD,2026-06-18 02:15:00,0.03525811073829204,0.037915018540729026
GARCH,BTC-USD,2026-06-18 02:30:00,0.03282616469944732,0.037910744381644365
GARCH,BTC-USD,2026-06-18 02:45:00,0.03195770659274769,0.03797539893860904
GARCH,BTC-USD,2026-06-18 03:00:00,0.03415555370795017,0.03811129726613826
GARCH,BTC-USD,2026-06-18 03:15:00,0.03811257016627702,0.03799163487026845
GARCH,BTC-USD,2026-06-18 03:30:00,0.033917198075786484,0.0379635162010675
GARCH,BTC-USD,2026-06-18 03:45:00,0.03285420951934669,0.03830597895265396
GARCH,BTC-USD,2026-06-18 04:00:00,0.04703158904013548,0.03813861382738232
GARCH,BTC-USD,2026-06-18 04:15:00,0.03926658710004053,0.03795492866342534
GARCH,BTC-USD,2026-06-18 04:30:00,0.039213369122874264,0.037902226249954415
GARCH,BTC-USD,2026-06-18 04:45:00,0.03607876797011124,0.03790931651310722
GARCH,BTC-USD,2026-06-18 05:00:00,0.03442273264229094,0.037863194354390124
GARCH,BTC-USD,2026-06-18 05:15:00,0.03232640559878699,0.03786258678097068
GARCH,BTC-USD,2026-06-18 05:30:00,0.03056344092569074,0.03786748842907533
GARCH,BTC-USD,2026-06-18 05:45:00,0.029631644672502237,0.037861450453257756
GARCH,BTC-USD,2026-06-18 06:00:00,0.027987329170303964,0.03786132843493443
GARCH,BTC-USD,2026-06-18 06:15:00,0.02672668236246362,0.03770644977999099
GARCH,BTC-USD,2026-06-18 06:30:00,0.02754481648283726,0.03727292608410781
GARCH,BTC-USD,2026-06-18 06:45:00,0.025417331911696834,0.037274825563408935
GARCH,BTC-USD,2026-06-18 07:00:00,0.024448361440856842,0.03742254229807073
GARCH,BTC-USD,2026-06-18 07:15:00,0.0316739643433379,0.0374964678212475
GARCH,BTC-USD,2026-06-18 07:30:00,0.031127829049034144,0.037517187611934566
GARCH,BTC-USD,2026-06-18 07:45:00,0.02998947179818686,0.03734873711788557
GARCH,BTC-USD,2026-06-18 08:00:00,0.028570227550341477,0.03734287605955451
GARCH,BTC-USD,2026-06-18 08:15:00,0.027376100898683725,0.0373433480552035
GARCH,BTC-USD,2026-06-18 08:30:00,0.026746395900929622,0.037381737539642176
GARCH,BTC-USD,2026-06-18 08:45:00,0.02797616879015279,0.03737942175674677
GARCH,BTC-USD,2026-06-18 09:00:00,0.025674419638710342,0.03742885739517957
GARCH,BTC-USD,2026-06-18 09:15:00,0.028412718102418355,0.03743528577828535
GARCH,BTC-USD,2026-06-18 09:30:00,0.0258471789838702,0.03745271335564748
GARCH,BTC-USD,2026-06-18 09:45:00,0.02650550583505877,0.037518809444614463
GARCH,BTC-USD,2026-06-18 10:00:00,0.031399851594934414,0.037202307609419775
GARCH,BTC-USD,2026-06-18 10:15:00,0.028306630181006927,0.03707719971646188
GARCH,BTC-USD,2026-06-18 10:30:00,0.027517670493594392,0.03704778480932747
GARCH,BTC-USD,2026-06-18 10:45:00,0.02683064943136599,0.0370511282703029
GARCH,BTC-USD,2026-06-18 11:00:00,0.025675464532435254,0.03705672466143685
GARCH,BTC-USD,2026-06-18 11:15:00,0.024720532921792136,0.03708280303967111
GARCH,BTC-USD,2026-06-18 11:30:00,0.02569495621994079,0.03706934634033282
GARCH,BTC-USD,2026-06-18 11:45:00,0.023736302956185142,0.03707703158615374
GARCH,BTC-USD,2026-06-18 12:00:00,0.023233794704192783,0.037174227006993396
GARCH,BTC-USD,2026-06-18 12:15:00,0.02939246911715506,0.03718160388157843
GARCH,BTC-USD,2026-06-18 12:30:00,0.026230368166896417,0.03722746366190259
GARCH,BTC-USD,2026-06-18 12:45:00,0.028720449849557426,0.03723004662752561
GARCH,BTC-USD,2026-06-18 13:00:00,0.026080556598662354,0.037114973502832334
GARCH,BTC-USD,2026-06-18 13:15:00,0.0256492667276131,0.03774453179565581
GARCH,BTC-USD,2026-06-18 13:30:00,0.05416002235272359,0.03775987585821561
GARCH,BTC-USD,2026-06-18 13:45:00,0.04378188306620805,0.037870036308413305
GARCH,BTC-USD,2026-06-18 14:00:00,0.04871095578456708,0.03787241691452738
GARCH,BTC-USD,2026-06-18 14:15:00,0.04319829685162149,0.03788016129563808
GARCH,BTC-USD,2026-06-18 14:30:00,0.04182337382955864,0.03787997137239881
GARCH,BTC-USD,2026-06-18 14:45:00,0.03928525682011344,0.0380383161798768
GARCH,BTC-USD,2026-06-18 15:00:00,0.04500048533489683,0.03833233115159008
GARCH,BTC-USD,2026-06-18 15:15:00,0.05321579732152366,0.038884245783667
GARCH,BTC-USD,2026-06-18 15:30:00,0.06725148036418407,0.03933074651635125
GARCH,BTC-USD,2026-06-18 15:45:00,0.07252000151162133,0.03958497339388264
GARCH,BTC-USD,2026-06-18 16:00:00,0.06995611174256479,0.03955721513528004
GARCH,BTC-USD,2026-06-18 16:15:00,0.0647706831757945,0.0396098734217695
GARCH,BTC-USD,2026-06-18 16:30:00,0.06181015942566223,0.039610811744761186
GARCH,BTC-USD,2026-06-18 16:45:00,0.05743475294144511,0.039487586375881616
GARCH,BTC-USD,2026-06-18 17:00:00,0.05703352507998826,0.039306854776636174
GARCH,BTC-USD,2026-06-18 17:15:00,0.052538144315578274,0.039298877519910645
GARCH,BTC-USD,2026-06-18 17:30:00,0.05012256100782917,0.03925606712766469
GARCH,BTC-USD,2026-06-18 17:45:00,0.04686671378946952,0.039289242519259006
GARCH,BTC-USD,2026-06-18 18:00:00,0.04552198321394857,0.039267032304470685
GARCH,BTC-USD,2026-06-18 18:15:00,0.0446134213704974,0.03920707940782941
GARCH,BTC-USD,2026-06-18 18:30:00,0.042112841340227324,0.03920817358872522
GARCH,BTC-USD,2026-06-18 18:45:00,0.03987799244096872,0.039208103713620795
GARCH,BTC-USD,2026-06-18 19:00:00,0.03741319352139057,0.039175709817246177
GARCH,BTC-USD,2026-06-18 19:15:00,0.03675227192780956,0.03928480724569531
GARCH,BTC-USD,2026-06-18 19:30:00,0.03938778232057568,0.03928264786305884
GARCH,BTC-USD,2026-06-18 19:45:00,0.03552158473133518,0.03938348482011428
GARCH,BTC-USD,2026-06-18 20:00:00,0.04269658020250462,0.039378290970801914
GARCH,BTC-USD,2026-06-18 20:15:00,0.0376737444051948,0.03938107150223944
GARCH,BTC-USD,2026-06-18 20:30:00,0.036382926829848526,0.039385213371706085
GARCH,BTC-USD,2026-06-18 20:45:00,0.03431842349437821,0.039403716648750746
GARCH,BTC-USD,2026-06-18 21:00:00,0.03681610351094303,0.03934195912213361
GARCH,BTC-USD,2026-06-18 21:15:00,0.03337409108841264,0.039324248413746106
GARCH,BTC-USD,2026-06-18 21:30:00,0.032238953732954434,0.03932760558376319
GARCH,BTC-USD,2026-06-18 21:45:00,0.030621065785036622,0.03930799396950827
GARCH,BTC-USD,2026-06-18 22:00:00,0.02921970219404704,0.03932008047243801
GARCH,BTC-USD,2026-06-18 22:15:00,0.028683759415296408,0.03932057952816283
GARCH,BTC-USD,2026-06-18 22:30:00,0.0269876542230951,0.03933167898773234
GARCH,BTC-USD,2026-06-18 22:45:00,0.02668878709562904,0.039336669261480384
GARCH,BTC-USD,2026-06-18 23:00:00,0.028212350913520624,0.03937788752141518
GARCH,BTC-USD,2026-06-18 23:15:00,0.028780194001676983,0.03935937188853584
GARCH,BTC-USD,2026-06-18 23:30:00,0.02674201632281916,0.039121354417276544
GARCH,BTC-USD,2026-06-18 23:45:00,0.02586553524817819,0.039099791519534355
GARCH,BTC-USD,2026-06-19 00:00:00,0.025986089973526413,0.03908446932230588
GARCH,BTC-USD,2026-06-19 00:15:00,0.025911916470023385,0.03910708071399171
GARCH,BTC-USD,2026-06-19 00:30:00,0.026815277101629807,0.039019633777689966
GARCH,BTC-USD,2026-06-19 00:45:00,0.025040456874707927,0.039015483949030906
GARCH,BTC-USD,2026-06-19 01:00:00,0.024500052232380505,0.03896085328671541
GARCH,BTC-USD,2026-06-19 01:15:00,0.023513375717012095,0.038955714857568956
GARCH,BTC-USD,2026-06-19 01:30:00,0.022472225967480376,0.038979008039123415
GARCH,BTC-USD,2026-06-19 01:45:00,0.02438882474495287,0.03897804956011408
GARCH,BTC-USD,2026-06-19 02:00:00,0.02230265763727975,0.03898565167620941
GARCH,BTC-USD,2026-06-19 02:15:00,0.022726833127972985,0.038977485275359755
GARCH,BTC-USD,2026-06-19 02:30:00,0.021329642362466854,0.03897001330675601
GARCH,BTC-USD,2026-06-19 02:45:00,0.021551778090219874,0.039159373551139395
GARCH,BTC-USD,2026-06-19 03:00:00,0.03454614017848801,0.03919137861483234
GARCH,BTC-USD,2026-06-19 03:15:00,0.03012853584667548,0.03921959432707678
GARCH,BTC-USD,2026-06-19 03:30:00,0.03246286853852855,0.03923318970706243
GARCH,BTC-USD,2026-06-19 03:45:00,0.030241270663478377,0.03916289724063189
GARCH,BTC-USD,2026-06-19 04:00:00,0.030674488994425975,0.039119739842472336
GARCH,BTC-USD,2026-06-19 04:15:00,0.03219414882657784,0.03909838692734375
GARCH,BTC-USD,2026-06-19 04:30:00,0.03166572451710042,0.0391565530640762
GARCH,BTC-USD,2026-06-19 04:45:00,0.03416938204321172,0.0393362327440051
GARCH,BTC-USD,2026-06-19 05:00:00,0.038461656242581924,0.038731455780517364
GARCH,BTC-USD,2026-06-19 05:15:00,0.034612147467138574,0.03868636404327926
GARCH,BTC-USD,2026-06-19 05:30:00,0.033397082989868744,0.03871475832416529
GARCH,BTC-USD,2026-06-19 05:45:00,0.03244350754476956,0.03862385432681197
GARCH,BTC-USD,2026-06-19 06:00:00,0.03260825400826523,0.038620158301850116
GARCH,BTC-USD,2026-06-19 06:15:00,0.03010612432081144,0.0386157515072737
GARCH,BTC-USD,2026-06-19 06:30:00,0.02871947477593546,0.038631467703124
GARCH,BTC-USD,2026-06-19 06:45:00,0.027994662054110907,0.038641985816663574
GARCH,BTC-USD,2026-06-19 07:00:00,0.02880160581097233,0.03864110281522428
GARCH,BTC-USD,2026-06-19 07:15:00,0.026773055937104495,0.03881826494748102
GARCH,BTC-USD,2026-06-19 07:30:00,0.03659804203217628,0.038876170869621994
GARCH,BTC-USD,2026-06-19 07:45:00,0.03357135705872445,0.038880139943762174
GARCH,BTC-USD,2026-06-19 08:00:00,0.03222221086758488,0.038878913473642834
GARCH,BTC-USD,2026-06-19 08:15:00,0.030231216184798116,0.03887851923571324
GARCH,BTC-USD,2026-06-19 08:30:00,0.028638086552239317,0.0387220244143689
GARCH,BTC-USD,2026-06-19 08:45:00,0.02788008989104063,0.03870338777079259
GARCH,BTC-USD,2026-06-19 09:00:00,0.03159741631401274,0.0385804421828109
GARCH,BTC-USD,2026-06-19 09:15:00,0.028828974844527278,0.03857977548696462
GARCH,BTC-USD,2026-06-19 09:30:00,0.027991827658848323,0.0385810006246157
GARCH,BTC-USD,2026-06-19 09:45:00,0.026610836616808728,0.0386089929150122
GARCH,BTC-USD,2026-06-19 10:00:00,0.030863990218458724,0.03860757570941981
GARCH,BTC-USD,2026-06-19 10:15:00,0.027828280605747713,0.038615160562891104
GARCH,BTC-USD,2026-06-19 10:30:00,0.02804541755455511,0.03865109807509098
GARCH,BTC-USD,2026-06-19 10:45:00,0.028343751605903546,0.03862688851982912
GARCH,BTC-USD,2026-06-19 11:00:00,0.02649535124222112,0.03870761178012007
GARCH,BTC-USD,2026-06-19 11:15:00,0.029648623657134585,0.03866330090663088
GARCH,BTC-USD,2026-06-19 11:30:00,0.026762071425480607,0.03866249893571571
GARCH,BTC-USD,2026-06-19 11:45:00,0.026047879167895836,0.038648307387555654
GARCH,BTC-USD,2026-06-19 12:00:00,0.02453452543728632,0.03857049189866574
GARCH,BTC-USD,2026-06-19 12:15:00,0.02452975350255321,0.03857408463767527
GARCH,BTC-USD,2026-06-19 12:30:00,0.023526001494611,0.03892147542439125
GARCH,BTC-USD,2026-06-19 12:45:00,0.04025568239277065,0.03890610030813484
GARCH,BTC-USD,2026-06-19 13:00:00,0.03297179291094513,0.03889850409977325
GARCH,BTC-USD,2026-06-19 13:15:00,0.03282244329825108,0.03921177174506817
GARCH,BTC-USD,2026-06-19 13:30:00,0.04412458004792532,0.03925148142332105
GARCH,BTC-USD,2026-06-19 13:45:00,0.03952081260734379,0.03929104912432462
GARCH,BTC-USD,2026-06-19 14:00:00,0.03969577528914873,0.039395756574216415
GARCH,BTC-USD,2026-06-19 14:15:00,0.04076473112031998,0.03940587441134355
GARCH,BTC-USD,2026-06-19 14:30:00,0.0375064702680159,0.03943144503125303
GARCH,BTC-USD,2026-06-19 14:45:00,0.037070436909613286,0.039413930912703066
GARCH,BTC-USD,2026-06-19 15:00:00,0.03440296666894217,0.03945074506562349
GARCH,BTC-USD,2026-06-19 15:15:00,0.03486852274109299,0.03953864159655666
GARCH,BTC-USD,2026-06-19 15:30:00,0.037327833224760354,0.03950886263874263
GARCH,BTC-USD,2026-06-19 15:45:00,0.03381973246175175,0.039588441986642166
GARCH,BTC-USD,2026-06-19 16:00:00,0.03722064895722205,0.03948467234167757
GARCH,BTC-USD,2026-06-19 16:15:00,0.0338979565349384,0.03940147297499313
GARCH,BTC-USD,2026-06-19 16:30:00,0.03331977038319882,0.039517735845774525
GARCH,BTC-USD,2026-06-19 16:45:00,0.041999623191565694,0.03952020265285931
GARCH,BTC-USD,2026-06-19 17:00:00,0.03617061160081698,0.03940701576940245
GARCH,BTC-USD,2026-06-19 17:15:00,0.03605603820703665,0.03936810072973743
GARCH,BTC-USD,2026-06-19 17:30:00,0.037781685403719206,0.039403828314152324
GARCH,BTC-USD,2026-06-19 17:45:00,0.03619811520220069,0.03938823743093398
GARCH,BTC-USD,2026-06-19 18:00:00,0.034024709766178246,0.03939130329498652
GARCH,BTC-USD,2026-06-19 18:15:00,0.03248740702996345,0.03939490215215966
GARCH,BTC-USD,2026-06-19 18:30:00,0.0310587897242181,0.0393971438490617
GARCH,BTC-USD,2026-06-19 18:45:00,0.029594568392274163,0.03940173965008314
GARCH,BTC-USD,2026-06-19 19:00:00,0.028386207148488496,0.039397392990492844
GARCH,BTC-USD,2026-06-19 19:15:00,0.02749637298272225,0.039394811572608796
GARCH,BTC-USD,2026-06-19 19:30:00,0.025879759430677003,0.03939717214802427
GARCH,BTC-USD,2026-06-19 19:45:00,0.024739906090837354,0.03939504723144448
GARCH,BTC-USD,2026-06-19 20:00:00,0.023957675291578526,0.039389379343402864
GARCH,BTC-USD,2026-06-19 20:15:00,0.022717784022074573,0.039379848311235685
GARCH,BTC-USD,2026-06-19 20:30:00,0.02185247178031441,0.03945276097735112
GARCH,BTC-USD,2026-06-19 20:45:00,0.026456783524566714,0.039452265008887655
GARCH,BTC-USD,2026-06-19 21:00:00,0.023505457078354382,0.03937975117676
GARCH,BTC-USD,2026-06-19 21:15:00,0.02551874540187508,0.039391543931570516
GARCH,BTC-USD,2026-06-19 21:30:00,0.024450262998301334,0.039391326526162354
GARCH,BTC-USD,2026-06-19 21:45:00,0.023300849358533007,0.039375791662032956
GARCH,BTC-USD,2026-06-19 22:00:00,0.022368133725557685,0.03942535574569306
GARCH,BTC-USD,2026-06-19 22:15:00,0.027472200848596532,0.03943632774768217
GARCH,BTC-USD,2026-06-19 22:30:00,0.02479855599654783,0.039436175075638985
GARCH,BTC-USD,2026-06-19 22:45:00,0.0240442031335626,0.03932563941473026
GARCH,BTC-USD,2026-06-19 23:00:00,0.02286823973439562,0.03932920941116445
GARCH,BTC-USD,2026-06-19 23:15:00,0.02205045209855755,0.03886760220892558
GARCH,BTC-USD,2026-06-19 23:30:00,0.021079913940097506,0.03900786596609221
GARCH,BTC-USD,2026-06-19 23:45:00,0.029453755082152363,0.03899882228714133
GARCH,BTC-USD,2026-06-20 00:00:00,0.025128284731283916,0.0390137568263947
GARCH,BTC-USD,2026-06-20 00:15:00,0.02696091091089273,0.03898830042974739
GARCH,BTC-USD,2026-06-20 00:30:00,0.02460004812790088,0.03900485882991907
GARCH,BTC-USD,2026-06-20 00:45:00,0.025281385936331918,0.039015488075737424
GARCH,BTC-USD,2026-06-20 01:00:00,0.024476190939518014,0.039014383044314725
GARCH,BTC-USD,2026-06-20 01:15:00,0.023814908495585877,0.03902597831972313
GARCH,BTC-USD,2026-06-20 01:30:00,0.023287664412298598,0.03898460143208642
GARCH,BTC-USD,2026-06-20 01:45:00,0.02219429435423683,0.03889016341888947
GARCH,BTC-USD,2026-06-20 02:00:00,0.024213028384469204,0.03886728543865648
GARCH,BTC-USD,2026-06-20 02:15:00,0.023774359966125258,0.038834190396192354
GARCH,BTC-USD,2026-06-20 02:30:00,0.022455390620677904,0.03884467879606704
GARCH,BTC-USD,2026-06-20 02:45:00,0.022635068013671527,0.038838229497727854
GARCH,BTC-USD,2026-06-20 03:00:00,0.021280790020916103,0.03880321605627005
GARCH,BTC-USD,2026-06-20 03:15:00,0.023051527707067393,0.03865142455987957
GARCH,BTC-USD,2026-06-20 03:30:00,0.021553783932730632,0.03859588944418606
GARCH,BTC-USD,2026-06-20 03:45:00,0.020822224497284755,0.03861093453531362
GARCH,BTC-USD,2026-06-20 04:00:00,0.021815758110891714,0.03862256696151479
GARCH,BTC-USD,2026-06-20 04:15:00,0.026316141801143403,0.038172068933594684
GARCH,BTC-USD,2026-06-20 04:30:00,0.023794053176128437,0.03817310379380599
GARCH,BTC-USD,2026-06-20 04:45:00,0.02322524154721984,0.038343778579484435
GARCH,BTC-USD,2026-06-20 05:00:00,0.032944507308461976,0.03841645325859303
GARCH,BTC-USD,2026-06-20 05:15:00,0.033355454253632975,0.0383588918915638
GARCH,BTC-USD,2026-06-20 05:30:00,0.03069128895489632,0.03836447065943185
GARCH,BTC-USD,2026-06-20 05:45:00,0.029502136362446186,0.03829574327683067
GARCH,BTC-USD,2026-06-20 06:00:00,0.027771306328972546,0.03826747352476486
GARCH,BTC-USD,2026-06-20 06:15:00,0.026558707876349993,0.03819872660124961
GARCH,BTC-USD,2026-06-20 06:30:00,0.025896252916409884,0.03798050338542951
GARCH,BTC-USD,2026-06-20 06:45:00,0.024402821286845258,0.037957983075421184
GARCH,BTC-USD,2026-06-20 07:00:00,0.02465122251259864,0.037437718008712394
GARCH,BTC-USD,2026-06-20 07:15:00,0.02644227805338853,0.037135556889088484
GARCH,BTC-USD,2026-06-20 07:30:00,0.02448672339579118,0.0371402262619792
GARCH,BTC-USD,2026-06-20 07:45:00,0.025894299237830688,0.03716241460134475
GARCH,BTC-USD,2026-06-20 08:00:00,0.025648685182317218,0.037128736646813494
GARCH,BTC-USD,2026-06-20 08:15:00,0.025261201527930155,0.037103949562910764
GARCH,BTC-USD,2026-06-20 08:30:00,0.023982195376696186,0.03694547870302547
GARCH,BTC-USD,2026-06-20 08:45:00,0.02315449143383132,0.035085691400582535
GARCH,BTC-USD,2026-06-20 09:00:00,0.024165978548029245,0.03506540040564639
GARCH,BTC-USD,2026-06-20 09:15:00,0.023135674598381686,0.033723599252931794
GARCH,BTC-USD,2026-06-20 09:30:00,0.025769131723783527,0.03278675419403182
GARCH,BTC-USD,2026-06-20 09:45:00,0.023547737589693047,0.03271608171521652
GARCH,BTC-USD,2026-06-20 10:00:00,0.023226480561538455,0.02972042825647289
GARCH,BTC-USD,2026-06-20 10:15:00,0.02200031035823057,0.029379686060119484
GARCH,BTC-USD,2026-06-20 10:30:00,0.02240934349135151,0.02932095614580634
GARCH,BTC-USD,2026-06-20 10:45:00,0.02244085378663084,0.029270757973729182
GARCH,BTC-USD,2026-06-20 11:00:00,0.021137412192489706,0.02916968554433169
GARCH,BTC-USD,2026-06-20 11:15:00,0.020552629266266272,0.029110413699773404
GARCH,BTC-USD,2026-06-20 11:30:00,0.01995464933127583,0.028951646939991502
GARCH,BTC-USD,2026-06-20 11:45:00,0.019690680202967378,0.02893005979142196
GARCH,BTC-USD,2026-06-20 12:00:00,0.020301002288681803,0.028917495955599178
GARCH,BTC-USD,2026-06-20 12:15:00,0.01916415155407141,0.028960998459084956
GARCH,BTC-USD,2026-06-20 12:30:00,0.022004015695615168,0.028958718086575692
GARCH,BTC-USD,2026-06-20 12:45:00,0.02022674547992152,0.028879186539138988
GARCH,BTC-USD,2026-06-20 13:00:00,0.021075144546831084,0.028824381187345195
GARCH,BTC-USD,2026-06-20 13:15:00,0.03189191889492661,0.028836447145657917
GARCH,BTC-USD,2026-06-20 13:30:00,0.028611042000253602,0.028840324613314587
GARCH,BTC-USD,2026-06-20 13:45:00,0.028082712039016428,0.028976400207084498
GARCH,BTC-USD,2026-06-20 14:00:00,0.032612878705238685,0.028931138512386777
GARCH,BTC-USD,2026-06-20 14:15:00,0.03279976891635921,0.02900639039133971
GARCH,BTC-USD,2026-06-20 14:30:00,0.03344831816882431,0.029790216220891782
GARCH,BTC-USD,2026-06-20 14:45:00,0.05487555101752507,0.02973843264566067
GARCH,BTC-USD,2026-06-20 15:00:00,0.044972629489336044,0.029891369637062334
GARCH,BTC-USD,2026-06-20 15:15:00,0.04908009502147907,0.029912299979242236
GARCH,BTC-USD,2026-06-20 15:30:00,0.044258966229359493,0.02984797977028765
GARCH,BTC-USD,2026-06-20 15:45:00,0.04229146044478218,0.029627719865572184
GARCH,BTC-USD,2026-06-20 16:00:00,0.042292914823286475,0.02960856606909725
GARCH,BTC-USD,2026-06-20 16:15:00,0.03882713578529868,0.029600810350826633
GARCH,BTC-USD,2026-06-20 16:30:00,0.03679272554454167,0.029585995473404906
GARCH,BTC-USD,2026-06-20 16:45:00,0.0346688701321292,0.02961096626059937
GARCH,BTC-USD,2026-06-20 17:00:00,0.03375522442628502,0.02954515083298177
GARCH,BTC-USD,2026-06-20 17:15:00,0.03175297567221448,0.029604589026422292
GARCH,BTC-USD,2026-06-20 17:30:00,0.033176693021023496,0.029590198719692238
GARCH,BTC-USD,2026-06-20 17:45:00,0.030556971722005357,0.029487668430024566
GARCH,BTC-USD,2026-06-20 18:00:00,0.029125971065589364,0.02931037486216251
GARCH,BTC-USD,2026-06-20 18:15:00,0.02777589516060414,0.02931930338252915
GARCH,BTC-USD,2026-06-20 18:30:00,0.026741633050438845,0.029315482429511912
GARCH,BTC-USD,2026-06-20 18:45:00,0.025283226837496304,0.028869757982450003
GARCH,BTC-USD,2026-06-20 19:00:00,0.026080171745778397,0.028873560081182453
GARCH,BTC-USD,2026-06-20 19:15:00,0.024301623287995962,0.028879602623745504
GARCH,BTC-USD,2026-06-20 19:30:00,0.024516975906161136,0.02887969227862807
GARCH,BTC-USD,2026-06-20 19:45:00,0.022907933998716663,0.028874616147460848
GARCH,BTC-USD,2026-06-20 20:00:00,0.022114444674699803,0.028882209724945485
GARCH,BTC-USD,2026-06-20 20:15:00,0.021621089470124387,0.028887066258990974
GARCH,BTC-USD,2026-06-20 20:30:00,0.020913550734591235,0.028882814093864898
GARCH,BTC-USD,2026-06-20 20:45:00,0.020853103636648378,0.028890021564970437
GARCH,BTC-USD,2026-06-20 21:00:00,0.02054280817083736,0.028898181610513
GARCH,BTC-USD,2026-06-20 21:15:00,0.020327729175551052,0.02888923895672956
GARCH,BTC-USD,2026-06-20 21:30:00,0.021673822614816776,0.028889682018702963
GARCH,BTC-USD,2026-06-20 21:45:00,0.02013591020256542,0.028954321236443974
GARCH,BTC-USD,2026-06-20 22:00:00,0.023484742653728578,0.0288876167472408
GARCH,BTC-USD,2026-06-20 22:15:00,0.027309381871174578,0.02880796623722825
GARCH,BTC-USD,2026-06-20 22:30:00,0.024508940818586133,0.02878703673759685
GARCH,BTC-USD,2026-06-20 22:45:00,0.02382709936543768,0.028779355530724405
GARCH,BTC-USD,2026-06-20 23:00:00,0.02258644942176299,0.02877276434646661
GARCH,BTC-USD,2026-06-20 23:15:00,0.021705264507970803,0.028766863296726473
GARCH,BTC-USD,2026-06-20 23:30:00,0.02156957125855144,0.028707256866944027
GARCH,BTC-USD,2026-06-20 23:45:00,0.02044907761530641,0.028719857276894807
GARCH,BTC-USD,2026-06-21 00:00:00,0.020533174633099636,0.028642997253556773
GARCH,BTC-USD,2026-06-21 00:15:00,0.0194566458736872,0.02863853915527048
GARCH,BTC-USD,2026-06-21 00:30:00,0.018928294106620704,0.028607162619879084
GARCH,BTC-USD,2026-06-21 00:45:00,0.018245693821163183,0.028462954329234104
GARCH,BTC-USD,2026-06-21 01:00:00,0.01814051413886396,0.028451764039473196
GARCH,BTC-USD,2026-06-21 01:15:00,0.01752760930138723,0.028447009929305708
GARCH,BTC-USD,2026-06-21 01:30:00,0.01716805288963153,0.028425936524608942
GARCH,BTC-USD,2026-06-21 01:45:00,0.01668535546681262,0.02841693270039951
GARCH,BTC-USD,2026-06-21 02:00:00,0.016360415845335912,0.02841724377657388
GARCH,BTC-USD,2026-06-21 02:15:00,0.016560718919815337,0.02837222263257902
GARCH,BTC-USD,2026-06-21 02:30:00,0.016026342710480257,0.028371954686511793
GARCH,BTC-USD,2026-06-21 02:45:00,0.015761612484668643,0.028383380229148873
GARCH,BTC-USD,2026-06-21 03:00:00,0.016888786604425353,0.02824357620474946
GARCH,BTC-USD,2026-06-21 03:15:00,0.016969074475029367,0.02826569749430299
GARCH,BTC-USD,2026-06-21 03:30:00,0.018898257981473123,0.0282008967368234
GARCH,BTC-USD,2026-06-21 03:45:00,0.017695662884247777,0.028199515902946073
GARCH,BTC-USD,2026-06-21 04:00:00,0.017406343934596682,0.028247426929399903
GARCH,BTC-USD,2026-06-21 04:15:00,0.0208263171334521,0.027280623738284247
GARCH,BTC-USD,2026-06-21 04:30:00,0.019169337097800023,0.027431161453353368
GARCH,BTC-USD,2026-06-21 04:45:00,0.028495547434534103,0.02724288421080913
GARCH,BTC-USD,2026-06-21 05:00:00,0.02446129401257975,0.02725629906972548
GARCH,BTC-USD,2026-06-21 05:15:00,0.024930428848667488,0.027240342045234657
GARCH,BTC-USD,2026-06-21 05:30:00,0.023201074910336853,0.02723110499339267
GARCH,BTC-USD,2026-06-21 05:45:00,0.022651707300835662,0.02696025627515073
GARCH,BTC-USD,2026-06-21 06:00:00,0.02196067159890872,0.02644351023931846
GARCH,BTC-USD,2026-06-21 06:15:00,0.021944274188011113,0.02541561732762885
GARCH,BTC-USD,2026-06-21 06:30:00,0.020889260515751375,0.02454386864818385
GARCH,BTC-USD,2026-06-21 06:45:00,0.020113246587382984,0.024195544314507562
GARCH,BTC-USD,2026-06-21 07:00:00,0.019780448185855025,0.024227823390982825
GARCH,BTC-USD,2026-06-21 07:15:00,0.02102090251392121,0.02417608438213284
GARCH,BTC-USD,2026-06-21 07:30:00,0.02013749747991169,0.02417308173916778
GARCH,BTC-USD,2026-06-21 07:45:00,0.019551763817050514,0.02403341219218765
GARCH,BTC-USD,2026-06-21 08:00:00,0.020570577831843236,0.024045532184353367
GARCH,BTC-USD,2026-06-21 08:15:00,0.02043549637907827,0.024042255112923197
GARCH,BTC-USD,2026-06-21 08:30:00,0.020618776943311663,0.02403058793798298
GARCH,BTC-USD,2026-06-21 08:45:00,0.019679979014846492,0.02398114237823197
GARCH,BTC-USD,2026-06-21 09:00:00,0.019551601391226105,0.023914188722513146
GARCH,BTC-USD,2026-06-21 09:15:00,0.020223038787905323,0.023897113429732737
GARCH,BTC-USD,2026-06-21 09:30:00,0.020679638681344793,0.023903705931828046
GARCH,BTC-USD,2026-06-21 09:45:00,0.021183073435649073,0.023923074711856167
GARCH,BTC-USD,2026-06-21 10:00:00,0.021404103581223098,0.02387725562001477
GARCH,BTC-USD,2026-06-21 10:15:00,0.020354433110508375,0.023710001342902673
GARCH,BTC-USD,2026-06-21 10:30:00,0.020155242145759825,0.023705311117636477
GARCH,BTC-USD,2026-06-21 10:45:00,0.019339843812086536,0.023414932082894073
GARCH,BTC-USD,2026-06-21 11:00:00,0.019682832375385952,0.023397424802741287
GARCH,BTC-USD,2026-06-21 11:15:00,0.01897650458955001,0.023454473149245585
GARCH,BTC-USD,2026-06-21 11:30:00,0.021136808413022203,0.02351511225827317
GARCH,BTC-USD,2026-06-21 11:45:00,0.022972353350433697,0.02339482184333491
GARCH,BTC-USD,2026-06-21 12:00:00,0.022862169922327348,0.023415877264715685
GARCH,BTC-USD,2026-06-21 12:15:00,0.022741338464681137,0.02340917885602129
GARCH,BTC-USD,2026-06-21 12:30:00,0.021733231182125407,0.023483834682096482
GARCH,BTC-USD,2026-06-21 12:45:00,0.024929950534235384,0.023500097143051145
GARCH,BTC-USD,2026-06-21 13:00:00,0.02350498980066753,0.023474459560176932
GARCH,BTC-USD,2026-06-21 13:15:00,0.022997748553025856,0.02354132237070361
GARCH,BTC-USD,2026-06-21 13:30:00,0.024709417671699648,0.023562199247137355
GARCH,BTC-USD,2026-06-21 13:45:00,0.024728644744180923,0.023507679740756817
GARCH,BTC-USD,2026-06-21 14:00:00,0.02449590522210152,0.023438819530043578
GARCH,BTC-USD,2026-06-21 14:15:00,0.02323997498962914,0.023436561694259284
GARCH,BTC-USD,2026-06-21 14:30:00,0.02228120750647699,0.02346375168536142
GARCH,BTC-USD,2026-06-21 14:45:00,0.02299108894838833,0.023435841180378888
GARCH,BTC-USD,2026-06-21 15:00:00,0.02235120981489507,0.023411664679786406
GARCH,BTC-USD,2026-06-21 15:15:00,0.022035401960622907,0.023357953641804
GARCH,BTC-USD,2026-06-21 15:30:00,0.02118276746360495,0.02337257326748924
GARCH,BTC-USD,2026-06-21 15:45:00,0.02132196184312426,0.023401857864628
GARCH,BTC-USD,2026-06-21 16:00:00,0.022088999138086887,0.023400350083338434
GARCH,BTC-USD,2026-06-21 16:15:00,0.021170951192700294,0.02343323507986464
GARCH,BTC-USD,2026-06-21 16:30:00,0.021861090059933044,0.023379305982028874
GARCH,BTC-USD,2026-06-21 16:45:00,0.020821698752575793,0.023394777316055444
GARCH,BTC-USD,2026-06-21 17:00:00,0.02096108803336822,0.023434510210570914
GARCH,BTC-USD,2026-06-21 17:15:00,0.022736439638301176,0.023435867747652335
GARCH,BTC-USD,2026-06-21 17:30:00,0.021104311716057075,0.02341983344546665
GARCH,BTC-USD,2026-06-21 17:45:00,0.020559562006180993,0.023137519637589553
GARCH,BTC-USD,2026-06-21 18:00:00,0.02462016441395617,0.023097768589584174
GARCH,BTC-USD,2026-06-21 18:15:00,0.022221291705560284,0.0230947678443735
GARCH,BTC-USD,2026-06-21 18:30:00,0.02616543581620073,0.02307611551103928
GARCH,BTC-USD,2026-06-21 18:45:00,0.02368191329826438,0.023024254245247153
GARCH,BTC-USD,2026-06-21 19:00:00,0.022996092769983018,0.02289636131608623
GARCH,BTC-USD,2026-06-21 19:15:00,0.021839774806400546,0.022822644741451115
GARCH,BTC-USD,2026-06-21 19:30:00,0.021040800875412744,0.022666681409757753
GARCH,BTC-USD,2026-06-21 19:45:00,0.02016897211309728,0.022412643365992618
GARCH,BTC-USD,2026-06-21 20:00:00,0.01971520030533358,0.02240725990739758
GARCH,BTC-USD,2026-06-21 20:15:00,0.01954189221286981,0.02252337273168843
GARCH,BTC-USD,2026-06-21 20:30:00,0.02401148043064534,0.022597959006444606
GARCH,BTC-USD,2026-06-21 20:45:00,0.02576989367564927,0.02279315130126856
GARCH,BTC-USD,2026-06-21 21:00:00,0.032849901868644976,0.0228119526161087
GARCH,BTC-USD,2026-06-21 21:15:00,0.029028049158231345,0.023019481011300583
GARCH,BTC-USD,2026-06-21 21:30:00,0.034903401888033904,0.02303974466099204
GARCH,BTC-USD,2026-06-21 21:45:00,0.03171999202345148,0.023129406011949568
GARCH,BTC-USD,2026-06-21 22:00:00,0.03526964975957585,0.02315559088935125
GARCH,BTC-USD,2026-06-21 22:15:00,0.03258741333935249,0.022819169246059055
GARCH,BTC-USD,2026-06-21 22:30:00,0.03126574128368279,0.02282447941116053
GARCH,BTC-USD,2026-06-21 22:45:00,0.032330778003665725,0.02286315844270727
GARCH,BTC-USD,2026-06-21 23:00:00,0.03092981798862881,0.022894620030174936
GARCH,BTC-USD,2026-06-21 23:15:00,0.03008491914793073,0.023465055818232203
GARCH,BTC-USD,2026-06-21 23:30:00,0.04407603374289255,0.023444417281298202
GARCH,BTC-USD,2026-06-21 23:45:00,0.03675954027877376,0.023499363394914246
GARCH,BTC-USD,2026-06-22 00:00:00,0.04176898739442923,0.02371652367988411
GARCH,BTC-USD,2026-06-22 00:15:00,0.04331572541054109,0.023893013663334767
GARCH,BTC-USD,2026-06-22 00:30:00,0.04436770471585461,0.023888376728551375
GARCH,BTC-USD,2026-06-22 00:45:00,0.040430723556503206,0.023748984861647598
GARCH,BTC-USD,2026-06-22 01:00:00,0.038428934092035245,0.026734930606871855
GARCH,BTC-USD,2026-06-22 01:15:00,0.09001343970158765,0.026801424362361943
GARCH,BTC-USD,2026-06-22 01:30:00,0.0710478095594883,0.02678423385855349
GARCH,BTC-USD,2026-06-22 01:45:00,0.07170274427353561,0.026788921177333856
GARCH,BTC-USD,2026-06-22 02:00:00,0.0652958514284854,0.026702551628675228
GARCH,BTC-USD,2026-06-22 02:15:00,0.06162603845147153,0.02671604076073014
GARCH,BTC-USD,2026-06-22 02:30:00,0.05761028061021155,0.02696129441568673
GARCH,BTC-USD,2026-06-22 02:45:00,0.058851321124025587,0.02717446256077731
GARCH,BTC-USD,2026-06-22 03:00:00,0.05782869636965152,0.027375161248905478
GARCH,BTC-USD,2026-06-22 03:15:00,0.05806313147690929,0.027414894335120336
GARCH,BTC-USD,2026-06-22 03:30:00,0.05401212943013689,0.02717071409716016
GARCH,BTC-USD,2026-06-22 03:45:00,0.055216006114912446,0.027161295007960475
GARCH,BTC-USD,2026-06-22 04:00:00,0.05010556763646356,0.027161411232420107
GARCH,BTC-USD,2026-06-22 04:15:00,0.04745769488159971,0.02674512455112309
GARCH,BTC-USD,2026-06-22 04:30:00,0.044297871321072775,0.026766066883767384
GARCH,BTC-USD,2026-06-22 04:45:00,0.04391952082162157,0.026852034842145975
GARCH,BTC-USD,2026-06-22 05:00:00,0.04505719835719176,0.02673046172495041
GARCH,BTC-USD,2026-06-22 05:15:00,0.04118303202867237,0.026724269849494456
GARCH,BTC-USD,2026-06-22 05:30:00,0.03914910946590551,0.026673263569448016
GARCH,BTC-USD,2026-06-22 05:45:00,0.0366890346329593,0.026671048081502644
GARCH,BTC-USD,2026-06-22 06:00:00,0.0346219013234769,0.026656768046956516
GARCH,BTC-USD,2026-06-22 06:15:00,0.03439947990432687,0.02655101605396173
GARCH,BTC-USD,2026-06-22 06:30:00,0.03348716955347216,0.026548537686471474
GARCH,BTC-USD,2026-06-22 06:45:00,0.03136017994295252,0.026626381180916918
GARCH,BTC-USD,2026-06-22 07:00:00,0.037354423230922244,0.026614899622925167
GARCH,BTC-USD,2026-06-22 07:15:00,0.033138311427590585,0.026584133307216092
GARCH,BTC-USD,2026-06-22 07:30:00,0.03194386766829591,0.026237622565289845
GARCH,BTC-USD,2026-06-22 07:45:00,0.030222868527770497,0.026286327408758497
GARCH,BTC-USD,2026-06-22 08:00:00,0.03069868132847392,0.02633731548564251
GARCH,BTC-USD,2026-06-22 08:15:00,0.03109309677767593,0.0262253434024118
GARCH,BTC-USD,2026-06-22 08:30:00,0.029727972959959714,0.026222816326956555
GARCH,BTC-USD,2026-06-22 08:45:00,0.029863165505004806,0.026216468666060495
GARCH,BTC-USD,2026-06-22 09:00:00,0.02773198407305451,0.026226885850137306
GARCH,BTC-USD,2026-06-22 09:15:00,0.02739857223947126,0.026210402990301654
GARCH,BTC-USD,2026-06-22 09:30:00,0.025640584814882475,0.026202837828967936
GARCH,BTC-USD,2026-06-22 09:45:00,0.024575296022802316,0.02620768404233493
GARCH,BTC-USD,2026-06-22 10:00:00,0.024367297050438934,0.026196887605206182
GARCH,BTC-USD,2026-06-22 10:15:00,0.023238951501984927,0.026243396052926315
GARCH,BTC-USD,2026-06-22 10:30:00,0.024293328241164196,0.026256140807819954
GARCH,BTC-USD,2026-06-22 10:45:00,0.023239108654427357,0.026378586977516452
GARCH,BTC-USD,2026-06-22 11:00:00,0.028435477661663894,0.02638945109986692
GARCH,BTC-USD,2026-06-22 11:15:00,0.02564705580652425,0.026668850589869734
GARCH,BTC-USD,2026-06-22 11:30:00,0.03624006027712034,0.026569505891191066
GARCH,BTC-USD,2026-06-22 11:45:00,0.03085004513144622,0.0266040904892544
GARCH,BTC-USD,2026-06-22 12:00:00,0.03193213048173758,0.026709008011405064
GARCH,BTC-USD,2026-06-22 12:15:00,0.03587943100311954,0.0267323446845035
GARCH,BTC-USD,2026-06-22 12:30:00,0.034262815419429216,0.02675689654900404
GARCH,BTC-USD,2026-06-22 12:45:00,0.0334626459395612,0.026756747438816963
GARCH,BTC-USD,2026-06-22 13:00:00,0.03115161557323539,0.026753723611616504
GARCH,BTC-USD,2026-06-22 13:15:00,0.03325371856541323,0.02747225128789417
GARCH,BTC-USD,2026-06-22 13:30:00,0.051992792536940405,0.027580212145721195
GARCH,BTC-USD,2026-06-22 13:45:00,0.0461561806288006,0.027920476341810288
GARCH,BTC-USD,2026-06-22 14:00:00,0.05197266023127304,0.028420565598927437
GARCH,BTC-USD,2026-06-22 14:15:00,0.057372438050675253,0.028439664093853186
GARCH,BTC-USD,2026-06-22 14:30:00,0.05127141414678747,0.02828444236374015
GARCH,BTC-USD,2026-06-22 14:45:00,0.049276537848496164,0.028328755021765933
GARCH,BTC-USD,2026-06-22 15:00:00,0.047068355055429424,0.02830026444544652
GARCH,BTC-USD,2026-06-22 15:15:00,0.043974764142251474,0.02830071885892595
GARCH,BTC-USD,2026-06-22 15:30:00,0.04136266506953985,0.028491425021662676
GARCH,BTC-USD,2026-06-22 15:45:00,0.04518148320472407,0.02853029179520631
GARCH,BTC-USD,2026-06-22 16:00:00,0.042113212548466825,0.02852848449418421
GARCH,BTC-USD,2026-06-22 16:15:00,0.03987183641536504,0.028567169138117462
GARCH,BTC-USD,2026-06-22 16:30:00,0.03895363631831839,0.028639374954936438
GARCH,BTC-USD,2026-06-22 16:45:00,0.038611212265982825,0.028589684894431554
GARCH,BTC-USD,2026-06-22 17:00:00,0.03588454219794824,0.028651219769779874
GARCH,BTC-USD,2026-06-22 17:15:00,0.03709084035562603,0.02870019964586345
GARCH,BTC-USD,2026-06-22 17:30:00,0.03552868965896052,0.02880686715991216
GARCH,BTC-USD,2026-06-22 17:45:00,0.03782897678304913,0.02882163856083012
GARCH,BTC-USD,2026-06-22 18:00:00,0.03479078065515272,0.028806140852538603
GARCH,BTC-USD,2026-06-22 18:15:00,0.03382064430255939,0.028833279292284887
GARCH,BTC-USD,2026-06-22 18:30:00,0.03267137765439608,0.02896620935109089
GARCH,BTC-USD,2026-06-22 18:45:00,0.035541535304205785,0.028950353571294125
GARCH,BTC-USD,2026-06-22 19:00:00,0.032636467797394916,0.028861645476887444
GARCH,BTC-USD,2026-06-22 19:15:00,0.03174283780906188,0.028865899661398256
GARCH,BTC-USD,2026-06-22 19:30:00,0.030162510077481285,0.028904326525256065
GARCH,BTC-USD,2026-06-22 19:45:00,0.030365387714943688,0.028678001879118474
GARCH,BTC-USD,2026-06-22 20:00:00,0.028271989553654762,0.028596591669219233
GARCH,BTC-USD,2026-06-22 20:15:00,0.029564368049303128,0.028622285280446035
GARCH,BTC-USD,2026-06-22 20:30:00,0.028290923956526152,0.028636257363687218
GARCH,BTC-USD,2026-06-22 20:45:00,0.027463090113666478,0.028640166650561676
GARCH,BTC-USD,2026-06-22 21:00:00,0.026030890674373027,0.02868050292386708
GARCH,BTC-USD,2026-06-22 21:15:00,0.02679392633702104,0.028728771373782915
GARCH,BTC-USD,2026-06-22 21:30:00,0.027750122075771825,0.02880484473441291
GARCH,BTC-USD,2026-06-22 21:45:00,0.029037647603014635,0.02877914785746816
GARCH,BTC-USD,2026-06-22 22:00:00,0.02664466273434741,0.029026874273833974
GARCH,BTC-USD,2026-06-22 22:15:00,0.03797884152685269,0.02917700744226564
GARCH,BTC-USD,2026-06-22 22:30:00,0.03789253018413849,0.02919400858333665
GARCH,BTC-USD,2026-06-22 22:45:00,0.036981761056637495,0.029159796954644625
GARCH,BTC-USD,2026-06-22 23:00:00,0.034408355948292654,0.029171721118681854
GARCH,BTC-USD,2026-06-22 23:15:00,0.03391306948084231,0.029177991198708397
GARCH,BTC-USD,2026-06-22 23:30:00,0.03184937570660761,0.029177813570304755
GARCH,BTC-USD,2026-06-22 23:45:00,0.030324231212643,0.029157262052557614
GARCH,BTC-USD,2026-06-23 00:00:00,0.02931810317365211,0.02919063960164604
GARCH,BTC-USD,2026-06-23 00:15:00,0.02957655648381014,0.029379726979146103
GARCH,BTC-USD,2026-06-23 00:30:00,0.037452014853230124,0.02938189410424767
GARCH,BTC-USD,2026-06-23 00:45:00,0.03254187813595095,0.029394858216784937
GARCH,BTC-USD,2026-06-23 01:00:00,0.03262586565118974,0.02939473796319873
GARCH,BTC-USD,2026-06-23 01:15:00,0.03017379488653027,0.029459553456825865
GARCH,BTC-USD,2026-06-23 01:30:00,0.03228140729415844,0.029471847287666088
GARCH,BTC-USD,2026-06-23 01:45:00,0.030805140559879346,0.029477531408124067
GARCH,BTC-USD,2026-06-23 02:00:00,0.029213996009756188,0.029485303542981477
GARCH,BTC-USD,2026-06-23 02:15:00,0.028097156114398083,0.029484678763375856
GARCH,BTC-USD,2026-06-23 02:30:00,0.026650724197088298,0.029475620063166053
GARCH,BTC-USD,2026-06-23 02:45:00,0.025290208877267618,0.02958888176666203
GARCH,BTC-USD,2026-06-23 03:00:00,0.03034058047896219,0.029606167547197044
GARCH,BTC-USD,2026-06-23 03:15:00,0.02755705253896568,0.029587766114056526
GARCH,BTC-USD,2026-06-23 03:30:00,0.02819057379761768,0.02960185460055434
GARCH,BTC-USD,2026-06-23 03:45:00,0.026911786908943428,0.02958233473398413
GARCH,BTC-USD,2026-06-23 04:00:00,0.0255572952127254,0.029359590287860265
GARCH,BTC-USD,2026-06-23 04:15:00,0.025356152462764344,0.029434184419679377
GARCH,BTC-USD,2026-06-23 04:30:00,0.029469735323663714,0.02958393706318756
GARCH,BTC-USD,2026-06-23 04:45:00,0.03331730896750328,0.02944096339021473
GARCH,BTC-USD,2026-06-23 05:00:00,0.02966807821136305,0.029430267285661813
GARCH,BTC-USD,2026-06-23 05:15:00,0.032467892765578855,0.029355888367084897
GARCH,BTC-USD,2026-06-23 05:30:00,0.029451512886114105,0.02855508640166732
GARCH,BTC-USD,2026-06-23 05:45:00,0.028755876046876738,0.028700807174263394
GARCH,BTC-USD,2026-06-23 06:00:00,0.03379852337492224,0.029345600338219542
GARCH,BTC-USD,2026-06-23 06:15:00,0.05521489389072016,0.029467908557257123
GARCH,BTC-USD,2026-06-23 06:30:00,0.048218731984489116,0.029461263773404207
GARCH,BTC-USD,2026-06-23 06:45:00,0.046390328910100614,0.02940967222048611
GARCH,BTC-USD,2026-06-23 07:00:00,0.044007571800135016,0.029411613009527836
GARCH,BTC-USD,2026-06-23 07:15:00,0.0411858955589383,0.029461241224674042
GARCH,BTC-USD,2026-06-23 07:30:00,0.04048498383160756,0.02945572571388642
GARCH,BTC-USD,2026-06-23 07:45:00,0.03742397926429316,0.029657416721812668
GARCH,BTC-USD,2026-06-23 08:00:00,0.0433194951042306,0.031095802786660576
GARCH,BTC-USD,2026-06-23 08:15:00,0.07390653024120508,0.03154753889177048
GARCH,BTC-USD,2026-06-23 08:30:00,0.0694257523725492,0.03154367856734226
GARCH,BTC-USD,2026-06-23 08:45:00,0.06474380666017389,0.03155337582237243
GARCH,BTC-USD,2026-06-23 09:00:00,0.06069419283520602,0.03157919472157404
GARCH,BTC-USD,2026-06-23 09:15:00,0.05738990386369288,0.031659119176242645
GARCH,BTC-USD,2026-06-23 09:30:00,0.05580677554914538,0.03166182888314549
GARCH,BTC-USD,2026-06-23 09:45:00,0.051522747015974535,0.03164877610494961
GARCH,BTC-USD,2026-06-23 10:00:00,0.04914575823036933,0.03168048212278098
GARCH,BTC-USD,2026-06-23 10:15:00,0.04686161128462729,0.031696733071529454
GARCH,BTC-USD,2026-06-23 10:30:00,0.04510138010523088,0.031712642093993965
GARCH,BTC-USD,2026-06-23 10:45:00,0.04227617449569161,0.03173220976510016
GARCH,BTC-USD,2026-06-23 11:00:00,0.040298186331440014,0.03183669509845209
GARCH,BTC-USD,2026-06-23 11:15:00,0.041316579583763946,0.03183604739068829
GARCH,BTC-USD,2026-06-23 11:30:00,0.03772835915219981,0.03182986305209775
GARCH,BTC-USD,2026-06-23 11:45:00,0.03623233175567228,0.03184025594370282
GARCH,BTC-USD,2026-06-23 12:00:00,0.03495026592232211,0.03183460940928847
GARCH,BTC-USD,2026-06-23 12:15:00,0.03283200067557871,0.03180766345693555
GARCH,BTC-USD,2026-06-23 12:30:00,0.03168130388376509,0.031826946408407844
GARCH,BTC-USD,2026-06-23 12:45:00,0.03080403982907885,0.03177994719876123
GARCH,BTC-USD,2026-06-23 13:00:00,0.03000911496869293,0.031727455543111516
GARCH,BTC-USD,2026-06-23 13:15:00,0.03155522744732295,0.03225057577315199
GARCH,BTC-USD,2026-06-23 13:30:00,0.046995034500308404,0.032275707976246786
GARCH,BTC-USD,2026-06-23 13:45:00,0.03976369221455308,0.03258052335990774
GARCH,BTC-USD,2026-06-23 14:00:00,0.04856084670925844,0.032688829862070015
GARCH,BTC-USD,2026-06-23 14:15:00,0.04557715122279068,0.03268597222988961
GARCH,BTC-USD,2026-06-23 14:30:00,0.04317956354971526,0.03268602295935737
GARCH,BTC-USD,2026-06-23 14:45:00,0.04037938667192961,0.03272616173888762
GARCH,BTC-USD,2026-06-23 15:00:00,0.04001329404349854,0.032765897705352806
GARCH,BTC-USD,2026-06-23 15:15:00,0.03871586348640664,0.03276867214420164
GARCH,BTC-USD,2026-06-23 15:30:00,0.03609698336473569,0.03291026154256747
GARCH,BTC-USD,2026-06-23 15:45:00,0.039154288603724635,0.03326127193885603
GARCH,BTC-USD,2026-06-23 16:00:00,0.04725664843794951,0.033405368857188804
GARCH,BTC-USD,2026-06-23 16:15:00,0.045873937147203114,0.033411683006871015
GARCH,BTC-USD,2026-06-23 16:30:00,0.04269576417511289,0.03342956098444729
GARCH,BTC-USD,2026-06-23 16:45:00,0.04093898622169264,0.03347359711586506
GARCH,BTC-USD,2026-06-23 17:00:00,0.04009569714633546,0.033648963205561586
GARCH,BTC-USD,2026-06-23 17:15:00,0.043190201186314794,0.033695878184508324
GARCH,BTC-USD,2026-06-23 17:30:00,0.04064586383530433,0.03379495374019554
GARCH,BTC-USD,2026-06-23 17:45:00,0.042153406645164426,0.03377673583064678
GARCH,BTC-USD,2026-06-23 18:00:00,0.03825424779921478,0.03376357477367508
GARCH,BTC-USD,2026-06-23 18:15:00,0.03646108915548793,0.033879858488277674
GARCH,BTC-USD,2026-06-23 18:30:00,0.04074565449369983,0.03392107029444963
GARCH,BTC-USD,2026-06-23 18:45:00,0.037500569453607045,0.03399375030386201
GARCH,BTC-USD,2026-06-23 19:00:00,0.038087947761621506,0.033962705021566834
GARCH,BTC-USD,2026-06-23 19:15:00,0.03578322438397727,0.034025598366834234
GARCH,BTC-USD,2026-06-23 19:30:00,0.03677810688015209,0.03393328384097738
GARCH,BTC-USD,2026-06-23 19:45:00,0.035440295571138994,0.033935327760685544
GARCH,BTC-USD,2026-06-23 20:00:00,0.0332813921553942,0.03393167623183801
GARCH,BTC-USD,2026-06-23 20:15:00,0.03190946723719844,0.033931949411970024
GARCH,BTC-USD,2026-06-23 20:30:00,0.02997926797010249,0.03392899064857468
GARCH,BTC-USD,2026-06-23 20:45:00,0.02840504066175915,0.03393417262944185
GARCH,BTC-USD,2026-06-23 21:00:00,0.02729349208256511,0.03393111454252494
GARCH,BTC-USD,2026-06-23 21:15:00,0.02648561299703941,0.033940845165423464
GARCH,BTC-USD,2026-06-23 21:30:00,0.02561530863761192,0.033942325069182926
GARCH,BTC-USD,2026-06-23 21:45:00,0.024339484609360067,0.034026571708272745
GARCH,BTC-USD,2026-06-23 22:00:00,0.027984295057103228,0.034061962538206834
GARCH,BTC-USD,2026-06-23 22:15:00,0.028490896852554654,0.034060878308802445
GARCH,BTC-USD,2026-06-23 22:30:00,0.027023855706533505,0.034066915057943584
GARCH,BTC-USD,2026-06-23 22:45:00,0.02590670597455443,0.03406333373383233
GARCH,BTC-USD,2026-06-23 23:00:00,0.025668607318795226,0.03413682487801627
GARCH,BTC-USD,2026-06-23 23:15:00,0.02852204530000075,0.034131094022859736
GARCH,BTC-USD,2026-06-23 23:30:00,0.026147355691511477,0.03417518022836845
GARCH,BTC-USD,2026-06-23 23:45:00,0.027631790199681427,0.034293015131512936
GARCH,BTC-USD,2026-06-24 00:00:00,0.031591427452198215,0.03427728166962202
GARCH,BTC-USD,2026-06-24 00:15:00,0.02851913133395483,0.034299059412048506
GARCH,BTC-USD,2026-06-24 00:30:00,0.029769220947392563,0.03428684641949555
GARCH,BTC-USD,2026-06-24 00:45:00,0.027902983274997767,0.0342674852243827
GARCH,BTC-USD,2026-06-24 01:00:00,0.026718511297391487,0.03427985784835254
GARCH,BTC-USD,2026-06-24 01:15:00,0.026284573050329697,0.03427706227499408
GARCH,BTC-USD,2026-06-24 01:30:00,0.024884291825927694,0.03427501209329306
GARCH,BTC-USD,2026-06-24 01:45:00,0.023755370675849097,0.03426886094384616
GARCH,BTC-USD,2026-06-24 02:00:00,0.02333766501357698,0.03431155591033097
GARCH,BTC-USD,2026-06-24 02:15:00,0.025352680723113138,0.034282446792995164
GARCH,BTC-USD,2026-06-24 02:30:00,0.023492213045175177,0.034267950377297296
GARCH,BTC-USD,2026-06-24 02:45:00,0.02488105225365712,0.034250053196440484
GARCH,BTC-USD,2026-06-24 03:00:00,0.023226075366302494,0.03426050567734404
GARCH,BTC-USD,2026-06-24 03:15:00,0.02360948785053211,0.03432381444830026
GARCH,BTC-USD,2026-06-24 03:30:00,0.0260766141668523,0.034269665139940446
GARCH,BTC-USD,2026-06-24 03:45:00,0.024655147413590605,0.03427149396743295
GARCH,BTC-USD,2026-06-24 04:00:00,0.02470451383079279,0.034279306078933085
GARCH,BTC-USD,2026-06-24 04:15:00,0.02445987973439315,0.03425654232188864
GARCH,BTC-USD,2026-06-24 04:30:00,0.02391027073931225,0.034255701803214675
GARCH,BTC-USD,2026-06-24 04:45:00,0.024690579664710565,0.03424468886062631
GARCH,BTC-USD,2026-06-24 05:00:00,0.023310499402056956,0.034276226513400704
GARCH,BTC-USD,2026-06-24 05:15:00,0.024353225988167814,0.03428578041742127
GARCH,BTC-USD,2026-06-24 05:30:00,0.023195845308536397,0.03426242145110282
GARCH,BTC-USD,2026-06-24 05:45:00,0.022523262217133185,0.03425473757845244
GARCH,BTC-USD,2026-06-24 06:00:00,0.022062794847930067,0.034242541684100396
GARCH,BTC-USD,2026-06-24 06:15:00,0.02096588232139549,0.034246344445052083
GARCH,BTC-USD,2026-06-24 06:30:00,0.021006442799215055,0.03423419231174284
GARCH,BTC-USD,2026-06-24 06:45:00,0.01992734716932535,0.03421692258459587
GARCH,BTC-USD,2026-06-24 07:00:00,0.01966951396925321,0.03427604192613394
GARCH,BTC-USD,2026-06-24 07:15:00,0.024075523860353214,0.03425999379480774
GARCH,BTC-USD,2026-06-24 07:30:00,0.021443909603660896,0.034258783795241866
GARCH,BTC-USD,2026-06-24 07:45:00,0.021673023054591855,0.03424404974030533
GARCH,BTC-USD,2026-06-24 08:00:00,0.02041462947037455,0.03421853280298734
GARCH,BTC-USD,2026-06-24 08:15:00,0.020451397181895627,0.034242153329379216
GARCH,BTC-USD,2026-06-24 08:30:00,0.02123905563135612,0.034240661706588855
GARCH,BTC-USD,2026-06-24 08:45:00,0.019889137159250905,0.03417312043895629
GARCH,BTC-USD,2026-06-24 09:00:00,0.019374465672478115,0.03419975584220347
GARCH,BTC-USD,2026-06-24 09:15:00,0.02135951940520759,0.03412223668479385
GARCH,BTC-USD,2026-06-24 09:30:00,0.019755995021905844,0.03411745005809526
GARCH,BTC-USD,2026-06-24 09:45:00,0.01938355134490954,0.03413438690917065
GARCH,BTC-USD,2026-06-24 10:00:00,0.020191588917575345,0.03414838135529108
GARCH,BTC-USD,2026-06-24 10:15:00,0.02034140087771258,0.03416265162267899
GARCH,BTC-USD,2026-06-24 10:30:00,0.020110758821203625,0.034243331476711214
GARCH,BTC-USD,2026-06-24 10:45:00,0.02518857235087851,0.034258313514364196
GARCH,BTC-USD,2026-06-24 11:00:00,0.023643830192353787,0.03425333109260265
GARCH,BTC-USD,2026-06-24 11:15:00,0.022672227451141443,0.03470708584666751
GARCH,BTC-USD,2026-06-24 11:30:00,0.044573705005950835,0.03476388471384008
GARCH,BTC-USD,2026-06-24 11:45:00,0.04031598519431248,0.03462285309990205
GARCH,BTC-USD,2026-06-24 12:00:00,0.03909413900545419,0.034607876126517646
GARCH,BTC-USD,2026-06-24 12:15:00,0.03636762377572428,0.03446125010341674
GARCH,BTC-USD,2026-06-24 12:30:00,0.03446690596235488,0.03464569424510671
GARCH,BTC-USD,2026-06-24 12:45:00,0.04116607216190793,0.03572071328658064
GARCH,BTC-USD,2026-06-24 13:00:00,0.07087764363350478,0.035785119091554574
GARCH,BTC-USD,2026-06-24 13:15:00,0.06006524094818663,0.03628830859463003
GARCH,BTC-USD,2026-06-24 13:30:00,0.07183209450933156,0.03633036962622094
GARCH,BTC-USD,2026-06-24 13:45:00,0.06553853473969853,0.036360825237652286
GARCH,BTC-USD,2026-06-24 14:00:00,0.0635518462640607,0.03635332131116339
GARCH,BTC-USD,2026-06-24 14:15:00,0.05865481072927048,0.03601825516101
GARCH,BTC-USD,2026-06-24 14:30:00,0.05528591449869099,0.03603701278870486
GARCH,BTC-USD,2026-06-24 14:45:00,0.05236824975711663,0.03604314601739024
GARCH,BTC-USD,2026-06-24 15:00:00,0.054448585053328835,0.03586458648256892
GARCH,BTC-USD,2026-06-24 15:15:00,0.049258787993345564,0.0360120683190933
GARCH,BTC-USD,2026-06-24 15:30:00,0.05679632146046279,0.03633052863590871
GARCH,BTC-USD,2026-06-24 15:45:00,0.06028558969287582,0.036617095140715435
GARCH,BTC-USD,2026-06-24 16:00:00,0.06074764960021142,0.03436574370647493
GARCH,BTC-USD,2026-06-24 16:15:00,0.05536500832684368,0.03462391887679172
GARCH,BTC-USD,2026-06-24 16:30:00,0.06164458458160744,0.03513951877172302
GARCH,BTC-USD,2026-06-24 16:45:00,0.06983932857307068,0.035137548179903215
GARCH,BTC-USD,2026-06-24 17:00:00,0.061420751892578444,0.035200902224509424
GARCH,BTC-USD,2026-06-24 17:15:00,0.061086727954793356,0.035661718378351366
GARCH,BTC-USD,2026-06-24 17:30:00,0.06921383525311373,0.035543129971799425
GARCH,BTC-USD,2026-06-24 17:45:00,0.0610794229409886,0.03558460449905527
GARCH,BTC-USD,2026-06-24 18:00:00,0.06179338037747613,0.03544746165478327
GARCH,BTC-USD,2026-06-24 18:15:00,0.05780505343305564,0.035499330513854135
GARCH,BTC-USD,2026-06-24 18:30:00,0.05670312051351675,0.035381025131126266
GARCH,BTC-USD,2026-06-24 18:45:00,0.052242757473377,0.03542955819628159
GARCH,BTC-USD,2026-06-24 19:00:00,0.050277032802398286,0.035530718112304266
GARCH,BTC-USD,2026-06-24 19:15:00,0.04934007451837821,0.03553250142277951
GARCH,BTC-USD,2026-06-24 19:30:00,0.04562426181267043,0.0355934469929521
GARCH,BTC-USD,2026-06-24 19:45:00,0.047188738842581665,0.03755278133418713
GARCH,BTC-USD,2026-06-24 20:00:00,0.0915758229060024,0.03758540871669406
GARCH,BTC-USD,2026-06-24 20:15:00,0.07317311459897485,0.03764045187100335
GARCH,BTC-USD,2026-06-24 20:30:00,0.07403860926560785,0.03766125432288566
GARCH,BTC-USD,2026-06-24 20:45:00,0.06767214044684045,0.037841607227800486
GARCH,BTC-USD,2026-06-24 21:00:00,0.06852593180613269,0.03788717191133327
GARCH,BTC-USD,2026-06-24 21:15:00,0.06384180023097069,0.038078110113000045
GARCH,BTC-USD,2026-06-24 21:30:00,0.06502835770159057,0.03808580694343305
GARCH,BTC-USD,2026-06-24 21:45:00,0.05915054617624503,0.03795460041956972
GARCH,BTC-USD,2026-06-24 22:00:00,0.05733986988968911,0.037980192921584444
GARCH,BTC-USD,2026-06-24 22:15:00,0.054442322150462935,0.037988485396452436
GARCH,BTC-USD,2026-06-24 22:30:00,0.05079826146961426,0.03799001529490314
GARCH,BTC-USD,2026-06-24 22:45:00,0.04789508845350816,0.03794358491155278
GARCH,BTC-USD,2026-06-24 23:00:00,0.044771857231412956,0.03794601195441685
GARCH,BTC-USD,2026-06-24 23:15:00,0.04331853086313299,0.037929787309608824
GARCH,BTC-USD,2026-06-24 23:30:00,0.04043075331537657,0.037922545489569325
GARCH,BTC-USD,2026-06-24 23:45:00,0.038592311318607214,0.0379210025760346
GARCH,BTC-USD,2026-06-25 00:00:00,0.03609249357071197,0.037998971097696094
GARCH,BTC-USD,2026-06-25 00:15:00,0.03864359095739496,0.038013475120600396
GARCH,BTC-USD,2026-06-25 00:30:00,0.03594598627449332,0.038010512941775904
GARCH,BTC-USD,2026-06-25 00:45:00,0.03410859037442234,0.037992962568717994
GARCH,BTC-USD,2026-06-25 01:00:00,0.0324740938600999,0.03802661429621504
GARCH,BTC-USD,2026-06-25 01:15:00,0.03190255536419951,0.038006397490502636
GARCH,BTC-USD,2026-06-25 01:30:00,0.029903233720458035,0.03803023657935049
GARCH,BTC-USD,2026-06-25 01:45:00,0.030134204882606996,0.03797131364232298
GARCH,BTC-USD,2026-06-25 02:00:00,0.031418596919910245,0.03805372430248119
GARCH,BTC-USD,2026-06-25 02:15:00,0.03305869482330929,0.03790712908164229
GARCH,BTC-USD,2026-06-25 02:30:00,0.03505378134054846,0.03790448367121149
GARCH,BTC-USD,2026-06-25 02:45:00,0.031857247865493946,0.03786688708741327
GARCH,BTC-USD,2026-06-25 03:00:00,0.030685054891027293,0.03772624566655828
GARCH,BTC-USD,2026-06-25 03:15:00,0.028926851943984682,0.03767205693032218
GARCH,BTC-USD,2026-06-25 03:30:00,0.027748373159938174,0.03771422321150213
GARCH,BTC-USD,2026-06-25 03:45:00,0.02969474637374367,0.03771925910565656
GARCH,BTC-USD,2026-06-25 04:00:00,0.027616912190890266,0.03768878610620554
GARCH,BTC-USD,2026-06-25 04:15:00,0.027433184945835843,0.03712561515297066
GARCH,BTC-USD,2026-06-25 04:30:00,0.026965029280125726,0.037593371794406194
GARCH,BTC-USD,2026-06-25 04:45:00,0.0489333112305116,0.03772229636277572
GARCH,BTC-USD,2026-06-25 05:00:00,0.051113419325638426,0.03739375705232531
GARCH,BTC-USD,2026-06-25 05:15:00,0.04620960802312632,0.03740213084517092
GARCH,BTC-USD,2026-06-25 05:30:00,0.04460159104115409,0.03740206842115573
GARCH,BTC-USD,2026-06-25 05:45:00,0.042029445968857035,0.03741409252645819
GARCH,BTC-USD,2026-06-25 06:00:00,0.041499475928625726,0.03741581603451093
GARCH,BTC-USD,2026-06-25 06:15:00,0.038540366876275683,0.03744726993088052
GARCH,BTC-USD,2026-06-25 06:30:00,0.037625176957368445,0.0373035011243722
GARCH,BTC-USD,2026-06-25 06:45:00,0.03505480397767495,0.03727414410658619
GARCH,BTC-USD,2026-06-25 07:00:00,0.03325163173642299,0.03728767105750179
GARCH,BTC-USD,2026-06-25 07:15:00,0.03187259936615011,0.03731123656001858
GARCH,BTC-USD,2026-06-25 07:30:00,0.032238505834775937,0.03724080207877283
GARCH,BTC-USD,2026-06-25 07:45:00,0.029706620198771447,0.037275737021625836
GARCH,BTC-USD,2026-06-25 08:00:00,0.030838008475422233,0.03721832129688282
GARCH,BTC-USD,2026-06-25 08:15:00,0.028315935137749833,0.0371908498571291
GARCH,BTC-USD,2026-06-25 08:30:00,0.02719974252375333,0.037079621944475595
GARCH,BTC-USD,2026-06-25 08:45:00,0.02632199283999985,0.037067046139996715
GARCH,BTC-USD,2026-06-25 09:00:00,0.025036774289168437,0.037059571175153926
GARCH,BTC-USD,2026-06-25 09:15:00,0.024320189892457787,0.03705846591498552
GARCH,BTC-USD,2026-06-25 09:30:00,0.023734408041552125,0.036971013910662986
GARCH,BTC-USD,2026-06-25 09:45:00,0.022514631917422125,0.0369565511510457
GARCH,BTC-USD,2026-06-25 10:00:00,0.022332748552176932,0.03697769389901595
GARCH,BTC-USD,2026-06-25 10:15:00,0.02382053150376019,0.03705928337442855
GARCH,BTC-USD,2026-06-25 10:30:00,0.029125129588913407,0.037060750104155916
GARCH,BTC-USD,2026-06-25 10:45:00,0.029105245598901864,0.03709220039034161
GARCH,BTC-USD,2026-06-25 11:00:00,0.028559923448090836,0.03710496443079392
GARCH,BTC-USD,2026-06-25 11:15:00,0.03027900045935754,0.037107997627422756
GARCH,BTC-USD,2026-06-25 11:30:00,0.028858178889986107,0.037103034892212505
GARCH,BTC-USD,2026-06-25 11:45:00,0.027642012119894897,0.03711050406964752
GARCH,BTC-USD,2026-06-25 12:00:00,0.026957667834887494,0.03713682813680667
GARCH,BTC-USD,2026-06-25 12:15:00,0.02911313593082628,0.037416562031293794
GARCH,BTC-USD,2026-06-25 12:30:00,0.04043452070630626,0.03740365283909811
GARCH,BTC-USD,2026-06-25 12:45:00,0.037210002745809746,0.037432728484125787
GARCH,BTC-USD,2026-06-25 13:00:00,0.036256601013552756,0.03723229376778021
GARCH,BTC-USD,2026-06-25 13:15:00,0.03486780451022543,0.041684821721817734
GARCH,BTC-USD,2026-06-25 13:30:00,0.13127690078631454,0.0526618641774163
GARCH,BTC-USD,2026-06-25 13:45:00,0.23939814886043911,0.05606309282958266
GARCH,BTC-USD,2026-06-25 14:00:00,0.2252034231541327,0.05605992821985349
GARCH,BTC-USD,2026-06-25 14:15:00,0.2091884364623583,0.05613480569085614
GARCH,BTC-USD,2026-06-25 14:30:00,0.19581988094420968,0.0561283859686771
GARCH,BTC-USD,2026-06-25 14:45:00,0.18213073713411854,0.05652448337455799
GARCH,BTC-USD,2026-06-25 15:00:00,0.17609227033963668,0.05663836254146897
GARCH,BTC-USD,2026-06-25 15:15:00,0.16345137396297343,0.056486502163340634
GARCH,BTC-USD,2026-06-25 15:30:00,0.15265760021796085,0.0568249765175183
GARCH,BTC-USD,2026-06-25 15:45:00,0.1474540672363319,0.05692707830670346
GARCH,BTC-USD,2026-06-25 16:00:00,0.1376030051675142,0.056927187650860495
GARCH,BTC-USD,2026-06-25 16:15:00,0.1281803006550774,0.05743304041655451
GARCH,BTC-USD,2026-06-25 16:30:00,0.13097997159347594,0.057415890236763516
GARCH,BTC-USD,2026-06-25 16:45:00,0.11833719660025195,0.05743838408567324
GARCH,BTC-USD,2026-06-25 17:00:00,0.11193601160485288,0.05750400089208601
GARCH,BTC-USD,2026-06-25 17:15:00,0.10527963285507562,0.05749902288912727
GARCH,BTC-USD,2026-06-25 17:30:00,0.09787104867764292,0.05756529899751525
GARCH,BTC-USD,2026-06-25 17:45:00,0.09287294572869867,0.05769016987391203
GARCH,BTC-USD,2026-06-25 18:00:00,0.09175931030649115,0.057956669831365215
GARCH,BTC-USD,2026-06-25 18:15:00,0.09114366542587908,0.05812394942586896
GARCH,BTC-USD,2026-06-25 18:30:00,0.08900942358128809,0.05812719644607969
GARCH,BTC-USD,2026-06-25 18:45:00,0.08204869654588688,0.058266659676732044
GARCH,BTC-USD,2026-06-25 19:00:00,0.08211749119721001,0.05830028855231125
GARCH,BTC-USD,2026-06-25 19:15:00,0.07566805931120427,0.058256668019995725
GARCH,BTC-USD,2026-06-25 19:30:00,0.07118072329568027,0.058193551139173134
GARCH,BTC-USD,2026-06-25 19:45:00,0.06630786056546457,0.058368017863065294
GARCH,BTC-USD,2026-06-25 20:00:00,0.06807848711269926,0.05834319200349916
GARCH,BTC-USD,2026-06-25 20:15:00,0.06179687334342348,0.058361356510954435
GARCH,BTC-USD,2026-06-25 20:30:00,0.05943730348397112,0.05836428111953186
GARCH,BTC-USD,2026-06-25 20:45:00,0.05540906076535676,0.05837111610392628
GARCH,BTC-USD,2026-06-25 21:00:00,0.05483034086305479,0.05801373040920111
GARCH,BTC-USD,2026-06-25 21:15:00,0.051541655867490134,0.05809664361220107
GARCH,BTC-USD,2026-06-25 21:30:00,0.05552890453332874,0.058290455416958833
GARCH,BTC-USD,2026-06-25 21:45:00,0.05839731222083099,0.058489099294870145
GARCH,BTC-USD,2026-06-25 22:00:00,0.06254485566938245,0.05851768719747105
GARCH,BTC-USD,2026-06-25 22:15:00,0.05746409991766002,0.058497659186852916
GARCH,BTC-USD,2026-06-25 22:30:00,0.05409121751112707,0.05850574812480485
GARCH,BTC-USD,2026-06-25 22:45:00,0.05074513047596466,0.05842996185084069
GARCH,BTC-USD,2026-06-25 23:00:00,0.04887581662583987,0.057741483785724114
GARCH,BTC-USD,2026-06-25 23:15:00,0.04833903224323417,0.05748047388545284
GARCH,BTC-USD,2026-06-25 23:30:00,0.04591048639823612,0.05756480431299318
GARCH,BTC-USD,2026-06-25 23:45:00,0.04801247682814227,0.05758379299639716
GARCH,BTC-USD,2026-06-26 00:00:00,0.04447246314342192,0.05759014430824197
GARCH,BTC-USD,2026-06-26 00:15:00,0.043829374857976916,0.057547771271308536
GARCH,BTC-USD,2026-06-26 00:30:00,0.04043946546028915,0.057576289243135285
GARCH,BTC-USD,2026-06-26 00:45:00,0.04060756248387133,0.05756733105796792
GARCH,BTC-USD,2026-06-26 01:00:00,0.038128328858860215,0.05775627758261513
GARCH,BTC-USD,2026-06-26 01:15:00,0.04930113085077258,0.05773928397681883
GARCH,BTC-USD,2026-06-26 01:30:00,0.04204446585326759,0.05777018226262688
GARCH,BTC-USD,2026-06-26 01:45:00,0.04286168700393955,0.05908110558624393
GARCH,BTC-USD,2026-06-26 02:00:00,0.09267003752675332,0.05912544280234806
GARCH,BTC-USD,2026-06-26 02:15:00,0.07538088670842677,0.05913366535999154
GARCH,BTC-USD,2026-06-26 02:30:00,0.07497720998142832,0.059267600336942776
GARCH,BTC-USD,2026-06-26 02:45:00,0.07428368428715423,0.05957722111353105
GARCH,BTC-USD,2026-06-26 03:00:00,0.07804986890018371,0.05967689737775135
GARCH,BTC-USD,2026-06-26 03:15:00,0.07322854848861579,0.06008382183333856
GARCH,BTC-USD,2026-06-26 03:30:00,0.08209610126197066,0.06079071983990884
GARCH,BTC-USD,2026-06-26 03:45:00,0.09484743073016956,0.06081229269189542
GARCH,BTC-USD,2026-06-26 04:00:00,0.08353229943646232,0.060796194427074624
GARCH,BTC-USD,2026-06-26 04:15:00,0.08020766081676588,0.060517691058771694
GARCH,BTC-USD,2026-06-26 04:30:00,0.07409623317517161,0.060506978237225735
GARCH,BTC-USD,2026-06-26 04:45:00,0.06964020169344023,0.06034759637140149
GARCH,BTC-USD,2026-06-26 05:00:00,0.06516883129841142,0.060291396870708
GARCH,BTC-USD,2026-06-26 05:15:00,0.06086475793138042,0.0602980209422493
GARCH,BTC-USD,2026-06-26 05:30:00,0.0576222340939806,0.06031436290526479
GARCH,BTC-USD,2026-06-26 05:45:00,0.054250242700729194,0.06040551628923475
GARCH,BTC-USD,2026-06-26 06:00:00,0.05685772707733924,0.06065359851029516
GARCH,BTC-USD,2026-06-26 06:15:00,0.06280048646421328,0.06091825213825796
GARCH,BTC-USD,2026-06-26 06:30:00,0.06688771754911103,0.060846842064072475
GARCH,BTC-USD,2026-06-26 06:45:00,0.060056588427968946,0.06074090881495326
GARCH,BTC-USD,2026-06-26 07:00:00,0.06088901658820648,0.060677636952729215
GARCH,BTC-USD,2026-06-26 07:15:00,0.05595532752193421,0.06067254466328419
GARCH,BTC-USD,2026-06-26 07:30:00,0.052673412966825595,0.060668655332981956
GARCH,BTC-USD,2026-06-26 07:45:00,0.04955712707073784,0.060786321313851255
GARCH,BTC-USD,2026-06-26 08:00:00,0.05430185646271264,0.06069157192257756
GARCH,BTC-USD,2026-06-26 08:15:00,0.04846806716630276,0.060686189478736906
GARCH,BTC-USD,2026-06-26 08:30:00,0.04760824969339389,0.06063560404418217
GARCH,BTC-USD,2026-06-26 08:45:00,0.04396653805497084,0.06064279053008814
GARCH,BTC-USD,2026-06-26 09:00:00,0.042148826610959075,0.06064579443722893
GARCH,BTC-USD,2026-06-26 09:15:00,0.039595946530215816,0.06059188203317951
GARCH,BTC-USD,2026-06-26 09:30:00,0.03966449476564014,0.060722920055215644
GARCH,BTC-USD,2026-06-26 09:45:00,0.04726459088075887,0.06068163269578794
GARCH,BTC-USD,2026-06-26 10:00:00,0.04111863441034516,0.060666316014030476
GARCH,BTC-USD,2026-06-26 10:15:00,0.03977358577618342,0.06069605870896078
GARCH,BTC-USD,2026-06-26 10:30:00,0.04210591733059173,0.06077937276855377
GARCH,BTC-USD,2026-06-26 10:45:00,0.04623895581547682,0.06085085698684224
GARCH,BTC-USD,2026-06-26 11:00:00,0.044958908038635,0.06084787375935043
GARCH,BTC-USD,2026-06-26 11:15:00,0.042195035172997004,0.06085148077572497
GARCH,BTC-USD,2026-06-26 11:30:00,0.039691414388152164,0.06085320577821901
GARCH,BTC-USD,2026-06-26 11:45:00,0.037527999134149205,0.060854344312313645
GARCH,BTC-USD,2026-06-26 12:00:00,0.035567336207925564,0.0610307571949433
GARCH,BTC-USD,2026-06-26 12:15:00,0.04510985196449465,0.06177494451074088
GARCH,BTC-USD,2026-06-26 12:30:00,0.07537089561337126,0.06177891432753243
GARCH,BTC-USD,2026-06-26 12:45:00,0.060917990278954476,0.061739785042406146
GARCH,BTC-USD,2026-06-26 13:00:00,0.061311170312632945,0.06178228409965642
GARCH,BTC-USD,2026-06-26 13:15:00,0.05988432038472807,0.06259901349596235
GARCH,BTC-USD,2026-06-26 13:30:00,0.08515460562310623,0.06362784915598962
GARCH,BTC-USD,2026-06-26 13:45:00,0.10316195840213978,0.06367521675142092
GARCH,BTC-USD,2026-06-26 14:00:00,0.09032358640103352,0.06364334772507606
GARCH,BTC-USD,2026-06-26 14:15:00,0.08683114261597652,0.06410367085459699
GARCH,BTC-USD,2026-06-26 14:30:00,0.0953222522557815,0.06407498099138043
GARCH,BTC-USD,2026-06-26 14:45:00,0.0842416165350636,0.06413660004116681
GARCH,BTC-USD,2026-06-26 15:00:00,0.08428335039283329,0.06442277331447299
GARCH,BTC-USD,2026-06-26 15:15:00,0.08626660039813962,0.06453287637876404
GARCH,BTC-USD,2026-06-26 15:30:00,0.08266925889790526,0.06454033767312158
GARCH,BTC-USD,2026-06-26 15:45:00,0.07701386965647128,0.06458479680080612
GARCH,BTC-USD,2026-06-26 16:00:00,0.07387449271435216,0.06460977622530367
GARCH,BTC-USD,2026-06-26 16:15:00,0.06984570365011483,0.06460869160940129
GARCH,BTC-USD,2026-06-26 16:30:00,0.06498057388194468,0.0646088458452395
GARCH,BTC-USD,2026-06-26 16:45:00,0.06084507676074286,0.0646708942911925
GARCH,BTC-USD,2026-06-26 17:00:00,0.05961784903650849,0.06464940438829099
GARCH,BTC-USD,2026-06-26 17:15:00,0.054905521705820665,0.06466939995632862
GARCH,BTC-USD,2026-06-26 17:30:00,0.053045078620958266,0.06465770751890168
GARCH,BTC-USD,2026-06-26 17:45:00,0.04933293339401075,0.06466515521622673
GARCH,BTC-USD,2026-06-26 18:00:00,0.04666448509170943,0.06477299891063555
GARCH,BTC-USD,2026-06-26 18:15:00,0.051557989216774326,0.06473903258773236
GARCH,BTC-USD,2026-06-26 18:30:00,0.04640101508087512,0.06475134672580456
GARCH,BTC-USD,2026-06-26 18:45:00,0.04572650770198037,0.0650244607619384
GARCH,BTC-USD,2026-06-26 19:00:00,0.056930415084445164,0.06502726669551219
GARCH,BTC-USD,2026-06-26 19:15:00,0.0496043149722207,0.06501961718101096
GARCH,BTC-USD,2026-06-26 19:30:00,0.048046359004903824,0.06500383369958337
GARCH,BTC-USD,2026-06-26 19:45:00,0.04505778478720392,0.06501239630156078
GARCH,BTC-USD,2026-06-26 20:00:00,0.043488049279078095,0.06500132765009486
GARCH,BTC-USD,2026-06-26 20:15:00,0.040804087465806445,0.06502209462743232
GARCH,BTC-USD,2026-06-26 20:30:00,0.04087214681844206,0.06503486814740732
GARCH,BTC-USD,2026-06-26 20:45:00,0.03824193472468141,0.06503798221162085
GARCH,BTC-USD,2026-06-26 21:00:00,0.036270081854094145,0.06507340687070928
GARCH,BTC-USD,2026-06-26 21:15:00,0.036466342831289085,0.0651109978943655
GARCH,BTC-USD,2026-06-26 21:30:00,0.03647446501798567,0.0651211286217403
GARCH,BTC-USD,2026-06-26 21:45:00,0.03465137634120379,0.06511636326332584
GARCH,BTC-USD,2026-06-26 22:00:00,0.032538245832722,0.06508308597760881
GARCH,BTC-USD,2026-06-26 22:15:00,0.030782733119041467,0.06509521739739017
GARCH,BTC-USD,2026-06-26 22:30:00,0.03007916788134339,0.0651126815288572
GARCH,BTC-USD,2026-06-26 22:45:00,0.02971988664310777,0.06511626671376995
GARCH,BTC-USD,2026-06-26 23:00:00,0.02796886732758186,0.06513132512497437
GARCH,BTC-USD,2026-06-26 23:15:00,0.029258476045607898,0.06513786623205539
GARCH,BTC-USD,2026-06-26 23:30:00,0.028701830779915713,0.06514010766448561
GARCH,BTC-USD,2026-06-26 23:45:00,0.02700787525106084,0.06514314481388203
GARCH,BTC-USD,2026-06-27 00:00:00,0.025875824253655567,0.06513603614787034
GARCH,BTC-USD,2026-06-27 00:15:00,0.025738105129639876,0.0651425949063572
GARCH,BTC-USD,2026-06-27 00:30:00,0.025191310929430975,0.06516088097210869
GARCH,BTC-USD,2026-06-27 00:45:00,0.02553493647217675,0.06517253194006714
GARCH,BTC-USD,2026-06-27 01:00:00,0.02646225465608474,0.0651707295248429
GARCH,BTC-USD,2026-06-27 01:15:00,0.024729081072530138,0.0651630303690238
GARCH,BTC-USD,2026-06-27 01:30:00,0.02395145007072608,0.06512304068068983
GARCH,BTC-USD,2026-06-27 01:45:00,0.022817131430998984,0.06517861702220083
GARCH,BTC-USD,2026-06-27 02:00:00,0.028304740321910965,0.06525734609926725
GARCH,BTC-USD,2026-06-27 02:15:00,0.03223577721806591,0.06497638025820411
GARCH,BTC-USD,2026-06-27 02:30:00,0.028745432184905984,0.06490920535205832
GARCH,BTC-USD,2026-06-27 02:45:00,0.027823980049123325,0.06492502102452959
GARCH,BTC-USD,2026-06-27 03:00:00,0.029087290089840408,0.06497588043364844
GARCH,BTC-USD,2026-06-27 03:15:00,0.03101207983676373,0.06497342350989069
GARCH,BTC-USD,2026-06-27 03:30:00,0.02819917882299553,0.06486865970901588
GARCH,BTC-USD,2026-06-27 03:45:00,0.027094666648072193,0.06426520125722973
GARCH,BTC-USD,2026-06-27 04:00:00,0.02834562012926774,0.06421343476432267
GARCH,BTC-USD,2026-06-27 04:15:00,0.02600835399626629,0.06392495038744593
GARCH,BTC-USD,2026-06-27 04:30:00,0.02512612121843938,0.06389328816400253
GARCH,BTC-USD,2026-06-27 04:45:00,0.027706690260177844,0.06387102812038085
GARCH,BTC-USD,2026-06-27 05:00:00,0.025942127378511575,0.06391292737750466
GARCH,BTC-USD,2026-06-27 05:15:00,0.029619762779458964,0.06392235214151532
GARCH,BTC-USD,2026-06-27 05:30:00,0.02744706538729617,0.0639104766295427
GARCH,BTC-USD,2026-06-27 05:45:00,0.026236889742595786,0.06382802446990267
GARCH,BTC-USD,2026-06-27 06:00:00,0.026623191804780826,0.06383222631865901
GARCH,BTC-USD,2026-06-27 06:15:00,0.02520363604699854,0.06375168071601126
GARCH,BTC-USD,2026-06-27 06:30:00,0.03342649522835954,0.06355690171190476
GARCH,BTC-USD,2026-06-27 06:45:00,0.02892594316675156,0.06341284056506427
GARCH,BTC-USD,2026-06-27 07:00:00,0.02876974770774489,0.06343720163396567
GARCH,BTC-USD,2026-06-27 07:15:00,0.029293638066815744,0.06324713953099777
GARCH,BTC-USD,2026-06-27 07:30:00,0.027074747890112185,0.06293249705726822
GARCH,BTC-USD,2026-06-27 07:45:00,0.0285657644025554,0.06294232069925057
GARCH,BTC-USD,2026-06-27 08:00:00,0.027181386239420843,0.06289591065967336
GARCH,BTC-USD,2026-06-27 08:15:00,0.025903235169805056,0.06261154821135398
GARCH,BTC-USD,2026-06-27 08:30:00,0.025921848527952266,0.06261343453834645
GARCH,BTC-USD,2026-06-27 08:45:00,0.025525976251223464,0.06255606569689914
GARCH,BTC-USD,2026-06-27 09:00:00,0.02593856109032687,0.06252376053167849
GARCH,BTC-USD,2026-06-27 09:15:00,0.024106001034460964,0.06246816244002146
GARCH,BTC-USD,2026-06-27 09:30:00,0.023332060027746716,0.06246690704944668
GARCH,BTC-USD,2026-06-27 09:45:00,0.02223664969182564,0.06245544011415582
GARCH,BTC-USD,2026-06-27 10:00:00,0.0223378232273549,0.06241074984094367
GARCH,BTC-USD,2026-06-27 10:15:00,0.02105417046792109,0.06240997576757253
GARCH,BTC-USD,2026-06-27 10:30:00,0.02066510271572152,0.06234372275165811
GARCH,BTC-USD,2026-06-27 10:45:00,0.01974121746653517,0.06114923333239002
GARCH,BTC-USD,2026-06-27 11:00:00,0.019162432065336632,0.061171643498793976
GARCH,BTC-USD,2026-06-27 11:15:00,0.023638360202310516,0.06114049551496467
GARCH,BTC-USD,2026-06-27 11:30:00,0.020962166802135158,0.061151580407483384
GARCH,BTC-USD,2026-06-27 11:45:00,0.023023063801937468,0.0610397969183904
GARCH,BTC-USD,2026-06-27 12:00:00,0.022497013034618683,0.06100571177368941
GARCH,BTC-USD,2026-06-27 12:15:00,0.021851382094317636,0.06088185739423164
GARCH,BTC-USD,2026-06-27 12:30:00,0.020836818793826865,0.06090050884339746
GARCH,BTC-USD,2026-06-27 12:45:00,0.02267847223522415,0.060869055278086864
GARCH,BTC-USD,2026-06-27 13:00:00,0.02088294947633513,0.060842342391401745
GARCH,BTC-USD,2026-06-27 13:15:00,0.020678792804407275,0.06087659799883571
GARCH,BTC-USD,2026-06-27 13:30:00,0.02420352808060556,0.060872135021350894
GARCH,BTC-USD,2026-06-27 13:45:00,0.02172778887962267,0.06088887637130183
GARCH,BTC-USD,2026-06-27 14:00:00,0.023348645067576126,0.060879621931495424
GARCH,BTC-USD,2026-06-27 14:15:00,0.02289763284905938,0.06088049462713982
GARCH,BTC-USD,2026-06-27 14:30:00,0.022211033326748567,0.060874291053726826
GARCH,BTC-USD,2026-06-27 14:45:00,0.0213812694367647,0.06103949051387515
GARCH,BTC-USD,2026-06-27 15:00:00,0.03603423318814282,0.06098831400952127
GARCH,BTC-USD,2026-06-27 15:15:00,0.03043325009135909,0.060974835869890213
GARCH,BTC-USD,2026-06-27 15:30:00,0.030063898209448596,0.06097983158271473
GARCH,BTC-USD,2026-06-27 15:45:00,0.0286264175479628,0.06099232782055642
GARCH,BTC-USD,2026-06-27 16:00:00,0.02864726493194038,0.06097764861429383
GARCH,BTC-USD,2026-06-27 16:15:00,0.026848599991511034,0.060986216573417955
GARCH,BTC-USD,2026-06-27 16:30:00,0.026657201586124085,0.06096738815222214
GARCH,BTC-USD,2026-06-27 16:45:00,0.025020055418228236,0.06105894582869562
GARCH,BTC-USD,2026-06-27 17:00:00,0.03570056332859675,0.061007565519256984
GARCH,BTC-USD,2026-06-27 17:15:00,0.03006053783701415,0.06094760736659989
GARCH,BTC-USD,2026-06-27 17:30:00,0.02973019747778404,0.06095837882865534
GARCH,BTC-USD,2026-06-27 17:45:00,0.028919252848299694,0.060956142738956366
GARCH,BTC-USD,2026-06-27 18:00:00,0.02710984826768709,0.0609545307948458
GARCH,BTC-USD,2026-06-27 18:15:00,0.025830023027522367,0.06095545466153632
GARCH,BTC-USD,2026-06-27 18:30:00,0.024936137469149206,0.060918715857567265
GARCH,BTC-USD,2026-06-27 18:45:00,0.023698718590927106,0.06091346147162173
GARCH,BTC-USD,2026-06-27 19:00:00,0.022769193460692498,0.0610745244156149
GARCH,BTC-USD,2026-06-27 19:15:00,0.03745906766607937,0.06109528802150368
GARCH,BTC-USD,2026-06-27 19:30:00,0.03390703538043019,0.060764584346007545
GARCH,BTC-USD,2026-06-27 19:45:00,0.03249727446514455,0.060585974870636425
GARCH,BTC-USD,2026-06-27 20:00:00,0.031833027933615504,0.06058463247820685
GARCH,BTC-USD,2026-06-27 20:15:00,0.02969381860432542,0.06057305247059107
GARCH,BTC-USD,2026-06-27 20:30:00,0.028284101078995122,0.0605655963941058
GARCH,BTC-USD,2026-06-27 20:45:00,0.02697604276304324,0.060554754750510066
GARCH,BTC-USD,2026-06-27 21:00:00,0.02760480260301963,0.06056113866605037
GARCH,BTC-USD,2026-06-27 21:15:00,0.02643072563883935,0.060627614141538055
GARCH,BTC-USD,2026-06-27 21:30:00,0.03312335870486935,0.060630207478334454
GARCH,BTC-USD,2026-06-27 21:45:00,0.029258048500548087,0.06064125058303796
GARCH,BTC-USD,2026-06-27 22:00:00,0.02986000993729512,0.06063382858768344
GARCH,BTC-USD,2026-06-27 22:15:00,0.027558241361535066,0.06060994367831913
GARCH,BTC-USD,2026-06-27 22:30:00,0.026779475471654685,0.06061864653317185
GARCH,BTC-USD,2026-06-27 22:45:00,0.025917099812686115,0.06066272163246553
GARCH,BTC-USD,2026-06-27 23:00:00,0.03152668623735309,0.06066939317598313
GARCH,BTC-USD,2026-06-27 23:15:00,0.02851151981845535,0.06068161318127901
GARCH,BTC-USD,2026-06-27 23:30:00,0.02835621340107056,0.06067772432554855
GARCH,BTC-USD,2026-06-27 23:45:00,0.026558727759133215,0.060703762514720656
GARCH,BTC-USD,2026-06-28 00:00:00,0.027885728572270813,0.060702919932554215
GARCH,BTC-USD,2026-06-28 00:15:00,0.025741471738017364,0.06069614243568994
GARCH,BTC-USD,2026-06-28 00:30:00,0.024797236239852638,0.06069894959648752
GARCH,BTC-USD,2026-06-28 00:45:00,0.023937724235527508,0.0606996406537063
GARCH,BTC-USD,2026-06-28 01:00:00,0.02352176024600159,0.06071853822509118
GARCH,BTC-USD,2026-06-28 01:15:00,0.026080614075354808,0.060664050835145075
GARCH,BTC-USD,2026-06-28 01:30:00,0.024496023925645836,0.06063528235258636
GARCH,BTC-USD,2026-06-28 01:45:00,0.023811109490158626,0.060626101304673795
GARCH,BTC-USD,2026-06-28 02:00:00,0.023605823106902037,0.060652905476870925
GARCH,BTC-USD,2026-06-28 02:15:00,0.02888969840211067,0.06063846019036657
GARCH,BTC-USD,2026-06-28 02:30:00,0.02548963685538685,0.06063534922980935
GARCH,BTC-USD,2026-06-28 02:45:00,0.024880417748458814,0.06066387189653165
GARCH,BTC-USD,2026-06-28 03:00:00,0.02697452556819958,0.06062841348973276
GARCH,BTC-USD,2026-06-28 03:15:00,0.024544503277137513,0.060452394899648626
GARCH,BTC-USD,2026-06-28 03:30:00,0.024813347205945746,0.06041163385240933
GARCH,BTC-USD,2026-06-28 03:45:00,0.023158689295987675,0.06039777434928523
GARCH,BTC-USD,2026-06-28 04:00:00,0.022373372241086924,0.060383989402727094
GARCH,BTC-USD,2026-06-28 04:15:00,0.021355466235247606,0.0572731924403324
GARCH,BTC-USD,2026-06-28 04:30:00,0.020738069606327673,0.0470654536206286
GARCH,BTC-USD,2026-06-28 04:45:00,0.020331808718785163,0.043199585630437166
GARCH,BTC-USD,2026-06-28 05:00:00,0.023480964615616273,0.04328122442067205
GARCH,BTC-USD,2026-06-28 05:15:00,0.02887472344449113,0.04322025760583115
GARCH,BTC-USD,2026-06-28 05:30:00,0.026514346729463175,0.04323056620320177
GARCH,BTC-USD,2026-06-28 05:45:00,0.026361326285378944,0.042712875916182
GARCH,BTC-USD,2026-06-28 06:00:00,0.028946398893765424,0.04259333267360971
GARCH,BTC-USD,2026-06-28 06:15:00,0.02763613686980352,0.042584929225150066
GARCH,BTC-USD,2026-06-28 06:30:00,0.02643553655940772,0.042176302281007313
GARCH,BTC-USD,2026-06-28 06:45:00,0.025309001868920992,0.04210415607944379
GARCH,BTC-USD,2026-06-28 07:00:00,0.028675293806764042,0.0421077227082043
GARCH,BTC-USD,2026-06-28 07:15:00,0.025904348934562935,0.041343624145757735
GARCH,BTC-USD,2026-06-28 07:30:00,0.028037477833304594,0.0413368807363498
GARCH,BTC-USD,2026-06-28 07:45:00,0.025466970034831872,0.04132322642669837
GARCH,BTC-USD,2026-06-28 08:00:00,0.024903098863528487,0.04124604021198152
GARCH,BTC-USD,2026-06-28 08:15:00,0.02392213706242151,0.04140999701052689
GARCH,BTC-USD,2026-06-28 08:30:00,0.03378243781741593,0.04136347403208701
GARCH,BTC-USD,2026-06-28 08:45:00,0.02982851481983083,0.04107280131107207
GARCH,BTC-USD,2026-06-28 09:00:00,0.02892884151381051,0.040731895895691275
GARCH,BTC-USD,2026-06-28 09:15:00,0.027791173057097846,0.04044384259987786
GARCH,BTC-USD,2026-06-28 09:30:00,0.02675571646118518,0.04047373865799212
GARCH,BTC-USD,2026-06-28 09:45:00,0.028097785664123527,0.04023461223048226
GARCH,BTC-USD,2026-06-28 10:00:00,0.02574072358106022,0.04028673244438287
GARCH,BTC-USD,2026-06-28 10:15:00,0.030390533970788596,0.04027916651204052
GARCH,BTC-USD,2026-06-28 10:30:00,0.026952062815485865,0.04028252188660874
GARCH,BTC-USD,2026-06-28 10:45:00,0.026480254416891214,0.04006982263086989
GARCH,BTC-USD,2026-06-28 11:00:00,0.025295297402304268,0.040188403124843224
GARCH,BTC-USD,2026-06-28 11:15:00,0.032032519604713136,0.04014987759827026
GARCH,BTC-USD,2026-06-28 11:30:00,0.027791678144352933,0.04013988414097086
GARCH,BTC-USD,2026-06-28 11:45:00,0.027551465494027316,0.040059246920104985
GARCH,BTC-USD,2026-06-28 12:00:00,0.02601830806065397,0.04003021072799133
GARCH,BTC-USD,2026-06-28 12:15:00,0.025084618306421322,0.03985535446837936
GARCH,BTC-USD,2026-06-28 12:30:00,0.02604434052305301,0.039604679508145994
GARCH,BTC-USD,2026-06-28 12:45:00,0.024744624280203045,0.03936321724729704
GARCH,BTC-USD,2026-06-28 13:00:00,0.030591258130901862,0.039309070590299366
GARCH,BTC-USD,2026-06-28 13:15:00,0.026715698601370578,0.03930877862820594
GARCH,BTC-USD,2026-06-28 13:30:00,0.02611955228359884,0.03931353200856551
GARCH,BTC-USD,2026-06-28 13:45:00,0.025393141487696128,0.039315752417836095
GARCH,BTC-USD,2026-06-28 14:00:00,0.026701837673933738,0.03923766339678142
GARCH,BTC-USD,2026-06-28 14:15:00,0.024597608123202643,0.03920353156529236
GARCH,BTC-USD,2026-06-28 14:30:00,0.02421841593713163,0.0390884718955443
GARCH,BTC-USD,2026-06-28 14:45:00,0.024532488215568537,0.039064634582838084
GARCH,BTC-USD,2026-06-28 15:00:00,0.02333960205517518,0.03901884709145349
GARCH,BTC-USD,2026-06-28 15:15:00,0.0225403402107029,0.03903569530068848
GARCH,BTC-USD,2026-06-28 15:30:00,0.022852546429291704,0.0390042911365304
GARCH,BTC-USD,2026-06-28 15:45:00,0.023251893530169945,0.03899892125309822
GARCH,BTC-USD,2026-06-28 16:00:00,0.022780170288288965,0.038688455769129874
GARCH,BTC-USD,2026-06-28 16:15:00,0.02329715556968658,0.038751788351744566
GARCH,BTC-USD,2026-06-28 16:30:00,0.026400291752316472,0.03871637391069625
GARCH,BTC-USD,2026-06-28 16:45:00,0.024695917700328314,0.03658347995022736
GARCH,BTC-USD,2026-06-28 17:00:00,0.0242692150610906,0.03644049603957517
GARCH,BTC-USD,2026-06-28 17:15:00,0.023392118231777524,0.036432520825218626
GARCH,BTC-USD,2026-06-28 17:30:00,0.023633794537779522,0.03618279122268703
GARCH,BTC-USD,2026-06-28 17:45:00,0.022825713871984225,0.03571989627833902
GARCH,BTC-USD,2026-06-28 18:00:00,0.022802876193149576,0.03558360636329445
GARCH,BTC-USD,2026-06-28 18:15:00,0.02188964375735137,0.03492789396470015
GARCH,BTC-USD,2026-06-28 18:30:00,0.020936574401533226,0.03370869369492102
GARCH,BTC-USD,2026-06-28 18:45:00,0.020121568884461406,0.03368902895862089
GARCH,BTC-USD,2026-06-28 19:00:00,0.022572050402646204,0.03367217876492107
GARCH,BTC-USD,2026-06-28 19:15:00,0.021067602401404647,0.03372003786067826
GARCH,BTC-USD,2026-06-28 19:30:00,0.023792079029608018,0.03371824520652173
GARCH,BTC-USD,2026-06-28 19:45:00,0.02201540461565469,0.03383097051030678
GARCH,BTC-USD,2026-06-28 20:00:00,0.028580242991070835,0.033844690017322716
GARCH,BTC-USD,2026-06-28 20:15:00,0.025653097495527383,0.03382550169808916
GARCH,BTC-USD,2026-06-28 20:30:00,0.02534388545684998,0.03380321876200816
GARCH,BTC-USD,2026-06-28 20:45:00,0.02384638954840242,0.03358347011721956
GARCH,BTC-USD,2026-06-28 21:00:00,0.023211678606223512,0.03312165744499333
GARCH,BTC-USD,2026-06-28 21:15:00,0.022081701571860676,0.03265347546967432
GARCH,BTC-USD,2026-06-28 21:30:00,0.021794754810565312,0.03285347510093246
GARCH,BTC-USD,2026-06-28 21:45:00,0.03254933076063175,0.032861315370467964
GARCH,BTC-USD,2026-06-28 22:00:00,0.03450297492347703,0.03309529201288837
GARCH,BTC-USD,2026-06-28 22:15:00,0.041768417015490424,0.033381891801941795
GARCH,BTC-USD,2026-06-28 22:30:00,0.04702789936322769,0.03337928478777353
GARCH,BTC-USD,2026-06-28 22:45:00,0.04203065814469299,0.03328865033835506
GARCH,BTC-USD,2026-06-28 23:00:00,0.045575151529894165,0.033633478542895626
GARCH,BTC-USD,2026-06-28 23:15:00,0.05174111229400178,0.03372947275305117
GARCH,BTC-USD,2026-06-28 23:30:00,0.049864327919890275,0.033826758492346905
GARCH,BTC-USD,2026-06-28 23:45:00,0.049239653555447474,0.03380968920624771
GARCH,BTC-USD,2026-06-29 00:00:00,0.045269687229367736,0.03436004862119436
GARCH,BTC-USD,2026-06-29 00:15:00,0.05931115257518537,0.03443249602302688
GARCH,BTC-USD,2026-06-29 00:30:00,0.05370624909992626,0.034496299999192605
GARCH,BTC-USD,2026-06-29 00:45:00,0.06034853394141241,0.03464296934617964
GARCH,BTC-USD,2026-06-29 01:00:00,0.05706068536462324,0.03477851372668453
GARCH,BTC-USD,2026-06-29 01:15:00,0.056994894575496904,0.03489936719972513
GARCH,BTC-USD,2026-06-29 01:30:00,0.05873424826339275,0.034724753096619015
GARCH,BTC-USD,2026-06-29 01:45:00,0.05434475699250112,0.03532474499874278
GARCH,BTC-USD,2026-06-29 02:00:00,0.06944606644046414,0.03636200829382049
GARCH,BTC-USD,2026-06-29 02:15:00,0.08191253396652719,0.03656748773466347
GARCH,BTC-USD,2026-06-29 02:30:00,0.07572749869611628,0.03656211850809212
GARCH,BTC-USD,2026-06-29 02:45:00,0.07094985327271693,0.036786552737075796
GARCH,BTC-USD,2026-06-29 03:00:00,0.07183064332712215,0.0366087593879738
GARCH,BTC-USD,2026-06-29 03:15:00,0.0679686350344683,0.035491574047232716
GARCH,BTC-USD,2026-06-29 03:30:00,0.06838636732134976,0.035540090837388016
GARCH,BTC-USD,2026-06-29 03:45:00,0.06359656922927212,0.0355650259373005
GARCH,BTC-USD,2026-06-29 04:00:00,0.061015664465129696,0.03541797231611848
GARCH,BTC-USD,2026-06-29 04:15:00,0.056585438865474826,0.0340720613222477
GARCH,BTC-USD,2026-06-29 04:30:00,0.054304059338135695,0.032165563445010294
GARCH,BTC-USD,2026-06-29 04:45:00,0.05037920832459991,0.03242643674565931
GARCH,BTC-USD,2026-06-29 05:00:00,0.05779357663042417,0.03250523328217407
GARCH,BTC-USD,2026-06-29 05:15:00,0.05329935079004641,0.03178398913191052
GARCH,BTC-USD,2026-06-29 05:30:00,0.05650325815314182,0.03192251320556153
GARCH,BTC-USD,2026-06-29 05:45:00,0.05454768298696566,0.031702138288720136
GARCH,BTC-USD,2026-06-29 06:00:00,0.05108931781714042,0.031148680543429393
GARCH,BTC-USD,2026-06-29 06:15:00,0.047814048019592104,0.03091678232501176
GARCH,BTC-USD,2026-06-29 06:30:00,0.045746123539873444,0.030876772913669363
GARCH,BTC-USD,2026-06-29 06:45:00,0.04256414181444911,0.03076823554051315
GARCH,BTC-USD,2026-06-29 07:00:00,0.040053560313269766,0.030692164606286123
GARCH,BTC-USD,2026-06-29 07:15:00,0.03769500029027627,0.03070158324182547
GARCH,BTC-USD,2026-06-29 07:30:00,0.03586533233664163,0.03070332055218953
GARCH,BTC-USD,2026-06-29 07:45:00,0.03376325157871222,0.03060343468397682
GARCH,BTC-USD,2026-06-29 08:00:00,0.03279712333587304,0.03066515011149723
GARCH,BTC-USD,2026-06-29 08:15:00,0.03349433507602216,0.03061725025467685
GARCH,BTC-USD,2026-06-29 08:30:00,0.030929759902837504,0.030614037039481318
GARCH,BTC-USD,2026-06-29 08:45:00,0.029716901073278915,0.030660969954429414
GARCH,BTC-USD,2026-06-29 09:00:00,0.030607438922311995,0.03037898489032452
GARCH,BTC-USD,2026-06-29 09:15:00,0.02811967498894299,0.03035973149426623
GARCH,BTC-USD,2026-06-29 09:30:00,0.02702552171166457,0.030356497221201435
GARCH,BTC-USD,2026-06-29 09:45:00,0.027990874849175194,0.02993313292915421
GARCH,BTC-USD,2026-06-29 10:00:00,0.032322898520014194,0.02990340973160107
GARCH,BTC-USD,2026-06-29 10:15:00,0.028694706777617308,0.029922709316231214
GARCH,BTC-USD,2026-06-29 10:30:00,0.029134238195888684,0.029911277759936582
GARCH,BTC-USD,2026-06-29 10:45:00,0.02732311418651501,0.02995996616471924
GARCH,BTC-USD,2026-06-29 11:00:00,0.03015518514466447,0.02995401983120503
GARCH,BTC-USD,2026-06-29 11:15:00,0.027491681988348667,0.029952842050596288
GARCH,BTC-USD,2026-06-29 11:30:00,0.029972702502348663,0.029970232853173788
GARCH,BTC-USD,2026-06-29 11:45:00,0.028844947193170628,0.03219126736005091
GARCH,BTC-USD,2026-06-29 12:00:00,0.08282924406473348,0.03236757738931076
GARCH,BTC-USD,2026-06-29 12:15:00,0.06784485588373801,0.033325089828833046
GARCH,BTC-USD,2026-06-29 12:30:00,0.08581505165201918,0.03329846299633603
GARCH,BTC-USD,2026-06-29 12:45:00,0.07306748564046245,0.03356878087727275
GARCH,BTC-USD,2026-06-29 13:00:00,0.07600365846103262,0.03377855263820424
GARCH,BTC-USD,2026-06-29 13:15:00,0.07270582481072159,0.03471632504287609
GARCH,BTC-USD,2026-06-29 13:30:00,0.08632138311496933,0.03469644209031221
GARCH,BTC-USD,2026-06-29 13:45:00,0.07481832146453164,0.035632078572563494
GARCH,BTC-USD,2026-06-29 14:00:00,0.09039822076402405,0.03627362667901099
GARCH,BTC-USD,2026-06-29 14:15:00,0.08995708765281404,0.036340281042046195
GARCH,BTC-USD,2026-06-29 14:30:00,0.084068059378028,0.03640429369902665
GARCH,BTC-USD,2026-06-29 14:45:00,0.07964226582832779,0.03656864726941838
GARCH,BTC-USD,2026-06-29 15:00:00,0.07758294202151389,0.03678656822564457
GARCH,BTC-USD,2026-06-29 15:15:00,0.07623046530276291,0.037182999829102344
GARCH,BTC-USD,2026-06-29 15:30:00,0.0788985942899839,0.037154361911162365
GARCH,BTC-USD,2026-06-29 15:45:00,0.07107293395732218,0.03714221668731567
GARCH,BTC-USD,2026-06-29 16:00:00,0.0679174085605252,0.03719169035403674
GARCH,BTC-USD,2026-06-29 16:15:00,0.06433010029660174,0.03745766369512637
GARCH,BTC-USD,2026-06-29 16:30:00,0.06669250585519594,0.037458292371942856
GARCH,BTC-USD,2026-06-29 16:45:00,0.06019178562420293,0.03856665462504304
GARCH,BTC-USD,2026-06-29 17:00:00,0.08558065381949032,0.03847158973680791
GARCH,BTC-USD,2026-06-29 17:15:00,0.07182022715167599,0.03849780970435999
GARCH,BTC-USD,2026-06-29 17:30:00,0.0707412661929081,0.038667521301705435
GARCH,BTC-USD,2026-06-29 17:45:00,0.06884149303491044,0.03865766909253219
GARCH,BTC-USD,2026-06-29 18:00:00,0.06445786449538936,0.03879436076545201
GARCH,BTC-USD,2026-06-29 18:15:00,0.06574049679367162,0.03879353467623558
GARCH,BTC-USD,2026-06-29 18:30:00,0.059585237771834096,0.0387947320241085
GARCH,BTC-USD,2026-06-29 18:45:00,0.056374953355202824,0.038785126089540545
GARCH,BTC-USD,2026-06-29 19:00:00,0.05362129975047256,0.03904477700484181
GARCH,BTC-USD,2026-06-29 19:15:00,0.05799197497353208,0.03904282452691589
GARCH,BTC-USD,2026-06-29 19:30:00,0.05168386659925525,0.03899046790165006
GARCH,BTC-USD,2026-06-29 19:45:00,0.049503350820335176,0.038976684879416496
GARCH,BTC-USD,2026-06-29 20:00:00,0.04598848050201007,0.03890263884443801
GARCH,BTC-USD,2026-06-29 20:15:00,0.04337317824122657,0.03888676221164375
GARCH,BTC-USD,2026-06-29 20:30:00,0.04063957709976326,0.03894221047126726
GARCH,BTC-USD,2026-06-29 20:45:00,0.04057711456544183,0.0389677926304501
GARCH,BTC-USD,2026-06-29 21:00:00,0.03959191581699617,0.038974647076380646
GARCH,BTC-USD,2026-06-29 21:15:00,0.037323071059968044,0.03886026941911072
GARCH,BTC-USD,2026-06-29 21:30:00,0.03711842168400826,0.03885594170480664
GARCH,BTC-USD,2026-06-29 21:45:00,0.03433960044763875,0.038849939916742314
GARCH,BTC-USD,2026-06-29 22:00:00,0.03267997503545929,0.03880955378789446
GARCH,BTC-USD,2026-06-29 22:15:00,0.03074749498923092,0.03881903142817837
GARCH,BTC-USD,2026-06-29 22:30:00,0.029655162434528017,0.038781649300081475
GARCH,BTC-USD,2026-06-29 22:45:00,0.02813622450362277,0.03876439734957615
GARCH,BTC-USD,2026-06-29 23:00:00,0.026664571745707612,0.03880524984540081
GARCH,BTC-USD,2026-06-29 23:15:00,0.028149382649176408,0.03878703650168392
GARCH,BTC-USD,2026-06-29 23:30:00,0.025805121876740826,0.03876681621613434
GARCH,BTC-USD,2026-06-29 23:45:00,0.024823403923942413,0.038749873452032076
GARCH,BTC-USD,2026-06-30 00:00:00,0.02439934284943125,0.038991487133463336
GARCH,BTC-USD,2026-06-30 00:15:00,0.03702925922673215,0.03908065544688161
GARCH,BTC-USD,2026-06-30 00:30:00,0.03592597351322119,0.039094832270836384
GARCH,BTC-USD,2026-06-30 00:45:00,0.03405616521691665,0.039080801860587495
GARCH,BTC-USD,2026-06-30 01:00:00,0.03203856819685894,0.0392390808797308
GARCH,BTC-USD,2026-06-30 01:15:00,0.03796071167507689,0.03938076683747098
GARCH,BTC-USD,2026-06-30 01:30:00,0.040100684491668336,0.03942167870004461
GARCH,BTC-USD,2026-06-30 01:45:00,0.037998687582123464,0.03950258516473416
GARCH,BTC-USD,2026-06-30 02:00:00,0.03947510941268291,0.03955687431848673
GARCH,BTC-USD,2026-06-30 02:15:00,0.040836201073909756,0.03956065515252098
GARCH,BTC-USD,2026-06-30 02:30:00,0.03728931955362699,0.03954109267428409
GARCH,BTC-USD,2026-06-30 02:45:00,0.03601043104864374,0.03953202165650355
GARCH,BTC-USD,2026-06-30 03:00:00,0.03403229666815212,0.039530753077718445
GARCH,BTC-USD,2026-06-30 03:15:00,0.032373682303931006,0.03958033035789876
GARCH,BTC-USD,2026-06-30 03:30:00,0.0333065009607455,0.03959137471994251
GARCH,BTC-USD,2026-06-30 03:45:00,0.03320586789149536,0.03960457294587349
GARCH,BTC-USD,2026-06-30 04:00:00,0.03167559938101691,0.03959986271849458
GARCH,BTC-USD,2026-06-30 04:15:00,0.029804931543015684,0.03955620391612597
GARCH,BTC-USD,2026-06-30 04:30:00,0.029018281766308884,0.03960340475222115
GARCH,BTC-USD,2026-06-30 04:45:00,0.03029451264244399,0.03958616457718414
GARCH,BTC-USD,2026-06-30 05:00:00,0.02857838698346676,0.03957281934355278
GARCH,BTC-USD,2026-06-30 05:15:00,0.027424816531696657,0.039667632304680914
GARCH,BTC-USD,2026-06-30 05:30:00,0.03164016974961433,0.03969837229915242
GARCH,BTC-USD,2026-06-30 05:45:00,0.029943798336376632,0.039455336666964894
GARCH,BTC-USD,2026-06-30 06:00:00,0.02944677729881378,0.03950154362880541
GARCH,BTC-USD,2026-06-30 06:15:00,0.030940696108362982,0.039561037437077264
GARCH,BTC-USD,2026-06-30 06:30:00,0.0318516561263738,0.039553737314417234
GARCH,BTC-USD,2026-06-30 06:45:00,0.02940067324214069,0.03956098138921444
GARCH,BTC-USD,2026-06-30 07:00:00,0.030087624254328114,0.039559367011335965
GARCH,BTC-USD,2026-06-30 07:15:00,0.027804018629540024,0.039546642787231925
GARCH,BTC-USD,2026-06-30 07:30:00,0.02687739362518298,0.03954607689304354
GARCH,BTC-USD,2026-06-30 07:45:00,0.025397712817063243,0.039386020900500196
GARCH,BTC-USD,2026-06-30 08:00:00,0.02684118990683254,0.0393868383000658
GARCH,BTC-USD,2026-06-30 08:15:00,0.024798440092183485,0.039441796382341236
GARCH,BTC-USD,2026-06-30 08:30:00,0.028045048071943447,0.03943196687912581
GARCH,BTC-USD,2026-06-30 08:45:00,0.025493249751755424,0.03943726547902039
GARCH,BTC-USD,2026-06-30 09:00:00,0.02487807063331014,0.03944323922493237
GARCH,BTC-USD,2026-06-30 09:15:00,0.024024613430802075,0.03945133087847468
GARCH,BTC-USD,2026-06-30 09:30:00,0.023781729390625787,0.039451142356183
GARCH,BTC-USD,2026-06-30 09:45:00,0.022482524487520122,0.039448388739833966
GARCH,BTC-USD,2026-06-30 10:00:00,0.02157892474544203,0.03918636939537488
GARCH,BTC-USD,2026-06-30 10:15:00,0.020664263677929163,0.03913721475888596
GARCH,BTC-USD,2026-06-30 10:30:00,0.020292487466892002,0.039136650124407646
GARCH,BTC-USD,2026-06-30 10:45:00,0.019381303493025092,0.039118695228804255
GARCH,BTC-USD,2026-06-30 11:00:00,0.01958265552752605,0.03921680990840668
GARCH,BTC-USD,2026-06-30 11:15:00,0.026481696599408213,0.0392185643729786
GARCH,BTC-USD,2026-06-30 11:30:00,0.022953161861998334,0.03922721872803079
GARCH,BTC-USD,2026-06-30 11:45:00,0.02388802526332585,0.03930549998958893
GARCH,BTC-USD,2026-06-30 12:00:00,0.030199806848209654,0.03935866852989951
GARCH,BTC-USD,2026-06-30 12:15:00,0.031031133944381943,0.03922892590477698
GARCH,BTC-USD,2026-06-30 12:30:00,0.02866920032343142,0.039938450484845296
GARCH,BTC-USD,2026-06-30 12:45:00,0.05788911542109873,0.039938080343288496
GARCH,BTC-USD,2026-06-30 13:00:00,0.04620072491161864,0.03995003392853511
GARCH,BTC-USD,2026-06-30 13:15:00,0.04650185999786849,0.03995807633729516
GARCH,BTC-USD,2026-06-30 13:30:00,0.04304481399548627,0.04005098532155019
GARCH,BTC-USD,2026-06-30 13:45:00,0.044610236346093006,0.04019733868133249
GARCH,BTC-USD,2026-06-30 14:00:00,0.050081195869508384,0.0401916974888018
GARCH,BTC-USD,2026-06-30 14:15:00,0.04449021140866804,0.04022423354471468
GARCH,BTC-USD,2026-06-30 14:30:00,0.044603095402028524,0.04088543161123948
GARCH,BTC-USD,2026-06-30 14:45:00,0.06389974908381221,0.04084719770717503
GARCH,BTC-USD,2026-06-30 15:00:00,0.05339601955480965,0.040852484335419215
GARCH,BTC-USD,2026-06-30 15:15:00,0.05268547589029196,0.04086589741504425
GARCH,BTC-USD,2026-06-30 15:30:00,0.048798918446323926,0.04087164037365451
GARCH,BTC-USD,2026-06-30 15:45:00,0.04641051857309225,0.04086766293159977
GARCH,BTC-USD,2026-06-30 16:00:00,0.04334955238794484,0.040839171009372836
GARCH,BTC-USD,2026-06-30 16:15:00,0.042278639887299324,0.04082629776868911
GARCH,BTC-USD,2026-06-30 16:30:00,0.03915965944328156,0.04095257072721323
GARCH,BTC-USD,2026-06-30 16:45:00,0.042355160709540665,0.040957745248866397
GARCH,BTC-USD,2026-06-30 17:00:00,0.03908695927683516,0.040869904733325024
GARCH,BTC-USD,2026-06-30 17:15:00,0.036989879183278784,0.04086654039589257
GARCH,BTC-USD,2026-06-30 17:30:00,0.034741729726884066,0.04087647212917687
GARCH,BTC-USD,2026-06-30 17:45:00,0.03315786243691657,0.04082982937281864
GARCH,BTC-USD,2026-06-30 18:00:00,0.031510111020090145,0.040845236385726985
GARCH,BTC-USD,2026-06-30 18:15:00,0.03046234904417009,0.04085085315986111
GARCH,BTC-USD,2026-06-30 18:30:00,0.029807936645652133,0.041049147370298036
GARCH,BTC-USD,2026-06-30 18:45:00,0.0380808331574716,0.041048149938899894
GARCH,BTC-USD,2026-06-30 19:00:00,0.03282428343719025,0.04104987961164352
GARCH,BTC-USD,2026-06-30 19:15:00,0.03206758679743965,0.041079092279152754
GARCH,BTC-USD,2026-06-30 19:30:00,0.03154221038316789,0.04109346970695145
GARCH,BTC-USD,2026-06-30 19:45:00,0.030368543534911835,0.041061739012425165
GARCH,BTC-USD,2026-06-30 20:00:00,0.02918706433688828,0.04102750399609719
GARCH,BTC-USD,2026-06-30 20:15:00,0.03151628250507448,0.04102589867049677
GARCH,BTC-USD,2026-06-30 20:30:00,0.02992043578296452,0.04103038454539899
GARCH,BTC-USD,2026-06-30 20:45:00,0.029309978440504054,0.041034873628838966
GARCH,BTC-USD,2026-06-30 21:00:00,0.03158232544150667,0.04100842599631002
GARCH,BTC-USD,2026-06-30 21:15:00,0.028565698850998737,0.0410027930967663
GARCH,BTC-USD,2026-06-30 21:30:00,0.027486314826718008,0.04100542700570531
GARCH,BTC-USD,2026-06-30 21:45:00,0.026327298256435247,0.04096672963508879
GARCH,BTC-USD,2026-06-30 22:00:00,0.027038111276182383,0.040985190651843986
GARCH,BTC-USD,2026-06-30 22:15:00,0.026617353625951065,0.04094380965009965
GARCH,BTC-USD,2026-06-30 22:30:00,0.025570868788809285,0.04094462614207237
GARCH,BTC-USD,2026-06-30 22:45:00,0.02424224658576135,0.040941505498286714
GARCH,BTC-USD,2026-06-30 23:00:00,0.0231294296526166,0.04093408141513708
GARCH,BTC-USD,2026-06-30 23:15:00,0.022083226044023286,0.0407509386039419
GARCH,BTC-USD,2026-06-30 23:30:00,0.02116894046513467,0.04073422059395759
GARCH,BTC-USD,2026-06-30 23:45:00,0.020421670514799692,0.040736703542638635
GARCH,BTC-USD,2026-07-01 00:00:00,0.019792346964987703,0.040940402638054076
GARCH,BTC-USD,2026-07-01 00:15:00,0.03411666619390091,0.040962112047594444
GARCH,BTC-USD,2026-07-01 00:30:00,0.029479617554577526,0.04096625800928063
GARCH,BTC-USD,2026-07-01 00:45:00,0.03095919809697321,0.041609611121396405
GARCH,BTC-USD,2026-07-01 01:00:00,0.0566340068761366,0.04169251903590795
GARCH,BTC-USD,2026-07-01 01:15:00,0.050607235280345,0.04275440385272184
GARCH,BTC-USD,2026-07-01 01:30:00,0.07863326173519802,0.042800378908864664
GARCH,BTC-USD,2026-07-01 01:45:00,0.06566204832260389,0.042797609860154316
GARCH,BTC-USD,2026-07-01 02:00:00,0.06413635542970686,0.042751428787419624
GARCH,BTC-USD,2026-07-01 02:15:00,0.06143436018129978,0.0428835504589673
GARCH,BTC-USD,2026-07-01 02:30:00,0.06108563940100323,0.042883176915129294
GARCH,BTC-USD,2026-07-01 02:45:00,0.05606000191396791,0.04290302346251283
GARCH,BTC-USD,2026-07-01 03:00:00,0.05366120899386164,0.042918456594287065
GARCH,BTC-USD,2026-07-01 03:15:00,0.0506908943577558,0.042894144483124945
GARCH,BTC-USD,2026-07-01 03:30:00,0.04737793422021266,0.043114166583935756
GARCH,BTC-USD,2026-07-01 03:45:00,0.05305907826845464,0.0430357929633747
GARCH,BTC-USD,2026-07-01 04:00:00,0.04756649254837368,0.043125056925749035
GARCH,BTC-USD,2026-07-01 04:15:00,0.048792604202898986,0.04314990771642867
GARCH,BTC-USD,2026-07-01 04:30:00,0.04535615173995363,0.04314295589494945
GARCH,BTC-USD,2026-07-01 04:45:00,0.04275246952242272,0.04310741755620184
GARCH,BTC-USD,2026-07-01 05:00:00,0.0402683101708228,0.04314930187925229
GARCH,BTC-USD,2026-07-01 05:15:00,0.03996762339714894,0.04314526989234687
GARCH,BTC-USD,2026-07-01 05:30:00,0.03687632796431511,0.043130150389945866
GARCH,BTC-USD,2026-07-01 05:45:00,0.035199043333963634,0.04325379714872499
GARCH,BTC-USD,2026-07-01 06:00:00,0.040112673556246016,0.043331479897324644
GARCH,BTC-USD,2026-07-01 06:15:00,0.03991779289314271,0.043342291548256605
GARCH,BTC-USD,2026-07-01 06:30:00,0.03828622514808071,0.04333648783424049
GARCH,BTC-USD,2026-07-01 06:45:00,0.03620133274125233,0.04334497953397321
GARCH,BTC-USD,2026-07-01 07:00:00,0.03518276174855728,0.043342498695369346
GARCH,BTC-USD,2026-07-01 07:15:00,0.03342225535243441,0.04329516588144892
GARCH,BTC-USD,2026-07-01 07:30:00,0.03184709132379759,0.04330491621519359
GARCH,BTC-USD,2026-07-01 07:45:00,0.03133374137498603,0.04331462508728606
GARCH,BTC-USD,2026-07-01 08:00:00,0.030286232513210363,0.04332957634021066
GARCH,BTC-USD,2026-07-01 08:15:00,0.029843498030716408,0.04336313817680454
GARCH,BTC-USD,2026-07-01 08:30:00,0.030673117339115333,0.043556984945478334
GARCH,BTC-USD,2026-07-01 08:45:00,0.03949363264196577,0.043544408181282156
GARCH,BTC-USD,2026-07-01 09:00:00,0.03391760877462891,0.043553193750324404
GARCH,BTC-USD,2026-07-01 09:15:00,0.033835300415145306,0.04355324468767017
GARCH,BTC-USD,2026-07-01 09:30:00,0.031266821961542,0.04356533958094623
GARCH,BTC-USD,2026-07-01 09:45:00,0.03046394515132725,0.04364144450641497
GARCH,BTC-USD,2026-07-01 10:00:00,0.03517948548045119,0.04363538079168336
GARCH,BTC-USD,2026-07-01 10:15:00,0.031168211880009164,0.04365103134358306
GARCH,BTC-USD,2026-07-01 10:30:00,0.03351064638264599,0.043650923294610226
GARCH,BTC-USD,2026-07-01 10:45:00,0.030568269582929623,0.04356079707290322
GARCH,BTC-USD,2026-07-01 11:00:00,0.029725297412434893,0.04354857606923833
GARCH,BTC-USD,2026-07-01 11:15:00,0.027860486594246572,0.04354314055693965
GARCH,BTC-USD,2026-07-01 11:30:00,0.026535542441087676,0.04355535462769184
GARCH,BTC-USD,2026-07-01 11:45:00,0.0262302604288531,0.0436400540057849
GARCH,BTC-USD,2026-07-01 12:00:00,0.03121658634907121,0.043683476020788606
GARCH,BTC-USD,2026-07-01 12:15:00,0.03007493980476524,0.04375414456013525
GARCH,BTC-USD,2026-07-01 12:30:00,0.03334417848144496,0.04365468953406738
GARCH,BTC-USD,2026-07-01 12:45:00,0.03306594159966591,0.04359499205653508
GARCH,BTC-USD,2026-07-01 13:00:00,0.034348363233609874,0.043495680247286804
GARCH,BTC-USD,2026-07-01 13:15:00,0.03674986681423351,0.04339839226511855
GARCH,BTC-USD,2026-07-01 13:30:00,0.04006581471070238,0.04414802069624287
GARCH,BTC-USD,2026-07-01 13:45:00,0.06543677294431582,0.044725840414869364
GARCH,BTC-USD,2026-07-01 14:00:00,0.07559132511637899,0.044569425124222184
GARCH,BTC-USD,2026-07-01 14:15:00,0.06832671377623885,0.04458409322453997
GARCH,BTC-USD,2026-07-01 14:30:00,0.06774976002741635,0.044522509244062765
GARCH,BTC-USD,2026-07-01 14:45:00,0.062493171632635514,0.04500331301628817
GARCH,BTC-USD,2026-07-01 15:00:00,0.07308602319917162,0.04502946623641766
GARCH,BTC-USD,2026-07-01 15:15:00,0.07716565656181294,0.04495677368772855
GARCH,BTC-USD,2026-07-01 15:30:00,0.06945969404381938,0.04471600066644101
GARCH,BTC-USD,2026-07-01 15:45:00,0.06632910789408572,0.044599463451796516
GARCH,BTC-USD,2026-07-01 16:00:00,0.06148607405089879,0.04448796806975254
GARCH,BTC-USD,2026-07-01 16:15:00,0.05764426049642582,0.04431128257154366
GARCH,BTC-USD,2026-07-01 16:30:00,0.05423626051251558,0.044361796683890585
GARCH,BTC-USD,2026-07-01 16:45:00,0.053815009879832176,0.04378506894669445
GARCH,BTC-USD,2026-07-01 17:00:00,0.04939952251994698,0.0431212097645122
GARCH,BTC-USD,2026-07-01 17:15:00,0.05391063621353979,0.04294683804946564
GARCH,BTC-USD,2026-07-01 17:30:00,0.04796819439130523,0.04295024076711805
GARCH,BTC-USD,2026-07-01 17:45:00,0.04601674123481385,0.04279163948830166
GARCH,BTC-USD,2026-07-01 18:00:00,0.044445144413047276,0.04271443816283981
GARCH,BTC-USD,2026-07-01 18:15:00,0.04183598385010157,0.04253826424912174
GARCH,BTC-USD,2026-07-01 18:30:00,0.040087134310282733,0.04249961616767986
GARCH,BTC-USD,2026-07-01 18:45:00,0.03763854192685429,0.042482541166566405
GARCH,BTC-USD,2026-07-01 19:00:00,0.03718064001245,0.0425284326036061
GARCH,BTC-USD,2026-07-01 19:15:00,0.036789107623330236,0.04250057849282407
GARCH,BTC-USD,2026-07-01 19:30:00,0.03446447565766767,0.04261207790343407
GARCH,BTC-USD,2026-07-01 19:45:00,0.03835348788788188,0.042321349117533685
GARCH,BTC-USD,2026-07-01 20:00:00,0.0344114578152351,0.04224448114360793
GARCH,BTC-USD,2026-07-01 20:15:00,0.033069258778062535,0.04207648584721909
GARCH,BTC-USD,2026-07-01 20:30:00,0.03185253626245389,0.04199541346188663
GARCH,BTC-USD,2026-07-01 20:45:00,0.031384244925792566,0.04228194572890723
GARCH,BTC-USD,2026-07-01 21:00:00,0.04454031804062924,0.04230200062844351
GARCH,BTC-USD,2026-07-01 21:15:00,0.038456660940168925,0.042552227236967055
GARCH,BTC-USD,2026-07-01 21:30:00,0.04971570451795352,0.042552252318357534
GARCH,BTC-USD,2026-07-01 21:45:00,0.0423880758897933,0.04255231330359569
GARCH,BTC-USD,2026-07-01 22:00:00,0.041249141045197626,0.04277164600884175
GARCH,BTC-USD,2026-07-01 22:15:00,0.04748839684386949,0.04277872174428326
GARCH,BTC-USD,2026-07-01 22:30:00,0.0424169729149335,0.04277596956671186
GARCH,BTC-USD,2026-07-01 22:45:00,0.04053438083882079,0.0429435606636414
GARCH,BTC-USD,2026-07-01 23:00:00,0.046110539914616666,0.04289918749502136
GARCH,BTC-USD,2026-07-01 23:15:00,0.040883158488283146,0.042906788671052735
GARCH,BTC-USD,2026-07-01 23:30:00,0.03977633244943746,0.04295173011541609
GARCH,BTC-USD,2026-07-01 23:45:00,0.03941861803198921,0.042932653900539124
GARCH,BTC-USD,2026-07-02 00:00:00,0.037619811306597674,0.04301934046006155
GARCH,BTC-USD,2026-07-02 00:15:00,0.039787221689230524,0.04309757605908641
GARCH,BTC-USD,2026-07-02 00:30:00,0.04020216901762321,0.0431126573314062
GARCH,BTC-USD,2026-07-02 00:45:00,0.039069558825992244,0.04310982219247747
GARCH,BTC-USD,2026-07-02 01:00:00,0.040873216752370344,0.04313945219886399
GARCH,BTC-USD,2026-07-02 01:15:00,0.038561346847769844,0.04322359472241769
GARCH,BTC-USD,2026-07-02 01:30:00,0.041465188860752435,0.043218814971991974
GARCH,BTC-USD,2026-07-02 01:45:00,0.03725181929090587,0.04316221282911095
GARCH,BTC-USD,2026-07-02 02:00:00,0.03584008293357775,0.0431685296751341
GARCH,BTC-USD,2026-07-02 02:15:00,0.034170160447208046,0.043241537088573645
GARCH,BTC-USD,2026-07-02 02:30:00,0.03902298957521651,0.04321611684580294
GARCH,BTC-USD,2026-07-02 02:45:00,0.03457485676650448,0.04158616241817464
GARCH,BTC-USD,2026-07-02 03:00:00,0.0339719624519428,0.04143168904547111
GARCH,BTC-USD,2026-07-02 03:15:00,0.03291249442023324,0.04079790447695338
GARCH,BTC-USD,2026-07-02 03:30:00,0.04070680126652433,0.040999618562543104
GARCH,BTC-USD,2026-07-02 03:45:00,0.04497950991913098,0.04083335797041228
GARCH,BTC-USD,2026-07-02 04:00:00,0.04178071089475596,0.04067813815413861
GARCH,BTC-USD,2026-07-02 04:15:00,0.040235358286669035,0.03987567027761549
GARCH,BTC-USD,2026-07-02 04:30:00,0.03867442964536875,0.03986833975408924
