model_name,asset_symbol,timestamp,predicted_value,real_value
GARCH,EURUSD=X,2026-06-03 18:15:00,0.005746737212549791,0.004231911737050074
GARCH,EURUSD=X,2026-06-03 18:30:00,0.005609756624291318,0.004231900053798534
GARCH,EURUSD=X,2026-06-03 18:45:00,0.005495509134842395,0.004231022162774425
GARCH,EURUSD=X,2026-06-03 19:00:00,0.005389515406562804,0.004223656180878707
GARCH,EURUSD=X,2026-06-03 19:15:00,0.005271591429172499,0.004225719521170682
GARCH,EURUSD=X,2026-06-03 19:30:00,0.005176252760902262,0.004226853942634981
GARCH,EURUSD=X,2026-06-03 19:45:00,0.005088919957230481,0.004212936118574958
GARCH,EURUSD=X,2026-06-03 20:00:00,0.005003902932699175,0.00421502989877615
GARCH,EURUSD=X,2026-06-03 20:15:00,0.004925454749366323,0.004214019341768528
GARCH,EURUSD=X,2026-06-03 20:30:00,0.004852626843588622,0.004208542563064043
GARCH,EURUSD=X,2026-06-03 20:45:00,0.004764784983408635,0.004220117345234892
GARCH,EURUSD=X,2026-06-03 21:00:00,0.004962735885701236,0.004230719862634082
GARCH,EURUSD=X,2026-06-03 21:15:00,0.005172561808572893,0.004214668243610692
GARCH,EURUSD=X,2026-06-03 21:30:00,0.005066664646970091,0.0041049250931000396
GARCH,EURUSD=X,2026-06-03 21:45:00,0.004966611664366647,0.00408610334548684
GARCH,EURUSD=X,2026-06-03 22:00:00,0.0049562605103071295,0.0040872994835848804
GARCH,EURUSD=X,2026-06-03 22:15:00,0.004877445290613934,0.004073977849967023
GARCH,EURUSD=X,2026-06-03 22:30:00,0.004788163963495538,0.00411019425071161
GARCH,EURUSD=X,2026-06-03 22:45:00,0.00513520436972596,0.0041080157829983975
GARCH,EURUSD=X,2026-06-03 23:00:00,0.0050317342707632915,0.004107996491515058
GARCH,EURUSD=X,2026-06-03 23:15:00,0.004953404563580995,0.004109006660599823
GARCH,EURUSD=X,2026-06-03 23:30:00,0.004879570027206046,0.004116557471911893
GARCH,EURUSD=X,2026-06-03 23:45:00,0.004864983006314697,0.004092974482446035
GARCH,EURUSD=X,2026-06-04 00:00:00,0.004793930047762457,0.004081254327573798
GARCH,EURUSD=X,2026-06-04 00:15:00,0.004727826669185587,0.004083287246936105
GARCH,EURUSD=X,2026-06-04 00:30:00,0.004666874542426224,0.004094934095361457
GARCH,EURUSD=X,2026-06-04 00:45:00,0.004779351285656949,0.004093684919713056
GARCH,EURUSD=X,2026-06-04 01:00:00,0.004695898926106761,0.004093684919713056
GARCH,EURUSD=X,2026-06-04 01:15:00,0.004617260662986324,0.004095738752222423
GARCH,EURUSD=X,2026-06-04 01:30:00,0.004561376019074429,0.004096489845246639
GARCH,EURUSD=X,2026-06-04 01:45:00,0.004510620633116652,0.004091849876939518
GARCH,EURUSD=X,2026-06-04 02:00:00,0.00446398671224115,0.0040910994833879295
GARCH,EURUSD=X,2026-06-04 02:15:00,0.004423012263930637,0.004098446501020352
GARCH,EURUSD=X,2026-06-04 02:30:00,0.004435160531120531,0.004098446501020352
GARCH,EURUSD=X,2026-06-04 02:45:00,0.00437229881396321,0.00412326435303706
GARCH,EURUSD=X,2026-06-04 03:00:00,0.004672281013120591,0.004108279649637956
GARCH,EURUSD=X,2026-06-04 03:15:00,0.004622795455714112,0.00410707389362966
GARCH,EURUSD=X,2026-06-04 03:30:00,0.004548655481825788,0.004113271965981905
GARCH,EURUSD=X,2026-06-04 03:45:00,0.004551073328296658,0.003913289374247174
GARCH,EURUSD=X,2026-06-04 04:00:00,0.004501626996003029,0.003888434289756156
GARCH,EURUSD=X,2026-06-04 04:15:00,0.004453305601596924,0.0038740453389466832
GARCH,EURUSD=X,2026-06-04 04:30:00,0.004692706784350145,0.0037894718457926802
GARCH,EURUSD=X,2026-06-04 04:45:00,0.00463040814182792,0.0037839957927115787
GARCH,EURUSD=X,2026-06-04 05:00:00,0.004576576745433721,0.0037892937980461535
GARCH,EURUSD=X,2026-06-04 05:15:00,0.004596328966021337,0.0037675877925456205
GARCH,EURUSD=X,2026-06-04 05:30:00,0.004592760237509759,0.0037677551844564933
GARCH,EURUSD=X,2026-06-04 05:45:00,0.004540233687189118,0.003773203533579645
GARCH,EURUSD=X,2026-06-04 06:00:00,0.0045498579964530035,0.0037584505984352315
GARCH,EURUSD=X,2026-06-04 06:15:00,0.004498904558446953,0.0037584448170094845
GARCH,EURUSD=X,2026-06-04 06:30:00,0.004508630985719334,0.0037637277120391318
GARCH,EURUSD=X,2026-06-04 06:45:00,0.0045261437261913,0.0037477821139499557
GARCH,EURUSD=X,2026-06-04 07:00:00,0.004457693253146249,0.0037561669333241884
GARCH,EURUSD=X,2026-06-04 07:15:00,0.00459951694510599,0.0037841297009081547
GARCH,EURUSD=X,2026-06-04 07:30:00,0.004891154793235095,0.003725281985027177
GARCH,EURUSD=X,2026-06-04 07:45:00,0.00485940110560666,0.003709606276466027
GARCH,EURUSD=X,2026-06-04 08:00:00,0.004771167551939514,0.003737484221283674
GARCH,EURUSD=X,2026-06-04 08:15:00,0.004968564381653624,0.003676845955841966
GARCH,EURUSD=X,2026-06-04 08:30:00,0.004946790783991921,0.003723930838205478
GARCH,EURUSD=X,2026-06-04 08:45:00,0.005271748107744426,0.003752089999367814
GARCH,EURUSD=X,2026-06-04 09:00:00,0.005437978550058725,0.0037540500540997495
GARCH,EURUSD=X,2026-06-04 09:15:00,0.005340543873545316,0.0037976502548282736
GARCH,EURUSD=X,2026-06-04 09:30:00,0.005637023660441743,0.0037834525624669013
GARCH,EURUSD=X,2026-06-04 09:45:00,0.0055171502155229694,0.0037996738794657697
GARCH,EURUSD=X,2026-06-04 10:00:00,0.0055388181298675265,0.003799614771362809
GARCH,EURUSD=X,2026-06-04 10:15:00,0.005427208397677909,0.0038139562310868995
GARCH,EURUSD=X,2026-06-04 10:30:00,0.005452287571805009,0.0038157458364383085
GARCH,EURUSD=X,2026-06-04 10:45:00,0.005346185149667019,0.0038316748776389673
GARCH,EURUSD=X,2026-06-04 11:00:00,0.005376877805444914,0.0038597060929404852
GARCH,EURUSD=X,2026-06-04 11:15:00,0.005526525619077219,0.003859719225697232
GARCH,EURUSD=X,2026-06-04 11:30:00,0.005475722191535102,0.0038597226468791764
GARCH,EURUSD=X,2026-06-04 11:45:00,0.005367084796402538,0.0038739831229004785
GARCH,EURUSD=X,2026-06-04 12:00:00,0.005419681619924413,0.003858312654610942
GARCH,EURUSD=X,2026-06-04 12:15:00,0.005300251422854041,0.003858233646823511
GARCH,EURUSD=X,2026-06-04 12:30:00,0.005202448093139452,0.0038583226027319576
GARCH,EURUSD=X,2026-06-04 12:45:00,0.005114256863732841,0.003863628567923563
GARCH,EURUSD=X,2026-06-04 13:00:00,0.005094669493125023,0.0038635780952844903
GARCH,EURUSD=X,2026-06-04 13:15:00,0.005007577193225201,0.0038635799414215603
GARCH,EURUSD=X,2026-06-04 13:30:00,0.004928115466470534,0.0038653728439217824
GARCH,EURUSD=X,2026-06-04 13:45:00,0.004855704212786202,0.003870670786567879
GARCH,EURUSD=X,2026-06-04 14:00:00,0.004854424890229653,0.0038776291091959982
GARCH,EURUSD=X,2026-06-04 14:15:00,0.004857902749084662,0.0038776291091959982
GARCH,EURUSD=X,2026-06-04 14:30:00,0.0047699597088405234,0.0038776291091959982
GARCH,EURUSD=X,2026-06-04 14:45:00,0.0046869742947943304,0.0039191709030054235
GARCH,EURUSD=X,2026-06-04 15:00:00,0.005137802811295106,0.0039191677093285415
GARCH,EURUSD=X,2026-06-04 15:15:00,0.005061531398390198,0.0039191677093285415
GARCH,EURUSD=X,2026-06-04 15:30:00,0.004961995172975843,0.0039453594111784635
GARCH,EURUSD=X,2026-06-04 15:45:00,0.005133671182902972,0.003931335169697668
GARCH,EURUSD=X,2026-06-04 16:00:00,0.005045933119922421,0.003931468192165861
GARCH,EURUSD=X,2026-06-04 16:15:00,0.004964755461842693,0.0039314667790379355
GARCH,EURUSD=X,2026-06-04 16:30:00,0.0048897490180878946,0.003945115768145451
GARCH,EURUSD=X,2026-06-04 16:45:00,0.004989589546328476,0.003946747073825514
GARCH,EURUSD=X,2026-06-04 17:00:00,0.004919308510531352,0.00394123011862623
GARCH,EURUSD=X,2026-06-04 17:15:00,0.004852242395507689,0.003934576054640839
GARCH,EURUSD=X,2026-06-04 17:30:00,0.004764519647683253,0.003934576054640839
GARCH,EURUSD=X,2026-06-04 17:45:00,0.004681831213476652,0.003932730827167189
GARCH,EURUSD=X,2026-06-04 18:00:00,0.0046040056956265325,0.003947786604750649
GARCH,EURUSD=X,2026-06-04 18:15:00,0.00473009944725064,0.003945896516897374
GARCH,EURUSD=X,2026-06-04 18:30:00,0.0046496382524422895,0.003947431009520567
GARCH,EURUSD=X,2026-06-04 18:45:00,0.004598061151258673,0.003953880519678636
GARCH,EURUSD=X,2026-06-04 19:00:00,0.004619274291598026,0.0039465285225594735
GARCH,EURUSD=X,2026-06-04 19:15:00,0.004545354167004506,0.0039479928748268585
GARCH,EURUSD=X,2026-06-04 19:30:00,0.004500302218291531,0.003947988002974925
GARCH,EURUSD=X,2026-06-04 19:45:00,0.0044506513848237075,0.00394743161310161
GARCH,EURUSD=X,2026-06-04 20:00:00,0.004409529222316463,0.003947419854283847
GARCH,EURUSD=X,2026-06-04 20:15:00,0.004372912059826464,0.003949412537813767
GARCH,EURUSD=X,2026-06-04 20:30:00,0.004331764162908242,0.0039479581628964824
GARCH,EURUSD=X,2026-06-04 20:45:00,0.004275294751619557,0.003900210876589902
GARCH,EURUSD=X,2026-06-04 21:00:00,0.00440051300084101,0.00388486383258098
GARCH,EURUSD=X,2026-06-04 21:15:00,0.004358716947033044,0.00388624005490657
GARCH,EURUSD=X,2026-06-04 21:30:00,0.004323632238268211,0.0038841035611408255
GARCH,EURUSD=X,2026-06-04 21:45:00,0.004267688324872872,0.003869394291057177
GARCH,EURUSD=X,2026-06-04 22:00:00,0.004215264952499932,0.003867278964159071
GARCH,EURUSD=X,2026-06-04 22:15:00,0.004166183180765201,0.003868661849016713
GARCH,EURUSD=X,2026-06-04 22:30:00,0.004145074516543229,0.003868650087034696
GARCH,EURUSD=X,2026-06-04 22:45:00,0.004119834354679484,0.003862327564128552
GARCH,EURUSD=X,2026-06-04 23:00:00,0.004076930455519549,0.003864422469291736
GARCH,EURUSD=X,2026-06-04 23:15:00,0.004058168980205871,0.003864411733826506
GARCH,EURUSD=X,2026-06-04 23:30:00,0.00404281414022649,0.00386297751437858
GARCH,EURUSD=X,2026-06-04 23:45:00,0.0040049753527056165,0.003857995726859748
GARCH,EURUSD=X,2026-06-05 00:00:00,0.0039956485385704245,0.003852375901941259
GARCH,EURUSD=X,2026-06-05 00:15:00,0.003980842340765259,0.003852375901941259
GARCH,EURUSD=X,2026-06-05 00:30:00,0.003947134595298572,0.003854448235043221
GARCH,EURUSD=X,2026-06-05 00:45:00,0.003937664840993552,0.0038558912480226833
GARCH,EURUSD=X,2026-06-05 01:00:00,0.003931050541963931,0.003855885706468402
GARCH,EURUSD=X,2026-06-05 01:15:00,0.003927636572146253,0.003861460182525139
GARCH,EURUSD=X,2026-06-05 01:30:00,0.0039804253391557826,0.003861460182525139
GARCH,EURUSD=X,2026-06-05 01:45:00,0.003946788174986973,0.003861449752286463
GARCH,EURUSD=X,2026-06-05 02:00:00,0.003937944933752038,0.003861439325638766
GARCH,EURUSD=X,2026-06-05 02:15:00,0.003930718508422759,0.003850855248948301
GARCH,EURUSD=X,2026-06-05 02:30:00,0.0039984942340220994,0.0038529839684913834
GARCH,EURUSD=X,2026-06-05 02:45:00,0.0039832183000807755,0.0038529740391554895
GARCH,EURUSD=X,2026-06-05 03:00:00,0.003974386228057387,0.0038472738061602232
GARCH,EURUSD=X,2026-06-05 03:15:00,0.003961489984469524,0.0038486490402248074
GARCH,EURUSD=X,2026-06-05 03:30:00,0.003953888904270058,0.0038493922033601075
GARCH,EURUSD=X,2026-06-05 03:45:00,0.003942604674008754,0.0038479792566248573
GARCH,EURUSD=X,2026-06-05 04:00:00,0.00391147770363439,0.0038429999850951944
GARCH,EURUSD=X,2026-06-05 04:15:00,0.003908117535088745,0.0038436331209057927
GARCH,EURUSD=X,2026-06-05 04:30:00,0.0038999557216403157,0.003844215432935988
GARCH,EURUSD=X,2026-06-05 04:45:00,0.0038945260272314963,0.0038442115371719356
GARCH,EURUSD=X,2026-06-05 05:00:00,0.0038908422359585477,0.003839668392131839
GARCH,EURUSD=X,2026-06-05 05:15:00,0.003884587425994752,0.00379368939400281
GARCH,EURUSD=X,2026-06-05 05:30:00,0.003857413513940758,0.003787095981911859
GARCH,EURUSD=X,2026-06-05 05:45:00,0.003832093683552097,0.003781973163083561
GARCH,EURUSD=X,2026-06-05 06:00:00,0.0038349662085913256,0.003774122540966452
GARCH,EURUSD=X,2026-06-05 06:15:00,0.0038968748513252024,0.0037740696910856303
GARCH,EURUSD=X,2026-06-05 06:30:00,0.004068602313879149,0.0037740696910856303
GARCH,EURUSD=X,2026-06-05 06:45:00,0.00402936379286788,0.0037838433503866705
GARCH,EURUSD=X,2026-06-05 07:00:00,0.0041866855136196285,0.003755547620528268
GARCH,EURUSD=X,2026-06-05 07:15:00,0.004335484600152569,0.003755494853517091
GARCH,EURUSD=X,2026-06-05 07:30:00,0.004370264546637616,0.003755494853517091
GARCH,EURUSD=X,2026-06-05 07:45:00,0.004311738649375065,0.0037926953492395
GARCH,EURUSD=X,2026-06-05 08:00:00,0.004742180422816976,0.0037982116332032387
GARCH,EURUSD=X,2026-06-05 08:15:00,0.004732231191366826,0.0037979332039571063
GARCH,EURUSD=X,2026-06-05 08:30:00,0.0046704510716600155,0.0037979350048106043
GARCH,EURUSD=X,2026-06-05 08:45:00,0.004613708761435901,0.003818210767014034
GARCH,EURUSD=X,2026-06-05 09:00:00,0.00482963482111004,0.003824216594401321
GARCH,EURUSD=X,2026-06-05 09:15:00,0.004818547400595903,0.0038106879038234598
GARCH,EURUSD=X,2026-06-05 09:30:00,0.00475473754535431,0.0037966676864415955
GARCH,EURUSD=X,2026-06-05 09:45:00,0.004689548602928221,0.0037807977371616115
GARCH,EURUSD=X,2026-06-05 10:00:00,0.0046112658393918935,0.003785919651361968
GARCH,EURUSD=X,2026-06-05 10:15:00,0.004612883509863901,0.003787825744736338
GARCH,EURUSD=X,2026-06-05 10:30:00,0.0045587315639436,0.003786122727000673
GARCH,EURUSD=X,2026-06-05 10:45:00,0.004488277367406069,0.0038149981344149813
GARCH,EURUSD=X,2026-06-05 11:00:00,0.0047786926716868305,0.00382901899537088
GARCH,EURUSD=X,2026-06-05 11:15:00,0.004842545994847685,0.00384517193469318
GARCH,EURUSD=X,2026-06-05 11:30:00,0.004940605298888105,0.0038731054676195433
GARCH,EURUSD=X,2026-06-05 11:45:00,0.005111164929136675,0.0038731054676195433
GARCH,EURUSD=X,2026-06-05 12:00:00,0.005008741697373413,0.003899683686711884
GARCH,EURUSD=X,2026-06-05 12:15:00,0.005228509036200526,0.00454063295732654
GARCH,EURUSD=X,2026-06-05 12:30:00,0.010433491607954834,0.004897376806027493
GARCH,EURUSD=X,2026-06-05 12:45:00,0.012585953862101248,0.004961642566811879
GARCH,EURUSD=X,2026-06-05 13:00:00,0.012404541433344124,0.00506628264467003
GARCH,EURUSD=X,2026-06-05 13:15:00,0.012659304180212421,0.005070885458945733
GARCH,EURUSD=X,2026-06-05 13:30:00,0.012259365499728114,0.005131819033054466
GARCH,EURUSD=X,2026-06-05 13:45:00,0.012269139231689399,0.005188130645096092
GARCH,EURUSD=X,2026-06-05 14:00:00,0.012290015609263969,0.00521711421547991
GARCH,EURUSD=X,2026-06-05 14:15:00,0.012103083481156213,0.005234755179012068
GARCH,EURUSD=X,2026-06-05 14:30:00,0.011840991249284213,0.005283693432193507
GARCH,EURUSD=X,2026-06-05 14:45:00,0.011667056343108221,0.005379060742962985
GARCH,EURUSD=X,2026-06-05 15:00:00,0.011955387031206405,0.005365935499484847
GARCH,EURUSD=X,2026-06-05 15:15:00,0.011538918249091557,0.005438209267609342
GARCH,EURUSD=X,2026-06-05 15:30:00,0.011720130706824487,0.005447190408108377
GARCH,EURUSD=X,2026-06-05 15:45:00,0.01141018762938209,0.005450666892785878
GARCH,EURUSD=X,2026-06-05 16:00:00,0.011061555458448417,0.005452102205475832
GARCH,EURUSD=X,2026-06-05 16:15:00,0.010726215368527513,0.005450548777055613
GARCH,EURUSD=X,2026-06-05 16:30:00,0.010373360153342037,0.005484276905820573
GARCH,EURUSD=X,2026-06-05 16:45:00,0.010221838724831818,0.005485731578576306
GARCH,EURUSD=X,2026-06-05 17:00:00,0.009913707242400045,0.005485656767284782
GARCH,EURUSD=X,2026-06-05 17:15:00,0.009625244627388617,0.005494344251137709
GARCH,EURUSD=X,2026-06-05 17:30:00,0.009408159100682534,0.005496318837783705
GARCH,EURUSD=X,2026-06-05 17:45:00,0.009106210015117588,0.005499643309948537
GARCH,EURUSD=X,2026-06-05 18:00:00,0.00885715977644276,0.005501155568629722
GARCH,EURUSD=X,2026-06-05 18:15:00,0.008580756095657293,0.005499157515685679
GARCH,EURUSD=X,2026-06-05 18:30:00,0.008308334649066745,0.005498689751369512
GARCH,EURUSD=X,2026-06-05 18:45:00,0.008048139220155142,0.0055015506250328155
GARCH,EURUSD=X,2026-06-05 19:00:00,0.007851062774959963,0.005503041152308361
GARCH,EURUSD=X,2026-06-05 19:15:00,0.007621258752535601,0.005514167073410774
GARCH,EURUSD=X,2026-06-05 19:30:00,0.007493923996845493,0.005514167073410774
GARCH,EURUSD=X,2026-06-05 19:45:00,0.007271168752095291,0.005538599061141789
GARCH,EURUSD=X,2026-06-05 20:00:00,0.007399906410651267,0.0055441896129935974
GARCH,EURUSD=X,2026-06-05 20:15:00,0.007352696304676135,0.005544688530182936
GARCH,EURUSD=X,2026-06-05 20:30:00,0.007148701810765944,0.005543091975972404
GARCH,EURUSD=X,2026-06-05 20:45:00,0.006954060824003353,0.0055395550133232555
GARCH,EURUSD=X,2026-06-05 21:00:00,0.006756734210347333,0.0055395550133232555
GARCH,EURUSD=X,2026-06-05 21:15:00,0.006568921763093908,0.005535974966916518
GARCH,EURUSD=X,2026-06-05 21:30:00,0.0063902806523046165,0.005529757940030654
GARCH,EURUSD=X,2026-06-05 21:45:00,0.00622047133559849,0.005523497560543078
GARCH,EURUSD=X,2026-06-05 22:00:00,0.006059162163579343,0.005506519209819117
GARCH,EURUSD=X,2026-06-05 22:15:00,0.005906029944893928,0.005472253125842288
GARCH,EURUSD=X,2026-06-05 22:30:00,0.005760759714064755,0.005463166105716938
GARCH,EURUSD=X,2026-06-05 22:45:00,0.005623044374687388,0.00548113323452178
GARCH,EURUSD=X,2026-06-07 23:00:00,0.005931948121194519,0.005483030172027527
GARCH,EURUSD=X,2026-06-07 23:15:00,0.005795430959838477,0.005467760902518281
GARCH,EURUSD=X,2026-06-07 23:30:00,0.005669504347636386,0.00547201910780016
GARCH,EURUSD=X,2026-06-07 23:45:00,0.005597565575197035,0.005458947325484967
GARCH,EURUSD=X,2026-06-08 00:00:00,0.0054685375765418055,0.005458947325484967
GARCH,EURUSD=X,2026-06-08 00:15:00,0.005346350305194158,0.005479135277828131
GARCH,EURUSD=X,2026-06-08 00:30:00,0.005482712499655699,0.005491912200443101
GARCH,EURUSD=X,2026-06-08 00:45:00,0.005511536897801482,0.005485762017826249
GARCH,EURUSD=X,2026-06-08 01:00:00,0.0053874197223941645,0.005599110483207377
GARCH,EURUSD=X,2026-06-08 01:15:00,0.00689783336056832,0.005618920985519168
GARCH,EURUSD=X,2026-06-08 01:30:00,0.00687241674792928,0.005620756516938532
GARCH,EURUSD=X,2026-06-08 01:45:00,0.006691496582686482,0.005622321980772751
GARCH,EURUSD=X,2026-06-08 02:00:00,0.0065664070495663925,0.005637780491346916
GARCH,EURUSD=X,2026-06-08 02:15:00,0.0065891501054278585,0.005636076008618666
GARCH,EURUSD=X,2026-06-08 02:30:00,0.006425552999860918,0.005636076008618666
GARCH,EURUSD=X,2026-06-08 02:45:00,0.006254079225550307,0.005630618229683263
GARCH,EURUSD=X,2026-06-08 03:00:00,0.006154391715436838,0.005603464196124627
GARCH,EURUSD=X,2026-06-08 03:15:00,0.00599646018659077,0.005608687770253505
GARCH,EURUSD=X,2026-06-08 03:30:00,0.005902332000619179,0.005597232762370325
GARCH,EURUSD=X,2026-06-08 03:45:00,0.005818441936439453,0.005595531631868586
GARCH,EURUSD=X,2026-06-08 04:00:00,0.005677835632312505,0.005591384055480045
GARCH,EURUSD=X,2026-06-08 04:15:00,0.005560814835124773,0.005594445108175355
GARCH,EURUSD=X,2026-06-08 04:30:00,0.005503521266932544,0.005594445108175355
GARCH,EURUSD=X,2026-06-08 04:45:00,0.005379470984351082,0.005583691697989727
GARCH,EURUSD=X,2026-06-08 05:00:00,0.005277387896202359,0.0055856956195491645
GARCH,EURUSD=X,2026-06-08 05:15:00,0.0052316711401563,0.005572522368710235
GARCH,EURUSD=X,2026-06-08 05:30:00,0.005578235474636363,0.005443903243510697
GARCH,EURUSD=X,2026-06-08 05:45:00,0.006317907211510825,0.005426654516453501
GARCH,EURUSD=X,2026-06-08 06:00:00,0.006153054071269804,0.0054487763243544485
GARCH,EURUSD=X,2026-06-08 06:15:00,0.006200824756773474,0.005457318354630335
GARCH,EURUSD=X,2026-06-08 06:30:00,0.006181286955243024,0.005465798945910658
GARCH,EURUSD=X,2026-06-08 06:45:00,0.006176509687410377,0.005501538993588903
GARCH,EURUSD=X,2026-06-08 07:00:00,0.0066417015681190655,0.005499781241220565
GARCH,EURUSD=X,2026-06-08 07:15:00,0.006459874952280478,0.005496612699289918
GARCH,EURUSD=X,2026-06-08 07:30:00,0.0063002154376359774,0.005511358342181935
GARCH,EURUSD=X,2026-06-08 07:45:00,0.00653092691950147,0.005513157926246271
GARCH,EURUSD=X,2026-06-08 08:00:00,0.006363361043674386,0.00551005426711106
GARCH,EURUSD=X,2026-06-08 08:15:00,0.006212382731361638,0.00551731031708142
GARCH,EURUSD=X,2026-06-08 08:30:00,0.0062038343561144835,0.005520886656015539
GARCH,EURUSD=X,2026-06-08 08:45:00,0.006117548651384301,0.005533974538771692
GARCH,EURUSD=X,2026-06-08 09:00:00,0.0062400942234660806,0.005535558150481787
GARCH,EURUSD=X,2026-06-08 09:15:00,0.006155929634221316,0.0055416995310417026
GARCH,EURUSD=X,2026-06-08 09:30:00,0.006045401636804618,0.005586694448807207
GARCH,EURUSD=X,2026-06-08 09:45:00,0.006382557889011395,0.005592036631275963
GARCH,EURUSD=X,2026-06-08 10:00:00,0.006277671482395282,0.005592036631275963
GARCH,EURUSD=X,2026-06-08 10:15:00,0.006113808159779655,0.005652216657686295
GARCH,EURUSD=X,2026-06-08 10:30:00,0.006622452035899635,0.0056515367842764706
GARCH,EURUSD=X,2026-06-08 10:45:00,0.006442061633990318,0.0056619543291681505
GARCH,EURUSD=X,2026-06-08 11:00:00,0.006398121303307715,0.005721035980608741
GARCH,EURUSD=X,2026-06-08 11:15:00,0.006881956876622324,0.0057240969997047085
GARCH,EURUSD=X,2026-06-08 11:30:00,0.006731614730612032,0.0057240969997047085
GARCH,EURUSD=X,2026-06-08 11:45:00,0.006545078603068489,0.005715253628542306
GARCH,EURUSD=X,2026-06-08 12:00:00,0.006487481481963446,0.005698023652377897
GARCH,EURUSD=X,2026-06-08 12:15:00,0.006313018841194382,0.005699604071796042
GARCH,EURUSD=X,2026-06-08 12:30:00,0.006162107985125775,0.005699604071796042
GARCH,EURUSD=X,2026-06-08 12:45:00,0.0060037879663430984,0.005701091609451659
GARCH,EURUSD=X,2026-06-08 13:00:00,0.00591198483346592,0.0057197260632098484
GARCH,EURUSD=X,2026-06-08 13:15:00,0.006003800083423759,0.005729211466622208
GARCH,EURUSD=X,2026-06-08 13:30:00,0.005990405855976871,0.005701545787186728
GARCH,EURUSD=X,2026-06-08 13:45:00,0.005911074791996654,0.005710769360270534
GARCH,EURUSD=X,2026-06-08 14:00:00,0.0059286337687969246,0.005712851965844401
GARCH,EURUSD=X,2026-06-08 14:15:00,0.005860813164660454,0.005711846507335236
GARCH,EURUSD=X,2026-06-08 14:30:00,0.0057401182083662355,0.005737777459061996
GARCH,EURUSD=X,2026-06-08 14:45:00,0.00595378266282489,0.00575748198331758
GARCH,EURUSD=X,2026-06-08 15:00:00,0.006047078038398321,0.005782589928591934
GARCH,EURUSD=X,2026-06-08 15:15:00,0.006278265428421033,0.0057809335188970905
GARCH,EURUSD=X,2026-06-08 15:30:00,0.00611415691521256,0.005792108111443975
GARCH,EURUSD=X,2026-06-08 15:45:00,0.00617574165786863,0.005795864627021051
GARCH,EURUSD=X,2026-06-08 16:00:00,0.006075937022600688,0.005795864627021051
GARCH,EURUSD=X,2026-06-08 16:15:00,0.005921952916187919,0.005794947863516404
GARCH,EURUSD=X,2026-06-08 16:30:00,0.005793494982937011,0.005793994624776137
GARCH,EURUSD=X,2026-06-08 16:45:00,0.005673147376785075,0.005793302668083858
GARCH,EURUSD=X,2026-06-08 17:00:00,0.005540079892771523,0.005792601139473835
GARCH,EURUSD=X,2026-06-08 17:15:00,0.005414046241678889,0.005786981907552084
GARCH,EURUSD=X,2026-06-08 17:30:00,0.005294787598629221,0.005787655165516123
GARCH,EURUSD=X,2026-06-08 17:45:00,0.005201612066010344,0.005772419199537023
GARCH,EURUSD=X,2026-06-08 18:00:00,0.005109333659972586,0.005771688238957714
GARCH,EURUSD=X,2026-06-08 18:15:00,0.005006864808592329,0.005775436321171087
GARCH,EURUSD=X,2026-06-08 18:30:00,0.004990920112685383,0.005808396957738986
GARCH,EURUSD=X,2026-06-08 18:45:00,0.005599800736984051,0.005813357605669287
GARCH,EURUSD=X,2026-06-08 19:00:00,0.005518676916268516,0.005811693013549316
GARCH,EURUSD=X,2026-06-08 19:15:00,0.005393802884177335,0.0057909231789850385
GARCH,EURUSD=X,2026-06-08 19:30:00,0.005275644796598979,0.0057909115831390546
GARCH,EURUSD=X,2026-06-08 19:45:00,0.005183650042359546,0.005791964911938173
GARCH,EURUSD=X,2026-06-08 20:00:00,0.00509234829258391,0.005788324067497431
GARCH,EURUSD=X,2026-06-08 20:15:00,0.004990832465834554,0.005782607275753635
GARCH,EURUSD=X,2026-06-08 20:30:00,0.004895052539780975,0.005780904432126962
GARCH,EURUSD=X,2026-06-08 20:45:00,0.004804755746097064,0.005776827247749854
GARCH,EURUSD=X,2026-06-08 21:00:00,0.0047374656677754675,0.005777884105680335
GARCH,EURUSD=X,2026-06-08 21:15:00,0.004675552371597153,0.005777814197803798
GARCH,EURUSD=X,2026-06-08 21:30:00,0.004673968973867497,0.005774161408623522
GARCH,EURUSD=X,2026-06-08 21:45:00,0.004596743870820474,0.005783012168873988
GARCH,EURUSD=X,2026-06-08 22:00:00,0.004715086209344847,0.005774043022278847
GARCH,EURUSD=X,2026-06-08 22:15:00,0.004635428734983966,0.005757241442684117
GARCH,EURUSD=X,2026-06-08 22:30:00,0.004560392015178842,0.005751573898624142
GARCH,EURUSD=X,2026-06-08 22:45:00,0.004489843224030533,0.005751573898624142
GARCH,EURUSD=X,2026-06-08 23:00:00,0.004423579196233138,0.005734248025037713
GARCH,EURUSD=X,2026-06-08 23:15:00,0.004452951411246786,0.005730608854870595
GARCH,EURUSD=X,2026-06-08 23:30:00,0.0043890512242808506,0.005701713567072252
GARCH,EURUSD=X,2026-06-08 23:45:00,0.004423729068907342,0.0056819845362663345
GARCH,EURUSD=X,2026-06-09 00:00:00,0.004377807785535205,0.0056801518569398425
GARCH,EURUSD=X,2026-06-09 00:15:00,0.004318456243239738,0.005648714734115368
GARCH,EURUSD=X,2026-06-09 00:30:00,0.004282393176319077,0.005648191381198382
GARCH,EURUSD=X,2026-06-09 00:45:00,0.004229054298519521,0.005641407716947297
GARCH,EURUSD=X,2026-06-09 01:00:00,0.004259679713696929,0.005646944021029594
GARCH,EURUSD=X,2026-06-09 01:15:00,0.004292509951571397,0.005634083431167978
GARCH,EURUSD=X,2026-06-09 01:30:00,0.004238699296459806,0.005639623785094812
GARCH,EURUSD=X,2026-06-09 01:45:00,0.00427094786453101,0.005628618134810496
GARCH,EURUSD=X,2026-06-09 02:00:00,0.004241690168868014,0.005606916542320898
GARCH,EURUSD=X,2026-06-09 02:15:00,0.0042116291278054985,0.005600580187675969
GARCH,EURUSD=X,2026-06-09 02:30:00,0.004162779792011312,0.005600565725103287
GARCH,EURUSD=X,2026-06-09 02:45:00,0.004141469679827026,0.0055937232975714155
GARCH,EURUSD=X,2026-06-09 03:00:00,0.0041162480575395585,0.005594208237706554
GARCH,EURUSD=X,2026-06-09 03:15:00,0.004097326352937749,0.005592263228978938
GARCH,EURUSD=X,2026-06-09 03:30:00,0.004055903291358259,0.0055917708573147585
GARCH,EURUSD=X,2026-06-09 03:45:00,0.004017194513307091,0.005594484143457997
GARCH,EURUSD=X,2026-06-09 04:00:00,0.004064091946094112,0.005594457482114201
GARCH,EURUSD=X,2026-06-09 04:15:00,0.004048355166145276,0.005605327433519476
GARCH,EURUSD=X,2026-06-09 04:30:00,0.004201796636100405,0.005604772101616454
GARCH,EURUSD=X,2026-06-09 04:45:00,0.004153897302392422,0.005617703182400803
GARCH,EURUSD=X,2026-06-09 05:00:00,0.00447400304634428,0.005620220140974314
GARCH,EURUSD=X,2026-06-09 05:15:00,0.004476525317982643,0.0056262138872018
GARCH,EURUSD=X,2026-06-09 05:30:00,0.004487958060053567,0.005626792850191845
GARCH,EURUSD=X,2026-06-09 05:45:00,0.004441346681242425,0.005620839596590263
GARCH,EURUSD=X,2026-06-09 06:00:00,0.004675254652979411,0.0056201640695889895
GARCH,EURUSD=X,2026-06-09 06:15:00,0.004598129390789007,0.0056292760045586
GARCH,EURUSD=X,2026-06-09 06:30:00,0.004714227081970697,0.005608257252588432
GARCH,EURUSD=X,2026-06-09 06:45:00,0.00465941879130999,0.005611218656080575
GARCH,EURUSD=X,2026-06-09 07:00:00,0.004675707325237172,0.005609393127781314
GARCH,EURUSD=X,2026-06-09 07:15:00,0.004598437298621033,0.005608801226456238
GARCH,EURUSD=X,2026-06-09 07:30:00,0.004525629005857677,0.005600305672488285
GARCH,EURUSD=X,2026-06-09 07:45:00,0.00448059542664449,0.005599683044412942
GARCH,EURUSD=X,2026-06-09 08:00:00,0.004414934892083843,0.005620340207077163
GARCH,EURUSD=X,2026-06-09 08:15:00,0.004649042188964781,0.005622057953795019
GARCH,EURUSD=X,2026-06-09 08:30:00,0.004596264414728483,0.00563429563632367
GARCH,EURUSD=X,2026-06-09 08:45:00,0.004697458735149424,0.0056551774425149335
GARCH,EURUSD=X,2026-06-09 09:00:00,0.004920504136905175,0.00564570326184293
GARCH,EURUSD=X,2026-06-09 09:15:00,0.004829388768053916,0.005657629280504865
GARCH,EURUSD=X,2026-06-09 09:30:00,0.004909207539952601,0.005658390946285837
GARCH,EURUSD=X,2026-06-09 09:45:00,0.004840614644563671,0.005654340636711997
GARCH,EURUSD=X,2026-06-09 10:00:00,0.0047536224559539585,0.005666053538463339
GARCH,EURUSD=X,2026-06-09 10:15:00,0.004835658830995406,0.005670549474469428
GARCH,EURUSD=X,2026-06-09 10:30:00,0.004827743746136419,0.0056731462314163345
GARCH,EURUSD=X,2026-06-09 10:45:00,0.0048163630087081095,0.005677636550951983
GARCH,EURUSD=X,2026-06-09 11:00:00,0.004800528945763121,0.005688225517893305
GARCH,EURUSD=X,2026-06-09 11:15:00,0.00488038996975142,0.005696541257394248
GARCH,EURUSD=X,2026-06-09 11:30:00,0.004962587901720511,0.005708012728774769
GARCH,EURUSD=X,2026-06-09 11:45:00,0.0050177876614274025,0.00569733520443957
GARCH,EURUSD=X,2026-06-09 12:00:00,0.0049378992423834405,0.005696452488854391
GARCH,EURUSD=X,2026-06-09 12:15:00,0.004845140718407428,0.005700844738616045
GARCH,EURUSD=X,2026-06-09 12:30:00,0.0048282665828175255,0.005702293673725864
GARCH,EURUSD=X,2026-06-09 12:45:00,0.004762049443116252,0.005707517054341648
GARCH,EURUSD=X,2026-06-09 13:00:00,0.004755607333954185,0.00572530367161901
GARCH,EURUSD=X,2026-06-09 13:15:00,0.004993408338518268,0.005752219631897846
GARCH,EURUSD=X,2026-06-09 13:30:00,0.005406454970966937,0.005756023724832737
GARCH,EURUSD=X,2026-06-09 13:45:00,0.005338831879073026,0.005756880081988499
GARCH,EURUSD=X,2026-06-09 14:00:00,0.005244009084984703,0.0057593796237271205
GARCH,EURUSD=X,2026-06-09 14:15:00,0.00521572877637588,0.0057585433389967825
GARCH,EURUSD=X,2026-06-09 14:30:00,0.005107471421679163,0.005759372237691417
GARCH,EURUSD=X,2026-06-09 14:45:00,0.0050268645522350015,0.005760032698069132
GARCH,EURUSD=X,2026-06-09 15:00:00,0.0049444704008112985,0.005785820389738044
GARCH,EURUSD=X,2026-06-09 15:15:00,0.005345045743644713,0.005802758380271571
GARCH,EURUSD=X,2026-06-09 15:30:00,0.005553626138578511,0.005812786012868748
GARCH,EURUSD=X,2026-06-09 15:45:00,0.005546871550172072,0.005850915888840947
GARCH,EURUSD=X,2026-06-09 16:00:00,0.006052280289616891,0.005850904722911326
GARCH,EURUSD=X,2026-06-09 16:15:00,0.005923778296331666,0.005914279299501827
GARCH,EURUSD=X,2026-06-09 16:30:00,0.006831155618500928,0.005919822439224828
GARCH,EURUSD=X,2026-06-09 16:45:00,0.0066754817483126285,0.005929829019335614
GARCH,EURUSD=X,2026-06-09 17:00:00,0.006601294931496545,0.005971513916314124
GARCH,EURUSD=X,2026-06-09 17:15:00,0.006885663489409574,0.005969371001073124
GARCH,EURUSD=X,2026-06-09 17:30:00,0.006710423745084751,0.0059766162099743145
GARCH,EURUSD=X,2026-06-09 17:45:00,0.006650705902151327,0.005977481788645517
GARCH,EURUSD=X,2026-06-09 18:00:00,0.006480078843545431,0.005981250531968295
GARCH,EURUSD=X,2026-06-09 18:15:00,0.006359735979361275,0.005981239354391675
GARCH,EURUSD=X,2026-06-09 18:30:00,0.006205432481543377,0.005980369500495044
GARCH,EURUSD=X,2026-06-09 18:45:00,0.006061568431072138,0.005983958382561423
GARCH,EURUSD=X,2026-06-09 19:00:00,0.005978474889419764,0.005991966098030881
GARCH,EURUSD=X,2026-06-09 19:15:00,0.0059913087288651756,0.005990989094349802
GARCH,EURUSD=X,2026-06-09 19:30:00,0.005863790365822119,0.0059893597592699955
GARCH,EURUSD=X,2026-06-09 19:45:00,0.0057208587623848,0.005990325744391859
GARCH,EURUSD=X,2026-06-09 20:00:00,0.00559902422407097,0.005990306431113875
GARCH,EURUSD=X,2026-06-09 20:15:00,0.005485596014699319,0.005990306431113875
GARCH,EURUSD=X,2026-06-09 20:30:00,0.005362498401408202,0.005990306431113875
GARCH,EURUSD=X,2026-06-09 20:45:00,0.005246042633130933,0.005991238485211381
GARCH,EURUSD=X,2026-06-09 21:00:00,0.005152563979195159,0.006001630460072082
GARCH,EURUSD=X,2026-06-09 21:15:00,0.00535216037309406,0.005993214798692227
GARCH,EURUSD=X,2026-06-09 21:30:00,0.005321577881227612,0.005994884747822367
GARCH,EURUSD=X,2026-06-09 21:45:00,0.005219894370006056,0.005984673531844762
GARCH,EURUSD=X,2026-06-09 22:00:00,0.005127030342241847,0.005972689441033916
GARCH,EURUSD=X,2026-06-09 22:15:00,0.00502357493720005,0.005967408914145951
GARCH,EURUSD=X,2026-06-09 22:30:00,0.004945918893045091,0.005967899336419793
GARCH,EURUSD=X,2026-06-09 22:45:00,0.00487456424177519,0.0059378215532453925
GARCH,EURUSD=X,2026-06-09 23:00:00,0.004801396466882929,0.0059377515362243945
GARCH,EURUSD=X,2026-06-09 23:15:00,0.004800085102465837,0.005937727459319824
GARCH,EURUSD=X,2026-06-09 23:30:00,0.00473099123713877,0.005940413683304071
GARCH,EURUSD=X,2026-06-09 23:45:00,0.004735552682031409,0.005940064577781401
GARCH,EURUSD=X,2026-06-10 00:00:00,0.004926070001403261,0.005938624648162202
GARCH,EURUSD=X,2026-06-10 00:15:00,0.004855066482745218,0.0059745224577779565
GARCH,EURUSD=X,2026-06-10 00:30:00,0.005457701210951153,0.006031958654754462
GARCH,EURUSD=X,2026-06-10 00:45:00,0.006026961624644906,0.006035103660809478
GARCH,EURUSD=X,2026-06-10 01:00:00,0.00593344303307579,0.006029251795287569
GARCH,EURUSD=X,2026-06-10 01:15:00,0.005786758265819244,0.00602923783893298
GARCH,EURUSD=X,2026-06-10 01:30:00,0.00566542404672786,0.006029669995593873
GARCH,EURUSD=X,2026-06-10 01:45:00,0.005552050218430505,0.006019989123836766
GARCH,EURUSD=X,2026-06-10 02:00:00,0.005484055609126113,0.006013606737262582
GARCH,EURUSD=X,2026-06-10 02:15:00,0.005426080394925461,0.006005306966571006
GARCH,EURUSD=X,2026-06-10 02:30:00,0.005306283806296774,0.005984597526227754
GARCH,EURUSD=X,2026-06-10 02:45:00,0.005192917977038027,0.006004992591353407
GARCH,EURUSD=X,2026-06-10 03:00:00,0.005345725795337486,0.005989775607145848
GARCH,EURUSD=X,2026-06-10 03:15:00,0.0052444649547960425,0.0055298312843560385
GARCH,EURUSD=X,2026-06-10 03:30:00,0.005152946147812963,0.005235804684285664
GARCH,EURUSD=X,2026-06-10 03:45:00,0.005305401655990428,0.005174522353864032
GARCH,EURUSD=X,2026-06-10 04:00:00,0.005260195820289336,0.005072405504479878
GARCH,EURUSD=X,2026-06-10 04:15:00,0.005165308368116985,0.0050723730724369885
GARCH,EURUSD=X,2026-06-10 04:30:00,0.005136681879191145,0.005009735054035908
GARCH,EURUSD=X,2026-06-10 04:45:00,0.005054846257665891,0.004950471707298965
GARCH,EURUSD=X,2026-06-10 05:00:00,0.0050190846270384065,0.00491834064380654
GARCH,EURUSD=X,2026-06-10 05:15:00,0.004940162583412178,0.004918432184395581
GARCH,EURUSD=X,2026-06-10 05:30:00,0.005124078082973002,0.004870450956483433
GARCH,EURUSD=X,2026-06-10 05:45:00,0.005035181356744024,0.004770066187203311
GARCH,EURUSD=X,2026-06-10 06:00:00,0.005091687224268402,0.0047758448433637265
GARCH,EURUSD=X,2026-06-10 06:15:00,0.00506168278477427,0.0046844266595669325
GARCH,EURUSD=X,2026-06-10 06:30:00,0.0049618925628326675,0.0046844623841863185
GARCH,EURUSD=X,2026-06-10 06:45:00,0.005051663898109207,0.004690694366235379
GARCH,EURUSD=X,2026-06-10 07:00:00,0.005093143640009439,0.004686210418083767
GARCH,EURUSD=X,2026-06-10 07:15:00,0.005009710565972235,0.0046845544507173095
GARCH,EURUSD=X,2026-06-10 07:30:00,0.004912858481011073,0.004649844917221964
GARCH,EURUSD=X,2026-06-10 07:45:00,0.00482153713849772,0.004649860160631994
GARCH,EURUSD=X,2026-06-10 08:00:00,0.00482007278125659,0.0046449547576932594
GARCH,EURUSD=X,2026-06-10 08:15:00,0.004749555215191331,0.004631302186028314
GARCH,EURUSD=X,2026-06-10 08:30:00,0.004667725104009092,0.004630106880025026
GARCH,EURUSD=X,2026-06-10 08:45:00,0.004590733668928388,0.004623836827261209
GARCH,EURUSD=X,2026-06-10 09:00:00,0.004518348702738024,0.004622653101580157
GARCH,EURUSD=X,2026-06-10 09:15:00,0.004450344523457004,0.004634877609600144
GARCH,EURUSD=X,2026-06-10 09:30:00,0.004555855598820876,0.004636034644267551
GARCH,EURUSD=X,2026-06-10 09:45:00,0.0045081911743149175,0.004631429321908226
GARCH,EURUSD=X,2026-06-10 10:00:00,0.00446019117939842,0.004631439746486244
GARCH,EURUSD=X,2026-06-10 10:15:00,0.004414951683959351,0.0046331653782746285
GARCH,EURUSD=X,2026-06-10 10:30:00,0.004552984801069347,0.004634846451265153
GARCH,EURUSD=X,2026-06-10 10:45:00,0.004509215234862841,0.004635005322148301
GARCH,EURUSD=X,2026-06-10 11:00:00,0.004991545307776472,0.004618900635957512
GARCH,EURUSD=X,2026-06-10 11:15:00,0.004993947237316335,0.004630776458046558
GARCH,EURUSD=X,2026-06-10 11:30:00,0.005098405464552308,0.0046310297756302875
GARCH,EURUSD=X,2026-06-10 11:45:00,0.005023892253870042,0.004636550560310231
GARCH,EURUSD=X,2026-06-10 12:00:00,0.004986878499206743,0.004658947205264674
GARCH,EURUSD=X,2026-06-10 12:15:00,0.005160972657667581,0.004748307749738083
GARCH,EURUSD=X,2026-06-10 12:30:00,0.006057939661227871,0.004771811235488648
GARCH,EURUSD=X,2026-06-10 12:45:00,0.006131444887452589,0.004776953796188841
GARCH,EURUSD=X,2026-06-10 13:00:00,0.0060314327088035165,0.00478879604945358
GARCH,EURUSD=X,2026-06-10 13:15:00,0.006013338223884552,0.00489820143168946
GARCH,EURUSD=X,2026-06-10 13:30:00,0.0069586630296155395,0.004934087009670789
GARCH,EURUSD=X,2026-06-10 13:45:00,0.007077045814936823,0.004909665610156909
GARCH,EURUSD=X,2026-06-10 14:00:00,0.006982961984964851,0.0049982094906803045
GARCH,EURUSD=X,2026-06-10 14:15:00,0.007659102184917626,0.004998218834208323
GARCH,EURUSD=X,2026-06-10 14:30:00,0.007435482331163888,0.005015918739449648
GARCH,EURUSD=X,2026-06-10 14:45:00,0.0074431379721002075,0.00501747988342162
GARCH,EURUSD=X,2026-06-10 15:00:00,0.007241402085925164,0.005028772166187777
GARCH,EURUSD=X,2026-06-10 15:15:00,0.007129962673616111,0.005014184144293698
GARCH,EURUSD=X,2026-06-10 15:30:00,0.006979394295869018,0.005015174149200631
GARCH,EURUSD=X,2026-06-10 15:45:00,0.006917214757506397,0.0050791204201296285
GARCH,EURUSD=X,2026-06-10 16:00:00,0.007290572400515871,0.0049450917781587575
GARCH,EURUSD=X,2026-06-10 16:15:00,0.007086930284649679,0.004924588061240663
GARCH,EURUSD=X,2026-06-10 16:30:00,0.006883266036115309,0.004929404291159117
GARCH,EURUSD=X,2026-06-10 16:45:00,0.006748200911277482,0.0049294224187772856
GARCH,EURUSD=X,2026-06-10 17:00:00,0.006625462683763712,0.004908536994755387
GARCH,EURUSD=X,2026-06-10 17:15:00,0.006444176277015398,0.004929755297065134
GARCH,EURUSD=X,2026-06-10 17:30:00,0.0065290938607699255,0.0049774734061579645
GARCH,EURUSD=X,2026-06-10 17:45:00,0.0067903634781393335,0.004972830977204483
GARCH,EURUSD=X,2026-06-10 18:00:00,0.006617173087741995,0.004978649380840949
GARCH,EURUSD=X,2026-06-10 18:15:00,0.006493111293374294,0.004975188031336651
GARCH,EURUSD=X,2026-06-10 18:30:00,0.006334930589800295,0.0049716288725679125
GARCH,EURUSD=X,2026-06-10 18:45:00,0.006185689009083495,0.004993609396008095
GARCH,EURUSD=X,2026-06-10 19:00:00,0.006295058247262463,0.004992362541081204
GARCH,EURUSD=X,2026-06-10 19:15:00,0.006130394626474715,0.004991953686060383
GARCH,EURUSD=X,2026-06-10 19:30:00,0.006025864940600707,0.005013783689832899
GARCH,EURUSD=X,2026-06-10 19:45:00,0.00613833785429835,0.005024700069577204
GARCH,EURUSD=X,2026-06-10 20:00:00,0.006142469933999529,0.005024704648356597
GARCH,EURUSD=X,2026-06-10 20:15:00,0.006032903386043763,0.004996538393299981
GARCH,EURUSD=X,2026-06-10 20:30:00,0.005949335842072666,0.0049314049172095534
GARCH,EURUSD=X,2026-06-10 20:45:00,0.005821523064894897,0.004952411871239233
GARCH,EURUSD=X,2026-06-10 21:00:00,0.005905257605671828,0.0049440270916716695
GARCH,EURUSD=X,2026-06-10 21:15:00,0.005904977526753377,0.004931502242609097
GARCH,EURUSD=X,2026-06-10 21:30:00,0.005759809052766985,0.004924618028345276
GARCH,EURUSD=X,2026-06-10 21:45:00,0.005694974612145196,0.004893133382284242
GARCH,EURUSD=X,2026-06-10 22:00:00,0.006008800366809235,0.004898526235355764
GARCH,EURUSD=X,2026-06-10 22:15:00,0.005904545597879816,0.004909166208087867
GARCH,EURUSD=X,2026-06-10 22:30:00,0.005886933936870666,0.0048802705782690844
GARCH,EURUSD=X,2026-06-10 22:45:00,0.005806367813440799,0.004901213637980049
GARCH,EURUSD=X,2026-06-10 23:00:00,0.005946982202688507,0.004965349610275105
GARCH,EURUSD=X,2026-06-10 23:15:00,0.00644353976699109,0.004952765899713606
GARCH,EURUSD=X,2026-06-10 23:30:00,0.006271450431074007,0.0049485500233687205
GARCH,EURUSD=X,2026-06-10 23:45:00,0.006121696140798882,0.004946780498878881
GARCH,EURUSD=X,2026-06-11 00:00:00,0.006186389167383461,0.004941871560395344
GARCH,EURUSD=X,2026-06-11 00:15:00,0.0060445973741151985,0.004937086017709746
GARCH,EURUSD=X,2026-06-11 00:30:00,0.005892327904164052,0.004891023311348815
GARCH,EURUSD=X,2026-06-11 00:45:00,0.005763573111542883,0.004950969303329023
GARCH,EURUSD=X,2026-06-11 01:00:00,0.006325012222581618,0.004955784072543398
GARCH,EURUSD=X,2026-06-11 01:15:00,0.006227368971647004,0.004892967958896806
GARCH,EURUSD=X,2026-06-11 01:30:00,0.006076953376055541,0.004892967958896806
GARCH,EURUSD=X,2026-06-11 01:45:00,0.005922945829109663,0.004881311290420019
GARCH,EURUSD=X,2026-06-11 02:00:00,0.005776808645548723,0.004837501104374568
GARCH,EURUSD=X,2026-06-11 02:15:00,0.0059163842218490125,0.004831796346227915
GARCH,EURUSD=X,2026-06-11 02:30:00,0.005770859693838666,0.004831796346227915
GARCH,EURUSD=X,2026-06-11 02:45:00,0.005632673662751406,0.004832211863418535
GARCH,EURUSD=X,2026-06-11 03:00:00,0.005667012473407664,0.004837664870320536
GARCH,EURUSD=X,2026-06-11 03:15:00,0.005588238583303043,0.004836330996742331
GARCH,EURUSD=X,2026-06-11 03:30:00,0.005459631534034423,0.004837753909148347
GARCH,EURUSD=X,2026-06-11 03:45:00,0.0053564935782099326,0.004832264348209423
GARCH,EURUSD=X,2026-06-11 04:00:00,0.0052403767598933225,0.0048114079457165174
GARCH,EURUSD=X,2026-06-11 04:15:00,0.005146539014770888,0.004804414502307881
GARCH,EURUSD=X,2026-06-11 04:30:00,0.00511003639564592,0.004800197271121597
GARCH,EURUSD=X,2026-06-11 04:45:00,0.005024658225948713,0.004788769969162722
GARCH,EURUSD=X,2026-06-11 05:00:00,0.004944075589222019,0.0047829848734507845
GARCH,EURUSD=X,2026-06-11 05:15:00,0.004850982828236418,0.004781470407565635
GARCH,EURUSD=X,2026-06-11 05:30:00,0.004763236508941402,0.004748328772606519
GARCH,EURUSD=X,2026-06-11 05:45:00,0.004701839553060472,0.004731520975915956
GARCH,EURUSD=X,2026-06-11 06:00:00,0.004711834378435285,0.004697406818642079
GARCH,EURUSD=X,2026-06-11 06:15:00,0.004657501219217245,0.004698858579369995
GARCH,EURUSD=X,2026-06-11 06:30:00,0.004606131785018404,0.004677419533360519
GARCH,EURUSD=X,2026-06-11 06:45:00,0.004557877203894834,0.004694559272162483
GARCH,EURUSD=X,2026-06-11 07:00:00,0.004769058661769417,0.004717109655352412
GARCH,EURUSD=X,2026-06-11 07:15:00,0.004979020684609604,0.004728596208755697
GARCH,EURUSD=X,2026-06-11 07:30:00,0.005045842407754013,0.004732894060608564
GARCH,EURUSD=X,2026-06-11 07:45:00,0.005029327327080157,0.004745686031753005
GARCH,EURUSD=X,2026-06-11 08:00:00,0.005120818367431831,0.00475132293120516
GARCH,EURUSD=X,2026-06-11 08:15:00,0.00510811829629237,0.004752712334814741
GARCH,EURUSD=X,2026-06-11 08:30:00,0.005031064944570118,0.004763883464577776
GARCH,EURUSD=X,2026-06-11 08:45:00,0.005123980256020553,0.004762428258519738
GARCH,EURUSD=X,2026-06-11 09:00:00,0.005021066998813722,0.004762428258519738
GARCH,EURUSD=X,2026-06-11 09:15:00,0.004923647141353546,0.004756897499655451
GARCH,EURUSD=X,2026-06-11 09:30:00,0.0048317217527509,0.00470744202449434
GARCH,EURUSD=X,2026-06-11 09:45:00,0.004762306759807874,0.004752624464682601
GARCH,EURUSD=X,2026-06-11 10:00:00,0.005392225960135543,0.004752624464682601
GARCH,EURUSD=X,2026-06-11 10:15:00,0.005274795673350666,0.004752624464682601
GARCH,EURUSD=X,2026-06-11 10:30:00,0.005163267625165838,0.004763939089468171
GARCH,EURUSD=X,2026-06-11 10:45:00,0.005201197023107626,0.004812643012018026
GARCH,EURUSD=X,2026-06-11 11:00:00,0.005669904541718225,0.00481408082595436
GARCH,EURUSD=X,2026-06-11 11:15:00,0.005547648731668362,0.004815419088893468
GARCH,EURUSD=X,2026-06-11 11:30:00,0.005438939003175025,0.004815419088893468
GARCH,EURUSD=X,2026-06-11 11:45:00,0.005318398335785917,0.004836334808749739
GARCH,EURUSD=X,2026-06-11 12:00:00,0.005500898708218324,0.004884142188290399
GARCH,EURUSD=X,2026-06-11 12:15:00,0.006036399430302576,0.004879950587923342
GARCH,EURUSD=X,2026-06-11 12:30:00,0.005892442755261391,0.005015315808648338
GARCH,EURUSD=X,2026-06-11 12:45:00,0.007038798672050721,0.005110285800258935
GARCH,EURUSD=X,2026-06-11 13:00:00,0.007874880732486034,0.005115574060086635
GARCH,EURUSD=X,2026-06-11 13:15:00,0.007671331042283693,0.005120813039298024
GARCH,EURUSD=X,2026-06-11 13:30:00,0.007484779573399994,0.005126005312537846
GARCH,EURUSD=X,2026-06-11 13:45:00,0.007314161884457489,0.005172365690936621
GARCH,EURUSD=X,2026-06-11 14:00:00,0.007598374422448242,0.005167343050563151
GARCH,EURUSD=X,2026-06-11 14:15:00,0.007371264771525376,0.005178710580464234
GARCH,EURUSD=X,2026-06-11 14:30:00,0.007287372260835545,0.00517492213504944
GARCH,EURUSD=X,2026-06-11 14:45:00,0.0070926185864325884,0.0051735439250340885
GARCH,EURUSD=X,2026-06-11 15:00:00,0.006888791327118118,0.0052059874747730234
GARCH,EURUSD=X,2026-06-11 15:15:00,0.006994919910372234,0.005224834340125525
GARCH,EURUSD=X,2026-06-11 15:30:00,0.00701187471989888,0.005235973667168375
GARCH,EURUSD=X,2026-06-11 15:45:00,0.006948801613741268,0.00525028981360115
GARCH,EURUSD=X,2026-06-11 16:00:00,0.007000202980783655,0.005244809654909263
GARCH,EURUSD=X,2026-06-11 16:15:00,0.006801175427355912,0.005244809654909263
GARCH,EURUSD=X,2026-06-11 16:30:00,0.00661131365798852,0.0052392857110514475
GARCH,EURUSD=X,2026-06-11 16:45:00,0.006430614057256771,0.005248453714914741
GARCH,EURUSD=X,2026-06-11 17:00:00,0.006402781611107462,0.0053747464432087125
GARCH,EURUSD=X,2026-06-11 17:15:00,0.00742945586230798,0.00659189023663376
GARCH,EURUSD=X,2026-06-11 17:30:00,0.015425436229356859,0.006656516145160196
GARCH,EURUSD=X,2026-06-11 17:45:00,0.015177416742092288,0.006655595974953143
GARCH,EURUSD=X,2026-06-11 18:00:00,0.014629137554825774,0.006670201696375141
GARCH,EURUSD=X,2026-06-11 18:15:00,0.014203735278192641,0.0066713248446920925
GARCH,EURUSD=X,2026-06-11 18:30:00,0.013699282113201079,0.006686893566320794
GARCH,EURUSD=X,2026-06-11 18:45:00,0.013314687148792682,0.006762678439793973
GARCH,EURUSD=X,2026-06-11 19:00:00,0.013380631140256007,0.006796356786813006
GARCH,EURUSD=X,2026-06-11 19:15:00,0.013167236549322912,0.006788159528051244
GARCH,EURUSD=X,2026-06-11 19:30:00,0.012701021927759173,0.006792535600631924
GARCH,EURUSD=X,2026-06-11 19:45:00,0.012281065744446566,0.006776668147865737
GARCH,EURUSD=X,2026-06-11 20:00:00,0.011857705243813238,0.0067731735112183085
GARCH,EURUSD=X,2026-06-11 20:15:00,0.011444704160377005,0.006774013585901703
GARCH,EURUSD=X,2026-06-11 20:30:00,0.011084983651242096,0.0067736251175737104
GARCH,EURUSD=X,2026-06-11 20:45:00,0.010711311195584482,0.006759704755561827
GARCH,EURUSD=X,2026-06-11 21:00:00,0.010356090062478462,0.006760862521722243
GARCH,EURUSD=X,2026-06-11 21:15:00,0.010017048074313938,0.006766580293195647
GARCH,EURUSD=X,2026-06-11 21:30:00,0.009817287981154424,0.006769780498952712
GARCH,EURUSD=X,2026-06-11 21:45:00,0.00952871387654203,0.006766614516158976
GARCH,EURUSD=X,2026-06-11 22:00:00,0.009225898972020207,0.006770999845978278
GARCH,EURUSD=X,2026-06-11 22:15:00,0.008972062351503385,0.006779312495395801
GARCH,EURUSD=X,2026-06-11 22:30:00,0.008764620150245215,0.00678632067921975
GARCH,EURUSD=X,2026-06-11 22:45:00,0.008576852970686031,0.00678632067921975
GARCH,EURUSD=X,2026-06-11 23:00:00,0.008304766016711517,0.006788181186727663
GARCH,EURUSD=X,2026-06-11 23:15:00,0.008238493202957855,0.006787378846536707
GARCH,EURUSD=X,2026-06-11 23:30:00,0.00798159326230641,0.006783260734544325
GARCH,EURUSD=X,2026-06-11 23:45:00,0.007790928882369216,0.006772123500807978
GARCH,EURUSD=X,2026-06-12 00:00:00,0.007612501068329351,0.006772123500807978
GARCH,EURUSD=X,2026-06-12 00:15:00,0.00738426487429342,0.006779549175782688
GARCH,EURUSD=X,2026-06-12 00:30:00,0.007394286380724482,0.006779551512713684
GARCH,EURUSD=X,2026-06-12 00:45:00,0.007184523073239534,0.006780578013676424
GARCH,EURUSD=X,2026-06-12 01:00:00,0.006991730529730797,0.00678753865629952
GARCH,EURUSD=X,2026-06-12 01:15:00,0.0070324784160371,0.006784539122815108
GARCH,EURUSD=X,2026-06-12 01:30:00,0.006840233697143218,0.006780622875395835
GARCH,EURUSD=X,2026-06-12 01:45:00,0.006648394362374862,0.006801419619588807
GARCH,EURUSD=X,2026-06-12 02:00:00,0.0067821810329336835,0.006796415576737642
GARCH,EURUSD=X,2026-06-12 02:15:00,0.006645135862344155,0.006788542116716759
GARCH,EURUSD=X,2026-06-12 02:30:00,0.006478256508834481,0.006780565065882046
GARCH,EURUSD=X,2026-06-12 02:45:00,0.006316644729507141,0.006779600434791023
GARCH,EURUSD=X,2026-06-12 03:00:00,0.006150513266952949,0.006783598516275849
GARCH,EURUSD=X,2026-06-12 03:15:00,0.006049285351146057,0.006788554145629588
GARCH,EURUSD=X,2026-06-12 03:30:00,0.006029947870196506,0.006788536873985971
GARCH,EURUSD=X,2026-06-12 03:45:00,0.005891358554020336,0.006785480435152945
GARCH,EURUSD=X,2026-06-12 04:00:00,0.005763574202525712,0.0067706868494886545
GARCH,EURUSD=X,2026-06-12 04:15:00,0.005640063824610427,0.006749613333557546
GARCH,EURUSD=X,2026-06-12 04:30:00,0.005571110588089221,0.006754779705367385
GARCH,EURUSD=X,2026-06-12 04:45:00,0.00560034974563473,0.00675477924126841
GARCH,EURUSD=X,2026-06-12 05:00:00,0.005491995555437952,0.006759770831311304
GARCH,EURUSD=X,2026-06-12 05:15:00,0.0055424987683545465,0.006763744752474573
GARCH,EURUSD=X,2026-06-12 05:30:00,0.005500088373306035,0.006771645063704556
GARCH,EURUSD=X,2026-06-12 05:45:00,0.005556406519157173,0.006806283281761943
GARCH,EURUSD=X,2026-06-12 06:00:00,0.005936511550911503,0.006781403600680634
GARCH,EURUSD=X,2026-06-12 06:15:00,0.005789906285863985,0.006766178443118425
GARCH,EURUSD=X,2026-06-12 06:30:00,0.005667326697224144,0.006773061767434885
GARCH,EURUSD=X,2026-06-12 06:45:00,0.005780232414313301,0.006786155560767213
GARCH,EURUSD=X,2026-06-12 07:00:00,0.006427012342050612,0.006786160079431977
GARCH,EURUSD=X,2026-06-12 07:15:00,0.006277073056253058,0.006722910596580701
GARCH,EURUSD=X,2026-06-12 07:30:00,0.006133042915188581,0.006734594205807876
GARCH,EURUSD=X,2026-06-12 07:45:00,0.006189210477350867,0.006734634844021759
GARCH,EURUSD=X,2026-06-12 08:00:00,0.006162077604253121,0.006723960808206247
GARCH,EURUSD=X,2026-06-12 08:15:00,0.006364601120852249,0.006723966383553036
GARCH,EURUSD=X,2026-06-12 08:30:00,0.006216554296123087,0.006715662157526205
GARCH,EURUSD=X,2026-06-12 08:45:00,0.006067973506872727,0.006714834111460546
GARCH,EURUSD=X,2026-06-12 09:00:00,0.005914402729361353,0.006773672980533879
GARCH,EURUSD=X,2026-06-12 09:15:00,0.0066435857806995385,0.006773681762533944
GARCH,EURUSD=X,2026-06-12 09:30:00,0.006469718712990678,0.006773688591076197
GARCH,EURUSD=X,2026-06-12 09:45:00,0.006309402597217182,0.006773714597570076
GARCH,EURUSD=X,2026-06-12 10:00:00,0.006208973919815443,0.006814193907611987
GARCH,EURUSD=X,2026-06-12 10:15:00,0.006833523836215994,0.006816587219714242
GARCH,EURUSD=X,2026-06-12 10:30:00,0.006680493887356649,0.006820925716655141
GARCH,EURUSD=X,2026-06-12 10:45:00,0.006561611357817629,0.0068201281380739585
GARCH,EURUSD=X,2026-06-12 11:00:00,0.006383451476744528,0.006822909283073772
GARCH,EURUSD=X,2026-06-12 11:15:00,0.006266007174403623,0.006826464094107772
GARCH,EURUSD=X,2026-06-12 11:30:00,0.006160192752309298,0.006851979756396873
GARCH,EURUSD=X,2026-06-12 11:45:00,0.006396553722000409,0.00686042074409519
GARCH,EURUSD=X,2026-06-12 12:00:00,0.0063832680657874815,0.006869419047537571
GARCH,EURUSD=X,2026-06-12 12:15:00,0.0066322635375301465,0.006868880118089757
GARCH,EURUSD=X,2026-06-12 12:30:00,0.006491216633322811,0.006868058043713588
GARCH,EURUSD=X,2026-06-12 12:45:00,0.006316427727476959,0.006868060526395844
GARCH,EURUSD=X,2026-06-12 13:00:00,0.006163508538016689,0.006929027603799119
GARCH,EURUSD=X,2026-06-12 13:15:00,0.006850625318117645,0.006953055647826362
GARCH,EURUSD=X,2026-06-12 13:30:00,0.0069899174231747106,0.006951914981343236
GARCH,EURUSD=X,2026-06-12 13:45:00,0.006790885195113012,0.006959269807592458
GARCH,EURUSD=X,2026-06-12 14:00:00,0.006714069742562167,0.006959296084595328
GARCH,EURUSD=X,2026-06-12 14:15:00,0.006584699984837981,0.006961997651988834
GARCH,EURUSD=X,2026-06-12 14:30:00,0.006456476243158156,0.006961136460008947
GARCH,EURUSD=X,2026-06-12 14:45:00,0.006339840500809969,0.006946639866575055
GARCH,EURUSD=X,2026-06-12 15:00:00,0.006172655129546326,0.006968985465447186
GARCH,EURUSD=X,2026-06-12 15:15:00,0.0063607731156650835,0.006949393372083286
GARCH,EURUSD=X,2026-06-12 15:30:00,0.006426803294602852,0.00691300708484273
GARCH,EURUSD=X,2026-06-12 15:45:00,0.006404095341960748,0.006908765531939726
GARCH,EURUSD=X,2026-06-12 16:00:00,0.006233834583746999,0.006909927950589281
GARCH,EURUSD=X,2026-06-12 16:15:00,0.006090355217436102,0.006908770789002751
GARCH,EURUSD=X,2026-06-12 16:30:00,0.005935688935270495,0.006911087252060689
GARCH,EURUSD=X,2026-06-12 16:45:00,0.005845499274830427,0.006911913536375407
GARCH,EURUSD=X,2026-06-12 17:00:00,0.005770275376322401,0.006916610666763782
GARCH,EURUSD=X,2026-06-12 17:15:00,0.005761810768381105,0.006916610666763782
GARCH,EURUSD=X,2026-06-12 17:30:00,0.005624135763632857,0.006917771318968789
GARCH,EURUSD=X,2026-06-12 17:45:00,0.00551072606278423,0.006904075080790716
GARCH,EURUSD=X,2026-06-12 18:00:00,0.005405687861855765,0.0069037722409535695
GARCH,EURUSD=X,2026-06-12 18:15:00,0.005301589606687872,0.006906178648114013
GARCH,EURUSD=X,2026-06-12 18:30:00,0.005254095228317048,0.0068924456892993
GARCH,EURUSD=X,2026-06-12 18:45:00,0.005160522040615921,0.006888244238125894
GARCH,EURUSD=X,2026-06-12 19:00:00,0.005055187007599919,0.006888556115909525
GARCH,EURUSD=X,2026-06-12 19:15:00,0.004976153956103269,0.006888574399329111
GARCH,EURUSD=X,2026-06-12 19:30:00,0.00496627970396674,0.006888579138638039
GARCH,EURUSD=X,2026-06-12 19:45:00,0.0048961010697552414,0.006886071242639285
GARCH,EURUSD=X,2026-06-12 20:00:00,0.004829724737405317,0.0068852172409111225
GARCH,EURUSD=X,2026-06-12 20:15:00,0.004743294387358042,0.00687409852504001
GARCH,EURUSD=X,2026-06-12 20:30:00,0.0047503825753886135,0.006873944704491312
GARCH,EURUSD=X,2026-06-12 20:45:00,0.004683826470467346,0.006866289293140917
GARCH,EURUSD=X,2026-06-12 21:00:00,0.004624094618996711,0.006862224520037491
GARCH,EURUSD=X,2026-06-12 21:15:00,0.004549725673571963,0.006862224520037491
GARCH,EURUSD=X,2026-06-12 21:30:00,0.004479820250827528,0.0068531391221578215
GARCH,EURUSD=X,2026-06-12 21:45:00,0.004414169129573596,0.006844624973824466
GARCH,EURUSD=X,2026-06-12 22:00:00,0.00435255968228087,0.0068435548411789095
GARCH,EURUSD=X,2026-06-12 22:15:00,0.004294784030744302,0.0068435548411789095
GARCH,EURUSD=X,2026-06-12 22:30:00,0.004240640774287229,0.0068435548411789095
GARCH,EURUSD=X,2026-06-12 22:45:00,0.004189935395090552,0.007471254937515087
GARCH,EURUSD=X,2026-06-14 23:00:00,0.011470695552309168,0.007470641027275305
GARCH,EURUSD=X,2026-06-14 23:15:00,0.011079368830062697,0.007473688948412002
GARCH,EURUSD=X,2026-06-14 23:30:00,0.010743824322229208,0.007482677922025447
GARCH,EURUSD=X,2026-06-14 23:45:00,0.010452269509221998,0.007513402789272003
GARCH,EURUSD=X,2026-06-15 00:00:00,0.010397422593463365,0.007522412665678142
GARCH,EURUSD=X,2026-06-15 00:15:00,0.01012511113493123,0.007516397480127799
GARCH,EURUSD=X,2026-06-15 00:30:00,0.009795801851821911,0.007539406938879824
GARCH,EURUSD=X,2026-06-15 00:45:00,0.009738977486691692,0.007539412216561551
GARCH,EURUSD=X,2026-06-15 01:00:00,0.009430733966619212,0.007539416338409098
GARCH,EURUSD=X,2026-06-15 01:15:00,0.009128135485513462,0.0075347685202969165
GARCH,EURUSD=X,2026-06-15 01:30:00,0.008878273855654303,0.007534308163911861
GARCH,EURUSD=X,2026-06-15 01:45:00,0.00860109192280877,0.007514893825670297
GARCH,EURUSD=X,2026-06-15 02:00:00,0.008376517391111376,0.007513820426738465
GARCH,EURUSD=X,2026-06-15 02:15:00,0.008152274949225791,0.007505480566317119
GARCH,EURUSD=X,2026-06-15 02:30:00,0.007910650398701322,0.007504267724775993
GARCH,EURUSD=X,2026-06-15 02:45:00,0.007668550574216588,0.007501340823568973
GARCH,EURUSD=X,2026-06-15 03:00:00,0.007437573615081332,0.00749127281670129
GARCH,EURUSD=X,2026-06-15 03:15:00,0.007264658189128762,0.007439121974255458
GARCH,EURUSD=X,2026-06-15 03:30:00,0.007103909793377975,0.007423605846186548
GARCH,EURUSD=X,2026-06-15 03:45:00,0.006899526114162753,0.0074205573195892695
GARCH,EURUSD=X,2026-06-15 04:00:00,0.006704832021686623,0.00742062227116396
GARCH,EURUSD=X,2026-06-15 04:15:00,0.006637226629149678,0.007352378284503173
GARCH,EURUSD=X,2026-06-15 04:30:00,0.006513368216840642,0.007328924426206914
GARCH,EURUSD=X,2026-06-15 04:45:00,0.00635407080838039,0.007343213312391446
GARCH,EURUSD=X,2026-06-15 05:00:00,0.006531656510958867,0.007283203716125205
GARCH,EURUSD=X,2026-06-15 05:15:00,0.00636507451076504,0.0072919481223473704
GARCH,EURUSD=X,2026-06-15 05:30:00,0.006337576692227419,0.007278957267617312
GARCH,EURUSD=X,2026-06-15 05:45:00,0.006221403258674909,0.007302623903319675
GARCH,EURUSD=X,2026-06-15 06:00:00,0.006462053771495045,0.007296517735453829
GARCH,EURUSD=X,2026-06-15 06:15:00,0.006310038635486865,0.007293473684881171
GARCH,EURUSD=X,2026-06-15 06:30:00,0.0061642555896033735,0.007285517520460962
GARCH,EURUSD=X,2026-06-15 06:45:00,0.006025455576271919,0.007242986566961172
GARCH,EURUSD=X,2026-06-15 07:00:00,0.005886612724229226,0.007242431836406004
GARCH,EURUSD=X,2026-06-15 07:15:00,0.0057571950994126705,0.007242431836406004
GARCH,EURUSD=X,2026-06-15 07:30:00,0.005619683710158676,0.007239373280885645
GARCH,EURUSD=X,2026-06-15 07:45:00,0.0055073825903214,0.007236311703531067
GARCH,EURUSD=X,2026-06-15 08:00:00,0.005402989664542024,0.007239430934644565
GARCH,EURUSD=X,2026-06-15 08:15:00,0.00534546232246185,0.0072482974582252745
GARCH,EURUSD=X,2026-06-15 08:30:00,0.005688008429761552,0.0072166778242374295
GARCH,EURUSD=X,2026-06-15 08:45:00,0.0055544902753323026,0.0072298950996175435
GARCH,EURUSD=X,2026-06-15 09:00:00,0.005664754828462239,0.007226830603154508
GARCH,EURUSD=X,2026-06-15 09:15:00,0.005546927183068105,0.007228730028932256
GARCH,EURUSD=X,2026-06-15 09:30:00,0.00548366303006982,0.007231864325259773
GARCH,EURUSD=X,2026-06-15 09:45:00,0.00543092858486403,0.007216321416769778
GARCH,EURUSD=X,2026-06-15 10:00:00,0.0053256786790340255,0.0072236773458055625
GARCH,EURUSD=X,2026-06-15 10:15:00,0.00535758154962741,0.007223716050554211
GARCH,EURUSD=X,2026-06-15 10:30:00,0.0053128556983400525,0.007216959435387406
GARCH,EURUSD=X,2026-06-15 10:45:00,0.0053601032191332686,0.0072103896863139096
GARCH,EURUSD=X,2026-06-15 11:00:00,0.00530518742227675,0.007224045577950463
GARCH,EURUSD=X,2026-06-15 11:15:00,0.005490537450335785,0.007220909486956726
GARCH,EURUSD=X,2026-06-15 11:30:00,0.005390552260900788,0.007226848015531981
GARCH,EURUSD=X,2026-06-15 11:45:00,0.005407956941157846,0.007218086082667644
GARCH,EURUSD=X,2026-06-15 12:00:00,0.005360976092911604,0.007211590178617524
GARCH,EURUSD=X,2026-06-15 12:15:00,0.005306572226347938,0.0072188009128717695
GARCH,EURUSD=X,2026-06-15 12:30:00,0.005343080143469203,0.007214737163517109
GARCH,EURUSD=X,2026-06-15 12:45:00,0.005248029447763304,0.0071892398830392945
GARCH,EURUSD=X,2026-06-15 13:00:00,0.005137966525162433,0.007186939938019925
GARCH,EURUSD=X,2026-06-15 13:15:00,0.005052103516918473,0.007179959276553859
GARCH,EURUSD=X,2026-06-15 13:30:00,0.004952892880034013,0.007175316407245075
GARCH,EURUSD=X,2026-06-15 13:45:00,0.004859284888654498,0.0071632539783395306
GARCH,EURUSD=X,2026-06-15 14:00:00,0.004855034004777879,0.00712201725254373
GARCH,EURUSD=X,2026-06-15 14:15:00,0.004791078375976177,0.007138859219195264
GARCH,EURUSD=X,2026-06-15 14:30:00,0.005051244792475936,0.007140490852585159
GARCH,EURUSD=X,2026-06-15 14:45:00,0.005009905663571512,0.007143780700009305
GARCH,EURUSD=X,2026-06-15 15:00:00,0.005235218187475643,0.007144492944564968
GARCH,EURUSD=X,2026-06-15 15:15:00,0.005151192414889884,0.00716092956157958
GARCH,EURUSD=X,2026-06-15 15:30:00,0.005373621041469529,0.007160937275110846
GARCH,EURUSD=X,2026-06-15 15:45:00,0.005267589665067362,0.007124703817690892
GARCH,EURUSD=X,2026-06-15 16:00:00,0.005298100171683051,0.007122166906889297
GARCH,EURUSD=X,2026-06-15 16:15:00,0.005204149372571078,0.00713719843738197
GARCH,EURUSD=X,2026-06-15 16:30:00,0.005396463582302015,0.007151260304570039
GARCH,EURUSD=X,2026-06-15 16:45:00,0.005517181734604631,0.007155595515646371
GARCH,EURUSD=X,2026-06-15 17:00:00,0.005461123519832674,0.00714070685795195
GARCH,EURUSD=X,2026-06-15 17:15:00,0.005359404585190802,0.00714070685795195
GARCH,EURUSD=X,2026-06-15 17:30:00,0.0052431514813024785,0.007141941069644121
GARCH,EURUSD=X,2026-06-15 17:45:00,0.005153813022842776,0.007135771919162895
GARCH,EURUSD=X,2026-06-15 18:00:00,0.0051128778718778,0.007142054307634241
GARCH,EURUSD=X,2026-06-15 18:15:00,0.005184350054894706,0.007143281251855385
GARCH,EURUSD=X,2026-06-15 18:30:00,0.0051008925797738185,0.00714329121980558
GARCH,EURUSD=X,2026-06-15 18:45:00,0.005022035546586357,0.007147608090956111
GARCH,EURUSD=X,2026-06-15 19:00:00,0.005011554185488568,0.0071469281737564505
GARCH,EURUSD=X,2026-06-15 19:15:00,0.00491477728455683,0.007144370874453071
GARCH,EURUSD=X,2026-06-15 19:30:00,0.004839437347404088,0.0071784845735505705
GARCH,EURUSD=X,2026-06-15 19:45:00,0.005464956510030679,0.0071810956753847535
GARCH,EURUSD=X,2026-06-15 20:00:00,0.005394592341643706,0.007181813616814799
GARCH,EURUSD=X,2026-06-15 20:15:00,0.005291745717463298,0.007182970003763214
GARCH,EURUSD=X,2026-06-15 20:30:00,0.005197769415971568,0.00718181753461195
GARCH,EURUSD=X,2026-06-15 20:45:00,0.005090372955148947,0.007177627291167562
GARCH,EURUSD=X,2026-06-15 21:00:00,0.004988965457442101,0.007176452882415682
GARCH,EURUSD=X,2026-06-15 21:15:00,0.004893291231552098,0.007197386152673391
GARCH,EURUSD=X,2026-06-15 21:30:00,0.005224936402121649,0.007205458461483473
GARCH,EURUSD=X,2026-06-15 21:45:00,0.005273556250194148,0.0072007516446377295
GARCH,EURUSD=X,2026-06-15 22:00:00,0.005338968546333688,0.007186681476176822
GARCH,EURUSD=X,2026-06-15 22:15:00,0.005224024180354421,0.007178393765208874
GARCH,EURUSD=X,2026-06-15 22:30:00,0.00513010421345636,0.007174201522040162
GARCH,EURUSD=X,2026-06-15 22:45:00,0.005026469238672119,0.0071682816303625906
GARCH,EURUSD=X,2026-06-15 23:00:00,0.00499718802663757,0.007164629770679779
GARCH,EURUSD=X,2026-06-15 23:15:00,0.00492070981453707,0.007164029073731396
GARCH,EURUSD=X,2026-06-15 23:30:00,0.004848720036260819,0.0071590858318311655
GARCH,EURUSD=X,2026-06-15 23:45:00,0.0048407204605863405,0.007160346266312979
GARCH,EURUSD=X,2026-06-16 00:00:00,0.004776566539159935,0.007161595365059917
GARCH,EURUSD=X,2026-06-16 00:15:00,0.004716899069426245,0.007164733982142393
GARCH,EURUSD=X,2026-06-16 00:30:00,0.004705511896295581,0.007167243160103608
GARCH,EURUSD=X,2026-06-16 00:45:00,0.004701928756116732,0.0071328347354375245
GARCH,EURUSD=X,2026-06-16 01:00:00,0.004641332209126221,0.007134144409229727
GARCH,EURUSD=X,2026-06-16 01:15:00,0.00458791628550141,0.0071354465934486
GARCH,EURUSD=X,2026-06-16 01:30:00,0.004539557751561369,0.007129307094510281
GARCH,EURUSD=X,2026-06-16 01:45:00,0.004495029921465316,0.007101625771039939
GARCH,EURUSD=X,2026-06-16 02:00:00,0.004524142766788581,0.007100419011145687
GARCH,EURUSD=X,2026-06-16 02:15:00,0.004455968491757477,0.007103001408209068
GARCH,EURUSD=X,2026-06-16 02:30:00,0.004465204714841026,0.007103001408209068
GARCH,EURUSD=X,2026-06-16 02:45:00,0.0044004923387624606,0.0070880147993825264
GARCH,EURUSD=X,2026-06-16 03:00:00,0.004362091377825657,0.0070533831154317075
GARCH,EURUSD=X,2026-06-16 03:15:00,0.004328362236074984,0.0070533917147494185
GARCH,EURUSD=X,2026-06-16 03:30:00,0.004290209826481484,0.006961074549639498
GARCH,EURUSD=X,2026-06-16 03:45:00,0.004236359310986168,0.006906186073312671
GARCH,EURUSD=X,2026-06-16 04:00:00,0.004752509873963565,0.006904157500510802
GARCH,EURUSD=X,2026-06-16 04:15:00,0.004699669233896421,0.006900826758211474
GARCH,EURUSD=X,2026-06-16 04:30:00,0.004621023526273827,0.006896416336904597
GARCH,EURUSD=X,2026-06-16 04:45:00,0.004546869214428212,0.006860975408217851
GARCH,EURUSD=X,2026-06-16 05:00:00,0.004500678453467122,0.006864245972909384
GARCH,EURUSD=X,2026-06-16 05:15:00,0.004506183122695572,0.006859092892489337
GARCH,EURUSD=X,2026-06-16 05:30:00,0.00452521777450413,0.006859105829100873
GARCH,EURUSD=X,2026-06-16 05:45:00,0.004481551730343416,0.006859741636552888
GARCH,EURUSD=X,2026-06-16 06:00:00,0.0044329314985967865,0.006837721288532901
GARCH,EURUSD=X,2026-06-16 06:15:00,0.004389801883452229,0.00682399177375566
GARCH,EURUSD=X,2026-06-16 06:30:00,0.004409946757241245,0.006828260377032576
GARCH,EURUSD=X,2026-06-16 06:45:00,0.004661544589734683,0.0068114298822275045
GARCH,EURUSD=X,2026-06-16 07:00:00,0.0046100196612784295,0.006814448673903126
GARCH,EURUSD=X,2026-06-16 07:15:00,0.004618603122692703,0.006814957647069237
GARCH,EURUSD=X,2026-06-16 07:30:00,0.004567613089476,0.00681793150445818
GARCH,EURUSD=X,2026-06-16 07:45:00,0.004577679902755321,0.006814936198756754
GARCH,EURUSD=X,2026-06-16 08:00:00,0.004683777700047253,0.006724742291035879
GARCH,EURUSD=X,2026-06-16 08:15:00,0.004689753771417551,0.0055508141641838725
GARCH,EURUSD=X,2026-06-16 08:30:00,0.0046117655867451675,0.005480324308934623
GARCH,EURUSD=X,2026-06-16 08:45:00,0.004709763893093563,0.005481163577279158
GARCH,EURUSD=X,2026-06-16 09:00:00,0.004653415114762966,0.005484212802404148
GARCH,EURUSD=X,2026-06-16 09:15:00,0.004905951880046337,0.005484221930329247
GARCH,EURUSD=X,2026-06-16 09:30:00,0.0048401563981611325,0.005466764097519739
GARCH,EURUSD=X,2026-06-16 09:45:00,0.004768337056550672,0.005387743387607822
GARCH,EURUSD=X,2026-06-16 10:00:00,0.004966778161725147,0.005348555485986943
GARCH,EURUSD=X,2026-06-16 10:15:00,0.004950879414023539,0.005349604646331612
GARCH,EURUSD=X,2026-06-16 10:30:00,0.004879415046940847,0.0053451274518978974
GARCH,EURUSD=X,2026-06-16 10:45:00,0.004811000184324166,0.005356178198077274
GARCH,EURUSD=X,2026-06-16 11:00:00,0.004907003299773817,0.005368120031047235
GARCH,EURUSD=X,2026-06-16 11:15:00,0.005010940259821699,0.00538357368280528
GARCH,EURUSD=X,2026-06-16 11:30:00,0.005255195541530381,0.005382477210335648
GARCH,EURUSD=X,2026-06-16 11:45:00,0.005145314494908344,0.005386390879214864
GARCH,EURUSD=X,2026-06-16 12:00:00,0.005127777109016394,0.00538639597328142
GARCH,EURUSD=X,2026-06-16 12:15:00,0.005048869520350086,0.00539760398564575
GARCH,EURUSD=X,2026-06-16 12:30:00,0.005348663991551514,0.0053937114893581614
GARCH,EURUSD=X,2026-06-16 12:45:00,0.005247734201517699,0.005392299716875904
GARCH,EURUSD=X,2026-06-16 13:00:00,0.005137573983849386,0.005392320636008793
GARCH,EURUSD=X,2026-06-16 13:15:00,0.005112841457121141,0.005382651066264146
GARCH,EURUSD=X,2026-06-16 13:30:00,0.005025086087111526,0.00540359205582188
GARCH,EURUSD=X,2026-06-16 13:45:00,0.0054178634010006,0.005408427418052376
GARCH,EURUSD=X,2026-06-16 14:00:00,0.0053521774459458285,0.005399634899181758
GARCH,EURUSD=X,2026-06-16 14:15:00,0.005408946923623058,0.005419131520966868
GARCH,EURUSD=X,2026-06-16 14:30:00,0.005528099870576196,0.0054916465456142345
GARCH,EURUSD=X,2026-06-16 14:45:00,0.006346883595711975,0.005506878826067482
GARCH,EURUSD=X,2026-06-16 15:00:00,0.006400917887944003,0.005506878826067482
GARCH,EURUSD=X,2026-06-16 15:15:00,0.006230579650129885,0.005504973655181957
GARCH,EURUSD=X,2026-06-16 15:30:00,0.006288745326330512,0.005533178600987196
GARCH,EURUSD=X,2026-06-16 15:45:00,0.006479067871941754,0.005535831703183213
GARCH,EURUSD=X,2026-06-16 16:00:00,0.006371148660931744,0.005514870423302262
GARCH,EURUSD=X,2026-06-16 16:15:00,0.006202665956535427,0.005519718245635472
GARCH,EURUSD=X,2026-06-16 16:30:00,0.006104595545682944,0.005519718245635472
GARCH,EURUSD=X,2026-06-16 16:45:00,0.005949167562983446,0.005492470476743531
GARCH,EURUSD=X,2026-06-16 17:00:00,0.005819741375420486,0.0054869276655967174
GARCH,EURUSD=X,2026-06-16 17:15:00,0.005678974483182497,0.005485366443773235
GARCH,EURUSD=X,2026-06-16 17:30:00,0.005545562179062837,0.0054860401669397235
GARCH,EURUSD=X,2026-06-16 17:45:00,0.005438321039477218,0.0054860401669397235
GARCH,EURUSD=X,2026-06-16 18:00:00,0.00531777264265082,0.005481758777928429
GARCH,EURUSD=X,2026-06-16 18:15:00,0.005203759108016047,0.005483471544074186
GARCH,EURUSD=X,2026-06-16 18:30:00,0.005273781340847262,0.005492289203666251
GARCH,EURUSD=X,2026-06-16 18:45:00,0.0052985939055868025,0.005490776956843853
GARCH,EURUSD=X,2026-06-16 19:00:00,0.005185671496966885,0.0054907847861089725
GARCH,EURUSD=X,2026-06-16 19:15:00,0.0050964499885617414,0.005498314083608523
GARCH,EURUSD=X,2026-06-16 19:30:00,0.005170053970476832,0.005486512834585397
GARCH,EURUSD=X,2026-06-16 19:45:00,0.005064312930212384,0.00548501090229077
GARCH,EURUSD=X,2026-06-16 20:00:00,0.004964395905220303,0.005473991717045904
GARCH,EURUSD=X,2026-06-16 20:15:00,0.004886983195221651,0.005474030767250256
GARCH,EURUSD=X,2026-06-16 20:30:00,0.004879271090991617,0.0054662020235868095
GARCH,EURUSD=X,2026-06-16 20:45:00,0.004856573703111652,0.005423863566067287
GARCH,EURUSD=X,2026-06-16 21:00:00,0.004768529779461763,0.005424789585105095
GARCH,EURUSD=X,2026-06-16 21:15:00,0.004704345637662268,0.005429470941799335
GARCH,EURUSD=X,2026-06-16 21:30:00,0.004708971101095469,0.005410723925858419
GARCH,EURUSD=X,2026-06-16 21:45:00,0.004629582233194244,0.005351820352273
GARCH,EURUSD=X,2026-06-16 22:00:00,0.0046272974492155014,0.005350209118651409
GARCH,EURUSD=X,2026-06-16 22:15:00,0.004552776636267389,0.005349480311437788
GARCH,EURUSD=X,2026-06-16 22:30:00,0.004502572407446496,0.005330793504644363
GARCH,EURUSD=X,2026-06-16 22:45:00,0.004435566736258353,0.005321367329168803
GARCH,EURUSD=X,2026-06-16 23:00:00,0.004392805597735838,0.005292153247662487
GARCH,EURUSD=X,2026-06-16 23:15:00,0.00435375247137933,0.005292707938372895
GARCH,EURUSD=X,2026-06-16 23:30:00,0.004317215828469364,0.005303448295900033
GARCH,EURUSD=X,2026-06-16 23:45:00,0.00447318075503283,0.005314155313131387
GARCH,EURUSD=X,2026-06-17 00:00:00,0.004566933855498292,0.005235339495779716
GARCH,EURUSD=X,2026-06-17 00:15:00,0.004516866474990024,0.005233841230265422
GARCH,EURUSD=X,2026-06-17 00:30:00,0.004449012726324279,0.005232331980921777
GARCH,EURUSD=X,2026-06-17 00:45:00,0.004385264566323253,0.0052282406852811195
GARCH,EURUSD=X,2026-06-17 01:00:00,0.004348439317114314,0.005164448631979853
GARCH,EURUSD=X,2026-06-17 01:15:00,0.004315958323243631,0.005159814678189501
GARCH,EURUSD=X,2026-06-17 01:30:00,0.004260528326340271,0.005154014249469432
GARCH,EURUSD=X,2026-06-17 01:45:00,0.0042085662057054305,0.005154014249469432
GARCH,EURUSD=X,2026-06-17 02:00:00,0.004159915392089897,0.005150399702640528
GARCH,EURUSD=X,2026-06-17 02:15:00,0.0041348441459958,0.005145730296093017
GARCH,EURUSD=X,2026-06-17 02:30:00,0.00409097547089385,0.005124275999689924
GARCH,EURUSD=X,2026-06-17 02:45:00,0.004268598253203971,0.005112519123024536
GARCH,EURUSD=X,2026-06-17 03:00:00,0.004232683959034825,0.0050777471210993385
GARCH,EURUSD=X,2026-06-17 03:15:00,0.0041824884067328295,0.005073209508403138
GARCH,EURUSD=X,2026-06-17 03:30:00,0.004135513697379994,0.005073209508403138
GARCH,EURUSD=X,2026-06-17 03:45:00,0.004091581676292421,0.005073220533349437
GARCH,EURUSD=X,2026-06-17 04:00:00,0.004071428292875466,0.004991963446319172
GARCH,EURUSD=X,2026-06-17 04:15:00,0.004055320662828922,0.004956630305056735
GARCH,EURUSD=X,2026-06-17 04:30:00,0.0040166557514314275,0.0049576561941842056
GARCH,EURUSD=X,2026-06-17 04:45:00,0.004001508497026762,0.004948104052315926
GARCH,EURUSD=X,2026-06-17 05:00:00,0.0039905906560575785,0.004943075819616146
GARCH,EURUSD=X,2026-06-17 05:15:00,0.003976826041331376,0.004939330644690303
GARCH,EURUSD=X,2026-06-17 05:30:00,0.003965920032053965,0.004936178709552998
GARCH,EURUSD=X,2026-06-17 05:45:00,0.003956871679649392,0.004937839309959128
GARCH,EURUSD=X,2026-06-17 06:00:00,0.003951374126086389,0.004927761845132542
GARCH,EURUSD=X,2026-06-17 06:15:00,0.004323027815277622,0.004906161385475227
GARCH,EURUSD=X,2026-06-17 06:30:00,0.00428152612584284,0.004894132468141915
GARCH,EURUSD=X,2026-06-17 06:45:00,0.0042469382160751305,0.004914995042784113
GARCH,EURUSD=X,2026-06-17 07:00:00,0.004510886329648594,0.004949168196299184
GARCH,EURUSD=X,2026-06-17 07:15:00,0.0049560187690548445,0.004950812222487086
GARCH,EURUSD=X,2026-06-17 07:30:00,0.004887595665434433,0.0049508419260393685
GARCH,EURUSD=X,2026-06-17 07:45:00,0.004862688718685385,0.004957965614485432
GARCH,EURUSD=X,2026-06-17 08:00:00,0.004958906251269033,0.00495236547419592
GARCH,EURUSD=X,2026-06-17 08:15:00,0.004955074612837,0.00495236547419592
GARCH,EURUSD=X,2026-06-17 08:30:00,0.004861556899839619,0.004950797378983294
GARCH,EURUSD=X,2026-06-17 08:45:00,0.004773239957554304,0.004949215045907622
GARCH,EURUSD=X,2026-06-17 09:00:00,0.0046900291151365766,0.004953084457121882
GARCH,EURUSD=X,2026-06-17 09:15:00,0.0046840698075871,0.0049539769740815
GARCH,EURUSD=X,2026-06-17 09:30:00,0.004688471693014945,0.004957444090073018
GARCH,EURUSD=X,2026-06-17 09:45:00,0.004680572959948468,0.004957444090073018
GARCH,EURUSD=X,2026-06-17 10:00:00,0.004602861180950344,0.005005936133382566
GARCH,EURUSD=X,2026-06-17 10:15:00,0.005272087794750396,0.005011711414571726
GARCH,EURUSD=X,2026-06-17 10:30:00,0.00528901000215565,0.00501597813536401
GARCH,EURUSD=X,2026-06-17 10:45:00,0.005253468498412269,0.005048958079713426
GARCH,EURUSD=X,2026-06-17 11:00:00,0.005626372530984512,0.005050459689581607
GARCH,EURUSD=X,2026-06-17 11:15:00,0.005521882939561671,0.005050469895238111
GARCH,EURUSD=X,2026-06-17 11:30:00,0.0054805119542004135,0.005060805257221321
GARCH,EURUSD=X,2026-06-17 11:45:00,0.005487252472520946,0.005060809190530264
GARCH,EURUSD=X,2026-06-17 12:00:00,0.00538126767562696,0.00508131554149971
GARCH,EURUSD=X,2026-06-17 12:15:00,0.005521952506625685,0.00508131554149971
GARCH,EURUSD=X,2026-06-17 12:30:00,0.005397255644320292,0.005101588793915426
GARCH,EURUSD=X,2026-06-17 12:45:00,0.005538614456134423,0.005107392966094994
GARCH,EURUSD=X,2026-06-17 13:00:00,0.005475862268643711,0.005108951052059171
GARCH,EURUSD=X,2026-06-17 13:15:00,0.005371962384348716,0.005110498506173882
GARCH,EURUSD=X,2026-06-17 13:30:00,0.005275467512998342,0.005110498506173882
GARCH,EURUSD=X,2026-06-17 13:45:00,0.005163811339689224,0.004151597931283191
GARCH,EURUSD=X,2026-06-17 14:00:00,0.005373513991506248,0.004151597931283191
GARCH,EURUSD=X,2026-06-17 14:15:00,0.005256833769685869,0.00414481590630934
GARCH,EURUSD=X,2026-06-17 14:30:00,0.005146239757243706,0.0041367738540156246
GARCH,EURUSD=X,2026-06-17 14:45:00,0.005123997310452916,0.004078306546630825
GARCH,EURUSD=X,2026-06-17 15:00:00,0.005035028942662397,0.0040656931765002385
GARCH,EURUSD=X,2026-06-17 15:15:00,0.0049537963905752335,0.004065952082246644
GARCH,EURUSD=X,2026-06-17 15:30:00,0.004878645700402716,0.004026219479294237
GARCH,EURUSD=X,2026-06-17 15:45:00,0.004808535739098318,0.00403117366970105
GARCH,EURUSD=X,2026-06-17 16:00:00,0.004809591256752054,0.004036267806825151
GARCH,EURUSD=X,2026-06-17 16:15:00,0.004790549326668471,0.004031301508604003
GARCH,EURUSD=X,2026-06-17 16:30:00,0.004726443407487332,0.004031300071376195
GARCH,EURUSD=X,2026-06-17 16:45:00,0.004663542480286377,0.004026312775104455
GARCH,EURUSD=X,2026-06-17 17:00:00,0.004607831543813887,0.004019486600719589
GARCH,EURUSD=X,2026-06-17 17:15:00,0.004534429398047709,0.004024580648936441
GARCH,EURUSD=X,2026-06-17 17:30:00,0.004539984003796784,0.004031367211901088
GARCH,EURUSD=X,2026-06-17 17:45:00,0.00455049181759988,0.006051181055084375
GARCH,EURUSD=X,2026-06-17 18:00:00,0.01807346162502959,0.006057023478129093
GARCH,EURUSD=X,2026-06-17 18:15:00,0.017423973286831852,0.0061879295643365185
GARCH,EURUSD=X,2026-06-17 18:30:00,0.017333807503628694,0.0065235068645966374
GARCH,EURUSD=X,2026-06-17 18:45:00,0.018523462919514812,0.006874274721210213
GARCH,EURUSD=X,2026-06-17 19:00:00,0.019871809278289812,0.007017977642777862
GARCH,EURUSD=X,2026-06-17 19:15:00,0.02011577660300071,0.007099964392511642
GARCH,EURUSD=X,2026-06-17 19:30:00,0.019963889536052132,0.00716331093814613
GARCH,EURUSD=X,2026-06-17 19:45:00,0.019454502413017577,0.00713850581327098
GARCH,EURUSD=X,2026-06-17 20:00:00,0.018757709045501617,0.007188408595091037
GARCH,EURUSD=X,2026-06-17 20:15:00,0.018285121536425964,0.007186790201428606
GARCH,EURUSD=X,2026-06-17 20:30:00,0.017634940558842356,0.007182058572739004
GARCH,EURUSD=X,2026-06-17 20:45:00,0.016992124517127904,0.007163081213593669
GARCH,EURUSD=X,2026-06-17 21:00:00,0.016376113602043458,0.0071642391210038365
GARCH,EURUSD=X,2026-06-17 21:15:00,0.015785072141716677,0.007166428938310904
GARCH,EURUSD=X,2026-06-17 21:30:00,0.015236789054319747,0.007167569032517631
GARCH,EURUSD=X,2026-06-17 21:45:00,0.014690890291926393,0.00716754717600779
GARCH,EURUSD=X,2026-06-17 22:00:00,0.014167870982904953,0.007166371827872282
GARCH,EURUSD=X,2026-06-17 22:15:00,0.013666751961632416,0.007167880259467484
GARCH,EURUSD=X,2026-06-17 22:30:00,0.013185398848699844,0.007169007253442212
GARCH,EURUSD=X,2026-06-17 22:45:00,0.012724485671147357,0.007173427123862689
GARCH,EURUSD=X,2026-06-17 23:00:00,0.012303965671589381,0.007168916110953944
GARCH,EURUSD=X,2026-06-17 23:15:00,0.011879487041517015,0.007148036199935867
GARCH,EURUSD=X,2026-06-17 23:30:00,0.01146557035371289,0.007148036199935867
GARCH,EURUSD=X,2026-06-17 23:45:00,0.01106892536730256,0.00714777670204418
GARCH,EURUSD=X,2026-06-18 00:00:00,0.010813303001410732,0.007147766123777639
GARCH,EURUSD=X,2026-06-18 00:15:00,0.010451349050355715,0.007142898534029547
GARCH,EURUSD=X,2026-06-18 00:30:00,0.010097512613893191,0.007157139629723052
GARCH,EURUSD=X,2026-06-18 00:45:00,0.009895668112679824,0.007165540153182671
GARCH,EURUSD=X,2026-06-18 01:00:00,0.009651199175602868,0.007156976408420799
GARCH,EURUSD=X,2026-06-18 01:15:00,0.00934375703447771,0.007152170613496208
GARCH,EURUSD=X,2026-06-18 01:30:00,0.009037750012951278,0.007158047974617897
GARCH,EURUSD=X,2026-06-18 01:45:00,0.008922578715065816,0.007153201106642466
GARCH,EURUSD=X,2026-06-18 02:00:00,0.008635112036297512,0.007140142525650159
GARCH,EURUSD=X,2026-06-18 02:15:00,0.008360293820649633,0.007149551039460136
GARCH,EURUSD=X,2026-06-18 02:30:00,0.008188794891953169,0.0071399845421072725
GARCH,EURUSD=X,2026-06-18 02:45:00,0.00794451647302448,0.007137196694338391
GARCH,EURUSD=X,2026-06-18 03:00:00,0.007700840936370863,0.007142287913235037
GARCH,EURUSD=X,2026-06-18 03:15:00,0.007568714825781625,0.007132252079602739
GARCH,EURUSD=X,2026-06-18 03:30:00,0.007342475481097517,0.007132234691809906
GARCH,EURUSD=X,2026-06-18 03:45:00,0.007139511515709379,0.007134946600282091
GARCH,EURUSD=X,2026-06-18 04:00:00,0.006988039041608434,0.007134925380753923
GARCH,EURUSD=X,2026-06-18 04:15:00,0.00680037282016974,0.007134925380753923
GARCH,EURUSD=X,2026-06-18 04:30:00,0.006610444378075599,0.007134925380753923
GARCH,EURUSD=X,2026-06-18 04:45:00,0.006429765572527989,0.007132161159918299
GARCH,EURUSD=X,2026-06-18 05:00:00,0.006257994665157596,0.007138596747346778
GARCH,EURUSD=X,2026-06-18 05:15:00,0.006241162720697822,0.0071258906283186325
GARCH,EURUSD=X,2026-06-18 05:30:00,0.006098652439063002,0.007141754047342575
GARCH,EURUSD=X,2026-06-18 05:45:00,0.006363530790676929,0.007208374239320156
GARCH,EURUSD=X,2026-06-18 06:00:00,0.007164707702099648,0.007217505223970364
GARCH,EURUSD=X,2026-06-18 06:15:00,0.007079945518667507,0.007204670188506008
GARCH,EURUSD=X,2026-06-18 06:30:00,0.006886158560062362,0.007216450215005386
GARCH,EURUSD=X,2026-06-18 06:45:00,0.006922015352358652,0.007236999385046169
GARCH,EURUSD=X,2026-06-18 07:00:00,0.007261124141376947,0.007238213701506637
GARCH,EURUSD=X,2026-06-18 07:15:00,0.007120493448523368,0.007241928968065777
GARCH,EURUSD=X,2026-06-18 07:30:00,0.007089784200761707,0.007227739648903453
GARCH,EURUSD=X,2026-06-18 07:45:00,0.006940959019378979,0.007245446861178684
GARCH,EURUSD=X,2026-06-18 08:00:00,0.0071119296354312965,0.007251703496609371
GARCH,EURUSD=X,2026-06-18 08:15:00,0.007052299024894719,0.007281230309248636
GARCH,EURUSD=X,2026-06-18 08:30:00,0.007386724078153012,0.007334150811735462
GARCH,EURUSD=X,2026-06-18 08:45:00,0.008066924119832541,0.007348441353319866
GARCH,EURUSD=X,2026-06-18 09:00:00,0.008179315361637636,0.007342176396602801
GARCH,EURUSD=X,2026-06-18 09:15:00,0.007926379394720089,0.007358848858985566
GARCH,EURUSD=X,2026-06-18 09:30:00,0.007842050804261098,0.007364780042307243
GARCH,EURUSD=X,2026-06-18 09:45:00,0.007715298736592195,0.007390826518323732
GARCH,EURUSD=X,2026-06-18 10:00:00,0.007957441908023341,0.007392372529847191
GARCH,EURUSD=X,2026-06-18 10:15:00,0.007719579523090065,0.007418850674671611
GARCH,EURUSD=X,2026-06-18 10:30:00,0.007960626641913734,0.007392396875669429
GARCH,EURUSD=X,2026-06-18 10:45:00,0.007779838338108687,0.00738737725004369
GARCH,EURUSD=X,2026-06-18 11:00:00,0.007544088361857971,0.007390710833705739
GARCH,EURUSD=X,2026-06-18 11:15:00,0.007360673163763561,0.0073964684802622065
GARCH,EURUSD=X,2026-06-18 11:30:00,0.007265494616955567,0.0073966671930326714
GARCH,EURUSD=X,2026-06-18 11:45:00,0.007069890892770058,0.007474541262559517
GARCH,EURUSD=X,2026-06-18 12:00:00,0.007769700109943164,0.007476048705778174
GARCH,EURUSD=X,2026-06-18 12:15:00,0.007551575447001869,0.007468973027466699
GARCH,EURUSD=X,2026-06-18 12:30:00,0.00763854609747258,0.0074796644329341196
GARCH,EURUSD=X,2026-06-18 12:45:00,0.007577477831394547,0.007473460145384624
GARCH,EURUSD=X,2026-06-18 13:00:00,0.007350805240666488,0.007474960720521813
GARCH,EURUSD=X,2026-06-18 13:15:00,0.007147173914012533,0.007490001412552161
GARCH,EURUSD=X,2026-06-18 13:30:00,0.007134080652269441,0.007501695836306827
GARCH,EURUSD=X,2026-06-18 13:45:00,0.007137656603390727,0.007496835832063951
GARCH,EURUSD=X,2026-06-18 14:00:00,0.006931608866002131,0.00750511610721017
GARCH,EURUSD=X,2026-06-18 14:15:00,0.0068433388678334865,0.0075058473127228974
GARCH,EURUSD=X,2026-06-18 14:30:00,0.006705972456060952,0.0075970593230732415
GARCH,EURUSD=X,2026-06-18 14:45:00,0.007683846341702478,0.007615692348215168
GARCH,EURUSD=X,2026-06-18 15:00:00,0.007740304160349019,0.0076156825390339645
GARCH,EURUSD=X,2026-06-18 15:15:00,0.007519876444495803,0.007616985284143082
GARCH,EURUSD=X,2026-06-18 15:30:00,0.007421131106150185,0.007618105173614112
GARCH,EURUSD=X,2026-06-18 15:45:00,0.007334783414067159,0.007620047831982386
GARCH,EURUSD=X,2026-06-18 16:00:00,0.007183729172300867,0.007624555210522416
GARCH,EURUSD=X,2026-06-18 16:15:00,0.007016747746569051,0.0076302018235827156
GARCH,EURUSD=X,2026-06-18 16:30:00,0.006946052777913499,0.0076299645596193
GARCH,EURUSD=X,2026-06-18 16:45:00,0.006749232984158814,0.0076439713215608
GARCH,EURUSD=X,2026-06-18 17:00:00,0.00675675373895826,0.00764542647606736
GARCH,EURUSD=X,2026-06-18 17:15:00,0.0065845363217291305,0.00765921048947163
GARCH,EURUSD=X,2026-06-18 17:30:00,0.00677040041530223,0.007665034897334841
GARCH,EURUSD=X,2026-06-18 17:45:00,0.006727930059716878,0.007666314964360107
GARCH,EURUSD=X,2026-06-18 18:00:00,0.006550553711669811,0.007666303093969187
GARCH,EURUSD=X,2026-06-18 18:15:00,0.006389560699599679,0.007669498795506342
GARCH,EURUSD=X,2026-06-18 18:30:00,0.006270316123719663,0.0076753171888924825
GARCH,EURUSD=X,2026-06-18 18:45:00,0.006247197556205158,0.007667785850145774
GARCH,EURUSD=X,2026-06-18 19:00:00,0.0063502980900356065,0.0076697034102711946
GARCH,EURUSD=X,2026-06-18 19:15:00,0.006257332686023699,0.00769432417680562
GARCH,EURUSD=X,2026-06-18 19:30:00,0.006406816223962317,0.0076945633768981895
GARCH,EURUSD=X,2026-06-18 19:45:00,0.0062490708564116515,0.007703839669032916
GARCH,EURUSD=X,2026-06-18 20:00:00,0.0062085359283419305,0.007699129134175955
GARCH,EURUSD=X,2026-06-18 20:15:00,0.006047975656195114,0.007699069861848272
GARCH,EURUSD=X,2026-06-18 20:30:00,0.005959326827619914,0.007701018829412858
GARCH,EURUSD=X,2026-06-18 20:45:00,0.005882382668984865,0.007704178108383354
GARCH,EURUSD=X,2026-06-18 21:00:00,0.005791011884353174,0.0077026867408521915
GARCH,EURUSD=X,2026-06-18 21:15:00,0.0056517259694324334,0.007707492308949662
GARCH,EURUSD=X,2026-06-18 21:30:00,0.005654164361589855,0.007693108488701126
GARCH,EURUSD=X,2026-06-18 21:45:00,0.005586377497924707,0.007693081083227852
GARCH,EURUSD=X,2026-06-18 22:00:00,0.005472431263930495,0.007688435457588543
GARCH,EURUSD=X,2026-06-18 22:15:00,0.005367655305661605,0.007686874701488779
GARCH,EURUSD=X,2026-06-18 22:30:00,0.005250922891880933,0.007686779565149282
GARCH,EURUSD=X,2026-06-18 22:45:00,0.005203972541936046,0.007676926729974854
GARCH,EURUSD=X,2026-06-18 23:00:00,0.0051133932401660415,0.007672093498474769
GARCH,EURUSD=X,2026-06-18 23:15:00,0.005030675595103879,0.007672221803057207
GARCH,EURUSD=X,2026-06-18 23:30:00,0.004954153848377889,0.007662122704506998
GARCH,EURUSD=X,2026-06-18 23:45:00,0.004882912610511892,0.007670485948437142
GARCH,EURUSD=X,2026-06-19 00:00:00,0.004940893903435414,0.007659481639662112
GARCH,EURUSD=X,2026-06-19 00:15:00,0.004865496788186093,0.007660911966247876
GARCH,EURUSD=X,2026-06-19 00:30:00,0.00479420342963766,0.007660881930467436
GARCH,EURUSD=X,2026-06-19 00:45:00,0.004728485911146531,0.007645732926178633
GARCH,EURUSD=X,2026-06-19 01:00:00,0.004728677026630252,0.0076406408102422715
GARCH,EURUSD=X,2026-06-19 01:15:00,0.004648117587576111,0.007640851678899972
GARCH,EURUSD=X,2026-06-19 01:30:00,0.004660127773053696,0.00764969694422763
GARCH,EURUSD=X,2026-06-19 01:45:00,0.004929894051463209,0.0076442105670728655
GARCH,EURUSD=X,2026-06-19 02:00:00,0.004838147680613887,0.007648739579252314
GARCH,EURUSD=X,2026-06-19 02:15:00,0.0048978706709763365,0.007637628471586868
GARCH,EURUSD=X,2026-06-19 02:30:00,0.004807484369471408,0.007639589395412766
GARCH,EURUSD=X,2026-06-19 02:45:00,0.004803148242239763,0.007639520681631207
GARCH,EURUSD=X,2026-06-19 03:00:00,0.004805950656488138,0.0076657856842851
GARCH,EURUSD=X,2026-06-19 03:15:00,0.005444037175325453,0.007641331421910079
GARCH,EURUSD=X,2026-06-19 03:30:00,0.005332207195766176,0.007643087143927846
GARCH,EURUSD=X,2026-06-19 03:45:00,0.0052984238223396495,0.007643125248365527
GARCH,EURUSD=X,2026-06-19 04:00:00,0.00520842024432953,0.0076412941863730575
GARCH,EURUSD=X,2026-06-19 04:15:00,0.00512289751873787,0.007644810228297973
GARCH,EURUSD=X,2026-06-19 04:30:00,0.005201807659692862,0.007644250855870209
GARCH,EURUSD=X,2026-06-19 04:45:00,0.0055812855026611645,0.007644112209412618
GARCH,EURUSD=X,2026-06-19 05:00:00,0.005637865250708842,0.007640507514784097
GARCH,EURUSD=X,2026-06-19 05:15:00,0.005592530519858067,0.007622755091406356
GARCH,EURUSD=X,2026-06-19 05:30:00,0.005464119361166153,0.007594981889758513
GARCH,EURUSD=X,2026-06-19 05:45:00,0.005859030366880007,0.007594831117268058
GARCH,EURUSD=X,2026-06-19 06:00:00,0.005858818110903235,0.007605194891632825
GARCH,EURUSD=X,2026-06-19 06:15:00,0.0058593944052769435,0.007597715817649517
GARCH,EURUSD=X,2026-06-19 06:30:00,0.005964334908997414,0.007619512095028774
GARCH,EURUSD=X,2026-06-19 06:45:00,0.006464308246348634,0.00761938266606449
GARCH,EURUSD=X,2026-06-19 07:00:00,0.006354371943581346,0.007621131995611106
GARCH,EURUSD=X,2026-06-19 07:15:00,0.006204197334195813,0.007619353877282148
GARCH,EURUSD=X,2026-06-19 07:30:00,0.006043854407271922,0.007619353877282148
GARCH,EURUSD=X,2026-06-19 07:45:00,0.005891533709639487,0.007636549774278618
GARCH,EURUSD=X,2026-06-19 08:00:00,0.005974951507763042,0.007653614556400348
GARCH,EURUSD=X,2026-06-19 08:15:00,0.006064488891814398,0.007689286186566622
GARCH,EURUSD=X,2026-06-19 08:30:00,0.006426165869988904,0.0076891726607480285
GARCH,EURUSD=X,2026-06-19 08:45:00,0.00625563508193749,0.007691086529297631
GARCH,EURUSD=X,2026-06-19 09:00:00,0.00614959042374465,0.007691172972204347
GARCH,EURUSD=X,2026-06-19 09:15:00,0.006008690205624805,0.00769049961476607
GARCH,EURUSD=X,2026-06-19 09:30:00,0.005912365412747087,0.0076821917370941215
GARCH,EURUSD=X,2026-06-19 09:45:00,0.005831966270992491,0.007682271577879322
GARCH,EURUSD=X,2026-06-19 10:00:00,0.005709501494919081,0.0076824386076980505
GARCH,EURUSD=X,2026-06-19 10:15:00,0.005649079685076728,0.007681902792534614
GARCH,EURUSD=X,2026-06-19 10:30:00,0.005571813274803323,0.007698648741208015
GARCH,EURUSD=X,2026-06-19 10:45:00,0.005685275324999725,0.007698648741208015
GARCH,EURUSD=X,2026-06-19 11:00:00,0.005551827612578187,0.007697017276600522
GARCH,EURUSD=X,2026-06-19 11:15:00,0.0054252195916466486,0.007694997912095988
GARCH,EURUSD=X,2026-06-19 11:30:00,0.0053053670646175406,0.007695431450147662
GARCH,EURUSD=X,2026-06-19 11:45:00,0.00536017250605067,0.007712144904564902
GARCH,EURUSD=X,2026-06-19 12:00:00,0.005479641024469221,0.007710622755756944
GARCH,EURUSD=X,2026-06-19 12:15:00,0.005372167637584508,0.007708621530529882
GARCH,EURUSD=X,2026-06-19 12:30:00,0.005255181472938762,0.0077336031058442304
GARCH,EURUSD=X,2026-06-19 12:45:00,0.0055331397686562735,0.0077549614863213845
GARCH,EURUSD=X,2026-06-19 13:00:00,0.006001098557449199,0.0077549614863213845
GARCH,EURUSD=X,2026-06-19 13:15:00,0.005851190049796059,0.007755186180226412
GARCH,EURUSD=X,2026-06-19 13:30:00,0.005781772504482173,0.007760122807687611
GARCH,EURUSD=X,2026-06-19 13:45:00,0.005696222834400194,0.007760327042643053
GARCH,EURUSD=X,2026-06-19 14:00:00,0.005631128486188303,0.007760292964857878
GARCH,EURUSD=X,2026-06-19 14:15:00,0.005513675707884377,0.007770149567583698
GARCH,EURUSD=X,2026-06-19 14:30:00,0.005526405764019811,0.007766143249505549
GARCH,EURUSD=X,2026-06-19 14:45:00,0.0054197082758518445,0.007760939071681745
GARCH,EURUSD=X,2026-06-19 15:00:00,0.005367294588834119,0.0077594260513491045
GARCH,EURUSD=X,2026-06-19 15:15:00,0.005265877177079941,0.007764807105872327
GARCH,EURUSD=X,2026-06-19 15:30:00,0.005324066338882951,0.007764887195343053
GARCH,EURUSD=X,2026-06-19 15:45:00,0.005232469468087726,0.007766411683249009
GARCH,EURUSD=X,2026-06-19 16:00:00,0.005137005465876859,0.007776180209512271
GARCH,EURUSD=X,2026-06-19 16:15:00,0.005178953062380663,0.007778100023722473
GARCH,EURUSD=X,2026-06-19 16:30:00,0.005143085597773095,0.0077879473342097804
GARCH,EURUSD=X,2026-06-19 16:45:00,0.005182661430336249,0.007788067315128682
GARCH,EURUSD=X,2026-06-19 17:00:00,0.005092350948747171,0.007788036444863641
GARCH,EURUSD=X,2026-06-19 17:15:00,0.005007645431154474,0.007804475394765249
GARCH,EURUSD=X,2026-06-19 17:30:00,0.005178789854707918,0.00779876922634762
GARCH,EURUSD=X,2026-06-19 17:45:00,0.00507279125942148,0.007797206552645442
GARCH,EURUSD=X,2026-06-19 18:00:00,0.004972443331642982,0.007801967096674306
GARCH,EURUSD=X,2026-06-19 18:15:00,0.0049473245244619525,0.007806699639603931
GARCH,EURUSD=X,2026-06-19 18:30:00,0.004927411353551822,0.007812308714507694
GARCH,EURUSD=X,2026-06-19 18:45:00,0.005005555405573333,0.007812280918322714
GARCH,EURUSD=X,2026-06-19 19:00:00,0.004924093223537045,0.00781210119772262
GARCH,EURUSD=X,2026-06-19 19:15:00,0.0048321276205209865,0.007814122758696989
GARCH,EURUSD=X,2026-06-19 19:30:00,0.004828390160223179,0.007817319204231411
GARCH,EURUSD=X,2026-06-19 19:45:00,0.004807151194192401,0.007817139599464451
GARCH,EURUSD=X,2026-06-19 20:00:00,0.004721972918947117,0.007826334857848548
GARCH,EURUSD=X,2026-06-19 20:15:00,0.004970630352234344,0.007826305738201738
GARCH,EURUSD=X,2026-06-19 20:30:00,0.004889060090854348,0.007831619637718047
GARCH,EURUSD=X,2026-06-19 20:45:00,0.0049850467144325365,0.007836900000109852
GARCH,EURUSD=X,2026-06-19 21:00:00,0.005082424879909287,0.007825990541534962
GARCH,EURUSD=X,2026-06-19 21:15:00,0.004981892522447396,0.00782440556160744
GARCH,EURUSD=X,2026-06-19 21:30:00,0.004886708765790404,0.007822813677734014
GARCH,EURUSD=X,2026-06-19 21:45:00,0.004796910826499015,0.007805971127613121
GARCH,EURUSD=X,2026-06-19 22:00:00,0.004712309810157135,0.007787978541062168
GARCH,EURUSD=X,2026-06-19 22:15:00,0.004632675571181314,0.0077878324658630415
GARCH,EURUSD=X,2026-06-19 22:30:00,0.004557774689723744,0.007782900663499975
GARCH,EURUSD=X,2026-06-19 22:45:00,0.004487378314341769,0.0077773842065879065
GARCH,EURUSD=X,2026-06-21 23:00:00,0.004443666888043742,0.007775481047978819
GARCH,EURUSD=X,2026-06-21 23:15:00,0.004404422987824722,0.007780968848251707
GARCH,EURUSD=X,2026-06-21 23:30:00,0.004550845794141305,0.0077857908318458005
GARCH,EURUSD=X,2026-06-21 23:45:00,0.00454568717952597,0.007787345945108031
GARCH,EURUSD=X,2026-06-22 00:00:00,0.004494934364343637,0.007782432475562307
GARCH,EURUSD=X,2026-06-22 00:15:00,0.004428385053433218,0.007785880363972902
GARCH,EURUSD=X,2026-06-22 00:30:00,0.004563834405236306,0.007805687066393133
GARCH,EURUSD=X,2026-06-22 00:45:00,0.004917181292591322,0.007830243453808594
GARCH,EURUSD=X,2026-06-22 01:00:00,0.0052573519229699335,0.00780874835623667
GARCH,EURUSD=X,2026-06-22 01:15:00,0.005294120770519324,0.0077991331337559245
GARCH,EURUSD=X,2026-06-22 01:30:00,0.005200572474985263,0.007799068567179654
GARCH,EURUSD=X,2026-06-22 01:45:00,0.005173002766817522,0.0077809333353708945
GARCH,EURUSD=X,2026-06-22 02:00:00,0.005089846840623573,0.007780719344614319
GARCH,EURUSD=X,2026-06-22 02:15:00,0.004988560934406339,0.007783179080316973
GARCH,EURUSD=X,2026-06-22 02:30:00,0.004958113590115456,0.007773477934797683
GARCH,EURUSD=X,2026-06-22 02:45:00,0.004864243776015805,0.007774056403890974
GARCH,EURUSD=X,2026-06-22 03:00:00,0.004856371098570061,0.0077574242142176885
GARCH,EURUSD=X,2026-06-22 03:15:00,0.0047683718055314085,0.007768227618528768
GARCH,EURUSD=X,2026-06-22 03:30:00,0.005017206291205397,0.007751456772195532
GARCH,EURUSD=X,2026-06-22 03:45:00,0.004946187942397649,0.007749579159831882
GARCH,EURUSD=X,2026-06-22 04:00:00,0.0048774613307555085,0.007749453653758107
GARCH,EURUSD=X,2026-06-22 04:15:00,0.004788298617209653,0.007749441198862994
GARCH,EURUSD=X,2026-06-22 04:30:00,0.0047266907277393145,0.007751020881179976
GARCH,EURUSD=X,2026-06-22 04:45:00,0.004662303697655019,0.007741505800031991
GARCH,EURUSD=X,2026-06-22 05:00:00,0.00460402701788133,0.007746289243783341
GARCH,EURUSD=X,2026-06-22 05:15:00,0.004606136985613038,0.007751037141498312
GARCH,EURUSD=X,2026-06-22 05:30:00,0.004611291765100229,0.007766794191336935
GARCH,EURUSD=X,2026-06-22 05:45:00,0.005035336426225134,0.007765228523350121
GARCH,EURUSD=X,2026-06-22 06:00:00,0.004937309231832023,0.007768432725675894
GARCH,EURUSD=X,2026-06-22 06:15:00,0.004908890608446517,0.007772397633915807
GARCH,EURUSD=X,2026-06-22 06:30:00,0.0049947930775226836,0.007788564351196451
GARCH,EURUSD=X,2026-06-22 06:45:00,0.005151886653399884,0.007786450405769393
GARCH,EURUSD=X,2026-06-22 07:00:00,0.005047182003043841,0.007799318843277601
GARCH,EURUSD=X,2026-06-22 07:15:00,0.005418888928826664,0.00782518457250468
GARCH,EURUSD=X,2026-06-22 07:30:00,0.0059640731080908855,0.007825151864174932
GARCH,EURUSD=X,2026-06-22 07:45:00,0.005823544341923751,0.007825139035417027
GARCH,EURUSD=X,2026-06-22 08:00:00,0.005703002473189537,0.007829964275917594
GARCH,EURUSD=X,2026-06-22 08:15:00,0.005623244896029708,0.007825130757900001
GARCH,EURUSD=X,2026-06-22 08:30:00,0.005509599814852469,0.007829976098891838
GARCH,EURUSD=X,2026-06-22 08:45:00,0.005520030895951016,0.006461122777690896
GARCH,EURUSD=X,2026-06-22 09:00:00,0.005936301785790594,0.006450615094203797
GARCH,EURUSD=X,2026-06-22 09:15:00,0.005799456888349477,0.006317063593363935
GARCH,EURUSD=X,2026-06-22 09:30:00,0.005674743029501211,0.005980460282219362
GARCH,EURUSD=X,2026-06-22 09:45:00,0.005600943590820734,0.005584184358187729
GARCH,EURUSD=X,2026-06-22 10:00:00,0.00561204150218441,0.005387712684884916
GARCH,EURUSD=X,2026-06-22 10:15:00,0.0055452885355644155,0.005266576766766218
GARCH,EURUSD=X,2026-06-22 10:30:00,0.005437599005658762,0.00518803063620067
GARCH,EURUSD=X,2026-06-22 10:45:00,0.005393923830341811,0.005187993040548535
GARCH,EURUSD=X,2026-06-22 11:00:00,0.00535663293644448,0.005122588067387411
GARCH,EURUSD=X,2026-06-22 11:15:00,0.0052406893175076675,0.005116634373201235
GARCH,EURUSD=X,2026-06-22 11:30:00,0.0051309483170138654,0.005134688204505925
GARCH,EURUSD=X,2026-06-22 11:45:00,0.005336665179026386,0.005217512680195943
GARCH,EURUSD=X,2026-06-22 12:00:00,0.006122094809602691,0.005217503101496442
GARCH,EURUSD=X,2026-06-22 12:15:00,0.005985696730263884,0.005218751229187242
GARCH,EURUSD=X,2026-06-22 12:30:00,0.005899803035047535,0.0052470007722073735
GARCH,EURUSD=X,2026-06-22 12:45:00,0.006152080224381966,0.005365320970329386
GARCH,EURUSD=X,2026-06-22 13:00:00,0.007496656514759396,0.005392723103213238
GARCH,EURUSD=X,2026-06-22 13:15:00,0.0076569214642544965,0.0053916971414913585
GARCH,EURUSD=X,2026-06-22 13:30:00,0.007450109824818373,0.005407222285990442
GARCH,EURUSD=X,2026-06-22 13:45:00,0.007464537337295265,0.005434220414670952
GARCH,EURUSD=X,2026-06-22 14:00:00,0.007499214762775429,0.0054352466013221565
GARCH,EURUSD=X,2026-06-22 14:15:00,0.007289003199691577,0.0054352466013221565
GARCH,EURUSD=X,2026-06-22 14:30:00,0.007075787162781312,0.00548149858227414
GARCH,EURUSD=X,2026-06-22 14:45:00,0.0072960285877261685,0.005461835503032058
GARCH,EURUSD=X,2026-06-22 15:00:00,0.007099444093958415,0.005478375472046271
GARCH,EURUSD=X,2026-06-22 15:15:00,0.0071073848646683304,0.005482142570697925
GARCH,EURUSD=X,2026-06-22 15:30:00,0.006964157700453959,0.005487532968978454
GARCH,EURUSD=X,2026-06-22 15:45:00,0.0071363037573184355,0.00548352665869135
GARCH,EURUSD=X,2026-06-22 16:00:00,0.007075526636700896,0.005482146307673653
GARCH,EURUSD=X,2026-06-22 16:15:00,0.006892721898845974,0.005482146307673653
GARCH,EURUSD=X,2026-06-22 16:30:00,0.00669853880430323,0.005487049771296734
GARCH,EURUSD=X,2026-06-22 16:45:00,0.006707537829395687,0.005487631659083282
GARCH,EURUSD=X,2026-06-22 17:00:00,0.006534193333205226,0.005487631659083282
GARCH,EURUSD=X,2026-06-22 17:15:00,0.006357263300257229,0.005475320333807091
GARCH,EURUSD=X,2026-06-22 17:30:00,0.006204812449729669,0.005474761840983523
GARCH,EURUSD=X,2026-06-22 17:45:00,0.006044306901137688,0.005476603201007799
GARCH,EURUSD=X,2026-06-22 18:00:00,0.005905511944447253,0.0054670997395299065
GARCH,EURUSD=X,2026-06-22 18:15:00,0.005826688748441257,0.005470498112019549
GARCH,EURUSD=X,2026-06-22 18:30:00,0.005758265799212454,0.0054719015996740955
GARCH,EURUSD=X,2026-06-22 18:45:00,0.005696855810437417,0.005470397925626374
GARCH,EURUSD=X,2026-06-22 19:00:00,0.005574306888078302,0.005471801373226436
GARCH,EURUSD=X,2026-06-22 19:15:00,0.005519475551898624,0.005472259280821301
GARCH,EURUSD=X,2026-06-22 19:30:00,0.005415521214288826,0.00548521126495547
GARCH,EURUSD=X,2026-06-22 19:45:00,0.005428286504064282,0.005498053860966335
GARCH,EURUSD=X,2026-06-22 20:00:00,0.005452294346907897,0.005489161574710514
GARCH,EURUSD=X,2026-06-22 20:15:00,0.005331223676699851,0.005488605808384622
GARCH,EURUSD=X,2026-06-22 20:30:00,0.005216522149020444,0.005461938441187933
GARCH,EURUSD=X,2026-06-22 20:45:00,0.005126355592865122,0.005404162502143696
GARCH,EURUSD=X,2026-06-22 21:00:00,0.005578220769633083,0.005407682857316094
GARCH,EURUSD=X,2026-06-22 21:15:00,0.0057077048532985395,0.005409078638926442
GARCH,EURUSD=X,2026-06-22 21:30:00,0.0055861612364042895,0.005395580339324804
GARCH,EURUSD=X,2026-06-22 21:45:00,0.005528792435871506,0.005354916886094668
GARCH,EURUSD=X,2026-06-22 22:00:00,0.00540342018144009,0.005351793441254875
GARCH,EURUSD=X,2026-06-22 22:15:00,0.005304377742167348,0.005329283069040574
GARCH,EURUSD=X,2026-06-22 22:30:00,0.005191130914494243,0.005327450383433325
GARCH,EURUSD=X,2026-06-22 22:45:00,0.005099586360966285,0.005299189131273964
GARCH,EURUSD=X,2026-06-22 23:00:00,0.004997668643809437,0.0052902844938494615
GARCH,EURUSD=X,2026-06-22 23:15:00,0.004921148634798514,0.005248155275577274
GARCH,EURUSD=X,2026-06-22 23:30:00,0.0048293666522635,0.005170484596642121
GARCH,EURUSD=X,2026-06-22 23:45:00,0.0047428742937624686,0.005150709085037415
GARCH,EURUSD=X,2026-06-23 00:00:00,0.004849048027461394,0.005152390546379942
GARCH,EURUSD=X,2026-06-23 00:15:00,0.004775352412400889,0.005136067409321504
GARCH,EURUSD=X,2026-06-23 00:30:00,0.004760827954842093,0.005125700192341746
GARCH,EURUSD=X,2026-06-23 00:45:00,0.004678398674351727,0.0050857357467636345
GARCH,EURUSD=X,2026-06-23 01:00:00,0.004683638870347776,0.005084071589519428
GARCH,EURUSD=X,2026-06-23 01:15:00,0.004605763078626065,0.005040753124885579
GARCH,EURUSD=X,2026-06-23 01:30:00,0.00454975021912564,0.0050376739660323395
GARCH,EURUSD=X,2026-06-23 01:45:00,0.004498993374848609,0.005071333856228212
GARCH,EURUSD=X,2026-06-23 02:00:00,0.004881714347103016,0.005070361647504963
GARCH,EURUSD=X,2026-06-23 02:15:00,0.004859850354908119,0.00506043399203003
GARCH,EURUSD=X,2026-06-23 02:30:00,0.004791560205156782,0.005064069632357828
GARCH,EURUSD=X,2026-06-23 02:45:00,0.004792557746374836,0.0049556192381293475
GARCH,EURUSD=X,2026-06-23 03:00:00,0.0047324752648509405,0.004953921917667189
GARCH,EURUSD=X,2026-06-23 03:15:00,0.004651746036538121,0.004923860742268837
GARCH,EURUSD=X,2026-06-23 03:30:00,0.004592600401939902,0.004907065672422111
GARCH,EURUSD=X,2026-06-23 03:45:00,0.0045937410081851775,0.004908069195794538
GARCH,EURUSD=X,2026-06-23 04:00:00,0.004539898315996584,0.004907355143986753
GARCH,EURUSD=X,2026-06-23 04:15:00,0.004492564019490224,0.0048851355377863715
GARCH,EURUSD=X,2026-06-23 04:30:00,0.004449863443429651,0.00488495325757738
GARCH,EURUSD=X,2026-06-23 04:45:00,0.004740410247144724,0.004886705393270235
GARCH,EURUSD=X,2026-06-23 05:00:00,0.0046717919643295015,0.004879466404909995
GARCH,EURUSD=X,2026-06-23 05:15:00,0.004663114780988187,0.004875801885049669
GARCH,EURUSD=X,2026-06-23 05:30:00,0.004605788637131046,0.004733356878145972
GARCH,EURUSD=X,2026-06-23 05:45:00,0.004532501086156353,0.004707295752478512
GARCH,EURUSD=X,2026-06-23 06:00:00,0.004536430670722783,0.004708171725847798
GARCH,EURUSD=X,2026-06-23 06:15:00,0.004488116059416775,0.004708068631308214
GARCH,EURUSD=X,2026-06-23 06:30:00,0.004610814223647557,0.00469845657012646
GARCH,EURUSD=X,2026-06-23 06:45:00,0.00455284043412395,0.00474561199066016
GARCH,EURUSD=X,2026-06-23 07:00:00,0.005101403344315279,0.004762717352986843
GARCH,EURUSD=X,2026-06-23 07:15:00,0.0052816719042741425,0.005129125118450886
GARCH,EURUSD=X,2026-06-23 07:30:00,0.009074173411280724,0.005133410804030709
GARCH,EURUSD=X,2026-06-23 07:45:00,0.00884742298531066,0.005112749488954316
GARCH,EURUSD=X,2026-06-23 08:00:00,0.008568230926341801,0.005140484592849459
GARCH,EURUSD=X,2026-06-23 08:15:00,0.008598288452919624,0.0051114911172053185
GARCH,EURUSD=X,2026-06-23 08:30:00,0.008342188836522836,0.005107200330443894
GARCH,EURUSD=X,2026-06-23 08:45:00,0.008116104230596449,0.005107184385625479
GARCH,EURUSD=X,2026-06-23 09:00:00,0.007875230969769529,0.005106306156469749
GARCH,EURUSD=X,2026-06-23 09:15:00,0.007634742724461688,0.005101134832654941
GARCH,EURUSD=X,2026-06-23 09:30:00,0.007418158998908865,0.005096682040649102
GARCH,EURUSD=X,2026-06-23 09:45:00,0.007243133504174733,0.005087901325873505
GARCH,EURUSD=X,2026-06-23 10:00:00,0.0071524683132958644,0.005084381335980739
GARCH,EURUSD=X,2026-06-23 10:15:00,0.006961983475595594,0.005050739630361161
GARCH,EURUSD=X,2026-06-23 10:30:00,0.006780776130403373,0.00506017847064548
GARCH,EURUSD=X,2026-06-23 10:45:00,0.006730264625305836,0.005048791883872891
GARCH,EURUSD=X,2026-06-23 11:00:00,0.0065532905579692,0.005067459992716992
GARCH,EURUSD=X,2026-06-23 11:15:00,0.006620267518955427,0.005073328162958558
GARCH,EURUSD=X,2026-06-23 11:30:00,0.006587982993249669,0.00511204428364002
GARCH,EURUSD=X,2026-06-23 11:45:00,0.006965472320661455,0.0051119651482446436
GARCH,EURUSD=X,2026-06-23 12:00:00,0.006803661759153301,0.005115921579524226
GARCH,EURUSD=X,2026-06-23 12:15:00,0.006675886271077119,0.005108810022537556
GARCH,EURUSD=X,2026-06-23 12:30:00,0.0065377460514880244,0.0051066492665955525
GARCH,EURUSD=X,2026-06-23 12:45:00,0.006374138742379279,0.005108735846439463
GARCH,EURUSD=X,2026-06-23 13:00:00,0.0062653321720529676,0.005121186395287489
GARCH,EURUSD=X,2026-06-23 13:15:00,0.00621762543973492,0.005169894661552134
GARCH,EURUSD=X,2026-06-23 13:30:00,0.006536540985644496,0.005221582701868132
GARCH,EURUSD=X,2026-06-23 13:45:00,0.007031450642693072,0.0052247403579226736
GARCH,EURUSD=X,2026-06-23 14:00:00,0.006894990404909486,0.005241619312514573
GARCH,EURUSD=X,2026-06-23 14:15:00,0.006944613007609729,0.005241604827464132
GARCH,EURUSD=X,2026-06-23 14:30:00,0.0067680702501939265,0.0052470734513069515
GARCH,EURUSD=X,2026-06-23 14:45:00,0.006623594710750165,0.005233967238692403
GARCH,EURUSD=X,2026-06-23 15:00:00,0.0064422735215359786,0.005233310782629948
GARCH,EURUSD=X,2026-06-23 15:15:00,0.006269882733196548,0.0052407728231782
GARCH,EURUSD=X,2026-06-23 15:30:00,0.006248548707801827,0.005251912448144954
GARCH,EURUSD=X,2026-06-23 15:45:00,0.006197837341644806,0.005248099182436179
GARCH,EURUSD=X,2026-06-23 16:00:00,0.00603770977996808,0.005251850539990667
GARCH,EURUSD=X,2026-06-23 16:15:00,0.00595026130229232,0.005260903425488721
GARCH,EURUSD=X,2026-06-23 16:30:00,0.005923479211890252,0.005252553418564847
GARCH,EURUSD=X,2026-06-23 16:45:00,0.005920682538164767,0.005252553418564847
GARCH,EURUSD=X,2026-06-23 17:00:00,0.005774727530490726,0.0052401929863705775
GARCH,EURUSD=X,2026-06-23 17:15:00,0.0056546646233262745,0.0052463163427702506
GARCH,EURUSD=X,2026-06-23 17:30:00,0.005578646456511126,0.005243106763258125
GARCH,EURUSD=X,2026-06-23 17:45:00,0.005466884481923099,0.00523919192427967
GARCH,EURUSD=X,2026-06-23 18:00:00,0.0053447728631292836,0.005197647508935834
GARCH,EURUSD=X,2026-06-23 18:15:00,0.005248192805548587,0.005199841996984112
GARCH,EURUSD=X,2026-06-23 18:30:00,0.00521634593307973,0.005201817015392646
GARCH,EURUSD=X,2026-06-23 18:45:00,0.0051663904682497696,0.005213668056184263
GARCH,EURUSD=X,2026-06-23 19:00:00,0.005206620094852768,0.005213657898567799
GARCH,EURUSD=X,2026-06-23 19:15:00,0.005113905143662353,0.005203608165655934
GARCH,EURUSD=X,2026-06-23 19:30:00,0.005011179857994314,0.005174838770658046
GARCH,EURUSD=X,2026-06-23 19:45:00,0.004933796391132936,0.005164521178879727
GARCH,EURUSD=X,2026-06-23 20:00:00,0.004841290176730738,0.005160125101728031
GARCH,EURUSD=X,2026-06-23 20:15:00,0.004754105540208685,0.005160125101728031
GARCH,EURUSD=X,2026-06-23 20:30:00,0.004672008592862204,0.005113638205314865
GARCH,EURUSD=X,2026-06-23 20:45:00,0.004612368576844418,0.005106776221429029
GARCH,EURUSD=X,2026-06-23 21:00:00,0.0046123555550008945,0.005095640156257107
GARCH,EURUSD=X,2026-06-23 21:15:00,0.004559608685460016,0.00507656860422989
GARCH,EURUSD=X,2026-06-23 21:30:00,0.0044891865136093955,0.005009804971758559
GARCH,EURUSD=X,2026-06-23 21:45:00,0.004422978806493234,0.005013833394422353
GARCH,EURUSD=X,2026-06-23 22:00:00,0.004556889045063601,0.005012782288403178
GARCH,EURUSD=X,2026-06-23 22:15:00,0.004512465874944275,0.00501459825354773
GARCH,EURUSD=X,2026-06-23 22:30:00,0.00446050997011268,0.00501459825354773
GARCH,EURUSD=X,2026-06-23 22:45:00,0.004396042542557262,0.0049913741221351855
GARCH,EURUSD=X,2026-06-23 23:00:00,0.004335556801861399,0.0049678631051879975
GARCH,EURUSD=X,2026-06-23 23:15:00,0.004278846318312924,0.004915919988502403
GARCH,EURUSD=X,2026-06-23 23:30:00,0.004225711581551443,0.004916561410347287
GARCH,EURUSD=X,2026-06-23 23:45:00,0.004199309861938715,0.004913198624041497
GARCH,EURUSD=X,2026-06-24 00:00:00,0.004176347066141249,0.004922391397699817
GARCH,EURUSD=X,2026-06-24 00:15:00,0.0043443511760844844,0.0049176389994072265
GARCH,EURUSD=X,2026-06-24 00:30:00,0.004301813863652641,0.004913672114047759
GARCH,EURUSD=X,2026-06-24 00:45:00,0.00424723665395247,0.004913657876716465
GARCH,EURUSD=X,2026-06-24 01:00:00,0.00421980423788981,0.004913586741692537
GARCH,EURUSD=X,2026-06-24 01:15:00,0.004266715307416812,0.004920782423682142
GARCH,EURUSD=X,2026-06-24 01:30:00,0.0043760589573672275,0.004896465053169126
GARCH,EURUSD=X,2026-06-24 01:45:00,0.004316887489485818,0.004896465053169126
GARCH,EURUSD=X,2026-06-24 02:00:00,0.004261364741549696,0.004897067783812335
GARCH,EURUSD=X,2026-06-24 02:15:00,0.004231957959557802,0.00489766012761328
GARCH,EURUSD=X,2026-06-24 02:30:00,0.004206432900167336,0.0049060121679571364
GARCH,EURUSD=X,2026-06-24 02:45:00,0.0045264627280226745,0.004890850806381401
GARCH,EURUSD=X,2026-06-24 03:00:00,0.0046705581341762465,0.004890836849912011
GARCH,EURUSD=X,2026-06-24 03:15:00,0.004622223913976103,0.004915217520467291
GARCH,EURUSD=X,2026-06-24 03:30:00,0.0048116462669184805,0.004877914289677806
GARCH,EURUSD=X,2026-06-24 03:45:00,0.004743524923415425,0.004843568345085017
GARCH,EURUSD=X,2026-06-24 04:00:00,0.004846532197474368,0.004850543193026611
GARCH,EURUSD=X,2026-06-24 04:15:00,0.004820643024179282,0.004847247114718405
GARCH,EURUSD=X,2026-06-24 04:30:00,0.004754334543121507,0.004840708235004127
GARCH,EURUSD=X,2026-06-24 04:45:00,0.0046940453809263425,0.004851305530310277
GARCH,EURUSD=X,2026-06-24 05:00:00,0.004767313123758754,0.0048497228988702325
GARCH,EURUSD=X,2026-06-24 05:15:00,0.0047021270424044085,0.004835528846339596
GARCH,EURUSD=X,2026-06-24 05:30:00,0.0046440643544782625,0.0048403512192813315
GARCH,EURUSD=X,2026-06-24 05:45:00,0.004637067843831381,0.004886164671383332
GARCH,EURUSD=X,2026-06-24 06:00:00,0.005174879345877436,0.004963581923297993
GARCH,EURUSD=X,2026-06-24 06:15:00,0.006126310840832773,0.004960902685237732
GARCH,EURUSD=X,2026-06-24 06:30:00,0.006015613362592278,0.00500243601562643
GARCH,EURUSD=X,2026-06-24 06:45:00,0.006437904446963544,0.005017542429727938
GARCH,EURUSD=X,2026-06-24 07:00:00,0.006534616584134449,0.005005180975694157
GARCH,EURUSD=X,2026-06-24 07:15:00,0.006365420449588795,0.0050159174474196395
GARCH,EURUSD=X,2026-06-24 07:30:00,0.0063087824983807,0.005029216064800847
GARCH,EURUSD=X,2026-06-24 07:45:00,0.006517794554403648,0.005171690020091918
GARCH,EURUSD=X,2026-06-24 08:00:00,0.008021928436849868,0.005328748698024217
GARCH,EURUSD=X,2026-06-24 08:15:00,0.008866284932556685,0.0053055408892723555
GARCH,EURUSD=X,2026-06-24 08:30:00,0.008588944983347684,0.005307678412308999
GARCH,EURUSD=X,2026-06-24 08:45:00,0.008326791563016859,0.005307977441265768
GARCH,EURUSD=X,2026-06-24 09:00:00,0.008076591679373982,0.00530920164738818
GARCH,EURUSD=X,2026-06-24 09:15:00,0.007938852749154856,0.005302445639129267
GARCH,EURUSD=X,2026-06-24 09:30:00,0.007710807415354402,0.005296395326813953
GARCH,EURUSD=X,2026-06-24 09:45:00,0.007487086117716029,0.005309699917256526
GARCH,EURUSD=X,2026-06-24 10:00:00,0.0074761352912943195,0.005312529108213853
GARCH,EURUSD=X,2026-06-24 10:15:00,0.007314855878842435,0.0053235381625719195
GARCH,EURUSD=X,2026-06-24 10:30:00,0.007194227806980472,0.005319406413590074
GARCH,EURUSD=X,2026-06-24 10:45:00,0.0070386500269695685,0.005319598582412903
GARCH,EURUSD=X,2026-06-24 11:00:00,0.0068528420834158355,0.005317646757431965
GARCH,EURUSD=X,2026-06-24 11:15:00,0.006765301981409802,0.005315426205067561
GARCH,EURUSD=X,2026-06-24 11:30:00,0.006577138984691287,0.005322730886719098
GARCH,EURUSD=X,2026-06-24 11:45:00,0.006633028238179211,0.0053166324479142785
GARCH,EURUSD=X,2026-06-24 12:00:00,0.006461028440968931,0.0053166324479142785
GARCH,EURUSD=X,2026-06-24 12:15:00,0.006287713928173876,0.005369034798422755
GARCH,EURUSD=X,2026-06-24 12:30:00,0.006858531808661736,0.005371821438978092
GARCH,EURUSD=X,2026-06-24 12:45:00,0.006737991882005558,0.005374570283732135
GARCH,EURUSD=X,2026-06-24 13:00:00,0.006620492439497606,0.005479674064740652
GARCH,EURUSD=X,2026-06-24 13:15:00,0.007359955227253406,0.005486221273976449
GARCH,EURUSD=X,2026-06-24 13:30:00,0.007199545428114522,0.005508599689747027
GARCH,EURUSD=X,2026-06-24 13:45:00,0.007189367611762973,0.00551030721329814
GARCH,EURUSD=X,2026-06-24 14:00:00,0.006997702747871612,0.005509963971608279
GARCH,EURUSD=X,2026-06-24 14:15:00,0.006798459857381475,0.005517132326324403
GARCH,EURUSD=X,2026-06-24 14:30:00,0.006833847780036943,0.005510612863597771
GARCH,EURUSD=X,2026-06-24 14:45:00,0.006642461327021992,0.005589811664761197
GARCH,EURUSD=X,2026-06-24 15:00:00,0.007211145721027802,0.005602557873751462
GARCH,EURUSD=X,2026-06-24 15:15:00,0.00712232837020274,0.005602381195391826
GARCH,EURUSD=X,2026-06-24 15:30:00,0.007026088074390996,0.0055692094303731385
GARCH,EURUSD=X,2026-06-24 15:45:00,0.00683974701520216,0.005541563149170929
GARCH,EURUSD=X,2026-06-24 16:00:00,0.006694903051896568,0.005580145947445342
GARCH,EURUSD=X,2026-06-24 16:15:00,0.006952116066007347,0.0055797333728349885
GARCH,EURUSD=X,2026-06-24 16:30:00,0.0067554456109922435,0.005576932631332511
GARCH,EURUSD=X,2026-06-24 16:45:00,0.006579772390651779,0.005584686198674042
GARCH,EURUSD=X,2026-06-24 17:00:00,0.006535360656329295,0.005600067966212747
GARCH,EURUSD=X,2026-06-24 17:15:00,0.006610263414783253,0.005599961144818269
GARCH,EURUSD=X,2026-06-24 17:30:00,0.006471634672981088,0.005602960666098292
GARCH,EURUSD=X,2026-06-24 17:45:00,0.006360128841568163,0.005606090560982793
GARCH,EURUSD=X,2026-06-24 18:00:00,0.006240449868262624,0.005627591574468154
GARCH,EURUSD=X,2026-06-24 18:15:00,0.006291950706701555,0.005614918433247375
GARCH,EURUSD=X,2026-06-24 18:30:00,0.006181538351228913,0.0056149035683077594
GARCH,EURUSD=X,2026-06-24 18:45:00,0.006038361957529314,0.005614458520717287
GARCH,EURUSD=X,2026-06-24 19:00:00,0.005886309530848978,0.005614458520717287
GARCH,EURUSD=X,2026-06-24 19:15:00,0.005742062858733091,0.00562001532904445
GARCH,EURUSD=X,2026-06-24 19:30:00,0.005662680471934818,0.005621340357117678
GARCH,EURUSD=X,2026-06-24 19:45:00,0.005595967873937266,0.005619441612372979
GARCH,EURUSD=X,2026-06-24 20:00:00,0.005466970613335221,0.005619341527132688
GARCH,EURUSD=X,2026-06-24 20:15:00,0.005404358890196118,0.005619246425587302
GARCH,EURUSD=X,2026-06-24 20:30:00,0.005350352599561458,0.005593867359649855
GARCH,EURUSD=X,2026-06-24 20:45:00,0.005249926397062796,0.005593867359649855
GARCH,EURUSD=X,2026-06-24 21:00:00,0.005139636240286918,0.005587735997296351
GARCH,EURUSD=X,2026-06-24 21:15:00,0.005035466745352677,0.005581069479507689
GARCH,EURUSD=X,2026-06-24 21:30:00,0.004953656475300034,0.005559324054834535
GARCH,EURUSD=X,2026-06-24 21:45:00,0.004860014741872856,0.005559769725880396
GARCH,EURUSD=X,2026-06-24 22:00:00,0.0047915475545418995,0.005534085863641073
GARCH,EURUSD=X,2026-06-24 22:15:00,0.00472900081562494,0.005495127616122652
GARCH,EURUSD=X,2026-06-24 22:30:00,0.004648421902935247,0.005493810084236304
GARCH,EURUSD=X,2026-06-24 22:45:00,0.004594741693724727,0.005493271246661235
GARCH,EURUSD=X,2026-06-24 23:00:00,0.004522153031911189,0.0054871519874998605
GARCH,EURUSD=X,2026-06-24 23:15:00,0.004453925009402323,0.00548662063317181
GARCH,EURUSD=X,2026-06-24 23:30:00,0.004389863899682578,0.00547425672586759
GARCH,EURUSD=X,2026-06-24 23:45:00,0.004352390917061006,0.005429560297299202
GARCH,EURUSD=X,2026-06-25 00:00:00,0.004387530247423557,0.005429545737258119
GARCH,EURUSD=X,2026-06-25 00:15:00,0.004353831433178888,0.0054295311764913125
GARCH,EURUSD=X,2026-06-25 00:30:00,0.004321810971991099,0.005436157643208344
GARCH,EURUSD=X,2026-06-25 00:45:00,0.004427050128310062,0.005470273172779417
GARCH,EURUSD=X,2026-06-25 01:00:00,0.005004013410880115,0.0054730776161147675
GARCH,EURUSD=X,2026-06-25 01:15:00,0.004989076270898428,0.005475911813539018
GARCH,EURUSD=X,2026-06-25 01:30:00,0.004959958668214312,0.005475843710538335
GARCH,EURUSD=X,2026-06-25 01:45:00,0.004944764673358933,0.005478530744009412
GARCH,EURUSD=X,2026-06-25 02:00:00,0.004914229439505646,0.005491136540521946
GARCH,EURUSD=X,2026-06-25 02:15:00,0.0049761503338082245,0.005491673258362825
GARCH,EURUSD=X,2026-06-25 02:30:00,0.004896850694156907,0.005475000442494775
GARCH,EURUSD=X,2026-06-25 02:45:00,0.0048064561783234,0.005404992065269603
GARCH,EURUSD=X,2026-06-25 03:00:00,0.0048749432939317345,0.005403606646784848
GARCH,EURUSD=X,2026-06-25 03:15:00,0.004802266753223816,0.0054035204594714515
GARCH,EURUSD=X,2026-06-25 03:30:00,0.004786801415908131,0.005378143003298013
GARCH,EURUSD=X,2026-06-25 03:45:00,0.004722632676799638,0.005262117380122168
GARCH,EURUSD=X,2026-06-25 04:00:00,0.004662240395860808,0.005233413221768125
GARCH,EURUSD=X,2026-06-25 04:15:00,0.004585643018094131,0.005242306578126875
GARCH,EURUSD=X,2026-06-25 04:30:00,0.00470098063242665,0.005225938529771028
GARCH,EURUSD=X,2026-06-25 04:45:00,0.0046367044135220085,0.0051959080149825455
GARCH,EURUSD=X,2026-06-25 05:00:00,0.004646963452277045,0.0051947972723618485
GARCH,EURUSD=X,2026-06-25 05:15:00,0.004595520843464185,0.0051954843756672996
GARCH,EURUSD=X,2026-06-25 05:30:00,0.004547203053416186,0.005146697057037551
GARCH,EURUSD=X,2026-06-25 05:45:00,0.004501910841853489,0.005146673635730816
GARCH,EURUSD=X,2026-06-25 06:00:00,0.004451070538959648,0.00512870617321723
GARCH,EURUSD=X,2026-06-25 06:15:00,0.004387184083456431,0.005153260051844303
GARCH,EURUSD=X,2026-06-25 06:30:00,0.004857944559594486,0.005128230387837135
GARCH,EURUSD=X,2026-06-25 06:45:00,0.004864518407964304,0.005122365846616344
GARCH,EURUSD=X,2026-06-25 07:00:00,0.00486838694996623,0.005127876277100669
GARCH,EURUSD=X,2026-06-25 07:15:00,0.004838831640428302,0.005127876277100669
GARCH,EURUSD=X,2026-06-25 07:30:00,0.004751787342972057,0.005127608325377473
GARCH,EURUSD=X,2026-06-25 07:45:00,0.004941015896051766,0.005133033514159563
GARCH,EURUSD=X,2026-06-25 08:00:00,0.0049238341003117175,0.005155257832332985
GARCH,EURUSD=X,2026-06-25 08:15:00,0.005110520661781923,0.005167188312963732
GARCH,EURUSD=X,2026-06-25 08:30:00,0.0051705138041289,0.005177088100933861
GARCH,EURUSD=X,2026-06-25 08:45:00,0.005215624998124737,0.005176096276482163
GARCH,EURUSD=X,2026-06-25 09:00:00,0.005126990270218081,0.005184680057801461
GARCH,EURUSD=X,2026-06-25 09:15:00,0.005163640708186042,0.005198721634470518
GARCH,EURUSD=X,2026-06-25 09:30:00,0.005346798854048291,0.005195390570787691
GARCH,EURUSD=X,2026-06-25 09:45:00,0.0052535405610039925,0.005222320866912036
GARCH,EURUSD=X,2026-06-25 10:00:00,0.005610592061549152,0.005222271121854988
GARCH,EURUSD=X,2026-06-25 10:15:00,0.005566098738174917,0.005239236806677628
GARCH,EURUSD=X,2026-06-25 10:30:00,0.00573958697836612,0.005235656977969772
GARCH,EURUSD=X,2026-06-25 10:45:00,0.005778240102327021,0.005222513859914859
GARCH,EURUSD=X,2026-06-25 11:00:00,0.0056402199197427465,0.0052500884752671355
GARCH,EURUSD=X,2026-06-25 11:15:00,0.005947873924449434,0.0052500884752671355
GARCH,EURUSD=X,2026-06-25 11:30:00,0.005801125706220235,0.00525007613201213
GARCH,EURUSD=X,2026-06-25 11:45:00,0.005681684770671559,0.005213925035936107
GARCH,EURUSD=X,2026-06-25 12:00:00,0.005671836577191415,0.005196544663180672
GARCH,EURUSD=X,2026-06-25 12:15:00,0.005538857700288154,0.0055525838150159365
GARCH,EURUSD=X,2026-06-25 12:30:00,0.008741528933588137,0.005619081894471576
GARCH,EURUSD=X,2026-06-25 12:45:00,0.009076375779362718,0.005619081894471576
GARCH,EURUSD=X,2026-06-25 13:00:00,0.00878198799432848,0.0057373153759736764
GARCH,EURUSD=X,2026-06-25 13:15:00,0.009408387797984015,0.005740973076510475
GARCH,EURUSD=X,2026-06-25 13:30:00,0.009129504408579906,0.00574006004334227
GARCH,EURUSD=X,2026-06-25 13:45:00,0.008842109947731871,0.005834628590846197
GARCH,EURUSD=X,2026-06-25 14:00:00,0.009297593390995128,0.005837584331574457
GARCH,EURUSD=X,2026-06-25 14:15:00,0.009025035481097576,0.00586712864639505
GARCH,EURUSD=X,2026-06-25 14:30:00,0.008969458326041301,0.0058708700903981875
GARCH,EURUSD=X,2026-06-25 14:45:00,0.008716484054488192,0.005861832015545494
GARCH,EURUSD=X,2026-06-25 15:00:00,0.008438017475995109,0.005973206748426999
GARCH,EURUSD=X,2026-06-25 15:15:00,0.009118114265344882,0.005994108848390471
GARCH,EURUSD=X,2026-06-25 15:30:00,0.009060856309751385,0.0060047409933436345
GARCH,EURUSD=X,2026-06-25 15:45:00,0.008849785558830788,0.006009847007066099
GARCH,EURUSD=X,2026-06-25 16:00:00,0.008661680634397883,0.006028217537391002
GARCH,EURUSD=X,2026-06-25 16:15:00,0.008535759272393981,0.00606392417243026
GARCH,EURUSD=X,2026-06-25 16:30:00,0.008667488543560116,0.006071189028031502
GARCH,EURUSD=X,2026-06-25 16:45:00,0.008506124203870232,0.006042287982216469
GARCH,EURUSD=X,2026-06-25 17:00:00,0.008237364615236536,0.006039401478585214
GARCH,EURUSD=X,2026-06-25 17:15:00,0.007994510087464326,0.006038689972289018
GARCH,EURUSD=X,2026-06-25 17:30:00,0.007748605004864381,0.006036491185398676
GARCH,EURUSD=X,2026-06-25 17:45:00,0.007524142119417644,0.006046392192447079
GARCH,EURUSD=X,2026-06-25 18:00:00,0.007401060962820539,0.006046392192447079
GARCH,EURUSD=X,2026-06-25 18:15:00,0.007182662662419971,0.0060536780877406314
GARCH,EURUSD=X,2026-06-25 18:30:00,0.00709570305108539,0.006048639474135624
GARCH,EURUSD=X,2026-06-25 18:45:00,0.006891678351807422,0.006051490289117881
GARCH,EURUSD=X,2026-06-25 19:00:00,0.006757565737442969,0.006069297048787089
GARCH,EURUSD=X,2026-06-25 19:15:00,0.006757711513569394,0.00607718460070102
GARCH,EURUSD=X,2026-06-25 19:30:00,0.006694407145767445,0.006061204411819279
GARCH,EURUSD=X,2026-06-25 19:45:00,0.0065096709461688875,0.006060563371390987
GARCH,EURUSD=X,2026-06-25 20:00:00,0.006350166156331689,0.0060569799159094625
GARCH,EURUSD=X,2026-06-25 20:15:00,0.006194407017464442,0.006056972982299032
GARCH,EURUSD=X,2026-06-25 20:30:00,0.006050196548666046,0.0060605767677664344
GARCH,EURUSD=X,2026-06-25 20:45:00,0.005965237341178379,0.006060530610791873
GARCH,EURUSD=X,2026-06-25 21:00:00,0.005868451044455907,0.0060626437024376015
GARCH,EURUSD=X,2026-06-25 21:15:00,0.005790970784638917,0.00606465185892535
GARCH,EURUSD=X,2026-06-25 21:30:00,0.005775683383868879,0.006063977514542512
GARCH,EURUSD=X,2026-06-25 21:45:00,0.005652029538863919,0.006023362795461612
GARCH,EURUSD=X,2026-06-25 22:00:00,0.005537683710947389,0.006004839952974508
GARCH,EURUSD=X,2026-06-25 22:15:00,0.005430989251822581,0.005687251883040581
GARCH,EURUSD=X,2026-06-25 22:30:00,0.0053108529400947655,0.005683271378811823
GARCH,EURUSD=X,2026-06-25 22:45:00,0.0051972215312278925,0.005685745974449911
GARCH,EURUSD=X,2026-06-25 23:00:00,0.005166789259619419,0.005662455758997558
GARCH,EURUSD=X,2026-06-25 23:15:00,0.005143184050266974,0.005662448574293882
GARCH,EURUSD=X,2026-06-25 23:30:00,0.005062085673503858,0.005658030468750164
GARCH,EURUSD=X,2026-06-25 23:45:00,0.004984982448715348,0.00565801949515081
GARCH,EURUSD=X,2026-06-26 00:00:00,0.004903989427436634,0.005659489618434053
GARCH,EURUSD=X,2026-06-26 00:15:00,0.004830157405058376,0.005658650992899587
GARCH,EURUSD=X,2026-06-26 00:30:00,0.004743635612565819,0.005654858272757956
GARCH,EURUSD=X,2026-06-26 00:45:00,0.004680114952274897,0.005646807539943685
GARCH,EURUSD=X,2026-06-26 01:00:00,0.004621491155822882,0.005646801670245795
GARCH,EURUSD=X,2026-06-26 01:15:00,0.004566618781145464,0.005673087376175308
GARCH,EURUSD=X,2026-06-26 01:30:00,0.005011365315684489,0.005663634842962947
GARCH,EURUSD=X,2026-06-26 01:45:00,0.004914979642133854,0.005662185157179771
GARCH,EURUSD=X,2026-06-26 02:00:00,0.00482365112353831,0.005654340585310306
GARCH,EURUSD=X,2026-06-26 02:15:00,0.004923410888011867,0.005655856657011483
GARCH,EURUSD=X,2026-06-26 02:30:00,0.004969744996191638,0.005615505706806902
GARCH,EURUSD=X,2026-06-26 02:45:00,0.0048752030642040456,0.0056214336048930206
GARCH,EURUSD=X,2026-06-26 03:00:00,0.004938778661797117,0.0056184366568248125
GARCH,EURUSD=X,2026-06-26 03:15:00,0.004866540358519254,0.005618423272474373
GARCH,EURUSD=X,2026-06-26 03:30:00,0.004851166186572309,0.005627925712194538
GARCH,EURUSD=X,2026-06-26 03:45:00,0.004925163072989664,0.005624792243002467
GARCH,EURUSD=X,2026-06-26 04:00:00,0.004855134820297939,0.005615294298189648
GARCH,EURUSD=X,2026-06-26 04:15:00,0.004787700666457818,0.005572441676431005
GARCH,EURUSD=X,2026-06-26 04:30:00,0.004703734992956798,0.005520742009279955
GARCH,EURUSD=X,2026-06-26 04:45:00,0.004697020950921158,0.005516188761057326
GARCH,EURUSD=X,2026-06-26 05:00:00,0.004618405781929238,0.005502285226046646
GARCH,EURUSD=X,2026-06-26 05:15:00,0.004618210199405348,0.005502306418018535
GARCH,EURUSD=X,2026-06-26 05:30:00,0.004565149104634118,0.005497557623549703
GARCH,EURUSD=X,2026-06-26 05:45:00,0.004494394223462132,0.005516299258575522
GARCH,EURUSD=X,2026-06-26 06:00:00,0.00476349241803759,0.005527021541017196
GARCH,EURUSD=X,2026-06-26 06:15:00,0.0048235413989060625,0.005517636713023145
GARCH,EURUSD=X,2026-06-26 06:30:00,0.0047561857702022,0.00550808405954162
GARCH,EURUSD=X,2026-06-26 06:45:00,0.004695366381135355,0.005509305597750244
GARCH,EURUSD=X,2026-06-26 07:00:00,0.004633042106878401,0.005509301242318887
GARCH,EURUSD=X,2026-06-26 07:15:00,0.004641888286602815,0.005593718389106506
GARCH,EURUSD=X,2026-06-26 07:30:00,0.005822830965098987,0.00558426340039436
GARCH,EURUSD=X,2026-06-26 07:45:00,0.005704953958018864,0.00562562827972349
GARCH,EURUSD=X,2026-06-26 08:00:00,0.0061008342749000405,0.005628740050686597
GARCH,EURUSD=X,2026-06-26 08:15:00,0.006015834921393835,0.005642369858056069
GARCH,EURUSD=X,2026-06-26 08:30:00,0.006104616247492815,0.005642378665821612
GARCH,EURUSD=X,2026-06-26 08:45:00,0.005959405755765789,0.005653204311828086
GARCH,EURUSD=X,2026-06-26 09:00:00,0.005955485253664027,0.005669753630796453
GARCH,EURUSD=X,2026-06-26 09:15:00,0.006021646813447546,0.005669007535296632
GARCH,EURUSD=X,2026-06-26 09:30:00,0.005931656893418337,0.0056657759865923
GARCH,EURUSD=X,2026-06-26 09:45:00,0.00580250530486857,0.00566094582165953
GARCH,EURUSD=X,2026-06-26 10:00:00,0.005726188057078938,0.005660947828685972
GARCH,EURUSD=X,2026-06-26 10:15:00,0.005608857351866384,0.005660947828685972
GARCH,EURUSD=X,2026-06-26 10:30:00,0.005479187463299271,0.00566062490474744
GARCH,EURUSD=X,2026-06-26 10:45:00,0.005371061390303101,0.005671478646311361
GARCH,EURUSD=X,2026-06-26 11:00:00,0.005417441679847963,0.005681354797044149
GARCH,EURUSD=X,2026-06-26 11:15:00,0.00542763433448857,0.005700326512389238
GARCH,EURUSD=X,2026-06-26 11:30:00,0.005587925860545349,0.0057005872969220365
GARCH,EURUSD=X,2026-06-26 11:45:00,0.005481266340740567,0.005706198164046069
GARCH,EURUSD=X,2026-06-26 12:00:00,0.005487190360843768,0.00570950326606889
GARCH,EURUSD=X,2026-06-26 12:15:00,0.0054286068244286,0.00571934611749008
GARCH,EURUSD=X,2026-06-26 12:30:00,0.005454387433249147,0.006037382169498147
GARCH,EURUSD=X,2026-06-26 12:45:00,0.00876001419371449,0.006116771686175057
GARCH,EURUSD=X,2026-06-26 13:00:00,0.009261485194069908,0.006124297841708836
GARCH,EURUSD=X,2026-06-26 13:15:00,0.00904029303152679,0.00612351189330225
GARCH,EURUSD=X,2026-06-26 13:30:00,0.008747569942059977,0.00612430615037317
GARCH,EURUSD=X,2026-06-26 13:45:00,0.00847822382694277,0.006129125944287158
GARCH,EURUSD=X,2026-06-26 14:00:00,0.008255918544272003,0.006133910107586807
GARCH,EURUSD=X,2026-06-26 14:15:00,0.008049420299947284,0.006138650482504719
GARCH,EURUSD=X,2026-06-26 14:30:00,0.007855680609705182,0.006406719343168461
GARCH,EURUSD=X,2026-06-26 14:45:00,0.010442440396084758,0.006430401661786244
GARCH,EURUSD=X,2026-06-26 15:00:00,0.010247043283285637,0.006429433871230706
GARCH,EURUSD=X,2026-06-26 15:15:00,0.0099716997393202,0.006428611865349236
GARCH,EURUSD=X,2026-06-26 15:30:00,0.009638411160318236,0.006433028307391598
GARCH,EURUSD=X,2026-06-26 15:45:00,0.009360537983583925,0.006436245447299793
GARCH,EURUSD=X,2026-06-26 16:00:00,0.009099435207132951,0.0064824004909696965
GARCH,EURUSD=X,2026-06-26 16:15:00,0.00934804183424116,0.006474791209447907
GARCH,EURUSD=X,2026-06-26 16:30:00,0.009059221771447547,0.006474791209447907
GARCH,EURUSD=X,2026-06-26 16:45:00,0.008765852187742689,0.006478623816429766
GARCH,EURUSD=X,2026-06-26 17:00:00,0.00852105267392538,0.006486859765206195
GARCH,EURUSD=X,2026-06-26 17:15:00,0.008355234816001492,0.006485766170990047
GARCH,EURUSD=X,2026-06-26 17:30:00,0.008093009093686952,0.006473543986603824
GARCH,EURUSD=X,2026-06-26 17:45:00,0.00789430087189492,0.006472768013375867
GARCH,EURUSD=X,2026-06-26 18:00:00,0.0077433626958612525,0.006472773057824424
GARCH,EURUSD=X,2026-06-26 18:15:00,0.007520432352966686,0.006458166279848616
GARCH,EURUSD=X,2026-06-26 18:30:00,0.007307413250085411,0.006461331501472253
GARCH,EURUSD=X,2026-06-26 18:45:00,0.00714677271894177,0.00645302218860316
GARCH,EURUSD=X,2026-06-26 19:00:00,0.006955846665266483,0.0064586947274238955
GARCH,EURUSD=X,2026-06-26 19:15:00,0.006892525865590568,0.006457582667112748
GARCH,EURUSD=X,2026-06-26 19:30:00,0.00669836737985856,0.006472028153867741
GARCH,EURUSD=X,2026-06-26 19:45:00,0.006705687953873534,0.006464291922042145
GARCH,EURUSD=X,2026-06-26 20:00:00,0.006535688203262657,0.006464007698574177
GARCH,EURUSD=X,2026-06-26 20:15:00,0.006373676624349168,0.006472358536426085
GARCH,EURUSD=X,2026-06-26 20:30:00,0.00633912025421713,0.006469482963404191
GARCH,EURUSD=X,2026-06-26 20:45:00,0.006183361280107633,0.006434960394542003
GARCH,EURUSD=X,2026-06-26 21:00:00,0.006040093555101435,0.00636921316119624
GARCH,EURUSD=X,2026-06-26 21:15:00,0.005887951527414845,0.006365394209275388
GARCH,EURUSD=X,2026-06-26 21:30:00,0.005743619637460617,0.00632772365393304
GARCH,EURUSD=X,2026-06-26 21:45:00,0.00560680291677455,0.006310572229841073
GARCH,EURUSD=X,2026-06-26 22:00:00,0.005477204999465902,0.00630974604361062
GARCH,EURUSD=X,2026-06-26 22:15:00,0.0053545348836874,0.006301049179081543
GARCH,EURUSD=X,2026-06-26 22:30:00,0.005238508145342297,0.006274332815025506
GARCH,EURUSD=X,2026-06-26 22:45:00,0.005128847046180595,0.006145498069499482
GARCH,EURUSD=X,2026-06-28 23:00:00,0.005025280451331609,0.006021123834682594
GARCH,EURUSD=X,2026-06-28 23:15:00,0.004947403697636534,0.006021132391430161
GARCH,EURUSD=X,2026-06-28 23:30:00,0.004875601721381251,0.006024164181546772
GARCH,EURUSD=X,2026-06-28 23:45:00,0.004851080574234999,0.006022864665332691
GARCH,EURUSD=X,2026-06-29 00:00:00,0.00476335809564565,0.006013790060476621
GARCH,EURUSD=X,2026-06-29 00:15:00,0.0047007993718111655,0.006016259345662748
GARCH,EURUSD=X,2026-06-29 00:30:00,0.004690366617255282,0.006016266386017571
GARCH,EURUSD=X,2026-06-29 00:45:00,0.004631723790349528,0.005999277359136102
GARCH,EURUSD=X,2026-06-29 01:00:00,0.004575988949500612,0.005995112246460916
GARCH,EURUSD=X,2026-06-29 01:15:00,0.004522365343309961,0.005987122093592502
GARCH,EURUSD=X,2026-06-29 01:30:00,0.004473541718548037,0.006000802002423627
GARCH,EURUSD=X,2026-06-29 01:45:00,0.004743463379674504,0.006003149001654267
GARCH,EURUSD=X,2026-06-29 02:00:00,0.0047241528813413225,0.006010496234763046
GARCH,EURUSD=X,2026-06-29 02:15:00,0.0049196895896729004,0.006021184729474357
GARCH,EURUSD=X,2026-06-29 02:30:00,0.004991689690030499,0.0060027285716556114
GARCH,EURUSD=X,2026-06-29 02:45:00,0.004895886424298745,0.006002739008720732
GARCH,EURUSD=X,2026-06-29 03:00:00,0.004821986305803223,0.006004155682864207
GARCH,EURUSD=X,2026-06-29 03:15:00,0.004755565030953912,0.005948749908475501
GARCH,EURUSD=X,2026-06-29 03:30:00,0.004673391180253102,0.005954658225763737
GARCH,EURUSD=X,2026-06-29 03:45:00,0.004785458064891543,0.005951039544358576
GARCH,EURUSD=X,2026-06-29 04:00:00,0.004726808268433052,0.005865779953536215
GARCH,EURUSD=X,2026-06-29 04:15:00,0.0046464479471710835,0.005861992416514364
GARCH,EURUSD=X,2026-06-29 04:30:00,0.004570750875382723,0.005846819758292354
GARCH,EURUSD=X,2026-06-29 04:45:00,0.004521969002119743,0.005855196347351866
GARCH,EURUSD=X,2026-06-29 05:00:00,0.004611642027450963,0.005855196347351866
GARCH,EURUSD=X,2026-06-29 05:15:00,0.004538116946732625,0.005852878123257034
GARCH,EURUSD=X,2026-06-29 05:30:00,0.004757646623813915,0.005856627369119454
GARCH,EURUSD=X,2026-06-29 05:45:00,0.004755335417886993,0.005788980265217267
GARCH,EURUSD=X,2026-06-29 06:00:00,0.004695499924050472,0.005783722373067511
GARCH,EURUSD=X,2026-06-29 06:15:00,0.004693841535613905,0.0057765777234836755
GARCH,EURUSD=X,2026-06-29 06:30:00,0.004693369320655903,0.005906188307599743
GARCH,EURUSD=X,2026-06-29 06:45:00,0.006446605853267169,0.005959397460741756
GARCH,EURUSD=X,2026-06-29 07:00:00,0.006922015538405948,0.005925902572108111
GARCH,EURUSD=X,2026-06-29 07:15:00,0.00677264850907345,0.005927323645079123
GARCH,EURUSD=X,2026-06-29 07:30:00,0.006597668099105711,0.00594474674870799
GARCH,EURUSD=X,2026-06-29 07:45:00,0.006659891924428885,0.005934814591121998
GARCH,EURUSD=X,2026-06-29 08:00:00,0.0064862354546988635,0.0059210943411596596
GARCH,EURUSD=X,2026-06-29 08:15:00,0.006375492140905641,0.005918801850715678
GARCH,EURUSD=X,2026-06-29 08:30:00,0.006224781744816932,0.005924665900297753
GARCH,EURUSD=X,2026-06-29 08:45:00,0.006214002487151417,0.005924701062466386
GARCH,EURUSD=X,2026-06-29 09:00:00,0.006100235323547891,0.0059121920445015345
GARCH,EURUSD=X,2026-06-29 09:15:00,0.006000281638211971,0.005912225856964568
GARCH,EURUSD=X,2026-06-29 09:30:00,0.005912462298160529,0.005919837383584175
GARCH,EURUSD=X,2026-06-29 09:45:00,0.005890429312368048,0.00592061409603972
GARCH,EURUSD=X,2026-06-29 10:00:00,0.0057626810947536,0.005922046166550387
GARCH,EURUSD=X,2026-06-29 10:15:00,0.00563999481198951,0.005918294873927749
GARCH,EURUSD=X,2026-06-29 10:30:00,0.005508636698396418,0.0059170395275681045
GARCH,EURUSD=X,2026-06-29 10:45:00,0.005444801692490317,0.0059170395275681045
GARCH,EURUSD=X,2026-06-29 11:00:00,0.0053239434434399924,0.005914742519189847
GARCH,EURUSD=X,2026-06-29 11:15:00,0.00522733457835347,0.0059217547428036255
GARCH,EURUSD=X,2026-06-29 11:30:00,0.005290547087318538,0.005988081048364681
GARCH,EURUSD=X,2026-06-29 11:45:00,0.006084762646382841,0.005993116546229464
GARCH,EURUSD=X,2026-06-29 12:00:00,0.005983015297729494,0.005998115373544383
GARCH,EURUSD=X,2026-06-29 12:15:00,0.0058988648011484126,0.00599872515065358
GARCH,EURUSD=X,2026-06-29 12:30:00,0.005772831199797797,0.006000104142935514
GARCH,EURUSD=X,2026-06-29 12:45:00,0.005653937857551299,0.006002486902084106
GARCH,EURUSD=X,2026-06-29 13:00:00,0.005577562714849203,0.00600109552802417
GARCH,EURUSD=X,2026-06-29 13:15:00,0.005449543434495936,0.00600109552802417
GARCH,EURUSD=X,2026-06-29 13:30:00,0.0053283686864355915,0.00601571576387846
GARCH,EURUSD=X,2026-06-29 13:45:00,0.005460569131343361,0.00601932750752321
GARCH,EURUSD=X,2026-06-29 14:00:00,0.0054084517520906076,0.006027927707799455
GARCH,EURUSD=X,2026-06-29 14:15:00,0.005439021271787749,0.0060286053839815725
GARCH,EURUSD=X,2026-06-29 14:30:00,0.005338960038380952,0.006035590795169348
GARCH,EURUSD=X,2026-06-29 14:45:00,0.005373099352584154,0.006031942227660841
GARCH,EURUSD=X,2026-06-29 15:00:00,0.005269808305033639,0.0060310290736731225
GARCH,EURUSD=X,2026-06-29 15:15:00,0.005175368360182183,0.006031046445331237
GARCH,EURUSD=X,2026-06-29 15:30:00,0.005086861191407416,0.006026194589161064
GARCH,EURUSD=X,2026-06-29 15:45:00,0.005050444344687233,0.0059935339133404784
GARCH,EURUSD=X,2026-06-29 16:00:00,0.005021324041376369,0.005991556225400447
GARCH,EURUSD=X,2026-06-29 16:15:00,0.004940315148905008,0.005989914183559659
GARCH,EURUSD=X,2026-06-29 16:30:00,0.004915476056697699,0.00598468828917234
GARCH,EURUSD=X,2026-06-29 16:45:00,0.004824086039413175,0.0059812521173616615
GARCH,EURUSD=X,2026-06-29 17:00:00,0.004737914291508421,0.005983852208063483
GARCH,EURUSD=X,2026-06-29 17:15:00,0.004842171604227304,0.005983067184907215
GARCH,EURUSD=X,2026-06-29 17:30:00,0.004769167043212902,0.005986619417847198
GARCH,EURUSD=X,2026-06-29 17:45:00,0.004755359992525201,0.005978776946697437
GARCH,EURUSD=X,2026-06-29 18:00:00,0.004692964674936975,0.0059772796170114
GARCH,EURUSD=X,2026-06-29 18:15:00,0.004614539516728849,0.005973747604013719
GARCH,EURUSD=X,2026-06-29 18:30:00,0.004540737744258356,0.005978204969035501
GARCH,EURUSD=X,2026-06-29 18:45:00,0.004557759246257287,0.005982583377633317
GARCH,EURUSD=X,2026-06-29 19:00:00,0.004579786275869043,0.005986254347808265
GARCH,EURUSD=X,2026-06-29 19:15:00,0.004573999520415472,0.005975361538168055
GARCH,EURUSD=X,2026-06-29 19:30:00,0.004502633501856014,0.005974660869431262
GARCH,EURUSD=X,2026-06-29 19:45:00,0.004435589187932206,0.00597023021793734
GARCH,EURUSD=X,2026-06-29 20:00:00,0.004391625114191621,0.005968732871294328
GARCH,EURUSD=X,2026-06-29 20:15:00,0.0043314369196975,0.005978345498926182
GARCH,EURUSD=X,2026-06-29 20:30:00,0.004476004496441627,0.00597754457347382
GARCH,EURUSD=X,2026-06-29 20:45:00,0.004425954562998842,0.005976870771125382
GARCH,EURUSD=X,2026-06-29 21:00:00,0.004363617581406373,0.005980426684590698
GARCH,EURUSD=X,2026-06-29 21:15:00,0.0043807097097254295,0.005951044109668609
GARCH,EURUSD=X,2026-06-29 21:30:00,0.0043212548983469325,0.00594573333198089
GARCH,EURUSD=X,2026-06-29 21:45:00,0.004265458635539382,0.005941996249152346
GARCH,EURUSD=X,2026-06-29 22:00:00,0.004235962791853874,0.005940191773041333
GARCH,EURUSD=X,2026-06-29 22:15:00,0.004210382198241818,0.005941761359418496
GARCH,EURUSD=X,2026-06-29 22:30:00,0.004187414210810902,0.005929616024525737
GARCH,EURUSD=X,2026-06-29 22:45:00,0.0042148012924949395,0.005927642200136057
GARCH,EURUSD=X,2026-06-29 23:00:00,0.00418747305376312,0.0059132028702805345
GARCH,EURUSD=X,2026-06-29 23:15:00,0.004164606905353776,0.005905862603205784
GARCH,EURUSD=X,2026-06-29 23:30:00,0.004144570708050982,0.00589637715384431
GARCH,EURUSD=X,2026-06-29 23:45:00,0.004126516305370756,0.005900075453063536
GARCH,EURUSD=X,2026-06-30 00:00:00,0.004183977067856877,0.005896254559569317
GARCH,EURUSD=X,2026-06-30 00:15:00,0.004239764599615829,0.005877317280107099
GARCH,EURUSD=X,2026-06-30 00:30:00,0.004189379153107734,0.005876623504846509
GARCH,EURUSD=X,2026-06-30 00:45:00,0.0041599222132741205,0.005904240119268199
GARCH,EURUSD=X,2026-06-30 01:00:00,0.005152655538955898,0.005936620766173916
GARCH,EURUSD=X,2026-06-30 01:15:00,0.005563799085405045,0.005947126415375244
GARCH,EURUSD=X,2026-06-30 01:30:00,0.0058560443869432105,0.005947234911750751
GARCH,EURUSD=X,2026-06-30 01:45:00,0.005878714778345655,0.005948727367547032
GARCH,EURUSD=X,2026-06-30 02:00:00,0.005757570000670701,0.005919453703526383
GARCH,EURUSD=X,2026-06-30 02:15:00,0.005620200181347994,0.005920115283052269
GARCH,EURUSD=X,2026-06-30 02:30:00,0.005503471008217937,0.005920129151311885
GARCH,EURUSD=X,2026-06-30 02:45:00,0.005397177784669191,0.005911597676535705
GARCH,EURUSD=X,2026-06-30 03:00:00,0.005278845556361122,0.005922745957670909
GARCH,EURUSD=X,2026-06-30 03:15:00,0.005336820019693264,0.005605123527104411
GARCH,EURUSD=X,2026-06-30 03:30:00,0.005244653248195049,0.005529184851222342
GARCH,EURUSD=X,2026-06-30 03:45:00,0.00514817138387956,0.005530697940969859
GARCH,EURUSD=X,2026-06-30 04:00:00,0.005063098384707173,0.005416541367160876
GARCH,EURUSD=X,2026-06-30 04:15:00,0.004984334500677737,0.005412224224610371
GARCH,EURUSD=X,2026-06-30 04:30:00,0.004904072340505136,0.00545539943550374
GARCH,EURUSD=X,2026-06-30 04:45:00,0.005496509245949039,0.005359687314343714
GARCH,EURUSD=X,2026-06-30 05:00:00,0.005373470502140576,0.0053556345114709955
GARCH,EURUSD=X,2026-06-30 05:15:00,0.005269399753465416,0.005325872130310459
GARCH,EURUSD=X,2026-06-30 05:30:00,0.005158036368351745,0.0053652288750270115
GARCH,EURUSD=X,2026-06-30 05:45:00,0.005709708453355906,0.005384270527032523
GARCH,EURUSD=X,2026-06-30 06:00:00,0.005782777679590575,0.005322717651223392
GARCH,EURUSD=X,2026-06-30 06:15:00,0.0063222175773969035,0.005292644094911491
GARCH,EURUSD=X,2026-06-30 06:30:00,0.00617650285668137,0.005292675963488037
GARCH,EURUSD=X,2026-06-30 06:45:00,0.006150520318568116,0.005285731525157833
GARCH,EURUSD=X,2026-06-30 07:00:00,0.006056373999280185,0.005271302869846397
GARCH,EURUSD=X,2026-06-30 07:15:00,0.005966559078922358,0.0052309280120116245
GARCH,EURUSD=X,2026-06-30 07:30:00,0.00587717100114806,0.005251306452040351
GARCH,EURUSD=X,2026-06-30 07:45:00,0.006148565276445144,0.005283086360665719
GARCH,EURUSD=X,2026-06-30 08:00:00,0.006413935737116173,0.005283089389005123
GARCH,EURUSD=X,2026-06-30 08:15:00,0.006267025778796136,0.005303253546104634
GARCH,EURUSD=X,2026-06-30 08:30:00,0.00637295850652729,0.005332196213421587
GARCH,EURUSD=X,2026-06-30 08:45:00,0.006501371583072049,0.0053226904313981305
GARCH,EURUSD=X,2026-06-30 09:00:00,0.006341049726117413,0.005324028015527609
GARCH,EURUSD=X,2026-06-30 09:15:00,0.006187530297147283,0.005313749800350012
GARCH,EURUSD=X,2026-06-30 09:30:00,0.006041382348157137,0.005324304878659788
GARCH,EURUSD=X,2026-06-30 09:45:00,0.006015545340550162,0.005330613419637642
GARCH,EURUSD=X,2026-06-30 10:00:00,0.006002684886819655,0.005316291121809766
GARCH,EURUSD=X,2026-06-30 10:15:00,0.005905510204719731,0.005309345291360691
GARCH,EURUSD=X,2026-06-30 10:30:00,0.005819369907190286,0.005313848759176794
GARCH,EURUSD=X,2026-06-30 10:45:00,0.005740938175575786,0.0053240778579033
GARCH,EURUSD=X,2026-06-30 11:00:00,0.005749497286110915,0.005323045756155468
GARCH,EURUSD=X,2026-06-30 11:15:00,0.0056124186481419985,0.005326908466737537
GARCH,EURUSD=X,2026-06-30 11:30:00,0.005555435160248623,0.005326929609475628
GARCH,EURUSD=X,2026-06-30 11:45:00,0.005505953568485317,0.005326949293800629
GARCH,EURUSD=X,2026-06-30 12:00:00,0.005436369001304826,0.005341959403873004
GARCH,EURUSD=X,2026-06-30 12:15:00,0.005600618984997698,0.005374353878542762
GARCH,EURUSD=X,2026-06-30 12:30:00,0.005965867159609714,0.005374357820211327
GARCH,EURUSD=X,2026-06-30 12:45:00,0.005829930211648189,0.005377415105835166
GARCH,EURUSD=X,2026-06-30 13:00:00,0.005747682300155863,0.005376978051057613
GARCH,EURUSD=X,2026-06-30 13:15:00,0.005627611415087842,0.005378416027901525
GARCH,EURUSD=X,2026-06-30 13:30:00,0.005512389246176115,0.005379846723688786
GARCH,EURUSD=X,2026-06-30 13:45:00,0.005406132192941292,0.005403592774287019
GARCH,EURUSD=X,2026-06-30 14:00:00,0.0056566075376259135,0.005454946566412534
GARCH,EURUSD=X,2026-06-30 14:15:00,0.006237380728783527,0.00547100656498874
GARCH,EURUSD=X,2026-06-30 14:30:00,0.006319743669244313,0.00560757967587293
GARCH,EURUSD=X,2026-06-30 14:45:00,0.00766459059375983,0.005627545080541092
GARCH,EURUSD=X,2026-06-30 15:00:00,0.0075969714360298365,0.005647181854575567
GARCH,EURUSD=X,2026-06-30 15:15:00,0.00757201052348416,0.005652629412220561
GARCH,EURUSD=X,2026-06-30 15:30:00,0.0074041606730764235,0.005663401526945284
GARCH,EURUSD=X,2026-06-30 15:45:00,0.007316828599636114,0.005664104907901012
GARCH,EURUSD=X,2026-06-30 16:00:00,0.007120478813515505,0.005664113169994288
GARCH,EURUSD=X,2026-06-30 16:15:00,0.0069323486343701255,0.005637465189318221
GARCH,EURUSD=X,2026-06-30 16:30:00,0.0067809886306905475,0.005642895279392683
GARCH,EURUSD=X,2026-06-30 16:45:00,0.006649694597618568,0.005646742313876313
GARCH,EURUSD=X,2026-06-30 17:00:00,0.006515119247414742,0.005638919904230113
GARCH,EURUSD=X,2026-06-30 17:15:00,0.00639295236827341,0.005629874513145022
GARCH,EURUSD=X,2026-06-30 17:30:00,0.006223104155481778,0.005633664384791227
GARCH,EURUSD=X,2026-06-30 17:45:00,0.006117759311177436,0.005641468630413671
GARCH,EURUSD=X,2026-06-30 18:00:00,0.00618739112378229,0.005642362297277317
GARCH,EURUSD=X,2026-06-30 18:15:00,0.006039090500009716,0.0056502528004527324
GARCH,EURUSD=X,2026-06-30 18:30:00,0.0060318738558021966,0.005641816431466317
GARCH,EURUSD=X,2026-06-30 18:45:00,0.0058919824920383715,0.005642543027710093
GARCH,EURUSD=X,2026-06-30 19:00:00,0.005764676897207607,0.0056615634910840455
GARCH,EURUSD=X,2026-06-30 19:15:00,0.0059051626981612045,0.005665563967486677
GARCH,EURUSD=X,2026-06-30 19:30:00,0.005808744452412641,0.0057011611648596005
GARCH,EURUSD=X,2026-06-30 19:45:00,0.0061689379947155384,0.005702662358396823
GARCH,EURUSD=X,2026-06-30 20:00:00,0.006020838898497361,0.005700246065482037
GARCH,EURUSD=X,2026-06-30 20:15:00,0.005884671841643372,0.005700872060888648
GARCH,EURUSD=X,2026-06-30 20:30:00,0.0057579411337047234,0.005702317196181881
GARCH,EURUSD=X,2026-06-30 20:45:00,0.005639197253750525,0.00569411608017343
GARCH,EURUSD=X,2026-06-30 21:00:00,0.005671969778058983,0.00568873257388771
GARCH,EURUSD=X,2026-06-30 21:15:00,0.005591122283299848,0.0056967098586273674
GARCH,EURUSD=X,2026-06-30 21:30:00,0.005597233782778642,0.005696048080070163
GARCH,EURUSD=X,2026-06-30 21:45:00,0.005486445216789903,0.0057065659891835825
GARCH,EURUSD=X,2026-06-30 22:00:00,0.005518083454093972,0.005701375164170134
GARCH,EURUSD=X,2026-06-30 22:15:00,0.005393290337265508,0.005610818356325617
GARCH,EURUSD=X,2026-06-30 22:30:00,0.005275170163845555,0.005611306806203434
GARCH,EURUSD=X,2026-06-30 22:45:00,0.005183052431667401,0.005571910943084866
GARCH,EURUSD=X,2026-06-30 23:00:00,0.005097389559243355,0.005568859298662281
GARCH,EURUSD=X,2026-06-30 23:15:00,0.005017291175347156,0.0055518314449744385
GARCH,EURUSD=X,2026-06-30 23:30:00,0.004942265879176352,0.005555455275709007
GARCH,EURUSD=X,2026-06-30 23:45:00,0.004934522699160711,0.005544578337220321
GARCH,EURUSD=X,2026-07-01 00:00:00,0.0048421268332702015,0.005526079879862137
GARCH,EURUSD=X,2026-07-01 00:15:00,0.004754924745037779,0.005532266073630296
GARCH,EURUSD=X,2026-07-01 00:30:00,0.0048611422154084,0.005532267412048213
GARCH,EURUSD=X,2026-07-01 00:45:00,0.004786519439574781,0.005546462420498616
GARCH,EURUSD=X,2026-07-01 01:00:00,0.005028603943780283,0.005546426656004049
GARCH,EURUSD=X,2026-07-01 01:15:00,0.004943032434154175,0.005547628054032122
GARCH,EURUSD=X,2026-07-01 01:30:00,0.004871416156765782,0.005547648628660755
GARCH,EURUSD=X,2026-07-01 01:45:00,0.0048049371040284955,0.005537000974738356
GARCH,EURUSD=X,2026-07-01 02:00:00,0.00471992305210561,0.005527595094213307
GARCH,EURUSD=X,2026-07-01 02:15:00,0.00465665335438557,0.005508554613264726
GARCH,EURUSD=X,2026-07-01 02:30:00,0.004580329743614727,0.005507317017220362
GARCH,EURUSD=X,2026-07-01 02:45:00,0.0045085731682639645,0.00549792477446242
GARCH,EURUSD=X,2026-07-01 03:00:00,0.004459755037506459,0.005498002413579758
GARCH,EURUSD=X,2026-07-01 03:15:00,0.0044809866388798554,0.005491936860805368
GARCH,EURUSD=X,2026-07-01 03:30:00,0.004507918593295916,0.005138900893529882
GARCH,EURUSD=X,2026-07-01 03:45:00,0.004507547941574103,0.0050359413028842025
GARCH,EURUSD=X,2026-07-01 04:00:00,0.004440214280397317,0.005023826679375557
GARCH,EURUSD=X,2026-07-01 04:15:00,0.004376998349326,0.005035905998866103
GARCH,EURUSD=X,2026-07-01 04:30:00,0.004485958979786197,0.005035901966355334
GARCH,EURUSD=X,2026-07-01 04:45:00,0.004442337725844664,0.005030901859105549
GARCH,EURUSD=X,2026-07-01 05:00:00,0.004379101689885717,0.005025853042317853
GARCH,EURUSD=X,2026-07-01 05:15:00,0.004319692486796529,0.005020764783706721
GARCH,EURUSD=X,2026-07-01 05:30:00,0.004263983409228935,0.004688066168999155
GARCH,EURUSD=X,2026-07-01 05:45:00,0.0044160967099461145,0.004659091993433519
GARCH,EURUSD=X,2026-07-01 06:00:00,0.0044524066111622075,0.004646437212909856
GARCH,EURUSD=X,2026-07-01 06:15:00,0.004388699084822411,0.004651991720713339
GARCH,EURUSD=X,2026-07-01 06:30:00,0.004423026334478016,0.004652083437979318
GARCH,EURUSD=X,2026-07-01 06:45:00,0.004429134635392244,0.004681402191561914
GARCH,EURUSD=X,2026-07-01 07:00:00,0.004891907647564032,0.004618307362396305
GARCH,EURUSD=X,2026-07-01 07:15:00,0.004895611585536846,0.004639201828809633
GARCH,EURUSD=X,2026-07-01 07:30:00,0.005053620576206446,0.004644644608596517
GARCH,EURUSD=X,2026-07-01 07:45:00,0.005024660601398221,0.004640687834923295
GARCH,EURUSD=X,2026-07-01 08:00:00,0.004943194250970331,0.004650601947410538
GARCH,EURUSD=X,2026-07-01 08:15:00,0.005162542700740269,0.004663003490004396
GARCH,EURUSD=X,2026-07-01 08:30:00,0.005189202289205602,0.004670095141399807
GARCH,EURUSD=X,2026-07-01 08:45:00,0.005248858814669203,0.004663196658292276
GARCH,EURUSD=X,2026-07-01 09:00:00,0.005197095653996245,0.00468428327044993
GARCH,EURUSD=X,2026-07-01 09:15:00,0.005385379345465191,0.004688503536523348
GARCH,EURUSD=X,2026-07-01 09:30:00,0.005350556039342506,0.004688503536523348
GARCH,EURUSD=X,2026-07-01 09:45:00,0.005318221643613003,0.004688483718723323
GARCH,EURUSD=X,2026-07-01 10:00:00,0.005216382962591458,0.0046978032738764774
GARCH,EURUSD=X,2026-07-01 10:15:00,0.005355600963919101,0.004699084761654775
GARCH,EURUSD=X,2026-07-01 10:30:00,0.005259110379220648,0.004689523866627672
GARCH,EURUSD=X,2026-07-01 10:45:00,0.005297835432641704,0.004710706206008478
GARCH,EURUSD=X,2026-07-01 11:00:00,0.0054603564404511855,0.004710704965271843
GARCH,EURUSD=X,2026-07-01 11:15:00,0.005351834354070637,0.00469805871934135
GARCH,EURUSD=X,2026-07-01 11:30:00,0.005235954883929062,0.004764434782864474
GARCH,EURUSD=X,2026-07-01 11:45:00,0.005991322515045708,0.004768517123726891
GARCH,EURUSD=X,2026-07-01 12:00:00,0.005924465069324818,0.004773908387211602
GARCH,EURUSD=X,2026-07-01 12:15:00,0.005857434827606659,0.004839608986739063
GARCH,EURUSD=X,2026-07-01 12:30:00,0.006530037073054549,0.004839608986739063
GARCH,EURUSD=X,2026-07-01 12:45:00,0.006354624757609982,0.004886765270015541
GARCH,EURUSD=X,2026-07-01 13:00:00,0.006754458577961505,0.005217518625192417
GARCH,EURUSD=X,2026-07-01 13:15:00,0.009141002476475252,0.005456204871321525
GARCH,EURUSD=X,2026-07-01 13:30:00,0.010592207630854125,0.00551512873371142
GARCH,EURUSD=X,2026-07-01 13:45:00,0.010613674054247109,0.005544223839511177
GARCH,EURUSD=X,2026-07-01 14:00:00,0.010455242242092678,0.005600854807928421
GARCH,EURUSD=X,2026-07-01 14:15:00,0.0105426025216319,0.0056179504894522244
GARCH,EURUSD=X,2026-07-01 14:30:00,0.010303672645787503,0.005618253688672712
GARCH,EURUSD=X,2026-07-01 14:45:00,0.009992954844196548,0.005660024660585677
GARCH,EURUSD=X,2026-07-01 15:00:00,0.010022084498970915,0.005677153303137828
GARCH,EURUSD=X,2026-07-01 15:15:00,0.009806959719694858,0.005745574173448456
GARCH,EURUSD=X,2026-07-01 15:30:00,0.010115688076704194,0.005749009813143655
GARCH,EURUSD=X,2026-07-01 15:45:00,0.009801861138727944,0.005766043500053445
GARCH,EURUSD=X,2026-07-01 16:00:00,0.009609854205054207,0.005766043500053446
GARCH,EURUSD=X,2026-07-01 16:15:00,0.009300517163593688,0.005792859358317355
GARCH,EURUSD=X,2026-07-01 16:30:00,0.009262933280297128,0.005776168244755936
GARCH,EURUSD=X,2026-07-01 16:45:00,0.008966857338419612,0.005772693175073922
GARCH,EURUSD=X,2026-07-01 17:00:00,0.008689450011901674,0.005772672165874181
GARCH,EURUSD=X,2026-07-01 17:15:00,0.008562412171349933,0.0057805008430178
GARCH,EURUSD=X,2026-07-01 17:30:00,0.008467964524014736,0.0057805008430178
GARCH,EURUSD=X,2026-07-01 17:45:00,0.008200671735735835,0.005783668680289106
GARCH,EURUSD=X,2026-07-01 18:00:00,0.00799628631498178,0.005783666913769414
GARCH,EURUSD=X,2026-07-01 18:15:00,0.007765032996217222,0.005784867830545797
GARCH,EURUSD=X,2026-07-01 18:30:00,0.007538981612494881,0.005776067307398891
GARCH,EURUSD=X,2026-07-01 18:45:00,0.007325202839703461,0.0057749710965000235
GARCH,EURUSD=X,2026-07-01 19:00:00,0.00711024869560033,0.005776066277758194
GARCH,EURUSD=X,2026-07-01 19:15:00,0.006919201023039222,0.0057772238025008285
GARCH,EURUSD=X,2026-07-01 19:30:00,0.006735047082827006,0.005776120664311583
GARCH,EURUSD=X,2026-07-01 19:45:00,0.006548291322837883,0.005770282130072167
GARCH,EURUSD=X,2026-07-01 20:00:00,0.00643132171742009,0.005770282130072167
GARCH,EURUSD=X,2026-07-01 20:15:00,0.006259532184637499,0.005752889481496582
GARCH,EURUSD=X,2026-07-01 20:30:00,0.006113178273238755,0.0057493716204617155
GARCH,EURUSD=X,2026-07-01 20:45:00,0.0059697649089969175,0.005752877037467455
GARCH,EURUSD=X,2026-07-01 21:00:00,0.005877751853369226,0.005749103792433295
GARCH,EURUSD=X,2026-07-01 21:15:00,0.005748670601925871,0.005745554926809898
GARCH,EURUSD=X,2026-07-01 21:30:00,0.005626094629411896,0.005621492545262162
GARCH,EURUSD=X,2026-07-01 21:45:00,0.00576916495414746,0.005577125763432196
GARCH,EURUSD=X,2026-07-01 22:00:00,0.005750222270184885,0.0055734047929573245
GARCH,EURUSD=X,2026-07-01 22:15:00,0.00562895093181786,0.00557243233863219
GARCH,EURUSD=X,2026-07-01 22:30:00,0.005498220032670887,0.005555357437703576
GARCH,EURUSD=X,2026-07-01 22:45:00,0.005391761595386613,0.005554007678890144
GARCH,EURUSD=X,2026-07-01 23:00:00,0.005273718615232002,0.00554963597899807
GARCH,EURUSD=X,2026-07-01 23:15:00,0.005162118847584448,0.00554963418549133
GARCH,EURUSD=X,2026-07-01 23:30:00,0.0050762095318387,0.005539470208594721
GARCH,EURUSD=X,2026-07-01 23:45:00,0.004975620424844888,0.005539454537303877
GARCH,EURUSD=X,2026-07-02 00:00:00,0.004946153434054796,0.005538844000387269
GARCH,EURUSD=X,2026-07-02 00:15:00,0.0049284482694261535,0.00553444783761286
GARCH,EURUSD=X,2026-07-02 00:30:00,0.004836262599537045,0.005523333258045777
GARCH,EURUSD=X,2026-07-02 00:45:00,0.004749372681920072,0.0055233270996125055
GARCH,EURUSD=X,2026-07-02 01:00:00,0.004684743582916325,0.005522316639067182
GARCH,EURUSD=X,2026-07-02 01:15:00,0.004606756119907295,0.005533369371386706
GARCH,EURUSD=X,2026-07-02 01:30:00,0.004694038039223901,0.005529360090439069
GARCH,EURUSD=X,2026-07-02 01:45:00,0.004632520159686779,0.0055404072248339585
GARCH,EURUSD=X,2026-07-02 02:00:00,0.0047176379308898455,0.0055393648110124245
GARCH,EURUSD=X,2026-07-02 02:15:00,0.004637880194370435,0.005529098675030367
GARCH,EURUSD=X,2026-07-02 02:30:00,0.00456270727455563,0.005456232543791561
GARCH,EURUSD=X,2026-07-02 02:45:00,0.00457665181307942,0.005456212433828981
GARCH,EURUSD=X,2026-07-02 03:00:00,0.004596104093676751,0.005451799325050145
GARCH,EURUSD=X,2026-07-02 03:15:00,0.004523573740736118,0.00545213461751218
GARCH,EURUSD=X,2026-07-02 03:30:00,0.0044720522133604446,0.005452434033061849
GARCH,EURUSD=X,2026-07-02 03:45:00,0.004425929836810058,0.005458517721427086
GARCH,EURUSD=X,2026-07-02 04:00:00,0.004533189523306223,0.005459572960751996
GARCH,EURUSD=X,2026-07-02 04:15:00,0.004481422690008703,0.005460902640963916
GARCH,EURUSD=X,2026-07-02 04:30:00,0.004434850746585042,0.005442478419578082
