model_name,asset_symbol,timestamp,predicted_value,real_value
GARCH,GC=F,2026-06-03 13:00:00,0.02202018088347434,0.018935752686022305
GARCH,GC=F,2026-06-03 13:15:00,0.030255763920080718,0.01953216372545292
GARCH,GC=F,2026-06-03 13:30:00,0.044620038863330755,0.0200561013515135
GARCH,GC=F,2026-06-03 13:45:00,0.049453904841594606,0.02005322269989223
GARCH,GC=F,2026-06-03 14:00:00,0.044335807738994294,0.02005207809301683
GARCH,GC=F,2026-06-03 14:15:00,0.038658445020386754,0.02005686050708803
GARCH,GC=F,2026-06-03 14:30:00,0.03438551965894454,0.02016485580786289
GARCH,GC=F,2026-06-03 14:45:00,0.033678038706827854,0.020315529728163775
GARCH,GC=F,2026-06-03 15:00:00,0.03479904305714328,0.020299398286034998
GARCH,GC=F,2026-06-03 15:15:00,0.03083933828967237,0.020271609859742284
GARCH,GC=F,2026-06-03 15:30:00,0.028928542221272086,0.02024224071134242
GARCH,GC=F,2026-06-03 15:45:00,0.026315646459000162,0.02020223979505453
GARCH,GC=F,2026-06-03 16:00:00,0.024631600731536134,0.02018007176788261
GARCH,GC=F,2026-06-03 16:15:00,0.02313357496577953,0.02015973995376016
GARCH,GC=F,2026-06-03 16:30:00,0.02202319477771724,0.02010055998580905
GARCH,GC=F,2026-06-03 16:45:00,0.02135272647471856,0.020040274681646788
GARCH,GC=F,2026-06-03 17:00:00,0.020571464295298218,0.02004579150728103
GARCH,GC=F,2026-06-03 17:15:00,0.020524828820346026,0.01998978237469666
GARCH,GC=F,2026-06-03 17:30:00,0.020048563297298545,0.01998903314204219
GARCH,GC=F,2026-06-03 17:45:00,0.01969809826234435,0.01998750336420219
GARCH,GC=F,2026-06-03 18:00:00,0.01982505846419045,0.02000497844904864
GARCH,GC=F,2026-06-03 18:15:00,0.02036882080289765,0.019902194844447347
GARCH,GC=F,2026-06-03 18:30:00,0.019825300594032983,0.019876501132908626
GARCH,GC=F,2026-06-03 18:45:00,0.019667318518085147,0.01994657108216443
GARCH,GC=F,2026-06-03 19:00:00,0.022483419546910688,0.019947145255175328
GARCH,GC=F,2026-06-03 19:15:00,0.021501878557029664,0.019946390373333633
GARCH,GC=F,2026-06-03 19:30:00,0.0206626191188451,0.019956383892549338
GARCH,GC=F,2026-06-03 19:45:00,0.02063613600536331,0.019948360518878775
GARCH,GC=F,2026-06-03 20:00:00,0.020894743342837502,0.019941954505652268
GARCH,GC=F,2026-06-03 20:15:00,0.020292015684648824,0.019977549735938814
GARCH,GC=F,2026-06-03 20:30:00,0.02176683712200239,0.01997893710772243
GARCH,GC=F,2026-06-03 20:45:00,0.020907511442881138,0.019963610458313113
GARCH,GC=F,2026-06-03 21:00:00,0.020213318959398353,0.019963610458313113
GARCH,GC=F,2026-06-03 21:15:00,0.019712804156453344,0.019864828737897362
GARCH,GC=F,2026-06-03 21:30:00,0.019354744015274927,0.019853729597029496
GARCH,GC=F,2026-06-03 21:45:00,0.01910010847159364,0.019833093526344672
GARCH,GC=F,2026-06-03 22:00:00,0.020287094815576848,0.019826669176078754
GARCH,GC=F,2026-06-03 22:15:00,0.020071529976794664,0.019801596229719415
GARCH,GC=F,2026-06-03 22:30:00,0.020093879641176565,0.019965916654606376
GARCH,GC=F,2026-06-03 22:45:00,0.02765428016524904,0.019908850284053713
GARCH,GC=F,2026-06-03 23:00:00,0.025356310967889584,0.019925948676644118
GARCH,GC=F,2026-06-03 23:15:00,0.024143231577084666,0.01991824629115668
GARCH,GC=F,2026-06-03 23:30:00,0.02329891001461893,0.019923595936965032
GARCH,GC=F,2026-06-03 23:45:00,0.02247028458969065,0.019932671704486097
GARCH,GC=F,2026-06-04 00:00:00,0.0221156273388534,0.019922491717974763
GARCH,GC=F,2026-06-04 00:15:00,0.021304578567509995,0.01992456783039708
GARCH,GC=F,2026-06-04 00:30:00,0.02102635165728738,0.01991814085091871
GARCH,GC=F,2026-06-04 00:45:00,0.02031090271562269,0.020185988566853264
GARCH,GC=F,2026-06-04 01:00:00,0.03165994721779763,0.020190548037029837
GARCH,GC=F,2026-06-04 01:15:00,0.0285648949450384,0.020215630311320995
GARCH,GC=F,2026-06-04 01:30:00,0.02818716939975962,0.020267771307316884
GARCH,GC=F,2026-06-04 01:45:00,0.02755339251065403,0.020276675385093576
GARCH,GC=F,2026-06-04 02:00:00,0.025580118167216257,0.02023389216046415
GARCH,GC=F,2026-06-04 02:15:00,0.023947563622418257,0.0202243747124433
GARCH,GC=F,2026-06-04 02:30:00,0.022566979411324784,0.020440716894465506
GARCH,GC=F,2026-06-04 02:45:00,0.02993125139829185,0.020449677770909492
GARCH,GC=F,2026-06-04 03:00:00,0.02750714975481705,0.020449295796645037
GARCH,GC=F,2026-06-04 03:15:00,0.025378147192388657,0.020531854665183282
GARCH,GC=F,2026-06-04 03:30:00,0.027289023158414295,0.02050921613467939
GARCH,GC=F,2026-06-04 03:45:00,0.02536563598007777,0.02018804426879009
GARCH,GC=F,2026-06-04 04:00:00,0.026306735934779297,0.019733759062055864
GARCH,GC=F,2026-06-04 04:15:00,0.024949815348431142,0.019811153295658267
GARCH,GC=F,2026-06-04 04:30:00,0.02662470108967321,0.019466274403418738
GARCH,GC=F,2026-06-04 04:45:00,0.024584983784487396,0.019330320005501445
GARCH,GC=F,2026-06-04 05:00:00,0.023751223555594926,0.019310459736172157
GARCH,GC=F,2026-06-04 05:15:00,0.023051382315988744,0.01929270166648802
GARCH,GC=F,2026-06-04 05:30:00,0.021799145842421676,0.019325969675383012
GARCH,GC=F,2026-06-04 05:45:00,0.022411322778822497,0.01932032475231371
GARCH,GC=F,2026-06-04 06:00:00,0.02276872488649571,0.019299586244034946
GARCH,GC=F,2026-06-04 06:15:00,0.021823403319646564,0.01929092110234899
GARCH,GC=F,2026-06-04 06:30:00,0.021358574639159522,0.01929028474923921
GARCH,GC=F,2026-06-04 06:45:00,0.020689199622215413,0.019251234621309277
GARCH,GC=F,2026-06-04 07:00:00,0.020862452822428733,0.019253352322159932
GARCH,GC=F,2026-06-04 07:15:00,0.020287372232531155,0.0192736951756568
GARCH,GC=F,2026-06-04 07:30:00,0.020738181491549292,0.019073265053568465
GARCH,GC=F,2026-06-04 07:45:00,0.020091340349597916,0.019038427180451976
GARCH,GC=F,2026-06-04 08:00:00,0.019656743073513002,0.01897392586603962
GARCH,GC=F,2026-06-04 08:15:00,0.019775595630690163,0.018877649062719905
GARCH,GC=F,2026-06-04 08:30:00,0.019399620114650296,0.01885998104707255
GARCH,GC=F,2026-06-04 08:45:00,0.019134578934079622,0.018858388438468796
GARCH,GC=F,2026-06-04 09:00:00,0.018944191597587916,0.018857492617001207
GARCH,GC=F,2026-06-04 09:15:00,0.019000676381202057,0.018873722660845194
GARCH,GC=F,2026-06-04 09:30:00,0.01980179951508863,0.018880850996099378
GARCH,GC=F,2026-06-04 09:45:00,0.019844027821181272,0.018877567459990655
GARCH,GC=F,2026-06-04 10:00:00,0.01945670238271193,0.0188919885793158
GARCH,GC=F,2026-06-04 10:15:00,0.01990608583344049,0.018913947995648633
GARCH,GC=F,2026-06-04 10:30:00,0.020599817704465503,0.018915582108668654
GARCH,GC=F,2026-06-04 10:45:00,0.02031721110673679,0.01890851395054682
GARCH,GC=F,2026-06-04 11:00:00,0.019791243099922126,0.019244574180172228
GARCH,GC=F,2026-06-04 11:15:00,0.03191857617547778,0.01925129638747944
GARCH,GC=F,2026-06-04 11:30:00,0.028892698830598636,0.019715136452843347
GARCH,GC=F,2026-06-04 11:45:00,0.040221387641815716,0.02010271860330963
GARCH,GC=F,2026-06-04 12:00:00,0.04433132812910596,0.02012812201581543
GARCH,GC=F,2026-06-04 12:15:00,0.03900844281071945,0.020143426473006862
GARCH,GC=F,2026-06-04 12:30:00,0.03466087922107047,0.020147517716882585
GARCH,GC=F,2026-06-04 12:45:00,0.030874631095719994,0.02014771223150206
GARCH,GC=F,2026-06-04 13:00:00,0.02777147147915065,0.0201393467866174
GARCH,GC=F,2026-06-04 13:15:00,0.025453118437590707,0.02026475631610064
GARCH,GC=F,2026-06-04 13:30:00,0.02859315156460485,0.020674192025713394
GARCH,GC=F,2026-06-04 13:45:00,0.03909883616569416,0.020754110642054874
GARCH,GC=F,2026-06-04 14:00:00,0.03683331578692165,0.020755665561424552
GARCH,GC=F,2026-06-04 14:15:00,0.03260673595898241,0.020880800821356765
GARCH,GC=F,2026-06-04 14:30:00,0.03382488501976053,0.02098790935454123
GARCH,GC=F,2026-06-04 14:45:00,0.03384470956208774,0.02102734628645586
GARCH,GC=F,2026-06-04 15:00:00,0.03171043458208662,0.020855085672649317
GARCH,GC=F,2026-06-04 15:15:00,0.02845655221513077,0.02081163602809685
GARCH,GC=F,2026-06-04 15:30:00,0.02606001346919764,0.02080095800443551
GARCH,GC=F,2026-06-04 15:45:00,0.025086986935769925,0.020719959330263164
GARCH,GC=F,2026-06-04 16:00:00,0.023563238258169465,0.02073018571904731
GARCH,GC=F,2026-06-04 16:15:00,0.023293804171929264,0.020689331342966723
GARCH,GC=F,2026-06-04 16:30:00,0.02236924961229585,0.020652729110995093
GARCH,GC=F,2026-06-04 16:45:00,0.02152060881250216,0.020660740974014408
GARCH,GC=F,2026-06-04 17:00:00,0.02330808050012301,0.020659340449954277
GARCH,GC=F,2026-06-04 17:15:00,0.022005348893941793,0.02063316051038022
GARCH,GC=F,2026-06-04 17:30:00,0.021015167252422553,0.020526881818254347
GARCH,GC=F,2026-06-04 17:45:00,0.02041010472169758,0.020522950273934124
GARCH,GC=F,2026-06-04 18:00:00,0.019908513858161277,0.020460849096506126
GARCH,GC=F,2026-06-04 18:15:00,0.019555274677114206,0.020472767560125792
GARCH,GC=F,2026-06-04 18:30:00,0.020163864526529768,0.020489382790728587
GARCH,GC=F,2026-06-04 18:45:00,0.020528015133208906,0.02043576639602516
GARCH,GC=F,2026-06-04 19:00:00,0.01994131976565246,0.02044016725753452
GARCH,GC=F,2026-06-04 19:15:00,0.019723740920986624,0.02040206132401288
GARCH,GC=F,2026-06-04 19:30:00,0.019658552301021672,0.020358882620361694
GARCH,GC=F,2026-06-04 19:45:00,0.019982592878583595,0.020368929028216978
GARCH,GC=F,2026-06-04 20:00:00,0.020196174207562277,0.020367304950030016
GARCH,GC=F,2026-06-04 20:15:00,0.019709393095478825,0.020346531373089713
GARCH,GC=F,2026-06-04 20:30:00,0.01969142914919025,0.02028644498547208
GARCH,GC=F,2026-06-04 20:45:00,0.0193669866585539,0.02028178754451399
GARCH,GC=F,2026-06-04 21:00:00,0.019108808592099836,0.020029073501154307
GARCH,GC=F,2026-06-04 21:15:00,0.01892597312913658,0.020029119826961237
GARCH,GC=F,2026-06-04 21:30:00,0.018796930167407744,0.020016498418137445
GARCH,GC=F,2026-06-04 21:45:00,0.0187060704345341,0.019994005010924062
GARCH,GC=F,2026-06-04 22:00:00,0.018648216961025022,0.019968368228355134
GARCH,GC=F,2026-06-04 22:15:00,0.01931794332335895,0.01997614145204797
GARCH,GC=F,2026-06-04 22:30:00,0.01977979668926107,0.019996859692721476
GARCH,GC=F,2026-06-04 22:45:00,0.021437265436716316,0.020001647178001222
GARCH,GC=F,2026-06-04 23:00:00,0.02074563475412338,0.01999076720900192
GARCH,GC=F,2026-06-04 23:15:00,0.02035843308361207,0.02003005864566408
GARCH,GC=F,2026-06-04 23:30:00,0.022139910403160292,0.020029768968778748
GARCH,GC=F,2026-06-04 23:45:00,0.021358402340723576,0.020011253669292788
GARCH,GC=F,2026-06-05 00:00:00,0.022661536248078217,0.01996436419225775
GARCH,GC=F,2026-06-05 00:15:00,0.021718420348670987,0.020002271296088652
GARCH,GC=F,2026-06-05 00:30:00,0.022456715719425868,0.019999467553479203
GARCH,GC=F,2026-06-05 00:45:00,0.022207557957895772,0.020001217645229132
GARCH,GC=F,2026-06-05 01:00:00,0.021210455386075463,0.02000366011394731
GARCH,GC=F,2026-06-05 01:15:00,0.020604943857508332,0.020188523589639365
GARCH,GC=F,2026-06-05 01:30:00,0.02819260421982977,0.020155618296662275
GARCH,GC=F,2026-06-05 01:45:00,0.025678441517329068,0.020143967643429354
GARCH,GC=F,2026-06-05 02:00:00,0.024083408845499737,0.02014599168909876
GARCH,GC=F,2026-06-05 02:15:00,0.02274398630559441,0.020219718697913447
GARCH,GC=F,2026-06-05 02:30:00,0.025477435259393173,0.020221112110166847
GARCH,GC=F,2026-06-05 02:45:00,0.02383469463802876,0.02022064460779837
GARCH,GC=F,2026-06-05 03:00:00,0.022367654846614557,0.020227159761975283
GARCH,GC=F,2026-06-05 03:15:00,0.022348784805522277,0.02023249474497757
GARCH,GC=F,2026-06-05 03:30:00,0.02219586266033281,0.020108848885111913
GARCH,GC=F,2026-06-05 03:45:00,0.021268572696786926,0.020109116809539442
GARCH,GC=F,2026-06-05 04:00:00,0.020511517403732714,0.020100322748673967
GARCH,GC=F,2026-06-05 04:15:00,0.02013571340333492,0.02010034161053804
GARCH,GC=F,2026-06-05 04:30:00,0.019793154231844832,0.020081360160645944
GARCH,GC=F,2026-06-05 04:45:00,0.02029820317735393,0.020097446190127606
GARCH,GC=F,2026-06-05 05:00:00,0.020667448369350677,0.020027018332689033
GARCH,GC=F,2026-06-05 05:15:00,0.020843431690420553,0.01992844704517647
GARCH,GC=F,2026-06-05 05:30:00,0.02028636881062816,0.01994417601066922
GARCH,GC=F,2026-06-05 05:45:00,0.020682233705057576,0.019950804931020968
GARCH,GC=F,2026-06-05 06:00:00,0.020501495592812516,0.019988426411891195
GARCH,GC=F,2026-06-05 06:15:00,0.02177795173506011,0.020016351186495494
GARCH,GC=F,2026-06-05 06:30:00,0.022558996027432977,0.020057132522152906
GARCH,GC=F,2026-06-05 06:45:00,0.02320457824355866,0.02007860708467296
GARCH,GC=F,2026-06-05 07:00:00,0.02376568024680504,0.0201072774383485
GARCH,GC=F,2026-06-05 07:15:00,0.02632876086852742,0.020137775052005303
GARCH,GC=F,2026-06-05 07:30:00,0.025448941469691802,0.020132875773015313
GARCH,GC=F,2026-06-05 07:45:00,0.023684337755655697,0.020127665182823502
GARCH,GC=F,2026-06-05 08:00:00,0.022254350192961795,0.02017333354342468
GARCH,GC=F,2026-06-05 08:15:00,0.02335168837334496,0.020152663084404703
GARCH,GC=F,2026-06-05 08:30:00,0.023359008067554837,0.020154152966299688
GARCH,GC=F,2026-06-05 08:45:00,0.022056624933292898,0.02016693654105134
GARCH,GC=F,2026-06-05 09:00:00,0.021657685210531467,0.0201647118651108
GARCH,GC=F,2026-06-05 09:15:00,0.021338328515247282,0.020101508993863856
GARCH,GC=F,2026-06-05 09:30:00,0.021112736710656266,0.02004119025269767
GARCH,GC=F,2026-06-05 09:45:00,0.02042661422722289,0.020041387308803314
GARCH,GC=F,2026-06-05 10:00:00,0.019870910475687703,0.020033259273647658
GARCH,GC=F,2026-06-05 10:15:00,0.019532444956119523,0.020031149884213537
GARCH,GC=F,2026-06-05 10:30:00,0.019387067396546633,0.020036955124001957
GARCH,GC=F,2026-06-05 10:45:00,0.01939897027878714,0.020069414712271194
GARCH,GC=F,2026-06-05 11:00:00,0.02104850378438976,0.02010182325078805
GARCH,GC=F,2026-06-05 11:15:00,0.021725447236208086,0.020102819717893832
GARCH,GC=F,2026-06-05 11:30:00,0.020892595393024578,0.020136699090034963
GARCH,GC=F,2026-06-05 11:45:00,0.02179205756493737,0.02013731134255325
GARCH,GC=F,2026-06-05 12:00:00,0.020884530668459366,0.020169369707134413
GARCH,GC=F,2026-06-05 12:15:00,0.02181315214767281,0.020600449944409266
GARCH,GC=F,2026-06-05 12:30:00,0.03665557752157955,0.02245776590260817
GARCH,GC=F,2026-06-05 12:45:00,0.07212510829671513,0.022623810354440093
GARCH,GC=F,2026-06-05 13:00:00,0.06360500589032114,0.02281563830702535
GARCH,GC=F,2026-06-05 13:15:00,0.058110944559962685,0.023081384333993545
GARCH,GC=F,2026-06-05 13:30:00,0.055989922418152545,0.02369235332263349
GARCH,GC=F,2026-06-05 13:45:00,0.062188666190495435,0.023639245028278792
GARCH,GC=F,2026-06-05 14:00:00,0.05300747897055543,0.023560413386233974
GARCH,GC=F,2026-06-05 14:15:00,0.0463221209396507,0.023623620762375598
GARCH,GC=F,2026-06-05 14:30:00,0.04413170223495634,0.024091017611264812
GARCH,GC=F,2026-06-05 14:45:00,0.05007540542199263,0.024368360016366972
GARCH,GC=F,2026-06-05 15:00:00,0.05039558153772153,0.024309867434277172
GARCH,GC=F,2026-06-05 15:15:00,0.04343882904093356,0.024306173616562395
GARCH,GC=F,2026-06-05 15:30:00,0.043669789842447924,0.02422679101019706
GARCH,GC=F,2026-06-05 15:45:00,0.03827435389889157,0.024037406218618135
GARCH,GC=F,2026-06-05 16:00:00,0.03378999843054083,0.02403236897485542
GARCH,GC=F,2026-06-05 16:15:00,0.030647004398869585,0.024024545195421236
GARCH,GC=F,2026-06-05 16:30:00,0.027799041714034873,0.02430798358346528
GARCH,GC=F,2026-06-05 16:45:00,0.03712398255531291,0.024302183764722693
GARCH,GC=F,2026-06-05 17:00:00,0.03359286493430252,0.024317306865514792
GARCH,GC=F,2026-06-05 17:15:00,0.03037878214833758,0.024317361036064633
GARCH,GC=F,2026-06-05 17:30:00,0.02748708382403036,0.02430833450934747
GARCH,GC=F,2026-06-05 17:45:00,0.025140251688468004,0.02464967543998577
GARCH,GC=F,2026-06-05 18:00:00,0.03837231506433876,0.024661245482180568
GARCH,GC=F,2026-06-05 18:15:00,0.03386662041536448,0.024703638012689436
GARCH,GC=F,2026-06-05 18:30:00,0.03227577924515775,0.024724020218081583
GARCH,GC=F,2026-06-05 18:45:00,0.029412960920655366,0.024753759902320756
GARCH,GC=F,2026-06-05 19:00:00,0.02885071197662194,0.024768340362049373
GARCH,GC=F,2026-06-05 19:15:00,0.029742829645993677,0.02478395095272044
GARCH,GC=F,2026-06-05 19:30:00,0.028226401636922024,0.02477499143561686
GARCH,GC=F,2026-06-05 19:45:00,0.025700275654904285,0.024762816248230235
GARCH,GC=F,2026-06-05 20:00:00,0.024300795640450464,0.024807433080476986
GARCH,GC=F,2026-06-05 20:15:00,0.02523617954343607,0.02477563366832356
GARCH,GC=F,2026-06-05 20:30:00,0.023732004793576185,0.025048654443482796
GARCH,GC=F,2026-06-05 20:45:00,0.034243145383077905,0.024962733729184918
GARCH,GC=F,2026-06-05 21:00:00,0.03039367039644122,0.024952226354526905
GARCH,GC=F,2026-06-05 21:15:00,0.027372115472859282,0.02495079490848267
GARCH,GC=F,2026-06-05 21:30:00,0.025041021473408025,0.024940805815831416
GARCH,GC=F,2026-06-05 21:45:00,0.023270728222406507,0.024896032437959337
GARCH,GC=F,2026-06-05 22:00:00,0.02194672223589762,0.024734731021004704
GARCH,GC=F,2026-06-05 22:15:00,0.020970238299280682,0.024727699044560632
GARCH,GC=F,2026-06-05 22:30:00,0.02025871389128395,0.02470445086394508
GARCH,GC=F,2026-06-05 22:45:00,0.019745397045111537,0.024697985805866355
GARCH,GC=F,2026-06-05 23:00:00,0.01937798636668005,0.024693417852977136
GARCH,GC=F,2026-06-05 23:15:00,0.019116597799763824,0.024693474785382166
GARCH,GC=F,2026-06-05 23:30:00,0.018931478560995252,0.024553450048819588
GARCH,GC=F,2026-06-05 23:45:00,0.018800810590308716,0.02449236260163804
GARCH,GC=F,2026-06-06 00:00:00,0.01870880000683458,0.02437804990266123
GARCH,GC=F,2026-06-06 00:15:00,0.018644122421982802,0.024319802775226405
GARCH,GC=F,2026-06-06 00:30:00,0.01859871428671847,0.024303770789208878
GARCH,GC=F,2026-06-06 00:45:00,0.018566862515841456,0.023851958201876508
GARCH,GC=F,2026-06-06 01:00:00,0.018544533724965406,0.023845176931047724
GARCH,GC=F,2026-06-06 01:15:00,0.018528887561112078,0.023811202007736915
GARCH,GC=F,2026-06-06 01:30:00,0.018517927380662828,0.023776382484958915
GARCH,GC=F,2026-06-06 01:45:00,0.018510251392990854,0.023767225610427677
GARCH,GC=F,2026-06-06 02:00:00,0.018504876307100036,0.023756720049333855
GARCH,GC=F,2026-06-06 02:15:00,0.018501112817817716,0.023743444450615055
GARCH,GC=F,2026-06-06 02:30:00,0.018498477919742524,0.023738153843728932
GARCH,GC=F,2026-06-06 02:45:00,0.018496633267757398,0.023731307502898362
GARCH,GC=F,2026-06-06 03:00:00,0.018495341901900733,0.023690784190138644
GARCH,GC=F,2026-06-06 03:15:00,0.018494437892150495,0.023643989453126547
GARCH,GC=F,2026-06-06 03:30:00,0.01849380505903252,0.023639627341812595
GARCH,GC=F,2026-06-06 03:45:00,0.018493362062965084,0.023760409151886732
GARCH,GC=F,2026-06-07 22:00:00,0.026087918524201243,0.023766827001826946
GARCH,GC=F,2026-06-07 22:15:00,0.03303930535387632,0.02339415437052437
GARCH,GC=F,2026-06-07 22:30:00,0.0331867007405771,0.02302114000546211
GARCH,GC=F,2026-06-07 22:45:00,0.03264169164299784,0.023164691868305033
GARCH,GC=F,2026-06-07 23:00:00,0.03585150761955789,0.023178570455581606
GARCH,GC=F,2026-06-07 23:15:00,0.032291240969260886,0.02319277445352351
GARCH,GC=F,2026-06-07 23:30:00,0.029687118132051965,0.02313708654877403
GARCH,GC=F,2026-06-07 23:45:00,0.028434292083774775,0.023007608702161175
GARCH,GC=F,2026-06-08 00:00:00,0.02590372586190495,0.023095930095941793
GARCH,GC=F,2026-06-08 00:15:00,0.02752170711032115,0.023102926136925037
GARCH,GC=F,2026-06-08 00:30:00,0.026695827421467817,0.02311033638788237
GARCH,GC=F,2026-06-08 00:45:00,0.02522387463970028,0.023345799886936653
GARCH,GC=F,2026-06-08 01:00:00,0.0339363850909424,0.02351384952317237
GARCH,GC=F,2026-06-08 01:15:00,0.036927410183816414,0.02369508282260153
GARCH,GC=F,2026-06-08 01:30:00,0.0380493666327915,0.023687366971269795
GARCH,GC=F,2026-06-08 01:45:00,0.033433426069336,0.023767035405494272
GARCH,GC=F,2026-06-08 02:00:00,0.0331993103291399,0.023762710042143913
GARCH,GC=F,2026-06-08 02:15:00,0.029766575428467598,0.023763318196585368
GARCH,GC=F,2026-06-08 02:30:00,0.026989925223078706,0.023792911626663336
GARCH,GC=F,2026-06-08 02:45:00,0.026429607329355582,0.023816935095511665
GARCH,GC=F,2026-06-08 03:00:00,0.0260734764621095,0.023806355660932737
GARCH,GC=F,2026-06-08 03:15:00,0.024362135418898773,0.023817230455712407
GARCH,GC=F,2026-06-08 03:30:00,0.023172870643041868,0.023855668095318888
GARCH,GC=F,2026-06-08 03:45:00,0.02388634590798201,0.02381169075044025
GARCH,GC=F,2026-06-08 04:00:00,0.023223469202336193,0.023811662067913006
GARCH,GC=F,2026-06-08 04:15:00,0.02194045460609674,0.023963574221725226
GARCH,GC=F,2026-06-08 04:30:00,0.028933912515029896,0.023996188311876
GARCH,GC=F,2026-06-08 04:45:00,0.027546438903804128,0.024058198095757755
GARCH,GC=F,2026-06-08 05:00:00,0.028754490015414896,0.02413122599946761
GARCH,GC=F,2026-06-08 05:15:00,0.028783142953668763,0.024683455487303236
GARCH,GC=F,2026-06-08 05:30:00,0.04635784082465522,0.02471169061784281
GARCH,GC=F,2026-06-08 05:45:00,0.04069311544885346,0.02486339604489599
GARCH,GC=F,2026-06-08 06:00:00,0.040151917884209416,0.0248704935582135
GARCH,GC=F,2026-06-08 06:15:00,0.035301270463539494,0.024924020920648153
GARCH,GC=F,2026-06-08 06:30:00,0.03358777177841236,0.02493065743400515
GARCH,GC=F,2026-06-08 06:45:00,0.03002080988565947,0.02494549194185756
GARCH,GC=F,2026-06-08 07:00:00,0.02827040486141687,0.02494056876775595
GARCH,GC=F,2026-06-08 07:15:00,0.025820362108524304,0.02494701746739313
GARCH,GC=F,2026-06-08 07:30:00,0.024959723637910925,0.02482650167887722
GARCH,GC=F,2026-06-08 07:45:00,0.025976464783329767,0.024833793125177715
GARCH,GC=F,2026-06-08 08:00:00,0.024684086626693122,0.024831859328519324
GARCH,GC=F,2026-06-08 08:15:00,0.024156335316995566,0.024828773588368026
GARCH,GC=F,2026-06-08 08:30:00,0.023103294238601666,0.024817846801975543
GARCH,GC=F,2026-06-08 08:45:00,0.02205297637289673,0.024810375249055674
GARCH,GC=F,2026-06-08 09:00:00,0.021067926731946504,0.024890327564450636
GARCH,GC=F,2026-06-08 09:15:00,0.02544436067288138,0.025104552968681585
GARCH,GC=F,2026-06-08 09:30:00,0.032271079032126275,0.025105405602814736
GARCH,GC=F,2026-06-08 09:45:00,0.0288952765421976,0.024842031953231807
GARCH,GC=F,2026-06-08 10:00:00,0.02622092960612548,0.024835783971825842
GARCH,GC=F,2026-06-08 10:15:00,0.024198214575954398,0.024937027704425147
GARCH,GC=F,2026-06-08 10:30:00,0.02873784564283216,0.024890952549795686
GARCH,GC=F,2026-06-08 10:45:00,0.026422724495979905,0.025212279762883975
GARCH,GC=F,2026-06-08 11:00:00,0.03676870359339675,0.025268138804452108
GARCH,GC=F,2026-06-08 11:15:00,0.03450980735607638,0.025264417494031317
GARCH,GC=F,2026-06-08 11:30:00,0.030644103699091325,0.025142278509928034
GARCH,GC=F,2026-06-08 11:45:00,0.030012583678116354,0.025213474631545177
GARCH,GC=F,2026-06-08 12:00:00,0.030902247108451283,0.025283104062958688
GARCH,GC=F,2026-06-08 12:15:00,0.030336120790927727,0.025260755200955283
GARCH,GC=F,2026-06-08 12:30:00,0.02906462615157662,0.025253095921210857
GARCH,GC=F,2026-06-08 12:45:00,0.02664466395733648,0.025276485933672366
GARCH,GC=F,2026-06-08 13:00:00,0.029113590971457208,0.025322590766870743
GARCH,GC=F,2026-06-08 13:15:00,0.02872878180425149,0.02528064734038059
GARCH,GC=F,2026-06-08 13:30:00,0.027456271430394703,0.025351569434300534
GARCH,GC=F,2026-06-08 13:45:00,0.02889446355354157,0.025390798479306222
GARCH,GC=F,2026-06-08 14:00:00,0.029073719204032268,0.025383783707201596
GARCH,GC=F,2026-06-08 14:15:00,0.02635825161826744,0.025396667692363643
GARCH,GC=F,2026-06-08 14:30:00,0.024793600039951843,0.025449028824672534
GARCH,GC=F,2026-06-08 14:45:00,0.02641653109052047,0.025447078078830513
GARCH,GC=F,2026-06-08 15:00:00,0.02609679205310604,0.025476943055778505
GARCH,GC=F,2026-06-08 15:15:00,0.025342938202362806,0.025572251284238533
GARCH,GC=F,2026-06-08 15:30:00,0.028057394473060923,0.02557781613232626
GARCH,GC=F,2026-06-08 15:45:00,0.025820257986633424,0.025568919944361137
GARCH,GC=F,2026-06-08 16:00:00,0.023920180302768136,0.025565869120182567
GARCH,GC=F,2026-06-08 16:15:00,0.022431986165774666,0.02556866477723955
GARCH,GC=F,2026-06-08 16:30:00,0.021992637684805003,0.025577841405302126
GARCH,GC=F,2026-06-08 16:45:00,0.02172846437879798,0.025579863360731304
GARCH,GC=F,2026-06-08 17:00:00,0.02105831591690579,0.02557033954727769
GARCH,GC=F,2026-06-08 17:15:00,0.02032409912514835,0.025588311763217724
GARCH,GC=F,2026-06-08 17:30:00,0.021217517821411336,0.025617230522663775
GARCH,GC=F,2026-06-08 17:45:00,0.021817571607622443,0.02562812012141284
GARCH,GC=F,2026-06-08 18:00:00,0.02140558201270667,0.02562486351269109
GARCH,GC=F,2026-06-08 18:15:00,0.020612802535135845,0.025637755989627677
GARCH,GC=F,2026-06-08 18:30:00,0.022242248676513324,0.025631254372464038
GARCH,GC=F,2026-06-08 18:45:00,0.021498746489412444,0.025648247905265636
GARCH,GC=F,2026-06-08 19:00:00,0.022047616030261133,0.02564299541610809
GARCH,GC=F,2026-06-08 19:15:00,0.02135095290822643,0.025625431350236514
GARCH,GC=F,2026-06-08 19:30:00,0.021092485314826825,0.025621110303187155
GARCH,GC=F,2026-06-08 19:45:00,0.02043086421545309,0.025626429727719315
GARCH,GC=F,2026-06-08 20:00:00,0.020067902740399005,0.02535704504215507
GARCH,GC=F,2026-06-08 20:15:00,0.019867496704183352,0.025348285886939357
GARCH,GC=F,2026-06-08 20:30:00,0.01946529376111242,0.02497590800583815
GARCH,GC=F,2026-06-08 20:45:00,0.020154896965118373,0.024692260080029782
GARCH,GC=F,2026-06-08 21:00:00,0.019671421202985356,0.024664939068809774
GARCH,GC=F,2026-06-08 21:15:00,0.01932524883481835,0.024647030717130182
GARCH,GC=F,2026-06-08 21:30:00,0.01907919108019356,0.024640749393884935
GARCH,GC=F,2026-06-08 21:45:00,0.01890504522848459,0.024663500279226987
GARCH,GC=F,2026-06-08 22:00:00,0.020677111547573655,0.02465892176360952
GARCH,GC=F,2026-06-08 22:15:00,0.020050031099040324,0.024547560835028997
GARCH,GC=F,2026-06-08 22:30:00,0.019950555391391282,0.02421954253111749
GARCH,GC=F,2026-06-08 22:45:00,0.01957413083872978,0.02416223512673998
GARCH,GC=F,2026-06-08 23:00:00,0.019261383870058497,0.02420782088683711
GARCH,GC=F,2026-06-08 23:15:00,0.022378059792961147,0.02410070334080604
GARCH,GC=F,2026-06-08 23:30:00,0.021334248285894176,0.024021266998983232
GARCH,GC=F,2026-06-08 23:45:00,0.020901034524915908,0.024007245497429743
GARCH,GC=F,2026-06-09 00:00:00,0.022014871913447795,0.024035512646603693
GARCH,GC=F,2026-06-09 00:15:00,0.02291005131637033,0.02403427333982563
GARCH,GC=F,2026-06-09 00:30:00,0.02183081057263662,0.0240134953406024
GARCH,GC=F,2026-06-09 00:45:00,0.021100132066011662,0.024030412481253646
GARCH,GC=F,2026-06-09 01:00:00,0.021448590332162416,0.02416716515345305
GARCH,GC=F,2026-06-09 01:15:00,0.028077653452653645,0.0241629263444999
GARCH,GC=F,2026-06-09 01:30:00,0.025593645487211318,0.02415755480382964
GARCH,GC=F,2026-06-09 01:45:00,0.023724612628396168,0.02412757635370303
GARCH,GC=F,2026-06-09 02:00:00,0.023076533486271995,0.02414004488959922
GARCH,GC=F,2026-06-09 02:15:00,0.02234854153263412,0.024152226068631197
GARCH,GC=F,2026-06-09 02:30:00,0.021772424327727184,0.024152759701842785
GARCH,GC=F,2026-06-09 02:45:00,0.021246487601954706,0.024160111434251424
GARCH,GC=F,2026-06-09 03:00:00,0.020810899480999477,0.024162506789635666
GARCH,GC=F,2026-06-09 03:15:00,0.02041647066725811,0.02415522966087634
GARCH,GC=F,2026-06-09 03:30:00,0.019947129541649466,0.024138192076112727
GARCH,GC=F,2026-06-09 03:45:00,0.019811663511903183,0.024143608418941507
GARCH,GC=F,2026-06-09 04:00:00,0.02001016184480322,0.024139550838029315
GARCH,GC=F,2026-06-09 04:15:00,0.019828546574016274,0.024140555508833154
GARCH,GC=F,2026-06-09 04:30:00,0.019842302111115317,0.02414701798767313
GARCH,GC=F,2026-06-09 04:45:00,0.02043131074548259,0.024139720094578605
GARCH,GC=F,2026-06-09 05:00:00,0.01991329053237243,0.02414310649586491
GARCH,GC=F,2026-06-09 05:15:00,0.019592602079942206,0.02443342099695585
GARCH,GC=F,2026-06-09 05:30:00,0.032287459361489024,0.024453138398833115
GARCH,GC=F,2026-06-09 05:45:00,0.029732843443571542,0.024457011327701964
GARCH,GC=F,2026-06-09 06:00:00,0.02719073483354956,0.02445869410387542
GARCH,GC=F,2026-06-09 06:15:00,0.025105735896891905,0.024462914116040218
GARCH,GC=F,2026-06-09 06:30:00,0.02371374803001648,0.024500604028414218
GARCH,GC=F,2026-06-09 06:45:00,0.024708541637889953,0.024512379002691303
GARCH,GC=F,2026-06-09 07:00:00,0.023996771678389647,0.024523862389783053
GARCH,GC=F,2026-06-09 07:15:00,0.02355699383906401,0.024520370812576586
GARCH,GC=F,2026-06-09 07:30:00,0.02253103176921238,0.024496233850674082
GARCH,GC=F,2026-06-09 07:45:00,0.021661549552786184,0.02453202290681253
GARCH,GC=F,2026-06-09 08:00:00,0.022649870632955853,0.024536119429793845
GARCH,GC=F,2026-06-09 08:15:00,0.021740476235101027,0.02450589129636969
GARCH,GC=F,2026-06-09 08:30:00,0.020876437196605875,0.024567549803563203
GARCH,GC=F,2026-06-09 08:45:00,0.024195770416135465,0.02454126879825436
GARCH,GC=F,2026-06-09 09:00:00,0.022721870694208567,0.024535474779785522
GARCH,GC=F,2026-06-09 09:15:00,0.02169243000235831,0.024502899552494628
GARCH,GC=F,2026-06-09 09:30:00,0.020831865017214513,0.024522527397318694
GARCH,GC=F,2026-06-09 09:45:00,0.021696500774196808,0.024538324247001968
GARCH,GC=F,2026-06-09 10:00:00,0.02165044997336384,0.02453965526521871
GARCH,GC=F,2026-06-09 10:15:00,0.02101097665195967,0.024393285391454744
GARCH,GC=F,2026-06-09 10:30:00,0.020444267119873225,0.024456756202305176
GARCH,GC=F,2026-06-09 10:45:00,0.023131594354277023,0.02444883045728364
GARCH,GC=F,2026-06-09 11:00:00,0.021934999112288824,0.02444478106636371
GARCH,GC=F,2026-06-09 11:15:00,0.02098226167116346,0.024378939224322632
GARCH,GC=F,2026-06-09 11:30:00,0.020348245914372183,0.02437800135409873
GARCH,GC=F,2026-06-09 11:45:00,0.01984489055482148,0.024380745518019113
GARCH,GC=F,2026-06-09 12:00:00,0.01956665116560946,0.02439549406126032
GARCH,GC=F,2026-06-09 12:15:00,0.02134707423854319,0.024407216958274424
GARCH,GC=F,2026-06-09 12:30:00,0.02206639165341796,0.024404893126759763
GARCH,GC=F,2026-06-09 12:45:00,0.02107469398127127,0.024404782934310282
GARCH,GC=F,2026-06-09 13:00:00,0.0203367371117779,0.024501995859640736
GARCH,GC=F,2026-06-09 13:15:00,0.0256405068114597,0.024498169473960555
GARCH,GC=F,2026-06-09 13:30:00,0.023772116259121245,0.024481155223325196
GARCH,GC=F,2026-06-09 13:45:00,0.022423507202617706,0.024525932549900164
GARCH,GC=F,2026-06-09 14:00:00,0.025114149414615906,0.024519477620663553
GARCH,GC=F,2026-06-09 14:15:00,0.023706778260286807,0.025720076804673364
GARCH,GC=F,2026-06-09 14:30:00,0.0603262326867348,0.026010775510011165
GARCH,GC=F,2026-06-09 14:45:00,0.057518959912416685,0.02603204586420285
GARCH,GC=F,2026-06-09 15:00:00,0.0498959884702872,0.02626236099938923
GARCH,GC=F,2026-06-09 15:15:00,0.0511126475139616,0.026232098405629026
GARCH,GC=F,2026-06-09 15:30:00,0.04397251410703112,0.02624185564045899
GARCH,GC=F,2026-06-09 15:45:00,0.040055905630474654,0.026373235728405303
GARCH,GC=F,2026-06-09 16:00:00,0.041775431119772936,0.026311196435094872
GARCH,GC=F,2026-06-09 16:15:00,0.03689649002539578,0.026607250604690238
GARCH,GC=F,2026-06-09 16:30:00,0.04426246818250189,0.026672098248038265
GARCH,GC=F,2026-06-09 16:45:00,0.03996358307894152,0.026780222851232362
GARCH,GC=F,2026-06-09 17:00:00,0.038432048392611697,0.026741658170443702
GARCH,GC=F,2026-06-09 17:15:00,0.033895523425387875,0.026733146620376243
GARCH,GC=F,2026-06-09 17:30:00,0.030323111254202142,0.026732435222757023
GARCH,GC=F,2026-06-09 17:45:00,0.027569941589391897,0.02672839044105559
GARCH,GC=F,2026-06-09 18:00:00,0.025516176499197272,0.02676313268237788
GARCH,GC=F,2026-06-09 18:15:00,0.02535394479751688,0.026781565928175356
GARCH,GC=F,2026-06-09 18:30:00,0.025760107141712875,0.026824176388211995
GARCH,GC=F,2026-06-09 18:45:00,0.02552272085172273,0.026937332040303123
GARCH,GC=F,2026-06-09 19:00:00,0.030110117303700473,0.02693450213960192
GARCH,GC=F,2026-06-09 19:15:00,0.02729151691892126,0.026967902186468294
GARCH,GC=F,2026-06-09 19:30:00,0.02730079667877133,0.027033634071543446
GARCH,GC=F,2026-06-09 19:45:00,0.027946797606413307,0.02701308205464082
GARCH,GC=F,2026-06-09 20:00:00,0.025482312529204666,0.026983587648201
GARCH,GC=F,2026-06-09 20:15:00,0.02362442968143465,0.026993180307590615
GARCH,GC=F,2026-06-09 20:30:00,0.022538200657508858,0.02695954868369661
GARCH,GC=F,2026-06-09 20:45:00,0.021417627875605933,0.026960227790106792
GARCH,GC=F,2026-06-09 21:00:00,0.020583743830582524,0.026943423532067485
GARCH,GC=F,2026-06-09 21:15:00,0.019979319801253663,0.02663832529884725
GARCH,GC=F,2026-06-09 21:30:00,0.019545104663405997,0.025125631321529437
GARCH,GC=F,2026-06-09 21:45:00,0.01923532281796474,0.024993590097697763
GARCH,GC=F,2026-06-09 22:00:00,0.021017504864924205,0.024830442574859977
GARCH,GC=F,2026-06-09 22:15:00,0.020370996640217843,0.024655052028907616
GARCH,GC=F,2026-06-09 22:30:00,0.02402607278057477,0.024210555718374906
GARCH,GC=F,2026-06-09 22:45:00,0.030301412632395,0.024210086725507927
GARCH,GC=F,2026-06-09 23:00:00,0.02744443919068067,0.02433004025297446
GARCH,GC=F,2026-06-09 23:15:00,0.031943164372978165,0.024236114518848523
GARCH,GC=F,2026-06-09 23:30:00,0.030278465042847386,0.02378698850214991
GARCH,GC=F,2026-06-09 23:45:00,0.027890039560741528,0.023519788774967826
GARCH,GC=F,2026-06-10 00:00:00,0.026022449290936125,0.02358029874175381
GARCH,GC=F,2026-06-10 00:15:00,0.0271877773018182,0.02357204424207516
GARCH,GC=F,2026-06-10 00:30:00,0.03306835891097855,0.023807246043941157
GARCH,GC=F,2026-06-10 00:45:00,0.037148357476229375,0.02402737332840902
GARCH,GC=F,2026-06-10 01:00:00,0.0402279684362639,0.024018214315430005
GARCH,GC=F,2026-06-10 01:15:00,0.03532919097542863,0.024253638752365584
GARCH,GC=F,2026-06-10 01:30:00,0.040011527974799836,0.023930679924786834
GARCH,GC=F,2026-06-10 01:45:00,0.035028745346184866,0.023932668565406743
GARCH,GC=F,2026-06-10 02:00:00,0.03221201740003951,0.023952451621577525
GARCH,GC=F,2026-06-10 02:15:00,0.029990479135845318,0.02396323556648248
GARCH,GC=F,2026-06-10 02:30:00,0.027762808135416314,0.02407691113232752
GARCH,GC=F,2026-06-10 02:45:00,0.031013755174764287,0.023742350115208224
GARCH,GC=F,2026-06-10 03:00:00,0.028605856387797935,0.02373033402900883
GARCH,GC=F,2026-06-10 03:15:00,0.026024377710820515,0.0236917905485378
GARCH,GC=F,2026-06-10 03:30:00,0.024348666289601754,0.02370560569283494
GARCH,GC=F,2026-06-10 03:45:00,0.02418222416073213,0.02367158428274719
GARCH,GC=F,2026-06-10 04:00:00,0.023378603310551374,0.023618046905235786
GARCH,GC=F,2026-06-10 04:15:00,0.024829565227394195,0.023592037970351913
GARCH,GC=F,2026-06-10 04:30:00,0.02328122347858791,0.023596620441869557
GARCH,GC=F,2026-06-10 04:45:00,0.022112766182239018,0.023621410358172047
GARCH,GC=F,2026-06-10 05:00:00,0.02250084572238758,0.023645957373812424
GARCH,GC=F,2026-06-10 05:15:00,0.02529172938415364,0.02379280291993124
GARCH,GC=F,2026-06-10 05:30:00,0.02998268389911177,0.02356384379746163
GARCH,GC=F,2026-06-10 05:45:00,0.029887198271533296,0.023630687687755742
GARCH,GC=F,2026-06-10 06:00:00,0.02954336499668708,0.02363043379388887
GARCH,GC=F,2026-06-10 06:15:00,0.026713409083595863,0.023649878081012234
GARCH,GC=F,2026-06-10 06:30:00,0.0257237665284255,0.02366144414320515
GARCH,GC=F,2026-06-10 06:45:00,0.024630065256047953,0.023672166989993488
GARCH,GC=F,2026-06-10 07:00:00,0.023783579572028885,0.02369961190533299
GARCH,GC=F,2026-06-10 07:15:00,0.02415987725203204,0.023724590167815432
GARCH,GC=F,2026-06-10 07:30:00,0.0243249915279879,0.02373222121967031
GARCH,GC=F,2026-06-10 07:45:00,0.02341342756606362,0.0241677921962581
GARCH,GC=F,2026-06-10 08:00:00,0.04019176627650599,0.024202632676783582
GARCH,GC=F,2026-06-10 08:15:00,0.03587847564511016,0.0242027447974928
GARCH,GC=F,2026-06-10 08:30:00,0.03175703526549335,0.0242032274240699
GARCH,GC=F,2026-06-10 08:45:00,0.02856859636853208,0.024215676799208698
GARCH,GC=F,2026-06-10 09:00:00,0.02684631145370692,0.02421978574064914
GARCH,GC=F,2026-06-10 09:15:00,0.02472389345420172,0.024261326945328555
GARCH,GC=F,2026-06-10 09:30:00,0.02473684654167065,0.024265645207211865
GARCH,GC=F,2026-06-10 09:45:00,0.023450708290153444,0.024321347382555553
GARCH,GC=F,2026-06-10 10:00:00,0.025616024603499685,0.024342521887217916
GARCH,GC=F,2026-06-10 10:15:00,0.02440448920431864,0.02440240925462859
GARCH,GC=F,2026-06-10 10:30:00,0.025372157953972158,0.02442114861611989
GARCH,GC=F,2026-06-10 10:45:00,0.02427704886019383,0.024456408289938992
GARCH,GC=F,2026-06-10 11:00:00,0.024946882908317883,0.024458221016143294
GARCH,GC=F,2026-06-10 11:15:00,0.02350892608450404,0.024609399426582315
GARCH,GC=F,2026-06-10 11:30:00,0.030245951712207248,0.024653095208160395
GARCH,GC=F,2026-06-10 11:45:00,0.02987096615028376,0.024782036591420496
GARCH,GC=F,2026-06-10 12:00:00,0.03330719242152319,0.02483834818830434
GARCH,GC=F,2026-06-10 12:15:00,0.03132936268968278,0.025259099163137833
GARCH,GC=F,2026-06-10 12:30:00,0.04223498171737129,0.02545525833577255
GARCH,GC=F,2026-06-10 12:45:00,0.04330304782805475,0.025369705315344323
GARCH,GC=F,2026-06-10 13:00:00,0.03825603016967508,0.025196716746471004
GARCH,GC=F,2026-06-10 13:15:00,0.03371168990941119,0.026199511450347407
GARCH,GC=F,2026-06-10 13:30:00,0.06043676187273745,0.026132685625971392
GARCH,GC=F,2026-06-10 13:45:00,0.05158036157205005,0.02596968621985023
GARCH,GC=F,2026-06-10 14:00:00,0.04525274382889295,0.02612972502758867
GARCH,GC=F,2026-06-10 14:15:00,0.045398537718683546,0.02622611990264232
GARCH,GC=F,2026-06-10 14:30:00,0.043910138774364685,0.026872412498476363
GARCH,GC=F,2026-06-10 14:45:00,0.0587072252481436,0.026872375718589962
GARCH,GC=F,2026-06-10 15:00:00,0.05020956986400618,0.026815421729409997
GARCH,GC=F,2026-06-10 15:15:00,0.04379665899325291,0.026799400561538258
GARCH,GC=F,2026-06-10 15:30:00,0.0381277092869882,0.026793087007681113
GARCH,GC=F,2026-06-10 15:45:00,0.03347044486375306,0.02659590026364514
GARCH,GC=F,2026-06-10 16:00:00,0.029783156574005695,0.026454339011556204
GARCH,GC=F,2026-06-10 16:15:00,0.02703586510864169,0.026302484709298808
GARCH,GC=F,2026-06-10 16:30:00,0.026473507482276924,0.026302455653361225
GARCH,GC=F,2026-06-10 16:45:00,0.024387171653042373,0.026248560940242624
GARCH,GC=F,2026-06-10 17:00:00,0.023950958628257378,0.026283857207516432
GARCH,GC=F,2026-06-10 17:15:00,0.025148621557473407,0.026353210723521446
GARCH,GC=F,2026-06-10 17:30:00,0.02816032533120425,0.02646188423643846
GARCH,GC=F,2026-06-10 17:45:00,0.030764998046274437,0.02646252824429568
GARCH,GC=F,2026-06-10 18:00:00,0.02855527604993677,0.026456294076343194
GARCH,GC=F,2026-06-10 18:15:00,0.026360674722902953,0.026499273815920165
GARCH,GC=F,2026-06-10 18:30:00,0.027776075934022773,0.026460970662375998
GARCH,GC=F,2026-06-10 18:45:00,0.026010379246243283,0.02658654630607515
GARCH,GC=F,2026-06-10 19:00:00,0.032115544171717476,0.026600266477651173
GARCH,GC=F,2026-06-10 19:15:00,0.02998060268759604,0.026543642827988236
GARCH,GC=F,2026-06-10 19:30:00,0.029617000448282197,0.026575770508888534
GARCH,GC=F,2026-06-10 19:45:00,0.030728888733385147,0.026629203345157757
GARCH,GC=F,2026-06-10 20:00:00,0.033661944263486315,0.026612320367662177
GARCH,GC=F,2026-06-10 20:15:00,0.031648942530323645,0.026118558185586165
GARCH,GC=F,2026-06-10 20:30:00,0.029886809478434643,0.02608607777457474
GARCH,GC=F,2026-06-10 20:45:00,0.027184763396785282,0.02593242334611252
GARCH,GC=F,2026-06-10 21:00:00,0.024897870050884757,0.025923696092105965
GARCH,GC=F,2026-06-10 21:15:00,0.023162957906974434,0.025878860854999335
GARCH,GC=F,2026-06-10 21:30:00,0.021866771499261004,0.02587081524390874
GARCH,GC=F,2026-06-10 21:45:00,0.02091169169530516,0.026108300609034737
GARCH,GC=F,2026-06-10 22:00:00,0.034796401922713285,0.026192867653810244
GARCH,GC=F,2026-06-10 22:15:00,0.035567205836750555,0.02658819384134659
GARCH,GC=F,2026-06-10 22:30:00,0.04397649296124787,0.02683609920725003
GARCH,GC=F,2026-06-10 22:45:00,0.047647793210618954,0.027091775980729534
GARCH,GC=F,2026-06-10 23:00:00,0.050320356131662324,0.028213932235035426
GARCH,GC=F,2026-06-10 23:15:00,0.06903392477401406,0.028226836962657736
GARCH,GC=F,2026-06-10 23:30:00,0.05935334527512081,0.028285640850828173
GARCH,GC=F,2026-06-10 23:45:00,0.052812696100717677,0.028318367894478953
GARCH,GC=F,2026-06-11 00:00:00,0.04603638428520476,0.028515539959876643
GARCH,GC=F,2026-06-11 00:15:00,0.04761749210840841,0.028328599472108133
GARCH,GC=F,2026-06-11 00:30:00,0.04170407222825757,0.028514609109032318
GARCH,GC=F,2026-06-11 00:45:00,0.04223050687369392,0.028647159999811975
GARCH,GC=F,2026-06-11 01:00:00,0.041226864093997395,0.028968741149600484
GARCH,GC=F,2026-06-11 01:15:00,0.04655640795583092,0.028944917503478676
GARCH,GC=F,2026-06-11 01:30:00,0.04350160951112441,0.02906251539069526
GARCH,GC=F,2026-06-11 01:45:00,0.04262280744534742,0.028907283159274568
GARCH,GC=F,2026-06-11 02:00:00,0.04303057952252511,0.02889071368124888
GARCH,GC=F,2026-06-11 02:15:00,0.03958126547627247,0.02935810011536541
GARCH,GC=F,2026-06-11 02:30:00,0.05215250946248099,0.02939345232760574
GARCH,GC=F,2026-06-11 02:45:00,0.04704601026668642,0.029336912708191415
GARCH,GC=F,2026-06-11 03:00:00,0.04095601357316625,0.02926781840960912
GARCH,GC=F,2026-06-11 03:15:00,0.035895142041607354,0.02925967904148541
GARCH,GC=F,2026-06-11 03:30:00,0.03279646737502582,0.029312566381473743
GARCH,GC=F,2026-06-11 03:45:00,0.031294008859915026,0.02933969897618576
GARCH,GC=F,2026-06-11 04:00:00,0.03190156603034798,0.029296813674826127
GARCH,GC=F,2026-06-11 04:15:00,0.029828615659367022,0.029296822785225947
GARCH,GC=F,2026-06-11 04:30:00,0.028127094842570702,0.02924204197682585
GARCH,GC=F,2026-06-11 04:45:00,0.025622536684630468,0.0292221928558992
GARCH,GC=F,2026-06-11 05:00:00,0.02535769391817742,0.029220756783974622
GARCH,GC=F,2026-06-11 05:15:00,0.02376896171825946,0.029801807613195914
GARCH,GC=F,2026-06-11 05:30:00,0.04611326677062029,0.02974716443461989
GARCH,GC=F,2026-06-11 05:45:00,0.04049569259924333,0.029808648456703984
GARCH,GC=F,2026-06-11 06:00:00,0.03950384253246079,0.029785864990764896
GARCH,GC=F,2026-06-11 06:15:00,0.034717954541845855,0.029741137430212207
GARCH,GC=F,2026-06-11 06:30:00,0.032540953199620734,0.02974240433603716
GARCH,GC=F,2026-06-11 06:45:00,0.029305636431737943,0.02975171102184343
GARCH,GC=F,2026-06-11 07:00:00,0.02678690828410099,0.029882196365910288
GARCH,GC=F,2026-06-11 07:15:00,0.030678448766472816,0.029866942975488534
GARCH,GC=F,2026-06-11 07:30:00,0.027596941276872566,0.029864107665724962
GARCH,GC=F,2026-06-11 07:45:00,0.025605039504820157,0.02986697358631696
GARCH,GC=F,2026-06-11 08:00:00,0.023751507273321707,0.02991943871315949
GARCH,GC=F,2026-06-11 08:15:00,0.026470326082796446,0.029943675043261286
GARCH,GC=F,2026-06-11 08:30:00,0.027332732363936546,0.02993781113233431
GARCH,GC=F,2026-06-11 08:45:00,0.027119777241114043,0.029930901950141815
GARCH,GC=F,2026-06-11 09:00:00,0.02495876494727756,0.02996502930510765
GARCH,GC=F,2026-06-11 09:15:00,0.02623325398509759,0.030126605962881903
GARCH,GC=F,2026-06-11 09:30:00,0.0323492676561128,0.030126123795019014
GARCH,GC=F,2026-06-11 09:45:00,0.028898914931056566,0.03011641010143643
GARCH,GC=F,2026-06-11 10:00:00,0.02623497034079919,0.030127170838321927
GARCH,GC=F,2026-06-11 10:15:00,0.02533279552496686,0.030135527348897257
GARCH,GC=F,2026-06-11 10:30:00,0.023852978095669487,0.030131375949251107
GARCH,GC=F,2026-06-11 10:45:00,0.022416886234827186,0.030132543070430985
GARCH,GC=F,2026-06-11 11:00:00,0.02226224580029518,0.03015866478640653
GARCH,GC=F,2026-06-11 11:15:00,0.022416511201157632,0.030178375771945088
GARCH,GC=F,2026-06-11 11:30:00,0.02326943596571105,0.030171826336541877
GARCH,GC=F,2026-06-11 11:45:00,0.02348066091488225,0.030181770362607677
GARCH,GC=F,2026-06-11 12:00:00,0.0233872314126793,0.030215270924384544
GARCH,GC=F,2026-06-11 12:15:00,0.025159723770181715,0.03023915053206134
GARCH,GC=F,2026-06-11 12:30:00,0.024289981248056168,0.030336583810052584
GARCH,GC=F,2026-06-11 12:45:00,0.027632723866911773,0.030374985657918598
GARCH,GC=F,2026-06-11 13:00:00,0.02895204905434449,0.030384787297437287
GARCH,GC=F,2026-06-11 13:15:00,0.026508538475317932,0.03037891577667437
GARCH,GC=F,2026-06-11 13:30:00,0.02444970856461924,0.030436725511550886
GARCH,GC=F,2026-06-11 13:45:00,0.02578259439440515,0.03089658374312384
GARCH,GC=F,2026-06-11 14:00:00,0.04578359878289719,0.031073629119518206
GARCH,GC=F,2026-06-11 14:15:00,0.0457504566743002,0.031081384406076377
GARCH,GC=F,2026-06-11 14:30:00,0.03977965516113361,0.03108301964657673
GARCH,GC=F,2026-06-11 14:45:00,0.03511384051696042,0.031107126903812617
GARCH,GC=F,2026-06-11 15:00:00,0.03325529187261297,0.031094255126052444
GARCH,GC=F,2026-06-11 15:15:00,0.029765928439708555,0.03113520632491243
GARCH,GC=F,2026-06-11 15:30:00,0.028905891467974183,0.03113217922382413
GARCH,GC=F,2026-06-11 15:45:00,0.0262941085447913,0.031320748987390505
GARCH,GC=F,2026-06-11 16:00:00,0.03422863775392147,0.031654997474250234
GARCH,GC=F,2026-06-11 16:15:00,0.04981724362099781,0.031665176440335015
GARCH,GC=F,2026-06-11 16:30:00,0.043027863579676785,0.0316634574756393
GARCH,GC=F,2026-06-11 16:45:00,0.03756591665754366,0.03166615007453392
GARCH,GC=F,2026-06-11 17:00:00,0.03375763857553843,0.032292933335383925
GARCH,GC=F,2026-06-11 17:15:00,0.052876276134625005,0.03604542569341963
GARCH,GC=F,2026-06-11 17:30:00,0.12202226856011716,0.03620538609411835
GARCH,GC=F,2026-06-11 17:45:00,0.10509979339822192,0.036217630652002265
GARCH,GC=F,2026-06-11 18:00:00,0.08910430926969577,0.036254734666733145
GARCH,GC=F,2026-06-11 18:15:00,0.07593868000765253,0.03638580413169493
GARCH,GC=F,2026-06-11 18:30:00,0.06771879463121121,0.036388274803158954
GARCH,GC=F,2026-06-11 18:45:00,0.05772570296426267,0.036969383665548854
GARCH,GC=F,2026-06-11 19:00:00,0.06694259434498753,0.03701063165465064
GARCH,GC=F,2026-06-11 19:15:00,0.058313049809018844,0.03717000151199133
GARCH,GC=F,2026-06-11 19:30:00,0.05530533449436394,0.037156411803668306
GARCH,GC=F,2026-06-11 19:45:00,0.04738050694843023,0.03718327809646748
GARCH,GC=F,2026-06-11 20:00:00,0.0419362306069083,0.03718142424191844
GARCH,GC=F,2026-06-11 20:15:00,0.03651971289241976,0.03700481654342194
GARCH,GC=F,2026-06-11 20:30:00,0.033262749702336315,0.03700378451751392
GARCH,GC=F,2026-06-11 20:45:00,0.030123174927401106,0.03700124224987888
GARCH,GC=F,2026-06-11 21:00:00,0.027162298250344646,0.03700009587888504
GARCH,GC=F,2026-06-11 21:15:00,0.024880578449286615,0.03699719310991352
GARCH,GC=F,2026-06-11 21:30:00,0.02314994797582988,0.036971626486068256
GARCH,GC=F,2026-06-11 21:45:00,0.021857125300400602,0.03696800410932624
GARCH,GC=F,2026-06-11 22:00:00,0.021541520044586975,0.03697195535777847
GARCH,GC=F,2026-06-11 22:15:00,0.02214202301160664,0.03707080240819282
GARCH,GC=F,2026-06-11 22:30:00,0.028359669512601902,0.037307130855810625
GARCH,GC=F,2026-06-11 22:45:00,0.0392937792144851,0.03754398283836932
GARCH,GC=F,2026-06-11 23:00:00,0.04653860750390071,0.037579071496697224
GARCH,GC=F,2026-06-11 23:15:00,0.04247667389885709,0.037585669806762326
GARCH,GC=F,2026-06-11 23:30:00,0.03721136032859675,0.037544103168925265
GARCH,GC=F,2026-06-11 23:45:00,0.03275289493577412,0.037547774782638266
GARCH,GC=F,2026-06-12 00:00:00,0.029729182687412807,0.037562152362819144
GARCH,GC=F,2026-06-12 00:15:00,0.027688576916713687,0.037749847154644925
GARCH,GC=F,2026-06-12 00:30:00,0.03724303979112843,0.03774435187341348
GARCH,GC=F,2026-06-12 00:45:00,0.03332360072271624,0.0380317526892579
GARCH,GC=F,2026-06-12 01:00:00,0.04551723279080929,0.03805042769470684
GARCH,GC=F,2026-06-12 01:15:00,0.04080681340505486,0.038050497011859016
GARCH,GC=F,2026-06-12 01:30:00,0.03572070813357662,0.03805118221212867
GARCH,GC=F,2026-06-12 01:45:00,0.03373314499764413,0.03810177677283389
GARCH,GC=F,2026-06-12 02:00:00,0.03278533630335667,0.03812255803737247
GARCH,GC=F,2026-06-12 02:15:00,0.030839170913685994,0.03812125011874724
GARCH,GC=F,2026-06-12 02:30:00,0.027872968997016835,0.03814499626434592
GARCH,GC=F,2026-06-12 02:45:00,0.026871693785348767,0.03814953816983434
GARCH,GC=F,2026-06-12 03:00:00,0.025050748908917203,0.03820019806470182
GARCH,GC=F,2026-06-12 03:15:00,0.027916818455138045,0.038186858854733406
GARCH,GC=F,2026-06-12 03:30:00,0.02624173499517137,0.03818629080489631
GARCH,GC=F,2026-06-12 03:45:00,0.024183998547525693,0.038197007170934855
GARCH,GC=F,2026-06-12 04:00:00,0.023811487841893082,0.038137193639210365
GARCH,GC=F,2026-06-12 04:15:00,0.022627965246564883,0.038138332536122206
GARCH,GC=F,2026-06-12 04:30:00,0.02149905781792641,0.03814357551894031
GARCH,GC=F,2026-06-12 04:45:00,0.021372218449747453,0.03810451021655932
GARCH,GC=F,2026-06-12 05:00:00,0.020700913479455733,0.03810295796516634
GARCH,GC=F,2026-06-12 05:15:00,0.020252375741298376,0.03733223284297489
GARCH,GC=F,2026-06-12 05:30:00,0.02312830134720887,0.03715989839554201
GARCH,GC=F,2026-06-12 05:45:00,0.02506028440448814,0.03722904274827641
GARCH,GC=F,2026-06-12 06:00:00,0.028803401996743975,0.03703682961066861
GARCH,GC=F,2026-06-12 06:15:00,0.02618145933093526,0.037056235451561684
GARCH,GC=F,2026-06-12 06:30:00,0.025997210504897582,0.037065638992455026
GARCH,GC=F,2026-06-12 06:45:00,0.02687527840743643,0.036960840227720684
GARCH,GC=F,2026-06-12 07:00:00,0.026556754774955612,0.036957704677309376
GARCH,GC=F,2026-06-12 07:15:00,0.025448301479976884,0.03678656023878748
GARCH,GC=F,2026-06-12 07:30:00,0.027969569556499183,0.036841808905734984
GARCH,GC=F,2026-06-12 07:45:00,0.0316414350491201,0.03684680896820986
GARCH,GC=F,2026-06-12 08:00:00,0.03292694674698677,0.03691688063973451
GARCH,GC=F,2026-06-12 08:15:00,0.03367412533150493,0.036935876986267505
GARCH,GC=F,2026-06-12 08:30:00,0.03134028092422114,0.036934499114073066
GARCH,GC=F,2026-06-12 08:45:00,0.028225870213583068,0.036946415915315535
GARCH,GC=F,2026-06-12 09:00:00,0.026840639641757976,0.03692980633843012
GARCH,GC=F,2026-06-12 09:15:00,0.025206737560790907,0.03691493309839591
GARCH,GC=F,2026-06-12 09:30:00,0.024391938690264896,0.036898156617935274
GARCH,GC=F,2026-06-12 09:45:00,0.0235244363908106,0.03680518290604895
GARCH,GC=F,2026-06-12 10:00:00,0.022173906252665243,0.036961744277696426
GARCH,GC=F,2026-06-12 10:15:00,0.0323612779431367,0.03699509775769951
GARCH,GC=F,2026-06-12 10:30:00,0.032350996728186886,0.03696598315317318
GARCH,GC=F,2026-06-12 10:45:00,0.029953628161342744,0.0369747142203487
GARCH,GC=F,2026-06-12 11:00:00,0.027738253004051538,0.03699012346212918
GARCH,GC=F,2026-06-12 11:15:00,0.02661893567730242,0.03702725290613545
GARCH,GC=F,2026-06-12 11:30:00,0.027206732101317476,0.03703264148009245
GARCH,GC=F,2026-06-12 11:45:00,0.02533383616703956,0.03707643112735637
GARCH,GC=F,2026-06-12 12:00:00,0.02652071939583149,0.03720568790608146
GARCH,GC=F,2026-06-12 12:15:00,0.032875090311475834,0.03721928047275748
GARCH,GC=F,2026-06-12 12:30:00,0.030406049180500924,0.0372368922495519
GARCH,GC=F,2026-06-12 12:45:00,0.02875485506060069,0.03725533394398565
GARCH,GC=F,2026-06-12 13:00:00,0.028422841976023298,0.037272949847410926
GARCH,GC=F,2026-06-12 13:15:00,0.027158126596831037,0.03734198483939966
GARCH,GC=F,2026-06-12 13:30:00,0.03256496157727302,0.03725407024496562
GARCH,GC=F,2026-06-12 13:45:00,0.030215661654212043,0.03729681015062734
GARCH,GC=F,2026-06-12 14:00:00,0.02987607347732135,0.0372160337902693
GARCH,GC=F,2026-06-12 14:15:00,0.02832261432239742,0.037203124176009024
GARCH,GC=F,2026-06-12 14:30:00,0.02660570664180414,0.03749581261871711
GARCH,GC=F,2026-06-12 14:45:00,0.04136638162964514,0.03755922502467838
GARCH,GC=F,2026-06-12 15:00:00,0.03989390245032971,0.037626234829306056
GARCH,GC=F,2026-06-12 15:15:00,0.04062317858708042,0.037675862222586405
GARCH,GC=F,2026-06-12 15:30:00,0.043371918632123446,0.037534362767794684
GARCH,GC=F,2026-06-12 15:45:00,0.03768221966056146,0.037451430658666726
GARCH,GC=F,2026-06-12 16:00:00,0.03689532144498392,0.037464998141537045
GARCH,GC=F,2026-06-12 16:15:00,0.03330290448582745,0.03730714344719223
GARCH,GC=F,2026-06-12 16:30:00,0.030222534003770594,0.03730962987200372
GARCH,GC=F,2026-06-12 16:45:00,0.027514852127300624,0.037290885911172696
GARCH,GC=F,2026-06-12 17:00:00,0.025384675302462197,0.037272264331950127
GARCH,GC=F,2026-06-12 17:15:00,0.02356327084244247,0.037268623403341784
GARCH,GC=F,2026-06-12 17:30:00,0.02289053883603095,0.037182651612930766
GARCH,GC=F,2026-06-12 17:45:00,0.02169853774927888,0.03719713639057991
GARCH,GC=F,2026-06-12 18:00:00,0.02314468622332775,0.03719682567707793
GARCH,GC=F,2026-06-12 18:15:00,0.02187306129870716,0.037198181307077305
GARCH,GC=F,2026-06-12 18:30:00,0.02142837691037236,0.03732727510924369
GARCH,GC=F,2026-06-12 18:45:00,0.030856014574325335,0.03732132981083449
GARCH,GC=F,2026-06-12 19:00:00,0.02799335087322552,0.03734695598845943
GARCH,GC=F,2026-06-12 19:15:00,0.029514798393693756,0.03735481801583562
GARCH,GC=F,2026-06-12 19:30:00,0.0274064356111751,0.037374844498457904
GARCH,GC=F,2026-06-12 19:45:00,0.026663480886478227,0.037362837052615436
GARCH,GC=F,2026-06-12 20:00:00,0.02480886688280555,0.037318648886417456
GARCH,GC=F,2026-06-12 20:15:00,0.023282467874624384,0.037230926382740635
GARCH,GC=F,2026-06-12 20:30:00,0.022027019666573423,0.03720351162873625
GARCH,GC=F,2026-06-12 20:45:00,0.022109809549823833,0.03716685683818978
GARCH,GC=F,2026-06-12 21:00:00,0.021090423895620762,0.03716678311838062
GARCH,GC=F,2026-06-12 21:15:00,0.020345861067084865,0.037150672923782414
GARCH,GC=F,2026-06-12 21:30:00,0.019808021261582875,0.03714011126071975
GARCH,GC=F,2026-06-12 21:45:00,0.019422673783709495,0.037130006109507056
GARCH,GC=F,2026-06-12 22:00:00,0.019148316958279798,0.03710728634741945
GARCH,GC=F,2026-06-12 22:15:00,0.01895390440339906,0.03708596383474102
GARCH,GC=F,2026-06-12 22:30:00,0.018816620498700126,0.03707761759197231
GARCH,GC=F,2026-06-12 22:45:00,0.018719922740047287,0.03677072863950083
GARCH,GC=F,2026-06-12 23:00:00,0.018651936030187485,0.03675419456497912
GARCH,GC=F,2026-06-12 23:15:00,0.018604197506767464,0.03675228718219721
GARCH,GC=F,2026-06-12 23:30:00,0.018570707523097692,0.03674984448685783
GARCH,GC=F,2026-06-12 23:45:00,0.018547228554012446,0.036736185289990675
GARCH,GC=F,2026-06-13 00:00:00,0.018530775575329016,0.03673527220432964
GARCH,GC=F,2026-06-13 00:15:00,0.0185192497929888,0.03671495489082187
GARCH,GC=F,2026-06-13 00:30:00,0.018511177475391712,0.036708526228272025
GARCH,GC=F,2026-06-13 00:45:00,0.01850552475793872,0.03666107145460619
GARCH,GC=F,2026-06-13 01:00:00,0.01850156682812422,0.0366521174723374
GARCH,GC=F,2026-06-13 01:15:00,0.018498795773394302,0.03662107503962044
GARCH,GC=F,2026-06-13 01:30:00,0.018496855788076364,0.036612972438889835
GARCH,GC=F,2026-06-13 01:45:00,0.018495497677280662,0.03658130554886833
GARCH,GC=F,2026-06-13 02:00:00,0.018494546940384195,0.036577231308337975
GARCH,GC=F,2026-06-13 02:15:00,0.018493881395475652,0.03645804246136909
GARCH,GC=F,2026-06-13 02:30:00,0.01849341549978837,0.03641758968021735
GARCH,GC=F,2026-06-13 02:45:00,0.018493089365823584,0.0363106951812304
GARCH,GC=F,2026-06-13 03:00:00,0.018492861068626038,0.03628299235524866
GARCH,GC=F,2026-06-13 03:15:00,0.018492701258910813,0.036020648362802665
GARCH,GC=F,2026-06-13 03:30:00,0.018492589391288436,0.035860486039411235
GARCH,GC=F,2026-06-13 03:45:00,0.018492511083550114,0.040530506914768755
GARCH,GC=F,2026-06-14 22:00:00,0.13597418022476518,0.040650399040723456
GARCH,GC=F,2026-06-14 22:15:00,0.115688013964699,0.03999247361543991
GARCH,GC=F,2026-06-14 22:30:00,0.09739143687837168,0.03999245709547211
GARCH,GC=F,2026-06-14 22:45:00,0.08212249875985357,0.039973829461927124
GARCH,GC=F,2026-06-14 23:00:00,0.06956199607730204,0.03983726448761333
GARCH,GC=F,2026-06-14 23:15:00,0.05908164052007296,0.039742394087031056
GARCH,GC=F,2026-06-14 23:30:00,0.050682436167236423,0.03926999460740798
GARCH,GC=F,2026-06-14 23:45:00,0.04582402504039922,0.03928493746456052
GARCH,GC=F,2026-06-15 00:00:00,0.04078578184527945,0.03927592851089061
GARCH,GC=F,2026-06-15 00:15:00,0.03567344674553848,0.039284054951042584
GARCH,GC=F,2026-06-15 00:30:00,0.03186853664315621,0.03930710405775652
GARCH,GC=F,2026-06-15 00:45:00,0.029808944352540872,0.03931766121533549
GARCH,GC=F,2026-06-15 01:00:00,0.027907566816547793,0.03934285950322803
GARCH,GC=F,2026-06-15 01:15:00,0.028138668950319013,0.03943990688748956
GARCH,GC=F,2026-06-15 01:30:00,0.03491830948898335,0.03944273352156922
GARCH,GC=F,2026-06-15 01:45:00,0.031000832746522787,0.03948181759758637
GARCH,GC=F,2026-06-15 02:00:00,0.03234577256380454,0.03944273540511027
GARCH,GC=F,2026-06-15 02:15:00,0.029105381655182002,0.03937072578937489
GARCH,GC=F,2026-06-15 02:30:00,0.0265459695878449,0.03930829423175772
GARCH,GC=F,2026-06-15 02:45:00,0.024427355987015738,0.0393171762885924
GARCH,GC=F,2026-06-15 03:00:00,0.023731755398797964,0.03931186139872194
GARCH,GC=F,2026-06-15 03:15:00,0.022481470423410657,0.039256712977758394
GARCH,GC=F,2026-06-15 03:30:00,0.0213631956196616,0.039244442694844964
GARCH,GC=F,2026-06-15 03:45:00,0.020575838207064972,0.03911356964909893
GARCH,GC=F,2026-06-15 04:00:00,0.020147259910494025,0.03908961138743845
GARCH,GC=F,2026-06-15 04:15:00,0.01975299163388784,0.039060835388634446
GARCH,GC=F,2026-06-15 04:30:00,0.019390750760468017,0.03898744832254919
GARCH,GC=F,2026-06-15 04:45:00,0.019171019814281674,0.0388797926270116
GARCH,GC=F,2026-06-15 05:00:00,0.018988857754570584,0.038858801717248904
GARCH,GC=F,2026-06-15 05:15:00,0.018887805507453934,0.039044863762261794
GARCH,GC=F,2026-06-15 05:30:00,0.033376613989157186,0.039047452210561606
GARCH,GC=F,2026-06-15 05:45:00,0.030081206434749368,0.039051324268101734
GARCH,GC=F,2026-06-15 06:00:00,0.027266837693726505,0.03906891950690959
GARCH,GC=F,2026-06-15 06:15:00,0.025910904196617447,0.03906880087549469
GARCH,GC=F,2026-06-15 06:30:00,0.024090233153670034,0.03906855564988027
GARCH,GC=F,2026-06-15 06:45:00,0.022737036056446103,0.03885164738906812
GARCH,GC=F,2026-06-15 07:00:00,0.02326111754290489,0.03876389250053966
GARCH,GC=F,2026-06-15 07:15:00,0.022645069586776104,0.03854159871249698
GARCH,GC=F,2026-06-15 07:30:00,0.021484099211099107,0.038313414890525956
GARCH,GC=F,2026-06-15 07:45:00,0.023286100591075252,0.03808575032816917
GARCH,GC=F,2026-06-15 08:00:00,0.023575705363824695,0.037357724766331354
GARCH,GC=F,2026-06-15 08:15:00,0.02217527468366315,0.03741574381437875
GARCH,GC=F,2026-06-15 08:30:00,0.029809786131724483,0.037385511618510045
GARCH,GC=F,2026-06-15 08:45:00,0.02880716884757318,0.03738888891715649
GARCH,GC=F,2026-06-15 09:00:00,0.02766407937134263,0.037238325109315525
GARCH,GC=F,2026-06-15 09:15:00,0.025324620635882894,0.03723154645196318
GARCH,GC=F,2026-06-15 09:30:00,0.02429707311760916,0.03712544784519994
GARCH,GC=F,2026-06-15 09:45:00,0.02284495276261345,0.037052648138335455
GARCH,GC=F,2026-06-15 10:00:00,0.02172467820824968,0.03684849624086367
GARCH,GC=F,2026-06-15 10:15:00,0.020825585310509678,0.03679434572928071
GARCH,GC=F,2026-06-15 10:30:00,0.020159426346488173,0.03666783991349018
GARCH,GC=F,2026-06-15 10:45:00,0.019674138150783622,0.03652441448404686
GARCH,GC=F,2026-06-15 11:00:00,0.019327869836610945,0.0364718486426587
GARCH,GC=F,2026-06-15 11:15:00,0.01958159351654014,0.036028933035188435
GARCH,GC=F,2026-06-15 11:30:00,0.019544622657099053,0.03599244764807961
GARCH,GC=F,2026-06-15 11:45:00,0.019949091495769216,0.03600042833990105
GARCH,GC=F,2026-06-15 12:00:00,0.02084266803523988,0.03601082725998111
GARCH,GC=F,2026-06-15 12:15:00,0.022338905819162154,0.036036160110011345
GARCH,GC=F,2026-06-15 12:30:00,0.025307662638852313,0.03601932486096912
GARCH,GC=F,2026-06-15 12:45:00,0.024443039523731492,0.03597218964985614
GARCH,GC=F,2026-06-15 13:00:00,0.02284201861434489,0.03594551717155473
GARCH,GC=F,2026-06-15 13:15:00,0.022543170792262722,0.03598977115804907
GARCH,GC=F,2026-06-15 13:30:00,0.02684435960817938,0.03604961024087169
GARCH,GC=F,2026-06-15 13:45:00,0.027666106082510286,0.03601795516880782
GARCH,GC=F,2026-06-15 14:00:00,0.02547731861093624,0.036031158548209055
GARCH,GC=F,2026-06-15 14:15:00,0.025873876250199504,0.03566254204137076
GARCH,GC=F,2026-06-15 14:30:00,0.02621368276814279,0.03563764581595165
GARCH,GC=F,2026-06-15 14:45:00,0.024164692853176337,0.03556737025679836
GARCH,GC=F,2026-06-15 15:00:00,0.024374983507645734,0.03556880895231502
GARCH,GC=F,2026-06-15 15:15:00,0.02320944092478049,0.03555231111139138
GARCH,GC=F,2026-06-15 15:30:00,0.02273644162895304,0.035557869115894085
GARCH,GC=F,2026-06-15 15:45:00,0.021750427260774016,0.035578814467149486
GARCH,GC=F,2026-06-15 16:00:00,0.022038583487298553,0.035572527962175665
GARCH,GC=F,2026-06-15 16:15:00,0.025533048551741044,0.035614119404145286
GARCH,GC=F,2026-06-15 16:30:00,0.026110787577921412,0.035606552745387904
GARCH,GC=F,2026-06-15 16:45:00,0.024460793735603035,0.03563456320867886
GARCH,GC=F,2026-06-15 17:00:00,0.024320521699747563,0.03558416029010183
GARCH,GC=F,2026-06-15 17:15:00,0.02379621353878712,0.035590643670914184
GARCH,GC=F,2026-06-15 17:30:00,0.025878745737827676,0.0355541185133024
GARCH,GC=F,2026-06-15 17:45:00,0.024253837949813513,0.03555594215602806
GARCH,GC=F,2026-06-15 18:00:00,0.022703782171192358,0.03550181121097288
GARCH,GC=F,2026-06-15 18:15:00,0.021613917520937602,0.03538897320555268
GARCH,GC=F,2026-06-15 18:30:00,0.02074121304393675,0.03538804037806549
GARCH,GC=F,2026-06-15 18:45:00,0.02020294440263698,0.03540028414396559
GARCH,GC=F,2026-06-15 19:00:00,0.020333333080927038,0.03538019343013458
GARCH,GC=F,2026-06-15 19:15:00,0.01990786801337983,0.03538456744358839
GARCH,GC=F,2026-06-15 19:30:00,0.019774478917045302,0.03538232129323608
GARCH,GC=F,2026-06-15 19:45:00,0.019524368865252453,0.03538691002774843
GARCH,GC=F,2026-06-15 20:00:00,0.020563368483196717,0.03539055565136464
GARCH,GC=F,2026-06-15 20:15:00,0.020728009540645142,0.035368044077547164
GARCH,GC=F,2026-06-15 20:30:00,0.02070756891071967,0.03534354635270435
GARCH,GC=F,2026-06-15 20:45:00,0.02009890541811578,0.03532137897373615
GARCH,GC=F,2026-06-15 21:00:00,0.019630759710017726,0.0352702023403583
GARCH,GC=F,2026-06-15 21:15:00,0.019296283881046143,0.035262880444830766
GARCH,GC=F,2026-06-15 21:30:00,0.01905865846883282,0.0352078965287522
GARCH,GC=F,2026-06-15 21:45:00,0.01889054224581702,0.03513527156924755
GARCH,GC=F,2026-06-15 22:00:00,0.01877268215337683,0.03513547635449182
GARCH,GC=F,2026-06-15 22:15:00,0.018715093748724064,0.03513929379110555
GARCH,GC=F,2026-06-15 22:30:00,0.01936574785279581,0.03511005532152046
GARCH,GC=F,2026-06-15 22:45:00,0.01911534532282724,0.03463055223990388
GARCH,GC=F,2026-06-15 23:00:00,0.019109481020948886,0.034489824209396634
GARCH,GC=F,2026-06-15 23:15:00,0.01916401136575332,0.03449128198533275
GARCH,GC=F,2026-06-15 23:30:00,0.01948915838184147,0.03448563932271799
GARCH,GC=F,2026-06-15 23:45:00,0.019429301448415866,0.03446291576067604
GARCH,GC=F,2026-06-16 00:00:00,0.019533318364209847,0.03449564067803961
GARCH,GC=F,2026-06-16 00:15:00,0.021343596687496812,0.03447371345957049
GARCH,GC=F,2026-06-16 00:30:00,0.020863671963640834,0.03451813211996244
GARCH,GC=F,2026-06-16 00:45:00,0.024564245674456527,0.03437024972598916
GARCH,GC=F,2026-06-16 01:00:00,0.022917525187580896,0.03386695362458586
GARCH,GC=F,2026-06-16 01:15:00,0.02169028038668489,0.033887369586964734
GARCH,GC=F,2026-06-16 01:30:00,0.021998414815291214,0.033884992265898084
GARCH,GC=F,2026-06-16 01:45:00,0.021214683705300226,0.033880902714128226
GARCH,GC=F,2026-06-16 02:00:00,0.02133647522964339,0.033357773263649936
GARCH,GC=F,2026-06-16 02:15:00,0.021230538464429433,0.029446830789197267
GARCH,GC=F,2026-06-16 02:30:00,0.02047304071485626,0.02924197595063927
GARCH,GC=F,2026-06-16 02:45:00,0.022711092078270528,0.02920246459521863
GARCH,GC=F,2026-06-16 03:00:00,0.021533952076731713,0.02917513556647499
GARCH,GC=F,2026-06-16 03:15:00,0.02107019294205558,0.02913291808440154
GARCH,GC=F,2026-06-16 03:30:00,0.02686980162062092,0.02912481777192077
GARCH,GC=F,2026-06-16 03:45:00,0.02474113906453468,0.028460718773722676
GARCH,GC=F,2026-06-16 04:00:00,0.023754080928721506,0.028439442377829832
GARCH,GC=F,2026-06-16 04:15:00,0.0232818787342783,0.02825517665261392
GARCH,GC=F,2026-06-16 04:30:00,0.0219550001761395,0.028254591728840435
GARCH,GC=F,2026-06-16 04:45:00,0.021016984961507928,0.028240387768099007
GARCH,GC=F,2026-06-16 05:00:00,0.02126030831757753,0.02824087229836265
GARCH,GC=F,2026-06-16 05:15:00,0.020594830794060884,0.028302827774032972
GARCH,GC=F,2026-06-16 05:30:00,0.02517712033210553,0.028298675790258233
GARCH,GC=F,2026-06-16 05:45:00,0.02360562867187702,0.028303402993510824
GARCH,GC=F,2026-06-16 06:00:00,0.02261605360449055,0.028309227434460293
GARCH,GC=F,2026-06-16 06:15:00,0.021719799223122546,0.02830954785739487
GARCH,GC=F,2026-06-16 06:30:00,0.020811970006289794,0.028356340361116138
GARCH,GC=F,2026-06-16 06:45:00,0.023577243923131947,0.028346148174252336
GARCH,GC=F,2026-06-16 07:00:00,0.022457515112929125,0.02833396967546769
GARCH,GC=F,2026-06-16 07:15:00,0.02195658576700415,0.028223247888796852
GARCH,GC=F,2026-06-16 07:30:00,0.0211248932054049,0.02799025846116765
GARCH,GC=F,2026-06-16 07:45:00,0.0242484369261684,0.027612240550497977
GARCH,GC=F,2026-06-16 08:00:00,0.023192371948489793,0.027552854287253587
GARCH,GC=F,2026-06-16 08:15:00,0.022605670595590873,0.02755088041683146
GARCH,GC=F,2026-06-16 08:30:00,0.021831165424420675,0.027557292507322684
GARCH,GC=F,2026-06-16 08:45:00,0.021507320374330133,0.027544034672963038
GARCH,GC=F,2026-06-16 09:00:00,0.02067413107134498,0.02757906377448966
GARCH,GC=F,2026-06-16 09:15:00,0.022749981712580903,0.027288899491804634
GARCH,GC=F,2026-06-16 09:30:00,0.021726752296085117,0.027284373792265105
GARCH,GC=F,2026-06-16 09:45:00,0.021547995179932326,0.026816770169125027
GARCH,GC=F,2026-06-16 10:00:00,0.020708306189535945,0.026777169334691566
GARCH,GC=F,2026-06-16 10:15:00,0.02019499341653799,0.026774927016598647
GARCH,GC=F,2026-06-16 10:30:00,0.020041754665720914,0.02673293967789372
GARCH,GC=F,2026-06-16 10:45:00,0.019928920596949257,0.02673988280433804
GARCH,GC=F,2026-06-16 11:00:00,0.02270770547188965,0.026693987759001055
GARCH,GC=F,2026-06-16 11:15:00,0.02153673843961413,0.026706442714897645
GARCH,GC=F,2026-06-16 11:30:00,0.021481707860260137,0.026685252266065107
GARCH,GC=F,2026-06-16 11:45:00,0.020818680733004163,0.02669276696384857
GARCH,GC=F,2026-06-16 12:00:00,0.0211941502926992,0.02661761374335054
GARCH,GC=F,2026-06-16 12:15:00,0.02045335576009965,0.026627881389071392
GARCH,GC=F,2026-06-16 12:30:00,0.02235461545037807,0.0266461550950476
GARCH,GC=F,2026-06-16 12:45:00,0.02285201119367939,0.026757177383448693
GARCH,GC=F,2026-06-16 13:00:00,0.02814351029737632,0.0268315657831506
GARCH,GC=F,2026-06-16 13:15:00,0.029332296385826937,0.026841143811245714
GARCH,GC=F,2026-06-16 13:30:00,0.027152704592007366,0.02688501857123045
GARCH,GC=F,2026-06-16 13:45:00,0.027445118983286408,0.026891834531361503
GARCH,GC=F,2026-06-16 14:00:00,0.025824377956202415,0.027159661060513908
GARCH,GC=F,2026-06-16 14:15:00,0.03539526985927811,0.02711471286124873
GARCH,GC=F,2026-06-16 14:30:00,0.03205133367880437,0.027054471100922597
GARCH,GC=F,2026-06-16 14:45:00,0.02868199096586848,0.026956666330001492
GARCH,GC=F,2026-06-16 15:00:00,0.026071179408818288,0.026954833312744036
GARCH,GC=F,2026-06-16 15:15:00,0.02419409985413356,0.026913323140135635
GARCH,GC=F,2026-06-16 15:30:00,0.02265881218669586,0.026925531866796016
GARCH,GC=F,2026-06-16 15:45:00,0.025504468498724554,0.026984390065527355
GARCH,GC=F,2026-06-16 16:00:00,0.029835656400575585,0.02696325218873833
GARCH,GC=F,2026-06-16 16:15:00,0.02696562073826048,0.026891296137657766
GARCH,GC=F,2026-06-16 16:30:00,0.024757878511197796,0.026793650269981383
GARCH,GC=F,2026-06-16 16:45:00,0.02364428139629239,0.026738111425377777
GARCH,GC=F,2026-06-16 17:00:00,0.023826988883846947,0.02665219308791164
GARCH,GC=F,2026-06-16 17:15:00,0.022391689705083602,0.026639302170346584
GARCH,GC=F,2026-06-16 17:30:00,0.02221651379672343,0.026639630850301348
GARCH,GC=F,2026-06-16 17:45:00,0.02134644167403195,0.026623216641328253
GARCH,GC=F,2026-06-16 18:00:00,0.020726209347482673,0.026608828122335764
GARCH,GC=F,2026-06-16 18:15:00,0.020083829680258722,0.02660610403967493
GARCH,GC=F,2026-06-16 18:30:00,0.02021995508319599,0.026589130062225505
GARCH,GC=F,2026-06-16 18:45:00,0.01971789968119084,0.026587719179411967
GARCH,GC=F,2026-06-16 19:00:00,0.019375374905032012,0.026346881547169455
GARCH,GC=F,2026-06-16 19:15:00,0.019132886481946214,0.026272249826958135
GARCH,GC=F,2026-06-16 19:30:00,0.019011169877653552,0.026265498470418168
GARCH,GC=F,2026-06-16 19:45:00,0.020186798583741367,0.026259320700135334
GARCH,GC=F,2026-06-16 20:00:00,0.020293442615360403,0.026230913243419567
GARCH,GC=F,2026-06-16 20:15:00,0.019970489891070912,0.02618281490589269
GARCH,GC=F,2026-06-16 20:30:00,0.01957606153569465,0.026177893986482365
GARCH,GC=F,2026-06-16 20:45:00,0.0195834814858687,0.026126726876710905
GARCH,GC=F,2026-06-16 21:00:00,0.01926280679620106,0.025921924402797194
GARCH,GC=F,2026-06-16 21:15:00,0.0190349382522955,0.02589478625948858
GARCH,GC=F,2026-06-16 21:30:00,0.018873793325376947,0.025860374881795656
GARCH,GC=F,2026-06-16 21:45:00,0.018760168299916714,0.025820250287065038
GARCH,GC=F,2026-06-16 22:00:00,0.01876620305963738,0.025807730009061447
GARCH,GC=F,2026-06-16 22:15:00,0.019034062754020784,0.025624528316676713
GARCH,GC=F,2026-06-16 22:30:00,0.019436725502002202,0.025598426519936615
GARCH,GC=F,2026-06-16 22:45:00,0.019575929805356312,0.0255469902595167
GARCH,GC=F,2026-06-16 23:00:00,0.019349507817101933,0.02550900521338875
GARCH,GC=F,2026-06-16 23:15:00,0.019099971484925485,0.025495812904320295
GARCH,GC=F,2026-06-16 23:30:00,0.0192549021871479,0.025092552426675987
GARCH,GC=F,2026-06-16 23:45:00,0.019799044194568148,0.02503553759371956
GARCH,GC=F,2026-06-17 00:00:00,0.022059440077006835,0.02488227365015141
GARCH,GC=F,2026-06-17 00:15:00,0.021060568599697863,0.024611080884849718
GARCH,GC=F,2026-06-17 00:30:00,0.020536699892287413,0.024613077478189214
GARCH,GC=F,2026-06-17 00:45:00,0.020173861698311108,0.0246259567789901
GARCH,GC=F,2026-06-17 01:00:00,0.026220863525977613,0.024618275863603926
GARCH,GC=F,2026-06-17 01:15:00,0.024921211656478412,0.024620030429585455
GARCH,GC=F,2026-06-17 01:30:00,0.023986439210417043,0.02461640078153298
GARCH,GC=F,2026-06-17 01:45:00,0.022552374147616436,0.024615341135838277
GARCH,GC=F,2026-06-17 02:00:00,0.021598849514302097,0.02462306688892005
GARCH,GC=F,2026-06-17 02:15:00,0.021012032000779154,0.02461838890393905
GARCH,GC=F,2026-06-17 02:30:00,0.020488321939670633,0.02468627248711854
GARCH,GC=F,2026-06-17 02:45:00,0.023485365620410013,0.024651954711463087
GARCH,GC=F,2026-06-17 03:00:00,0.02218969607785148,0.024651083213688228
GARCH,GC=F,2026-06-17 03:15:00,0.021220687974858345,0.024646391371149125
GARCH,GC=F,2026-06-17 03:30:00,0.02063328949433256,0.024421772735099784
GARCH,GC=F,2026-06-17 03:45:00,0.020219786676781728,0.024418749455984046
GARCH,GC=F,2026-06-17 04:00:00,0.01979050512270306,0.024365356442623356
GARCH,GC=F,2026-06-17 04:15:00,0.021835533005282754,0.024352013163575815
GARCH,GC=F,2026-06-17 04:30:00,0.021082292411750726,0.02433337161286533
GARCH,GC=F,2026-06-17 04:45:00,0.021155261325706165,0.02435043387975911
GARCH,GC=F,2026-06-17 05:00:00,0.02132541902370572,0.024364848242925483
GARCH,GC=F,2026-06-17 05:15:00,0.021639610356731266,0.024369187716460922
GARCH,GC=F,2026-06-17 05:30:00,0.021353641288202913,0.024369897613272073
GARCH,GC=F,2026-06-17 05:45:00,0.021243658578059696,0.02437527102343098
GARCH,GC=F,2026-06-17 06:00:00,0.020900366476212337,0.024408401837059165
GARCH,GC=F,2026-06-17 06:15:00,0.021819592213138783,0.02441915012672352
GARCH,GC=F,2026-06-17 06:30:00,0.021638172686443764,0.024431916182507455
GARCH,GC=F,2026-06-17 06:45:00,0.0217390001697186,0.024456132821747793
GARCH,GC=F,2026-06-17 07:00:00,0.021921729728050496,0.02445693156804959
GARCH,GC=F,2026-06-17 07:15:00,0.02105943580262484,0.02445703747314805
GARCH,GC=F,2026-06-17 07:30:00,0.020323692854212087,0.024473631083611634
GARCH,GC=F,2026-06-17 07:45:00,0.02060189235605,0.024482709898023976
GARCH,GC=F,2026-06-17 08:00:00,0.020432951816452775,0.024482889690222245
GARCH,GC=F,2026-06-17 08:15:00,0.019929951861854308,0.024503867254068584
GARCH,GC=F,2026-06-17 08:30:00,0.020565791263308313,0.0245265352167941
GARCH,GC=F,2026-06-17 08:45:00,0.02151817120801912,0.024526346064111578
GARCH,GC=F,2026-06-17 09:00:00,0.020681435739264564,0.024563310008361403
GARCH,GC=F,2026-06-17 09:15:00,0.022545326574070722,0.024575913317101742
GARCH,GC=F,2026-06-17 09:30:00,0.021910407160165127,0.024576498452541104
GARCH,GC=F,2026-06-17 09:45:00,0.02104015686424373,0.0245766146242916
GARCH,GC=F,2026-06-17 10:00:00,0.020378698846521485,0.024581365913343728
GARCH,GC=F,2026-06-17 10:15:00,0.020019342434480975,0.024584106215454763
GARCH,GC=F,2026-06-17 10:30:00,0.019860663249445538,0.024583889912090998
GARCH,GC=F,2026-06-17 10:45:00,0.019474001802121107,0.024593041881068988
GARCH,GC=F,2026-06-17 11:00:00,0.019610308520629473,0.024594000844258213
GARCH,GC=F,2026-06-17 11:15:00,0.01931165775602904,0.024605087696340643
GARCH,GC=F,2026-06-17 11:30:00,0.019616071349281318,0.02461476914760271
GARCH,GC=F,2026-06-17 11:45:00,0.019771861495099262,0.02461476914760271
GARCH,GC=F,2026-06-17 12:00:00,0.019397134274274398,0.0246152373959956
GARCH,GC=F,2026-06-17 12:15:00,0.01923019120163218,0.02466581165030471
GARCH,GC=F,2026-06-17 12:30:00,0.02246465961282863,0.024668855067536948
GARCH,GC=F,2026-06-17 12:45:00,0.021698294991438907,0.015807308941905414
GARCH,GC=F,2026-06-17 13:00:00,0.02100504522598832,0.015528291026645215
GARCH,GC=F,2026-06-17 13:15:00,0.021236640415211713,0.015576796213666293
GARCH,GC=F,2026-06-17 13:30:00,0.022731181203154142,0.015581003089214406
GARCH,GC=F,2026-06-17 13:45:00,0.021660289263339717,0.015579412422324265
GARCH,GC=F,2026-06-17 14:00:00,0.021210281056427884,0.016093783910188272
GARCH,GC=F,2026-06-17 14:15:00,0.03561564286803128,0.01620478972281724
GARCH,GC=F,2026-06-17 14:30:00,0.03403038934584858,0.016198056306631656
GARCH,GC=F,2026-06-17 14:45:00,0.03295395003844458,0.01617054123055504
GARCH,GC=F,2026-06-17 15:00:00,0.029953841962297386,0.016250148486632705
GARCH,GC=F,2026-06-17 15:15:00,0.029571660550429424,0.016245503555949396
GARCH,GC=F,2026-06-17 15:30:00,0.02719511547532951,0.016240311360319518
GARCH,GC=F,2026-06-17 15:45:00,0.026491985542598826,0.0162125910299419
GARCH,GC=F,2026-06-17 16:00:00,0.02443091534434012,0.016143590898546754
GARCH,GC=F,2026-06-17 16:15:00,0.023282466816748962,0.015905691951977493
GARCH,GC=F,2026-06-17 16:30:00,0.024963834539454183,0.015904864111803738
GARCH,GC=F,2026-06-17 16:45:00,0.023381127127053435,0.015738507137837844
GARCH,GC=F,2026-06-17 17:00:00,0.022032715687547853,0.015740343251101813
GARCH,GC=F,2026-06-17 17:15:00,0.021331720164384324,0.01609657724674106
GARCH,GC=F,2026-06-17 17:30:00,0.03184016386627334,0.01612407797103757
GARCH,GC=F,2026-06-17 17:45:00,0.029514191954540796,0.02768185065986721
GARCH,GC=F,2026-06-17 18:00:00,0.16157831319280386,0.027766679066862286
GARCH,GC=F,2026-06-17 18:15:00,0.1360601018017861,0.028660102676499925
GARCH,GC=F,2026-06-17 18:30:00,0.12493247142195596,0.02997599157606866
GARCH,GC=F,2026-06-17 18:45:00,0.12155018895248111,0.030409266808555276
GARCH,GC=F,2026-06-17 19:00:00,0.10908265799305789,0.03161763381534752
GARCH,GC=F,2026-06-17 19:15:00,0.11125946031888839,0.03162989851183127
GARCH,GC=F,2026-06-17 19:30:00,0.0937304964656192,0.03165507915397571
GARCH,GC=F,2026-06-17 19:45:00,0.07953972779339899,0.03207488161657747
GARCH,GC=F,2026-06-17 20:00:00,0.07648813187158064,0.03207663177439269
GARCH,GC=F,2026-06-17 20:15:00,0.06487719452128529,0.03185022858801095
GARCH,GC=F,2026-06-17 20:30:00,0.05532145323335487,0.03185352889373846
GARCH,GC=F,2026-06-17 20:45:00,0.047668445189785205,0.03185196049806119
GARCH,GC=F,2026-06-17 21:00:00,0.041148527590824456,0.03183856621841064
GARCH,GC=F,2026-06-17 21:15:00,0.0358863594801504,0.031835230043429696
GARCH,GC=F,2026-06-17 21:30:00,0.03168708601655216,0.0318322031831086
GARCH,GC=F,2026-06-17 21:45:00,0.028380272314640208,0.03187188941003075
GARCH,GC=F,2026-06-17 22:00:00,0.029413101961513255,0.03186329266670105
GARCH,GC=F,2026-06-17 22:15:00,0.02671245998583171,0.031871445548482126
GARCH,GC=F,2026-06-17 22:30:00,0.02512739384614842,0.03184196137126426
GARCH,GC=F,2026-06-17 22:45:00,0.02386745891737896,0.03203160667843606
GARCH,GC=F,2026-06-17 23:00:00,0.03424544756948575,0.032035723106148425
GARCH,GC=F,2026-06-17 23:15:00,0.030574090912406607,0.03190262067477008
GARCH,GC=F,2026-06-17 23:30:00,0.028164643747655874,0.031872771661771784
GARCH,GC=F,2026-06-17 23:45:00,0.025804907021438957,0.032185382726403276
GARCH,GC=F,2026-06-18 00:00:00,0.0406069737361771,0.03219186281186776
GARCH,GC=F,2026-06-18 00:15:00,0.035856608982254345,0.032274893384758134
GARCH,GC=F,2026-06-18 00:30:00,0.03611041551403317,0.032276849631017096
GARCH,GC=F,2026-06-18 00:45:00,0.0320596053846874,0.03246089659699058
GARCH,GC=F,2026-06-18 01:00:00,0.0375942854925012,0.03247143024945732
GARCH,GC=F,2026-06-18 01:15:00,0.03349575535158561,0.0324807195245193
GARCH,GC=F,2026-06-18 01:30:00,0.030260897240748687,0.032499024275149106
GARCH,GC=F,2026-06-18 01:45:00,0.02834283394129109,0.032575436680023016
GARCH,GC=F,2026-06-18 02:00:00,0.030092572153683658,0.032575405735073414
GARCH,GC=F,2026-06-18 02:15:00,0.027462930950403204,0.03262208047173744
GARCH,GC=F,2026-06-18 02:30:00,0.028285059007780756,0.03263909331031986
GARCH,GC=F,2026-06-18 02:45:00,0.027431022060877854,0.03262416594248021
GARCH,GC=F,2026-06-18 03:00:00,0.025087550775298964,0.0326018994357931
GARCH,GC=F,2026-06-18 03:15:00,0.023819818181169253,0.03256363555861908
GARCH,GC=F,2026-06-18 03:30:00,0.02368013884049199,0.03255036517973305
GARCH,GC=F,2026-06-18 03:45:00,0.022281615910018086,0.03255137749311175
GARCH,GC=F,2026-06-18 04:00:00,0.021336388618004642,0.03255371562277097
GARCH,GC=F,2026-06-18 04:15:00,0.02182494553381618,0.03248190310302188
GARCH,GC=F,2026-06-18 04:30:00,0.021792884287040674,0.03246431423715698
GARCH,GC=F,2026-06-18 04:45:00,0.02299632860010698,0.03245983458014225
GARCH,GC=F,2026-06-18 05:00:00,0.02174752685444124,0.032474846834883546
GARCH,GC=F,2026-06-18 05:15:00,0.02433272347556537,0.03257035323182701
GARCH,GC=F,2026-06-18 05:30:00,0.030721368425429375,0.032574723055640464
GARCH,GC=F,2026-06-18 05:45:00,0.028004586612916552,0.03260939563324854
GARCH,GC=F,2026-06-18 06:00:00,0.02922347518514298,0.032633342399545975
GARCH,GC=F,2026-06-18 06:15:00,0.028125774771744636,0.03263047247302295
GARCH,GC=F,2026-06-18 06:30:00,0.02624289800883224,0.032648883693546946
GARCH,GC=F,2026-06-18 06:45:00,0.02539095735725731,0.03263496051043512
GARCH,GC=F,2026-06-18 07:00:00,0.023549559861178702,0.03257529608259076
GARCH,GC=F,2026-06-18 07:15:00,0.02217668471458345,0.03262652175554962
GARCH,GC=F,2026-06-18 07:30:00,0.02706028965812549,0.03268211200412273
GARCH,GC=F,2026-06-18 07:45:00,0.02900922494857002,0.032663761866120286
GARCH,GC=F,2026-06-18 08:00:00,0.026487898629116317,0.03265554968923517
GARCH,GC=F,2026-06-18 08:15:00,0.024753503938503892,0.03261565424272338
GARCH,GC=F,2026-06-18 08:30:00,0.023751507344260212,0.032786259857486975
GARCH,GC=F,2026-06-18 08:45:00,0.03321136242885344,0.03278642224532776
GARCH,GC=F,2026-06-18 09:00:00,0.029575218413562143,0.03278510755520243
GARCH,GC=F,2026-06-18 09:15:00,0.026778561110861358,0.03279040911010092
GARCH,GC=F,2026-06-18 09:30:00,0.024875757659326647,0.032788543952613464
GARCH,GC=F,2026-06-18 09:45:00,0.023146489861951704,0.032781942038450966
GARCH,GC=F,2026-06-18 10:00:00,0.02187015962220176,0.03278284553562332
GARCH,GC=F,2026-06-18 10:15:00,0.02100646921084428,0.032804391952951824
GARCH,GC=F,2026-06-18 10:30:00,0.02228648525805861,0.032864675537910816
GARCH,GC=F,2026-06-18 10:45:00,0.025976835080121993,0.032897644258352676
GARCH,GC=F,2026-06-18 11:00:00,0.02742871227436691,0.03289418269488014
GARCH,GC=F,2026-06-18 11:15:00,0.025245630143016177,0.03291022753288623
GARCH,GC=F,2026-06-18 11:30:00,0.02506620609392368,0.0329126445989828
GARCH,GC=F,2026-06-18 11:45:00,0.023557286533800126,0.033099162062208
GARCH,GC=F,2026-06-18 12:00:00,0.03293752593885471,0.03310027194661475
GARCH,GC=F,2026-06-18 12:15:00,0.029412324613242714,0.03321695958580193
GARCH,GC=F,2026-06-18 12:30:00,0.0333905773057349,0.03322747307971735
GARCH,GC=F,2026-06-18 12:45:00,0.030137616094739313,0.033374336790401075
GARCH,GC=F,2026-06-18 13:00:00,0.034893098570812964,0.03338800103156499
GARCH,GC=F,2026-06-18 13:15:00,0.0316795433007466,0.03338111120552297
GARCH,GC=F,2026-06-18 13:30:00,0.028497838865836452,0.03343213609833224
GARCH,GC=F,2026-06-18 13:45:00,0.02915429551910028,0.03361531891652478
GARCH,GC=F,2026-06-18 14:00:00,0.03689608135858661,0.03362242742653464
GARCH,GC=F,2026-06-18 14:15:00,0.03285517867924618,0.033615586642111145
GARCH,GC=F,2026-06-18 14:30:00,0.02930171462089146,0.0336682999031128
GARCH,GC=F,2026-06-18 14:45:00,0.02960905207807843,0.03368660412114093
GARCH,GC=F,2026-06-18 15:00:00,0.028133522572106245,0.03376556912943075
GARCH,GC=F,2026-06-18 15:15:00,0.03201891443777791,0.03377351356428651
GARCH,GC=F,2026-06-18 15:30:00,0.02968147882863055,0.03372936623708104
GARCH,GC=F,2026-06-18 15:45:00,0.028145848276335456,0.03373096970266504
GARCH,GC=F,2026-06-18 16:00:00,0.025686764956631306,0.03373506130991287
GARCH,GC=F,2026-06-18 16:15:00,0.02414601956839483,0.03372676961651622
GARCH,GC=F,2026-06-18 16:30:00,0.023066158399494125,0.03372949762010525
GARCH,GC=F,2026-06-18 16:45:00,0.022246843212631675,0.033786803524092225
GARCH,GC=F,2026-06-18 17:00:00,0.02555534586475396,0.033777984772599585
GARCH,GC=F,2026-06-18 17:15:00,0.0238495153167635,0.03379410625983233
GARCH,GC=F,2026-06-18 17:30:00,0.023382789336571896,0.03375499707653336
GARCH,GC=F,2026-06-18 17:45:00,0.022032351612886542,0.03375768595188985
GARCH,GC=F,2026-06-18 18:00:00,0.02135061257399224,0.03375360294299451
GARCH,GC=F,2026-06-18 18:15:00,0.02084746183299827,0.03365710082600083
GARCH,GC=F,2026-06-18 18:30:00,0.020315245352120825,0.03368281831014538
GARCH,GC=F,2026-06-18 18:45:00,0.02229163574345766,0.03376793050549595
GARCH,GC=F,2026-06-18 19:00:00,0.028281320040916408,0.03376197740318339
GARCH,GC=F,2026-06-18 19:15:00,0.02618341779488128,0.03384069053774343
GARCH,GC=F,2026-06-18 19:30:00,0.02868353761031522,0.0338491976134168
GARCH,GC=F,2026-06-18 19:45:00,0.02653464904616732,0.033834423779448834
GARCH,GC=F,2026-06-18 20:00:00,0.024404903713299574,0.03383615992335792
GARCH,GC=F,2026-06-18 20:15:00,0.022990326410939146,0.03379598248081118
GARCH,GC=F,2026-06-18 20:30:00,0.023718163220266365,0.03380572993739925
GARCH,GC=F,2026-06-18 20:45:00,0.023384477849553616,0.033798084723594655
GARCH,GC=F,2026-06-18 21:00:00,0.02203182177027384,0.03379608298704174
GARCH,GC=F,2026-06-18 21:15:00,0.0210326103231868,0.03379622083713513
GARCH,GC=F,2026-06-18 21:30:00,0.02030392450764343,0.03374646361856154
GARCH,GC=F,2026-06-18 21:45:00,0.019777876725961548,0.03374220861686517
GARCH,GC=F,2026-06-18 22:00:00,0.019523576404391396,0.0337423178616681
GARCH,GC=F,2026-06-18 22:15:00,0.02037846545190257,0.03374324075233169
GARCH,GC=F,2026-06-18 22:30:00,0.0198898279236263,0.033691453468872104
GARCH,GC=F,2026-06-18 22:45:00,0.01986769842865847,0.03378120043031394
GARCH,GC=F,2026-06-18 23:00:00,0.02726108773787517,0.033770568831939386
GARCH,GC=F,2026-06-18 23:15:00,0.024978979350869672,0.03376658989087039
GARCH,GC=F,2026-06-18 23:30:00,0.02359834194591213,0.03378098979415367
GARCH,GC=F,2026-06-18 23:45:00,0.02450007359582629,0.03378493360111319
GARCH,GC=F,2026-06-19 00:00:00,0.02339794155535918,0.03375732723146164
GARCH,GC=F,2026-06-19 00:15:00,0.022089969550145097,0.03376832417390418
GARCH,GC=F,2026-06-19 00:30:00,0.021971641000779564,0.03376179597448908
GARCH,GC=F,2026-06-19 00:45:00,0.021310139328598435,0.033773218735051645
GARCH,GC=F,2026-06-19 01:00:00,0.021836736643629843,0.03379478985786951
GARCH,GC=F,2026-06-19 01:15:00,0.022167845956281237,0.03380560147914857
GARCH,GC=F,2026-06-19 01:30:00,0.02281642959097485,0.033799453276954716
GARCH,GC=F,2026-06-19 01:45:00,0.021724758331191096,0.033785283270535975
GARCH,GC=F,2026-06-19 02:00:00,0.022742808237333132,0.03378446403814101
GARCH,GC=F,2026-06-19 02:15:00,0.021559271492705832,0.033778472719898235
GARCH,GC=F,2026-06-19 02:30:00,0.020692981881372884,0.03378061457270501
GARCH,GC=F,2026-06-19 02:45:00,0.020910862538761073,0.03384004108419065
GARCH,GC=F,2026-06-19 03:00:00,0.02668911918926361,0.03384377901829586
GARCH,GC=F,2026-06-19 03:15:00,0.024598296309066518,0.033820660482231056
GARCH,GC=F,2026-06-19 03:30:00,0.02444151927341839,0.0339134977554617
GARCH,GC=F,2026-06-19 03:45:00,0.031441840273486454,0.03383158006995156
GARCH,GC=F,2026-06-21 22:00:00,0.028193413269396575,0.03378597279833946
GARCH,GC=F,2026-06-21 22:15:00,0.025676274307659726,0.033793753380527994
GARCH,GC=F,2026-06-21 22:30:00,0.02495879654580565,0.03376143303628275
GARCH,GC=F,2026-06-21 22:45:00,0.02320881333041183,0.03375130659317211
GARCH,GC=F,2026-06-21 23:00:00,0.022190207120867448,0.03356616810924133
GARCH,GC=F,2026-06-21 23:15:00,0.02143461604808109,0.03363016758038711
GARCH,GC=F,2026-06-21 23:30:00,0.02755738309441968,0.033646720480919275
GARCH,GC=F,2026-06-21 23:45:00,0.02678787683597383,0.0340323109308335
GARCH,GC=F,2026-06-22 00:00:00,0.042679275377043295,0.0340775366717729
GARCH,GC=F,2026-06-22 00:15:00,0.03923005320990286,0.03414603842056049
GARCH,GC=F,2026-06-22 00:30:00,0.03736404045586926,0.03462338599570066
GARCH,GC=F,2026-06-22 00:45:00,0.05375851988026192,0.034637412474302964
GARCH,GC=F,2026-06-22 01:00:00,0.050317643204163286,0.0346499652626444
GARCH,GC=F,2026-06-22 01:15:00,0.04387596798975365,0.034683639799777025
GARCH,GC=F,2026-06-22 01:30:00,0.03990827206705596,0.0347491991926386
GARCH,GC=F,2026-06-22 01:45:00,0.0387962765863714,0.034763666509748256
GARCH,GC=F,2026-06-22 02:00:00,0.03596263106810874,0.034788322445634144
GARCH,GC=F,2026-06-22 02:15:00,0.032740163128395484,0.03478337052234011
GARCH,GC=F,2026-06-22 02:30:00,0.029672925820515422,0.034786982537875995
GARCH,GC=F,2026-06-22 02:45:00,0.027465232986008805,0.03485001569022522
GARCH,GC=F,2026-06-22 03:00:00,0.030065663641470806,0.03485361755758336
GARCH,GC=F,2026-06-22 03:15:00,0.027202485532939916,0.034861041543886424
GARCH,GC=F,2026-06-22 03:30:00,0.025985791164794055,0.03486731738597344
GARCH,GC=F,2026-06-22 03:45:00,0.02474873194459004,0.034884789707110286
GARCH,GC=F,2026-06-22 04:00:00,0.02403328969017773,0.0348848253661335
GARCH,GC=F,2026-06-22 04:15:00,0.022537088310828686,0.034885330280798946
GARCH,GC=F,2026-06-22 04:30:00,0.021407121120062007,0.034900538326676646
GARCH,GC=F,2026-06-22 04:45:00,0.022249778118436963,0.03491305096600341
GARCH,GC=F,2026-06-22 05:00:00,0.022253198700202995,0.034975474282999235
GARCH,GC=F,2026-06-22 05:15:00,0.02568082089095608,0.03497467630344531
GARCH,GC=F,2026-06-22 05:30:00,0.023825875770371745,0.03497417765189741
GARCH,GC=F,2026-06-22 05:45:00,0.0223978508703291,0.03497482671142914
GARCH,GC=F,2026-06-22 06:00:00,0.021319410612107865,0.034985328382342334
GARCH,GC=F,2026-06-22 06:15:00,0.02117194098818891,0.035015385726465544
GARCH,GC=F,2026-06-22 06:30:00,0.02252881237240308,0.03503200592955538
GARCH,GC=F,2026-06-22 06:45:00,0.022973282551693272,0.03503615954022826
GARCH,GC=F,2026-06-22 07:00:00,0.02191051445090624,0.03503501041106071
GARCH,GC=F,2026-06-22 07:15:00,0.02110792431569444,0.03503129544026503
GARCH,GC=F,2026-06-22 07:30:00,0.021033148134110443,0.035034160096431594
GARCH,GC=F,2026-06-22 07:45:00,0.021434444790255018,0.035031995210127655
GARCH,GC=F,2026-06-22 08:00:00,0.02062045564982399,0.0350364705582923
GARCH,GC=F,2026-06-22 08:15:00,0.02025713216492045,0.035038637246961046
GARCH,GC=F,2026-06-22 08:30:00,0.019962093838334215,0.035050343111870594
GARCH,GC=F,2026-06-22 08:45:00,0.020741395571886777,0.03506862366648272
GARCH,GC=F,2026-06-22 09:00:00,0.024088490179869873,0.035069386065989444
GARCH,GC=F,2026-06-22 09:15:00,0.022663987330515147,0.035077547858564186
GARCH,GC=F,2026-06-22 09:30:00,0.022031984825724788,0.03507573708972791
GARCH,GC=F,2026-06-22 09:45:00,0.02115783973896456,0.035004174160199235
GARCH,GC=F,2026-06-22 10:00:00,0.02188735869287635,0.03499933406955888
GARCH,GC=F,2026-06-22 10:15:00,0.02140798417933984,0.0349929206914502
GARCH,GC=F,2026-06-22 10:30:00,0.020788662825824186,0.03499868807376202
GARCH,GC=F,2026-06-22 10:45:00,0.021086234999659868,0.035008604907802277
GARCH,GC=F,2026-06-22 11:00:00,0.021181693685007816,0.035017941076850835
GARCH,GC=F,2026-06-22 11:15:00,0.02160783950791625,0.035023856358287954
GARCH,GC=F,2026-06-22 11:30:00,0.021080400985131212,0.03498760019084037
GARCH,GC=F,2026-06-22 11:45:00,0.020401638730283816,0.034988748466807655
GARCH,GC=F,2026-06-22 12:00:00,0.019896197416054733,0.03498775554364715
GARCH,GC=F,2026-06-22 12:15:00,0.019513413023930455,0.034999605048554684
GARCH,GC=F,2026-06-22 12:30:00,0.020893925550255987,0.035076925794036644
GARCH,GC=F,2026-06-22 12:45:00,0.026861526993177523,0.03508013839933387
GARCH,GC=F,2026-06-22 13:00:00,0.024741405688080344,0.03509944680675414
GARCH,GC=F,2026-06-22 13:15:00,0.026511580320900674,0.03511905166824821
GARCH,GC=F,2026-06-22 13:30:00,0.025449657363475785,0.03517737526731676
GARCH,GC=F,2026-06-22 13:45:00,0.028034187610398005,0.03519630061756402
GARCH,GC=F,2026-06-22 14:00:00,0.027235643986599226,0.03531419393709852
GARCH,GC=F,2026-06-22 14:15:00,0.03359068021016887,0.03530573263901524
GARCH,GC=F,2026-06-22 14:30:00,0.029877395052508,0.035330585612344874
GARCH,GC=F,2026-06-22 14:45:00,0.028633806022599982,0.0353227645938983
GARCH,GC=F,2026-06-22 15:00:00,0.026013802716228895,0.03536065021442905
GARCH,GC=F,2026-06-22 15:15:00,0.02813571119224514,0.035398260055831215
GARCH,GC=F,2026-06-22 15:30:00,0.0295432274036874,0.035388009077259294
GARCH,GC=F,2026-06-22 15:45:00,0.02686583203008239,0.035396425160175105
GARCH,GC=F,2026-06-22 16:00:00,0.026267632543904847,0.03542316866607268
GARCH,GC=F,2026-06-22 16:15:00,0.025849120332314183,0.03542320433467172
GARCH,GC=F,2026-06-22 16:30:00,0.023937937573397166,0.03548246762421718
GARCH,GC=F,2026-06-22 16:45:00,0.026619804210523967,0.03548665291661953
GARCH,GC=F,2026-06-22 17:00:00,0.025093058303656365,0.035487589268297766
GARCH,GC=F,2026-06-22 17:15:00,0.023682338044141178,0.0354828021233086
GARCH,GC=F,2026-06-22 17:30:00,0.022770929690628106,0.03546322765482975
GARCH,GC=F,2026-06-22 17:45:00,0.021731657695820153,0.0354640609098852
GARCH,GC=F,2026-06-22 18:00:00,0.02087283370710736,0.03544315429504111
GARCH,GC=F,2026-06-22 18:15:00,0.021143972523499206,0.03544527305323244
GARCH,GC=F,2026-06-22 18:30:00,0.020778861401491888,0.03544412000141171
GARCH,GC=F,2026-06-22 18:45:00,0.020171970853358062,0.03544300144663336
GARCH,GC=F,2026-06-22 19:00:00,0.019695872514082488,0.03544997044894203
GARCH,GC=F,2026-06-22 19:15:00,0.02032015305257555,0.0354485641210878
GARCH,GC=F,2026-06-22 19:30:00,0.020380755363484087,0.0354866428920722
GARCH,GC=F,2026-06-22 19:45:00,0.022529569343656686,0.03548389924496723
GARCH,GC=F,2026-06-22 20:00:00,0.021400050921144217,0.03548389975853395
GARCH,GC=F,2026-06-22 20:15:00,0.020588462682529673,0.03548698707950994
GARCH,GC=F,2026-06-22 20:30:00,0.02038450324839656,0.0365991097762716
GARCH,GC=F,2026-06-22 20:45:00,0.06741501095496713,0.0365991097762716
GARCH,GC=F,2026-06-22 21:00:00,0.0573254994367392,0.03659686039313633
GARCH,GC=F,2026-06-22 21:15:00,0.04901979323280481,0.03655066221579939
GARCH,GC=F,2026-06-22 21:30:00,0.04224509383576332,0.03654483559121139
GARCH,GC=F,2026-06-22 21:45:00,0.036767423485117315,0.03766879787864972
GARCH,GC=F,2026-06-22 22:00:00,0.0714442607551132,0.037655718762569464
GARCH,GC=F,2026-06-22 22:15:00,0.06067824378918832,0.03762954056060607
GARCH,GC=F,2026-06-22 22:30:00,0.05200857857146538,0.037629058155377385
GARCH,GC=F,2026-06-22 22:45:00,0.04468113038745811,0.03762434059075829
GARCH,GC=F,2026-06-22 23:00:00,0.038801855720239746,0.037383464073706636
GARCH,GC=F,2026-06-22 23:15:00,0.03400737695587972,0.03735927631105509
GARCH,GC=F,2026-06-22 23:30:00,0.031020673149561806,0.037362381698752466
GARCH,GC=F,2026-06-22 23:45:00,0.030810852009807793,0.03740021121128866
GARCH,GC=F,2026-06-23 00:00:00,0.03166482189121186,0.0373733209566275
GARCH,GC=F,2026-06-23 00:15:00,0.029153109415127068,0.03743518517638439
GARCH,GC=F,2026-06-23 00:30:00,0.030548132701236234,0.03741025085058382
GARCH,GC=F,2026-06-23 00:45:00,0.02755625130922483,0.037454027184227585
GARCH,GC=F,2026-06-23 01:00:00,0.028794678075479845,0.03747193775120425
GARCH,GC=F,2026-06-23 01:15:00,0.028614662669289186,0.03784925011850267
GARCH,GC=F,2026-06-23 01:30:00,0.04840189359339382,0.037896330456679325
GARCH,GC=F,2026-06-23 01:45:00,0.04337802261845415,0.03793032102142055
GARCH,GC=F,2026-06-23 02:00:00,0.03969110227582531,0.0379866913374011
GARCH,GC=F,2026-06-23 02:15:00,0.037367352442383775,0.03783994517259912
GARCH,GC=F,2026-06-23 02:30:00,0.03467631924861892,0.03786464370458481
GARCH,GC=F,2026-06-23 02:45:00,0.034078766542387305,0.030583177366994327
GARCH,GC=F,2026-06-23 03:00:00,0.031175308987661073,0.030498055361420057
GARCH,GC=F,2026-06-23 03:15:00,0.02818882154171744,0.02962818689016146
GARCH,GC=F,2026-06-23 03:30:00,0.026005232070661487,0.028379613264267446
GARCH,GC=F,2026-06-23 03:45:00,0.02592427387539866,0.027926497459257044
GARCH,GC=F,2026-06-23 04:00:00,0.02403541324299095,0.026563716523729235
GARCH,GC=F,2026-06-23 04:15:00,0.02314106283322183,0.02655084964390913
GARCH,GC=F,2026-06-23 04:30:00,0.02205944420948356,0.02695517796175884
GARCH,GC=F,2026-06-23 04:45:00,0.04084722377249058,0.02661508262173
GARCH,GC=F,2026-06-23 05:00:00,0.04066788271611668,0.02662827208594353
GARCH,GC=F,2026-06-23 05:15:00,0.03623320705549868,0.026632335466373246
GARCH,GC=F,2026-06-23 05:30:00,0.03224806032658978,0.0266668899389468
GARCH,GC=F,2026-06-23 05:45:00,0.030985786818507065,0.026670683923661915
GARCH,GC=F,2026-06-23 06:00:00,0.027914666588289814,0.026706777599028845
GARCH,GC=F,2026-06-23 06:15:00,0.02763759539535983,0.026710158855000072
GARCH,GC=F,2026-06-23 06:30:00,0.02562051807507308,0.02671185402370325
GARCH,GC=F,2026-06-23 06:45:00,0.023742260510289957,0.026629958215784757
GARCH,GC=F,2026-06-23 07:00:00,0.02237991434611754,0.026638512694696123
GARCH,GC=F,2026-06-23 07:15:00,0.021796882171965862,0.02683177932034162
GARCH,GC=F,2026-06-23 07:30:00,0.031899222776882265,0.026850141217647523
GARCH,GC=F,2026-06-23 07:45:00,0.03062052771408234,0.026594472074619038
GARCH,GC=F,2026-06-23 08:00:00,0.028693642071403583,0.026620984798952193
GARCH,GC=F,2026-06-23 08:15:00,0.027087948515342887,0.02677407090755121
GARCH,GC=F,2026-06-23 08:30:00,0.03175886726008006,0.026785676306436565
GARCH,GC=F,2026-06-23 08:45:00,0.029440884094746284,0.02641002971174932
GARCH,GC=F,2026-06-23 09:00:00,0.028817663204506086,0.02640081112642579
GARCH,GC=F,2026-06-23 09:15:00,0.02623980928930323,0.02630190413568487
GARCH,GC=F,2026-06-23 09:30:00,0.02539888710023288,0.026341283974425842
GARCH,GC=F,2026-06-23 09:45:00,0.025365763191813977,0.026166921047167037
GARCH,GC=F,2026-06-23 10:00:00,0.02690383555199455,0.026160007560182507
GARCH,GC=F,2026-06-23 10:15:00,0.024710542238351674,0.026153323407420662
GARCH,GC=F,2026-06-23 10:30:00,0.023916639807046898,0.0261751015073421
GARCH,GC=F,2026-06-23 10:45:00,0.025188543986955064,0.026176050821218703
GARCH,GC=F,2026-06-23 11:00:00,0.028052087198214285,0.026173714522424937
GARCH,GC=F,2026-06-23 11:15:00,0.025745080438315814,0.02615307098444449
GARCH,GC=F,2026-06-23 11:30:00,0.02595763113237853,0.026139147828168233
GARCH,GC=F,2026-06-23 11:45:00,0.024222167563543687,0.026219766890300963
GARCH,GC=F,2026-06-23 12:00:00,0.027666584068901875,0.026206216474117108
GARCH,GC=F,2026-06-23 12:15:00,0.025266946519432513,0.02619476641173169
GARCH,GC=F,2026-06-23 12:30:00,0.024158130398769656,0.026208033074770067
GARCH,GC=F,2026-06-23 12:45:00,0.02384882140600802,0.02620908782750476
GARCH,GC=F,2026-06-23 13:00:00,0.022379458463626257,0.026204707152782006
GARCH,GC=F,2026-06-23 13:15:00,0.021592873224662402,0.026339731373384592
GARCH,GC=F,2026-06-23 13:30:00,0.02761641889914135,0.02642288161149842
GARCH,GC=F,2026-06-23 13:45:00,0.030823425481591716,0.026427635749859794
GARCH,GC=F,2026-06-23 14:00:00,0.027848249216015836,0.026379527910824957
GARCH,GC=F,2026-06-23 14:15:00,0.027008603930355184,0.026268385158963466
GARCH,GC=F,2026-06-23 14:30:00,0.02716621832034097,0.026287882714755365
GARCH,GC=F,2026-06-23 14:45:00,0.025655416647246906,0.026226258340840514
GARCH,GC=F,2026-06-23 15:00:00,0.023959877275588615,0.026179977819469444
GARCH,GC=F,2026-06-23 15:15:00,0.02249601916581543,0.02634673877358233
GARCH,GC=F,2026-06-23 15:30:00,0.029494249357312978,0.026316610166351857
GARCH,GC=F,2026-06-23 15:45:00,0.02667871245035375,0.026323635293041138
GARCH,GC=F,2026-06-23 16:00:00,0.025188168044028524,0.026326215832068792
GARCH,GC=F,2026-06-23 16:15:00,0.023474542269729223,0.026287694896794996
GARCH,GC=F,2026-06-23 16:30:00,0.02475052360234564,0.02629909424482269
GARCH,GC=F,2026-06-23 16:45:00,0.027752425239209212,0.026325511122189452
GARCH,GC=F,2026-06-23 17:00:00,0.02632413297488997,0.02637262425512326
GARCH,GC=F,2026-06-23 17:15:00,0.027267124242613586,0.02636748367667255
GARCH,GC=F,2026-06-23 17:30:00,0.025000997739402394,0.026171133568350116
GARCH,GC=F,2026-06-23 17:45:00,0.024218610538860087,0.026181906343289547
GARCH,GC=F,2026-06-23 18:00:00,0.023614521515126028,0.026188980628678443
GARCH,GC=F,2026-06-23 18:15:00,0.022866541033602836,0.026202002478002834
GARCH,GC=F,2026-06-23 18:30:00,0.023333619556666643,0.026207007730377516
GARCH,GC=F,2026-06-23 18:45:00,0.022139996728656477,0.026227527814613804
GARCH,GC=F,2026-06-23 19:00:00,0.022062964504197976,0.026225711177295122
GARCH,GC=F,2026-06-23 19:15:00,0.021088440053036624,0.02619985697814821
GARCH,GC=F,2026-06-23 19:30:00,0.020429192709989632,0.026211064365946814
GARCH,GC=F,2026-06-23 19:45:00,0.02541033422560065,0.026157861214505522
GARCH,GC=F,2026-06-23 20:00:00,0.02380305322074159,0.026152479394381645
GARCH,GC=F,2026-06-23 20:15:00,0.022351031262613338,0.02612789675525449
GARCH,GC=F,2026-06-23 20:30:00,0.021267647281374376,0.026127901993127714
GARCH,GC=F,2026-06-23 20:45:00,0.020532704968106774,0.025881443191967723
GARCH,GC=F,2026-06-23 21:00:00,0.019942556242594653,0.025881110016935122
GARCH,GC=F,2026-06-23 21:15:00,0.01951880498023787,0.02573924594003503
GARCH,GC=F,2026-06-23 21:30:00,0.019216620046169704,0.025723715406429048
GARCH,GC=F,2026-06-23 21:45:00,0.019002231518904948,0.025529400856780526
GARCH,GC=F,2026-06-23 22:00:00,0.019102911162734593,0.02556570044259233
GARCH,GC=F,2026-06-23 22:15:00,0.023055550592286346,0.02556145120048772
GARCH,GC=F,2026-06-23 22:30:00,0.02195619494661287,0.02550170827977051
GARCH,GC=F,2026-06-23 22:45:00,0.020997558567045296,0.025282472182193032
GARCH,GC=F,2026-06-23 23:00:00,0.021539174820280685,0.025271752060539318
GARCH,GC=F,2026-06-23 23:15:00,0.02126829702383855,0.02538813955762373
GARCH,GC=F,2026-06-23 23:30:00,0.027549166577493837,0.02552556721170617
GARCH,GC=F,2026-06-23 23:45:00,0.03344969973641123,0.025596016650130917
GARCH,GC=F,2026-06-24 00:00:00,0.03340067921636705,0.025524886782403233
GARCH,GC=F,2026-06-24 00:15:00,0.03227039264364811,0.025530916051865932
GARCH,GC=F,2026-06-24 00:30:00,0.03013417304102134,0.025516657789332507
GARCH,GC=F,2026-06-24 00:45:00,0.027363833736647865,0.02557024245098285
GARCH,GC=F,2026-06-24 01:00:00,0.028151821350537176,0.025666348905623512
GARCH,GC=F,2026-06-24 01:15:00,0.029650515689357716,0.025698654199733443
GARCH,GC=F,2026-06-24 01:30:00,0.028726188996656327,0.025702982675195392
GARCH,GC=F,2026-06-24 01:45:00,0.026750056883401645,0.025702667920005154
GARCH,GC=F,2026-06-24 02:00:00,0.029541789046155124,0.025744009142480956
GARCH,GC=F,2026-06-24 02:15:00,0.029284360427859948,0.02601594897893188
GARCH,GC=F,2026-06-24 02:30:00,0.03940342846776366,0.02604633196868187
GARCH,GC=F,2026-06-24 02:45:00,0.03522258390926877,0.026057572124439175
GARCH,GC=F,2026-06-24 03:00:00,0.03193209508050781,0.026055479345730635
GARCH,GC=F,2026-06-24 03:15:00,0.02859740431660749,0.026248034987353553
GARCH,GC=F,2026-06-24 03:30:00,0.033644435742929996,0.02624959097969909
GARCH,GC=F,2026-06-24 03:45:00,0.0315215195497373,0.026151954354659238
GARCH,GC=F,2026-06-24 04:00:00,0.029380135999400456,0.026183492506310326
GARCH,GC=F,2026-06-24 04:15:00,0.027916714205086287,0.026079344210791118
GARCH,GC=F,2026-06-24 04:30:00,0.025474140145780335,0.02606694882568392
GARCH,GC=F,2026-06-24 04:45:00,0.023599766885839008,0.0260891780686519
GARCH,GC=F,2026-06-24 05:00:00,0.023151993669021233,0.02612842027887674
GARCH,GC=F,2026-06-24 05:15:00,0.02406056231007621,0.026131960937890213
GARCH,GC=F,2026-06-24 05:30:00,0.024045674243977078,0.026119982340037543
GARCH,GC=F,2026-06-24 05:45:00,0.022691339288306193,0.02661303894980874
GARCH,GC=F,2026-06-24 06:00:00,0.04128195576557587,0.026690297013527483
GARCH,GC=F,2026-06-24 06:15:00,0.038759253539557406,0.02671651517244793
GARCH,GC=F,2026-06-24 06:30:00,0.034742298597782426,0.026741133012519402
GARCH,GC=F,2026-06-24 06:45:00,0.032020306122553036,0.026740569637051907
GARCH,GC=F,2026-06-24 07:00:00,0.02868498667535448,0.026729578480951994
GARCH,GC=F,2026-06-24 07:15:00,0.02623947521581409,0.026728630642957
GARCH,GC=F,2026-06-24 07:30:00,0.024344011999138774,0.02678650696699194
GARCH,GC=F,2026-06-24 07:45:00,0.026858351244995818,0.026661652317706654
GARCH,GC=F,2026-06-24 08:00:00,0.024677806144947807,0.02671733003864989
GARCH,GC=F,2026-06-24 08:15:00,0.02575271620320912,0.02672140752998834
GARCH,GC=F,2026-06-24 08:30:00,0.02418538873603832,0.026731452633189132
GARCH,GC=F,2026-06-24 08:45:00,0.02538796081022875,0.026725809224802558
GARCH,GC=F,2026-06-24 09:00:00,0.023533942458824095,0.026772431869423758
GARCH,GC=F,2026-06-24 09:15:00,0.025177253261063768,0.02675397082304753
GARCH,GC=F,2026-06-24 09:30:00,0.023421264389373395,0.026759921233797935
GARCH,GC=F,2026-06-24 09:45:00,0.02308720943044785,0.026753913816941276
GARCH,GC=F,2026-06-24 10:00:00,0.02273693251427721,0.026727578361598996
GARCH,GC=F,2026-06-24 10:15:00,0.021650236124124703,0.026733555058658782
GARCH,GC=F,2026-06-24 10:30:00,0.022226373793363775,0.026822516538322214
GARCH,GC=F,2026-06-24 10:45:00,0.02665052317530651,0.026890634085733722
GARCH,GC=F,2026-06-24 11:00:00,0.029889067701526634,0.02689321528893735
GARCH,GC=F,2026-06-24 11:15:00,0.027285808529675902,0.026898595433792173
GARCH,GC=F,2026-06-24 11:30:00,0.02516062775268464,0.02689124522331575
GARCH,GC=F,2026-06-24 11:45:00,0.023407029765797255,0.026871444166519997
GARCH,GC=F,2026-06-24 12:00:00,0.026969944127708763,0.027412414666541415
GARCH,GC=F,2026-06-24 12:15:00,0.046920476207606955,0.027395563299719684
GARCH,GC=F,2026-06-24 12:30:00,0.040847350578691904,0.027943025164216755
GARCH,GC=F,2026-06-24 12:45:00,0.057552828433913183,0.028214899484809104
GARCH,GC=F,2026-06-24 13:00:00,0.05763911749933912,0.028235395631363965
GARCH,GC=F,2026-06-24 13:15:00,0.04962627961936575,0.030036873011196265
GARCH,GC=F,2026-06-24 13:30:00,0.0838685755764154,0.030586845602314193
GARCH,GC=F,2026-06-24 13:45:00,0.08226095055550914,0.030885989806499117
GARCH,GC=F,2026-06-24 14:00:00,0.07600157926535915,0.030905981845468316
GARCH,GC=F,2026-06-24 14:15:00,0.06473326822351007,0.030863583272852914
GARCH,GC=F,2026-06-24 14:30:00,0.05678515112227728,0.030903146570976158
GARCH,GC=F,2026-06-24 14:45:00,0.05077328811886402,0.030508271172248514
GARCH,GC=F,2026-06-24 15:00:00,0.04493487723680635,0.03063299625388799
GARCH,GC=F,2026-06-24 15:15:00,0.04479494029647817,0.03062387858980835
GARCH,GC=F,2026-06-24 15:30:00,0.04168115983190748,0.03001118436582146
GARCH,GC=F,2026-06-24 15:45:00,0.0368972641024983,0.029872090802917823
GARCH,GC=F,2026-06-24 16:00:00,0.03249433351117226,0.030078800968271396
GARCH,GC=F,2026-06-24 16:15:00,0.03787176285352611,0.030057789609924564
GARCH,GC=F,2026-06-24 16:30:00,0.03410701519052191,0.030004615606580402
GARCH,GC=F,2026-06-24 16:45:00,0.031960701611061224,0.029971036450130755
GARCH,GC=F,2026-06-24 17:00:00,0.028609849574018555,0.03016963009058118
GARCH,GC=F,2026-06-24 17:15:00,0.03791542622776612,0.030184055973469428
GARCH,GC=F,2026-06-24 17:30:00,0.035159782693359766,0.030297874131440458
GARCH,GC=F,2026-06-24 17:45:00,0.037465737645445724,0.030508423038922785
GARCH,GC=F,2026-06-24 18:00:00,0.042956543007585335,0.030509688634779722
GARCH,GC=F,2026-06-24 18:15:00,0.03751870149424103,0.030531442246557607
GARCH,GC=F,2026-06-24 18:30:00,0.034911307865731364,0.03052844841239496
GARCH,GC=F,2026-06-24 18:45:00,0.031326611535555667,0.03051967499530971
GARCH,GC=F,2026-06-24 19:00:00,0.029197923022710487,0.030580061140375685
GARCH,GC=F,2026-06-24 19:15:00,0.02914335378992092,0.030579153524948124
GARCH,GC=F,2026-06-24 19:30:00,0.026420398163656576,0.030580660104311853
GARCH,GC=F,2026-06-24 19:45:00,0.025814022310475873,0.030634833167614915
GARCH,GC=F,2026-06-24 20:00:00,0.027667659604815494,0.030587459737515026
GARCH,GC=F,2026-06-24 20:15:00,0.026819738054521945,0.030587644699761503
GARCH,GC=F,2026-06-24 20:30:00,0.024722960349818066,0.0305862295440662
GARCH,GC=F,2026-06-24 20:45:00,0.02303339893262554,0.030585264504814903
GARCH,GC=F,2026-06-24 21:00:00,0.021770763386393405,0.03057178785539532
GARCH,GC=F,2026-06-24 21:15:00,0.020841452910591262,0.03053435521535294
GARCH,GC=F,2026-06-24 21:30:00,0.02016546984565344,0.03051803958073456
GARCH,GC=F,2026-06-24 21:45:00,0.019678470071782493,0.03051493391670439
GARCH,GC=F,2026-06-24 22:00:00,0.019410897506035512,0.030515996441672567
GARCH,GC=F,2026-06-24 22:15:00,0.019162289216535133,0.030512019802312797
GARCH,GC=F,2026-06-24 22:30:00,0.018967500979781633,0.030531608577675767
GARCH,GC=F,2026-06-24 22:45:00,0.021692737786931482,0.03053154478458975
GARCH,GC=F,2026-06-24 23:00:00,0.02086613697838366,0.03054000707570119
GARCH,GC=F,2026-06-24 23:15:00,0.020903902718351824,0.030817528209924686
GARCH,GC=F,2026-06-24 23:30:00,0.03483110363497004,0.030804260271966758
GARCH,GC=F,2026-06-24 23:45:00,0.03137032072080516,0.030764246082364374
GARCH,GC=F,2026-06-25 00:00:00,0.03010588169635958,0.03083180525067097
GARCH,GC=F,2026-06-25 00:15:00,0.03159430096719523,0.03091136352576713
GARCH,GC=F,2026-06-25 00:30:00,0.03398589490904159,0.030955910900675523
GARCH,GC=F,2026-06-25 00:45:00,0.031917973188061485,0.0309481389587752
GARCH,GC=F,2026-06-25 01:00:00,0.030046251383123924,0.030975187140750288
GARCH,GC=F,2026-06-25 01:15:00,0.028240685342179047,0.031041450741118963
GARCH,GC=F,2026-06-25 01:30:00,0.030163929367121183,0.031054274385143365
GARCH,GC=F,2026-06-25 01:45:00,0.028901578747827273,0.031100203083507912
GARCH,GC=F,2026-06-25 02:00:00,0.030751502022954246,0.031484285908095655
GARCH,GC=F,2026-06-25 02:15:00,0.04322843600775635,0.0315223497699106
GARCH,GC=F,2026-06-25 02:30:00,0.039768716952991244,0.031546112634464704
GARCH,GC=F,2026-06-25 02:45:00,0.03554490486254823,0.03167514961938592
GARCH,GC=F,2026-06-25 03:00:00,0.03828338450071611,0.031713925094884146
GARCH,GC=F,2026-06-25 03:15:00,0.034850694798537404,0.031700340622699684
GARCH,GC=F,2026-06-25 03:30:00,0.03095089635229679,0.032132198845776914
GARCH,GC=F,2026-06-25 03:45:00,0.047880583118118526,0.032160277326993586
GARCH,GC=F,2026-06-25 04:00:00,0.0427020755778795,0.03214140447453818
GARCH,GC=F,2026-06-25 04:15:00,0.03782425107328933,0.03212016327708807
GARCH,GC=F,2026-06-25 04:30:00,0.033546159119788636,0.03206398444881663
GARCH,GC=F,2026-06-25 04:45:00,0.030856216918565528,0.03203733024837496
GARCH,GC=F,2026-06-25 05:00:00,0.027980701108646873,0.03190574736834273
GARCH,GC=F,2026-06-25 05:15:00,0.026448283728406168,0.0319999703147649
GARCH,GC=F,2026-06-25 05:30:00,0.030956789838123767,0.03197266843004637
GARCH,GC=F,2026-06-25 05:45:00,0.02809495667956987,0.031995631754745
GARCH,GC=F,2026-06-25 06:00:00,0.027489125429419788,0.03196155912216526
GARCH,GC=F,2026-06-25 06:15:00,0.02591705433709571,0.03191248922529482
GARCH,GC=F,2026-06-25 06:30:00,0.024346288513074278,0.0319179356010815
GARCH,GC=F,2026-06-25 06:45:00,0.024031513271665916,0.031910644224239205
GARCH,GC=F,2026-06-25 07:00:00,0.022947025082873804,0.03191381756009194
GARCH,GC=F,2026-06-25 07:15:00,0.023845490956207017,0.03201622862869276
GARCH,GC=F,2026-06-25 07:30:00,0.02955815850534269,0.032144976334312056
GARCH,GC=F,2026-06-25 07:45:00,0.03584105655252615,0.032138690129490506
GARCH,GC=F,2026-06-25 08:00:00,0.031668154325595166,0.03219211008458876
GARCH,GC=F,2026-06-25 08:15:00,0.03080953816962286,0.03223104184170003
GARCH,GC=F,2026-06-25 08:30:00,0.029698294806442607,0.032316363936408535
GARCH,GC=F,2026-06-25 08:45:00,0.032400680069832245,0.032321201590452084
GARCH,GC=F,2026-06-25 09:00:00,0.02910640689817627,0.032315681576071745
GARCH,GC=F,2026-06-25 09:15:00,0.026850365403813022,0.03233256752546482
GARCH,GC=F,2026-06-25 09:30:00,0.026722262704661714,0.032330375279227115
GARCH,GC=F,2026-06-25 09:45:00,0.024563198172750045,0.032340192309347184
GARCH,GC=F,2026-06-25 10:00:00,0.024099717639325672,0.032370204004648614
GARCH,GC=F,2026-06-25 10:15:00,0.024445816028484037,0.03237558877344098
GARCH,GC=F,2026-06-25 10:30:00,0.023736371033058163,0.03232988501191514
GARCH,GC=F,2026-06-25 10:45:00,0.02242836543888913,0.03232969366829563
GARCH,GC=F,2026-06-25 11:00:00,0.02141855173862875,0.032356623949721115
GARCH,GC=F,2026-06-25 11:15:00,0.023285600552268054,0.032416183913111594
GARCH,GC=F,2026-06-25 11:30:00,0.0256441055053636,0.03118016209374269
GARCH,GC=F,2026-06-25 11:45:00,0.024993683118679295,0.031188670775125462
GARCH,GC=F,2026-06-25 12:00:00,0.023560418177127892,0.03119489438396944
GARCH,GC=F,2026-06-25 12:15:00,0.022431189185043107,0.031698385633053536
GARCH,GC=F,2026-06-25 12:30:00,0.044317010800953564,0.0317512211650078
GARCH,GC=F,2026-06-25 12:45:00,0.040545002744876074,0.030779211198764995
GARCH,GC=F,2026-06-25 13:00:00,0.04840253312610307,0.03084712971465917
GARCH,GC=F,2026-06-25 13:15:00,0.0443685117003253,0.030930895857457723
GARCH,GC=F,2026-06-25 13:30:00,0.042536602916835205,0.03102073261771695
GARCH,GC=F,2026-06-25 13:45:00,0.04133588191222688,0.031259086150293665
GARCH,GC=F,2026-06-25 14:00:00,0.04434913745185307,0.031376912886018994
GARCH,GC=F,2026-06-25 14:15:00,0.042774573111895184,0.03139335281767522
GARCH,GC=F,2026-06-25 14:30:00,0.038987028407118395,0.031402318682060205
GARCH,GC=F,2026-06-25 14:45:00,0.037189296117853494,0.03135052179606568
GARCH,GC=F,2026-06-25 15:00:00,0.03343518238822861,0.03168792896569429
GARCH,GC=F,2026-06-25 15:15:00,0.04399003318640478,0.031607192704957585
GARCH,GC=F,2026-06-25 15:30:00,0.03826765175157057,0.031811353762865736
GARCH,GC=F,2026-06-25 15:45:00,0.04162782085420942,0.03177482826116911
GARCH,GC=F,2026-06-25 16:00:00,0.037069672714086455,0.03175640479003579
GARCH,GC=F,2026-06-25 16:15:00,0.03313368969473662,0.03132970392125111
GARCH,GC=F,2026-06-25 16:30:00,0.03339932389936084,0.03127759006656215
GARCH,GC=F,2026-06-25 16:45:00,0.030318740995587814,0.03123451422855117
GARCH,GC=F,2026-06-25 17:00:00,0.027343128822113538,0.031179282598598056
GARCH,GC=F,2026-06-25 17:15:00,0.0258109116890283,0.031146792808541348
GARCH,GC=F,2026-06-25 17:30:00,0.023958454189090504,0.03108821640442069
GARCH,GC=F,2026-06-25 17:45:00,0.02248587330152464,0.031079327174289413
GARCH,GC=F,2026-06-25 18:00:00,0.021806155923601432,0.031228453038143943
GARCH,GC=F,2026-06-25 18:15:00,0.029543722224587267,0.03134280347836426
GARCH,GC=F,2026-06-25 18:30:00,0.0330575398385666,0.03131296602292157
GARCH,GC=F,2026-06-25 18:45:00,0.029630309053507473,0.03134188625069353
GARCH,GC=F,2026-06-25 19:00:00,0.02825457434924104,0.031349232624897284
GARCH,GC=F,2026-06-25 19:15:00,0.02669207735337405,0.03134887716716602
GARCH,GC=F,2026-06-25 19:30:00,0.024680676740130126,0.031034351467071928
GARCH,GC=F,2026-06-25 19:45:00,0.027164653109546407,0.030894216581921534
GARCH,GC=F,2026-06-25 20:00:00,0.024958239546994783,0.030887887379699382
GARCH,GC=F,2026-06-25 20:15:00,0.02369662420052772,0.030893734052667706
GARCH,GC=F,2026-06-25 20:30:00,0.023418012307220595,0.03085653136114167
GARCH,GC=F,2026-06-25 20:45:00,0.022056862378467136,0.030853624620062185
GARCH,GC=F,2026-06-25 21:00:00,0.021050973971993896,0.030820475111525452
GARCH,GC=F,2026-06-25 21:15:00,0.020317241843505005,0.030816657582521986
GARCH,GC=F,2026-06-25 21:30:00,0.019787447631973747,0.030815493676818483
GARCH,GC=F,2026-06-25 21:45:00,0.019407988591055508,0.0308226165352574
GARCH,GC=F,2026-06-25 22:00:00,0.02004894572598385,0.030816026746388628
GARCH,GC=F,2026-06-25 22:15:00,0.019693666453607737,0.030656518026985397
GARCH,GC=F,2026-06-25 22:30:00,0.02078052231648263,0.030628114321426713
GARCH,GC=F,2026-06-25 22:45:00,0.020488554104170904,0.03061589109214692
GARCH,GC=F,2026-06-25 23:00:00,0.02040923466497649,0.03063676972325611
GARCH,GC=F,2026-06-25 23:15:00,0.022593833015036185,0.030535467010892502
GARCH,GC=F,2026-06-25 23:30:00,0.02370950452685538,0.030592723623827957
GARCH,GC=F,2026-06-25 23:45:00,0.02746670042448045,0.03057105371440758
GARCH,GC=F,2026-06-26 00:00:00,0.02622268393807176,0.030584424207699894
GARCH,GC=F,2026-06-26 00:15:00,0.025270447368430475,0.03057992692486542
GARCH,GC=F,2026-06-26 00:30:00,0.024380512662978533,0.030548969488643548
GARCH,GC=F,2026-06-26 00:45:00,0.022828136353523414,0.03048862766074234
GARCH,GC=F,2026-06-26 01:00:00,0.021624474745899968,0.030501126442818903
GARCH,GC=F,2026-06-26 01:15:00,0.02148182904874919,0.030493852573885486
GARCH,GC=F,2026-06-26 01:30:00,0.020998410486855097,0.030457583109153977
GARCH,GC=F,2026-06-26 01:45:00,0.020280798789509273,0.03039333575519469
GARCH,GC=F,2026-06-26 02:00:00,0.021925703458929007,0.03044291681072964
GARCH,GC=F,2026-06-26 02:15:00,0.02499314148267139,0.030628574133251683
GARCH,GC=F,2026-06-26 02:30:00,0.03549913651106383,0.030623356554938756
GARCH,GC=F,2026-06-26 02:45:00,0.03163347714384091,0.030602172068729745
GARCH,GC=F,2026-06-26 03:00:00,0.03068544962064551,0.030604990675462403
GARCH,GC=F,2026-06-26 03:15:00,0.027858735250452814,0.030622115871230676
GARCH,GC=F,2026-06-26 03:30:00,0.02693841021126583,0.030619350162507903
GARCH,GC=F,2026-06-26 03:45:00,0.025355797316305932,0.03064655442544375
GARCH,GC=F,2026-06-26 04:00:00,0.025034369436230552,0.030640590015886315
GARCH,GC=F,2026-06-26 04:15:00,0.023306999677180626,0.030524355073624738
GARCH,GC=F,2026-06-26 04:30:00,0.021997615414127855,0.030434660360601686
GARCH,GC=F,2026-06-26 04:45:00,0.022005000171805747,0.030449043783886957
GARCH,GC=F,2026-06-26 05:00:00,0.022047173798327806,0.030430354593236994
GARCH,GC=F,2026-06-26 05:15:00,0.02125298365513988,0.030423506713327775
GARCH,GC=F,2026-06-26 05:30:00,0.022688311641707426,0.030414013453547436
GARCH,GC=F,2026-06-26 05:45:00,0.022350078978256534,0.030417124888676754
GARCH,GC=F,2026-06-26 06:00:00,0.02148169848775902,0.030645860055009456
GARCH,GC=F,2026-06-26 06:15:00,0.03301545817784624,0.030503650814391277
GARCH,GC=F,2026-06-26 06:30:00,0.029562485909398393,0.030549146542116195
GARCH,GC=F,2026-06-26 06:45:00,0.028951067980909684,0.030551551248229912
GARCH,GC=F,2026-06-26 07:00:00,0.0269842797567282,0.030661426848594974
GARCH,GC=F,2026-06-26 07:15:00,0.03044668818667109,0.030663116689987262
GARCH,GC=F,2026-06-26 07:30:00,0.03007953703513183,0.030590542996497355
GARCH,GC=F,2026-06-26 07:45:00,0.027129666964498412,0.03056850201860385
GARCH,GC=F,2026-06-26 08:00:00,0.024855645017476155,0.030545226404062514
GARCH,GC=F,2026-06-26 08:15:00,0.024384056608035005,0.030543400142602196
GARCH,GC=F,2026-06-26 08:30:00,0.02277775799995742,0.030547956215570535
GARCH,GC=F,2026-06-26 08:45:00,0.022980512718620522,0.030617199784218896
GARCH,GC=F,2026-06-26 09:00:00,0.026342554753601526,0.030694334603385064
GARCH,GC=F,2026-06-26 09:15:00,0.0290105601439206,0.03067316006482241
GARCH,GC=F,2026-06-26 09:30:00,0.026302573076232558,0.030669763097778975
GARCH,GC=F,2026-06-26 09:45:00,0.024235647351662427,0.030669494605766255
GARCH,GC=F,2026-06-26 10:00:00,0.023517488744954258,0.030676520327791106
GARCH,GC=F,2026-06-26 10:15:00,0.02274825671278325,0.030676269973202983
GARCH,GC=F,2026-06-26 10:30:00,0.021563599815889175,0.030641269651331043
GARCH,GC=F,2026-06-26 10:45:00,0.023354444212927115,0.030685476035543308
GARCH,GC=F,2026-06-26 11:00:00,0.02513628008872571,0.0307166141197831
GARCH,GC=F,2026-06-26 11:15:00,0.02507030764728599,0.03075160339252704
GARCH,GC=F,2026-06-26 11:30:00,0.02559718289640801,0.030750696096463928
GARCH,GC=F,2026-06-26 11:45:00,0.023760441413793743,0.0307611499816503
GARCH,GC=F,2026-06-26 12:00:00,0.022908951588755957,0.030766491862037434
GARCH,GC=F,2026-06-26 12:15:00,0.022125010054988035,0.03080231503568917
GARCH,GC=F,2026-06-26 12:30:00,0.023853633008659218,0.031162056222935632
GARCH,GC=F,2026-06-26 12:45:00,0.039667521938604726,0.031231029889832958
GARCH,GC=F,2026-06-26 13:00:00,0.03770786259528719,0.03122641444064107
GARCH,GC=F,2026-06-26 13:15:00,0.03508010385144059,0.03125526159853752
GARCH,GC=F,2026-06-26 13:30:00,0.03252218279769824,0.031383447389195365
GARCH,GC=F,2026-06-26 13:45:00,0.03528313990398899,0.0314483954801484
GARCH,GC=F,2026-06-26 14:00:00,0.035187305022220186,0.03144503399866892
GARCH,GC=F,2026-06-26 14:15:00,0.031349258096423846,0.03134308208146317
GARCH,GC=F,2026-06-26 14:30:00,0.028318640812971245,0.031184757571557316
GARCH,GC=F,2026-06-26 14:45:00,0.026010021374846422,0.03111614165417924
GARCH,GC=F,2026-06-26 15:00:00,0.024134092873582487,0.031087147536341814
GARCH,GC=F,2026-06-26 15:15:00,0.024052560905569332,0.03118347134289235
GARCH,GC=F,2026-06-26 15:30:00,0.029725390872272113,0.031193931551520455
GARCH,GC=F,2026-06-26 15:45:00,0.027579438342533697,0.031140828001109944
GARCH,GC=F,2026-06-26 16:00:00,0.025209960315901024,0.031085604476103916
GARCH,GC=F,2026-06-26 16:15:00,0.02465334912006835,0.03105620685757306
GARCH,GC=F,2026-06-26 16:30:00,0.02348649762227763,0.031046092997166264
GARCH,GC=F,2026-06-26 16:45:00,0.022110748449328418,0.030963391845428685
GARCH,GC=F,2026-06-26 17:00:00,0.02124874250638346,0.03092257957053592
GARCH,GC=F,2026-06-26 17:15:00,0.02068039942510986,0.030677275882114437
GARCH,GC=F,2026-06-26 17:30:00,0.02194137469314578,0.03066197631448403
GARCH,GC=F,2026-06-26 17:45:00,0.021286771220515956,0.030648640568299343
GARCH,GC=F,2026-06-26 18:00:00,0.020766223722561806,0.030659284029441534
GARCH,GC=F,2026-06-26 18:15:00,0.020889372499052223,0.03051156719521573
GARCH,GC=F,2026-06-26 18:30:00,0.020257377967436107,0.030503722730623677
GARCH,GC=F,2026-06-26 18:45:00,0.021802466909349352,0.03048660449409468
GARCH,GC=F,2026-06-26 19:00:00,0.021067048394631343,0.030472253119656623
GARCH,GC=F,2026-06-26 19:15:00,0.02105887051124021,0.03047776645279482
GARCH,GC=F,2026-06-26 19:30:00,0.020721645640065605,0.03048650988530486
GARCH,GC=F,2026-06-26 19:45:00,0.020768805909764727,0.030486606356653848
GARCH,GC=F,2026-06-26 20:00:00,0.021131325475299646,0.030471956470829453
GARCH,GC=F,2026-06-26 20:15:00,0.021593208517876838,0.030451584796194774
GARCH,GC=F,2026-06-26 20:30:00,0.020817081078065645,0.03056802207290602
GARCH,GC=F,2026-06-26 20:45:00,0.02772130508859445,0.030158269678762048
GARCH,GC=F,2026-06-26 21:00:00,0.025312408360685757,0.030082719097347686
GARCH,GC=F,2026-06-26 21:15:00,0.023475361194968833,0.030063193050634374
GARCH,GC=F,2026-06-26 21:30:00,0.02209874817319895,0.03003682208854913
GARCH,GC=F,2026-06-26 21:45:00,0.021081701356262156,0.030036232589498054
GARCH,GC=F,2026-06-26 22:00:00,0.020339531827235025,0.030033097334439457
GARCH,GC=F,2026-06-26 22:15:00,0.019803470679773356,0.03003060665212088
GARCH,GC=F,2026-06-26 22:30:00,0.019419425279191927,0.029963475075425187
GARCH,GC=F,2026-06-26 22:45:00,0.019146010477923366,0.029963204803407296
GARCH,GC=F,2026-06-26 23:00:00,0.018952273334705637,0.02991840935644999
GARCH,GC=F,2026-06-26 23:15:00,0.01881547043489066,0.02991308016553338
GARCH,GC=F,2026-06-26 23:30:00,0.018719113544162273,0.02986817792626948
GARCH,GC=F,2026-06-26 23:45:00,0.018651367532015878,0.02986817792626948
GARCH,GC=F,2026-06-27 00:00:00,0.018603798538709873,0.02981994438795442
GARCH,GC=F,2026-06-27 00:15:00,0.018570427742706976,0.029819393053217264
GARCH,GC=F,2026-06-27 00:30:00,0.01854703246025733,0.029803644590321438
GARCH,GC=F,2026-06-27 00:45:00,0.01853063818804295,0.029790057173046468
GARCH,GC=F,2026-06-27 01:00:00,0.01851915356214148,0.029788666574581832
GARCH,GC=F,2026-06-27 01:15:00,0.018511110084476097,0.029767856783260733
GARCH,GC=F,2026-06-27 01:30:00,0.018505477569913813,0.029676616760034753
GARCH,GC=F,2026-06-27 01:45:00,0.01850153378945315,0.029579995883507265
GARCH,GC=F,2026-06-27 02:00:00,0.018498772642866392,0.02957486793405638
GARCH,GC=F,2026-06-27 02:15:00,0.01849683959501168,0.02957204397965844
GARCH,GC=F,2026-06-27 02:30:00,0.018495486341304535,0.029571603572250322
GARCH,GC=F,2026-06-27 02:45:00,0.018494539004793722,0.02948714003131179
GARCH,GC=F,2026-06-27 03:00:00,0.018493875840362772,0.028945070133410397
GARCH,GC=F,2026-06-27 03:15:00,0.018493411611111565,0.02893815294288918
GARCH,GC=F,2026-06-27 03:30:00,0.0184930866437019,0.028212784202131278
GARCH,GC=F,2026-06-27 03:45:00,0.018492859163117378,0.02807920682888072
GARCH,GC=F,2026-06-28 22:00:00,0.028508166596527287,0.02824371838609175
GARCH,GC=F,2026-06-28 22:15:00,0.03416867200317568,0.026417948816612254
GARCH,GC=F,2026-06-28 22:30:00,0.032137663748374505,0.025824585405046705
GARCH,GC=F,2026-06-28 22:45:00,0.029281831907341214,0.025432268029254454
GARCH,GC=F,2026-06-28 23:00:00,0.026548903705362798,0.025505242044427914
GARCH,GC=F,2026-06-28 23:15:00,0.028751746041690535,0.025467638036868478
GARCH,GC=F,2026-06-28 23:30:00,0.02798667079362654,0.02538261791116868
GARCH,GC=F,2026-06-28 23:45:00,0.025519987750244263,0.02535231875092763
GARCH,GC=F,2026-06-29 00:00:00,0.02428418351804693,0.02530698326694194
GARCH,GC=F,2026-06-29 00:15:00,0.02970216681197807,0.025706436163284982
GARCH,GC=F,2026-06-29 00:30:00,0.04460739292973918,0.025689632816390362
GARCH,GC=F,2026-06-29 00:45:00,0.038716743204463194,0.025939953839697463
GARCH,GC=F,2026-06-29 01:00:00,0.04217236667907789,0.02574265756417616
GARCH,GC=F,2026-06-29 01:15:00,0.0375249124792713,0.025726011655786522
GARCH,GC=F,2026-06-29 01:30:00,0.03348734116443572,0.02568834160863399
GARCH,GC=F,2026-06-29 01:45:00,0.029925835637990655,0.025687895919411147
GARCH,GC=F,2026-06-29 02:00:00,0.027010338888343702,0.025440265681571688
GARCH,GC=F,2026-06-29 02:15:00,0.027835654379802018,0.02548540426612957
GARCH,GC=F,2026-06-29 02:30:00,0.029329018955615755,0.0253491082456626
GARCH,GC=F,2026-06-29 02:45:00,0.028466401908415626,0.02505940096273733
GARCH,GC=F,2026-06-29 03:00:00,0.0264501667045056,0.025066969487868785
GARCH,GC=F,2026-06-29 03:15:00,0.02499350764691061,0.025036827097126756
GARCH,GC=F,2026-06-29 03:30:00,0.024473777045004638,0.025025496191285863
GARCH,GC=F,2026-06-29 03:45:00,0.02286791511354642,0.025016037705529327
GARCH,GC=F,2026-06-29 04:00:00,0.0225289628541284,0.024960061207963843
GARCH,GC=F,2026-06-29 04:15:00,0.021398096888949263,0.02504823772889284
GARCH,GC=F,2026-06-29 04:30:00,0.02514202431953013,0.025064371312736974
GARCH,GC=F,2026-06-29 04:45:00,0.025511624508176216,0.025011964120770426
GARCH,GC=F,2026-06-29 05:00:00,0.02466651219160116,0.025034296692094154
GARCH,GC=F,2026-06-29 05:15:00,0.025339106801338114,0.025031783064291498
GARCH,GC=F,2026-06-29 05:30:00,0.023532727254714024,0.025053145528939613
GARCH,GC=F,2026-06-29 05:45:00,0.02344596800180584,0.025079547245551347
GARCH,GC=F,2026-06-29 06:00:00,0.023738232386783634,0.025081734747686497
GARCH,GC=F,2026-06-29 06:15:00,0.02249432661999385,0.025081750111827
GARCH,GC=F,2026-06-29 06:30:00,0.021393259830013313,0.02508237573723572
GARCH,GC=F,2026-06-29 06:45:00,0.02064146408731036,0.025097543954847285
GARCH,GC=F,2026-06-29 07:00:00,0.020866968904402285,0.02515242127648749
GARCH,GC=F,2026-06-29 07:15:00,0.02350790722440451,0.025169222965364065
GARCH,GC=F,2026-06-29 07:30:00,0.022873082456471468,0.025120714772465982
GARCH,GC=F,2026-06-29 07:45:00,0.021706056753341453,0.02512355382700563
GARCH,GC=F,2026-06-29 08:00:00,0.021137549159484032,0.02512625351114913
GARCH,GC=F,2026-06-29 08:15:00,0.021017045957867353,0.024857034722639743
GARCH,GC=F,2026-06-29 08:30:00,0.022570876144262796,0.024941673369580995
GARCH,GC=F,2026-06-29 08:45:00,0.02671202237359059,0.024909028378858906
GARCH,GC=F,2026-06-29 09:00:00,0.025240460826231666,0.02481830590959137
GARCH,GC=F,2026-06-29 09:15:00,0.02408774776855159,0.02469399520513462
GARCH,GC=F,2026-06-29 09:30:00,0.023453238033140873,0.0248273122516705
GARCH,GC=F,2026-06-29 09:45:00,0.03035391064819541,0.024852367824974356
GARCH,GC=F,2026-06-29 10:00:00,0.030057108505851606,0.024832736855797757
GARCH,GC=F,2026-06-29 10:15:00,0.0272612855676372,0.024732981234205146
GARCH,GC=F,2026-06-29 10:30:00,0.025262704827471366,0.02469772077806961
GARCH,GC=F,2026-06-29 10:45:00,0.023660577745545527,0.024597457180712844
GARCH,GC=F,2026-06-29 11:00:00,0.022526985006392372,0.024158009232877455
GARCH,GC=F,2026-06-29 11:15:00,0.02197204697783241,0.024084778687581517
GARCH,GC=F,2026-06-29 11:30:00,0.02161014542447984,0.02408214204642435
GARCH,GC=F,2026-06-29 11:45:00,0.021973994088947908,0.023958324145447882
GARCH,GC=F,2026-06-29 12:00:00,0.02582406151062979,0.02403878631303153
GARCH,GC=F,2026-06-29 12:15:00,0.02868617155484612,0.02408304234236807
GARCH,GC=F,2026-06-29 12:30:00,0.02821182496563925,0.023459903216636865
GARCH,GC=F,2026-06-29 12:45:00,0.025739373062989703,0.023413308968153457
GARCH,GC=F,2026-06-29 13:00:00,0.024606720675254375,0.023511603662102896
GARCH,GC=F,2026-06-29 13:15:00,0.0281467495802677,0.02350087594018252
GARCH,GC=F,2026-06-29 13:30:00,0.025643830224542297,0.02352848859586167
GARCH,GC=F,2026-06-29 13:45:00,0.0260907049210661,0.02424800607743935
GARCH,GC=F,2026-06-29 14:00:00,0.04821527176543327,0.024551910037215272
GARCH,GC=F,2026-06-29 14:15:00,0.0497939002395397,0.024423467367674482
GARCH,GC=F,2026-06-29 14:30:00,0.0433482461119513,0.02444134866293277
GARCH,GC=F,2026-06-29 14:45:00,0.03848343213024822,0.024420141540239734
GARCH,GC=F,2026-06-29 15:00:00,0.03447612541680167,0.02441417315098015
GARCH,GC=F,2026-06-29 15:15:00,0.03099578284240858,0.024406726148406124
GARCH,GC=F,2026-06-29 15:30:00,0.027911779603695,0.024402332139280176
GARCH,GC=F,2026-06-29 15:45:00,0.026539606387738904,0.024408375441866564
GARCH,GC=F,2026-06-29 16:00:00,0.024968548596949178,0.024371807479148428
GARCH,GC=F,2026-06-29 16:15:00,0.023221009804719733,0.024219479053211337
GARCH,GC=F,2026-06-29 16:30:00,0.022348762613673894,0.02398867078636026
GARCH,GC=F,2026-06-29 16:45:00,0.021766740679640576,0.024019878022531475
GARCH,GC=F,2026-06-29 17:00:00,0.022797029053831866,0.023999942882292232
GARCH,GC=F,2026-06-29 17:15:00,0.02343290567656488,0.023961839881023104
GARCH,GC=F,2026-06-29 17:30:00,0.022380159695032723,0.023819299012135413
GARCH,GC=F,2026-06-29 17:45:00,0.021368412912334992,0.023828548399438706
GARCH,GC=F,2026-06-29 18:00:00,0.021388053000845626,0.02383163219084313
GARCH,GC=F,2026-06-29 18:15:00,0.021194041713619816,0.023784478934951954
GARCH,GC=F,2026-06-29 18:30:00,0.02043770033011251,0.023859245450925933
GARCH,GC=F,2026-06-29 18:45:00,0.023872880693263134,0.02387565683217907
GARCH,GC=F,2026-06-29 19:00:00,0.02453033669864403,0.02394603861315583
GARCH,GC=F,2026-06-29 19:15:00,0.027916367554847856,0.023926973033911086
GARCH,GC=F,2026-06-29 19:30:00,0.025547487918989028,0.023930704308865413
GARCH,GC=F,2026-06-29 19:45:00,0.023932645629976053,0.023932578303252582
GARCH,GC=F,2026-06-29 20:00:00,0.022626601972327305,0.023897755713761508
GARCH,GC=F,2026-06-29 20:15:00,0.02241766625880943,0.02383214722702883
GARCH,GC=F,2026-06-29 20:30:00,0.021669843393125426,0.02380268636918559
GARCH,GC=F,2026-06-29 20:45:00,0.0207723019453691,0.023796517356394885
GARCH,GC=F,2026-06-29 21:00:00,0.020115465118230688,0.023792387546346196
GARCH,GC=F,2026-06-29 21:15:00,0.01964261231104931,0.023159373057742242
GARCH,GC=F,2026-06-29 21:30:00,0.01930472520862263,0.023097829078027213
GARCH,GC=F,2026-06-29 21:45:00,0.019064641440771173,0.022633801425017554
GARCH,GC=F,2026-06-29 22:00:00,0.01907852961175747,0.02253048664146533
GARCH,GC=F,2026-06-29 22:15:00,0.019251227807844513,0.022433879958321325
GARCH,GC=F,2026-06-29 22:30:00,0.02147460291595206,0.022312291200136915
GARCH,GC=F,2026-06-29 22:45:00,0.021779407572060948,0.022065357326363118
GARCH,GC=F,2026-06-29 23:00:00,0.024035675487996323,0.021938609633210437
GARCH,GC=F,2026-06-29 23:15:00,0.023509597490747852,0.021877348466195535
GARCH,GC=F,2026-06-29 23:30:00,0.022400197940774483,0.02178250715444193
GARCH,GC=F,2026-06-29 23:45:00,0.02130495489124013,0.021794440229324752
GARCH,GC=F,2026-06-30 00:00:00,0.022110320853098057,0.021339167544562023
GARCH,GC=F,2026-06-30 00:15:00,0.023007598372345575,0.021641220847697352
GARCH,GC=F,2026-06-30 00:30:00,0.03393604406293797,0.0213727779245318
GARCH,GC=F,2026-06-30 00:45:00,0.03098670761738327,0.02258198812861444
GARCH,GC=F,2026-06-30 01:00:00,0.059758763388603656,0.023156192615967932
GARCH,GC=F,2026-06-30 01:15:00,0.061941369361441866,0.023174374656154406
GARCH,GC=F,2026-06-30 01:30:00,0.05525422082887387,0.02316314402091867
GARCH,GC=F,2026-06-30 01:45:00,0.047325581897198314,0.023340104569634076
GARCH,GC=F,2026-06-30 02:00:00,0.04589821958821491,0.023351428035666442
GARCH,GC=F,2026-06-30 02:15:00,0.04042609178934836,0.023357714078909728
GARCH,GC=F,2026-06-30 02:30:00,0.03565970781070426,0.023373285395838776
GARCH,GC=F,2026-06-30 02:45:00,0.032001095524511206,0.023391712474188472
GARCH,GC=F,2026-06-30 03:00:00,0.0295345809106194,0.023193604355000137
GARCH,GC=F,2026-06-30 03:15:00,0.026727460339463213,0.023038874038547277
GARCH,GC=F,2026-06-30 03:30:00,0.02502215607689403,0.023112220517252452
GARCH,GC=F,2026-06-30 03:45:00,0.026685487767975205,0.023081066742204323
GARCH,GC=F,2026-06-30 04:00:00,0.024820224316688417,0.023203467414392765
GARCH,GC=F,2026-06-30 04:15:00,0.029214812991556434,0.023260175309166627
GARCH,GC=F,2026-06-30 04:30:00,0.028962271262233264,0.02318598046920625
GARCH,GC=F,2026-06-30 04:45:00,0.026743960594392456,0.02318317897996963
GARCH,GC=F,2026-06-30 05:00:00,0.024575255645908643,0.023180053258442784
GARCH,GC=F,2026-06-30 05:15:00,0.023384860949714537,0.023175503562115327
GARCH,GC=F,2026-06-30 05:30:00,0.023023244469156576,0.02317726295173921
GARCH,GC=F,2026-06-30 05:45:00,0.02192352199887963,0.023320087341768454
GARCH,GC=F,2026-06-30 06:00:00,0.027545626805443212,0.024103361725594706
GARCH,GC=F,2026-06-30 06:15:00,0.05017556856631699,0.024340399475792033
GARCH,GC=F,2026-06-30 06:30:00,0.04987907579073829,0.024364846752729048
GARCH,GC=F,2026-06-30 06:45:00,0.04374070806124126,0.02437251454120537
GARCH,GC=F,2026-06-30 07:00:00,0.03864535181299361,0.02438201138390498
GARCH,GC=F,2026-06-30 07:15:00,0.03426441856746055,0.024359047003193905
GARCH,GC=F,2026-06-30 07:30:00,0.030420719049891534,0.0243676906615576
GARCH,GC=F,2026-06-30 07:45:00,0.028078702036239883,0.024446650571190356
GARCH,GC=F,2026-06-30 08:00:00,0.029373386631540856,0.024402707383525162
GARCH,GC=F,2026-06-30 08:15:00,0.02674989330382878,0.02444569169360897
GARCH,GC=F,2026-06-30 08:30:00,0.028541181398716,0.024352163286633276
GARCH,GC=F,2026-06-30 08:45:00,0.02640107546950424,0.024341136892255574
GARCH,GC=F,2026-06-30 09:00:00,0.02499989930084885,0.024319527436809037
GARCH,GC=F,2026-06-30 09:15:00,0.02332356484359037,0.02430268932101691
GARCH,GC=F,2026-06-30 09:30:00,0.02211863575201704,0.02433881071440831
GARCH,GC=F,2026-06-30 09:45:00,0.023159954794011138,0.02434270981289837
GARCH,GC=F,2026-06-30 10:00:00,0.022125432570795155,0.024338312692497806
GARCH,GC=F,2026-06-30 10:15:00,0.02160684002847338,0.024332151147403093
GARCH,GC=F,2026-06-30 10:30:00,0.02075197554942566,0.02433806854993552
GARCH,GC=F,2026-06-30 10:45:00,0.020463706143537846,0.024317193515092653
GARCH,GC=F,2026-06-30 11:00:00,0.020953679062805562,0.02424475286982892
GARCH,GC=F,2026-06-30 11:15:00,0.020377177105091963,0.023958905369738638
GARCH,GC=F,2026-06-30 11:30:00,0.02045920748942399,0.023957333381274825
GARCH,GC=F,2026-06-30 11:45:00,0.020070419636015843,0.023973962354006458
GARCH,GC=F,2026-06-30 12:00:00,0.023557951886770748,0.024079764255950833
GARCH,GC=F,2026-06-30 12:15:00,0.0277280820184061,0.024050026908258602
GARCH,GC=F,2026-06-30 12:30:00,0.025429770212634678,0.024131715138930667
GARCH,GC=F,2026-06-30 12:45:00,0.027892294881948842,0.024333736452386557
GARCH,GC=F,2026-06-30 13:00:00,0.034584340782275014,0.024333259615963908
GARCH,GC=F,2026-06-30 13:15:00,0.030719142125743653,0.024334251306085086
GARCH,GC=F,2026-06-30 13:30:00,0.027696106201544175,0.024343391020929563
GARCH,GC=F,2026-06-30 13:45:00,0.026562709793008843,0.024572437132053544
GARCH,GC=F,2026-06-30 14:00:00,0.034878902163546256,0.024710243411551584
GARCH,GC=F,2026-06-30 14:15:00,0.03650404531696598,0.024684352564305196
GARCH,GC=F,2026-06-30 14:30:00,0.032640461223250844,0.02489480703150064
GARCH,GC=F,2026-06-30 14:45:00,0.0374668307637718,0.02489403468124565
GARCH,GC=F,2026-06-30 15:00:00,0.03307949100312421,0.024709005448915956
GARCH,GC=F,2026-06-30 15:15:00,0.032597753011055296,0.02470815424009763
GARCH,GC=F,2026-06-30 15:30:00,0.029128399335462504,0.02465910315966417
GARCH,GC=F,2026-06-30 15:45:00,0.026407286201514897,0.02464221950626249
GARCH,GC=F,2026-06-30 16:00:00,0.02431113997989215,0.02451216231506378
GARCH,GC=F,2026-06-30 16:15:00,0.022722501975539156,0.02444807716441033
GARCH,GC=F,2026-06-30 16:30:00,0.021661380785344853,0.024485862196968813
GARCH,GC=F,2026-06-30 16:45:00,0.02287533494458409,0.024494821398886823
GARCH,GC=F,2026-06-30 17:00:00,0.0222169460849255,0.02447764996890073
GARCH,GC=F,2026-06-30 17:15:00,0.021562288968560054,0.024498039323571946
GARCH,GC=F,2026-06-30 17:30:00,0.021880559825500752,0.024475743485065378
GARCH,GC=F,2026-06-30 17:45:00,0.021108248344545097,0.02438646481002472
GARCH,GC=F,2026-06-30 18:00:00,0.020585707690098477,0.02428733328995397
GARCH,GC=F,2026-06-30 18:15:00,0.02005149100138644,0.02428743078793666
GARCH,GC=F,2026-06-30 18:30:00,0.019618202139826953,0.024292488590403373
GARCH,GC=F,2026-06-30 18:45:00,0.01964038669728493,0.024298921077706606
GARCH,GC=F,2026-06-30 19:00:00,0.02082558820273626,0.02430318681444144
GARCH,GC=F,2026-06-30 19:15:00,0.021180202945941175,0.024305489417439756
GARCH,GC=F,2026-06-30 19:30:00,0.02052226820782442,0.024310195165669096
GARCH,GC=F,2026-06-30 19:45:00,0.023136289429079363,0.02427568746170435
GARCH,GC=F,2026-06-30 20:00:00,0.02308940146054902,0.024300820868934408
GARCH,GC=F,2026-06-30 20:15:00,0.025143031771341955,0.02425774088170136
GARCH,GC=F,2026-06-30 20:30:00,0.02355427150042566,0.02427598642794012
GARCH,GC=F,2026-06-30 20:45:00,0.0232764243864382,0.02426348639303064
GARCH,GC=F,2026-06-30 21:00:00,0.021951584656420383,0.024256074445520543
GARCH,GC=F,2026-06-30 21:15:00,0.020973800943296234,0.024208456491626607
GARCH,GC=F,2026-06-30 21:30:00,0.02026129538587153,0.023747622351588806
GARCH,GC=F,2026-06-30 21:45:00,0.019747251099794885,0.023695570580334762
GARCH,GC=F,2026-06-30 22:00:00,0.021832306141711177,0.023633445648397637
GARCH,GC=F,2026-06-30 22:15:00,0.020888531845007375,0.02359355384669655
GARCH,GC=F,2026-06-30 22:30:00,0.02020025134481657,0.023421073364233762
GARCH,GC=F,2026-06-30 22:45:00,0.019766911633655557,0.023310714558889598
GARCH,GC=F,2026-06-30 23:00:00,0.01946998211956345,0.02331433773975865
GARCH,GC=F,2026-06-30 23:15:00,0.019887348074231283,0.023311723686704453
GARCH,GC=F,2026-06-30 23:30:00,0.019607703414063683,0.02332935808650152
GARCH,GC=F,2026-06-30 23:45:00,0.02074002767630971,0.02333973656788834
GARCH,GC=F,2026-07-01 00:00:00,0.020609601922325253,0.023358944218067418
GARCH,GC=F,2026-07-01 00:15:00,0.023095374487402127,0.02322596254475917
GARCH,GC=F,2026-07-01 00:30:00,0.024000216273057436,0.02321180921907434
GARCH,GC=F,2026-07-01 00:45:00,0.02251238315577539,0.02341387944537126
GARCH,GC=F,2026-07-01 01:00:00,0.031038361216571095,0.023395860763885716
GARCH,GC=F,2026-07-01 01:15:00,0.02791042459271723,0.023440657247604347
GARCH,GC=F,2026-07-01 01:30:00,0.02801147969982783,0.023440776795412174
GARCH,GC=F,2026-07-01 01:45:00,0.025644463651501824,0.023440615004615112
GARCH,GC=F,2026-07-01 02:00:00,0.023862665407425602,0.023468414214887538
GARCH,GC=F,2026-07-01 02:15:00,0.02363835409079097,0.023449192291439613
GARCH,GC=F,2026-07-01 02:30:00,0.0225928206162767,0.023463460025238275
GARCH,GC=F,2026-07-01 02:45:00,0.02256318991418237,0.023488073500400553
GARCH,GC=F,2026-07-01 03:00:00,0.0228108119780903,0.023482159316806615
GARCH,GC=F,2026-07-01 03:15:00,0.021955824864424142,0.023498596744665402
GARCH,GC=F,2026-07-01 03:30:00,0.022122613478949445,0.023480132721259653
GARCH,GC=F,2026-07-01 03:45:00,0.02160287555873012,0.02349089772355589
GARCH,GC=F,2026-07-01 04:00:00,0.021815158225556908,0.023483526184185147
GARCH,GC=F,2026-07-01 04:15:00,0.020951194976896678,0.023479219880797337
GARCH,GC=F,2026-07-01 04:30:00,0.020682027899610832,0.023469258976449293
GARCH,GC=F,2026-07-01 04:45:00,0.020214401020864463,0.02347608252268491
GARCH,GC=F,2026-07-01 05:00:00,0.02119116773298765,0.023452809454640018
GARCH,GC=F,2026-07-01 05:15:00,0.02053019522636222,0.02345656848984779
GARCH,GC=F,2026-07-01 05:30:00,0.020125499762065988,0.023289768922145553
GARCH,GC=F,2026-07-01 05:45:00,0.019724668518606003,0.023379692393420512
GARCH,GC=F,2026-07-01 06:00:00,0.0247229166103682,0.023390480755399602
GARCH,GC=F,2026-07-01 06:15:00,0.023362934838717958,0.023420660172842063
GARCH,GC=F,2026-07-01 06:30:00,0.023341822611827566,0.02342113501296315
GARCH,GC=F,2026-07-01 06:45:00,0.022011160305677475,0.023556981764769915
GARCH,GC=F,2026-07-01 07:00:00,0.02814137726263905,0.023571099936984953
GARCH,GC=F,2026-07-01 07:15:00,0.026033725139988046,0.023643356597303388
GARCH,GC=F,2026-07-01 07:30:00,0.02703846706685649,0.023675559832521613
GARCH,GC=F,2026-07-01 07:45:00,0.026140155678190086,0.023676123969538995
GARCH,GC=F,2026-07-01 08:00:00,0.024180061869518068,0.02370807697955494
GARCH,GC=F,2026-07-01 08:15:00,0.023984423177312208,0.02371041206381859
GARCH,GC=F,2026-07-01 08:30:00,0.022679508314825188,0.02371593092186004
GARCH,GC=F,2026-07-01 08:45:00,0.021978893212501682,0.02372011339471266
GARCH,GC=F,2026-07-01 09:00:00,0.021129013202287578,0.023737231922244965
GARCH,GC=F,2026-07-01 09:15:00,0.02116929651997967,0.023747430716405324
GARCH,GC=F,2026-07-01 09:30:00,0.020872351910226697,0.023764298371648174
GARCH,GC=F,2026-07-01 09:45:00,0.021001070279938142,0.023764110999197865
GARCH,GC=F,2026-07-01 10:00:00,0.020284942276953582,0.023778135700017838
GARCH,GC=F,2026-07-01 10:15:00,0.020421356764838906,0.023778049652718344
GARCH,GC=F,2026-07-01 10:30:00,0.019862412251886154,0.02396200710309061
GARCH,GC=F,2026-07-01 10:45:00,0.02817811161091613,0.024387192697156557
GARCH,GC=F,2026-07-01 11:00:00,0.04108092453504489,0.02452197812722513
GARCH,GC=F,2026-07-01 11:15:00,0.04033594456299446,0.024536541865280256
GARCH,GC=F,2026-07-01 11:30:00,0.03575114946028287,0.02453802351166696
GARCH,GC=F,2026-07-01 11:45:00,0.03162681418501983,0.02461367576585205
GARCH,GC=F,2026-07-01 12:00:00,0.031611153149669814,0.024632924116524103
GARCH,GC=F,2026-07-01 12:15:00,0.02898675369473152,0.02463334614425577
GARCH,GC=F,2026-07-01 12:30:00,0.026295833984639416,0.0246450712811314
GARCH,GC=F,2026-07-01 12:45:00,0.0249006836296117,0.02446565574827292
GARCH,GC=F,2026-07-01 13:00:00,0.023508789980548308,0.025160442327049677
GARCH,GC=F,2026-07-01 13:15:00,0.051546919489028224,0.028167892788261772
GARCH,GC=F,2026-07-01 13:30:00,0.10173687183022587,0.02824792932945473
GARCH,GC=F,2026-07-01 13:45:00,0.08678855775596644,0.028256978971322847
GARCH,GC=F,2026-07-01 14:00:00,0.07350075501900041,0.028235001690051227
GARCH,GC=F,2026-07-01 14:15:00,0.0637884739813626,0.0282698252629969
GARCH,GC=F,2026-07-01 14:30:00,0.056015373215597755,0.028269897554047907
GARCH,GC=F,2026-07-01 14:45:00,0.04795960789543991,0.028334517459073533
GARCH,GC=F,2026-07-01 15:00:00,0.04385342117118021,0.028206019210645774
GARCH,GC=F,2026-07-01 15:15:00,0.03813953065955591,0.02774998989448037
GARCH,GC=F,2026-07-01 15:30:00,0.033597984017881416,0.027752592305640787
GARCH,GC=F,2026-07-01 15:45:00,0.030013835746046456,0.027527169633205315
GARCH,GC=F,2026-07-01 16:00:00,0.02726868368702158,0.027503919970987868
GARCH,GC=F,2026-07-01 16:15:00,0.025005977442685536,0.027563936397453085
GARCH,GC=F,2026-07-01 16:30:00,0.027090441188411727,0.0275713691082446
GARCH,GC=F,2026-07-01 16:45:00,0.025474161663502012,0.02757134110043022
GARCH,GC=F,2026-07-01 17:00:00,0.02359789762408969,0.027524527289827582
GARCH,GC=F,2026-07-01 17:15:00,0.022877459208049945,0.027452771459607176
GARCH,GC=F,2026-07-01 17:30:00,0.02224449287579091,0.027419680523456863
GARCH,GC=F,2026-07-01 17:45:00,0.0216410183480717,0.02741006967339324
GARCH,GC=F,2026-07-01 18:00:00,0.02076080223911401,0.027465120572573092
GARCH,GC=F,2026-07-01 18:15:00,0.02425130245478329,0.027445882579150056
GARCH,GC=F,2026-07-01 18:30:00,0.022793573364929945,0.027445457275352757
GARCH,GC=F,2026-07-01 18:45:00,0.02160291396877313,0.027442717694863866
GARCH,GC=F,2026-07-01 19:00:00,0.0214509113546809,0.027488974296639757
GARCH,GC=F,2026-07-01 19:15:00,0.023450694385004876,0.027442014689270742
GARCH,GC=F,2026-07-01 19:30:00,0.023903984091357345,0.02766427488565912
GARCH,GC=F,2026-07-01 19:45:00,0.035069345488856644,0.027654469793874464
GARCH,GC=F,2026-07-01 20:00:00,0.03162702228015996,0.027621589889987697
GARCH,GC=F,2026-07-01 20:15:00,0.02870274645555562,0.027641472244454766
GARCH,GC=F,2026-07-01 20:30:00,0.027150157027123357,0.027628214374550705
GARCH,GC=F,2026-07-01 20:45:00,0.02542272853194415,0.02760073642728406
GARCH,GC=F,2026-07-01 21:00:00,0.02355898226408863,0.02759751131943398
GARCH,GC=F,2026-07-01 21:15:00,0.02216095265432923,0.027597101694956733
GARCH,GC=F,2026-07-01 21:30:00,0.021127359945971112,0.027595728837486497
GARCH,GC=F,2026-07-01 21:45:00,0.020372667947510168,0.027608556375073715
GARCH,GC=F,2026-07-01 22:00:00,0.021406440093408422,0.027555756960054925
GARCH,GC=F,2026-07-01 22:15:00,0.020744679390309613,0.02754569607900649
GARCH,GC=F,2026-07-01 22:30:00,0.02025226507579372,0.027576114113731242
GARCH,GC=F,2026-07-01 22:45:00,0.02176394192448127,0.027632690696160606
GARCH,GC=F,2026-07-01 23:00:00,0.024610347289227463,0.027623568225747637
GARCH,GC=F,2026-07-01 23:15:00,0.022948905534642947,0.027592861924097187
GARCH,GC=F,2026-07-01 23:30:00,0.0218896894439259,0.027505262061708863
GARCH,GC=F,2026-07-01 23:45:00,0.020958328544376327,0.027602477358346773
GARCH,GC=F,2026-07-02 00:00:00,0.02675922554082329,0.027591767481303455
GARCH,GC=F,2026-07-02 00:15:00,0.024667594398315555,0.027639504998718905
GARCH,GC=F,2026-07-02 00:30:00,0.026450931325549973,0.0276594427771814
GARCH,GC=F,2026-07-02 00:45:00,0.03263493487408658,0.02779414474224072
GARCH,GC=F,2026-07-02 01:00:00,0.037662037435222104,0.027940976705987677
GARCH,GC=F,2026-07-02 01:15:00,0.038591108561396026,0.027967743032536345
GARCH,GC=F,2026-07-02 01:30:00,0.03525775923051553,0.02797108251525337
GARCH,GC=F,2026-07-02 01:45:00,0.031486020674442436,0.027970163889104456
GARCH,GC=F,2026-07-02 02:00:00,0.028406284950501758,0.02797336299184266
GARCH,GC=F,2026-07-02 02:15:00,0.026492398226858296,0.027984297882628115
GARCH,GC=F,2026-07-02 02:30:00,0.025593610349575344,0.027967282022914992
GARCH,GC=F,2026-07-02 02:45:00,0.02375261376651749,0.027889745291040022
GARCH,GC=F,2026-07-02 03:00:00,0.022340846264894958,0.027850591987698178
GARCH,GC=F,2026-07-02 03:15:00,0.024790735448673575,0.027807434428987754
GARCH,GC=F,2026-07-02 03:30:00,0.023144267263966116,0.027825136738285957
GARCH,GC=F,2026-07-02 03:45:00,0.023111097490146892,0.027811648148191877
GARCH,GC=F,2026-07-02 04:00:00,0.02183112761335009,0.027735586327622318
GARCH,GC=F,2026-07-02 04:15:00,0.022302163644021402,0.0277426503217549
GARCH,GC=F,2026-07-02 04:30:00,0.021710416390917812,0.02770461207426525
