model_name,asset_symbol,timestamp,predicted_value,real_value
GARCH,ETH-USD,2026-04-23 12:30:00,0.03791997435326609,0.04329630634176493
GARCH,ETH-USD,2026-04-23 12:45:00,0.03623395257211927,0.043339404444398724
GARCH,ETH-USD,2026-04-23 13:00:00,0.03793762648588164,0.0432953825405022
GARCH,ETH-USD,2026-04-23 13:15:00,0.03521361636149623,0.04331221594422445
GARCH,ETH-USD,2026-04-23 13:30:00,0.035793366202322534,0.04331138604392407
GARCH,ETH-USD,2026-04-23 13:45:00,0.03386350598770071,0.043182413263812086
GARCH,ETH-USD,2026-04-23 14:00:00,0.032962108178379586,0.04330154973635879
GARCH,ETH-USD,2026-04-23 14:15:00,0.03951077997827234,0.04330666720526682
GARCH,ETH-USD,2026-04-23 14:30:00,0.036493554874932915,0.04333104484401717
GARCH,ETH-USD,2026-04-23 14:45:00,0.037185183860372804,0.0433822747297106
GARCH,ETH-USD,2026-04-23 15:00:00,0.03805938063623809,0.04339268563313595
GARCH,ETH-USD,2026-04-23 15:15:00,0.036208685352919864,0.04343435909997206
GARCH,ETH-USD,2026-04-23 15:30:00,0.03742711669169587,0.04338725094387908
GARCH,ETH-USD,2026-04-23 15:45:00,0.03580919644622936,0.0434064808853527
GARCH,ETH-USD,2026-04-23 16:00:00,0.03575893931512999,0.04340732486111246
GARCH,ETH-USD,2026-04-23 16:15:00,0.03397095017952759,0.04340685593302633
GARCH,ETH-USD,2026-04-23 16:30:00,0.03317650311739688,0.04334511455904232
GARCH,ETH-USD,2026-04-23 16:45:00,0.034961934307949034,0.04343195248382036
GARCH,ETH-USD,2026-04-23 17:00:00,0.04033816608587363,0.04361425539444482
GARCH,ETH-USD,2026-04-23 17:15:00,0.045410334367678946,0.04405358693969325
GARCH,ETH-USD,2026-04-23 17:30:00,0.05953542386459338,0.044584711101548345
GARCH,ETH-USD,2026-04-23 17:45:00,0.0689962056309331,0.0445734091442614
GARCH,ETH-USD,2026-04-23 18:00:00,0.060566452455628916,0.04459461906858247
GARCH,ETH-USD,2026-04-23 18:15:00,0.05972341051634074,0.04462112360782764
GARCH,ETH-USD,2026-04-23 18:30:00,0.05610081377444704,0.04471002104317525
GARCH,ETH-USD,2026-04-23 18:45:00,0.05807349508316166,0.04466109673349259
GARCH,ETH-USD,2026-04-23 19:00:00,0.05332973388991892,0.044698987778273934
GARCH,ETH-USD,2026-04-23 19:15:00,0.05319307223873338,0.0447182879479026
GARCH,ETH-USD,2026-04-23 19:30:00,0.04993468874041465,0.044641012919387095
GARCH,ETH-USD,2026-04-23 19:45:00,0.047832586312294784,0.044761824436155506
GARCH,ETH-USD,2026-04-23 20:00:00,0.05100853884608522,0.044770542474675205
GARCH,ETH-USD,2026-04-23 20:15:00,0.046483235903739366,0.0448991789055744
GARCH,ETH-USD,2026-04-23 20:30:00,0.051467725015826804,0.04490812822419152
GARCH,ETH-USD,2026-04-23 20:45:00,0.04621624979554417,0.04491848081912102
GARCH,ETH-USD,2026-04-23 21:00:00,0.046399125834404295,0.04494199810204073
GARCH,ETH-USD,2026-04-23 21:15:00,0.04430737169432433,0.04475360753085887
GARCH,ETH-USD,2026-04-23 21:30:00,0.04339010154185701,0.04479636763341024
GARCH,ETH-USD,2026-04-23 21:45:00,0.043645965292439,0.04487399784145259
GARCH,ETH-USD,2026-04-23 22:00:00,0.04583664266242359,0.044770397921132604
GARCH,ETH-USD,2026-04-23 22:15:00,0.041855900539618324,0.04482722571502124
GARCH,ETH-USD,2026-04-23 22:30:00,0.04356868627201435,0.044835579487894135
GARCH,ETH-USD,2026-04-23 22:45:00,0.041484894574727316,0.04488288835166826
GARCH,ETH-USD,2026-04-23 23:00:00,0.0426896535298481,0.04478695571199275
GARCH,ETH-USD,2026-04-23 23:15:00,0.03943196750808823,0.04478929880382407
GARCH,ETH-USD,2026-04-23 23:30:00,0.04035451256462124,0.04476516515756153
GARCH,ETH-USD,2026-04-23 23:45:00,0.03757261198430561,0.04476990968026068
GARCH,ETH-USD,2026-04-24 00:00:00,0.03675970683451995,0.04472597525363263
GARCH,ETH-USD,2026-04-24 00:15:00,0.03541759295538158,0.04466903278389713
GARCH,ETH-USD,2026-04-24 00:30:00,0.034396230792489615,0.04466906914254809
GARCH,ETH-USD,2026-04-24 00:45:00,0.033089488994634694,0.04474447627174722
GARCH,ETH-USD,2026-04-24 01:00:00,0.03806109679858934,0.04477732303563937
GARCH,ETH-USD,2026-04-24 01:15:00,0.03624625702185434,0.044714074980503074
GARCH,ETH-USD,2026-04-24 01:30:00,0.034943009395370005,0.04496504205767579
GARCH,ETH-USD,2026-04-24 01:45:00,0.04758214293418455,0.04461915622774669
GARCH,ETH-USD,2026-04-24 02:00:00,0.04138001282810982,0.04448994765727596
GARCH,ETH-USD,2026-04-24 02:15:00,0.04294025394591709,0.044495267500470816
GARCH,ETH-USD,2026-04-24 02:30:00,0.04157614911396572,0.04464800706188574
GARCH,ETH-USD,2026-04-24 02:45:00,0.04781538935651794,0.0446266189544156
GARCH,ETH-USD,2026-04-24 03:00:00,0.04221217594593428,0.044763545862660965
GARCH,ETH-USD,2026-04-24 03:15:00,0.04818068298003663,0.04404199189846908
GARCH,ETH-USD,2026-04-24 03:30:00,0.04671513358466165,0.04381966085152362
GARCH,ETH-USD,2026-04-24 03:45:00,0.044989613270362945,0.04379693597770035
GARCH,ETH-USD,2026-04-24 04:00:00,0.04249934396485235,0.04381719012682952
GARCH,ETH-USD,2026-04-24 04:15:00,0.04232792389007484,0.043794271031175044
GARCH,ETH-USD,2026-04-24 04:30:00,0.039589176659998365,0.04379109565106668
GARCH,ETH-USD,2026-04-24 04:45:00,0.03831164768361268,0.043712716231216676
GARCH,ETH-USD,2026-04-24 05:00:00,0.037849480880182106,0.04356825556613704
GARCH,ETH-USD,2026-04-24 05:15:00,0.03623233129562733,0.04347463563967935
GARCH,ETH-USD,2026-04-24 05:30:00,0.03711595200323966,0.04237073172921609
GARCH,ETH-USD,2026-04-24 05:45:00,0.03868725712336015,0.042297974886233214
GARCH,ETH-USD,2026-04-24 06:00:00,0.03598583664237132,0.04228572361379625
GARCH,ETH-USD,2026-04-24 06:15:00,0.03559434840552316,0.042312031007942445
GARCH,ETH-USD,2026-04-24 06:30:00,0.035963211576934086,0.042217278041025916
GARCH,ETH-USD,2026-04-24 06:45:00,0.033955100857932574,0.04221799006847969
GARCH,ETH-USD,2026-04-24 07:00:00,0.03619520476883476,0.04220149471855994
GARCH,ETH-USD,2026-04-24 07:15:00,0.03352293831040753,0.04220629727118249
GARCH,ETH-USD,2026-04-24 07:30:00,0.03332250418611776,0.04213961929062875
GARCH,ETH-USD,2026-04-24 07:45:00,0.0319746483432597,0.04202901837884159
GARCH,ETH-USD,2026-04-24 08:00:00,0.031304308438090275,0.04205277528000188
GARCH,ETH-USD,2026-04-24 08:15:00,0.03536337366649513,0.041240014262243364
GARCH,ETH-USD,2026-04-24 08:30:00,0.03386633603322577,0.04107726694086617
GARCH,ETH-USD,2026-04-24 08:45:00,0.03356896508097091,0.04119262869373913
GARCH,ETH-USD,2026-04-24 09:00:00,0.038748687054224046,0.04119283014456069
GARCH,ETH-USD,2026-04-24 09:15:00,0.034748163460280694,0.04121564020036136
GARCH,ETH-USD,2026-04-24 09:30:00,0.035768705483015376,0.041099348518434074
GARCH,ETH-USD,2026-04-24 09:45:00,0.03373920094112792,0.041085561426088275
GARCH,ETH-USD,2026-04-24 10:00:00,0.03312075581284783,0.040940788891254395
GARCH,ETH-USD,2026-04-24 10:15:00,0.03545426298698241,0.037729166685693025
GARCH,ETH-USD,2026-04-24 10:30:00,0.032849653328721654,0.03748959197012898
GARCH,ETH-USD,2026-04-24 10:45:00,0.03338597983151617,0.03688281427303623
GARCH,ETH-USD,2026-04-24 11:00:00,0.04958974866929954,0.036906477539094595
GARCH,ETH-USD,2026-04-24 11:15:00,0.04194856603460195,0.036903056974869515
GARCH,ETH-USD,2026-04-24 11:30:00,0.04207792765286716,0.036917341395300916
GARCH,ETH-USD,2026-04-24 11:45:00,0.040393548515188116,0.03695067127592794
GARCH,ETH-USD,2026-04-24 12:00:00,0.040090479847457124,0.03698971159480179
GARCH,ETH-USD,2026-04-24 12:15:00,0.03949138266575122,0.037024975697079375
GARCH,ETH-USD,2026-04-24 12:30:00,0.03986006839257023,0.03701540997571355
GARCH,ETH-USD,2026-04-24 12:45:00,0.037458367200824995,0.0370064756519146
GARCH,ETH-USD,2026-04-24 13:00:00,0.0370066555652647,0.03685207534351088
GARCH,ETH-USD,2026-04-24 13:15:00,0.03729529096502402,0.03681548785809682
GARCH,ETH-USD,2026-04-24 13:30:00,0.0361247468470367,0.036852858223670404
GARCH,ETH-USD,2026-04-24 13:45:00,0.036462131876382115,0.036825468561699035
GARCH,ETH-USD,2026-04-24 14:00:00,0.038550385560994854,0.03688270629123067
GARCH,ETH-USD,2026-04-24 14:15:00,0.03888978853268788,0.037014455303415184
GARCH,ETH-USD,2026-04-24 14:30:00,0.04856603090681565,0.03700228717242285
GARCH,ETH-USD,2026-04-24 14:45:00,0.04249875321337285,0.037084400181626176
GARCH,ETH-USD,2026-04-24 15:00:00,0.045356255059150724,0.03712200550350743
GARCH,ETH-USD,2026-04-24 15:15:00,0.04341674688755968,0.037415667759524394
GARCH,ETH-USD,2026-04-24 15:30:00,0.05269766220182717,0.03739381166143693
GARCH,ETH-USD,2026-04-24 15:45:00,0.04544986399371184,0.03748937601007034
GARCH,ETH-USD,2026-04-24 16:00:00,0.04993808940604969,0.037056378198972284
GARCH,ETH-USD,2026-04-24 16:15:00,0.0447548586345938,0.03699376826596217
GARCH,ETH-USD,2026-04-24 16:30:00,0.04399007969978468,0.03700435830294712
GARCH,ETH-USD,2026-04-24 16:45:00,0.04255439989918743,0.036634207154897014
GARCH,ETH-USD,2026-04-24 17:00:00,0.040875973197507874,0.03570974337549157
GARCH,ETH-USD,2026-04-24 17:15:00,0.04089845953672667,0.03547010126173771
GARCH,ETH-USD,2026-04-24 17:30:00,0.03836342481621619,0.035459649686280265
GARCH,ETH-USD,2026-04-24 17:45:00,0.040665394077659664,0.03552338568147579
GARCH,ETH-USD,2026-04-24 18:00:00,0.04058380436196228,0.03543509178420649
GARCH,ETH-USD,2026-04-24 18:15:00,0.03805867228952016,0.03546796491958183
GARCH,ETH-USD,2026-04-24 18:30:00,0.03814700796030761,0.03547885693618024
GARCH,ETH-USD,2026-04-24 18:45:00,0.03634338627219318,0.03548480421806435
GARCH,ETH-USD,2026-04-24 19:00:00,0.03533732337439081,0.035484783212206356
GARCH,ETH-USD,2026-04-24 19:15:00,0.033952503504229056,0.035461135999019885
GARCH,ETH-USD,2026-04-24 19:30:00,0.03285194662361892,0.0354592593194664
GARCH,ETH-USD,2026-04-24 19:45:00,0.03184200794469385,0.03544173856018178
GARCH,ETH-USD,2026-04-24 20:00:00,0.03145246409650121,0.03431975443331587
GARCH,ETH-USD,2026-04-24 20:15:00,0.03163538101452979,0.034250508810389574
GARCH,ETH-USD,2026-04-24 20:30:00,0.03752772073355116,0.034269873060359855
GARCH,ETH-USD,2026-04-24 20:45:00,0.0342671391535529,0.034520242094003985
GARCH,ETH-USD,2026-04-24 21:00:00,0.04627363437363402,0.03452844379379506
GARCH,ETH-USD,2026-04-24 21:15:00,0.039317747614865284,0.03453779951040936
GARCH,ETH-USD,2026-04-24 21:30:00,0.04002386902777092,0.034528072989104215
GARCH,ETH-USD,2026-04-24 21:45:00,0.037301286515156,0.03447999562884565
GARCH,ETH-USD,2026-04-24 22:00:00,0.03617990299435249,0.03424028638236666
GARCH,ETH-USD,2026-04-24 22:15:00,0.035137857003663724,0.03412545971546731
GARCH,ETH-USD,2026-04-24 22:30:00,0.03493654724935584,0.034110238046245564
GARCH,ETH-USD,2026-04-24 22:45:00,0.03363131293292951,0.034136968025132226
GARCH,ETH-USD,2026-04-24 23:00:00,0.033742024370252484,0.03408473426016338
GARCH,ETH-USD,2026-04-24 23:15:00,0.03213660128481375,0.034079608215241176
GARCH,ETH-USD,2026-04-24 23:30:00,0.03137886013629258,0.03402571733464935
GARCH,ETH-USD,2026-04-24 23:45:00,0.030517316790141216,0.03400612028605802
GARCH,ETH-USD,2026-04-25 00:00:00,0.03064851026114084,0.03399371791810996
GARCH,ETH-USD,2026-04-25 00:15:00,0.029684234105110223,0.03400091118780331
GARCH,ETH-USD,2026-04-25 00:30:00,0.029526208073136856,0.03396749521713192
GARCH,ETH-USD,2026-04-25 00:45:00,0.029292447529753397,0.03396314049148122
GARCH,ETH-USD,2026-04-25 01:00:00,0.029351030690590835,0.03395855550724102
GARCH,ETH-USD,2026-04-25 01:15:00,0.028475432148151954,0.033969961546618334
GARCH,ETH-USD,2026-04-25 01:30:00,0.0285745943800421,0.033974348738837985
GARCH,ETH-USD,2026-04-25 01:45:00,0.028231511185079813,0.03397507896065107
GARCH,ETH-USD,2026-04-25 02:00:00,0.02779744531433417,0.03395972460145284
GARCH,ETH-USD,2026-04-25 02:15:00,0.02753118337570106,0.033959341633131385
GARCH,ETH-USD,2026-04-25 02:30:00,0.027160987700948633,0.03385352222009741
GARCH,ETH-USD,2026-04-25 02:45:00,0.026818274079287822,0.033799218190225216
GARCH,ETH-USD,2026-04-25 03:00:00,0.026574400139486518,0.03374095420074905
GARCH,ETH-USD,2026-04-25 03:15:00,0.026649784519496074,0.03372886739285024
GARCH,ETH-USD,2026-04-25 03:30:00,0.026807706980198805,0.03366906979682891
GARCH,ETH-USD,2026-04-25 03:45:00,0.026375589235018714,0.033619947754146444
GARCH,ETH-USD,2026-04-25 04:00:00,0.02618445340332619,0.03362253265698714
GARCH,ETH-USD,2026-04-25 04:15:00,0.02624044521498712,0.03353711935040708
GARCH,ETH-USD,2026-04-25 04:30:00,0.026104968777046603,0.03349722151815811
GARCH,ETH-USD,2026-04-25 04:45:00,0.02585930150644186,0.03345278835770612
GARCH,ETH-USD,2026-04-25 05:00:00,0.026856160863176035,0.033166031260626956
GARCH,ETH-USD,2026-04-25 05:15:00,0.026115212454509363,0.03253182086742631
GARCH,ETH-USD,2026-04-25 05:30:00,0.02617004253224204,0.03234266785757306
GARCH,ETH-USD,2026-04-25 05:45:00,0.025971402723290536,0.032287225926856615
GARCH,ETH-USD,2026-04-25 06:00:00,0.0258283715349788,0.03228764607820615
GARCH,ETH-USD,2026-04-25 06:15:00,0.026058180347439206,0.03185822470267394
GARCH,ETH-USD,2026-04-25 06:30:00,0.025765755185353133,0.03167456329402726
GARCH,ETH-USD,2026-04-25 06:45:00,0.025636034816371063,0.0316637804140777
GARCH,ETH-USD,2026-04-25 07:00:00,0.02571308754894317,0.03137245875878463
GARCH,ETH-USD,2026-04-25 07:15:00,0.025642310165326396,0.03133991816813337
GARCH,ETH-USD,2026-04-25 07:30:00,0.025524724729103106,0.03129151022364128
GARCH,ETH-USD,2026-04-25 07:45:00,0.02538937088423451,0.031142328380051744
GARCH,ETH-USD,2026-04-25 08:00:00,0.02555450554809421,0.031142780587527952
GARCH,ETH-USD,2026-04-25 08:15:00,0.02535902517787194,0.03104960343423926
GARCH,ETH-USD,2026-04-25 08:30:00,0.02544193766629752,0.031045628835239994
GARCH,ETH-USD,2026-04-25 08:45:00,0.025242690239514694,0.030997449476183762
GARCH,ETH-USD,2026-04-25 09:00:00,0.025181411964400834,0.03096879589143073
GARCH,ETH-USD,2026-04-25 09:15:00,0.026061911143480422,0.031037876616422284
GARCH,ETH-USD,2026-04-25 09:30:00,0.0288335129651893,0.031050761687486217
GARCH,ETH-USD,2026-04-25 09:45:00,0.028250939560375162,0.031045627266378308
GARCH,ETH-USD,2026-04-25 10:00:00,0.027834180984685014,0.030752835205943255
GARCH,ETH-USD,2026-04-25 10:15:00,0.027634975769091796,0.03052437220591413
GARCH,ETH-USD,2026-04-25 10:30:00,0.027228435316459805,0.030507659029967663
GARCH,ETH-USD,2026-04-25 10:45:00,0.026871007847754674,0.03051604261218881
GARCH,ETH-USD,2026-04-25 11:00:00,0.028192821267487338,0.030517423143084484
GARCH,ETH-USD,2026-04-25 11:15:00,0.027821733069953274,0.030489404900097064
GARCH,ETH-USD,2026-04-25 11:30:00,0.028207788552755353,0.03048496021556514
GARCH,ETH-USD,2026-04-25 11:45:00,0.027561260230877113,0.030478475916269235
GARCH,ETH-USD,2026-04-25 12:00:00,0.027792917469670962,0.030449429119877996
GARCH,ETH-USD,2026-04-25 12:15:00,0.02737795242274928,0.03017045295400836
GARCH,ETH-USD,2026-04-25 12:30:00,0.027171241034560797,0.030132100459519317
GARCH,ETH-USD,2026-04-25 12:45:00,0.026754979853977057,0.030177180297201487
GARCH,ETH-USD,2026-04-25 13:00:00,0.028487831119218758,0.030103402918237737
GARCH,ETH-USD,2026-04-25 13:15:00,0.027230153520396858,0.030105041688002664
GARCH,ETH-USD,2026-04-25 13:30:00,0.027221566058334083,0.030034595701951782
GARCH,ETH-USD,2026-04-25 13:45:00,0.02690359929501052,0.03003097849424129
GARCH,ETH-USD,2026-04-25 14:00:00,0.027276167564070846,0.029656173323416166
GARCH,ETH-USD,2026-04-25 14:15:00,0.026715323860375614,0.029451219191121918
GARCH,ETH-USD,2026-04-25 14:30:00,0.026534162065339394,0.02942580147438123
GARCH,ETH-USD,2026-04-25 14:45:00,0.026460833878856813,0.028869257274989294
GARCH,ETH-USD,2026-04-25 15:00:00,0.026174231787508353,0.028314251912026998
GARCH,ETH-USD,2026-04-25 15:15:00,0.026372077336031183,0.028316808276537635
GARCH,ETH-USD,2026-04-25 15:30:00,0.026191941906177817,0.028544422801848202
GARCH,ETH-USD,2026-04-25 15:45:00,0.03657701548178895,0.02848508782271084
GARCH,ETH-USD,2026-04-25 16:00:00,0.03196279409845847,0.028452694929890443
GARCH,ETH-USD,2026-04-25 16:15:00,0.032637412929095284,0.02841760793207444
GARCH,ETH-USD,2026-04-25 16:30:00,0.031048607933841607,0.028424777472561797
GARCH,ETH-USD,2026-04-25 16:45:00,0.03069183014257404,0.02830209017024031
GARCH,ETH-USD,2026-04-25 17:00:00,0.029912405501395817,0.028230386916252407
GARCH,ETH-USD,2026-04-25 17:15:00,0.029271913103125147,0.028124958059086515
GARCH,ETH-USD,2026-04-25 17:30:00,0.02933108407183984,0.028106394634393562
GARCH,ETH-USD,2026-04-25 17:45:00,0.029152988968683815,0.02781276256244308
GARCH,ETH-USD,2026-04-25 18:00:00,0.028712909153751867,0.02778772144843785
GARCH,ETH-USD,2026-04-25 18:15:00,0.02839068068106281,0.027785205789528245
GARCH,ETH-USD,2026-04-25 18:30:00,0.027801287129759912,0.027744841307954713
GARCH,ETH-USD,2026-04-25 18:45:00,0.027418111610502078,0.027725302614255647
GARCH,ETH-USD,2026-04-25 19:00:00,0.02702148205329435,0.027741633324282117
GARCH,ETH-USD,2026-04-25 19:15:00,0.02760343966097495,0.027729535703513896
GARCH,ETH-USD,2026-04-25 19:30:00,0.027395919029659613,0.02773699895103511
GARCH,ETH-USD,2026-04-25 19:45:00,0.028178881650636773,0.027703904163477
GARCH,ETH-USD,2026-04-25 20:00:00,0.027281614999975355,0.027657477630403247
GARCH,ETH-USD,2026-04-25 20:15:00,0.02742888348930315,0.02764934050229036
GARCH,ETH-USD,2026-04-25 20:30:00,0.026862876821528922,0.02762803475471219
GARCH,ETH-USD,2026-04-25 20:45:00,0.02736248918378213,0.027628021588625016
GARCH,ETH-USD,2026-04-25 21:00:00,0.02841099999917506,0.02752435417835812
GARCH,ETH-USD,2026-04-25 21:15:00,0.02742743934867283,0.0275002884964602
GARCH,ETH-USD,2026-04-25 21:30:00,0.027715677950172126,0.027505950383228152
GARCH,ETH-USD,2026-04-25 21:45:00,0.02734822216741215,0.027505440570968428
GARCH,ETH-USD,2026-04-25 22:00:00,0.026959202666706535,0.02748487241837316
GARCH,ETH-USD,2026-04-25 22:15:00,0.026725802082466988,0.027501857034244674
GARCH,ETH-USD,2026-04-25 22:30:00,0.027286573015003982,0.02732639870900885
GARCH,ETH-USD,2026-04-25 22:45:00,0.02674499831934015,0.027323034214925625
GARCH,ETH-USD,2026-04-25 23:00:00,0.026685648766078818,0.027276022815334696
GARCH,ETH-USD,2026-04-25 23:15:00,0.02633831049244904,0.027239461329115873
GARCH,ETH-USD,2026-04-25 23:30:00,0.026204017426730033,0.027185613750229397
GARCH,ETH-USD,2026-04-25 23:45:00,0.02601386808169504,0.026128490640621838
GARCH,ETH-USD,2026-04-26 00:00:00,0.026854071605169495,0.026136997243280006
GARCH,ETH-USD,2026-04-26 00:15:00,0.02664679906745692,0.026098854081792657
GARCH,ETH-USD,2026-04-26 00:30:00,0.027186174842695122,0.025831909164522115
GARCH,ETH-USD,2026-04-26 00:45:00,0.027366652123371246,0.0255840105977267
GARCH,ETH-USD,2026-04-26 01:00:00,0.026784344016787774,0.0254645269288698
GARCH,ETH-USD,2026-04-26 01:15:00,0.026673607376264792,0.025459260966843665
GARCH,ETH-USD,2026-04-26 01:30:00,0.026313844679089857,0.025462706628384426
GARCH,ETH-USD,2026-04-26 01:45:00,0.026700861985458808,0.025480929807287653
GARCH,ETH-USD,2026-04-26 02:00:00,0.028727564919255988,0.025452226849500492
GARCH,ETH-USD,2026-04-26 02:15:00,0.027326166971216908,0.025373677016836155
GARCH,ETH-USD,2026-04-26 02:30:00,0.02790529865908207,0.025325618370196624
GARCH,ETH-USD,2026-04-26 02:45:00,0.027140509203349643,0.025288725810653372
GARCH,ETH-USD,2026-04-26 03:00:00,0.02708119341146168,0.02532985397500534
GARCH,ETH-USD,2026-04-26 03:15:00,0.02879563145281786,0.025359092998138096
GARCH,ETH-USD,2026-04-26 03:30:00,0.02906339617260906,0.025359901992651306
GARCH,ETH-USD,2026-04-26 03:45:00,0.02818204973800637,0.025281868404173843
GARCH,ETH-USD,2026-04-26 04:00:00,0.028232264028594047,0.025280645544822185
GARCH,ETH-USD,2026-04-26 04:15:00,0.027543025206585605,0.02525660177372042
GARCH,ETH-USD,2026-04-26 04:30:00,0.027875348046235954,0.02532958544380152
GARCH,ETH-USD,2026-04-26 04:45:00,0.03039468812646178,0.02576307340093901
GARCH,ETH-USD,2026-04-26 05:00:00,0.043447882361629754,0.02556256053092825
GARCH,ETH-USD,2026-04-26 05:15:00,0.03703169767121025,0.025528004930431798
GARCH,ETH-USD,2026-04-26 05:30:00,0.037665364413702475,0.025484870186870883
GARCH,ETH-USD,2026-04-26 05:45:00,0.03545447169239355,0.025412326535339806
GARCH,ETH-USD,2026-04-26 06:00:00,0.035167813226821755,0.025394718691436564
GARCH,ETH-USD,2026-04-26 06:15:00,0.033545125545180014,0.025339430790922088
GARCH,ETH-USD,2026-04-26 06:30:00,0.03327369420089008,0.0253260593075091
GARCH,ETH-USD,2026-04-26 06:45:00,0.03236793573776207,0.02529134019067874
GARCH,ETH-USD,2026-04-26 07:00:00,0.031376463049169585,0.02529065962745292
GARCH,ETH-USD,2026-04-26 07:15:00,0.03056763250321751,0.02529293728164881
GARCH,ETH-USD,2026-04-26 07:30:00,0.0300766282403611,0.025239170778186708
GARCH,ETH-USD,2026-04-26 07:45:00,0.030424810567669026,0.025011056257943216
GARCH,ETH-USD,2026-04-26 08:00:00,0.029544899056687626,0.024691662040680015
GARCH,ETH-USD,2026-04-26 08:15:00,0.02909991706091369,0.023866380962300714
GARCH,ETH-USD,2026-04-26 08:30:00,0.028429928654563456,0.022877690134821143
GARCH,ETH-USD,2026-04-26 08:45:00,0.02799995358577949,0.022837217129635694
GARCH,ETH-USD,2026-04-26 09:00:00,0.027740837051936362,0.022778466211559642
GARCH,ETH-USD,2026-04-26 09:15:00,0.02737552986845123,0.022734722204947204
GARCH,ETH-USD,2026-04-26 09:30:00,0.027320237684479318,0.022467201955518996
GARCH,ETH-USD,2026-04-26 09:45:00,0.02698395445955901,0.022433818517984757
GARCH,ETH-USD,2026-04-26 10:00:00,0.02667824221465367,0.022339704212861113
GARCH,ETH-USD,2026-04-26 10:15:00,0.026917027819740556,0.02230045741564108
GARCH,ETH-USD,2026-04-26 10:30:00,0.026525976202147136,0.022280305854551055
GARCH,ETH-USD,2026-04-26 10:45:00,0.026329581564763383,0.022023491193665725
GARCH,ETH-USD,2026-04-26 11:00:00,0.026308455794861407,0.022021979556169143
GARCH,ETH-USD,2026-04-26 11:15:00,0.026912325422031702,0.02172629716602202
GARCH,ETH-USD,2026-04-26 11:30:00,0.026446462876230186,0.021708661122169
GARCH,ETH-USD,2026-04-26 11:45:00,0.02637643619049885,0.021778513937940388
GARCH,ETH-USD,2026-04-26 12:00:00,0.031119066478012512,0.02172799924604121
GARCH,ETH-USD,2026-04-26 12:15:00,0.028547366320452492,0.021674184457218856
GARCH,ETH-USD,2026-04-26 12:30:00,0.028799139277590837,0.02157172312623889
GARCH,ETH-USD,2026-04-26 12:45:00,0.02846282742091684,0.021376080313747627
GARCH,ETH-USD,2026-04-26 13:00:00,0.028692179378315516,0.021377141361770147
GARCH,ETH-USD,2026-04-26 13:15:00,0.027975323193091414,0.021340065219311637
GARCH,ETH-USD,2026-04-26 13:30:00,0.030622981447846087,0.021282164207903083
GARCH,ETH-USD,2026-04-26 13:45:00,0.028697028637786354,0.021156578191442413
GARCH,ETH-USD,2026-04-26 14:00:00,0.028667446647359054,0.02198255203953284
GARCH,ETH-USD,2026-04-26 14:15:00,0.050200025672171654,0.021939484312815852
GARCH,ETH-USD,2026-04-26 14:30:00,0.0407475186005095,0.02194141703022823
GARCH,ETH-USD,2026-04-26 14:45:00,0.04180918337371942,0.021930763161066274
GARCH,ETH-USD,2026-04-26 15:00:00,0.03870955590844244,0.021941745332432663
GARCH,ETH-USD,2026-04-26 15:15:00,0.03820119277129522,0.021967604834869606
GARCH,ETH-USD,2026-04-26 15:30:00,0.0371907000049745,0.02199409577123114
GARCH,ETH-USD,2026-04-26 15:45:00,0.03628757499315664,0.021831446245298803
GARCH,ETH-USD,2026-04-26 16:00:00,0.03578722827330177,0.021770692969007136
GARCH,ETH-USD,2026-04-26 16:15:00,0.034457352507087965,0.021780714916075326
GARCH,ETH-USD,2026-04-26 16:30:00,0.033523060041378054,0.021276972984703414
GARCH,ETH-USD,2026-04-26 16:45:00,0.03332338412858678,0.021246021452363612
GARCH,ETH-USD,2026-04-26 17:00:00,0.03270945491982858,0.021169386648001515
GARCH,ETH-USD,2026-04-26 17:15:00,0.03173819488662927,0.021092252961440322
GARCH,ETH-USD,2026-04-26 17:30:00,0.030893030022315075,0.02074632897228753
GARCH,ETH-USD,2026-04-26 17:45:00,0.030987155533958685,0.021591284015045925
GARCH,ETH-USD,2026-04-26 18:00:00,0.05158219892695683,0.021322394554389935
GARCH,ETH-USD,2026-04-26 18:15:00,0.0420321918467687,0.0211355691805836
GARCH,ETH-USD,2026-04-26 18:30:00,0.04292724248787922,0.021098520271471823
GARCH,ETH-USD,2026-04-26 18:45:00,0.03995028553720659,0.021157028256862553
GARCH,ETH-USD,2026-04-26 19:00:00,0.040271505608482826,0.021077219849549956
GARCH,ETH-USD,2026-04-26 19:15:00,0.03764348963543297,0.021077021141495844
GARCH,ETH-USD,2026-04-26 19:30:00,0.03643237651271835,0.02108511035666894
GARCH,ETH-USD,2026-04-26 19:45:00,0.03534594757031334,0.021055926581443337
GARCH,ETH-USD,2026-04-26 20:00:00,0.034561639027811696,0.02104914668103672
GARCH,ETH-USD,2026-04-26 20:15:00,0.033323443632464464,0.020978062761617067
GARCH,ETH-USD,2026-04-26 20:30:00,0.03225127210320202,0.020900053935596172
GARCH,ETH-USD,2026-04-26 20:45:00,0.03281440815041596,0.020931707449798533
GARCH,ETH-USD,2026-04-26 21:00:00,0.03246516064128431,0.02091606219204783
GARCH,ETH-USD,2026-04-26 21:15:00,0.031392311845651014,0.02111621372076183
GARCH,ETH-USD,2026-04-26 21:30:00,0.03838071813608075,0.021294703176862804
GARCH,ETH-USD,2026-04-26 21:45:00,0.039219105598343594,0.0213566847865759
GARCH,ETH-USD,2026-04-26 22:00:00,0.041068475694026614,0.021379982013846763
GARCH,ETH-USD,2026-04-26 22:15:00,0.038325078058222835,0.02161731519471783
GARCH,ETH-USD,2026-04-26 22:30:00,0.04326682563270015,0.021615583064125567
GARCH,ETH-USD,2026-04-26 22:45:00,0.03876439825049904,0.021612352253938007
GARCH,ETH-USD,2026-04-26 23:00:00,0.03814049596105799,0.021466574008968294
GARCH,ETH-USD,2026-04-26 23:15:00,0.0362615176949204,0.021873535645625858
GARCH,ETH-USD,2026-04-26 23:30:00,0.04731663597487639,0.021914087372353737
GARCH,ETH-USD,2026-04-26 23:45:00,0.04162860608040563,0.021706423444778297
GARCH,ETH-USD,2026-04-27 00:00:00,0.04161245845818221,0.021777114734996796
GARCH,ETH-USD,2026-04-27 00:15:00,0.04064293253245135,0.022083470937625263
GARCH,ETH-USD,2026-04-27 00:30:00,0.04735248765384869,0.023128774620787614
GARCH,ETH-USD,2026-04-27 00:45:00,0.06416394578881698,0.023131979024091944
GARCH,ETH-USD,2026-04-27 01:00:00,0.053339940861065555,0.023118674115264515
GARCH,ETH-USD,2026-04-27 01:15:00,0.054716500865497245,0.023164071893252463
GARCH,ETH-USD,2026-04-27 01:30:00,0.05105617281891096,0.023349400216240938
GARCH,ETH-USD,2026-04-27 01:45:00,0.05346940805149207,0.022806536668110014
GARCH,ETH-USD,2026-04-27 02:00:00,0.05001674144991048,0.02279738162578504
GARCH,ETH-USD,2026-04-27 02:15:00,0.04828579838762557,0.022800282793618218
GARCH,ETH-USD,2026-04-27 02:30:00,0.04542286923670414,0.022753109384901066
GARCH,ETH-USD,2026-04-27 02:45:00,0.0432437783858418,0.022741455763544673
GARCH,ETH-USD,2026-04-27 03:00:00,0.042308372536053074,0.02268722601597108
GARCH,ETH-USD,2026-04-27 03:15:00,0.04043837621593095,0.022596945497123794
GARCH,ETH-USD,2026-04-27 03:30:00,0.03900587188818702,0.022729643876814483
GARCH,ETH-USD,2026-04-27 03:45:00,0.04064694079260546,0.02275979776845244
GARCH,ETH-USD,2026-04-27 04:00:00,0.0387998742473654,0.022679237441500095
GARCH,ETH-USD,2026-04-27 04:15:00,0.03714433247914032,0.02270304865170314
GARCH,ETH-USD,2026-04-27 04:30:00,0.03731840898402781,0.022736746551502946
GARCH,ETH-USD,2026-04-27 04:45:00,0.0379154233122029,0.024074256199091985
GARCH,ETH-USD,2026-04-27 05:00:00,0.06737421776735421,0.027002736236980785
GARCH,ETH-USD,2026-04-27 05:15:00,0.10087610004362864,0.02688104018466347
GARCH,ETH-USD,2026-04-27 05:30:00,0.08465561118118403,0.026880303727217596
GARCH,ETH-USD,2026-04-27 05:45:00,0.08338533397559678,0.026762250428417
GARCH,ETH-USD,2026-04-27 06:00:00,0.0761558283500137,0.026712396029642524
GARCH,ETH-USD,2026-04-27 06:15:00,0.07236871823935348,0.026445567932662145
GARCH,ETH-USD,2026-04-27 06:30:00,0.07015101661241703,0.026460838039171545
GARCH,ETH-USD,2026-04-27 06:45:00,0.06505630536528177,0.026297440766532496
GARCH,ETH-USD,2026-04-27 07:00:00,0.06179347317523687,0.02629894174622553
GARCH,ETH-USD,2026-04-27 07:15:00,0.057909504863559814,0.02628355456062579
GARCH,ETH-USD,2026-04-27 07:30:00,0.05457885623605988,0.02632958282623529
GARCH,ETH-USD,2026-04-27 07:45:00,0.05357168186599319,0.0263105672697048
GARCH,ETH-USD,2026-04-27 08:00:00,0.04972665411739364,0.026365038427465598
GARCH,ETH-USD,2026-04-27 08:15:00,0.05043635077846292,0.026375715392063064
GARCH,ETH-USD,2026-04-27 08:30:00,0.04667784919377841,0.026447473060839787
GARCH,ETH-USD,2026-04-27 08:45:00,0.0496142262802646,0.026355815186125196
GARCH,ETH-USD,2026-04-27 09:00:00,0.04509401866128177,0.026370783868209395
GARCH,ETH-USD,2026-04-27 09:15:00,0.04400338687071828,0.026396207917672786
GARCH,ETH-USD,2026-04-27 09:30:00,0.04336910399914789,0.02638973876970249
GARCH,ETH-USD,2026-04-27 09:45:00,0.040837348222722065,0.026382848133231423
GARCH,ETH-USD,2026-04-27 10:00:00,0.03920449399181932,0.026388020974388884
GARCH,ETH-USD,2026-04-27 10:15:00,0.0376563705880741,0.026388290812573448
GARCH,ETH-USD,2026-04-27 10:30:00,0.036079589914872916,0.02638755956757353
GARCH,ETH-USD,2026-04-27 10:45:00,0.034724042836662125,0.026380018028183978
GARCH,ETH-USD,2026-04-27 11:00:00,0.03368785277304912,0.0263831725238805
GARCH,ETH-USD,2026-04-27 11:15:00,0.033796226628878975,0.026202640384000123
GARCH,ETH-USD,2026-04-27 11:30:00,0.032633158559330855,0.026181082534381672
GARCH,ETH-USD,2026-04-27 11:45:00,0.031663589752639554,0.02578368541891334
GARCH,ETH-USD,2026-04-27 12:00:00,0.030762688613453677,0.025827094291083135
GARCH,ETH-USD,2026-04-27 12:15:00,0.03202379617199659,0.025811774954138
GARCH,ETH-USD,2026-04-27 12:30:00,0.03036011436936353,0.02582393708374661
GARCH,ETH-USD,2026-04-27 12:45:00,0.030418241148447638,0.025824196498911975
GARCH,ETH-USD,2026-04-27 13:00:00,0.029375995148750476,0.02581155653402384
GARCH,ETH-USD,2026-04-27 13:15:00,0.02891921538617628,0.025784483093696898
GARCH,ETH-USD,2026-04-27 13:30:00,0.028577773583340082,0.025824026298206574
GARCH,ETH-USD,2026-04-27 13:45:00,0.03007537788141405,0.025806659447520898
GARCH,ETH-USD,2026-04-27 14:00:00,0.029223765053346628,0.02580942020859328
GARCH,ETH-USD,2026-04-27 14:15:00,0.02879416014160165,0.026412120789469133
GARCH,ETH-USD,2026-04-27 14:30:00,0.04816650026066136,0.026894004154164257
GARCH,ETH-USD,2026-04-27 14:45:00,0.05235758383755072,0.02823461028513913
GARCH,ETH-USD,2026-04-27 15:00:00,0.0763626011491929,0.029456376192396657
GARCH,ETH-USD,2026-04-27 15:15:00,0.0852264079992916,0.02960072368656092
GARCH,ETH-USD,2026-04-27 15:30:00,0.07703234020793367,0.029771500559887
GARCH,ETH-USD,2026-04-27 15:45:00,0.0767803545698692,0.029785631937580655
GARCH,ETH-USD,2026-04-27 16:00:00,0.07053206882378173,0.029792515535835413
GARCH,ETH-USD,2026-04-27 16:15:00,0.0667789462561318,0.02978442937406302
GARCH,ETH-USD,2026-04-27 16:30:00,0.062461921312214834,0.029807907801581622
GARCH,ETH-USD,2026-04-27 16:45:00,0.059383325931408666,0.02985944205086262
GARCH,ETH-USD,2026-04-27 17:00:00,0.0568185172676095,0.030009279399565637
GARCH,ETH-USD,2026-04-27 17:15:00,0.05701099260104273,0.03002427216296289
GARCH,ETH-USD,2026-04-27 17:30:00,0.05268074295639823,0.030072995638741284
GARCH,ETH-USD,2026-04-27 17:45:00,0.051606298106090284,0.030079666585853853
GARCH,ETH-USD,2026-04-27 18:00:00,0.04820596086992344,0.03008760315350728
GARCH,ETH-USD,2026-04-27 18:15:00,0.046348416019242764,0.030119502581267405
GARCH,ETH-USD,2026-04-27 18:30:00,0.04502876867454528,0.03011924963664915
GARCH,ETH-USD,2026-04-27 18:45:00,0.04238648688170298,0.030127834948368352
GARCH,ETH-USD,2026-04-27 19:00:00,0.040803403354610836,0.030469792534745455
GARCH,ETH-USD,2026-04-27 19:15:00,0.05043946777840123,0.030622209429190132
GARCH,ETH-USD,2026-04-27 19:30:00,0.04818504856458745,0.030644561536537798
GARCH,ETH-USD,2026-04-27 19:45:00,0.046095649017356057,0.030637895714523068
GARCH,ETH-USD,2026-04-27 20:00:00,0.043923119167381786,0.030648140554005665
GARCH,ETH-USD,2026-04-27 20:15:00,0.04203303082259855,0.030646786448613485
GARCH,ETH-USD,2026-04-27 20:30:00,0.03999303540438738,0.030646483305176817
GARCH,ETH-USD,2026-04-27 20:45:00,0.03835571085942808,0.030659906221517187
GARCH,ETH-USD,2026-04-27 21:00:00,0.037342002064540844,0.030655403302014925
GARCH,ETH-USD,2026-04-27 21:15:00,0.03565487772266887,0.030658270643880235
GARCH,ETH-USD,2026-04-27 21:30:00,0.034554569626040095,0.030695688840199957
GARCH,ETH-USD,2026-04-27 21:45:00,0.03498744332540624,0.030703181546609688
GARCH,ETH-USD,2026-04-27 22:00:00,0.03351276224758372,0.030727334047325736
GARCH,ETH-USD,2026-04-27 22:15:00,0.03366316513806929,0.03073377665321437
GARCH,ETH-USD,2026-04-27 22:30:00,0.032382354010990384,0.030735373067727202
GARCH,ETH-USD,2026-04-27 22:45:00,0.03154424772992076,0.030752920450033614
GARCH,ETH-USD,2026-04-27 23:00:00,0.0317948545412834,0.030760787658681187
GARCH,ETH-USD,2026-04-27 23:15:00,0.030836265837552,0.03089064601941864
GARCH,ETH-USD,2026-04-27 23:30:00,0.035917633131820934,0.03094453362850498
GARCH,ETH-USD,2026-04-27 23:45:00,0.03466465068595568,0.0309446056446922
GARCH,ETH-USD,2026-04-28 00:00:00,0.033402342671150394,0.030979764958479813
GARCH,ETH-USD,2026-04-28 00:15:00,0.03468172719877518,0.031097446482972243
GARCH,ETH-USD,2026-04-28 00:30:00,0.03987180686863812,0.03107826491530855
GARCH,ETH-USD,2026-04-28 00:45:00,0.03568316959897009,0.031077972258781394
GARCH,ETH-USD,2026-04-28 01:00:00,0.03536444402061922,0.031084859178738492
GARCH,ETH-USD,2026-04-28 01:15:00,0.03423235008681572,0.031182134995432004
GARCH,ETH-USD,2026-04-28 01:30:00,0.03732120038718462,0.031183855494661173
GARCH,ETH-USD,2026-04-28 01:45:00,0.03427572105134902,0.031156066193846806
GARCH,ETH-USD,2026-04-28 02:00:00,0.03373187570442408,0.031212872207776046
GARCH,ETH-USD,2026-04-28 02:15:00,0.0355323485941332,0.031618935869686574
GARCH,ETH-USD,2026-04-28 02:30:00,0.04893806235227323,0.03176984958030778
GARCH,ETH-USD,2026-04-28 02:45:00,0.04621148124031905,0.03179943551393521
GARCH,ETH-USD,2026-04-28 03:00:00,0.04538051281295473,0.031795711150840136
GARCH,ETH-USD,2026-04-28 03:15:00,0.04247319715251968,0.031802549046631545
GARCH,ETH-USD,2026-04-28 03:30:00,0.04100443177855097,0.03186048603749919
GARCH,ETH-USD,2026-04-28 03:45:00,0.041040789338080336,0.031828587984991503
GARCH,ETH-USD,2026-04-28 04:00:00,0.038609821662157234,0.03192080813319007
GARCH,ETH-USD,2026-04-28 04:15:00,0.040987482070420016,0.031933645528726934
GARCH,ETH-USD,2026-04-28 04:30:00,0.03807712559684891,0.03193158024019912
GARCH,ETH-USD,2026-04-28 04:45:00,0.03691348991158242,0.031921385873948216
GARCH,ETH-USD,2026-04-28 05:00:00,0.03540447167595568,0.03201337887659908
GARCH,ETH-USD,2026-04-28 05:15:00,0.037951462325508625,0.032133059003842605
GARCH,ETH-USD,2026-04-28 05:30:00,0.04002475906094389,0.03212988180553221
GARCH,ETH-USD,2026-04-28 05:45:00,0.036839520841534336,0.0321371969096207
GARCH,ETH-USD,2026-04-28 06:00:00,0.03626675308677191,0.03217074295597213
GARCH,ETH-USD,2026-04-28 06:15:00,0.03645716979720452,0.0326690931110319
GARCH,ETH-USD,2026-04-28 06:30:00,0.052849166828657174,0.032539064422987624
GARCH,ETH-USD,2026-04-28 06:45:00,0.04590946706983137,0.03255422941418504
GARCH,ETH-USD,2026-04-28 07:00:00,0.046300077850649976,0.032591217026724136
GARCH,ETH-USD,2026-04-28 07:15:00,0.04426062163665664,0.03266277679700235
GARCH,ETH-USD,2026-04-28 07:30:00,0.04444309996256394,0.032723710696453606
GARCH,ETH-USD,2026-04-28 07:45:00,0.04366179863270982,0.03272247364014654
GARCH,ETH-USD,2026-04-28 08:00:00,0.0410413890347507,0.03277266590308482
GARCH,ETH-USD,2026-04-28 08:15:00,0.04129631889447527,0.032830873310990674
GARCH,ETH-USD,2026-04-28 08:30:00,0.041501870021510005,0.032827185553708185
GARCH,ETH-USD,2026-04-28 08:45:00,0.03902920294731787,0.03282050346439211
GARCH,ETH-USD,2026-04-28 09:00:00,0.03756662396813151,0.03281806053758124
GARCH,ETH-USD,2026-04-28 09:15:00,0.03607049487629549,0.03291055323010313
GARCH,ETH-USD,2026-04-28 09:30:00,0.038830703482036835,0.03291083375893353
GARCH,ETH-USD,2026-04-28 09:45:00,0.03560218676702348,0.03291087435410733
GARCH,ETH-USD,2026-04-28 10:00:00,0.03491236073092585,0.03289932507024274
GARCH,ETH-USD,2026-04-28 10:15:00,0.03349837818511246,0.032914973820873245
GARCH,ETH-USD,2026-04-28 10:30:00,0.03354323901028722,0.03289439869327266
GARCH,ETH-USD,2026-04-28 10:45:00,0.032138271355739385,0.03302125504992159
GARCH,ETH-USD,2026-04-28 11:00:00,0.037437882907690276,0.033017341778354026
GARCH,ETH-USD,2026-04-28 11:15:00,0.03375842439233285,0.03302803870823376
GARCH,ETH-USD,2026-04-28 11:30:00,0.03408736507280464,0.03301531015273
GARCH,ETH-USD,2026-04-28 11:45:00,0.03240732286572136,0.03300337930010525
GARCH,ETH-USD,2026-04-28 12:00:00,0.032559374233431984,0.0330466164488333
GARCH,ETH-USD,2026-04-28 12:15:00,0.03347992971318059,0.033087570064109895
GARCH,ETH-USD,2026-04-28 12:30:00,0.03379560545226413,0.0330825303086347
GARCH,ETH-USD,2026-04-28 12:45:00,0.03215818128533664,0.03341174787469282
GARCH,ETH-USD,2026-04-28 13:00:00,0.045616678604942576,0.033461082803528504
GARCH,ETH-USD,2026-04-28 13:15:00,0.04005377659028412,0.033571768160696236
GARCH,ETH-USD,2026-04-28 13:30:00,0.04428061309463031,0.0335725363011708
GARCH,ETH-USD,2026-04-28 13:45:00,0.03991201697996223,0.033607070994222846
GARCH,ETH-USD,2026-04-28 14:00:00,0.040741671594875545,0.03371307330855366
GARCH,ETH-USD,2026-04-28 14:15:00,0.04249502515194699,0.033796241881077355
GARCH,ETH-USD,2026-04-28 14:30:00,0.042189722173178006,0.033802569580919234
GARCH,ETH-USD,2026-04-28 14:45:00,0.03979015903199976,0.03378962021325408
GARCH,ETH-USD,2026-04-28 15:00:00,0.03823652055145503,0.03378314838670319
GARCH,ETH-USD,2026-04-28 15:15:00,0.036567931213067555,0.033766738732827706
GARCH,ETH-USD,2026-04-28 15:30:00,0.03516877897906886,0.03387530041899792
GARCH,ETH-USD,2026-04-28 15:45:00,0.039025098412547934,0.03387813326972968
GARCH,ETH-USD,2026-04-28 16:00:00,0.03555088910870933,0.03387814415566679
GARCH,ETH-USD,2026-04-28 16:15:00,0.03511177230035184,0.03389516811018136
GARCH,ETH-USD,2026-04-28 16:30:00,0.03442195441776997,0.03425825923296544
GARCH,ETH-USD,2026-04-28 16:45:00,0.04777733986470183,0.034264018777361856
GARCH,ETH-USD,2026-04-28 17:00:00,0.04215987370735655,0.03429666120056275
GARCH,ETH-USD,2026-04-28 17:15:00,0.0426290014122788,0.034408617001080305
GARCH,ETH-USD,2026-04-28 17:30:00,0.04425218328622791,0.03441044486636703
GARCH,ETH-USD,2026-04-28 17:45:00,0.04074380251597512,0.03441416913553572
GARCH,ETH-USD,2026-04-28 18:00:00,0.039757904627637175,0.03447179115461707
GARCH,ETH-USD,2026-04-28 18:15:00,0.041405937299544025,0.03448661739494023
GARCH,ETH-USD,2026-04-28 18:30:00,0.03996789157761337,0.034603657050819865
GARCH,ETH-USD,2026-04-28 18:45:00,0.04277005753220538,0.034654513548993585
GARCH,ETH-USD,2026-04-28 19:00:00,0.04144594465866356,0.03465481700075816
GARCH,ETH-USD,2026-04-28 19:15:00,0.0392557901546951,0.03478713728373599
GARCH,ETH-USD,2026-04-28 19:30:00,0.04349621217250167,0.03474546185389718
GARCH,ETH-USD,2026-04-28 19:45:00,0.03971215129081435,0.034423439999596524
GARCH,ETH-USD,2026-04-28 20:00:00,0.038860918940269426,0.034434450014430525
GARCH,ETH-USD,2026-04-28 20:15:00,0.03814291741147889,0.034430859873727
GARCH,ETH-USD,2026-04-28 20:30:00,0.036350427189940096,0.03442845251760818
GARCH,ETH-USD,2026-04-28 20:45:00,0.03504474744927224,0.03445054000119372
GARCH,ETH-USD,2026-04-28 21:00:00,0.03579776240928895,0.034480229138501364
GARCH,ETH-USD,2026-04-28 21:15:00,0.0352788645435708,0.03446425357224495
GARCH,ETH-USD,2026-04-28 21:30:00,0.03367309024479019,0.03447892765140441
GARCH,ETH-USD,2026-04-28 21:45:00,0.033680501959002254,0.034478516548765686
GARCH,ETH-USD,2026-04-28 22:00:00,0.03211940609283251,0.03447879569110653
GARCH,ETH-USD,2026-04-28 22:15:00,0.03147750006566894,0.034483421168423005
GARCH,ETH-USD,2026-04-28 22:30:00,0.031052479954198915,0.034461181411088164
GARCH,ETH-USD,2026-04-28 22:45:00,0.0301701077831706,0.03446638754159626
GARCH,ETH-USD,2026-04-28 23:00:00,0.030011990846383316,0.034475229010577764
GARCH,ETH-USD,2026-04-28 23:15:00,0.029806253908734832,0.0344784453295579
GARCH,ETH-USD,2026-04-28 23:30:00,0.029071413433875384,0.034495007627727364
GARCH,ETH-USD,2026-04-28 23:45:00,0.029404527105322358,0.03449406760887102
GARCH,ETH-USD,2026-04-29 00:00:00,0.028575121947257802,0.034498396131301186
GARCH,ETH-USD,2026-04-29 00:15:00,0.028666344017140688,0.034507819997548934
GARCH,ETH-USD,2026-04-29 00:30:00,0.028724560221352502,0.034536564562222725
GARCH,ETH-USD,2026-04-29 00:45:00,0.02963420410292043,0.03470409532208784
GARCH,ETH-USD,2026-04-29 01:00:00,0.037411382641727,0.03470851685426029
GARCH,ETH-USD,2026-04-29 01:15:00,0.03346138066285412,0.03477120469751464
GARCH,ETH-USD,2026-04-29 01:30:00,0.03618992603968715,0.03487274256217958
GARCH,ETH-USD,2026-04-29 01:45:00,0.03791790220158803,0.03486824840485422
GARCH,ETH-USD,2026-04-29 02:00:00,0.03514746729683529,0.034881457001347996
GARCH,ETH-USD,2026-04-29 02:15:00,0.035952172481406176,0.03489952666665198
GARCH,ETH-USD,2026-04-29 02:30:00,0.034894999307864494,0.03491130537570931
GARCH,ETH-USD,2026-04-29 02:45:00,0.03414340569517979,0.034857722821333245
GARCH,ETH-USD,2026-04-29 03:00:00,0.0339905517782159,0.03510642389893251
GARCH,ETH-USD,2026-04-29 03:15:00,0.04333662825755728,0.03556997897643687
GARCH,ETH-USD,2026-04-29 03:30:00,0.054402487905345395,0.0355769340243887
GARCH,ETH-USD,2026-04-29 03:45:00,0.046946589987787474,0.03556927692427136
GARCH,ETH-USD,2026-04-29 04:00:00,0.04658318472723793,0.035624493371680055
GARCH,ETH-USD,2026-04-29 04:15:00,0.045474663691039904,0.03663955161218906
GARCH,ETH-USD,2026-04-29 04:30:00,0.07438261652016534,0.03679341133860909
GARCH,ETH-USD,2026-04-29 04:45:00,0.0632040882323508,0.036797331130665335
GARCH,ETH-USD,2026-04-29 05:00:00,0.062173015558215736,0.03630554164842488
GARCH,ETH-USD,2026-04-29 05:15:00,0.05741364330685472,0.036288785089023286
GARCH,ETH-USD,2026-04-29 05:30:00,0.054500888158872426,0.036306339099347676
GARCH,ETH-USD,2026-04-29 05:45:00,0.051832117446605985,0.03631699940345235
GARCH,ETH-USD,2026-04-29 06:00:00,0.04912541968107161,0.03631019994314875
GARCH,ETH-USD,2026-04-29 06:15:00,0.046770635781553584,0.03631236163715932
GARCH,ETH-USD,2026-04-29 06:30:00,0.04516851353944698,0.03629853237159276
GARCH,ETH-USD,2026-04-29 06:45:00,0.042759754022024435,0.03628701692653782
GARCH,ETH-USD,2026-04-29 07:00:00,0.04115197327282772,0.036303458919133606
GARCH,ETH-USD,2026-04-29 07:15:00,0.040229620512918354,0.03633645420621749
GARCH,ETH-USD,2026-04-29 07:30:00,0.039668648684555705,0.03634551409967865
GARCH,ETH-USD,2026-04-29 07:45:00,0.03873162713805847,0.036331806307575966
GARCH,ETH-USD,2026-04-29 08:00:00,0.03685619446330619,0.03633916754884992
GARCH,ETH-USD,2026-04-29 08:15:00,0.0360292695540631,0.03634123652262269
GARCH,ETH-USD,2026-04-29 08:30:00,0.03462302749999397,0.03632458329637946
GARCH,ETH-USD,2026-04-29 08:45:00,0.03343372495912788,0.03581613619558397
GARCH,ETH-USD,2026-04-29 09:00:00,0.03271202265492246,0.035801585131036914
GARCH,ETH-USD,2026-04-29 09:15:00,0.03160080499293716,0.03582358314326675
GARCH,ETH-USD,2026-04-29 09:30:00,0.03193645811667304,0.03603918120142423
GARCH,ETH-USD,2026-04-29 09:45:00,0.04104093927701255,0.03605040630115338
GARCH,ETH-USD,2026-04-29 10:00:00,0.0378412601520125,0.036059083038511165
GARCH,ETH-USD,2026-04-29 10:15:00,0.037188697949734534,0.03653498105217388
GARCH,ETH-USD,2026-04-29 10:30:00,0.054276476632662635,0.03652719996193895
GARCH,ETH-USD,2026-04-29 10:45:00,0.04458592133160563,0.03651732025664507
GARCH,ETH-USD,2026-04-29 11:00:00,0.045149540524107794,0.03655111226749629
GARCH,ETH-USD,2026-04-29 11:15:00,0.04346771531299471,0.036552400775993234
GARCH,ETH-USD,2026-04-29 11:30:00,0.041152288347902084,0.03653224965073761
GARCH,ETH-USD,2026-04-29 11:45:00,0.03953435811425204,0.03674505488897056
GARCH,ETH-USD,2026-04-29 12:00:00,0.04786438871583795,0.03688945218261406
GARCH,ETH-USD,2026-04-29 12:15:00,0.047694337356535464,0.03674561401225708
GARCH,ETH-USD,2026-04-29 12:30:00,0.0442654596255843,0.0366453473545648
GARCH,ETH-USD,2026-04-29 12:45:00,0.043045240251074535,0.0365428414292911
GARCH,ETH-USD,2026-04-29 13:00:00,0.04077630455225876,0.03668724034018529
GARCH,ETH-USD,2026-04-29 13:15:00,0.045794203153972896,0.03697921679970435
GARCH,ETH-USD,2026-04-29 13:30:00,0.056848242158468947,0.037195028748914484
GARCH,ETH-USD,2026-04-29 13:45:00,0.05564977992006967,0.037277246411641034
GARCH,ETH-USD,2026-04-29 14:00:00,0.05463072776526549,0.03743288467881411
GARCH,ETH-USD,2026-04-29 14:15:00,0.055709924953437594,0.037170784886561586
GARCH,ETH-USD,2026-04-29 14:30:00,0.05215743265140958,0.037149909050723066
GARCH,ETH-USD,2026-04-29 14:45:00,0.049672105976859775,0.037587674600508346
GARCH,ETH-USD,2026-04-29 15:00:00,0.06233644999053339,0.03762932174689981
GARCH,ETH-USD,2026-04-29 15:15:00,0.05500414363451577,0.03812895338456323
GARCH,ETH-USD,2026-04-29 15:30:00,0.07485991253013972,0.037444002921357744
GARCH,ETH-USD,2026-04-29 15:45:00,0.061748618249308905,0.03750966140213388
GARCH,ETH-USD,2026-04-29 16:00:00,0.06316992861877156,0.03749077502291792
GARCH,ETH-USD,2026-04-29 16:15:00,0.058002581413173486,0.03754541111824467
GARCH,ETH-USD,2026-04-29 16:30:00,0.05869152499303511,0.03738517063479805
GARCH,ETH-USD,2026-04-29 16:45:00,0.05360191630320954,0.03736261837547656
GARCH,ETH-USD,2026-04-29 17:00:00,0.051470170473847165,0.0373469141529752
GARCH,ETH-USD,2026-04-29 17:15:00,0.04857621945351291,0.03743400053137438
GARCH,ETH-USD,2026-04-29 17:30:00,0.048829972611359726,0.03757456359134041
GARCH,ETH-USD,2026-04-29 17:45:00,0.04985936584533106,0.04167345436448838
GARCH,ETH-USD,2026-04-29 18:00:00,0.13540865125453272,0.041843675701737935
GARCH,ETH-USD,2026-04-29 18:15:00,0.10289008240087048,0.041940837976390026
GARCH,ETH-USD,2026-04-29 18:30:00,0.10843798980331837,0.042461752274014754
GARCH,ETH-USD,2026-04-29 18:45:00,0.10662828233466394,0.04244679906132555
GARCH,ETH-USD,2026-04-29 19:00:00,0.09714543595957731,0.042465006184334
GARCH,ETH-USD,2026-04-29 19:15:00,0.09210755079272814,0.04253400557247332
GARCH,ETH-USD,2026-04-29 19:30:00,0.08787554282769292,0.04259058880478335
GARCH,ETH-USD,2026-04-29 19:45:00,0.08316118585710537,0.04184553777347048
GARCH,ETH-USD,2026-04-29 20:00:00,0.07766835002579495,0.04025361399413842
GARCH,ETH-USD,2026-04-29 20:15:00,0.07781722077128288,0.040186837972862835
GARCH,ETH-USD,2026-04-29 20:30:00,0.0730075530851222,0.040232312002531405
GARCH,ETH-USD,2026-04-29 20:45:00,0.07009102445738725,0.04035445837496623
GARCH,ETH-USD,2026-04-29 21:00:00,0.06822918189133813,0.040335709019644624
GARCH,ETH-USD,2026-04-29 21:15:00,0.06292264664809864,0.04029255634181937
GARCH,ETH-USD,2026-04-29 21:30:00,0.060881629811375154,0.04028754158829282
GARCH,ETH-USD,2026-04-29 21:45:00,0.05669153488701812,0.040291859660326654
GARCH,ETH-USD,2026-04-29 22:00:00,0.05407917589885802,0.040302214512201055
GARCH,ETH-USD,2026-04-29 22:15:00,0.05150380982932958,0.040387330316552415
GARCH,ETH-USD,2026-04-29 22:30:00,0.05153843439906174,0.04033505209169585
GARCH,ETH-USD,2026-04-29 22:45:00,0.04754421754065362,0.040343239782096425
GARCH,ETH-USD,2026-04-29 23:00:00,0.045846244730702916,0.04036969149131602
GARCH,ETH-USD,2026-04-29 23:15:00,0.04767857700621534,0.040392642244676924
GARCH,ETH-USD,2026-04-29 23:30:00,0.04483326106638469,0.04029606345747606
GARCH,ETH-USD,2026-04-29 23:45:00,0.04433366647452519,0.04028940836464043
GARCH,ETH-USD,2026-04-30 00:00:00,0.041472029920698726,0.040285705313946034
GARCH,ETH-USD,2026-04-30 00:15:00,0.039923622056872096,0.040526725438863084
GARCH,ETH-USD,2026-04-30 00:30:00,0.05025625210787799,0.04068088467047962
GARCH,ETH-USD,2026-04-30 00:45:00,0.049315459703774434,0.040701806333110935
GARCH,ETH-USD,2026-04-30 01:00:00,0.04697555262098523,0.04079503797369882
GARCH,ETH-USD,2026-04-30 01:15:00,0.0482673852497294,0.04080257664430168
GARCH,ETH-USD,2026-04-30 01:30:00,0.044645938767781355,0.04083524021310633
GARCH,ETH-USD,2026-04-30 01:45:00,0.044502885483052534,0.04083440741236196
GARCH,ETH-USD,2026-04-30 02:00:00,0.04150746787989617,0.04088483658541696
GARCH,ETH-USD,2026-04-30 02:15:00,0.04373581536081839,0.04211082207649593
GARCH,ETH-USD,2026-04-30 02:30:00,0.08158957783938045,0.042136362242894354
GARCH,ETH-USD,2026-04-30 02:45:00,0.06341100554122665,0.04214805066626782
GARCH,ETH-USD,2026-04-30 03:00:00,0.06530314803920664,0.04216555719917859
GARCH,ETH-USD,2026-04-30 03:15:00,0.06030321080778044,0.04220319964035438
GARCH,ETH-USD,2026-04-30 03:30:00,0.05826138399138492,0.04219868217236133
GARCH,ETH-USD,2026-04-30 03:45:00,0.05426432204255635,0.04220948255751663
GARCH,ETH-USD,2026-04-30 04:00:00,0.051957336538849076,0.042249917481403276
GARCH,ETH-USD,2026-04-30 04:15:00,0.05069231709238783,0.0424362558893673
GARCH,ETH-USD,2026-04-30 04:30:00,0.055435540743614106,0.04242154141115005
GARCH,ETH-USD,2026-04-30 04:45:00,0.049625223292917506,0.042475363338769445
GARCH,ETH-USD,2026-04-30 05:00:00,0.05045437194675771,0.04258922888163464
GARCH,ETH-USD,2026-04-30 05:15:00,0.051532457966923996,0.0423684227936097
GARCH,ETH-USD,2026-04-30 05:30:00,0.053570059837503854,0.04208752909166706
GARCH,ETH-USD,2026-04-30 05:45:00,0.04902070850234075,0.041214482507454436
GARCH,ETH-USD,2026-04-30 06:00:00,0.04726696190449313,0.04037198026861825
GARCH,ETH-USD,2026-04-30 06:15:00,0.04517033769030391,0.040262004733387154
GARCH,ETH-USD,2026-04-30 06:30:00,0.04292993103249608,0.040140641109412
GARCH,ETH-USD,2026-04-30 06:45:00,0.041518020706492624,0.04012666136805443
GARCH,ETH-USD,2026-04-30 07:00:00,0.039768234917073035,0.04014823893152613
GARCH,ETH-USD,2026-04-30 07:15:00,0.03922132361717587,0.04021766547500248
GARCH,ETH-USD,2026-04-30 07:30:00,0.040588744553641025,0.040207831608045294
GARCH,ETH-USD,2026-04-30 07:45:00,0.03808105774959994,0.04017064978177948
GARCH,ETH-USD,2026-04-30 08:00:00,0.03682576461945537,0.04006208717372359
GARCH,ETH-USD,2026-04-30 08:15:00,0.0356001564912247,0.040065589301183896
GARCH,ETH-USD,2026-04-30 08:30:00,0.03498071533177784,0.040058816035053235
GARCH,ETH-USD,2026-04-30 08:45:00,0.03523746495155224,0.04006463562648076
GARCH,ETH-USD,2026-04-30 09:00:00,0.03397865145522779,0.04013635052621568
GARCH,ETH-USD,2026-04-30 09:15:00,0.03720447646440004,0.040110667837170426
GARCH,ETH-USD,2026-04-30 09:30:00,0.03446329027935473,0.04011101603026379
GARCH,ETH-USD,2026-04-30 09:45:00,0.033839034956330935,0.04010506227795075
GARCH,ETH-USD,2026-04-30 10:00:00,0.032536294023669685,0.039895445373695285
GARCH,ETH-USD,2026-04-30 10:15:00,0.03489237119217407,0.039830677032004734
GARCH,ETH-USD,2026-04-30 10:30:00,0.035242839129949396,0.03981453167711627
GARCH,ETH-USD,2026-04-30 10:45:00,0.03337308901280294,0.03989920575283942
GARCH,ETH-USD,2026-04-30 11:00:00,0.03753098121104556,0.03989263113622914
GARCH,ETH-USD,2026-04-30 11:15:00,0.034132137565928256,0.04006555431052805
GARCH,ETH-USD,2026-04-30 11:30:00,0.04274374404131406,0.04006391830126843
GARCH,ETH-USD,2026-04-30 11:45:00,0.03707072394486051,0.040072035810122614
GARCH,ETH-USD,2026-04-30 12:00:00,0.037982156697498604,0.04016548704463406
GARCH,ETH-USD,2026-04-30 12:15:00,0.04017946216563992,0.04018366614601081
GARCH,ETH-USD,2026-04-30 12:30:00,0.038114435777844805,0.040158918670798266
GARCH,ETH-USD,2026-04-30 12:45:00,0.03681859944548862,0.040154761070664416
GARCH,ETH-USD,2026-04-30 13:00:00,0.03550568671009998,0.040181459568631075
GARCH,ETH-USD,2026-04-30 13:15:00,0.03691228986310881,0.040562008600271995
GARCH,ETH-USD,2026-04-30 13:30:00,0.05163723598078758,0.04070910658466493
GARCH,ETH-USD,2026-04-30 13:45:00,0.04939883357211787,0.0406989461637318
GARCH,ETH-USD,2026-04-30 14:00:00,0.046820949130081696,0.040719612230184096
GARCH,ETH-USD,2026-04-30 14:15:00,0.04566413759850247,0.04063330597557881
GARCH,ETH-USD,2026-04-30 14:30:00,0.04350497377817083,0.040596159371875266
GARCH,ETH-USD,2026-04-30 14:45:00,0.04153474959399569,0.04063264418626049
GARCH,ETH-USD,2026-04-30 15:00:00,0.04119600233885255,0.04060377614668195
GARCH,ETH-USD,2026-04-30 15:15:00,0.03904232803323897,0.04048147884206001
GARCH,ETH-USD,2026-04-30 15:30:00,0.038530842128464776,0.040485060716889405
GARCH,ETH-USD,2026-04-30 15:45:00,0.03658236676954163,0.04048404419979319
GARCH,ETH-USD,2026-04-30 16:00:00,0.03530162123338528,0.04050037790728823
GARCH,ETH-USD,2026-04-30 16:15:00,0.0354878136420058,0.04043605910132894
GARCH,ETH-USD,2026-04-30 16:30:00,0.034210030202806885,0.04045720184266895
GARCH,ETH-USD,2026-04-30 16:45:00,0.034453529474990786,0.04046098170838557
GARCH,ETH-USD,2026-04-30 17:00:00,0.032994514016202035,0.040410072786801574
GARCH,ETH-USD,2026-04-30 17:15:00,0.03210965981847184,0.04008452123334374
GARCH,ETH-USD,2026-04-30 17:30:00,0.031146499668644446,0.03998448037678162
GARCH,ETH-USD,2026-04-30 17:45:00,0.031605487507206584,0.03996215632762234
GARCH,ETH-USD,2026-04-30 18:00:00,0.030936596749553152,0.039962181372083766
GARCH,ETH-USD,2026-04-30 18:15:00,0.030049538520891254,0.04003339641255306
GARCH,ETH-USD,2026-04-30 18:30:00,0.03398687649572346,0.039988146347808874
GARCH,ETH-USD,2026-04-30 18:45:00,0.031175714941064404,0.04001260604824788
GARCH,ETH-USD,2026-04-30 19:00:00,0.03266174209226551,0.039949623386937125
GARCH,ETH-USD,2026-04-30 19:15:00,0.03138641399019523,0.039938796197399117
GARCH,ETH-USD,2026-04-30 19:30:00,0.030664889332693415,0.03995552736771236
GARCH,ETH-USD,2026-04-30 19:45:00,0.030992229243411135,0.03995868200916014
GARCH,ETH-USD,2026-04-30 20:00:00,0.030079257297756005,0.03989146221695473
GARCH,ETH-USD,2026-04-30 20:15:00,0.02982648978715465,0.039797192829859995
GARCH,ETH-USD,2026-04-30 20:30:00,0.02914848691191478,0.03979725731631561
GARCH,ETH-USD,2026-04-30 20:45:00,0.028572257215360723,0.0397904731452923
GARCH,ETH-USD,2026-04-30 21:00:00,0.028035959289274173,0.03987225944296293
GARCH,ETH-USD,2026-04-30 21:15:00,0.03492378312408923,0.03947679770125677
GARCH,ETH-USD,2026-04-30 21:30:00,0.03200028188508577,0.03945771701204499
GARCH,ETH-USD,2026-04-30 21:45:00,0.034119083085719405,0.03945949132083151
GARCH,ETH-USD,2026-04-30 22:00:00,0.03328698445828107,0.039431847239085355
GARCH,ETH-USD,2026-04-30 22:15:00,0.032409610378730455,0.03939990705128766
GARCH,ETH-USD,2026-04-30 22:30:00,0.03304139291367779,0.0393658924350151
GARCH,ETH-USD,2026-04-30 22:45:00,0.032750984745398046,0.03937312023376504
GARCH,ETH-USD,2026-04-30 23:00:00,0.03187773320378528,0.03933089256007018
GARCH,ETH-USD,2026-04-30 23:15:00,0.030971522701496744,0.03927973481871551
GARCH,ETH-USD,2026-04-30 23:30:00,0.030584463125502646,0.03927365674859878
GARCH,ETH-USD,2026-04-30 23:45:00,0.029716012554240525,0.03933542182798942
GARCH,ETH-USD,2026-05-01 00:00:00,0.0327226993554316,0.039332582717464155
GARCH,ETH-USD,2026-05-01 00:15:00,0.0303181085826835,0.03926070162746388
GARCH,ETH-USD,2026-05-01 00:30:00,0.030456238014343235,0.03929105272665475
GARCH,ETH-USD,2026-05-01 00:45:00,0.031376518424917954,0.03932180339708308
GARCH,ETH-USD,2026-05-01 01:00:00,0.031683290125308294,0.039322364030957374
GARCH,ETH-USD,2026-05-01 01:15:00,0.03051449067797028,0.03933197077927833
GARCH,ETH-USD,2026-05-01 01:30:00,0.031601134277649705,0.03933847909309493
GARCH,ETH-USD,2026-05-01 01:45:00,0.03050151347699006,0.039230662556958715
GARCH,ETH-USD,2026-05-01 02:00:00,0.029914141255616592,0.03922744251454201
GARCH,ETH-USD,2026-05-01 02:15:00,0.029159800917993525,0.039217473623474344
GARCH,ETH-USD,2026-05-01 02:30:00,0.028597273427469903,0.039217614541351455
GARCH,ETH-USD,2026-05-01 02:45:00,0.028123178534574373,0.039216611371735245
GARCH,ETH-USD,2026-05-01 03:00:00,0.0286202903042943,0.03976416470038926
GARCH,ETH-USD,2026-05-01 03:15:00,0.05489104646127771,0.039731109026303627
GARCH,ETH-USD,2026-05-01 03:30:00,0.042877928360828044,0.03973346663707979
GARCH,ETH-USD,2026-05-01 03:45:00,0.044696867672779174,0.03944580837441454
GARCH,ETH-USD,2026-05-01 04:00:00,0.04095885102893352,0.03943548882231864
GARCH,ETH-USD,2026-05-01 04:15:00,0.04101569568056086,0.039336703372108754
GARCH,ETH-USD,2026-05-01 04:30:00,0.038564708358594525,0.03933562487096057
GARCH,ETH-USD,2026-05-01 04:45:00,0.03725417390611102,0.03934365721989814
GARCH,ETH-USD,2026-05-01 05:00:00,0.03795760854487729,0.039257013989121105
GARCH,ETH-USD,2026-05-01 05:15:00,0.036168271522726524,0.03919952254223124
GARCH,ETH-USD,2026-05-01 05:30:00,0.03533127476511084,0.0391952145879797
GARCH,ETH-USD,2026-05-01 05:45:00,0.03386977651922596,0.03920227178638092
GARCH,ETH-USD,2026-05-01 06:00:00,0.03325995600858136,0.03920324468922799
GARCH,ETH-USD,2026-05-01 06:15:00,0.03204646729693166,0.03923947543434605
GARCH,ETH-USD,2026-05-01 06:30:00,0.033264287821671894,0.03916186877279755
GARCH,ETH-USD,2026-05-01 06:45:00,0.03260238456062826,0.03915864858995247
GARCH,ETH-USD,2026-05-01 07:00:00,0.0314398449299526,0.03918106481725783
GARCH,ETH-USD,2026-05-01 07:15:00,0.03217312516426277,0.03916851801133825
GARCH,ETH-USD,2026-05-01 07:30:00,0.03085002407219555,0.03889378078145433
GARCH,ETH-USD,2026-05-01 07:45:00,0.03272130655841437,0.03890528996404911
GARCH,ETH-USD,2026-05-01 08:00:00,0.034095396863150676,0.03888772419671017
GARCH,ETH-USD,2026-05-01 08:15:00,0.032530974489095935,0.03878551406883355
GARCH,ETH-USD,2026-05-01 08:30:00,0.03178496211367915,0.03878950803845079
GARCH,ETH-USD,2026-05-01 08:45:00,0.031159177848223925,0.038785821693663194
GARCH,ETH-USD,2026-05-01 09:00:00,0.030418455174012312,0.03871218290125553
GARCH,ETH-USD,2026-05-01 09:15:00,0.030030060300300886,0.03867510154202504
GARCH,ETH-USD,2026-05-01 09:30:00,0.029187822541590403,0.03858108392234887
GARCH,ETH-USD,2026-05-01 09:45:00,0.029340562745565495,0.038553841522313094
GARCH,ETH-USD,2026-05-01 10:00:00,0.030101371635759332,0.03861002588192935
GARCH,ETH-USD,2026-05-01 10:15:00,0.032243904295898976,0.038501757772126007
GARCH,ETH-USD,2026-05-01 10:30:00,0.0314881443586322,0.03849831183689514
GARCH,ETH-USD,2026-05-01 10:45:00,0.03112673697186006,0.038498375958892425
GARCH,ETH-USD,2026-05-01 11:00:00,0.030330896351595582,0.038475047387400166
GARCH,ETH-USD,2026-05-01 11:15:00,0.029687625016194708,0.03848666008637575
GARCH,ETH-USD,2026-05-01 11:30:00,0.029888581504356512,0.038486824852780835
GARCH,ETH-USD,2026-05-01 11:45:00,0.02890355197415808,0.038467057595550656
GARCH,ETH-USD,2026-05-01 12:00:00,0.029607708821788002,0.039068931640460776
GARCH,ETH-USD,2026-05-01 12:15:00,0.056474558583371026,0.03907051542324807
GARCH,ETH-USD,2026-05-01 12:30:00,0.04401212617218304,0.039076549664238514
GARCH,ETH-USD,2026-05-01 12:45:00,0.04663653156134372,0.03933658646492069
GARCH,ETH-USD,2026-05-01 13:00:00,0.05284185110645208,0.0393748464801473
GARCH,ETH-USD,2026-05-01 13:15:00,0.04813204227183928,0.039366941632606046
GARCH,ETH-USD,2026-05-01 13:30:00,0.04638716915335309,0.03959753315610467
GARCH,ETH-USD,2026-05-01 13:45:00,0.05306788157616992,0.039595083507185276
GARCH,ETH-USD,2026-05-01 14:00:00,0.046831709014044355,0.039868834327928586
GARCH,ETH-USD,2026-05-01 14:15:00,0.056284434208116005,0.039889941314984106
GARCH,ETH-USD,2026-05-01 14:30:00,0.049359615552094935,0.03988082095115508
GARCH,ETH-USD,2026-05-01 14:45:00,0.04836149794148332,0.039889150988682835
GARCH,ETH-USD,2026-05-01 15:00:00,0.04562879748787539,0.03988234774169882
GARCH,ETH-USD,2026-05-01 15:15:00,0.043444258668173995,0.03993169044417598
GARCH,ETH-USD,2026-05-01 15:30:00,0.0441199432554252,0.040004496893721805
GARCH,ETH-USD,2026-05-01 15:45:00,0.0450811791618768,0.03986736227555085
GARCH,ETH-USD,2026-05-01 16:00:00,0.042403997581451976,0.039864197959383084
GARCH,ETH-USD,2026-05-01 16:15:00,0.04096358015688185,0.039829197032290785
GARCH,ETH-USD,2026-05-01 16:30:00,0.03954543525370585,0.039746796710874804
GARCH,ETH-USD,2026-05-01 16:45:00,0.03770099754076311,0.03982260061370629
GARCH,ETH-USD,2026-05-01 17:00:00,0.04009229898343412,0.039818157871321494
GARCH,ETH-USD,2026-05-01 17:15:00,0.03805835461240457,0.039827021650605206
GARCH,ETH-USD,2026-05-01 17:30:00,0.03817446953431051,0.039856893423074864
GARCH,ETH-USD,2026-05-01 17:45:00,0.03808076768040886,0.039865398401118385
GARCH,ETH-USD,2026-05-01 18:00:00,0.03733174216851275,0.0396592722632433
GARCH,ETH-USD,2026-05-01 18:15:00,0.03585268914215584,0.039308532992835446
GARCH,ETH-USD,2026-05-01 18:30:00,0.037610639694223603,0.03929582074805558
GARCH,ETH-USD,2026-05-01 18:45:00,0.03493300549037087,0.03929908180981861
GARCH,ETH-USD,2026-05-01 19:00:00,0.034674449070179025,0.039248966177927856
GARCH,ETH-USD,2026-05-01 19:15:00,0.03306159473618893,0.03825758569832212
GARCH,ETH-USD,2026-05-01 19:30:00,0.03259870136235408,0.03811257158912896
GARCH,ETH-USD,2026-05-01 19:45:00,0.031370814085349835,0.03811113007713282
GARCH,ETH-USD,2026-05-01 20:00:00,0.03081409733704274,0.03814523538116492
GARCH,ETH-USD,2026-05-01 20:15:00,0.03235013982743835,0.03821466501278506
GARCH,ETH-USD,2026-05-01 20:30:00,0.034661424586422546,0.03838518031098625
GARCH,ETH-USD,2026-05-01 20:45:00,0.041997783754069345,0.03838247799708549
GARCH,ETH-USD,2026-05-01 21:00:00,0.03716258339800627,0.038409002679159095
GARCH,ETH-USD,2026-05-01 21:15:00,0.03837055309824641,0.038394052138880176
GARCH,ETH-USD,2026-05-01 21:30:00,0.0360452130856319,0.03843420769802191
GARCH,ETH-USD,2026-05-01 21:45:00,0.037071833591644524,0.03845372904422889
GARCH,ETH-USD,2026-05-01 22:00:00,0.03608216634274607,0.0384347288420562
GARCH,ETH-USD,2026-05-01 22:15:00,0.03467609556110571,0.038408009146774585
GARCH,ETH-USD,2026-05-01 22:30:00,0.03403743046301036,0.03838880043367055
GARCH,ETH-USD,2026-05-01 22:45:00,0.03301015288910278,0.03838909434104016
GARCH,ETH-USD,2026-05-01 23:00:00,0.03211264595115867,0.03839777189239932
GARCH,ETH-USD,2026-05-01 23:15:00,0.03242802863720546,0.03841536036771335
GARCH,ETH-USD,2026-05-01 23:30:00,0.03206651326791052,0.038448967076138874
GARCH,ETH-USD,2026-05-01 23:45:00,0.032752820811212245,0.038446154694688144
GARCH,ETH-USD,2026-05-02 00:00:00,0.031453283508155905,0.03845331687501647
GARCH,ETH-USD,2026-05-02 00:15:00,0.031130055202844675,0.038443912082223614
GARCH,ETH-USD,2026-05-02 00:30:00,0.030757073095737896,0.03823452963126828
GARCH,ETH-USD,2026-05-02 00:45:00,0.029804736318650916,0.038187589036655596
GARCH,ETH-USD,2026-05-02 01:00:00,0.02938461545503719,0.038180691522597884
GARCH,ETH-USD,2026-05-02 01:15:00,0.028872849356203805,0.037736553696950025
GARCH,ETH-USD,2026-05-02 01:30:00,0.028651497716174108,0.03773400439002919
GARCH,ETH-USD,2026-05-02 01:45:00,0.027995646914211587,0.037738889172857
GARCH,ETH-USD,2026-05-02 02:00:00,0.028057449685096537,0.03770489282232448
GARCH,ETH-USD,2026-05-02 02:15:00,0.027634477802728097,0.03772614610486008
GARCH,ETH-USD,2026-05-02 02:30:00,0.02855722748382819,0.03777424617384633
GARCH,ETH-USD,2026-05-02 02:45:00,0.030682303331665068,0.03754443640477868
GARCH,ETH-USD,2026-05-02 03:00:00,0.02921259114034511,0.037429099478126046
GARCH,ETH-USD,2026-05-02 03:15:00,0.03086221414348299,0.03743846444910686
GARCH,ETH-USD,2026-05-02 03:30:00,0.029815542873404606,0.03742527169464341
GARCH,ETH-USD,2026-05-02 03:45:00,0.029316190306805767,0.03742771542875282
GARCH,ETH-USD,2026-05-02 04:00:00,0.029059894828923127,0.03726960975251235
GARCH,ETH-USD,2026-05-02 04:15:00,0.028338922818275828,0.03683649397483325
GARCH,ETH-USD,2026-05-02 04:30:00,0.02815982261606653,0.0366276406714462
GARCH,ETH-USD,2026-05-02 04:45:00,0.027569761675782487,0.03655113346175312
GARCH,ETH-USD,2026-05-02 05:00:00,0.02817393945300525,0.03639991656255312
GARCH,ETH-USD,2026-05-02 05:15:00,0.027460121106898924,0.03636138350002086
GARCH,ETH-USD,2026-05-02 05:30:00,0.02719132413888451,0.0363544202985642
GARCH,ETH-USD,2026-05-02 05:45:00,0.026876923377113227,0.035867023379701664
GARCH,ETH-USD,2026-05-02 06:00:00,0.026548470197775283,0.03581023036769451
GARCH,ETH-USD,2026-05-02 06:15:00,0.026959598922720325,0.035043549511801754
GARCH,ETH-USD,2026-05-02 06:30:00,0.029322975044119206,0.03506698415401541
GARCH,ETH-USD,2026-05-02 06:45:00,0.029619075183726012,0.035010364699479886
GARCH,ETH-USD,2026-05-02 07:00:00,0.028669301794079845,0.034983468039853916
GARCH,ETH-USD,2026-05-02 07:15:00,0.02827322465666112,0.03488460755399938
GARCH,ETH-USD,2026-05-02 07:30:00,0.029164669500723127,0.034889185218632865
GARCH,ETH-USD,2026-05-02 07:45:00,0.028316748740050548,0.03488309101406427
GARCH,ETH-USD,2026-05-02 08:00:00,0.027956559918859702,0.03487832147950245
GARCH,ETH-USD,2026-05-02 08:15:00,0.02769991263218818,0.0348059543599416
GARCH,ETH-USD,2026-05-02 08:30:00,0.02747991343597091,0.034675496745489844
GARCH,ETH-USD,2026-05-02 08:45:00,0.02703382712757936,0.02939247046839482
GARCH,ETH-USD,2026-05-02 09:00:00,0.026991350035395694,0.0290646060313889
GARCH,ETH-USD,2026-05-02 09:15:00,0.026589956031090625,0.02885232454167768
GARCH,ETH-USD,2026-05-02 09:30:00,0.026370554544651367,0.028105591421737196
GARCH,ETH-USD,2026-05-02 09:45:00,0.02614256844764642,0.028099460981321336
GARCH,ETH-USD,2026-05-02 10:00:00,0.025948067547248956,0.028051272791917062
GARCH,ETH-USD,2026-05-02 10:15:00,0.025749507914480642,0.027879938713419893
GARCH,ETH-USD,2026-05-02 10:30:00,0.025813665748205986,0.027774564908354324
GARCH,ETH-USD,2026-05-02 10:45:00,0.0255525073733902,0.027761637418124145
GARCH,ETH-USD,2026-05-02 11:00:00,0.026163776124327007,0.027509323279651263
GARCH,ETH-USD,2026-05-02 11:15:00,0.02702891528647739,0.02740725124195233
GARCH,ETH-USD,2026-05-02 11:30:00,0.026785188725055392,0.027303264197608146
GARCH,ETH-USD,2026-05-02 11:45:00,0.026477634382069667,0.027149095181954023
GARCH,ETH-USD,2026-05-02 12:00:00,0.02621809719780141,0.02717052813607423
GARCH,ETH-USD,2026-05-02 12:15:00,0.027251527901258933,0.027115509666119943
GARCH,ETH-USD,2026-05-02 12:30:00,0.026440273655037948,0.02711429720983287
GARCH,ETH-USD,2026-05-02 12:45:00,0.02653377784863359,0.02726769181655364
GARCH,ETH-USD,2026-05-02 13:00:00,0.03401478115927363,0.027266551845875994
GARCH,ETH-USD,2026-05-02 13:15:00,0.031286578856292525,0.027162217904599967
GARCH,ETH-USD,2026-05-02 13:30:00,0.03133544894326269,0.027166158497174086
GARCH,ETH-USD,2026-05-02 13:45:00,0.030279239361467796,0.027177741108388474
GARCH,ETH-USD,2026-05-02 14:00:00,0.030400265448710554,0.027012696057436617
GARCH,ETH-USD,2026-05-02 14:15:00,0.029359586953625415,0.02697566328422535
GARCH,ETH-USD,2026-05-02 14:30:00,0.028898270444600967,0.0269169755201639
GARCH,ETH-USD,2026-05-02 14:45:00,0.02835803969346027,0.026919883252221867
GARCH,ETH-USD,2026-05-02 15:00:00,0.02807328399021295,0.0269268207769997
GARCH,ETH-USD,2026-05-02 15:15:00,0.027837432608275307,0.02652591339552623
GARCH,ETH-USD,2026-05-02 15:30:00,0.027506292340010573,0.026315120343580235
GARCH,ETH-USD,2026-05-02 15:45:00,0.027547635825892904,0.026287148471094812
GARCH,ETH-USD,2026-05-02 16:00:00,0.027727376389958057,0.026175607827724403
GARCH,ETH-USD,2026-05-02 16:15:00,0.02800946233474173,0.026161060114387746
GARCH,ETH-USD,2026-05-02 16:30:00,0.027344245393336495,0.026103341812247906
GARCH,ETH-USD,2026-05-02 16:45:00,0.027292200642876883,0.026103443644162727
GARCH,ETH-USD,2026-05-02 17:00:00,0.026821657435911105,0.025980602966399913
GARCH,ETH-USD,2026-05-02 17:15:00,0.02701796108705306,0.02384841294176238
GARCH,ETH-USD,2026-05-02 17:30:00,0.026700086619090423,0.023817314723835584
GARCH,ETH-USD,2026-05-02 17:45:00,0.026432682405706665,0.023805390251837116
GARCH,ETH-USD,2026-05-02 18:00:00,0.02618652735071789,0.02377197437621353
GARCH,ETH-USD,2026-05-02 18:15:00,0.02736722653587167,0.023719743060187003
GARCH,ETH-USD,2026-05-02 18:30:00,0.02645530319458046,0.02371464456974827
GARCH,ETH-USD,2026-05-02 18:45:00,0.026470085991175098,0.023703324957026584
GARCH,ETH-USD,2026-05-02 19:00:00,0.02712097104621978,0.02361864639603549
GARCH,ETH-USD,2026-05-02 19:15:00,0.026715589280139864,0.02322651701389206
GARCH,ETH-USD,2026-05-02 19:30:00,0.02653231000056725,0.023221572964115443
GARCH,ETH-USD,2026-05-02 19:45:00,0.026328900895669975,0.02313394840651789
GARCH,ETH-USD,2026-05-02 20:00:00,0.026294920793916193,0.022888233831427584
GARCH,ETH-USD,2026-05-02 20:15:00,0.02614442022973592,0.022614223091000366
GARCH,ETH-USD,2026-05-02 20:30:00,0.025908420597531834,0.02259204028829956
GARCH,ETH-USD,2026-05-02 20:45:00,0.025864837774962474,0.02258793087811637
GARCH,ETH-USD,2026-05-02 21:00:00,0.025708256057628324,0.022579311205991437
GARCH,ETH-USD,2026-05-02 21:15:00,0.026385273455472785,0.023395147505785426
GARCH,ETH-USD,2026-05-02 21:30:00,0.05082446449380805,0.023404359570839174
GARCH,ETH-USD,2026-05-02 21:45:00,0.040362516934112844,0.023394153759724846
GARCH,ETH-USD,2026-05-02 22:00:00,0.04177173575769449,0.023574219824423637
GARCH,ETH-USD,2026-05-02 22:15:00,0.04405253042747429,0.023497736897589664
GARCH,ETH-USD,2026-05-02 22:30:00,0.04133372546836717,0.023586026610095092
GARCH,ETH-USD,2026-05-02 22:45:00,0.042754246282060655,0.023673736649477112
GARCH,ETH-USD,2026-05-02 23:00:00,0.04170526240524497,0.023658891014762776
GARCH,ETH-USD,2026-05-02 23:15:00,0.0393756825175984,0.02372624002920454
GARCH,ETH-USD,2026-05-02 23:30:00,0.04010474380086615,0.023675417636713186
GARCH,ETH-USD,2026-05-02 23:45:00,0.037582297648452424,0.02370904560154792
GARCH,ETH-USD,2026-05-03 00:00:00,0.037642737863227735,0.02360263250599399
GARCH,ETH-USD,2026-05-03 00:15:00,0.03617945841551764,0.023608344582700256
GARCH,ETH-USD,2026-05-03 00:30:00,0.035352031360282456,0.023604415284399327
GARCH,ETH-USD,2026-05-03 00:45:00,0.03383921502536568,0.02370075673224285
GARCH,ETH-USD,2026-05-03 01:00:00,0.03583597139346832,0.023614905875824675
GARCH,ETH-USD,2026-05-03 01:15:00,0.0337632589878349,0.0235667365259117
GARCH,ETH-USD,2026-05-03 01:30:00,0.03382372882332157,0.02357019942602061
GARCH,ETH-USD,2026-05-03 01:45:00,0.032322357548175834,0.023431799042051442
GARCH,ETH-USD,2026-05-03 02:00:00,0.03173819861271502,0.023475397563034253
GARCH,ETH-USD,2026-05-03 02:15:00,0.032299053815689246,0.023161150211357992
GARCH,ETH-USD,2026-05-03 02:30:00,0.030901253442700633,0.023189461417250663
GARCH,ETH-USD,2026-05-03 02:45:00,0.03147046609806268,0.023196877168245523
GARCH,ETH-USD,2026-05-03 03:00:00,0.031172147272464874,0.02304516732011251
GARCH,ETH-USD,2026-05-03 03:15:00,0.030110515004692175,0.023001068733996714
GARCH,ETH-USD,2026-05-03 03:30:00,0.029486533670957087,0.023002685764692814
GARCH,ETH-USD,2026-05-03 03:45:00,0.029118238092580635,0.023002135138673604
GARCH,ETH-USD,2026-05-03 04:00:00,0.02871952565585757,0.022933910377760804
GARCH,ETH-USD,2026-05-03 04:15:00,0.02928756864442253,0.02228878066194288
GARCH,ETH-USD,2026-05-03 04:30:00,0.028816344674277388,0.021999306551747866
GARCH,ETH-USD,2026-05-03 04:45:00,0.028205875449483195,0.022000812272948724
GARCH,ETH-USD,2026-05-03 05:00:00,0.028581907849676312,0.021945368399208832
GARCH,ETH-USD,2026-05-03 05:15:00,0.0278737431331847,0.021927785751426187
GARCH,ETH-USD,2026-05-03 05:30:00,0.02767532277862343,0.021940539714937656
GARCH,ETH-USD,2026-05-03 05:45:00,0.0280281280701859,0.021920492916689484
GARCH,ETH-USD,2026-05-03 06:00:00,0.02855811364169928,0.021910592132329255
GARCH,ETH-USD,2026-05-03 06:15:00,0.027690724849215875,0.02187020729902585
GARCH,ETH-USD,2026-05-03 06:30:00,0.0275048059764582,0.021895023332041318
GARCH,ETH-USD,2026-05-03 06:45:00,0.028246639759690686,0.02193352232882318
GARCH,ETH-USD,2026-05-03 07:00:00,0.028994140960264606,0.021924692212340516
GARCH,ETH-USD,2026-05-03 07:15:00,0.029869453017425884,0.021905964773120703
GARCH,ETH-USD,2026-05-03 07:30:00,0.02874433245198569,0.021856795722545945
GARCH,ETH-USD,2026-05-03 07:45:00,0.02842153483172483,0.0218490134430013
GARCH,ETH-USD,2026-05-03 08:00:00,0.02807900949043421,0.02187060838936328
GARCH,ETH-USD,2026-05-03 08:15:00,0.02832212811326094,0.021876745925339017
GARCH,ETH-USD,2026-05-03 08:30:00,0.027901547617381037,0.02186405118217348
GARCH,ETH-USD,2026-05-03 08:45:00,0.0280392248317805,0.02183907467935935
GARCH,ETH-USD,2026-05-03 09:00:00,0.027363470766498414,0.021887583428209432
GARCH,ETH-USD,2026-05-03 09:15:00,0.02917828364832755,0.021819235107332073
GARCH,ETH-USD,2026-05-03 09:30:00,0.03017283072974821,0.021814668771729988
GARCH,ETH-USD,2026-05-03 09:45:00,0.02886776088792472,0.021809577247123624
GARCH,ETH-USD,2026-05-03 10:00:00,0.029751581280704927,0.02182153904350187
GARCH,ETH-USD,2026-05-03 10:15:00,0.029367841763571136,0.02185443211690347
GARCH,ETH-USD,2026-05-03 10:30:00,0.03006093455299746,0.021853169494031755
GARCH,ETH-USD,2026-05-03 10:45:00,0.03000275962023901,0.02187557010025176
GARCH,ETH-USD,2026-05-03 11:00:00,0.030266648628894475,0.0218718396060821
GARCH,ETH-USD,2026-05-03 11:15:00,0.02929205026425741,0.022097664974868043
GARCH,ETH-USD,2026-05-03 11:30:00,0.036763316123363025,0.022106342284742394
GARCH,ETH-USD,2026-05-03 11:45:00,0.032571419758613135,0.0225032753151753
GARCH,ETH-USD,2026-05-03 12:00:00,0.04436645532490116,0.022313452380081738
GARCH,ETH-USD,2026-05-03 12:15:00,0.03842021980993969,0.022298720148429606
GARCH,ETH-USD,2026-05-03 12:30:00,0.0385225245535671,0.02221615440508398
GARCH,ETH-USD,2026-05-03 12:45:00,0.03621443617134465,0.02218612680081912
GARCH,ETH-USD,2026-05-03 13:00:00,0.03545605360765909,0.02221160508941025
GARCH,ETH-USD,2026-05-03 13:15:00,0.03471789240050405,0.022187333169118452
GARCH,ETH-USD,2026-05-03 13:30:00,0.03416047195503404,0.022140201670449285
GARCH,ETH-USD,2026-05-03 13:45:00,0.03274080694170082,0.022182980992715314
GARCH,ETH-USD,2026-05-03 14:00:00,0.03380095114296877,0.022192714618690677
GARCH,ETH-USD,2026-05-03 14:15:00,0.03209950982586405,0.02219027546535589
GARCH,ETH-USD,2026-05-03 14:30:00,0.03169634573817467,0.022210720805398605
GARCH,ETH-USD,2026-05-03 14:45:00,0.03162948635592468,0.02211843025142775
GARCH,ETH-USD,2026-05-03 15:00:00,0.030424855148077672,0.022148259942845243
GARCH,ETH-USD,2026-05-03 15:15:00,0.031110677606949463,0.022212241573412804
GARCH,ETH-USD,2026-05-03 15:30:00,0.03185611287032914,0.02214718441631179
GARCH,ETH-USD,2026-05-03 15:45:00,0.03038785582505318,0.022144949893869125
GARCH,ETH-USD,2026-05-03 16:00:00,0.03111336956907216,0.022159892426200128
GARCH,ETH-USD,2026-05-03 16:15:00,0.030709203899608403,0.02213949888884844
GARCH,ETH-USD,2026-05-03 16:30:00,0.030736005329254162,0.02214875114296659
GARCH,ETH-USD,2026-05-03 16:45:00,0.030185168067325324,0.02214464865448532
GARCH,ETH-USD,2026-05-03 17:00:00,0.029370489159751444,0.022212040065782875
GARCH,ETH-USD,2026-05-03 17:15:00,0.031522754627853776,0.022212093581711532
GARCH,ETH-USD,2026-05-03 17:30:00,0.029686777064162617,0.022224260494886232
GARCH,ETH-USD,2026-05-03 17:45:00,0.029736354196888803,0.02223066807041311
GARCH,ETH-USD,2026-05-03 18:00:00,0.02960761314041485,0.021211055133399374
GARCH,ETH-USD,2026-05-03 18:15:00,0.029611608774893473,0.021212080329263895
GARCH,ETH-USD,2026-05-03 18:30:00,0.02892560925810621,0.021204477609201727
GARCH,ETH-USD,2026-05-03 18:45:00,0.028367730832800638,0.02121121443014959
GARCH,ETH-USD,2026-05-03 19:00:00,0.028039863139585317,0.021162643881696204
GARCH,ETH-USD,2026-05-03 19:15:00,0.027775768926687986,0.021324292092947544
GARCH,ETH-USD,2026-05-03 19:30:00,0.03330927961749923,0.021320744093633975
GARCH,ETH-USD,2026-05-03 19:45:00,0.030122810420453814,0.02126966079566318
GARCH,ETH-USD,2026-05-03 20:00:00,0.030928108314266522,0.0212520850429494
GARCH,ETH-USD,2026-05-03 20:15:00,0.029948928074303723,0.02124252857110963
GARCH,ETH-USD,2026-05-03 20:30:00,0.029484644177128174,0.021436410260045374
GARCH,ETH-USD,2026-05-03 20:45:00,0.03477968715579339,0.021462402555805466
GARCH,ETH-USD,2026-05-03 21:00:00,0.03271000474657754,0.021498433165562252
GARCH,ETH-USD,2026-05-03 21:15:00,0.033132416959277385,0.02197697944539233
GARCH,ETH-USD,2026-05-03 21:30:00,0.0459592987386811,0.022037451075432743
GARCH,ETH-USD,2026-05-03 21:45:00,0.04148818555117415,0.024221798694822848
GARCH,ETH-USD,2026-05-03 22:00:00,0.08136366079274529,0.024499264137570156
GARCH,ETH-USD,2026-05-03 22:15:00,0.06762575606768521,0.024700312617734366
GARCH,ETH-USD,2026-05-03 22:30:00,0.07074951563616201,0.024671521536267112
GARCH,ETH-USD,2026-05-03 22:45:00,0.0638159334704906,0.024720089154193766
GARCH,ETH-USD,2026-05-03 23:00:00,0.06326487001107607,0.025254723386684327
GARCH,ETH-USD,2026-05-03 23:15:00,0.06818733067310619,0.025266515768866536
GARCH,ETH-USD,2026-05-03 23:30:00,0.06073275498804643,0.025270248236293768
GARCH,ETH-USD,2026-05-03 23:45:00,0.05859693054658436,0.025361427228950493
GARCH,ETH-USD,2026-05-04 00:00:00,0.05655309262167951,0.02545421047553119
GARCH,ETH-USD,2026-05-04 00:15:00,0.054949590806402035,0.025455036704633584
GARCH,ETH-USD,2026-05-04 00:30:00,0.05112816364866169,0.02560215076862726
GARCH,ETH-USD,2026-05-04 00:45:00,0.052769918792596245,0.025582794018974803
GARCH,ETH-USD,2026-05-04 01:00:00,0.048585993335143955,0.025557547107740157
GARCH,ETH-USD,2026-05-04 01:15:00,0.04799529053269793,0.025668026259170567
GARCH,ETH-USD,2026-05-04 01:30:00,0.04875216327026825,0.027569096635777605
GARCH,ETH-USD,2026-05-04 01:45:00,0.08384781085957799,0.02784343958298363
GARCH,ETH-USD,2026-05-04 02:00:00,0.07109097748325481,0.02786406973569234
GARCH,ETH-USD,2026-05-04 02:15:00,0.0701360425248821,0.02872456962742751
GARCH,ETH-USD,2026-05-04 02:30:00,0.08140356185481251,0.028832520923306813
GARCH,ETH-USD,2026-05-04 02:45:00,0.07193794054219717,0.02909250034784633
GARCH,ETH-USD,2026-05-04 03:00:00,0.07491085416796797,0.02833692161256452
GARCH,ETH-USD,2026-05-04 03:15:00,0.06826761444016032,0.028340060311656663
GARCH,ETH-USD,2026-05-04 03:30:00,0.06483955917229982,0.02841239592715028
GARCH,ETH-USD,2026-05-04 03:45:00,0.0631930894307116,0.028069021016857095
GARCH,ETH-USD,2026-05-04 04:00:00,0.05844558926276091,0.028042226594517435
GARCH,ETH-USD,2026-05-04 04:15:00,0.0564152966978789,0.028054573716606655
GARCH,ETH-USD,2026-05-04 04:30:00,0.053035109478881834,0.027757551508498665
GARCH,ETH-USD,2026-05-04 04:45:00,0.05048910849091046,0.027853149473432773
GARCH,ETH-USD,2026-05-04 05:00:00,0.05007229696671211,0.02759729711266304
GARCH,ETH-USD,2026-05-04 05:15:00,0.050636278629323274,0.02757345660235112
GARCH,ETH-USD,2026-05-04 05:30:00,0.04704833657011892,0.027629515275514983
GARCH,ETH-USD,2026-05-04 05:45:00,0.04644384836971457,0.02768252852723465
GARCH,ETH-USD,2026-05-04 06:00:00,0.045098195373004066,0.027992476443093946
GARCH,ETH-USD,2026-05-04 06:15:00,0.051028856975946765,0.027916686331619086
GARCH,ETH-USD,2026-05-04 06:30:00,0.04534333425152611,0.027820212255082223
GARCH,ETH-USD,2026-05-04 06:45:00,0.04583010684337927,0.027823841000023875
GARCH,ETH-USD,2026-05-04 07:00:00,0.043638122616689,0.02783224949980998
GARCH,ETH-USD,2026-05-04 07:15:00,0.04208853578413061,0.027817632793895895
GARCH,ETH-USD,2026-05-04 07:30:00,0.04010954095375353,0.027912631103003106
GARCH,ETH-USD,2026-05-04 07:45:00,0.04126808812823992,0.02781407229474607
GARCH,ETH-USD,2026-05-04 08:00:00,0.03837281216840786,0.027813645032547834
GARCH,ETH-USD,2026-05-04 08:15:00,0.03841045484461832,0.02777450278396019
GARCH,ETH-USD,2026-05-04 08:30:00,0.03614183947678538,0.02772116608068189
GARCH,ETH-USD,2026-05-04 08:45:00,0.03503260115550648,0.02767800867169735
GARCH,ETH-USD,2026-05-04 09:00:00,0.033701756489333407,0.027675857177844963
GARCH,ETH-USD,2026-05-04 09:15:00,0.032895685093770284,0.027746236717582563
GARCH,ETH-USD,2026-05-04 09:30:00,0.03835346624804381,0.02774586282304364
GARCH,ETH-USD,2026-05-04 09:45:00,0.034347830412307045,0.032749198807681144
GARCH,ETH-USD,2026-05-04 10:00:00,0.12534136877784136,0.03282187421325783
GARCH,ETH-USD,2026-05-04 10:15:00,0.09082068594152838,0.033754413476764826
GARCH,ETH-USD,2026-05-04 10:30:00,0.11089099072944263,0.03377919090659731
GARCH,ETH-USD,2026-05-04 10:45:00,0.09373722627631448,0.03380344791969878
GARCH,ETH-USD,2026-05-04 11:00:00,0.09202072408002808,0.03381743581246369
GARCH,ETH-USD,2026-05-04 11:15:00,0.08517043820630071,0.033758907752174064
GARCH,ETH-USD,2026-05-04 11:30:00,0.08036879375742755,0.03355636754772957
GARCH,ETH-USD,2026-05-04 11:45:00,0.07551734235963033,0.03355022725659933
GARCH,ETH-USD,2026-05-04 12:00:00,0.07048985036284394,0.03354340931295052
GARCH,ETH-USD,2026-05-04 12:15:00,0.06678908779861671,0.033534775283609194
GARCH,ETH-USD,2026-05-04 12:30:00,0.062369921477685906,0.03355975471812283
GARCH,ETH-USD,2026-05-04 12:45:00,0.06038951320949686,0.03353240015567526
GARCH,ETH-USD,2026-05-04 13:00:00,0.05607396082369324,0.033533970224072306
GARCH,ETH-USD,2026-05-04 13:15:00,0.05326447448435126,0.03353619282972946
GARCH,ETH-USD,2026-05-04 13:30:00,0.05052963176497195,0.03352743181682799
GARCH,ETH-USD,2026-05-04 13:45:00,0.04765220214666611,0.03356742031263775
GARCH,ETH-USD,2026-05-04 14:00:00,0.04693028640922196,0.03362718276435387
GARCH,ETH-USD,2026-05-04 14:15:00,0.047206544719946314,0.03371570055473159
GARCH,ETH-USD,2026-05-04 14:30:00,0.04775257327231787,0.03457604448732284
GARCH,ETH-USD,2026-05-04 14:45:00,0.0705135583332383,0.03464755794369263
GARCH,ETH-USD,2026-05-04 15:00:00,0.05905545794442601,0.035543879799378994
GARCH,ETH-USD,2026-05-04 15:15:00,0.0800012880041789,0.035616958013865274
GARCH,ETH-USD,2026-05-04 15:30:00,0.06806342216999307,0.035658725623516595
GARCH,ETH-USD,2026-05-04 15:45:00,0.06759054731920773,0.03590690378971871
GARCH,ETH-USD,2026-05-04 16:00:00,0.06825960961033103,0.03666837858062241
GARCH,ETH-USD,2026-05-04 16:15:00,0.08124543859671735,0.03667041742671431
GARCH,ETH-USD,2026-05-04 16:30:00,0.06955221111726692,0.03672629642004614
GARCH,ETH-USD,2026-05-04 16:45:00,0.06915679133524977,0.03689364782835609
GARCH,ETH-USD,2026-05-04 17:00:00,0.0682847096802263,0.03690966125852188
GARCH,ETH-USD,2026-05-04 17:15:00,0.06334071359558899,0.03689281668521182
GARCH,ETH-USD,2026-05-04 17:30:00,0.05974183305267038,0.03686362799012988
GARCH,ETH-USD,2026-05-04 17:45:00,0.05669932445147361,0.036863661616600533
GARCH,ETH-USD,2026-05-04 18:00:00,0.053511353640804164,0.03702089004820205
GARCH,ETH-USD,2026-05-04 18:15:00,0.05629266948916493,0.03701271759461927
GARCH,ETH-USD,2026-05-04 18:30:00,0.05084355811902512,0.0370165997633695
GARCH,ETH-USD,2026-05-04 18:45:00,0.04905111584489307,0.03700941774140281
GARCH,ETH-USD,2026-05-04 19:00:00,0.046130648381292126,0.037098758485787205
GARCH,ETH-USD,2026-05-04 19:15:00,0.047135921835189845,0.037098319726375485
GARCH,ETH-USD,2026-05-04 19:30:00,0.04350387163291199,0.037097775294986333
GARCH,ETH-USD,2026-05-04 19:45:00,0.041862133220042765,0.0370801221135058
GARCH,ETH-USD,2026-05-04 20:00:00,0.03972328127951201,0.03711899441338665
GARCH,ETH-USD,2026-05-04 20:15:00,0.039704620713359354,0.03714542528511561
GARCH,ETH-USD,2026-05-04 20:30:00,0.03838125245940493,0.037143920960411504
GARCH,ETH-USD,2026-05-04 20:45:00,0.03665312991070839,0.03726782204829086
GARCH,ETH-USD,2026-05-04 21:00:00,0.04143438054900181,0.03726064251167328
GARCH,ETH-USD,2026-05-04 21:15:00,0.037485489559711926,0.03722898073652115
GARCH,ETH-USD,2026-05-04 21:30:00,0.03733514599287614,0.037202802881030346
GARCH,ETH-USD,2026-05-04 21:45:00,0.035298728249810125,0.03721853039922379
GARCH,ETH-USD,2026-05-04 22:00:00,0.03528107359550156,0.037262673149436897
GARCH,ETH-USD,2026-05-04 22:15:00,0.035554762940552216,0.037305154150474626
GARCH,ETH-USD,2026-05-04 22:30:00,0.03684477525413816,0.03729938776052698
GARCH,ETH-USD,2026-05-04 22:45:00,0.03437021437081629,0.03734384104770252
GARCH,ETH-USD,2026-05-04 23:00:00,0.03568886601672129,0.03735110271253999
GARCH,ETH-USD,2026-05-04 23:15:00,0.03401777263418934,0.03751282895835104
GARCH,ETH-USD,2026-05-04 23:30:00,0.04073074424126929,0.037523177178649586
GARCH,ETH-USD,2026-05-04 23:45:00,0.03656673231561464,0.03755899653283507
GARCH,ETH-USD,2026-05-05 00:00:00,0.03814511433954824,0.03757855671545265
GARCH,ETH-USD,2026-05-05 00:15:00,0.036264534268680815,0.0376779966871506
GARCH,ETH-USD,2026-05-05 00:30:00,0.04009178599386522,0.03770984143209684
GARCH,ETH-USD,2026-05-05 00:45:00,0.0381041872032475,0.03770910024935796
GARCH,ETH-USD,2026-05-05 01:00:00,0.03663215364088112,0.03771482109555447
GARCH,ETH-USD,2026-05-05 01:15:00,0.03555388104888723,0.037711504202553515
GARCH,ETH-USD,2026-05-05 01:30:00,0.03420979239808933,0.03771175044225423
GARCH,ETH-USD,2026-05-05 01:45:00,0.03304201181870213,0.03782396025184774
GARCH,ETH-USD,2026-05-05 02:00:00,0.038890862338732124,0.037823200816290946
GARCH,ETH-USD,2026-05-05 02:15:00,0.03527895338877379,0.03792471051495279
GARCH,ETH-USD,2026-05-05 02:30:00,0.04061086805756221,0.03804331169720738
GARCH,ETH-USD,2026-05-05 02:45:00,0.04148455826798023,0.038102470531282684
GARCH,ETH-USD,2026-05-05 03:00:00,0.04152834934276942,0.03812785831278877
GARCH,ETH-USD,2026-05-05 03:15:00,0.04093962017211069,0.03827558861067936
GARCH,ETH-USD,2026-05-05 03:30:00,0.045597864856700365,0.03829736867145304
GARCH,ETH-USD,2026-05-05 03:45:00,0.04172578715500225,0.03819566651742204
GARCH,ETH-USD,2026-05-05 04:00:00,0.04099298983147554,0.03817070044988306
GARCH,ETH-USD,2026-05-05 04:15:00,0.03863422013666893,0.038170716906893734
GARCH,ETH-USD,2026-05-05 04:30:00,0.03726677446079325,0.03817129774474066
GARCH,ETH-USD,2026-05-05 04:45:00,0.03600160913375085,0.03816527447104379
GARCH,ETH-USD,2026-05-05 05:00:00,0.034928801350671286,0.03823530651655839
GARCH,ETH-USD,2026-05-05 05:15:00,0.03761388010310708,0.03825533101789221
GARCH,ETH-USD,2026-05-05 05:30:00,0.03548655480793965,0.03826965977470975
GARCH,ETH-USD,2026-05-05 05:45:00,0.03501950555979386,0.038280467072904424
GARCH,ETH-USD,2026-05-05 06:00:00,0.033960500482631654,0.03839933314680951
GARCH,ETH-USD,2026-05-05 06:15:00,0.038765601021769194,0.03841100646443012
GARCH,ETH-USD,2026-05-05 06:30:00,0.03571311531131503,0.03846680620436167
GARCH,ETH-USD,2026-05-05 06:45:00,0.03835543689948454,0.038467300943582576
GARCH,ETH-USD,2026-05-05 07:00:00,0.03581036252544164,0.03845657758586023
GARCH,ETH-USD,2026-05-05 07:15:00,0.03530666593528833,0.03846788631444521
GARCH,ETH-USD,2026-05-05 07:30:00,0.03460255775686664,0.03853607609189676
GARCH,ETH-USD,2026-05-05 07:45:00,0.03650531325184704,0.03855594896183457
GARCH,ETH-USD,2026-05-05 08:00:00,0.03522970090006848,0.03862015652073293
GARCH,ETH-USD,2026-05-05 08:15:00,0.03733709892253507,0.03866923031225706
GARCH,ETH-USD,2026-05-05 08:30:00,0.03700286515596517,0.038680173485705696
GARCH,ETH-USD,2026-05-05 08:45:00,0.03586665805296763,0.03882336229419891
GARCH,ETH-USD,2026-05-05 09:00:00,0.04101842509183578,0.0388151001200238
GARCH,ETH-USD,2026-05-05 09:15:00,0.03721376206333769,0.03883157885981776
GARCH,ETH-USD,2026-05-05 09:30:00,0.037193251376995855,0.038831644067735725
GARCH,ETH-USD,2026-05-05 09:45:00,0.0351738972127117,0.03881992377945951
GARCH,ETH-USD,2026-05-05 10:00:00,0.0341264753100376,0.03885427372417956
GARCH,ETH-USD,2026-05-05 10:15:00,0.03533641298629767,0.038862132566019204
GARCH,ETH-USD,2026-05-05 10:30:00,0.033719144254395685,0.038867398638147525
GARCH,ETH-USD,2026-05-05 10:45:00,0.03331069401257476,0.03886327918520267
GARCH,ETH-USD,2026-05-05 11:00:00,0.03196398200477183,0.03886234992185144
GARCH,ETH-USD,2026-05-05 11:15:00,0.03114176684311095,0.03887851396468786
GARCH,ETH-USD,2026-05-05 11:30:00,0.03146616677077056,0.03888434218843834
GARCH,ETH-USD,2026-05-05 11:45:00,0.03043758434731923,0.03890251843600352
GARCH,ETH-USD,2026-05-05 12:00:00,0.03124768564614993,0.03893492870002038
GARCH,ETH-USD,2026-05-05 12:15:00,0.03263934102290443,0.038447235521371734
GARCH,ETH-USD,2026-05-05 12:30:00,0.03126628331989275,0.038432015908905326
GARCH,ETH-USD,2026-05-05 12:45:00,0.030569939762625384,0.038522196800952827
GARCH,ETH-USD,2026-05-05 13:00:00,0.0353658933419593,0.03846468056973746
GARCH,ETH-USD,2026-05-05 13:15:00,0.03564959658970332,0.03844614113959338
GARCH,ETH-USD,2026-05-05 13:30:00,0.03373686212327629,0.038386219172189526
GARCH,ETH-USD,2026-05-05 13:45:00,0.0329254917846506,0.03843222587882595
GARCH,ETH-USD,2026-05-05 14:00:00,0.03687115788270913,0.038434857885414314
GARCH,ETH-USD,2026-05-05 14:15:00,0.0337333566204919,0.03848079860182808
GARCH,ETH-USD,2026-05-05 14:30:00,0.038074735267718346,0.0384776544634142
GARCH,ETH-USD,2026-05-05 14:45:00,0.03465521401872372,0.03849904594324063
GARCH,ETH-USD,2026-05-05 15:00:00,0.03716669588141555,0.0384899421932882
GARCH,ETH-USD,2026-05-05 15:15:00,0.034381446591816064,0.03847703402068582
GARCH,ETH-USD,2026-05-05 15:30:00,0.03383875500601793,0.03851970232473831
GARCH,ETH-USD,2026-05-05 15:45:00,0.03451596184724674,0.038464959862094854
GARCH,ETH-USD,2026-05-05 16:00:00,0.03292799758740864,0.03848868992232439
GARCH,ETH-USD,2026-05-05 16:15:00,0.03375827278702366,0.039005697612346325
GARCH,ETH-USD,2026-05-05 16:30:00,0.054417589640478575,0.03902437719050783
GARCH,ETH-USD,2026-05-05 16:45:00,0.04474492178202848,0.03901891378466571
GARCH,ETH-USD,2026-05-05 17:00:00,0.045281791686934546,0.03898782058353535
GARCH,ETH-USD,2026-05-05 17:15:00,0.041898895120479174,0.039014952015779744
GARCH,ETH-USD,2026-05-05 17:30:00,0.04149677898260259,0.03899840554966716
GARCH,ETH-USD,2026-05-05 17:45:00,0.03895395230125765,0.039200695049254185
GARCH,ETH-USD,2026-05-05 18:00:00,0.047964009909310844,0.03920143013230048
GARCH,ETH-USD,2026-05-05 18:15:00,0.041435033657073246,0.03920328007345524
GARCH,ETH-USD,2026-05-05 18:30:00,0.04119886361457276,0.03920053965943169
GARCH,ETH-USD,2026-05-05 18:45:00,0.03867893651228665,0.03920436059666075
GARCH,ETH-USD,2026-05-05 19:00:00,0.037676622482948535,0.03918977058171473
GARCH,ETH-USD,2026-05-05 19:15:00,0.03589861928095457,0.03919970975741858
GARCH,ETH-USD,2026-05-05 19:30:00,0.035994905641137526,0.03921760753563996
GARCH,ETH-USD,2026-05-05 19:45:00,0.03486830137425467,0.03936192239798187
GARCH,ETH-USD,2026-05-05 20:00:00,0.04184511164981374,0.03935811244856084
GARCH,ETH-USD,2026-05-05 20:15:00,0.036812851370002474,0.0393720405423337
GARCH,ETH-USD,2026-05-05 20:30:00,0.037764536115468816,0.03937114453636574
GARCH,ETH-USD,2026-05-05 20:45:00,0.035584051140131696,0.039380363340212894
GARCH,ETH-USD,2026-05-05 21:00:00,0.035980368645570894,0.03941020531288568
GARCH,ETH-USD,2026-05-05 21:15:00,0.03538838564681616,0.039448417344615724
GARCH,ETH-USD,2026-05-05 21:30:00,0.035618794175914056,0.03946475620224889
GARCH,ETH-USD,2026-05-05 21:45:00,0.035647108725702516,0.03944483891207465
GARCH,ETH-USD,2026-05-05 22:00:00,0.033792794224388724,0.039425020993083336
GARCH,ETH-USD,2026-05-05 22:15:00,0.03328381002910583,0.03994870767285888
GARCH,ETH-USD,2026-05-05 22:30:00,0.05459260083956713,0.0400116926207573
GARCH,ETH-USD,2026-05-05 22:45:00,0.04665885766229137,0.0400165268092016
GARCH,ETH-USD,2026-05-05 23:00:00,0.046622423484233476,0.04030300348589523
GARCH,ETH-USD,2026-05-05 23:15:00,0.05471083290166796,0.040299893610153785
GARCH,ETH-USD,2026-05-05 23:30:00,0.04762193040874339,0.0402957194873749
GARCH,ETH-USD,2026-05-05 23:45:00,0.0470831194267177,0.04031201209811564
GARCH,ETH-USD,2026-05-06 00:00:00,0.04468411275004601,0.04039094633480279
GARCH,ETH-USD,2026-05-06 00:15:00,0.04680117158789061,0.04038253823596939
GARCH,ETH-USD,2026-05-06 00:30:00,0.043897339077340156,0.04040524937221496
GARCH,ETH-USD,2026-05-06 00:45:00,0.04310757359457056,0.04042640117712895
GARCH,ETH-USD,2026-05-06 01:00:00,0.04265140045004997,0.040415110733851414
GARCH,ETH-USD,2026-05-06 01:15:00,0.04022143524391338,0.04039677825647767
GARCH,ETH-USD,2026-05-06 01:30:00,0.03859594069888186,0.04038808275028161
GARCH,ETH-USD,2026-05-06 01:45:00,0.037641461104846216,0.04038126082345603
GARCH,ETH-USD,2026-05-06 02:00:00,0.03619719346516811,0.04053770795037596
GARCH,ETH-USD,2026-05-06 02:15:00,0.0424438587225995,0.04041207032606524
GARCH,ETH-USD,2026-05-06 02:30:00,0.037673210603605206,0.04045462117153972
GARCH,ETH-USD,2026-05-06 02:45:00,0.039871138824265205,0.040233723965666046
GARCH,ETH-USD,2026-05-06 03:00:00,0.03672068210213771,0.04034408989102122
GARCH,ETH-USD,2026-05-06 03:15:00,0.042610340605595154,0.04033914527560139
GARCH,ETH-USD,2026-05-06 03:30:00,0.037796964766602645,0.04033910698504288
GARCH,ETH-USD,2026-05-06 03:45:00,0.03738564932881459,0.040334319527866924
GARCH,ETH-USD,2026-05-06 04:00:00,0.03546204817012693,0.040365971163370463
GARCH,ETH-USD,2026-05-06 04:15:00,0.036754177190469736,0.040354755228697727
GARCH,ETH-USD,2026-05-06 04:30:00,0.03459291448113101,0.040412299243539195
GARCH,ETH-USD,2026-05-06 04:45:00,0.03666027104560824,0.04039440187526626
GARCH,ETH-USD,2026-05-06 05:00:00,0.034569133412528825,0.04039106446255604
GARCH,ETH-USD,2026-05-06 05:15:00,0.03373797194002182,0.040444356185189746
GARCH,ETH-USD,2026-05-06 05:30:00,0.035567303690382406,0.04047464888631938
GARCH,ETH-USD,2026-05-06 05:45:00,0.035829673596791636,0.04048282822546837
GARCH,ETH-USD,2026-05-06 06:00:00,0.0342790995875112,0.04047301641060315
GARCH,ETH-USD,2026-05-06 06:15:00,0.033761022801198796,0.040483164825518544
GARCH,ETH-USD,2026-05-06 06:30:00,0.035236545046043025,0.040482944125956564
GARCH,ETH-USD,2026-05-06 06:45:00,0.03297382924515014,0.04046166972333016
GARCH,ETH-USD,2026-05-06 07:00:00,0.03233632474980756,0.040480476077035095
GARCH,ETH-USD,2026-05-06 07:15:00,0.033345891206658644,0.040480294735695546
GARCH,ETH-USD,2026-05-06 07:30:00,0.03218039102351388,0.04047049867239773
GARCH,ETH-USD,2026-05-06 07:45:00,0.03126087924524829,0.04052467840092326
GARCH,ETH-USD,2026-05-06 08:00:00,0.03395020760601264,0.04048728470335215
GARCH,ETH-USD,2026-05-06 08:15:00,0.03156990776241013,0.040537809831349365
GARCH,ETH-USD,2026-05-06 08:30:00,0.03449061376082864,0.040835075808992274
GARCH,ETH-USD,2026-05-06 08:45:00,0.04748350639480141,0.04084068037763761
GARCH,ETH-USD,2026-05-06 09:00:00,0.04067071435554273,0.04083719536639483
GARCH,ETH-USD,2026-05-06 09:15:00,0.040856007460602965,0.04239755925859244
GARCH,ETH-USD,2026-05-06 09:30:00,0.0888514820568186,0.04246828192414051
GARCH,ETH-USD,2026-05-06 09:45:00,0.06856929379438055,0.04246871441838538
GARCH,ETH-USD,2026-05-06 10:00:00,0.07051748187563486,0.04246315936309241
GARCH,ETH-USD,2026-05-06 10:15:00,0.063576522668898,0.042389661268075265
GARCH,ETH-USD,2026-05-06 10:30:00,0.06087480033330854,0.04238902569182557
GARCH,ETH-USD,2026-05-06 10:45:00,0.056749180431226016,0.04240172600122602
GARCH,ETH-USD,2026-05-06 11:00:00,0.05478235592463237,0.04239904730588007
GARCH,ETH-USD,2026-05-06 11:15:00,0.05120188082726661,0.04245116881894976
GARCH,ETH-USD,2026-05-06 11:30:00,0.050499152774080805,0.042349025906555884
GARCH,ETH-USD,2026-05-06 11:45:00,0.04688958299543392,0.042448746673459735
GARCH,ETH-USD,2026-05-06 12:00:00,0.04950402940008694,0.0425032228726778
GARCH,ETH-USD,2026-05-06 12:15:00,0.04852819764752846,0.042215787450653415
GARCH,ETH-USD,2026-05-06 12:30:00,0.04530789290863185,0.04220645387523736
GARCH,ETH-USD,2026-05-06 12:45:00,0.04487159978491037,0.041495135534831
GARCH,ETH-USD,2026-05-06 13:00:00,0.0607922902585501,0.04141897707550112
GARCH,ETH-USD,2026-05-06 13:15:00,0.05450233525147995,0.04136795999296318
GARCH,ETH-USD,2026-05-06 13:30:00,0.055117008943415084,0.04152861527327614
GARCH,ETH-USD,2026-05-06 13:45:00,0.05688381561008489,0.04169242831864322
GARCH,ETH-USD,2026-05-06 14:00:00,0.06006157147083106,0.04141585512409515
GARCH,ETH-USD,2026-05-06 14:15:00,0.055741009937391464,0.04151546805931024
GARCH,ETH-USD,2026-05-06 14:30:00,0.056973190932890556,0.04175220376796236
GARCH,ETH-USD,2026-05-06 14:45:00,0.060355517431938635,0.04171221074703262
GARCH,ETH-USD,2026-05-06 15:00:00,0.05474910369342431,0.04166634594931758
GARCH,ETH-USD,2026-05-06 15:15:00,0.05322143088050945,0.04166598649307963
GARCH,ETH-USD,2026-05-06 15:30:00,0.04960653222696992,0.04157307637068879
GARCH,ETH-USD,2026-05-06 15:45:00,0.047425648193311985,0.04159554048934405
GARCH,ETH-USD,2026-05-06 16:00:00,0.0465265826025371,0.041853561771422694
GARCH,ETH-USD,2026-05-06 16:15:00,0.05507212254136185,0.04186457902835521
GARCH,ETH-USD,2026-05-06 16:30:00,0.05202859520768124,0.04061585759653507
GARCH,ETH-USD,2026-05-06 16:45:00,0.04913414821825393,0.040419881490437494
GARCH,ETH-USD,2026-05-06 17:00:00,0.046723368709553965,0.04047099691369305
GARCH,ETH-USD,2026-05-06 17:15:00,0.04722910700024433,0.039823474658639835
GARCH,ETH-USD,2026-05-06 17:30:00,0.04363117273671675,0.039781513971213656
GARCH,ETH-USD,2026-05-06 17:45:00,0.043191302040541106,0.03955753144676331
GARCH,ETH-USD,2026-05-06 18:00:00,0.04046340086867529,0.03956530387525695
GARCH,ETH-USD,2026-05-06 18:15:00,0.041243306469005724,0.03956757651685652
GARCH,ETH-USD,2026-05-06 18:30:00,0.03852218969712876,0.039477774318872554
GARCH,ETH-USD,2026-05-06 18:45:00,0.037327667999610535,0.03947539829168534
GARCH,ETH-USD,2026-05-06 19:00:00,0.035646640794543105,0.03944134287729371
GARCH,ETH-USD,2026-05-06 19:15:00,0.0344014528397972,0.03942796630903651
GARCH,ETH-USD,2026-05-06 19:30:00,0.03324077978083171,0.03943637124112895
GARCH,ETH-USD,2026-05-06 19:45:00,0.033047061141590804,0.03943598951371103
GARCH,ETH-USD,2026-05-06 20:00:00,0.03493947830456539,0.03933200142003076
GARCH,ETH-USD,2026-05-06 20:15:00,0.032566048358714045,0.039374240237147
GARCH,ETH-USD,2026-05-06 20:30:00,0.035304988432617916,0.03936726160566763
GARCH,ETH-USD,2026-05-06 20:45:00,0.03404066955165698,0.039336646279084855
GARCH,ETH-USD,2026-05-06 21:00:00,0.033436661536516914,0.039143826807899976
GARCH,ETH-USD,2026-05-06 21:15:00,0.033036936740693315,0.03917444784689366
GARCH,ETH-USD,2026-05-06 21:30:00,0.03384467249290876,0.03913622639075445
GARCH,ETH-USD,2026-05-06 21:45:00,0.03203383118903967,0.039140531096453636
GARCH,ETH-USD,2026-05-06 22:00:00,0.03340215935923526,0.03919522903318125
GARCH,ETH-USD,2026-05-06 22:15:00,0.0353940458518106,0.03921204825994086
GARCH,ETH-USD,2026-05-06 22:30:00,0.03403728655813037,0.03915277131399693
GARCH,ETH-USD,2026-05-06 22:45:00,0.032973334571181505,0.03917388485477651
GARCH,ETH-USD,2026-05-06 23:00:00,0.03339199508373799,0.03921433386740599
GARCH,ETH-USD,2026-05-06 23:15:00,0.03530384223559489,0.0392150743629972
GARCH,ETH-USD,2026-05-06 23:30:00,0.03289891217105344,0.03922383324714212
GARCH,ETH-USD,2026-05-06 23:45:00,0.03280960123019237,0.03922472769882766
GARCH,ETH-USD,2026-05-07 00:00:00,0.03153468976457204,0.039271184020564835
GARCH,ETH-USD,2026-05-07 00:15:00,0.0338692923280324,0.0393124841324358
GARCH,ETH-USD,2026-05-07 00:30:00,0.04049369977506398,0.03942047106548753
GARCH,ETH-USD,2026-05-07 00:45:00,0.04133752933213088,0.03541582093412207
GARCH,ETH-USD,2026-05-07 01:00:00,0.03839574176893448,0.03536772843344554
GARCH,ETH-USD,2026-05-07 01:15:00,0.038027201080208524,0.03447397315070635
GARCH,ETH-USD,2026-05-07 01:30:00,0.036633141406491945,0.03456889683016154
GARCH,ETH-USD,2026-05-07 01:45:00,0.04032998848224891,0.034907124905705925
GARCH,ETH-USD,2026-05-07 02:00:00,0.0509540207707259,0.03486827770319351
GARCH,ETH-USD,2026-05-07 02:15:00,0.04413211800569235,0.03484384585376431
GARCH,ETH-USD,2026-05-07 02:30:00,0.04363121301347076,0.034860703535923174
GARCH,ETH-USD,2026-05-07 02:45:00,0.04282741659207457,0.03487268520383077
GARCH,ETH-USD,2026-05-07 03:00:00,0.040778504172771415,0.03484429535909519
GARCH,ETH-USD,2026-05-07 03:15:00,0.038925649236748065,0.03487150381306442
GARCH,ETH-USD,2026-05-07 03:30:00,0.03849434522191912,0.034816369725596014
GARCH,ETH-USD,2026-05-07 03:45:00,0.03655194781165337,0.03482747113618243
GARCH,ETH-USD,2026-05-07 04:00:00,0.035813467497143356,0.03483346514983049
GARCH,ETH-USD,2026-05-07 04:15:00,0.0347284491707055,0.034832682661723555
GARCH,ETH-USD,2026-05-07 04:30:00,0.03402847360123016,0.03486424972465038
GARCH,ETH-USD,2026-05-07 04:45:00,0.034211720663030736,0.03485762202939675
GARCH,ETH-USD,2026-05-07 05:00:00,0.03456926548266564,0.034764203225048106
GARCH,ETH-USD,2026-05-07 05:15:00,0.0327836230480985,0.03465110126674677
GARCH,ETH-USD,2026-05-07 05:30:00,0.032039730912559655,0.03372164497261903
GARCH,ETH-USD,2026-05-07 05:45:00,0.030994655533010732,0.03388015335388239
GARCH,ETH-USD,2026-05-07 06:00:00,0.041058485746332356,0.032976674594344536
GARCH,ETH-USD,2026-05-07 06:15:00,0.035360701900309655,0.033380004505212835
GARCH,ETH-USD,2026-05-07 06:30:00,0.05346268770724647,0.03334394129770709
GARCH,ETH-USD,2026-05-07 06:45:00,0.04364540928469367,0.03319717028922263
GARCH,ETH-USD,2026-05-07 07:00:00,0.04820301789763107,0.03235102669164232
GARCH,ETH-USD,2026-05-07 07:15:00,0.0439948820138161,0.03240823032578707
GARCH,ETH-USD,2026-05-07 07:30:00,0.044860547874200726,0.03235259170319551
GARCH,ETH-USD,2026-05-07 07:45:00,0.0414658901374108,0.03215674775203721
GARCH,ETH-USD,2026-05-07 08:00:00,0.040869091568435593,0.032168742491788034
GARCH,ETH-USD,2026-05-07 08:15:00,0.04028918571853881,0.03219546084157974
GARCH,ETH-USD,2026-05-07 08:30:00,0.039139411805383155,0.03217269381142125
GARCH,ETH-USD,2026-05-07 08:45:00,0.03732508774583263,0.03217127912561626
GARCH,ETH-USD,2026-05-07 09:00:00,0.036301970147022695,0.0320275121177406
GARCH,ETH-USD,2026-05-07 09:15:00,0.037070405206359514,0.0320493092835601
GARCH,ETH-USD,2026-05-07 09:30:00,0.035918345780817616,0.03204676068329771
GARCH,ETH-USD,2026-05-07 09:45:00,0.034429667018260265,0.032066549383140096
GARCH,ETH-USD,2026-05-07 10:00:00,0.03449305745944978,0.032120638472345274
GARCH,ETH-USD,2026-05-07 10:15:00,0.039285567450871695,0.032384739659263036
GARCH,ETH-USD,2026-05-07 10:30:00,0.04536444946333827,0.03238680414667548
GARCH,ETH-USD,2026-05-07 10:45:00,0.0402177133003348,0.03240496016097721
GARCH,ETH-USD,2026-05-07 11:00:00,0.04025403729599195,0.03237028198691499
GARCH,ETH-USD,2026-05-07 11:15:00,0.0379382795492346,0.032367136060175564
GARCH,ETH-USD,2026-05-07 11:30:00,0.03745358070327481,0.03236582212971881
GARCH,ETH-USD,2026-05-07 11:45:00,0.03552596336722822,0.032307344326013177
GARCH,ETH-USD,2026-05-07 12:00:00,0.038394266794784464,0.03232156662727787
GARCH,ETH-USD,2026-05-07 12:15:00,0.036256159129937855,0.032307827607479085
GARCH,ETH-USD,2026-05-07 12:30:00,0.03508754050456815,0.03230775009740966
GARCH,ETH-USD,2026-05-07 12:45:00,0.03373272828492952,0.03250548292653058
GARCH,ETH-USD,2026-05-07 13:00:00,0.04227892560631674,0.032466940888952425
GARCH,ETH-USD,2026-05-07 13:15:00,0.03680002325005859,0.03270526594706549
GARCH,ETH-USD,2026-05-07 13:30:00,0.04842193024861782,0.032705316360295826
GARCH,ETH-USD,2026-05-07 13:45:00,0.04104154649599008,0.032682172552536394
GARCH,ETH-USD,2026-05-07 14:00:00,0.04181627317816473,0.03279631633362567
GARCH,ETH-USD,2026-05-07 14:15:00,0.044001565959546185,0.03309020789067452
GARCH,ETH-USD,2026-05-07 14:30:00,0.05604128219534974,0.03309159305747337
GARCH,ETH-USD,2026-05-07 14:45:00,0.04802550276957109,0.033038932866387205
GARCH,ETH-USD,2026-05-07 15:00:00,0.0474749341740502,0.03318838420016764
GARCH,ETH-USD,2026-05-07 15:15:00,0.050152868186949404,0.03314125447064114
GARCH,ETH-USD,2026-05-07 15:30:00,0.04794767924199718,0.03310386176226657
GARCH,ETH-USD,2026-05-07 15:45:00,0.04565294174838391,0.03314628659083994
GARCH,ETH-USD,2026-05-07 16:00:00,0.04506389707230537,0.033312068585014926
GARCH,ETH-USD,2026-05-07 16:15:00,0.04802298588528137,0.03332500376291971
GARCH,ETH-USD,2026-05-07 16:30:00,0.04420970752338159,0.033346283030511084
GARCH,ETH-USD,2026-05-07 16:45:00,0.04350445703997493,0.03319639937696503
GARCH,ETH-USD,2026-05-07 17:00:00,0.04122441285965434,0.03327401420548343
GARCH,ETH-USD,2026-05-07 17:15:00,0.04321008833478152,0.03318289967413749
GARCH,ETH-USD,2026-05-07 17:30:00,0.04161287916519294,0.033293321116988704
GARCH,ETH-USD,2026-05-07 17:45:00,0.047307722813264216,0.03320984540571302
GARCH,ETH-USD,2026-05-07 18:00:00,0.04190945146113968,0.03315176439928716
GARCH,ETH-USD,2026-05-07 18:15:00,0.041279747777935895,0.03297991209186443
GARCH,ETH-USD,2026-05-07 18:30:00,0.04028515664267192,0.03296285976396167
GARCH,ETH-USD,2026-05-07 18:45:00,0.03815190853278384,0.032955192432974095
GARCH,ETH-USD,2026-05-07 19:00:00,0.03693141252480071,0.03300995019732464
GARCH,ETH-USD,2026-05-07 19:15:00,0.03809614146985403,0.033050475005885545
GARCH,ETH-USD,2026-05-07 19:30:00,0.03698255506015142,0.03305313348066498
GARCH,ETH-USD,2026-05-07 19:45:00,0.035771260476108575,0.033047593497294504
GARCH,ETH-USD,2026-05-07 20:00:00,0.03433430940291577,0.032946539345998366
GARCH,ETH-USD,2026-05-07 20:15:00,0.033281330588242036,0.03297541187235861
GARCH,ETH-USD,2026-05-07 20:30:00,0.03466019664569169,0.03296729215056841
GARCH,ETH-USD,2026-05-07 20:45:00,0.032621460427411035,0.03297979723057762
GARCH,ETH-USD,2026-05-07 21:00:00,0.03321379157318859,0.033021825678620734
GARCH,ETH-USD,2026-05-07 21:15:00,0.03839082828511358,0.03301566962564152
GARCH,ETH-USD,2026-05-07 21:30:00,0.03544746238662322,0.032948597835127755
GARCH,ETH-USD,2026-05-07 21:45:00,0.03592939285734401,0.03293030258283317
GARCH,ETH-USD,2026-05-07 22:00:00,0.03386984868937218,0.032917941547758886
GARCH,ETH-USD,2026-05-07 22:15:00,0.033246507540457985,0.032903239005642626
GARCH,ETH-USD,2026-05-07 22:30:00,0.03277736747587572,0.03288071892846543
GARCH,ETH-USD,2026-05-07 22:45:00,0.03311532683529618,0.032868526591176804
GARCH,ETH-USD,2026-05-07 23:00:00,0.03245580956056381,0.032801524147091095
GARCH,ETH-USD,2026-05-07 23:15:00,0.03135214808018873,0.03277215119612447
GARCH,ETH-USD,2026-05-07 23:30:00,0.03125257760913056,0.03274921752392272
GARCH,ETH-USD,2026-05-07 23:45:00,0.030147996890659685,0.03263104284766059
GARCH,ETH-USD,2026-05-08 00:00:00,0.030666801914297905,0.03263523305685946
GARCH,ETH-USD,2026-05-08 00:15:00,0.03078187533309069,0.03263701067096044
GARCH,ETH-USD,2026-05-08 00:30:00,0.03060313550190493,0.03263915887642098
GARCH,ETH-USD,2026-05-08 00:45:00,0.029996295935647756,0.03265673263178336
GARCH,ETH-USD,2026-05-08 01:00:00,0.030531598910126453,0.03259514085312774
GARCH,ETH-USD,2026-05-08 01:15:00,0.02941897919506003,0.032577829175275436
GARCH,ETH-USD,2026-05-08 01:30:00,0.028924880360430526,0.03256098484536228
GARCH,ETH-USD,2026-05-08 01:45:00,0.028300649698971947,0.0325613836978144
GARCH,ETH-USD,2026-05-08 02:00:00,0.02782719837275839,0.032561551643013144
GARCH,ETH-USD,2026-05-08 02:15:00,0.027384158852161115,0.03253170319887681
GARCH,ETH-USD,2026-05-08 02:30:00,0.027008322449917913,0.032529168368255215
GARCH,ETH-USD,2026-05-08 02:45:00,0.026676293738310965,0.032863839774805836
GARCH,ETH-USD,2026-05-08 03:00:00,0.04425256469736774,0.032957036663048556
GARCH,ETH-USD,2026-05-08 03:15:00,0.041717919730456604,0.03296015857850198
GARCH,ETH-USD,2026-05-08 03:30:00,0.040392764929032744,0.03296013599141945
GARCH,ETH-USD,2026-05-08 03:45:00,0.038372977350013875,0.032864174248384684
GARCH,ETH-USD,2026-05-08 04:00:00,0.03799638019492462,0.03279826281620439
GARCH,ETH-USD,2026-05-08 04:15:00,0.03596333767345099,0.032873680857126
GARCH,ETH-USD,2026-05-08 04:30:00,0.038622040934445254,0.03296614592944378
GARCH,ETH-USD,2026-05-08 04:45:00,0.03882419216385109,0.03287282644312347
GARCH,ETH-USD,2026-05-08 05:00:00,0.0366722919158081,0.0328651217560091
GARCH,ETH-USD,2026-05-08 05:15:00,0.03542808896913278,0.0327897328322075
GARCH,ETH-USD,2026-05-08 05:30:00,0.034675281010703954,0.03282468398741972
GARCH,ETH-USD,2026-05-08 05:45:00,0.03566248817321993,0.03277701850269753
GARCH,ETH-USD,2026-05-08 06:00:00,0.03532115917468686,0.03278165961072489
GARCH,ETH-USD,2026-05-08 06:15:00,0.0339464457186923,0.03277657143097054
GARCH,ETH-USD,2026-05-08 06:30:00,0.03296114932456857,0.032743553813516624
GARCH,ETH-USD,2026-05-08 06:45:00,0.03205468908477742,0.03276377531374074
GARCH,ETH-USD,2026-05-08 07:00:00,0.032625548282134424,0.03275388546093745
GARCH,ETH-USD,2026-05-08 07:15:00,0.032250221671512064,0.03257062904552037
GARCH,ETH-USD,2026-05-08 07:30:00,0.046351405185856495,0.03254170633581824
GARCH,ETH-USD,2026-05-08 07:45:00,0.038742455985942136,0.03254375758753276
GARCH,ETH-USD,2026-05-08 08:00:00,0.039342452934299436,0.03254412435954946
GARCH,ETH-USD,2026-05-08 08:15:00,0.03674909162232108,0.03258176408677248
GARCH,ETH-USD,2026-05-08 08:30:00,0.037923125789625305,0.03258126000883774
GARCH,ETH-USD,2026-05-08 08:45:00,0.03535691070639622,0.03231716507397314
GARCH,ETH-USD,2026-05-08 09:00:00,0.035897667951833315,0.032340602250635904
GARCH,ETH-USD,2026-05-08 09:15:00,0.03465650536723822,0.03239173730973138
GARCH,ETH-USD,2026-05-08 09:30:00,0.03607502978214497,0.03241315056606917
GARCH,ETH-USD,2026-05-08 09:45:00,0.03504407478184188,0.03240704900795308
GARCH,ETH-USD,2026-05-08 10:00:00,0.03364729886156027,0.03240792088750459
GARCH,ETH-USD,2026-05-08 10:15:00,0.032629529453861904,0.03244034084971617
GARCH,ETH-USD,2026-05-08 10:30:00,0.0344589515694379,0.03242848480660943
GARCH,ETH-USD,2026-05-08 10:45:00,0.03218229737638139,0.03221377509034217
GARCH,ETH-USD,2026-05-08 11:00:00,0.0317160166261409,0.032258723937163974
GARCH,ETH-USD,2026-05-08 11:15:00,0.03253702807402057,0.0322366347257978
GARCH,ETH-USD,2026-05-08 11:30:00,0.03171778700695157,0.03231159522458964
GARCH,ETH-USD,2026-05-08 11:45:00,0.034061371575177385,0.03228939414569009
GARCH,ETH-USD,2026-05-08 12:00:00,0.03202297000912199,0.032263781493394775
GARCH,ETH-USD,2026-05-08 12:15:00,0.03151548682814108,0.032231326642854184
GARCH,ETH-USD,2026-05-08 12:30:00,0.030653632091949903,0.032319996900224274
GARCH,ETH-USD,2026-05-08 12:45:00,0.037054416934478834,0.0325063554775194
GARCH,ETH-USD,2026-05-08 13:00:00,0.04150022080711381,0.03250419360055161
GARCH,ETH-USD,2026-05-08 13:15:00,0.037975825693265526,0.03191579556246781
GARCH,ETH-USD,2026-05-08 13:30:00,0.03755457427317894,0.03185506907633866
GARCH,ETH-USD,2026-05-08 13:45:00,0.0369118343638124,0.03197659869882766
GARCH,ETH-USD,2026-05-08 14:00:00,0.04017103443830359,0.03163395753388649
GARCH,ETH-USD,2026-05-08 14:15:00,0.03655965250880254,0.031764655147364027
GARCH,ETH-USD,2026-05-08 14:30:00,0.040758164045760235,0.031765525655562246
GARCH,ETH-USD,2026-05-08 14:45:00,0.03751778527775554,0.031813689332748966
GARCH,ETH-USD,2026-05-08 15:00:00,0.040068191359085736,0.03172236519575748
GARCH,ETH-USD,2026-05-08 15:15:00,0.03789999309157795,0.0318723692698313
GARCH,ETH-USD,2026-05-08 15:30:00,0.043296854663668824,0.032077229592526534
GARCH,ETH-USD,2026-05-08 15:45:00,0.04679817648836142,0.03203320700092139
GARCH,ETH-USD,2026-05-08 16:00:00,0.043176329437797666,0.032024015824618356
GARCH,ETH-USD,2026-05-08 16:15:00,0.041619331432360115,0.03203162296347043
GARCH,ETH-USD,2026-05-08 16:30:00,0.03970843329735169,0.03201351484900106
GARCH,ETH-USD,2026-05-08 16:45:00,0.03826288513819128,0.03212834567102047
GARCH,ETH-USD,2026-05-08 17:00:00,0.04090451997116959,0.03205338809296134
GARCH,ETH-USD,2026-05-08 17:15:00,0.04111540473441266,0.032284063098653296
GARCH,ETH-USD,2026-05-08 17:30:00,0.046596689426458074,0.03227972303803653
GARCH,ETH-USD,2026-05-08 17:45:00,0.04405378416979584,0.03244863640997948
GARCH,ETH-USD,2026-05-08 18:00:00,0.04751269571579409,0.03238563057972025
GARCH,ETH-USD,2026-05-08 18:15:00,0.04663457641364448,0.03238585745665256
GARCH,ETH-USD,2026-05-08 18:30:00,0.04358511721825809,0.032433995042251425
GARCH,ETH-USD,2026-05-08 18:45:00,0.04372753680950713,0.03247089313509103
GARCH,ETH-USD,2026-05-08 19:00:00,0.04197744098234511,0.032434070527695494
GARCH,ETH-USD,2026-05-08 19:15:00,0.040465313759975204,0.0324299172225016
GARCH,ETH-USD,2026-05-08 19:30:00,0.03846491636968715,0.03236823724010584
GARCH,ETH-USD,2026-05-08 19:45:00,0.03691174474256927,0.03236808947719722
GARCH,ETH-USD,2026-05-08 20:00:00,0.03600480119495633,0.03236677223155434
GARCH,ETH-USD,2026-05-08 20:15:00,0.034590982462269146,0.03235030839017983
GARCH,ETH-USD,2026-05-08 20:30:00,0.03566848210770052,0.032288645684650175
GARCH,ETH-USD,2026-05-08 20:45:00,0.033721656410663305,0.03228469128932182
GARCH,ETH-USD,2026-05-08 21:00:00,0.033056393745267205,0.03230882759288078
GARCH,ETH-USD,2026-05-08 21:15:00,0.03349614065716911,0.03231173229534877
GARCH,ETH-USD,2026-05-08 21:30:00,0.03485247401292373,0.0323126510486392
GARCH,ETH-USD,2026-05-08 21:45:00,0.032720602397530066,0.03234591646794622
GARCH,ETH-USD,2026-05-08 22:00:00,0.03345519803647359,0.032343371233401925
GARCH,ETH-USD,2026-05-08 22:15:00,0.0341533706187445,0.03233436659869991
GARCH,ETH-USD,2026-05-08 22:30:00,0.03244972088038041,0.032337072156746714
GARCH,ETH-USD,2026-05-08 22:45:00,0.03188581844064849,0.03229400646081998
GARCH,ETH-USD,2026-05-08 23:00:00,0.032920146087448324,0.03229338928007013
GARCH,ETH-USD,2026-05-08 23:15:00,0.031227995505238793,0.032244550957840325
GARCH,ETH-USD,2026-05-08 23:30:00,0.03237716007853487,0.031851298735111014
GARCH,ETH-USD,2026-05-08 23:45:00,0.03182743378090284,0.03183523950808382
GARCH,ETH-USD,2026-05-09 00:00:00,0.03086227033066938,0.031848046836713606
GARCH,ETH-USD,2026-05-09 00:15:00,0.03071716315504956,0.029639466986075728
GARCH,ETH-USD,2026-05-09 00:30:00,0.030248263197401606,0.0295676741493344
GARCH,ETH-USD,2026-05-09 00:45:00,0.029823808124003953,0.029651199322045272
GARCH,ETH-USD,2026-05-09 01:00:00,0.032419625915350074,0.02965817595203807
GARCH,ETH-USD,2026-05-09 01:15:00,0.03077369747454134,0.029720039196915723
GARCH,ETH-USD,2026-05-09 01:30:00,0.03277160437427553,0.029719439501911592
GARCH,ETH-USD,2026-05-09 01:45:00,0.030862407439499234,0.029689352140829198
GARCH,ETH-USD,2026-05-09 02:00:00,0.03120297424465727,0.029682610004839516
GARCH,ETH-USD,2026-05-09 02:15:00,0.029951457157166857,0.029641319190879287
GARCH,ETH-USD,2026-05-09 02:30:00,0.029939086605047557,0.029642393151867428
GARCH,ETH-USD,2026-05-09 02:45:00,0.029189959002737517,0.029509001801716818
GARCH,ETH-USD,2026-05-09 03:00:00,0.028805947159792237,0.029378541279852333
GARCH,ETH-USD,2026-05-09 03:15:00,0.02851365474291988,0.029399672268062775
GARCH,ETH-USD,2026-05-09 03:30:00,0.029278674843851535,0.029372676747967563
GARCH,ETH-USD,2026-05-09 03:45:00,0.028647270195791896,0.028834611841994987
GARCH,ETH-USD,2026-05-09 04:00:00,0.033208987677364174,0.02875237948912017
GARCH,ETH-USD,2026-05-09 04:15:00,0.0331243355234105,0.028689990145518623
GARCH,ETH-USD,2026-05-09 04:30:00,0.0332461540061054,0.028455049023143338
GARCH,ETH-USD,2026-05-09 04:45:00,0.03182079577126699,0.02812901712832897
GARCH,ETH-USD,2026-05-09 05:00:00,0.03123700939123035,0.02806066493863026
GARCH,ETH-USD,2026-05-09 05:15:00,0.030672825014937788,0.02789101813168644
GARCH,ETH-USD,2026-05-09 05:30:00,0.03008789793923982,0.027564512866140797
GARCH,ETH-USD,2026-05-09 05:45:00,0.03012083826612949,0.027592078681437534
GARCH,ETH-USD,2026-05-09 06:00:00,0.031193244001494223,0.027562001047975532
GARCH,ETH-USD,2026-05-09 06:15:00,0.02994837805413211,0.02757393312875587
GARCH,ETH-USD,2026-05-09 06:30:00,0.030161734901012018,0.027566986772415408
GARCH,ETH-USD,2026-05-09 06:45:00,0.02912604577078348,0.027503908257044317
GARCH,ETH-USD,2026-05-09 07:00:00,0.02889261442941574,0.027119456537991908
GARCH,ETH-USD,2026-05-09 07:15:00,0.029615143777086916,0.026948520405507968
GARCH,ETH-USD,2026-05-09 07:30:00,0.02847705214887776,0.026950965697992643
GARCH,ETH-USD,2026-05-09 07:45:00,0.028384668055014394,0.02699776940100123
GARCH,ETH-USD,2026-05-09 08:00:00,0.030084674710360675,0.026898343461892914
GARCH,ETH-USD,2026-05-09 08:15:00,0.02855183794502627,0.02690292822262132
GARCH,ETH-USD,2026-05-09 08:30:00,0.028638282566547588,0.026866066018023695
GARCH,ETH-USD,2026-05-09 08:45:00,0.02790482039870509,0.026872392617021523
GARCH,ETH-USD,2026-05-09 09:00:00,0.027923928107771046,0.02682102383428532
GARCH,ETH-USD,2026-05-09 09:15:00,0.028192068210074545,0.026814518215866782
GARCH,ETH-USD,2026-05-09 09:30:00,0.02745362587598564,0.026812273395922483
GARCH,ETH-USD,2026-05-09 09:45:00,0.02717642206238835,0.026813907337351582
GARCH,ETH-USD,2026-05-09 10:00:00,0.02689493315812767,0.026816664545540037
GARCH,ETH-USD,2026-05-09 10:15:00,0.026739301795415428,0.026837701112537568
GARCH,ETH-USD,2026-05-09 10:30:00,0.027411009754063867,0.02681902215373019
GARCH,ETH-USD,2026-05-09 10:45:00,0.027018252687967197,0.026742830555861807
GARCH,ETH-USD,2026-05-09 11:00:00,0.027241377153939216,0.02674615676829955
GARCH,ETH-USD,2026-05-09 11:15:00,0.026789546512204915,0.026672984710543562
GARCH,ETH-USD,2026-05-09 11:30:00,0.026972424975167254,0.026636672095568588
GARCH,ETH-USD,2026-05-09 11:45:00,0.0266407800340682,0.026624135469381333
GARCH,ETH-USD,2026-05-09 12:00:00,0.02638070271341011,0.026626031833699892
GARCH,ETH-USD,2026-05-09 12:15:00,0.02732148442038278,0.02657380031102254
GARCH,ETH-USD,2026-05-09 12:30:00,0.026862552847559496,0.026578241518579498
GARCH,ETH-USD,2026-05-09 12:45:00,0.026771656287760116,0.02653174450508459
GARCH,ETH-USD,2026-05-09 13:00:00,0.026470122477831863,0.0264402080225089
GARCH,ETH-USD,2026-05-09 13:15:00,0.026621724735535382,0.02641198869189755
GARCH,ETH-USD,2026-05-09 13:30:00,0.02644750715851434,0.026420658415265957
GARCH,ETH-USD,2026-05-09 13:45:00,0.026556639965742118,0.026388139331983366
GARCH,ETH-USD,2026-05-09 14:00:00,0.026326664979094735,0.026392127530231627
GARCH,ETH-USD,2026-05-09 14:15:00,0.030930111233640954,0.026394339545123328
GARCH,ETH-USD,2026-05-09 14:30:00,0.02840266912928592,0.026380008516097137
GARCH,ETH-USD,2026-05-09 14:45:00,0.028640905003102346,0.026442849937421298
GARCH,ETH-USD,2026-05-09 15:00:00,0.0308713398441922,0.026563295648340954
GARCH,ETH-USD,2026-05-09 15:15:00,0.03629522473991075,0.02634279100431162
GARCH,ETH-USD,2026-05-09 15:30:00,0.033477245490666586,0.026240479033044873
GARCH,ETH-USD,2026-05-09 15:45:00,0.03524443117955036,0.02628309732085052
GARCH,ETH-USD,2026-05-09 16:00:00,0.03443476510147291,0.026261400372608473
GARCH,ETH-USD,2026-05-09 16:15:00,0.03319889571878428,0.026243200280298737
GARCH,ETH-USD,2026-05-09 16:30:00,0.03221542947810881,0.02609120953549635
GARCH,ETH-USD,2026-05-09 16:45:00,0.03128440803235048,0.025998846775611498
GARCH,ETH-USD,2026-05-09 17:00:00,0.04426612381903201,0.025982558567419774
GARCH,ETH-USD,2026-05-09 17:15:00,0.03725098370138404,0.025989143302516723
GARCH,ETH-USD,2026-05-09 17:30:00,0.03797366619462978,0.025926627047575947
GARCH,ETH-USD,2026-05-09 17:45:00,0.03561559927247184,0.025908859635265274
GARCH,ETH-USD,2026-05-09 18:00:00,0.03460150967907011,0.02607852775747498
GARCH,ETH-USD,2026-05-09 18:15:00,0.03923400002297041,0.02614267373863456
GARCH,ETH-USD,2026-05-09 18:30:00,0.03866264352594264,0.026144110244109234
GARCH,ETH-USD,2026-05-09 18:45:00,0.03679299614331325,0.02612871093040928
GARCH,ETH-USD,2026-05-09 19:00:00,0.035430669963778263,0.026120530086891622
GARCH,ETH-USD,2026-05-09 19:15:00,0.034309907908922625,0.02610356402556134
GARCH,ETH-USD,2026-05-09 19:30:00,0.0330569249256405,0.026108086242999484
GARCH,ETH-USD,2026-05-09 19:45:00,0.033781986637134526,0.026111582500279916
GARCH,ETH-USD,2026-05-09 20:00:00,0.03417794548165835,0.02611401011329637
GARCH,ETH-USD,2026-05-09 20:15:00,0.03253167188027358,0.026115226444744226
GARCH,ETH-USD,2026-05-09 20:30:00,0.03182246842766175,0.02611600070982243
GARCH,ETH-USD,2026-05-09 20:45:00,0.030832169600664008,0.025814592202770503
GARCH,ETH-USD,2026-05-09 21:00:00,0.03036691287957925,0.02581017809676384
GARCH,ETH-USD,2026-05-09 21:15:00,0.02949399562079215,0.025167869383978615
GARCH,ETH-USD,2026-05-09 21:30:00,0.029000840297296403,0.025167971417781963
GARCH,ETH-USD,2026-05-09 21:45:00,0.028540005765544333,0.025021813050293534
GARCH,ETH-USD,2026-05-09 22:00:00,0.028087806212938795,0.02499246746989107
GARCH,ETH-USD,2026-05-09 22:15:00,0.027720355536504798,0.02491539758039888
GARCH,ETH-USD,2026-05-09 22:30:00,0.027676162447717666,0.024940332569034235
GARCH,ETH-USD,2026-05-09 22:45:00,0.028307103418382423,0.024924889435937514
GARCH,ETH-USD,2026-05-09 23:00:00,0.027981092539774134,0.024883138005613314
GARCH,ETH-USD,2026-05-09 23:15:00,0.0281854722548242,0.02485109417384514
GARCH,ETH-USD,2026-05-09 23:30:00,0.02765598291446228,0.02485584132186616
GARCH,ETH-USD,2026-05-09 23:45:00,0.02762983516892416,0.024845000276565225
GARCH,ETH-USD,2026-05-10 00:00:00,0.02718140481149253,0.02477554069642517
GARCH,ETH-USD,2026-05-10 00:15:00,0.026858211557162708,0.024741769530130252
GARCH,ETH-USD,2026-05-10 00:30:00,0.026569387895617164,0.024801926440230698
GARCH,ETH-USD,2026-05-10 00:45:00,0.0289144670638359,0.024776087128265963
GARCH,ETH-USD,2026-05-10 01:00:00,0.02771598039160784,0.024602176157159483
GARCH,ETH-USD,2026-05-10 01:15:00,0.028482528836094118,0.024257605125289614
GARCH,ETH-USD,2026-05-10 01:30:00,0.02750990894172247,0.024303070609980406
GARCH,ETH-USD,2026-05-10 01:45:00,0.029309230781227786,0.024295546874120506
GARCH,ETH-USD,2026-05-10 02:00:00,0.028526191180615862,0.024359551733911185
GARCH,ETH-USD,2026-05-10 02:15:00,0.030864040141815634,0.024331904027667956
GARCH,ETH-USD,2026-05-10 02:30:00,0.028984885302758556,0.024336271948996846
GARCH,ETH-USD,2026-05-10 02:45:00,0.02902891676146564,0.02421295339625342
GARCH,ETH-USD,2026-05-10 03:00:00,0.02829831267094543,0.024196053282599717
GARCH,ETH-USD,2026-05-10 03:15:00,0.028536458255507137,0.024230108691143098
GARCH,ETH-USD,2026-05-10 03:30:00,0.029139752909795816,0.02423627389418687
GARCH,ETH-USD,2026-05-10 03:45:00,0.02838066819981031,0.023926646927870773
GARCH,ETH-USD,2026-05-10 04:00:00,0.02794742168721118,0.023932881525478678
GARCH,ETH-USD,2026-05-10 04:15:00,0.027889362661624714,0.02350264920315622
GARCH,ETH-USD,2026-05-10 04:30:00,0.027511234274506996,0.023502405224419872
GARCH,ETH-USD,2026-05-10 04:45:00,0.027111347459196505,0.023478884398152666
GARCH,ETH-USD,2026-05-10 05:00:00,0.026770487753383115,0.023286388669489063
GARCH,ETH-USD,2026-05-10 05:15:00,0.026513116564065943,0.02259064341865192
GARCH,ETH-USD,2026-05-10 05:30:00,0.026272686882622312,0.02257525697572918
GARCH,ETH-USD,2026-05-10 05:45:00,0.02621667450522087,0.02258408884433618
GARCH,ETH-USD,2026-05-10 06:00:00,0.026403383441372698,0.02234074117078914
GARCH,ETH-USD,2026-05-10 06:15:00,0.026880987016967,0.022257365752434557
GARCH,ETH-USD,2026-05-10 06:30:00,0.027251121232992902,0.02223582865242855
GARCH,ETH-USD,2026-05-10 06:45:00,0.02663591592598022,0.022169871306265562
GARCH,ETH-USD,2026-05-10 07:00:00,0.026947530515331514,0.02194313387779533
GARCH,ETH-USD,2026-05-10 07:15:00,0.02705325427930452,0.021909144333642466
GARCH,ETH-USD,2026-05-10 07:30:00,0.026567852173731737,0.02188329877144494
GARCH,ETH-USD,2026-05-10 07:45:00,0.02693948358313223,0.02187255383664056
GARCH,ETH-USD,2026-05-10 08:00:00,0.02656014451818665,0.021726756601513162
GARCH,ETH-USD,2026-05-10 08:15:00,0.02686708168008407,0.021662351513423536
GARCH,ETH-USD,2026-05-10 08:30:00,0.026571440682836497,0.021347609234517104
GARCH,ETH-USD,2026-05-10 08:45:00,0.02640761738322291,0.021349570059374812
GARCH,ETH-USD,2026-05-10 09:00:00,0.02622168612379519,0.021352648478694506
GARCH,ETH-USD,2026-05-10 09:15:00,0.026302955325923628,0.02130642116271866
GARCH,ETH-USD,2026-05-10 09:30:00,0.02638321592848467,0.021305848576650264
GARCH,ETH-USD,2026-05-10 09:45:00,0.02603088671158904,0.021351465113139293
GARCH,ETH-USD,2026-05-10 10:00:00,0.027866464391521118,0.021256356495752308
GARCH,ETH-USD,2026-05-10 10:15:00,0.02708122201363783,0.021232574642935483
GARCH,ETH-USD,2026-05-10 10:30:00,0.027722889237753363,0.02122535520929572
GARCH,ETH-USD,2026-05-10 10:45:00,0.02721800981104135,0.021231934988444272
GARCH,ETH-USD,2026-05-10 11:00:00,0.0271240286756545,0.02125255639313743
GARCH,ETH-USD,2026-05-10 11:15:00,0.027532050200965268,0.02116812590010578
GARCH,ETH-USD,2026-05-10 11:30:00,0.02689003059328968,0.0211723884724363
GARCH,ETH-USD,2026-05-10 11:45:00,0.027113943331232182,0.02112867673396964
GARCH,ETH-USD,2026-05-10 12:00:00,0.026611473640764396,0.0209039880565721
GARCH,ETH-USD,2026-05-10 12:15:00,0.026540057810932452,0.02086586033003149
GARCH,ETH-USD,2026-05-10 12:30:00,0.02621208842656586,0.020818139194138375
GARCH,ETH-USD,2026-05-10 12:45:00,0.0260454554554557,0.02089586012543843
GARCH,ETH-USD,2026-05-10 13:00:00,0.028918421680499167,0.02088859391489263
GARCH,ETH-USD,2026-05-10 13:15:00,0.027340408352226103,0.02085888857784438
GARCH,ETH-USD,2026-05-10 13:30:00,0.027361583791468025,0.02081301179202667
GARCH,ETH-USD,2026-05-10 13:45:00,0.026846469259029015,0.02079098474490053
GARCH,ETH-USD,2026-05-10 14:00:00,0.026687338703758636,0.02079721601913067
GARCH,ETH-USD,2026-05-10 14:15:00,0.026583634565758574,0.020809871931738357
GARCH,ETH-USD,2026-05-10 14:30:00,0.02755922898692623,0.020807939323209096
GARCH,ETH-USD,2026-05-10 14:45:00,0.026692067356802962,0.02085546173256723
GARCH,ETH-USD,2026-05-10 15:00:00,0.02958768607267887,0.02081229985970965
GARCH,ETH-USD,2026-05-10 15:15:00,0.02779222453504441,0.020979436572142525
GARCH,ETH-USD,2026-05-10 15:30:00,0.034675440463107034,0.021094854485601947
GARCH,ETH-USD,2026-05-10 15:45:00,0.035133827975036704,0.02106006170567316
GARCH,ETH-USD,2026-05-10 16:00:00,0.03341044253186217,0.021059132920174785
GARCH,ETH-USD,2026-05-10 16:15:00,0.032589821110984275,0.021061320923993664
GARCH,ETH-USD,2026-05-10 16:30:00,0.03162699166974626,0.02111050650029268
GARCH,ETH-USD,2026-05-10 16:45:00,0.032575644976134424,0.021113606438924497
GARCH,ETH-USD,2026-05-10 17:00:00,0.03092054794125619,0.021261193201674262
GARCH,ETH-USD,2026-05-10 17:15:00,0.03543043311599822,0.02126088785588156
GARCH,ETH-USD,2026-05-10 17:30:00,0.03213489925051498,0.021515375603044524
GARCH,ETH-USD,2026-05-10 17:45:00,0.039917704352459935,0.020868965905768526
GARCH,ETH-USD,2026-05-10 18:00:00,0.03520680896100253,0.020738059961345274
GARCH,ETH-USD,2026-05-10 18:15:00,0.03679566475133373,0.02085850378570524
GARCH,ETH-USD,2026-05-10 18:30:00,0.0375629090829249,0.020867049685780806
GARCH,ETH-USD,2026-05-10 18:45:00,0.03566041134253819,0.02083804090552853
GARCH,ETH-USD,2026-05-10 19:00:00,0.03456520439354533,0.02113793502551602
GARCH,ETH-USD,2026-05-10 19:15:00,0.04205942535233372,0.020996527934671702
GARCH,ETH-USD,2026-05-10 19:30:00,0.03708038762621192,0.020888509131158816
GARCH,ETH-USD,2026-05-10 19:45:00,0.036893247064918845,0.021430415979095462
GARCH,ETH-USD,2026-05-10 20:00:00,0.04786761948452605,0.02143778199141015
GARCH,ETH-USD,2026-05-10 20:15:00,0.04086531697689135,0.022745454179567328
GARCH,ETH-USD,2026-05-10 20:30:00,0.06645403246004704,0.02288756884235578
GARCH,ETH-USD,2026-05-10 20:45:00,0.05700124354171333,0.022861006257429588
GARCH,ETH-USD,2026-05-10 21:00:00,0.0565244370138244,0.02315040459635751
GARCH,ETH-USD,2026-05-10 21:15:00,0.05837113007135026,0.023144578214627072
GARCH,ETH-USD,2026-05-10 21:30:00,0.05290621769513697,0.023222682350122946
GARCH,ETH-USD,2026-05-10 21:45:00,0.052439712173833294,0.023710726462619677
GARCH,ETH-USD,2026-05-10 22:00:00,0.06025341988637398,0.02423084555597739
GARCH,ETH-USD,2026-05-10 22:15:00,0.06424978566040536,0.02417677279441208
GARCH,ETH-USD,2026-05-10 22:30:00,0.06587327591670658,0.024348605684465622
GARCH,ETH-USD,2026-05-10 22:45:00,0.06328883724912422,0.024434128253157487
GARCH,ETH-USD,2026-05-10 23:00:00,0.06080628901874377,0.0245210439132439
GARCH,ETH-USD,2026-05-10 23:15:00,0.0581133455730636,0.024518517511462418
GARCH,ETH-USD,2026-05-10 23:30:00,0.0557513291026343,0.02486603083015475
GARCH,ETH-USD,2026-05-10 23:45:00,0.059073758052192976,0.024979761433752183
GARCH,ETH-USD,2026-05-11 00:00:00,0.055952718765570605,0.025150220314760514
GARCH,ETH-USD,2026-05-11 00:15:00,0.05643747920169978,0.02507135562906388
GARCH,ETH-USD,2026-05-11 00:30:00,0.051782137646163275,0.025045799619305153
GARCH,ETH-USD,2026-05-11 00:45:00,0.04984626305889785,0.025073320159052306
GARCH,ETH-USD,2026-05-11 01:00:00,0.0476528417262595,0.025189001346209147
GARCH,ETH-USD,2026-05-11 01:15:00,0.04829754718563254,0.025178937127476556
GARCH,ETH-USD,2026-05-11 01:30:00,0.04582776754859363,0.025178915242168007
GARCH,ETH-USD,2026-05-11 01:45:00,0.04346440845057763,0.025227577707471877
GARCH,ETH-USD,2026-05-11 02:00:00,0.042583718404066724,0.02527793234515688
GARCH,ETH-USD,2026-05-11 02:15:00,0.04255876163769355,0.025366526072230104
GARCH,ETH-USD,2026-05-11 02:30:00,0.04285824460032013,0.025286540799002277
GARCH,ETH-USD,2026-05-11 02:45:00,0.03988279412211158,0.026456686276055102
GARCH,ETH-USD,2026-05-11 03:00:00,0.06621086899352709,0.02646772083942545
GARCH,ETH-USD,2026-05-11 03:15:00,0.05261116955894813,0.026526294442960528
GARCH,ETH-USD,2026-05-11 03:30:00,0.05528949245061257,0.026330487011804793
GARCH,ETH-USD,2026-05-11 03:45:00,0.049932436614416355,0.026084874937480504
GARCH,ETH-USD,2026-05-11 04:00:00,0.04851809358427719,0.026097089564651347
GARCH,ETH-USD,2026-05-11 04:15:00,0.04654320492262703,0.026113331552084718
GARCH,ETH-USD,2026-05-11 04:30:00,0.04504596499335163,0.026099079965120557
GARCH,ETH-USD,2026-05-11 04:45:00,0.042865765955934935,0.025957400712150018
GARCH,ETH-USD,2026-05-11 05:00:00,0.04077346307538028,0.02602708675512437
GARCH,ETH-USD,2026-05-11 05:15:00,0.0413309085336117,0.025941568425939802
GARCH,ETH-USD,2026-05-11 05:30:00,0.04004086308810313,0.025916948305809658
GARCH,ETH-USD,2026-05-11 05:45:00,0.03810226267415908,0.02581784783361116
GARCH,ETH-USD,2026-05-11 06:00:00,0.03727671927458711,0.025785959970141603
GARCH,ETH-USD,2026-05-11 06:15:00,0.035907512157481884,0.025713795215167038
GARCH,ETH-USD,2026-05-11 06:30:00,0.03872525710603167,0.02544058231447807
GARCH,ETH-USD,2026-05-11 06:45:00,0.035496621733141,0.02544122989802009
GARCH,ETH-USD,2026-05-11 07:00:00,0.03601772051958703,0.025439815369102108
GARCH,ETH-USD,2026-05-11 07:15:00,0.03394770047139906,0.025440664268344397
GARCH,ETH-USD,2026-05-11 07:30:00,0.03327984754034953,0.025433316890250753
GARCH,ETH-USD,2026-05-11 07:45:00,0.03223196955838588,0.025302168970803847
GARCH,ETH-USD,2026-05-11 08:00:00,0.031270738877955104,0.02522320701267814
GARCH,ETH-USD,2026-05-11 08:15:00,0.031719158947076595,0.025079324322655642
GARCH,ETH-USD,2026-05-11 08:30:00,0.03550321265158895,0.02502135717522427
GARCH,ETH-USD,2026-05-11 08:45:00,0.03380257980549108,0.02494539632394993
GARCH,ETH-USD,2026-05-11 09:00:00,0.03728026321626777,0.024809934543461303
GARCH,ETH-USD,2026-05-11 09:15:00,0.034077640641054965,0.024813359410242642
GARCH,ETH-USD,2026-05-11 09:30:00,0.03370746555680672,0.024742029922883792
GARCH,ETH-USD,2026-05-11 09:45:00,0.03239707651116078,0.02470279904639264
GARCH,ETH-USD,2026-05-11 10:00:00,0.03163986887661441,0.024681712213021033
GARCH,ETH-USD,2026-05-11 10:15:00,0.030717403951441978,0.02477566084286975
GARCH,ETH-USD,2026-05-11 10:30:00,0.03339102915255607,0.024802942357414162
GARCH,ETH-USD,2026-05-11 10:45:00,0.03197770115243638,0.02478782790134525
GARCH,ETH-USD,2026-05-11 11:00:00,0.03132165083785977,0.024807320279540863
GARCH,ETH-USD,2026-05-11 11:15:00,0.031397706969610036,0.02475073751544615
GARCH,ETH-USD,2026-05-11 11:30:00,0.03069991379751674,0.02474189986113522
GARCH,ETH-USD,2026-05-11 11:45:00,0.02987582687903692,0.02485562850784123
GARCH,ETH-USD,2026-05-11 12:00:00,0.03364318112142941,0.024994558997060268
GARCH,ETH-USD,2026-05-11 12:15:00,0.03744300120916047,0.024989449891037414
GARCH,ETH-USD,2026-05-11 12:30:00,0.03652279700585876,0.02504841506409444
GARCH,ETH-USD,2026-05-11 12:45:00,0.03683607128516248,0.02502460614913549
GARCH,ETH-USD,2026-05-11 13:00:00,0.035164804761775866,0.025003670301282237
GARCH,ETH-USD,2026-05-11 13:15:00,0.035590971626460126,0.025008666857330254
GARCH,ETH-USD,2026-05-11 13:30:00,0.03392871626448155,0.025054624863675733
GARCH,ETH-USD,2026-05-11 13:45:00,0.03472480888747873,0.025058460518578837
GARCH,ETH-USD,2026-05-11 14:00:00,0.034988325338370145,0.025708255222158152
GARCH,ETH-USD,2026-05-11 14:15:00,0.051846842005174275,0.025664815965717094
GARCH,ETH-USD,2026-05-11 14:30:00,0.04251710468963142,0.025681904790506513
GARCH,ETH-USD,2026-05-11 14:45:00,0.04452327228695227,0.025755554058738108
GARCH,ETH-USD,2026-05-11 15:00:00,0.04305349419758186,0.02628980263348689
GARCH,ETH-USD,2026-05-11 15:15:00,0.05524591860419602,0.026391567258543795
GARCH,ETH-USD,2026-05-11 15:30:00,0.049686117594963074,0.026515374532503588
GARCH,ETH-USD,2026-05-11 15:45:00,0.051523173393440314,0.02656722303390256
GARCH,ETH-USD,2026-05-11 16:00:00,0.05042023513842658,0.026580825339489605
GARCH,ETH-USD,2026-05-11 16:15:00,0.04769164520145409,0.02672788625080376
GARCH,ETH-USD,2026-05-11 16:30:00,0.050620142782168,0.026723288053250714
GARCH,ETH-USD,2026-05-11 16:45:00,0.045724677169503965,0.026719369720069646
GARCH,ETH-USD,2026-05-11 17:00:00,0.04465098978560026,0.026728272211334253
GARCH,ETH-USD,2026-05-11 17:15:00,0.04224091577678691,0.027112105003971335
GARCH,ETH-USD,2026-05-11 17:30:00,0.05163781692019997,0.027144822944701823
GARCH,ETH-USD,2026-05-11 17:45:00,0.045538475654002826,0.027196983932518844
GARCH,ETH-USD,2026-05-11 18:00:00,0.04623745205521549,0.027189185188159794
GARCH,ETH-USD,2026-05-11 18:15:00,0.04270366055491622,0.02718100071864558
GARCH,ETH-USD,2026-05-11 18:30:00,0.041834543710820675,0.027224112501792675
GARCH,ETH-USD,2026-05-11 18:45:00,0.04104719737520267,0.027141933557036306
GARCH,ETH-USD,2026-05-11 19:00:00,0.03988096478067482,0.027075305533232036
GARCH,ETH-USD,2026-05-11 19:15:00,0.03800401438914131,0.027103930046126996
GARCH,ETH-USD,2026-05-11 19:30:00,0.038990865001744764,0.027109928951736702
GARCH,ETH-USD,2026-05-11 19:45:00,0.03660189926442683,0.027123815695213122
GARCH,ETH-USD,2026-05-11 20:00:00,0.03604325928058476,0.027115661993413524
GARCH,ETH-USD,2026-05-11 20:15:00,0.034346056569509655,0.027111715593633633
GARCH,ETH-USD,2026-05-11 20:30:00,0.03335028309928603,0.0270918016915557
GARCH,ETH-USD,2026-05-11 20:45:00,0.032196529459889885,0.027063714081859903
GARCH,ETH-USD,2026-05-11 21:00:00,0.03204975665071596,0.027095002797512095
GARCH,ETH-USD,2026-05-11 21:15:00,0.032318565975420835,0.02710042122193775
GARCH,ETH-USD,2026-05-11 21:30:00,0.031941173732937464,0.027100861930063638
GARCH,ETH-USD,2026-05-11 21:45:00,0.030873564274294628,0.027100474829894333
GARCH,ETH-USD,2026-05-11 22:00:00,0.030420930792259836,0.0271122408558074
GARCH,ETH-USD,2026-05-11 22:15:00,0.031211234261213975,0.02712481727999757
GARCH,ETH-USD,2026-05-11 22:30:00,0.03039896152473443,0.027119345690603692
GARCH,ETH-USD,2026-05-11 22:45:00,0.029672510518514664,0.027085978732168524
GARCH,ETH-USD,2026-05-11 23:00:00,0.029675763223695396,0.027116913448041104
GARCH,ETH-USD,2026-05-11 23:15:00,0.030079588302179282,0.027185232261580265
GARCH,ETH-USD,2026-05-11 23:30:00,0.0322977227525953,0.02718935334690776
GARCH,ETH-USD,2026-05-11 23:45:00,0.030407604314086033,0.02722588390951957
GARCH,ETH-USD,2026-05-12 00:00:00,0.03187366475202581,0.027212432716471162
GARCH,ETH-USD,2026-05-12 00:15:00,0.030363377600044494,0.027238568194961902
GARCH,ETH-USD,2026-05-12 00:30:00,0.030930583966015127,0.027243030292359763
GARCH,ETH-USD,2026-05-12 00:45:00,0.029855373304002942,0.0274449334024659
GARCH,ETH-USD,2026-05-12 01:00:00,0.03727018677144428,0.027456296214344734
GARCH,ETH-USD,2026-05-12 01:15:00,0.03336336751534897,0.028215260793257084
GARCH,ETH-USD,2026-05-12 01:30:00,0.0565686795721964,0.02823216807359416
GARCH,ETH-USD,2026-05-12 01:45:00,0.045585094044102395,0.028288846369576834
GARCH,ETH-USD,2026-05-12 02:00:00,0.0484459782035115,0.02828945253474361
GARCH,ETH-USD,2026-05-12 02:15:00,0.043938487370099914,0.028364016004979734
GARCH,ETH-USD,2026-05-12 02:30:00,0.04517127771970481,0.028476512000053637
GARCH,ETH-USD,2026-05-12 02:45:00,0.04522696221770423,0.02849617430411587
GARCH,ETH-USD,2026-05-12 03:00:00,0.04267381418203272,0.02848284012169853
GARCH,ETH-USD,2026-05-12 03:15:00,0.0410904464133304,0.028487136466772617
GARCH,ETH-USD,2026-05-12 03:30:00,0.03940991032141503,0.028531517150042412
GARCH,ETH-USD,2026-05-12 03:45:00,0.039350261712703755,0.028554440731012886
GARCH,ETH-USD,2026-05-12 04:00:00,0.03790266057012409,0.028632287722885934
GARCH,ETH-USD,2026-05-12 04:15:00,0.03932851083288677,0.028627323190878733
GARCH,ETH-USD,2026-05-12 04:30:00,0.0364492204285009,0.028622719111817758
