model_name,asset_symbol,timestamp,predicted_value,real_value
PSOQRNN,ETH-USD,2026-04-23 12:30:00,0.043374486,0.043370955
PSOQRNN,ETH-USD,2026-04-23 12:45:00,0.043037754,0.043341894
PSOQRNN,ETH-USD,2026-04-23 13:00:00,0.044225913,0.043384805
PSOQRNN,ETH-USD,2026-04-23 13:15:00,0.043199338,0.043340888
PSOQRNN,ETH-USD,2026-04-23 13:30:00,0.043816388,0.043357555
PSOQRNN,ETH-USD,2026-04-23 13:45:00,0.043276444,0.043356728
PSOQRNN,ETH-USD,2026-04-23 14:00:00,0.04295708,0.04322776
PSOQRNN,ETH-USD,2026-04-23 14:15:00,0.040960032,0.043346692
PSOQRNN,ETH-USD,2026-04-23 14:30:00,0.04213793,0.043351807
PSOQRNN,ETH-USD,2026-04-23 14:45:00,0.0421246,0.04337621
PSOQRNN,ETH-USD,2026-04-23 15:00:00,0.044288732,0.043427262
PSOQRNN,ETH-USD,2026-04-23 15:15:00,0.04252062,0.04343772
PSOQRNN,ETH-USD,2026-04-23 15:30:00,0.041988943,0.043479424
PSOQRNN,ETH-USD,2026-04-23 15:45:00,0.043799017,0.043432232
PSOQRNN,ETH-USD,2026-04-23 16:00:00,0.043863744,0.043451313
PSOQRNN,ETH-USD,2026-04-23 16:15:00,0.04328406,0.043452118
PSOQRNN,ETH-USD,2026-04-23 16:30:00,0.042825714,0.04345173
PSOQRNN,ETH-USD,2026-04-23 16:45:00,0.0442716,0.043389905
PSOQRNN,ETH-USD,2026-04-23 17:00:00,0.044997804,0.043476894
PSOQRNN,ETH-USD,2026-04-23 17:15:00,0.04540324,0.043659396
PSOQRNN,ETH-USD,2026-04-23 17:30:00,0.046888754,0.04410061
PSOQRNN,ETH-USD,2026-04-23 17:45:00,0.03982344,0.04462818
PSOQRNN,ETH-USD,2026-04-23 18:00:00,0.043418273,0.04461708
PSOQRNN,ETH-USD,2026-04-23 18:15:00,0.04519862,0.0446381
PSOQRNN,ETH-USD,2026-04-23 18:30:00,0.04339067,0.044664655
PSOQRNN,ETH-USD,2026-04-23 18:45:00,0.04627687,0.044753533
PSOQRNN,ETH-USD,2026-04-23 19:00:00,0.043667424,0.0447048
PSOQRNN,ETH-USD,2026-04-23 19:15:00,0.043067977,0.044742636
PSOQRNN,ETH-USD,2026-04-23 19:30:00,0.045157216,0.044761855
PSOQRNN,ETH-USD,2026-04-23 19:45:00,0.043835185,0.04468473
PSOQRNN,ETH-USD,2026-04-23 20:00:00,0.04236569,0.0448052
PSOQRNN,ETH-USD,2026-04-23 20:15:00,0.04501279,0.044813793
PSOQRNN,ETH-USD,2026-04-23 20:30:00,0.042373065,0.04494218
PSOQRNN,ETH-USD,2026-04-23 20:45:00,0.045114867,0.044951078
PSOQRNN,ETH-USD,2026-04-23 21:00:00,0.045575973,0.04496142
PSOQRNN,ETH-USD,2026-04-23 21:15:00,0.043725725,0.044985045
PSOQRNN,ETH-USD,2026-04-23 21:30:00,0.04373096,0.04479749
PSOQRNN,ETH-USD,2026-04-23 21:45:00,0.045716822,0.04484022
PSOQRNN,ETH-USD,2026-04-23 22:00:00,0.04273314,0.044917822
PSOQRNN,ETH-USD,2026-04-23 22:15:00,0.044393905,0.0448144
PSOQRNN,ETH-USD,2026-04-23 22:30:00,0.04315222,0.044871222
PSOQRNN,ETH-USD,2026-04-23 22:45:00,0.045413945,0.044879563
PSOQRNN,ETH-USD,2026-04-23 23:00:00,0.04583935,0.04492684
PSOQRNN,ETH-USD,2026-04-23 23:15:00,0.044648267,0.04483101
PSOQRNN,ETH-USD,2026-04-23 23:30:00,0.04340685,0.04483335
PSOQRNN,ETH-USD,2026-04-23 23:45:00,0.044663258,0.044809308
PSOQRNN,ETH-USD,2026-04-24 00:00:00,0.044048876,0.044814084
PSOQRNN,ETH-USD,2026-04-24 00:15:00,0.044026982,0.044770338
PSOQRNN,ETH-USD,2026-04-24 00:30:00,0.044803884,0.044713333
PSOQRNN,ETH-USD,2026-04-24 00:45:00,0.044311576,0.04471337
PSOQRNN,ETH-USD,2026-04-24 01:00:00,0.046034917,0.044788636
PSOQRNN,ETH-USD,2026-04-24 01:15:00,0.045417514,0.044821367
PSOQRNN,ETH-USD,2026-04-24 01:30:00,0.044452917,0.044758122
PSOQRNN,ETH-USD,2026-04-24 01:45:00,0.04163551,0.045008093
PSOQRNN,ETH-USD,2026-04-24 02:00:00,0.045513872,0.044660814
PSOQRNN,ETH-USD,2026-04-24 02:15:00,0.04535565,0.04453194
PSOQRNN,ETH-USD,2026-04-24 02:30:00,0.043116525,0.04453744
PSOQRNN,ETH-USD,2026-04-24 02:45:00,0.04640534,0.04469045
PSOQRNN,ETH-USD,2026-04-24 03:00:00,0.04448575,0.04466915
PSOQRNN,ETH-USD,2026-04-24 03:15:00,0.04632017,0.04480609
PSOQRNN,ETH-USD,2026-04-24 03:30:00,0.046023257,0.04407907
PSOQRNN,ETH-USD,2026-04-24 03:45:00,0.042906627,0.043857757
PSOQRNN,ETH-USD,2026-04-24 04:00:00,0.043345455,0.043835167
PSOQRNN,ETH-USD,2026-04-24 04:15:00,0.04448004,0.04385523
PSOQRNN,ETH-USD,2026-04-24 04:30:00,0.04352869,0.04383224
PSOQRNN,ETH-USD,2026-04-24 04:45:00,0.04319339,0.04382905
PSOQRNN,ETH-USD,2026-04-24 05:00:00,0.0442992,0.043750603
PSOQRNN,ETH-USD,2026-04-24 05:15:00,0.042965885,0.04360656
PSOQRNN,ETH-USD,2026-04-24 05:30:00,0.042215038,0.043513265
PSOQRNN,ETH-USD,2026-04-24 05:45:00,0.041769743,0.042399306
PSOQRNN,ETH-USD,2026-04-24 06:00:00,0.04181425,0.042326614
PSOQRNN,ETH-USD,2026-04-24 06:15:00,0.042515382,0.042314388
PSOQRNN,ETH-USD,2026-04-24 06:30:00,0.042979926,0.04234053
PSOQRNN,ETH-USD,2026-04-24 06:45:00,0.042113177,0.042245857
PSOQRNN,ETH-USD,2026-04-24 07:00:00,0.04070535,0.042246565
PSOQRNN,ETH-USD,2026-04-24 07:15:00,0.041812345,0.042230178
PSOQRNN,ETH-USD,2026-04-24 07:30:00,0.04232404,0.04223489
PSOQRNN,ETH-USD,2026-04-24 07:45:00,0.042103656,0.042168267
PSOQRNN,ETH-USD,2026-04-24 08:00:00,0.04209985,0.042057615
PSOQRNN,ETH-USD,2026-04-24 08:15:00,0.040237147,0.042081427
PSOQRNN,ETH-USD,2026-04-24 08:30:00,0.042623192,0.04127553
PSOQRNN,ETH-USD,2026-04-24 08:45:00,0.04037711,0.04111264
PSOQRNN,ETH-USD,2026-04-24 09:00:00,0.042589873,0.041228056
PSOQRNN,ETH-USD,2026-04-24 09:15:00,0.041045956,0.041228224
PSOQRNN,ETH-USD,2026-04-24 09:30:00,0.040127177,0.0412511
PSOQRNN,ETH-USD,2026-04-24 09:45:00,0.041240178,0.041134987
PSOQRNN,ETH-USD,2026-04-24 10:00:00,0.04115354,0.04112109
PSOQRNN,ETH-USD,2026-04-24 10:15:00,0.039528742,0.040976997
PSOQRNN,ETH-USD,2026-04-24 10:30:00,0.040749382,0.03771623
PSOQRNN,ETH-USD,2026-04-24 10:45:00,0.036789257,0.037477456
PSOQRNN,ETH-USD,2026-04-24 11:00:00,0.034065887,0.036876813
PSOQRNN,ETH-USD,2026-04-24 11:15:00,0.035827078,0.03690058
PSOQRNN,ETH-USD,2026-04-24 11:30:00,0.03685045,0.036897175
PSOQRNN,ETH-USD,2026-04-24 11:45:00,0.03746805,0.036911454
PSOQRNN,ETH-USD,2026-04-24 12:00:00,0.035751358,0.036944874
PSOQRNN,ETH-USD,2026-04-24 12:15:00,0.037703276,0.036983877
PSOQRNN,ETH-USD,2026-04-24 12:30:00,0.03793421,0.03701918
PSOQRNN,ETH-USD,2026-04-24 12:45:00,0.036487587,0.037009586
PSOQRNN,ETH-USD,2026-04-24 13:00:00,0.0361471,0.03700065
PSOQRNN,ETH-USD,2026-04-24 13:15:00,0.0378266,0.03684569
PSOQRNN,ETH-USD,2026-04-24 13:30:00,0.03734139,0.036809005
PSOQRNN,ETH-USD,2026-04-24 13:45:00,0.037548523,0.03684633
PSOQRNN,ETH-USD,2026-04-24 14:00:00,0.03808134,0.036819078
PSOQRNN,ETH-USD,2026-04-24 14:15:00,0.03791326,0.036876373
PSOQRNN,ETH-USD,2026-04-24 14:30:00,0.033982538,0.037007444
PSOQRNN,ETH-USD,2026-04-24 14:45:00,0.03745329,0.036995143
PSOQRNN,ETH-USD,2026-04-24 15:00:00,0.038217757,0.03707729
PSOQRNN,ETH-USD,2026-04-24 15:15:00,0.03570659,0.037115008
PSOQRNN,ETH-USD,2026-04-24 15:30:00,0.03414876,0.037407607
PSOQRNN,ETH-USD,2026-04-24 15:45:00,0.037100922,0.03738582
PSOQRNN,ETH-USD,2026-04-24 16:00:00,0.03896742,0.037481524
PSOQRNN,ETH-USD,2026-04-24 16:15:00,0.037564952,0.037046302
PSOQRNN,ETH-USD,2026-04-24 16:30:00,0.03735639,0.03698362
PSOQRNN,ETH-USD,2026-04-24 16:45:00,0.035890892,0.03699421
PSOQRNN,ETH-USD,2026-04-24 17:00:00,0.036174957,0.03662567
PSOQRNN,ETH-USD,2026-04-24 17:15:00,0.03747329,0.035708398
PSOQRNN,ETH-USD,2026-04-24 17:30:00,0.03572707,0.035469394
PSOQRNN,ETH-USD,2026-04-24 17:45:00,0.033885136,0.03545897
PSOQRNN,ETH-USD,2026-04-24 18:00:00,0.036613304,0.035522677
PSOQRNN,ETH-USD,2026-04-24 18:15:00,0.03528036,0.03543433
PSOQRNN,ETH-USD,2026-04-24 18:30:00,0.03440357,0.035467286
PSOQRNN,ETH-USD,2026-04-24 18:45:00,0.034815777,0.035478245
PSOQRNN,ETH-USD,2026-04-24 19:00:00,0.034906503,0.035484266
PSOQRNN,ETH-USD,2026-04-24 19:15:00,0.035491098,0.035484243
PSOQRNN,ETH-USD,2026-04-24 19:30:00,0.03522083,0.035460547
PSOQRNN,ETH-USD,2026-04-24 19:45:00,0.035152726,0.03545872
PSOQRNN,ETH-USD,2026-04-24 20:00:00,0.03576136,0.035441093
PSOQRNN,ETH-USD,2026-04-24 20:15:00,0.036000185,0.03432846
PSOQRNN,ETH-USD,2026-04-24 20:30:00,0.03233354,0.034259547
PSOQRNN,ETH-USD,2026-04-24 20:45:00,0.033495765,0.034278985
PSOQRNN,ETH-USD,2026-04-24 21:00:00,0.03677235,0.034530357
PSOQRNN,ETH-USD,2026-04-24 21:15:00,0.034015402,0.034538604
PSOQRNN,ETH-USD,2026-04-24 21:30:00,0.03493008,0.034547918
PSOQRNN,ETH-USD,2026-04-24 21:45:00,0.034456912,0.034538142
PSOQRNN,ETH-USD,2026-04-24 22:00:00,0.034329507,0.03449005
PSOQRNN,ETH-USD,2026-04-24 22:15:00,0.03483316,0.034249563
PSOQRNN,ETH-USD,2026-04-24 22:30:00,0.034870308,0.034134883
PSOQRNN,ETH-USD,2026-04-24 22:45:00,0.033577688,0.034119766
PSOQRNN,ETH-USD,2026-04-24 23:00:00,0.033233322,0.03414652
PSOQRNN,ETH-USD,2026-04-24 23:15:00,0.034025405,0.034094326
PSOQRNN,ETH-USD,2026-04-24 23:30:00,0.03398206,0.03408924
PSOQRNN,ETH-USD,2026-04-24 23:45:00,0.03377345,0.03403536
PSOQRNN,ETH-USD,2026-04-25 00:00:00,0.03451359,0.03401566
PSOQRNN,ETH-USD,2026-04-25 00:15:00,0.03413733,0.034003187
PSOQRNN,ETH-USD,2026-04-25 00:30:00,0.03344766,0.03401046
PSOQRNN,ETH-USD,2026-04-25 00:45:00,0.033379547,0.033977132
PSOQRNN,ETH-USD,2026-04-25 01:00:00,0.033262376,0.033972777
PSOQRNN,ETH-USD,2026-04-25 01:15:00,0.033897046,0.033968158
PSOQRNN,ETH-USD,2026-04-25 01:30:00,0.033382405,0.03397963
PSOQRNN,ETH-USD,2026-04-25 01:45:00,0.03425283,0.033983964
PSOQRNN,ETH-USD,2026-04-25 02:00:00,0.034068745,0.033984687
PSOQRNN,ETH-USD,2026-04-25 02:15:00,0.033584356,0.033969313
PSOQRNN,ETH-USD,2026-04-25 02:30:00,0.03402207,0.0339689
PSOQRNN,ETH-USD,2026-04-25 02:45:00,0.033918478,0.033863187
PSOQRNN,ETH-USD,2026-04-25 03:00:00,0.03357721,0.033808887
PSOQRNN,ETH-USD,2026-04-25 03:15:00,0.03405255,0.0337506
PSOQRNN,ETH-USD,2026-04-25 03:30:00,0.03316092,0.033738513
PSOQRNN,ETH-USD,2026-04-25 03:45:00,0.033486716,0.03367873
PSOQRNN,ETH-USD,2026-04-25 04:00:00,0.0334991,0.03362959
PSOQRNN,ETH-USD,2026-04-25 04:15:00,0.033838935,0.033632148
PSOQRNN,ETH-USD,2026-04-25 04:30:00,0.033781067,0.03354676
PSOQRNN,ETH-USD,2026-04-25 04:45:00,0.033388596,0.033506833
PSOQRNN,ETH-USD,2026-04-25 05:00:00,0.034042314,0.03346233
PSOQRNN,ETH-USD,2026-04-25 05:15:00,0.0332619,0.033174597
PSOQRNN,ETH-USD,2026-04-25 05:30:00,0.032872275,0.032536644
PSOQRNN,ETH-USD,2026-04-25 05:45:00,0.03223518,0.03234795
PSOQRNN,ETH-USD,2026-04-25 06:00:00,0.03211824,0.032292537
PSOQRNN,ETH-USD,2026-04-25 06:15:00,0.032607436,0.0322929
PSOQRNN,ETH-USD,2026-04-25 06:30:00,0.032054882,0.031865384
PSOQRNN,ETH-USD,2026-04-25 06:45:00,0.031758353,0.031681307
PSOQRNN,ETH-USD,2026-04-25 07:00:00,0.03191936,0.031670455
PSOQRNN,ETH-USD,2026-04-25 07:15:00,0.031360354,0.031378128
PSOQRNN,ETH-USD,2026-04-25 07:30:00,0.031174568,0.031345647
PSOQRNN,ETH-USD,2026-04-25 07:45:00,0.031231733,0.031297274
PSOQRNN,ETH-USD,2026-04-25 08:00:00,0.030934712,0.031148415
PSOQRNN,ETH-USD,2026-04-25 08:15:00,0.030973298,0.031148907
PSOQRNN,ETH-USD,2026-04-25 08:30:00,0.03086016,0.031055847
PSOQRNN,ETH-USD,2026-04-25 08:45:00,0.031023081,0.03105185
PSOQRNN,ETH-USD,2026-04-25 09:00:00,0.030966392,0.03100366
PSOQRNN,ETH-USD,2026-04-25 09:15:00,0.031566143,0.030974992
PSOQRNN,ETH-USD,2026-04-25 09:30:00,0.029806841,0.031044055
PSOQRNN,ETH-USD,2026-04-25 09:45:00,0.031665225,0.03105692
PSOQRNN,ETH-USD,2026-04-25 10:00:00,0.030864922,0.031051846
PSOQRNN,ETH-USD,2026-04-25 10:15:00,0.030695805,0.030760102
PSOQRNN,ETH-USD,2026-04-25 10:30:00,0.030927805,0.030530987
PSOQRNN,ETH-USD,2026-04-25 10:45:00,0.030479524,0.03051424
PSOQRNN,ETH-USD,2026-04-25 11:00:00,0.031294614,0.030522536
PSOQRNN,ETH-USD,2026-04-25 11:15:00,0.031040944,0.030523915
PSOQRNN,ETH-USD,2026-04-25 11:30:00,0.031090727,0.030495886
PSOQRNN,ETH-USD,2026-04-25 11:45:00,0.030237515,0.03049151
PSOQRNN,ETH-USD,2026-04-25 12:00:00,0.030005267,0.030485023
PSOQRNN,ETH-USD,2026-04-25 12:15:00,0.03078751,0.030455912
PSOQRNN,ETH-USD,2026-04-25 12:30:00,0.030703666,0.030177804
PSOQRNN,ETH-USD,2026-04-25 12:45:00,0.03014938,0.030139493
PSOQRNN,ETH-USD,2026-04-25 13:00:00,0.029252525,0.030184587
PSOQRNN,ETH-USD,2026-04-25 13:15:00,0.030293014,0.030110775
PSOQRNN,ETH-USD,2026-04-25 13:30:00,0.029955959,0.030112451
PSOQRNN,ETH-USD,2026-04-25 13:45:00,0.03037019,0.030042011
PSOQRNN,ETH-USD,2026-04-25 14:00:00,0.029524803,0.03003848
PSOQRNN,ETH-USD,2026-04-25 14:15:00,0.030202737,0.02966216
PSOQRNN,ETH-USD,2026-04-25 14:30:00,0.029795408,0.029456686
PSOQRNN,ETH-USD,2026-04-25 14:45:00,0.02978064,0.029431283
PSOQRNN,ETH-USD,2026-04-25 15:00:00,0.029322322,0.028871879
PSOQRNN,ETH-USD,2026-04-25 15:15:00,0.028528577,0.028319765
PSOQRNN,ETH-USD,2026-04-25 15:30:00,0.028681992,0.028322307
PSOQRNN,ETH-USD,2026-04-25 15:45:00,0.03056718,0.028550556
PSOQRNN,ETH-USD,2026-04-25 16:00:00,0.028078089,0.028491218
PSOQRNN,ETH-USD,2026-04-25 16:15:00,0.028936412,0.028458824
PSOQRNN,ETH-USD,2026-04-25 16:30:00,0.028653167,0.0284237
PSOQRNN,ETH-USD,2026-04-25 16:45:00,0.028167902,0.028430898
PSOQRNN,ETH-USD,2026-04-25 17:00:00,0.028776804,0.028308008
PSOQRNN,ETH-USD,2026-04-25 17:15:00,0.028233176,0.02823629
PSOQRNN,ETH-USD,2026-04-25 17:30:00,0.027773865,0.02813073
PSOQRNN,ETH-USD,2026-04-25 17:45:00,0.028746074,0.0281121
PSOQRNN,ETH-USD,2026-04-25 18:00:00,0.02782318,0.027817504
PSOQRNN,ETH-USD,2026-04-25 18:15:00,0.027568744,0.027792525
PSOQRNN,ETH-USD,2026-04-25 18:30:00,0.027914898,0.027790029
PSOQRNN,ETH-USD,2026-04-25 18:45:00,0.027961116,0.02774964
PSOQRNN,ETH-USD,2026-04-25 19:00:00,0.027888931,0.027730066
PSOQRNN,ETH-USD,2026-04-25 19:15:00,0.028418755,0.02774636
PSOQRNN,ETH-USD,2026-04-25 19:30:00,0.028302262,0.027734194
PSOQRNN,ETH-USD,2026-04-25 19:45:00,0.027127761,0.027741654
PSOQRNN,ETH-USD,2026-04-25 20:00:00,0.027730983,0.027708545
PSOQRNN,ETH-USD,2026-04-25 20:15:00,0.027433662,0.027662152
PSOQRNN,ETH-USD,2026-04-25 20:30:00,0.027838187,0.027654042
PSOQRNN,ETH-USD,2026-04-25 20:45:00,0.027215673,0.02763275
PSOQRNN,ETH-USD,2026-04-25 21:00:00,0.026902381,0.027632738
PSOQRNN,ETH-USD,2026-04-25 21:15:00,0.027896317,0.027529182
PSOQRNN,ETH-USD,2026-04-25 21:30:00,0.028069988,0.027505115
PSOQRNN,ETH-USD,2026-04-25 21:45:00,0.027259747,0.02751079
PSOQRNN,ETH-USD,2026-04-25 22:00:00,0.027565885,0.0275103
PSOQRNN,ETH-USD,2026-04-25 22:15:00,0.027433187,0.027489787
PSOQRNN,ETH-USD,2026-04-25 22:30:00,0.02700864,0.027506785
PSOQRNN,ETH-USD,2026-04-25 22:45:00,0.027852006,0.027330935
PSOQRNN,ETH-USD,2026-04-25 23:00:00,0.027187321,0.027327625
PSOQRNN,ETH-USD,2026-04-25 23:15:00,0.02732693,0.02728064
PSOQRNN,ETH-USD,2026-04-25 23:30:00,0.027574461,0.027244091
PSOQRNN,ETH-USD,2026-04-25 23:45:00,0.027188275,0.02719027
PSOQRNN,ETH-USD,2026-04-26 00:00:00,0.027938485,0.026125306
PSOQRNN,ETH-USD,2026-04-26 00:15:00,0.026725126,0.0261338
PSOQRNN,ETH-USD,2026-04-26 00:30:00,0.025719214,0.026095692
PSOQRNN,ETH-USD,2026-04-26 00:45:00,0.026834244,0.025827775
PSOQRNN,ETH-USD,2026-04-26 01:00:00,0.026006555,0.025579132
PSOQRNN,ETH-USD,2026-04-26 01:15:00,0.02555958,0.02545982
PSOQRNN,ETH-USD,2026-04-26 01:30:00,0.025675852,0.025454575
PSOQRNN,ETH-USD,2026-04-26 01:45:00,0.026125684,0.025457961
PSOQRNN,ETH-USD,2026-04-26 02:00:00,0.024642246,0.025476161
PSOQRNN,ETH-USD,2026-04-26 02:15:00,0.02576782,0.025447419
PSOQRNN,ETH-USD,2026-04-26 02:30:00,0.026136642,0.025368912
PSOQRNN,ETH-USD,2026-04-26 02:45:00,0.0256992,0.02532083
PSOQRNN,ETH-USD,2026-04-26 03:00:00,0.02526699,0.025283936
PSOQRNN,ETH-USD,2026-04-26 03:15:00,0.026415639,0.025325093
PSOQRNN,ETH-USD,2026-04-26 03:30:00,0.026333442,0.025354344
PSOQRNN,ETH-USD,2026-04-26 03:45:00,0.025451884,0.025355162
PSOQRNN,ETH-USD,2026-04-26 04:00:00,0.025142377,0.025277058
PSOQRNN,ETH-USD,2026-04-26 04:15:00,0.025498584,0.025275847
PSOQRNN,ETH-USD,2026-04-26 04:30:00,0.02496725,0.025251843
PSOQRNN,ETH-USD,2026-04-26 04:45:00,0.024291266,0.02532481
PSOQRNN,ETH-USD,2026-04-26 05:00:00,0.022729296,0.025756588
PSOQRNN,ETH-USD,2026-04-26 05:15:00,0.025346333,0.025556628
PSOQRNN,ETH-USD,2026-04-26 05:30:00,0.026176909,0.025522025
PSOQRNN,ETH-USD,2026-04-26 05:45:00,0.025997024,0.025478853
PSOQRNN,ETH-USD,2026-04-26 06:00:00,0.025052788,0.025406227
PSOQRNN,ETH-USD,2026-04-26 06:15:00,0.025774254,0.025388569
PSOQRNN,ETH-USD,2026-04-26 06:30:00,0.025007755,0.025333345
PSOQRNN,ETH-USD,2026-04-26 06:45:00,0.026011797,0.025319967
PSOQRNN,ETH-USD,2026-04-26 07:00:00,0.02566918,0.025285246
PSOQRNN,ETH-USD,2026-04-26 07:15:00,0.02534395,0.025284592
PSOQRNN,ETH-USD,2026-04-26 07:30:00,0.025844064,0.025286822
PSOQRNN,ETH-USD,2026-04-26 07:45:00,0.024777824,0.025233002
PSOQRNN,ETH-USD,2026-04-26 08:00:00,0.025090672,0.025004227
PSOQRNN,ETH-USD,2026-04-26 08:15:00,0.025469277,0.024683638
PSOQRNN,ETH-USD,2026-04-26 08:30:00,0.02489672,0.023853147
PSOQRNN,ETH-USD,2026-04-26 08:45:00,0.023977928,0.02287051
PSOQRNN,ETH-USD,2026-04-26 09:00:00,0.023488969,0.02283001
PSOQRNN,ETH-USD,2026-04-26 09:15:00,0.022914689,0.022771232
PSOQRNN,ETH-USD,2026-04-26 09:30:00,0.022720717,0.022727508
PSOQRNN,ETH-USD,2026-04-26 09:45:00,0.022799592,0.022459146
PSOQRNN,ETH-USD,2026-04-26 10:00:00,0.02267687,0.022425747
PSOQRNN,ETH-USD,2026-04-26 10:15:00,0.023218988,0.022331724
PSOQRNN,ETH-USD,2026-04-26 10:30:00,0.022898009,0.02229245
PSOQRNN,ETH-USD,2026-04-26 10:45:00,0.022505298,0.022272278
PSOQRNN,ETH-USD,2026-04-26 11:00:00,0.02230751,0.022016149
PSOQRNN,ETH-USD,2026-04-26 11:15:00,0.021773234,0.02201468
PSOQRNN,ETH-USD,2026-04-26 11:30:00,0.022632072,0.021719828
PSOQRNN,ETH-USD,2026-04-26 11:45:00,0.021867126,0.021702223
PSOQRNN,ETH-USD,2026-04-26 12:00:00,0.023529954,0.021772284
PSOQRNN,ETH-USD,2026-04-26 12:15:00,0.021919077,0.021721788
PSOQRNN,ETH-USD,2026-04-26 12:30:00,0.022285586,0.021667965
PSOQRNN,ETH-USD,2026-04-26 12:45:00,0.022505773,0.021565286
PSOQRNN,ETH-USD,2026-04-26 13:00:00,0.02135858,0.021370145
PSOQRNN,ETH-USD,2026-04-26 13:15:00,0.02197484,0.02137118
PSOQRNN,ETH-USD,2026-04-26 13:30:00,0.020620998,0.021334194
PSOQRNN,ETH-USD,2026-04-26 13:45:00,0.021623578,0.021276258
PSOQRNN,ETH-USD,2026-04-26 14:00:00,0.02151205,0.021150453
PSOQRNN,ETH-USD,2026-04-26 14:15:00,0.017963147,0.02197205
PSOQRNN,ETH-USD,2026-04-26 14:30:00,0.023036694,0.021929014
PSOQRNN,ETH-USD,2026-04-26 14:45:00,0.02254676,0.021930944
PSOQRNN,ETH-USD,2026-04-26 15:00:00,0.022284633,0.021920264
PSOQRNN,ETH-USD,2026-04-26 15:15:00,0.021667426,0.021931248
PSOQRNN,ETH-USD,2026-04-26 15:30:00,0.023038602,0.021957133
PSOQRNN,ETH-USD,2026-04-26 15:45:00,0.021658847,0.021983651
PSOQRNN,ETH-USD,2026-04-26 16:00:00,0.023106277,0.021820454
PSOQRNN,ETH-USD,2026-04-26 16:15:00,0.021755124,0.021759648
PSOQRNN,ETH-USD,2026-04-26 16:30:00,0.022498148,0.021769652
PSOQRNN,ETH-USD,2026-04-26 16:45:00,0.022835813,0.021268062
PSOQRNN,ETH-USD,2026-04-26 17:00:00,0.021038765,0.021237096
PSOQRNN,ETH-USD,2026-04-26 17:15:00,0.021310441,0.021160375
PSOQRNN,ETH-USD,2026-04-26 17:30:00,0.021377644,0.021083292
PSOQRNN,ETH-USD,2026-04-26 17:45:00,0.020844301,0.02073595
PSOQRNN,ETH-USD,2026-04-26 18:00:00,0.017534366,0.021576513
PSOQRNN,ETH-USD,2026-04-26 18:15:00,0.022627305,0.021306524
PSOQRNN,ETH-USD,2026-04-26 18:30:00,0.021919554,0.021119146
PSOQRNN,ETH-USD,2026-04-26 18:45:00,0.021165071,0.021082096
PSOQRNN,ETH-USD,2026-04-26 19:00:00,0.020485396,0.021140601
PSOQRNN,ETH-USD,2026-04-26 19:15:00,0.021506807,0.021060675
PSOQRNN,ETH-USD,2026-04-26 19:30:00,0.021466294,0.021060478
PSOQRNN,ETH-USD,2026-04-26 19:45:00,0.020979187,0.021068579
PSOQRNN,ETH-USD,2026-04-26 20:00:00,0.022043472,0.02103934
PSOQRNN,ETH-USD,2026-04-26 20:15:00,0.021147912,0.02103255
PSOQRNN,ETH-USD,2026-04-26 20:30:00,0.021429595,0.020961473
PSOQRNN,ETH-USD,2026-04-26 20:45:00,0.022220053,0.02088365
PSOQRNN,ETH-USD,2026-04-26 21:00:00,0.02052734,0.020915316
PSOQRNN,ETH-USD,2026-04-26 21:15:00,0.02161357,0.02089966
PSOQRNN,ETH-USD,2026-04-26 21:30:00,0.02330072,0.021100676
PSOQRNN,ETH-USD,2026-04-26 21:45:00,0.019801889,0.021278897
PSOQRNN,ETH-USD,2026-04-26 22:00:00,0.020066906,0.021340722
PSOQRNN,ETH-USD,2026-04-26 22:15:00,0.022273432,0.021364009
PSOQRNN,ETH-USD,2026-04-26 22:30:00,0.023663871,0.02160219
PSOQRNN,ETH-USD,2026-04-26 22:45:00,0.021740349,0.021600485
PSOQRNN,ETH-USD,2026-04-26 23:00:00,0.022152852,0.021597257
PSOQRNN,ETH-USD,2026-04-26 23:15:00,0.021722952,0.021451682
PSOQRNN,ETH-USD,2026-04-26 23:30:00,0.01910025,0.021856949
PSOQRNN,ETH-USD,2026-04-26 23:45:00,0.023131534,0.021897528
PSOQRNN,ETH-USD,2026-04-27 00:00:00,0.022867031,0.021689106
PSOQRNN,ETH-USD,2026-04-27 00:15:00,0.02306529,0.021759907
PSOQRNN,ETH-USD,2026-04-27 00:30:00,0.019753985,0.02206528
PSOQRNN,ETH-USD,2026-04-27 00:45:00,0.018223891,0.023104412
PSOQRNN,ETH-USD,2026-04-27 01:00:00,0.023803743,0.023107618
PSOQRNN,ETH-USD,2026-04-27 01:15:00,0.024499282,0.023094483
PSOQRNN,ETH-USD,2026-04-27 01:30:00,0.022452157,0.023139926
PSOQRNN,ETH-USD,2026-04-27 01:45:00,0.021507284,0.02332487
PSOQRNN,ETH-USD,2026-04-27 02:00:00,0.024697525,0.022784749
PSOQRNN,ETH-USD,2026-04-27 02:15:00,0.02234659,0.022775596
PSOQRNN,ETH-USD,2026-04-27 02:30:00,0.023351239,0.022778494
PSOQRNN,ETH-USD,2026-04-27 02:45:00,0.02306815,0.02273128
PSOQRNN,ETH-USD,2026-04-27 03:00:00,0.022194555,0.022719635
PSOQRNN,ETH-USD,2026-04-27 03:15:00,0.022450488,0.022665342
PSOQRNN,ETH-USD,2026-04-27 03:30:00,0.022488855,0.022574898
PSOQRNN,ETH-USD,2026-04-27 03:45:00,0.024307946,0.022707904
PSOQRNN,ETH-USD,2026-04-27 04:00:00,0.023878327,0.022738067
PSOQRNN,ETH-USD,2026-04-27 04:15:00,0.023084354,0.02265737
PSOQRNN,ETH-USD,2026-04-27 04:30:00,0.0239236,0.022681238
PSOQRNN,ETH-USD,2026-04-27 04:45:00,0.02421716,0.022715043
PSOQRNN,ETH-USD,2026-04-27 05:00:00,0.027905608,0.024064925
PSOQRNN,ETH-USD,2026-04-27 05:15:00,0.03160711,0.02702923
PSOQRNN,ETH-USD,2026-04-27 05:30:00,0.029370442,0.026910016
PSOQRNN,ETH-USD,2026-04-27 05:45:00,0.027706683,0.026909279
PSOQRNN,ETH-USD,2026-04-27 06:00:00,0.027023172,0.026791196
PSOQRNN,ETH-USD,2026-04-27 06:15:00,0.026268875,0.026741467
PSOQRNN,ETH-USD,2026-04-27 06:30:00,0.028554067,0.026476959
PSOQRNN,ETH-USD,2026-04-27 06:45:00,0.026091851,0.026492236
PSOQRNN,ETH-USD,2026-04-27 07:00:00,0.027290957,0.02632858
PSOQRNN,ETH-USD,2026-04-27 07:15:00,0.026115676,0.026330132
PSOQRNN,ETH-USD,2026-04-27 07:30:00,0.026346784,0.026314808
PSOQRNN,ETH-USD,2026-04-27 07:45:00,0.027743371,0.026360847
PSOQRNN,ETH-USD,2026-04-27 08:00:00,0.026345115,0.026341835
PSOQRNN,ETH-USD,2026-04-27 08:15:00,0.027965404,0.026396384
PSOQRNN,ETH-USD,2026-04-27 08:30:00,0.026063737,0.0264071
PSOQRNN,ETH-USD,2026-04-27 08:45:00,0.02472183,0.02647851
PSOQRNN,ETH-USD,2026-04-27 09:00:00,0.026218364,0.026386881
PSOQRNN,ETH-USD,2026-04-27 09:15:00,0.027060814,0.026401794
PSOQRNN,ETH-USD,2026-04-27 09:30:00,0.025446165,0.026427144
PSOQRNN,ETH-USD,2026-04-27 09:45:00,0.02690524,0.026420625
PSOQRNN,ETH-USD,2026-04-27 10:00:00,0.02675157,0.026413698
PSOQRNN,ETH-USD,2026-04-27 10:15:00,0.02692573,0.026418852
PSOQRNN,ETH-USD,2026-04-27 10:30:00,0.02668367,0.026419103
PSOQRNN,ETH-USD,2026-04-27 10:45:00,0.026503077,0.026418367
PSOQRNN,ETH-USD,2026-04-27 11:00:00,0.026884513,0.026410842
PSOQRNN,ETH-USD,2026-04-27 11:15:00,0.025770918,0.026414046
PSOQRNN,ETH-USD,2026-04-27 11:30:00,0.027022934,0.026234137
PSOQRNN,ETH-USD,2026-04-27 11:45:00,0.026290556,0.026212582
PSOQRNN,ETH-USD,2026-04-27 12:00:00,0.026427789,0.025814079
PSOQRNN,ETH-USD,2026-04-27 12:15:00,0.02694765,0.02585741
PSOQRNN,ETH-USD,2026-04-27 12:30:00,0.026198352,0.025842126
PSOQRNN,ETH-USD,2026-04-27 12:45:00,0.026490688,0.025854249
PSOQRNN,ETH-USD,2026-04-27 13:00:00,0.025939843,0.02585451
PSOQRNN,ETH-USD,2026-04-27 13:15:00,0.025878849,0.025841929
PSOQRNN,ETH-USD,2026-04-27 13:30:00,0.025669895,0.025814937
PSOQRNN,ETH-USD,2026-04-27 13:45:00,0.026931925,0.025854401
PSOQRNN,ETH-USD,2026-04-27 14:00:00,0.025515262,0.025837062
PSOQRNN,ETH-USD,2026-04-27 14:15:00,0.026237901,0.025839802
PSOQRNN,ETH-USD,2026-04-27 14:30:00,0.02268545,0.026438767
PSOQRNN,ETH-USD,2026-04-27 14:45:00,0.029569587,0.026922317
PSOQRNN,ETH-USD,2026-04-27 15:00:00,0.03213848,0.028272718
PSOQRNN,ETH-USD,2026-04-27 15:15:00,0.03328905,0.029502664
PSOQRNN,ETH-USD,2026-04-27 15:30:00,0.027784348,0.029646477
PSOQRNN,ETH-USD,2026-04-27 15:45:00,0.031640217,0.02981739
PSOQRNN,ETH-USD,2026-04-27 16:00:00,0.029042896,0.029831493
PSOQRNN,ETH-USD,2026-04-27 16:15:00,0.030259429,0.029838337
PSOQRNN,ETH-USD,2026-04-27 16:30:00,0.03018368,0.029830193
PSOQRNN,ETH-USD,2026-04-27 16:45:00,0.029099353,0.02985371
PSOQRNN,ETH-USD,2026-04-27 17:00:00,0.028857322,0.029905202
PSOQRNN,ETH-USD,2026-04-27 17:15:00,0.028162183,0.030054515
PSOQRNN,ETH-USD,2026-04-27 17:30:00,0.029507414,0.030069545
PSOQRNN,ETH-USD,2026-04-27 17:45:00,0.031103589,0.030118186
PSOQRNN,ETH-USD,2026-04-27 18:00:00,0.029732283,0.030124865
PSOQRNN,ETH-USD,2026-04-27 18:15:00,0.030685801,0.030132782
PSOQRNN,ETH-USD,2026-04-27 18:30:00,0.029209409,0.030164622
PSOQRNN,ETH-USD,2026-04-27 18:45:00,0.030331602,0.03016434
PSOQRNN,ETH-USD,2026-04-27 19:00:00,0.02976206,0.030172942
PSOQRNN,ETH-USD,2026-04-27 19:15:00,0.03288037,0.030515764
PSOQRNN,ETH-USD,2026-04-27 19:30:00,0.02872916,0.030667705
PSOQRNN,ETH-USD,2026-04-27 19:45:00,0.029987402,0.030690065
PSOQRNN,ETH-USD,2026-04-27 20:00:00,0.030183919,0.030683495
PSOQRNN,ETH-USD,2026-04-27 20:15:00,0.030208692,0.030693755
PSOQRNN,ETH-USD,2026-04-27 20:30:00,0.030832767,0.030692367
PSOQRNN,ETH-USD,2026-04-27 20:45:00,0.030920897,0.030692019
PSOQRNN,ETH-USD,2026-04-27 21:00:00,0.031256028,0.03070536
PSOQRNN,ETH-USD,2026-04-27 21:15:00,0.030508822,0.030700918
PSOQRNN,ETH-USD,2026-04-27 21:30:00,0.03039687,0.030703792
PSOQRNN,ETH-USD,2026-04-27 21:45:00,0.031597584,0.030741116
PSOQRNN,ETH-USD,2026-04-27 22:00:00,0.030266099,0.030748665
PSOQRNN,ETH-USD,2026-04-27 22:15:00,0.029984066,0.030772801
PSOQRNN,ETH-USD,2026-04-27 22:30:00,0.030361379,0.030779254
PSOQRNN,ETH-USD,2026-04-27 22:45:00,0.03057242,0.030780857
PSOQRNN,ETH-USD,2026-04-27 23:00:00,0.031478968,0.030798303
PSOQRNN,ETH-USD,2026-04-27 23:15:00,0.030360425,0.030806182
PSOQRNN,ETH-USD,2026-04-27 23:30:00,0.02912246,0.030935628
PSOQRNN,ETH-USD,2026-04-27 23:45:00,0.029854245,0.030989453
PSOQRNN,ETH-USD,2026-04-28 00:00:00,0.03089541,0.030989526
PSOQRNN,ETH-USD,2026-04-28 00:15:00,0.03201201,0.031024663
PSOQRNN,ETH-USD,2026-04-28 00:30:00,0.029047899,0.03114179
PSOQRNN,ETH-USD,2026-04-28 00:45:00,0.031187192,0.031122673
PSOQRNN,ETH-USD,2026-04-28 01:00:00,0.030947814,0.031122379
PSOQRNN,ETH-USD,2026-04-28 01:15:00,0.031607825,0.031129181
PSOQRNN,ETH-USD,2026-04-28 01:30:00,0.03255742,0.031226434
PSOQRNN,ETH-USD,2026-04-28 01:45:00,0.03140656,0.031228127
PSOQRNN,ETH-USD,2026-04-28 02:00:00,0.031296283,0.031200409
PSOQRNN,ETH-USD,2026-04-28 02:15:00,0.032393564,0.031257197
PSOQRNN,ETH-USD,2026-04-28 02:30:00,0.034236874,0.031664602
PSOQRNN,ETH-USD,2026-04-28 02:45:00,0.029806128,0.031815004
PSOQRNN,ETH-USD,2026-04-28 03:00:00,0.032724135,0.03184447
PSOQRNN,ETH-USD,2026-04-28 03:15:00,0.031830046,0.03184078
PSOQRNN,ETH-USD,2026-04-28 03:30:00,0.031357493,0.031847674
PSOQRNN,ETH-USD,2026-04-28 03:45:00,0.030686278,0.031905536
PSOQRNN,ETH-USD,2026-04-28 04:00:00,0.031505644,0.031873677
PSOQRNN,ETH-USD,2026-04-28 04:15:00,0.0332538,0.031965856
PSOQRNN,ETH-USD,2026-04-28 04:30:00,0.031368453,0.031978704
PSOQRNN,ETH-USD,2026-04-28 04:45:00,0.03185434,0.031976674
PSOQRNN,ETH-USD,2026-04-28 05:00:00,0.031660702,0.031966474
PSOQRNN,ETH-USD,2026-04-28 05:15:00,0.030500485,0.03205829
PSOQRNN,ETH-USD,2026-04-28 05:30:00,0.033631034,0.03217798
PSOQRNN,ETH-USD,2026-04-28 05:45:00,0.032184925,0.03217483
PSOQRNN,ETH-USD,2026-04-28 06:00:00,0.031696428,0.032182157
PSOQRNN,ETH-USD,2026-04-28 06:15:00,0.03309019,0.032215584
PSOQRNN,ETH-USD,2026-04-28 06:30:00,0.03549324,0.032715816
PSOQRNN,ETH-USD,2026-04-28 06:45:00,0.03138322,0.03258543
PSOQRNN,ETH-USD,2026-04-28 07:00:00,0.033338107,0.03260048
PSOQRNN,ETH-USD,2026-04-28 07:15:00,0.031576145,0.03263749
PSOQRNN,ETH-USD,2026-04-28 07:30:00,0.031310335,0.03270895
PSOQRNN,ETH-USD,2026-04-28 07:45:00,0.03142609,0.032769766
PSOQRNN,ETH-USD,2026-04-28 08:00:00,0.032891802,0.032768536
PSOQRNN,ETH-USD,2026-04-28 08:15:00,0.03162378,0.03281867
PSOQRNN,ETH-USD,2026-04-28 08:30:00,0.034009688,0.032876767
PSOQRNN,ETH-USD,2026-04-28 08:45:00,0.03238237,0.032873172
PSOQRNN,ETH-USD,2026-04-28 09:00:00,0.032767244,0.032866463
PSOQRNN,ETH-USD,2026-04-28 09:15:00,0.03251836,0.032864016
PSOQRNN,ETH-USD,2026-04-28 09:30:00,0.03422806,0.032956455
PSOQRNN,ETH-USD,2026-04-28 09:45:00,0.032978017,0.03295673
PSOQRNN,ETH-USD,2026-04-28 10:00:00,0.032919668,0.032956768
PSOQRNN,ETH-USD,2026-04-28 10:15:00,0.0326484,0.03294531
PSOQRNN,ETH-USD,2026-04-28 10:30:00,0.0321361,0.032961033
PSOQRNN,ETH-USD,2026-04-28 10:45:00,0.033118054,0.032940406
PSOQRNN,ETH-USD,2026-04-28 11:00:00,0.03455693,0.033067264
PSOQRNN,ETH-USD,2026-04-28 11:15:00,0.033267614,0.03306329
PSOQRNN,ETH-USD,2026-04-28 11:30:00,0.033486955,0.03307393
PSOQRNN,ETH-USD,2026-04-28 11:45:00,0.032812495,0.033061188
PSOQRNN,ETH-USD,2026-04-28 12:00:00,0.032310203,0.033049278
PSOQRNN,ETH-USD,2026-04-28 12:15:00,0.033978015,0.033092435
PSOQRNN,ETH-USD,2026-04-28 12:30:00,0.031990577,0.03313341
PSOQRNN,ETH-USD,2026-04-28 12:45:00,0.03288037,0.03312836
PSOQRNN,ETH-USD,2026-04-28 13:00:00,0.03578517,0.033458393
PSOQRNN,ETH-USD,2026-04-28 13:15:00,0.03230639,0.033507667
PSOQRNN,ETH-USD,2026-04-28 13:30:00,0.03172644,0.03361799
PSOQRNN,ETH-USD,2026-04-28 13:45:00,0.033774637,0.033618752
PSOQRNN,ETH-USD,2026-04-28 14:00:00,0.03447477,0.033653166
PSOQRNN,ETH-USD,2026-04-28 14:15:00,0.03514082,0.033759132
PSOQRNN,ETH-USD,2026-04-28 14:30:00,0.032296866,0.033842176
PSOQRNN,ETH-USD,2026-04-28 14:45:00,0.03332263,0.033848517
PSOQRNN,ETH-USD,2026-04-28 15:00:00,0.03357031,0.033835657
PSOQRNN,ETH-USD,2026-04-28 15:15:00,0.03379083,0.033829227
PSOQRNN,ETH-USD,2026-04-28 15:30:00,0.033741295,0.033812784
PSOQRNN,ETH-USD,2026-04-28 15:45:00,0.032060124,0.03392111
PSOQRNN,ETH-USD,2026-04-28 16:00:00,0.034083273,0.03392391
PSOQRNN,ETH-USD,2026-04-28 16:15:00,0.034073032,0.033923864
PSOQRNN,ETH-USD,2026-04-28 16:30:00,0.03445739,0.033940814
PSOQRNN,ETH-USD,2026-04-28 16:45:00,0.03090875,0.034302
PSOQRNN,ETH-USD,2026-04-28 17:00:00,0.03527655,0.03430768
PSOQRNN,ETH-USD,2026-04-28 17:15:00,0.033326678,0.034340344
PSOQRNN,ETH-USD,2026-04-28 17:30:00,0.03254575,0.034452066
PSOQRNN,ETH-USD,2026-04-28 17:45:00,0.034560263,0.034453876
PSOQRNN,ETH-USD,2026-04-28 18:00:00,0.03473529,0.034457523
PSOQRNN,ETH-USD,2026-04-28 18:15:00,0.032868702,0.03451507
PSOQRNN,ETH-USD,2026-04-28 18:30:00,0.035357036,0.03452989
PSOQRNN,ETH-USD,2026-04-28 18:45:00,0.03273676,0.034646638
PSOQRNN,ETH-USD,2026-04-28 19:00:00,0.035675637,0.034697372
PSOQRNN,ETH-USD,2026-04-28 19:15:00,0.03464599,0.034697663
PSOQRNN,ETH-USD,2026-04-28 19:30:00,0.032720562,0.034829542
PSOQRNN,ETH-USD,2026-04-28 19:45:00,0.034085415,0.03478795
PSOQRNN,ETH-USD,2026-04-28 20:00:00,0.034978658,0.034467485
PSOQRNN,ETH-USD,2026-04-28 20:15:00,0.035143677,0.03447837
PSOQRNN,ETH-USD,2026-04-28 20:30:00,0.034626227,0.034474798
PSOQRNN,ETH-USD,2026-04-28 20:45:00,0.034427382,0.034472413
PSOQRNN,ETH-USD,2026-04-28 21:00:00,0.035322983,0.034494374
PSOQRNN,ETH-USD,2026-04-28 21:15:00,0.035226546,0.034523986
PSOQRNN,ETH-USD,2026-04-28 21:30:00,0.034455005,0.03450797
PSOQRNN,ETH-USD,2026-04-28 21:45:00,0.033675805,0.03452273
PSOQRNN,ETH-USD,2026-04-28 22:00:00,0.034369756,0.034522336
PSOQRNN,ETH-USD,2026-04-28 22:15:00,0.034610983,0.03452257
PSOQRNN,ETH-USD,2026-04-28 22:30:00,0.034865547,0.03452718
PSOQRNN,ETH-USD,2026-04-28 22:45:00,0.03459789,0.034504887
PSOQRNN,ETH-USD,2026-04-28 23:00:00,0.033881325,0.0345101
PSOQRNN,ETH-USD,2026-04-28 23:15:00,0.034901742,0.034518905
PSOQRNN,ETH-USD,2026-04-28 23:30:00,0.034134474,0.034522142
PSOQRNN,ETH-USD,2026-04-28 23:45:00,0.033768207,0.03453872
PSOQRNN,ETH-USD,2026-04-29 00:00:00,0.03463718,0.034537785
PSOQRNN,ETH-USD,2026-04-29 00:15:00,0.03484983,0.034542035
PSOQRNN,ETH-USD,2026-04-29 00:30:00,0.0338156,0.03455146
PSOQRNN,ETH-USD,2026-04-29 00:45:00,0.03357626,0.034580193
PSOQRNN,ETH-USD,2026-04-29 01:00:00,0.036456633,0.034747865
PSOQRNN,ETH-USD,2026-04-29 01:15:00,0.0351513,0.034752272
PSOQRNN,ETH-USD,2026-04-29 01:30:00,0.03341908,0.034814924
PSOQRNN,ETH-USD,2026-04-29 01:45:00,0.033143774,0.03491624
PSOQRNN,ETH-USD,2026-04-29 02:00:00,0.03468552,0.034911726
PSOQRNN,ETH-USD,2026-04-29 02:15:00,0.03563516,0.034924805
PSOQRNN,ETH-USD,2026-04-29 02:30:00,0.035494193,0.03494282
PSOQRNN,ETH-USD,2026-04-29 02:45:00,0.034237824,0.03495461
PSOQRNN,ETH-USD,2026-04-29 03:00:00,0.03403874,0.03490112
PSOQRNN,ETH-USD,2026-04-29 03:15:00,0.03233402,0.03514876
PSOQRNN,ETH-USD,2026-04-29 03:30:00,0.031666655,0.035609588
PSOQRNN,ETH-USD,2026-04-29 03:45:00,0.036040187,0.03561653
PSOQRNN,ETH-USD,2026-04-29 04:00:00,0.035861842,0.035608776
PSOQRNN,ETH-USD,2026-04-29 04:15:00,0.03427926,0.035663985
PSOQRNN,ETH-USD,2026-04-29 04:30:00,0.030371858,0.0366694
PSOQRNN,ETH-USD,2026-04-29 04:45:00,0.038407736,0.0368234
PSOQRNN,ETH-USD,2026-04-29 05:00:00,0.03696997,0.036827255
PSOQRNN,ETH-USD,2026-04-29 05:15:00,0.036268532,0.03633844
PSOQRNN,ETH-USD,2026-04-29 05:30:00,0.036340915,0.03632174
PSOQRNN,ETH-USD,2026-04-29 05:45:00,0.03544657,0.03633937
PSOQRNN,ETH-USD,2026-04-29 06:00:00,0.035644207,0.03635007
PSOQRNN,ETH-USD,2026-04-29 06:15:00,0.036628064,0.03634317
PSOQRNN,ETH-USD,2026-04-29 06:30:00,0.036903303,0.036345325
PSOQRNN,ETH-USD,2026-04-29 06:45:00,0.03648473,0.03633141
PSOQRNN,ETH-USD,2026-04-29 07:00:00,0.035660397,0.03632002
PSOQRNN,ETH-USD,2026-04-29 07:15:00,0.036911875,0.036336336
PSOQRNN,ETH-USD,2026-04-29 07:30:00,0.035197493,0.0363694
PSOQRNN,ETH-USD,2026-04-29 07:45:00,0.036994256,0.03637845
PSOQRNN,ETH-USD,2026-04-29 08:00:00,0.035953276,0.036364723
PSOQRNN,ETH-USD,2026-04-29 08:15:00,0.035642777,0.036372095
PSOQRNN,ETH-USD,2026-04-29 08:30:00,0.03649092,0.036374103
PSOQRNN,ETH-USD,2026-04-29 08:45:00,0.036073998,0.036357418
PSOQRNN,ETH-USD,2026-04-29 09:00:00,0.035738025,0.03585215
PSOQRNN,ETH-USD,2026-04-29 09:15:00,0.035518717,0.03583769
PSOQRNN,ETH-USD,2026-04-29 09:30:00,0.034930795,0.035859752
PSOQRNN,ETH-USD,2026-04-29 09:45:00,0.033379547,0.03607452
PSOQRNN,ETH-USD,2026-04-29 10:00:00,0.034777913,0.036085717
PSOQRNN,ETH-USD,2026-04-29 10:15:00,0.035449903,0.03609443
PSOQRNN,ETH-USD,2026-04-29 10:30:00,0.039318785,0.03657227
PSOQRNN,ETH-USD,2026-04-29 10:45:00,0.036140192,0.036564473
PSOQRNN,ETH-USD,2026-04-29 11:00:00,0.03621996,0.036554676
PSOQRNN,ETH-USD,2026-04-29 11:15:00,0.037345912,0.036588345
PSOQRNN,ETH-USD,2026-04-29 11:30:00,0.036232814,0.03658965
PSOQRNN,ETH-USD,2026-04-29 11:45:00,0.03605495,0.03656962
PSOQRNN,ETH-USD,2026-04-29 12:00:00,0.038810536,0.03678286
PSOQRNN,ETH-USD,2026-04-29 12:15:00,0.038513675,0.036927402
PSOQRNN,ETH-USD,2026-04-29 12:30:00,0.03681521,0.03678345
PSOQRNN,ETH-USD,2026-04-29 12:45:00,0.035973277,0.036683463
PSOQRNN,ETH-USD,2026-04-29 13:00:00,0.03680283,0.036581103
PSOQRNN,ETH-USD,2026-04-29 13:15:00,0.03836655,0.036725704
PSOQRNN,ETH-USD,2026-04-29 13:30:00,0.0397944,0.037019204
PSOQRNN,ETH-USD,2026-04-29 13:45:00,0.03452454,0.037234213
PSOQRNN,ETH-USD,2026-04-29 14:00:00,0.0385032,0.037316397
PSOQRNN,ETH-USD,2026-04-29 14:15:00,0.0351513,0.037471578
PSOQRNN,ETH-USD,2026-04-29 14:30:00,0.038215138,0.037210662
PSOQRNN,ETH-USD,2026-04-29 14:45:00,0.03743472,0.037189826
PSOQRNN,ETH-USD,2026-04-29 15:00:00,0.040375922,0.03762945
PSOQRNN,ETH-USD,2026-04-29 15:15:00,0.036109954,0.037671134
PSOQRNN,ETH-USD,2026-04-29 15:30:00,0.04178069,0.038175765
PSOQRNN,ETH-USD,2026-04-29 15:45:00,0.038299654,0.037495803
PSOQRNN,ETH-USD,2026-04-29 16:00:00,0.036065664,0.037561443
PSOQRNN,ETH-USD,2026-04-29 16:15:00,0.03809372,0.037542574
PSOQRNN,ETH-USD,2026-04-29 16:30:00,0.038982652,0.03759716
PSOQRNN,ETH-USD,2026-04-29 16:45:00,0.03749567,0.03743737
PSOQRNN,ETH-USD,2026-04-29 17:00:00,0.036785685,0.03741496
PSOQRNN,ETH-USD,2026-04-29 17:15:00,0.036720686,0.037399266
PSOQRNN,ETH-USD,2026-04-29 17:30:00,0.035807077,0.03748625
PSOQRNN,ETH-USD,2026-04-29 17:45:00,0.035482764,0.037626438
PSOQRNN,ETH-USD,2026-04-29 18:00:00,0.04785884,0.041792225
PSOQRNN,ETH-USD,2026-04-29 18:15:00,0.043908242,0.041962404
PSOQRNN,ETH-USD,2026-04-29 18:30:00,0.043568667,0.042059362
PSOQRNN,ETH-USD,2026-04-29 18:45:00,0.037904214,0.042575847
PSOQRNN,ETH-USD,2026-04-29 19:00:00,0.042556077,0.04256098
PSOQRNN,ETH-USD,2026-04-29 19:15:00,0.043107957,0.042579047
PSOQRNN,ETH-USD,2026-04-29 19:30:00,0.04397939,0.042647995
PSOQRNN,ETH-USD,2026-04-29 19:45:00,0.04085364,0.04270452
PSOQRNN,ETH-USD,2026-04-29 20:00:00,0.043050844,0.04195564
PSOQRNN,ETH-USD,2026-04-29 20:15:00,0.039328784,0.040345326
PSOQRNN,ETH-USD,2026-04-29 20:30:00,0.038541768,0.040278338
PSOQRNN,ETH-USD,2026-04-29 20:45:00,0.041304916,0.040323738
PSOQRNN,ETH-USD,2026-04-29 21:00:00,0.038302034,0.0404455
PSOQRNN,ETH-USD,2026-04-29 21:15:00,0.040106945,0.040426727
PSOQRNN,ETH-USD,2026-04-29 21:30:00,0.03906788,0.040383693
PSOQRNN,ETH-USD,2026-04-29 21:45:00,0.039698232,0.040378675
PSOQRNN,ETH-USD,2026-04-29 22:00:00,0.03948875,0.040383127
PSOQRNN,ETH-USD,2026-04-29 22:15:00,0.040829834,0.04039333
PSOQRNN,ETH-USD,2026-04-29 22:30:00,0.03864318,0.040478233
PSOQRNN,ETH-USD,2026-04-29 22:45:00,0.040271662,0.040426113
PSOQRNN,ETH-USD,2026-04-29 23:00:00,0.039672047,0.040434316
PSOQRNN,ETH-USD,2026-04-29 23:15:00,0.041806396,0.040460784
PSOQRNN,ETH-USD,2026-04-29 23:30:00,0.039278317,0.040483702
PSOQRNN,ETH-USD,2026-04-29 23:45:00,0.04116544,0.040387396
PSOQRNN,ETH-USD,2026-04-30 00:00:00,0.039962932,0.04038072
PSOQRNN,ETH-USD,2026-04-30 00:15:00,0.039843913,0.04037712
PSOQRNN,ETH-USD,2026-04-30 00:30:00,0.037357103,0.040616587
PSOQRNN,ETH-USD,2026-04-30 00:45:00,0.038318936,0.040770203
PSOQRNN,ETH-USD,2026-04-30 01:00:00,0.04127969,0.04079102
PSOQRNN,ETH-USD,2026-04-30 01:15:00,0.03892409,0.040884063
PSOQRNN,ETH-USD,2026-04-30 01:30:00,0.04108166,0.040891536
PSOQRNN,ETH-USD,2026-04-30 01:45:00,0.04158053,0.040924042
PSOQRNN,ETH-USD,2026-04-30 02:00:00,0.040460423,0.040923275
PSOQRNN,ETH-USD,2026-04-30 02:15:00,0.042096995,0.04097351
PSOQRNN,ETH-USD,2026-04-30 02:30:00,0.046503596,0.042208724
PSOQRNN,ETH-USD,2026-04-30 02:45:00,0.041102603,0.04223427
PSOQRNN,ETH-USD,2026-04-30 03:00:00,0.041415352,0.042246003
PSOQRNN,ETH-USD,2026-04-30 03:15:00,0.04088553,0.042263635
PSOQRNN,ETH-USD,2026-04-30 03:30:00,0.04097622,0.042301293
PSOQRNN,ETH-USD,2026-04-30 03:45:00,0.04221718,0.042296812
PSOQRNN,ETH-USD,2026-04-30 04:00:00,0.042600106,0.0423075
PSOQRNN,ETH-USD,2026-04-30 04:15:00,0.043126043,0.04234774
PSOQRNN,ETH-USD,2026-04-30 04:30:00,0.04440152,0.04253408
PSOQRNN,ETH-USD,2026-04-30 04:45:00,0.04174523,0.042519547
PSOQRNN,ETH-USD,2026-04-30 05:00:00,0.04091124,0.042573232
PSOQRNN,ETH-USD,2026-04-30 05:15:00,0.0441017,0.04268698
PSOQRNN,ETH-USD,2026-04-30 05:30:00,0.04025905,0.042468052
PSOQRNN,ETH-USD,2026-04-30 05:45:00,0.04266365,0.042186677
PSOQRNN,ETH-USD,2026-04-30 06:00:00,0.04145296,0.041308675
PSOQRNN,ETH-USD,2026-04-30 06:15:00,0.040331885,0.04046148
PSOQRNN,ETH-USD,2026-04-30 06:30:00,0.040496603,0.040351797
PSOQRNN,ETH-USD,2026-04-30 06:45:00,0.03944495,0.040230572
PSOQRNN,ETH-USD,2026-04-30 07:00:00,0.039452568,0.040216606
PSOQRNN,ETH-USD,2026-04-30 07:15:00,0.039103348,0.040238265
PSOQRNN,ETH-USD,2026-04-30 07:30:00,0.03857319,0.040307596
PSOQRNN,ETH-USD,2026-04-30 07:45:00,0.039491847,0.040297773
PSOQRNN,ETH-USD,2026-04-30 08:00:00,0.040181447,0.04026058
PSOQRNN,ETH-USD,2026-04-30 08:15:00,0.04038711,0.040152304
PSOQRNN,ETH-USD,2026-04-30 08:30:00,0.039247606,0.040155802
PSOQRNN,ETH-USD,2026-04-30 08:45:00,0.04078366,0.04014904
PSOQRNN,ETH-USD,2026-04-30 09:00:00,0.03932307,0.040154863
PSOQRNN,ETH-USD,2026-04-30 09:15:00,0.03841321,0.040226478
PSOQRNN,ETH-USD,2026-04-30 09:30:00,0.040385917,0.04020072
PSOQRNN,ETH-USD,2026-04-30 09:45:00,0.040106468,0.040201064
PSOQRNN,ETH-USD,2026-04-30 10:00:00,0.040078618,0.04019505
PSOQRNN,ETH-USD,2026-04-30 10:15:00,0.041124977,0.039984986
PSOQRNN,ETH-USD,2026-04-30 10:30:00,0.03854129,0.03992053
PSOQRNN,ETH-USD,2026-04-30 10:45:00,0.03949018,0.03990437
PSOQRNN,ETH-USD,2026-04-30 11:00:00,0.03806658,0.03998876
PSOQRNN,ETH-USD,2026-04-30 11:15:00,0.03994627,0.039982114
PSOQRNN,ETH-USD,2026-04-30 11:30:00,0.04186423,0.040155035
PSOQRNN,ETH-USD,2026-04-30 11:45:00,0.039939605,0.040153425
PSOQRNN,ETH-USD,2026-04-30 12:00:00,0.039179765,0.040161666
PSOQRNN,ETH-USD,2026-04-30 12:15:00,0.038308937,0.04025485
PSOQRNN,ETH-USD,2026-04-30 12:30:00,0.04074629,0.040272873
PSOQRNN,ETH-USD,2026-04-30 12:45:00,0.039675377,0.0402483
PSOQRNN,ETH-USD,2026-04-30 13:00:00,0.04031046,0.04024405
PSOQRNN,ETH-USD,2026-04-30 13:15:00,0.04111308,0.040270552
PSOQRNN,ETH-USD,2026-04-30 13:30:00,0.036783304,0.04064856
PSOQRNN,ETH-USD,2026-04-30 13:45:00,0.04236902,0.04079557
PSOQRNN,ETH-USD,2026-04-30 14:00:00,0.040959317,0.040785447
PSOQRNN,ETH-USD,2026-04-30 14:15:00,0.04137989,0.040805936
PSOQRNN,ETH-USD,2026-04-30 14:30:00,0.03987462,0.04071994
PSOQRNN,ETH-USD,2026-04-30 14:45:00,0.040071,0.04068285
PSOQRNN,ETH-USD,2026-04-30 15:00:00,0.039428763,0.04071932
PSOQRNN,ETH-USD,2026-04-30 15:15:00,0.039974358,0.040690646
PSOQRNN,ETH-USD,2026-04-30 15:30:00,0.041134976,0.04056872
PSOQRNN,ETH-USD,2026-04-30 15:45:00,0.04000197,0.040572345
PSOQRNN,ETH-USD,2026-04-30 16:00:00,0.04038187,0.040571295
PSOQRNN,ETH-USD,2026-04-30 16:15:00,0.041128073,0.040587578
PSOQRNN,ETH-USD,2026-04-30 16:30:00,0.04082436,0.040523343
PSOQRNN,ETH-USD,2026-04-30 16:45:00,0.04103929,0.04054439
PSOQRNN,ETH-USD,2026-04-30 17:00:00,0.04061466,0.040548127
PSOQRNN,ETH-USD,2026-04-30 17:15:00,0.040411863,0.040497363
PSOQRNN,ETH-USD,2026-04-30 17:30:00,0.040063385,0.040171236
PSOQRNN,ETH-USD,2026-04-30 17:45:00,0.03914239,0.04007161
PSOQRNN,ETH-USD,2026-04-30 18:00:00,0.040332362,0.040049348
PSOQRNN,ETH-USD,2026-04-30 18:15:00,0.039822966,0.04004937
PSOQRNN,ETH-USD,2026-04-30 18:30:00,0.038345598,0.040120386
PSOQRNN,ETH-USD,2026-04-30 18:45:00,0.040037677,0.04007514
PSOQRNN,ETH-USD,2026-04-30 19:00:00,0.038935043,0.04009958
PSOQRNN,ETH-USD,2026-04-30 19:15:00,0.039294027,0.040036805
PSOQRNN,ETH-USD,2026-04-30 19:30:00,0.039871525,0.040025923
PSOQRNN,ETH-USD,2026-04-30 19:45:00,0.040433284,0.040042534
PSOQRNN,ETH-USD,2026-04-30 20:00:00,0.039385438,0.040045697
PSOQRNN,ETH-USD,2026-04-30 20:15:00,0.039345447,0.03997866
PSOQRNN,ETH-USD,2026-04-30 20:30:00,0.0399596,0.039884508
PSOQRNN,ETH-USD,2026-04-30 20:45:00,0.03969442,0.03988457
PSOQRNN,ETH-USD,2026-04-30 21:00:00,0.039600156,0.039877754
PSOQRNN,ETH-USD,2026-04-30 21:15:00,0.041362517,0.039959554
PSOQRNN,ETH-USD,2026-04-30 21:30:00,0.039002173,0.03956308
PSOQRNN,ETH-USD,2026-04-30 21:45:00,0.04032141,0.039543927
PSOQRNN,ETH-USD,2026-04-30 22:00:00,0.03844511,0.03954585
PSOQRNN,ETH-USD,2026-04-30 22:15:00,0.03888505,0.03951824
PSOQRNN,ETH-USD,2026-04-30 22:30:00,0.04010361,0.03948625
PSOQRNN,ETH-USD,2026-04-30 22:45:00,0.03998959,0.039452188
PSOQRNN,ETH-USD,2026-04-30 23:00:00,0.03873888,0.03945948
PSOQRNN,ETH-USD,2026-04-30 23:15:00,0.03901217,0.039417304
PSOQRNN,ETH-USD,2026-04-30 23:30:00,0.038717695,0.03936635
PSOQRNN,ETH-USD,2026-04-30 23:45:00,0.03925856,0.039360214
PSOQRNN,ETH-USD,2026-05-01 00:00:00,0.03784374,0.03942188
PSOQRNN,ETH-USD,2026-05-01 00:15:00,0.039200235,0.039419007
PSOQRNN,ETH-USD,2026-05-01 00:30:00,0.038776495,0.03934733
PSOQRNN,ETH-USD,2026-05-01 00:45:00,0.039989118,0.039377555
PSOQRNN,ETH-USD,2026-05-01 01:00:00,0.038227517,0.03940832
PSOQRNN,ETH-USD,2026-05-01 01:15:00,0.039408766,0.039408814
PSOQRNN,ETH-USD,2026-05-01 01:30:00,0.03827656,0.039418403
PSOQRNN,ETH-USD,2026-05-01 01:45:00,0.03868746,0.039424986
PSOQRNN,ETH-USD,2026-05-01 02:00:00,0.039340686,0.039317288
PSOQRNN,ETH-USD,2026-05-01 02:15:00,0.03908002,0.039314106
PSOQRNN,ETH-USD,2026-05-01 02:30:00,0.039110012,0.03930421
PSOQRNN,ETH-USD,2026-05-01 02:45:00,0.038866006,0.039304353
PSOQRNN,ETH-USD,2026-05-01 03:00:00,0.038412973,0.03930335
PSOQRNN,ETH-USD,2026-05-01 03:15:00,0.03509034,0.039846364
PSOQRNN,ETH-USD,2026-05-01 03:30:00,0.03983772,0.03981327
PSOQRNN,ETH-USD,2026-05-01 03:45:00,0.039810587,0.039815564
PSOQRNN,ETH-USD,2026-05-01 04:00:00,0.03944638,0.039527524
PSOQRNN,ETH-USD,2026-05-01 04:15:00,0.040104326,0.039517082
PSOQRNN,ETH-USD,2026-05-01 04:30:00,0.038923617,0.03941861
PSOQRNN,ETH-USD,2026-05-01 04:45:00,0.039363537,0.039417543
PSOQRNN,ETH-USD,2026-05-01 05:00:00,0.038056582,0.03942569
PSOQRNN,ETH-USD,2026-05-01 05:15:00,0.03971394,0.039339107
PSOQRNN,ETH-USD,2026-05-01 05:30:00,0.03859271,0.039281767
PSOQRNN,ETH-USD,2026-05-01 05:45:00,0.03916905,0.039277397
PSOQRNN,ETH-USD,2026-05-01 06:00:00,0.0385451,0.039284475
PSOQRNN,ETH-USD,2026-05-01 06:15:00,0.03918643,0.039285436
PSOQRNN,ETH-USD,2026-05-01 06:30:00,0.039975785,0.039321527
PSOQRNN,ETH-USD,2026-05-01 06:45:00,0.039787497,0.039244067
PSOQRNN,ETH-USD,2026-05-01 07:00:00,0.03898027,0.03924089
PSOQRNN,ETH-USD,2026-05-01 07:15:00,0.039782975,0.039263222
PSOQRNN,ETH-USD,2026-05-01 07:30:00,0.038666748,0.039250813
PSOQRNN,ETH-USD,2026-05-01 07:45:00,0.03793421,0.038977902
PSOQRNN,ETH-USD,2026-05-01 08:00:00,0.037478052,0.038989484
PSOQRNN,ETH-USD,2026-05-01 08:15:00,0.038240373,0.03897194
PSOQRNN,ETH-USD,2026-05-01 08:30:00,0.03890338,0.03887
PSOQRNN,ETH-USD,2026-05-01 08:45:00,0.0382049,0.038874067
PSOQRNN,ETH-USD,2026-05-01 09:00:00,0.03890362,0.0388704
PSOQRNN,ETH-USD,2026-05-01 09:15:00,0.03901122,0.03879688
PSOQRNN,ETH-USD,2026-05-01 09:30:00,0.038567953,0.038759943
PSOQRNN,ETH-USD,2026-05-01 09:45:00,0.039027408,0.038666148
PSOQRNN,ETH-USD,2026-05-01 10:00:00,0.039227612,0.038638942
PSOQRNN,ETH-USD,2026-05-01 10:15:00,0.037186157,0.038695056
PSOQRNN,ETH-USD,2026-05-01 10:30:00,0.03917667,0.038587116
PSOQRNN,ETH-USD,2026-05-01 10:45:00,0.037828505,0.038583674
PSOQRNN,ETH-USD,2026-05-01 11:00:00,0.038012777,0.03858382
PSOQRNN,ETH-USD,2026-05-01 11:15:00,0.038114432,0.03856064
PSOQRNN,ETH-USD,2026-05-01 11:30:00,0.03769947,0.03857233
PSOQRNN,ETH-USD,2026-05-01 11:45:00,0.038436778,0.03857249
PSOQRNN,ETH-USD,2026-05-01 12:00:00,0.03763566,0.038552903
PSOQRNN,ETH-USD,2026-05-01 12:15:00,0.03423354,0.039149687
PSOQRNN,ETH-USD,2026-05-01 12:30:00,0.039087873,0.03915125
PSOQRNN,ETH-USD,2026-05-01 12:45:00,0.039638244,0.03915713
PSOQRNN,ETH-USD,2026-05-01 13:00:00,0.036262818,0.03941581
PSOQRNN,ETH-USD,2026-05-01 13:15:00,0.040151455,0.039453957
PSOQRNN,ETH-USD,2026-05-01 13:30:00,0.03892838,0.039446156
PSOQRNN,ETH-USD,2026-05-01 13:45:00,0.036667828,0.039675646
PSOQRNN,ETH-USD,2026-05-01 14:00:00,0.03900741,0.03967319
PSOQRNN,ETH-USD,2026-05-01 14:15:00,0.042100325,0.039947428
PSOQRNN,ETH-USD,2026-05-01 14:30:00,0.040415432,0.039968386
PSOQRNN,ETH-USD,2026-05-01 14:45:00,0.039357588,0.03995926
PSOQRNN,ETH-USD,2026-05-01 15:00:00,0.03911406,0.03996767
PSOQRNN,ETH-USD,2026-05-01 15:15:00,0.039886285,0.03996091
PSOQRNN,ETH-USD,2026-05-01 15:30:00,0.038384166,0.04001013
PSOQRNN,ETH-USD,2026-05-01 15:45:00,0.041299205,0.04008276
PSOQRNN,ETH-USD,2026-05-01 16:00:00,0.040483747,0.039945558
PSOQRNN,ETH-USD,2026-05-01 16:15:00,0.040137414,0.039942406
PSOQRNN,ETH-USD,2026-05-01 16:30:00,0.04026238,0.039907347
PSOQRNN,ETH-USD,2026-05-01 16:45:00,0.039432097,0.03982515
PSOQRNN,ETH-USD,2026-05-01 17:00:00,0.03811372,0.0399008
PSOQRNN,ETH-USD,2026-05-01 17:15:00,0.04042543,0.039896365
PSOQRNN,ETH-USD,2026-05-01 17:30:00,0.03870603,0.03990536
PSOQRNN,ETH-USD,2026-05-01 17:45:00,0.038571287,0.03993518
PSOQRNN,ETH-USD,2026-05-01 18:00:00,0.040494695,0.039943516
PSOQRNN,ETH-USD,2026-05-01 18:15:00,0.039238323,0.0397384
PSOQRNN,ETH-USD,2026-05-01 18:30:00,0.04069702,0.039390206
PSOQRNN,ETH-USD,2026-05-01 18:45:00,0.03929593,0.039377563
PSOQRNN,ETH-USD,2026-05-01 19:00:00,0.03859771,0.03938093
PSOQRNN,ETH-USD,2026-05-01 19:15:00,0.03916405,0.039330855
PSOQRNN,ETH-USD,2026-05-01 19:30:00,0.039498273,0.038349606
PSOQRNN,ETH-USD,2026-05-01 19:45:00,0.03806039,0.038204707
PSOQRNN,ETH-USD,2026-05-01 20:00:00,0.038257513,0.038203273
PSOQRNN,ETH-USD,2026-05-01 20:15:00,0.038978606,0.03823719
PSOQRNN,ETH-USD,2026-05-01 20:30:00,0.039355446,0.038306475
PSOQRNN,ETH-USD,2026-05-01 20:45:00,0.04029023,0.03847697
PSOQRNN,ETH-USD,2026-05-01 21:00:00,0.037799936,0.038474265
PSOQRNN,ETH-USD,2026-05-01 21:15:00,0.03732734,0.038500853
PSOQRNN,ETH-USD,2026-05-01 21:30:00,0.038656987,0.03848596
PSOQRNN,ETH-USD,2026-05-01 21:45:00,0.03720568,0.03852612
PSOQRNN,ETH-USD,2026-05-01 22:00:00,0.03743591,0.038545612
PSOQRNN,ETH-USD,2026-05-01 22:15:00,0.03800754,0.038526766
PSOQRNN,ETH-USD,2026-05-01 22:30:00,0.03878935,0.03849998
PSOQRNN,ETH-USD,2026-05-01 22:45:00,0.038649846,0.038480844
PSOQRNN,ETH-USD,2026-05-01 23:00:00,0.038523436,0.03848107
PSOQRNN,ETH-USD,2026-05-01 23:15:00,0.038985033,0.0384896
PSOQRNN,ETH-USD,2026-05-01 23:30:00,0.03754043,0.038507253
PSOQRNN,ETH-USD,2026-05-01 23:45:00,0.037346628,0.038540833
PSOQRNN,ETH-USD,2026-05-02 00:00:00,0.038672462,0.03853793
PSOQRNN,ETH-USD,2026-05-02 00:15:00,0.03785112,0.03854511
PSOQRNN,ETH-USD,2026-05-02 00:30:00,0.037757557,0.038535714
PSOQRNN,ETH-USD,2026-05-02 00:45:00,0.03836274,0.038327333
PSOQRNN,ETH-USD,2026-05-02 01:00:00,0.03779708,0.03828049
PSOQRNN,ETH-USD,2026-05-02 01:15:00,0.03832227,0.03827352
PSOQRNN,ETH-USD,2026-05-02 01:30:00,0.037633758,0.03782825
PSOQRNN,ETH-USD,2026-05-02 01:45:00,0.03766423,0.03782567
PSOQRNN,ETH-USD,2026-05-02 02:00:00,0.038011584,0.037830476
PSOQRNN,ETH-USD,2026-05-02 02:15:00,0.03789326,0.037796587
PSOQRNN,ETH-USD,2026-05-02 02:30:00,0.03683664,0.037817836
PSOQRNN,ETH-USD,2026-05-02 02:45:00,0.03645068,0.037865825
PSOQRNN,ETH-USD,2026-05-02 03:00:00,0.037984446,0.037635844
PSOQRNN,ETH-USD,2026-05-02 03:15:00,0.036495443,0.0375206
PSOQRNN,ETH-USD,2026-05-02 03:30:00,0.037790652,0.037529897
PSOQRNN,ETH-USD,2026-05-02 03:45:00,0.037114017,0.0375167
PSOQRNN,ETH-USD,2026-05-02 04:00:00,0.03769947,0.037519127
PSOQRNN,ETH-USD,2026-05-02 04:15:00,0.03723425,0.037361123
PSOQRNN,ETH-USD,2026-05-02 04:30:00,0.03745472,0.036926966
PSOQRNN,ETH-USD,2026-05-02 04:45:00,0.03677259,0.03671915
PSOQRNN,ETH-USD,2026-05-02 05:00:00,0.037114732,0.036642727
PSOQRNN,ETH-USD,2026-05-02 05:15:00,0.036192816,0.036492188
PSOQRNN,ETH-USD,2026-05-02 05:30:00,0.036182813,0.03645382
PSOQRNN,ETH-USD,2026-05-02 05:45:00,0.03642806,0.036446903
PSOQRNN,ETH-USD,2026-05-02 06:00:00,0.03622448,0.035958294
PSOQRNN,ETH-USD,2026-05-02 06:15:00,0.036266625,0.035901584
PSOQRNN,ETH-USD,2026-05-02 06:30:00,0.03464218,0.035131294
PSOQRNN,ETH-USD,2026-05-02 06:45:00,0.03408351,0.035154767
PSOQRNN,ETH-USD,2026-05-02 07:00:00,0.03513987,0.03509825
PSOQRNN,ETH-USD,2026-05-02 07:15:00,0.034824587,0.035071492
PSOQRNN,ETH-USD,2026-05-02 07:30:00,0.03565897,0.034972668
PSOQRNN,ETH-USD,2026-05-02 07:45:00,0.03514249,0.034977213
PSOQRNN,ETH-USD,2026-05-02 08:00:00,0.03468933,0.034971103
PSOQRNN,ETH-USD,2026-05-02 08:15:00,0.034498822,0.03496633
PSOQRNN,ETH-USD,2026-05-02 08:30:00,0.034479298,0.034894206
PSOQRNN,ETH-USD,2026-05-02 08:45:00,0.034823637,0.03476426
PSOQRNN,ETH-USD,2026-05-02 09:00:00,0.03428831,0.029392555
PSOQRNN,ETH-USD,2026-05-02 09:15:00,0.029297309,0.029063588
PSOQRNN,ETH-USD,2026-05-02 09:30:00,0.028999303,0.028850814
PSOQRNN,ETH-USD,2026-05-02 09:45:00,0.029024553,0.028108772
PSOQRNN,ETH-USD,2026-05-02 10:00:00,0.028294638,0.028102659
PSOQRNN,ETH-USD,2026-05-02 10:15:00,0.028212212,0.02805449
PSOQRNN,ETH-USD,2026-05-02 10:30:00,0.028424472,0.027882801
PSOQRNN,ETH-USD,2026-05-02 10:45:00,0.027950158,0.027777582
PSOQRNN,ETH-USD,2026-05-02 11:00:00,0.028384212,0.027764654
PSOQRNN,ETH-USD,2026-05-02 11:15:00,0.02713729,0.02751332
PSOQRNN,ETH-USD,2026-05-02 11:30:00,0.028054504,0.027411401
PSOQRNN,ETH-USD,2026-05-02 11:45:00,0.027624253,0.027307315
PSOQRNN,ETH-USD,2026-05-02 12:00:00,0.027408885,0.027153485
PSOQRNN,ETH-USD,2026-05-02 12:15:00,0.026576934,0.027174946
PSOQRNN,ETH-USD,2026-05-02 12:30:00,0.027402692,0.027119938
PSOQRNN,ETH-USD,2026-05-02 12:45:00,0.02749894,0.027118672
PSOQRNN,ETH-USD,2026-05-02 13:00:00,0.025389936,0.027271628
PSOQRNN,ETH-USD,2026-05-02 13:15:00,0.028131213,0.027270488
PSOQRNN,ETH-USD,2026-05-02 13:30:00,0.027033655,0.027166348
PSOQRNN,ETH-USD,2026-05-02 13:45:00,0.027539916,0.027170274
PSOQRNN,ETH-USD,2026-05-02 14:00:00,0.0278663,0.027181786
PSOQRNN,ETH-USD,2026-05-02 14:15:00,0.027171122,0.027016466
PSOQRNN,ETH-USD,2026-05-02 14:30:00,0.027281666,0.026979407
PSOQRNN,ETH-USD,2026-05-02 14:45:00,0.026913103,0.02692074
PSOQRNN,ETH-USD,2026-05-02 15:00:00,0.026747044,0.02692366
PSOQRNN,ETH-USD,2026-05-02 15:15:00,0.02740555,0.026930548
PSOQRNN,ETH-USD,2026-05-02 15:30:00,0.026782306,0.026531417
PSOQRNN,ETH-USD,2026-05-02 15:45:00,0.026243858,0.026321294
PSOQRNN,ETH-USD,2026-05-02 16:00:00,0.025932696,0.02629338
PSOQRNN,ETH-USD,2026-05-02 16:15:00,0.027055334,0.026182067
PSOQRNN,ETH-USD,2026-05-02 16:30:00,0.026501648,0.026167542
PSOQRNN,ETH-USD,2026-05-02 16:45:00,0.026021328,0.02610985
PSOQRNN,ETH-USD,2026-05-02 17:00:00,0.026363462,0.02610993
PSOQRNN,ETH-USD,2026-05-02 17:15:00,0.026696537,0.025986886
PSOQRNN,ETH-USD,2026-05-02 17:30:00,0.026438273,0.02383303
PSOQRNN,ETH-USD,2026-05-02 17:45:00,0.024206916,0.023801887
PSOQRNN,ETH-USD,2026-05-02 18:00:00,0.023986505,0.023789933
PSOQRNN,ETH-USD,2026-05-02 18:15:00,0.023320738,0.023756549
PSOQRNN,ETH-USD,2026-05-02 18:30:00,0.024023201,0.023704298
PSOQRNN,ETH-USD,2026-05-02 18:45:00,0.023819232,0.023699226
PSOQRNN,ETH-USD,2026-05-02 19:00:00,0.023345996,0.023687948
PSOQRNN,ETH-USD,2026-05-02 19:15:00,0.024297222,0.023603108
PSOQRNN,ETH-USD,2026-05-02 19:30:00,0.023699852,0.02320932
PSOQRNN,ETH-USD,2026-05-02 19:45:00,0.023711052,0.02320433
PSOQRNN,ETH-USD,2026-05-02 20:00:00,0.023801599,0.023116745
PSOQRNN,ETH-USD,2026-05-02 20:15:00,0.02316704,0.022870233
PSOQRNN,ETH-USD,2026-05-02 20:30:00,0.023107706,0.022596883
PSOQRNN,ETH-USD,2026-05-02 20:45:00,0.022698319,0.02257472
PSOQRNN,ETH-USD,2026-05-02 21:00:00,0.023076728,0.02257057
PSOQRNN,ETH-USD,2026-05-02 21:15:00,0.022333246,0.022561949
PSOQRNN,ETH-USD,2026-05-02 21:30:00,0.019135524,0.0233735
PSOQRNN,ETH-USD,2026-05-02 21:45:00,0.024253856,0.02338267
PSOQRNN,ETH-USD,2026-05-02 22:00:00,0.0236958,0.023372423
PSOQRNN,ETH-USD,2026-05-02 22:15:00,0.025478093,0.023553139
PSOQRNN,ETH-USD,2026-05-02 22:30:00,0.023024304,0.023476763
PSOQRNN,ETH-USD,2026-05-02 22:45:00,0.022394251,0.023564965
PSOQRNN,ETH-USD,2026-05-02 23:00:00,0.02501109,0.023652844
PSOQRNN,ETH-USD,2026-05-02 23:15:00,0.0238402,0.023638017
PSOQRNN,ETH-USD,2026-05-02 23:30:00,0.025054455,0.023705466
PSOQRNN,ETH-USD,2026-05-02 23:45:00,0.024331057,0.02365456
PSOQRNN,ETH-USD,2026-05-03 00:00:00,0.024767578,0.023688186
PSOQRNN,ETH-USD,2026-05-03 00:15:00,0.023357196,0.023581915
PSOQRNN,ETH-USD,2026-05-03 00:30:00,0.024411596,0.023587631
PSOQRNN,ETH-USD,2026-05-03 00:45:00,0.023798501,0.02358372
PSOQRNN,ETH-USD,2026-05-03 01:00:00,0.025096867,0.023680259
PSOQRNN,ETH-USD,2026-05-03 01:15:00,0.024444716,0.023594195
PSOQRNN,ETH-USD,2026-05-03 01:30:00,0.024535976,0.023546033
PSOQRNN,ETH-USD,2026-05-03 01:45:00,0.024044884,0.023549473
PSOQRNN,ETH-USD,2026-05-03 02:00:00,0.024164263,0.023411207
PSOQRNN,ETH-USD,2026-05-03 02:15:00,0.024559565,0.023454862
PSOQRNN,ETH-USD,2026-05-03 02:30:00,0.023492781,0.023139345
PSOQRNN,ETH-USD,2026-05-03 02:45:00,0.022703798,0.023167707
PSOQRNN,ETH-USD,2026-05-03 03:00:00,0.024170458,0.023175092
PSOQRNN,ETH-USD,2026-05-03 03:15:00,0.023464901,0.023023536
PSOQRNN,ETH-USD,2026-05-03 03:30:00,0.02330239,0.022979403
PSOQRNN,ETH-USD,2026-05-03 03:45:00,0.022928987,0.022981023
PSOQRNN,ETH-USD,2026-05-03 04:00:00,0.02364457,0.022980474
PSOQRNN,ETH-USD,2026-05-03 04:15:00,0.022583459,0.02291211
PSOQRNN,ETH-USD,2026-05-03 04:30:00,0.023713434,0.022269825
PSOQRNN,ETH-USD,2026-05-03 04:45:00,0.02265066,0.021979243
PSOQRNN,ETH-USD,2026-05-03 05:00:00,0.02174988,0.021980794
PSOQRNN,ETH-USD,2026-05-03 05:15:00,0.022588225,0.021925261
PSOQRNN,ETH-USD,2026-05-03 05:30:00,0.02255105,0.021907626
PSOQRNN,ETH-USD,2026-05-03 05:45:00,0.021679342,0.021920392
PSOQRNN,ETH-USD,2026-05-03 06:00:00,0.023007147,0.021900345
PSOQRNN,ETH-USD,2026-05-03 06:15:00,0.022390438,0.021890402
PSOQRNN,ETH-USD,2026-05-03 06:30:00,0.022053957,0.02185
PSOQRNN,ETH-USD,2026-05-03 06:45:00,0.02151062,0.021874834
PSOQRNN,ETH-USD,2026-05-03 07:00:00,0.02140791,0.02191338
PSOQRNN,ETH-USD,2026-05-03 07:15:00,0.021370733,0.021904517
PSOQRNN,ETH-USD,2026-05-03 07:30:00,0.022491714,0.021885779
PSOQRNN,ETH-USD,2026-05-03 07:45:00,0.022399493,0.021836545
PSOQRNN,ETH-USD,2026-05-03 08:00:00,0.021879995,0.021828799
PSOQRNN,ETH-USD,2026-05-03 08:15:00,0.022757892,0.021850405
PSOQRNN,ETH-USD,2026-05-03 08:30:00,0.02183877,0.02185656
PSOQRNN,ETH-USD,2026-05-03 08:45:00,0.02272024,0.02184382
PSOQRNN,ETH-USD,2026-05-03 09:00:00,0.022144988,0.021818846
PSOQRNN,ETH-USD,2026-05-03 09:15:00,0.021253008,0.021867389
PSOQRNN,ETH-USD,2026-05-03 09:30:00,0.021215355,0.021799164
PSOQRNN,ETH-USD,2026-05-03 09:45:00,0.022053957,0.021794617
PSOQRNN,ETH-USD,2026-05-03 10:00:00,0.022884188,0.021789517
PSOQRNN,ETH-USD,2026-05-03 10:15:00,0.022756461,0.021801447
PSOQRNN,ETH-USD,2026-05-03 10:30:00,0.021384792,0.021834388
PSOQRNN,ETH-USD,2026-05-03 10:45:00,0.022906825,0.021833124
PSOQRNN,ETH-USD,2026-05-03 11:00:00,0.021471538,0.021855535
PSOQRNN,ETH-USD,2026-05-03 11:15:00,0.022458114,0.021851763
PSOQRNN,ETH-USD,2026-05-03 11:30:00,0.020254226,0.022077171
PSOQRNN,ETH-USD,2026-05-03 11:45:00,0.022772904,0.022085844
PSOQRNN,ETH-USD,2026-05-03 12:00:00,0.019865284,0.022481594
PSOQRNN,ETH-USD,2026-05-03 12:15:00,0.02352638,0.02229103
PSOQRNN,ETH-USD,2026-05-03 12:30:00,0.022959726,0.022276245
PSOQRNN,ETH-USD,2026-05-03 12:45:00,0.022620395,0.022193534
PSOQRNN,ETH-USD,2026-05-03 13:00:00,0.022108529,0.0221635
PSOQRNN,ETH-USD,2026-05-03 13:15:00,0.023156317,0.022188962
PSOQRNN,ETH-USD,2026-05-03 13:30:00,0.023203975,0.022164635
PSOQRNN,ETH-USD,2026-05-03 13:45:00,0.022609195,0.022117447
PSOQRNN,ETH-USD,2026-05-03 14:00:00,0.021493463,0.022160226
PSOQRNN,ETH-USD,2026-05-03 14:15:00,0.0228432,0.022169936
PSOQRNN,ETH-USD,2026-05-03 14:30:00,0.022137363,0.022167495
PSOQRNN,ETH-USD,2026-05-03 14:45:00,0.021827329,0.022187993
PSOQRNN,ETH-USD,2026-05-03 15:00:00,0.022603,0.02209572
PSOQRNN,ETH-USD,2026-05-03 15:15:00,0.021682916,0.022125598
PSOQRNN,ETH-USD,2026-05-03 15:30:00,0.023456562,0.022189656
PSOQRNN,ETH-USD,2026-05-03 15:45:00,0.022376616,0.022124518
PSOQRNN,ETH-USD,2026-05-03 16:00:00,0.023223992,0.02212228
PSOQRNN,ETH-USD,2026-05-03 16:15:00,0.021809934,0.022137277
PSOQRNN,ETH-USD,2026-05-03 16:30:00,0.021829952,0.022116886
PSOQRNN,ETH-USD,2026-05-03 16:45:00,0.022959964,0.022126101
PSOQRNN,ETH-USD,2026-05-03 17:00:00,0.022475034,0.022122009
PSOQRNN,ETH-USD,2026-05-03 17:15:00,0.021372639,0.02218942
PSOQRNN,ETH-USD,2026-05-03 17:30:00,0.02232562,0.022189492
PSOQRNN,ETH-USD,2026-05-03 17:45:00,0.022918502,0.022201639
PSOQRNN,ETH-USD,2026-05-03 18:00:00,0.023139875,0.02220801
PSOQRNN,ETH-USD,2026-05-03 18:15:00,0.02194672,0.021194346
PSOQRNN,ETH-USD,2026-05-03 18:30:00,0.02190049,0.02119537
PSOQRNN,ETH-USD,2026-05-03 18:45:00,0.021576155,0.02118778
PSOQRNN,ETH-USD,2026-05-03 19:00:00,0.021858547,0.0211945
PSOQRNN,ETH-USD,2026-05-03 19:15:00,0.02192146,0.021145854
PSOQRNN,ETH-USD,2026-05-03 19:30:00,0.019904844,0.021307254
PSOQRNN,ETH-USD,2026-05-03 19:45:00,0.021477733,0.021303734
PSOQRNN,ETH-USD,2026-05-03 20:00:00,0.022249125,0.02125266
PSOQRNN,ETH-USD,2026-05-03 20:15:00,0.021221073,0.02123511
PSOQRNN,ETH-USD,2026-05-03 20:30:00,0.021365728,0.02122554
PSOQRNN,ETH-USD,2026-05-03 20:45:00,0.023296433,0.021420002
PSOQRNN,ETH-USD,2026-05-03 21:00:00,0.020997299,0.021445995
PSOQRNN,ETH-USD,2026-05-03 21:15:00,0.022558676,0.021482058
PSOQRNN,ETH-USD,2026-05-03 21:30:00,0.024723735,0.02196329
PSOQRNN,ETH-USD,2026-05-03 21:45:00,0.02101398,0.022023669
PSOQRNN,ETH-USD,2026-05-03 22:00:00,0.016301619,0.024188459
PSOQRNN,ETH-USD,2026-05-03 22:15:00,0.026725601,0.024467338
PSOQRNN,ETH-USD,2026-05-03 22:30:00,0.022750981,0.024668086
PSOQRNN,ETH-USD,2026-05-03 22:45:00,0.025541948,0.024639256
PSOQRNN,ETH-USD,2026-05-03 23:00:00,0.026322482,0.024688164
PSOQRNN,ETH-USD,2026-05-03 23:15:00,0.027952064,0.025225932
PSOQRNN,ETH-USD,2026-05-03 23:30:00,0.025905771,0.025237724
PSOQRNN,ETH-USD,2026-05-03 23:45:00,0.025856214,0.025241405
PSOQRNN,ETH-USD,2026-05-04 00:00:00,0.026722267,0.025332807
PSOQRNN,ETH-USD,2026-05-04 00:15:00,0.026857829,0.025425838
PSOQRNN,ETH-USD,2026-05-04 00:30:00,0.025727792,0.025426658
PSOQRNN,ETH-USD,2026-05-04 00:45:00,0.02386546,0.025573619
PSOQRNN,ETH-USD,2026-05-04 01:00:00,0.026376804,0.025554223
PSOQRNN,ETH-USD,2026-05-04 01:15:00,0.024727786,0.025529003
PSOQRNN,ETH-USD,2026-05-04 01:30:00,0.024054177,0.025639348
PSOQRNN,ETH-USD,2026-05-04 01:45:00,0.019766856,0.027524013
PSOQRNN,ETH-USD,2026-05-04 02:00:00,0.025239114,0.027797846
PSOQRNN,ETH-USD,2026-05-04 02:15:00,0.02716445,0.027818529
PSOQRNN,ETH-USD,2026-05-04 02:30:00,0.023663871,0.028674461
PSOQRNN,ETH-USD,2026-05-04 02:45:00,0.030117223,0.028782722
PSOQRNN,ETH-USD,2026-05-04 03:00:00,0.026378948,0.029042147
PSOQRNN,ETH-USD,2026-05-04 03:15:00,0.03014152,0.028290763
PSOQRNN,ETH-USD,2026-05-04 03:30:00,0.028666507,0.0282939
PSOQRNN,ETH-USD,2026-05-04 03:45:00,0.026819471,0.02836623
PSOQRNN,ETH-USD,2026-05-04 04:00:00,0.028216977,0.02802367
PSOQRNN,ETH-USD,2026-05-04 04:15:00,0.027181841,0.027996851
PSOQRNN,ETH-USD,2026-05-04 04:30:00,0.027478212,0.028009236
PSOQRNN,ETH-USD,2026-05-04 04:45:00,0.028631728,0.02771287
PSOQRNN,ETH-USD,2026-05-04 05:00:00,0.029135086,0.027808681
PSOQRNN,ETH-USD,2026-05-04 05:15:00,0.02961032,0.027551029
PSOQRNN,ETH-USD,2026-05-04 05:30:00,0.027077254,0.027527215
PSOQRNN,ETH-USD,2026-05-04 05:45:00,0.028626487,0.02758334
PSOQRNN,ETH-USD,2026-05-04 06:00:00,0.028746312,0.027636416
PSOQRNN,ETH-USD,2026-05-04 06:15:00,0.030131277,0.027947916
PSOQRNN,ETH-USD,2026-05-04 06:30:00,0.027608767,0.027872108
PSOQRNN,ETH-USD,2026-05-04 06:45:00,0.026942883,0.027775254
PSOQRNN,ETH-USD,2026-05-04 07:00:00,0.026990771,0.02777895
PSOQRNN,ETH-USD,2026-05-04 07:15:00,0.028490223,0.02778737
PSOQRNN,ETH-USD,2026-05-04 07:30:00,0.028247945,0.027772736
PSOQRNN,ETH-USD,2026-05-04 07:45:00,0.029160336,0.027867949
PSOQRNN,ETH-USD,2026-05-04 08:00:00,0.027657129,0.027769381
PSOQRNN,ETH-USD,2026-05-04 08:15:00,0.028685566,0.027768953
PSOQRNN,ETH-USD,2026-05-04 08:30:00,0.027883928,0.027729725
PSOQRNN,ETH-USD,2026-05-04 08:45:00,0.027913947,0.027676297
PSOQRNN,ETH-USD,2026-05-04 09:00:00,0.027625205,0.027633103
PSOQRNN,ETH-USD,2026-05-04 09:15:00,0.027361477,0.027630946
PSOQRNN,ETH-USD,2026-05-04 09:30:00,0.02590315,0.027701022
PSOQRNN,ETH-USD,2026-05-04 09:45:00,0.02796588,0.027700648
PSOQRNN,ETH-USD,2026-05-04 10:00:00,0.037896596,0.03279052
PSOQRNN,ETH-USD,2026-05-04 10:15:00,0.033949673,0.032863125
PSOQRNN,ETH-USD,2026-05-04 10:30:00,0.028099291,0.033787694
PSOQRNN,ETH-USD,2026-05-04 10:45:00,0.034377135,0.03381239
PSOQRNN,ETH-USD,2026-05-04 11:00:00,0.03282845,0.033836707
PSOQRNN,ETH-USD,2026-05-04 11:15:00,0.034879595,0.033850707
PSOQRNN,ETH-USD,2026-05-04 11:30:00,0.034504063,0.033792138
PSOQRNN,ETH-USD,2026-05-04 11:45:00,0.03278225,0.03358922
PSOQRNN,ETH-USD,2026-05-04 12:00:00,0.033440515,0.03358305
PSOQRNN,ETH-USD,2026-05-04 12:15:00,0.032658163,0.033576243
PSOQRNN,ETH-USD,2026-05-04 12:30:00,0.033255707,0.03356768
PSOQRNN,ETH-USD,2026-05-04 12:45:00,0.034637418,0.033592593
PSOQRNN,ETH-USD,2026-05-04 13:00:00,0.033301193,0.03356523
PSOQRNN,ETH-USD,2026-05-04 13:15:00,0.03309519,0.033566803
PSOQRNN,ETH-USD,2026-05-04 13:30:00,0.034012068,0.033569023
PSOQRNN,ETH-USD,2026-05-04 13:45:00,0.03347576,0.03356031
PSOQRNN,ETH-USD,2026-05-04 14:00:00,0.032378558,0.033600327
PSOQRNN,ETH-USD,2026-05-04 14:15:00,0.0319982,0.033660017
PSOQRNN,ETH-USD,2026-05-04 14:30:00,0.03191531,0.03374827
PSOQRNN,ETH-USD,2026-05-04 14:45:00,0.02899144,0.034601256
PSOQRNN,ETH-USD,2026-05-04 15:00:00,0.035746597,0.034672778
PSOQRNN,ETH-USD,2026-05-04 15:15:00,0.03905645,0.035574786
PSOQRNN,ETH-USD,2026-05-04 15:30:00,0.033930622,0.03564771
PSOQRNN,ETH-USD,2026-05-04 15:45:00,0.036419965,0.0356894
PSOQRNN,ETH-USD,2026-05-04 16:00:00,0.037906595,0.035938054
PSOQRNN,ETH-USD,2026-05-04 16:15:00,0.03135416,0.036693707
PSOQRNN,ETH-USD,2026-05-04 16:30:00,0.036022566,0.03669575
PSOQRNN,ETH-USD,2026-05-04 16:45:00,0.037604474,0.03675156
PSOQRNN,ETH-USD,2026-05-04 17:00:00,0.034384042,0.036918446
PSOQRNN,ETH-USD,2026-05-04 17:15:00,0.035901845,0.03693455
PSOQRNN,ETH-USD,2026-05-04 17:30:00,0.0367464,0.036917645
PSOQRNN,ETH-USD,2026-05-04 17:45:00,0.035995185,0.036888495
PSOQRNN,ETH-USD,2026-05-04 18:00:00,0.036175672,0.03688863
PSOQRNN,ETH-USD,2026-05-04 18:15:00,0.038748406,0.037046067
PSOQRNN,ETH-USD,2026-05-04 18:30:00,0.037102826,0.03703792
PSOQRNN,ETH-USD,2026-05-04 18:45:00,0.037095208,0.037041742
PSOQRNN,ETH-USD,2026-05-04 19:00:00,0.036549017,0.037034646
PSOQRNN,ETH-USD,2026-05-04 19:15:00,0.03824418,0.037123952
PSOQRNN,ETH-USD,2026-05-04 19:30:00,0.037209015,0.037123512
PSOQRNN,ETH-USD,2026-05-04 19:45:00,0.036856875,0.037122983
PSOQRNN,ETH-USD,2026-05-04 20:00:00,0.036814734,0.037105415
PSOQRNN,ETH-USD,2026-05-04 20:15:00,0.03782779,0.037144173
PSOQRNN,ETH-USD,2026-05-04 20:30:00,0.037682563,0.037170507
PSOQRNN,ETH-USD,2026-05-04 20:45:00,0.036776878,0.037169047
PSOQRNN,ETH-USD,2026-05-04 21:00:00,0.035132725,0.037292697
PSOQRNN,ETH-USD,2026-05-04 21:15:00,0.036643304,0.037285626
PSOQRNN,ETH-USD,2026-05-04 21:30:00,0.036526635,0.037253987
PSOQRNN,ETH-USD,2026-05-04 21:45:00,0.037109256,0.037227746
PSOQRNN,ETH-USD,2026-05-04 22:00:00,0.036286153,0.037243553
PSOQRNN,ETH-USD,2026-05-04 22:15:00,0.038010396,0.037287597
PSOQRNN,ETH-USD,2026-05-04 22:30:00,0.038312744,0.037330095
PSOQRNN,ETH-USD,2026-05-04 22:45:00,0.037114732,0.03732437
PSOQRNN,ETH-USD,2026-05-04 23:00:00,0.038100388,0.037368722
PSOQRNN,ETH-USD,2026-05-04 23:15:00,0.036593303,0.037376
PSOQRNN,ETH-USD,2026-05-04 23:30:00,0.039128106,0.03753788
PSOQRNN,ETH-USD,2026-05-04 23:45:00,0.036737353,0.037548292
PSOQRNN,ETH-USD,2026-05-05 00:00:00,0.036284246,0.03758411
PSOQRNN,ETH-USD,2026-05-05 00:15:00,0.038010396,0.03760358
PSOQRNN,ETH-USD,2026-05-05 00:30:00,0.03573945,0.037702862
PSOQRNN,ETH-USD,2026-05-05 00:45:00,0.036502823,0.03773477
PSOQRNN,ETH-USD,2026-05-05 01:00:00,0.03736234,0.037734058
PSOQRNN,ETH-USD,2026-05-05 01:15:00,0.037052825,0.037739832
PSOQRNN,ETH-USD,2026-05-05 01:30:00,0.03726449,0.03773658
PSOQRNN,ETH-USD,2026-05-05 01:45:00,0.037528526,0.037736822
PSOQRNN,ETH-USD,2026-05-05 02:00:00,0.035658494,0.03784884
PSOQRNN,ETH-USD,2026-05-05 02:15:00,0.03817038,0.03784795
PSOQRNN,ETH-USD,2026-05-05 02:30:00,0.035861842,0.037949324
PSOQRNN,ETH-USD,2026-05-05 02:45:00,0.03937782,0.038067978
PSOQRNN,ETH-USD,2026-05-05 03:00:00,0.03652759,0.038127124
PSOQRNN,ETH-USD,2026-05-05 03:15:00,0.036800448,0.03815249
PSOQRNN,ETH-USD,2026-05-05 03:30:00,0.035878032,0.038299862
PSOQRNN,ETH-USD,2026-05-05 03:45:00,0.038786016,0.038321596
PSOQRNN,ETH-USD,2026-05-05 04:00:00,0.03864318,0.03822004
PSOQRNN,ETH-USD,2026-05-05 04:15:00,0.037980873,0.03819516
PSOQRNN,ETH-USD,2026-05-05 04:30:00,0.038151335,0.038195107
PSOQRNN,ETH-USD,2026-05-05 04:45:00,0.037533764,0.038195767
PSOQRNN,ETH-USD,2026-05-05 05:00:00,0.038379643,0.038189758
PSOQRNN,ETH-USD,2026-05-05 05:15:00,0.036529254,0.038259733
PSOQRNN,ETH-USD,2026-05-05 05:30:00,0.038678892,0.038279697
PSOQRNN,ETH-USD,2026-05-05 05:45:00,0.03857081,0.038293935
PSOQRNN,ETH-USD,2026-05-05 06:00:00,0.03854367,0.03830464
PSOQRNN,ETH-USD,2026-05-05 06:15:00,0.039774403,0.03842361
PSOQRNN,ETH-USD,2026-05-05 06:30:00,0.03752162,0.038435306
PSOQRNN,ETH-USD,2026-05-05 06:45:00,0.0368664,0.038491048
PSOQRNN,ETH-USD,2026-05-05 07:00:00,0.03769185,0.038491543
PSOQRNN,ETH-USD,2026-05-05 07:15:00,0.03775851,0.03848095
PSOQRNN,ETH-USD,2026-05-05 07:30:00,0.037566617,0.03849234
PSOQRNN,ETH-USD,2026-05-05 07:45:00,0.03950375,0.038560424
PSOQRNN,ETH-USD,2026-05-05 08:00:00,0.03750043,0.038580373
PSOQRNN,ETH-USD,2026-05-05 08:15:00,0.039622534,0.03864457
PSOQRNN,ETH-USD,2026-05-05 08:30:00,0.039491132,0.0386936
PSOQRNN,ETH-USD,2026-05-05 08:45:00,0.037808508,0.03870462
PSOQRNN,ETH-USD,2026-05-05 09:00:00,0.040296182,0.0388479
PSOQRNN,ETH-USD,2026-05-05 09:15:00,0.038055867,0.038839635
PSOQRNN,ETH-USD,2026-05-05 09:30:00,0.039171193,0.038856037
PSOQRNN,ETH-USD,2026-05-05 09:45:00,0.038429398,0.038856104
PSOQRNN,ETH-USD,2026-05-05 10:00:00,0.03848344,0.038844336
PSOQRNN,ETH-USD,2026-05-05 10:15:00,0.03750424,0.038878772
PSOQRNN,ETH-USD,2026-05-05 10:30:00,0.038087532,0.038886663
PSOQRNN,ETH-USD,2026-05-05 10:45:00,0.03810515,0.038892012
PSOQRNN,ETH-USD,2026-05-05 11:00:00,0.03870603,0.03888792
PSOQRNN,ETH-USD,2026-05-05 11:15:00,0.03864604,0.038886957
PSOQRNN,ETH-USD,2026-05-05 11:30:00,0.037909452,0.038903177
PSOQRNN,ETH-USD,2026-05-05 11:45:00,0.03898813,0.03890893
PSOQRNN,ETH-USD,2026-05-05 12:00:00,0.03785136,0.03892719
PSOQRNN,ETH-USD,2026-05-05 12:15:00,0.037557334,0.03895958
PSOQRNN,ETH-USD,2026-05-05 12:30:00,0.038234897,0.038474936
PSOQRNN,ETH-USD,2026-05-05 12:45:00,0.038276084,0.03845978
PSOQRNN,ETH-USD,2026-05-05 13:00:00,0.036615685,0.03854985
PSOQRNN,ETH-USD,2026-05-05 13:15:00,0.039600395,0.03849221
PSOQRNN,ETH-USD,2026-05-05 13:30:00,0.038374882,0.03847359
PSOQRNN,ETH-USD,2026-05-05 13:45:00,0.038415115,0.038413662
PSOQRNN,ETH-USD,2026-05-05 14:00:00,0.039710846,0.03845974
PSOQRNN,ETH-USD,2026-05-05 14:15:00,0.037885405,0.0384624
PSOQRNN,ETH-USD,2026-05-05 14:30:00,0.039740127,0.038508408
PSOQRNN,ETH-USD,2026-05-05 14:45:00,0.037910406,0.03850535
PSOQRNN,ETH-USD,2026-05-05 15:00:00,0.03703497,0.03852684
PSOQRNN,ETH-USD,2026-05-05 15:15:00,0.038007062,0.038517714
PSOQRNN,ETH-USD,2026-05-05 15:30:00,0.038010158,0.038504906
PSOQRNN,ETH-USD,2026-05-05 15:45:00,0.03922547,0.03854747
PSOQRNN,ETH-USD,2026-05-05 16:00:00,0.038676985,0.038492758
PSOQRNN,ETH-USD,2026-05-05 16:15:00,0.039118823,0.038516458
PSOQRNN,ETH-USD,2026-05-05 16:30:00,0.041902788,0.039036002
PSOQRNN,ETH-USD,2026-05-05 16:45:00,0.037964687,0.03905477
PSOQRNN,ETH-USD,2026-05-05 17:00:00,0.03864842,0.039049372
PSOQRNN,ETH-USD,2026-05-05 17:15:00,0.03877459,0.039018374
PSOQRNN,ETH-USD,2026-05-05 17:30:00,0.03954493,0.039045382
PSOQRNN,ETH-USD,2026-05-05 17:45:00,0.038744118,0.03902878
PSOQRNN,ETH-USD,2026-05-05 18:00:00,0.03628044,0.03923033
PSOQRNN,ETH-USD,2026-05-05 18:15:00,0.03903955,0.039231054
PSOQRNN,ETH-USD,2026-05-05 18:30:00,0.039113108,0.03923288
PSOQRNN,ETH-USD,2026-05-05 18:45:00,0.038810775,0.039230116
PSOQRNN,ETH-USD,2026-05-05 19:00:00,0.039409243,0.039233927
PSOQRNN,ETH-USD,2026-05-05 19:15:00,0.03886053,0.039219286
PSOQRNN,ETH-USD,2026-05-05 19:30:00,0.038135145,0.039229352
PSOQRNN,ETH-USD,2026-05-05 19:45:00,0.039578255,0.039247174
PSOQRNN,ETH-USD,2026-05-05 20:00:00,0.036897115,0.039391026
PSOQRNN,ETH-USD,2026-05-05 20:15:00,0.03901741,0.039387263
PSOQRNN,ETH-USD,2026-05-05 20:30:00,0.038344648,0.03940129
PSOQRNN,ETH-USD,2026-05-05 20:45:00,0.03951613,0.03940028
PSOQRNN,ETH-USD,2026-05-05 21:00:00,0.039968405,0.039409492
PSOQRNN,ETH-USD,2026-05-05 21:15:00,0.039963882,0.039439257
PSOQRNN,ETH-USD,2026-05-05 21:30:00,0.04009861,0.039477345
PSOQRNN,ETH-USD,2026-05-05 21:45:00,0.038235135,0.039493673
PSOQRNN,ETH-USD,2026-05-05 22:00:00,0.039287362,0.039473683
PSOQRNN,ETH-USD,2026-05-05 22:15:00,0.03876269,0.039453857
PSOQRNN,ETH-USD,2026-05-05 22:30:00,0.042828094,0.039979976
PSOQRNN,ETH-USD,2026-05-05 22:45:00,0.03833179,0.04004296
PSOQRNN,ETH-USD,2026-05-05 23:00:00,0.039258797,0.04004781
PSOQRNN,ETH-USD,2026-05-05 23:15:00,0.042521093,0.040335156
PSOQRNN,ETH-USD,2026-05-05 23:30:00,0.039863907,0.040332027
PSOQRNN,ETH-USD,2026-05-05 23:45:00,0.039574925,0.040327974
PSOQRNN,ETH-USD,2026-05-06 00:00:00,0.039322592,0.04034432
PSOQRNN,ETH-USD,2026-05-06 00:15:00,0.041680492,0.040423177
PSOQRNN,ETH-USD,2026-05-06 00:30:00,0.0392757,0.040414777
PSOQRNN,ETH-USD,2026-05-06 00:45:00,0.039293077,0.04043754
PSOQRNN,ETH-USD,2026-05-06 01:00:00,0.039031457,0.040458813
PSOQRNN,ETH-USD,2026-05-06 01:15:00,0.039791543,0.04044765
PSOQRNN,ETH-USD,2026-05-06 01:30:00,0.04005529,0.040429264
PSOQRNN,ETH-USD,2026-05-06 01:45:00,0.039514937,0.040420722
PSOQRNN,ETH-USD,2026-05-06 02:00:00,0.040550873,0.040413775
PSOQRNN,ETH-USD,2026-05-06 02:15:00,0.04212674,0.04057039
PSOQRNN,ETH-USD,2026-05-06 02:30:00,0.040007446,0.040445056
PSOQRNN,ETH-USD,2026-05-06 02:45:00,0.03897313,0.040487677
PSOQRNN,ETH-USD,2026-05-06 03:00:00,0.040376633,0.040267564
PSOQRNN,ETH-USD,2026-05-06 03:15:00,0.038065627,0.040377736
PSOQRNN,ETH-USD,2026-05-06 03:30:00,0.040035535,0.040372845
PSOQRNN,ETH-USD,2026-05-06 03:45:00,0.03999197,0.04037282
PSOQRNN,ETH-USD,2026-05-06 04:00:00,0.03993627,0.040368002
PSOQRNN,ETH-USD,2026-05-06 04:15:00,0.04116187,0.04039963
PSOQRNN,ETH-USD,2026-05-06 04:30:00,0.040481843,0.040388446
PSOQRNN,ETH-USD,2026-05-06 04:45:00,0.041293968,0.040445905
PSOQRNN,ETH-USD,2026-05-06 05:00:00,0.04068845,0.04042788
PSOQRNN,ETH-USD,2026-05-06 05:15:00,0.039891995,0.04042462
PSOQRNN,ETH-USD,2026-05-06 05:30:00,0.041330144,0.040477768
PSOQRNN,ETH-USD,2026-05-06 05:45:00,0.039047167,0.040508028
PSOQRNN,ETH-USD,2026-05-06 06:00:00,0.040655125,0.040516153
PSOQRNN,ETH-USD,2026-05-06 06:15:00,0.039700612,0.040506337
PSOQRNN,ETH-USD,2026-05-06 06:30:00,0.039058354,0.040516615
PSOQRNN,ETH-USD,2026-05-06 06:45:00,0.04009385,0.04051639
PSOQRNN,ETH-USD,2026-05-06 07:00:00,0.040307608,0.0404952
PSOQRNN,ETH-USD,2026-05-06 07:15:00,0.039227374,0.040513992
PSOQRNN,ETH-USD,2026-05-06 07:30:00,0.04076319,0.040513672
PSOQRNN,ETH-USD,2026-05-06 07:45:00,0.04024167,0.04050394
PSOQRNN,ETH-USD,2026-05-06 08:00:00,0.038956944,0.04055813
PSOQRNN,ETH-USD,2026-05-06 08:15:00,0.040030774,0.040520724
PSOQRNN,ETH-USD,2026-05-06 08:30:00,0.039003365,0.040571235
PSOQRNN,ETH-USD,2026-05-06 08:45:00,0.037353057,0.040867157
PSOQRNN,ETH-USD,2026-05-06 09:00:00,0.041244224,0.040872753
PSOQRNN,ETH-USD,2026-05-06 09:15:00,0.040942658,0.04086915
PSOQRNN,ETH-USD,2026-05-06 09:30:00,0.03389395,0.04241156
PSOQRNN,ETH-USD,2026-05-06 09:45:00,0.043405186,0.042482212
PSOQRNN,ETH-USD,2026-05-06 10:00:00,0.04243161,0.042482644
PSOQRNN,ETH-USD,2026-05-06 10:15:00,0.042103894,0.042477142
PSOQRNN,ETH-USD,2026-05-06 10:30:00,0.042522047,0.04240362
PSOQRNN,ETH-USD,2026-05-06 10:45:00,0.04195467,0.04240297
PSOQRNN,ETH-USD,2026-05-06 11:00:00,0.041151635,0.042415824
PSOQRNN,ETH-USD,2026-05-06 11:15:00,0.041819487,0.042413127
PSOQRNN,ETH-USD,2026-05-06 11:30:00,0.043227896,0.042465128
PSOQRNN,ETH-USD,2026-05-06 11:45:00,0.04209128,0.042362988
PSOQRNN,ETH-USD,2026-05-06 12:00:00,0.04376808,0.042462673
PSOQRNN,ETH-USD,2026-05-06 12:15:00,0.040606093,0.042517222
PSOQRNN,ETH-USD,2026-05-06 12:30:00,0.0423545,0.042228907
PSOQRNN,ETH-USD,2026-05-06 12:45:00,0.04288045,0.04221943
PSOQRNN,ETH-USD,2026-05-06 13:00:00,0.045509353,0.04152246
PSOQRNN,ETH-USD,2026-05-06 13:15:00,0.042903297,0.041446034
PSOQRNN,ETH-USD,2026-05-06 13:30:00,0.042524666,0.04139518
PSOQRNN,ETH-USD,2026-05-06 13:45:00,0.043244317,0.04155615
PSOQRNN,ETH-USD,2026-05-06 14:00:00,0.043769035,0.041720554
PSOQRNN,ETH-USD,2026-05-06 14:15:00,0.04023334,0.041443005
PSOQRNN,ETH-USD,2026-05-06 14:30:00,0.039363537,0.041542523
PSOQRNN,ETH-USD,2026-05-06 14:45:00,0.0437657,0.041779857
PSOQRNN,ETH-USD,2026-05-06 15:00:00,0.04215554,0.041739866
PSOQRNN,ETH-USD,2026-05-06 15:15:00,0.04066417,0.04169416
PSOQRNN,ETH-USD,2026-05-06 15:30:00,0.04121685,0.04169384
PSOQRNN,ETH-USD,2026-05-06 15:45:00,0.041783787,0.041601
PSOQRNN,ETH-USD,2026-05-06 16:00:00,0.040230483,0.041623596
PSOQRNN,ETH-USD,2026-05-06 16:15:00,0.044085518,0.04188235
PSOQRNN,ETH-USD,2026-05-06 16:30:00,0.03985486,0.041893326
PSOQRNN,ETH-USD,2026-05-06 16:45:00,0.041768555,0.040657483
PSOQRNN,ETH-USD,2026-05-06 17:00:00,0.03997293,0.040462248
PSOQRNN,ETH-USD,2026-05-06 17:15:00,0.041538164,0.04051321
PSOQRNN,ETH-USD,2026-05-06 17:30:00,0.04034664,0.039870422
PSOQRNN,ETH-USD,2026-05-06 17:45:00,0.04043376,0.039828457
PSOQRNN,ETH-USD,2026-05-06 18:00:00,0.03968014,0.039605316
PSOQRNN,ETH-USD,2026-05-06 18:15:00,0.040460657,0.039613087
PSOQRNN,ETH-USD,2026-05-06 18:30:00,0.039006937,0.039615437
PSOQRNN,ETH-USD,2026-05-06 18:45:00,0.039570164,0.03952574
PSOQRNN,ETH-USD,2026-05-06 19:00:00,0.03925118,0.03952334
PSOQRNN,ETH-USD,2026-05-06 19:15:00,0.039339732,0.03948924
PSOQRNN,ETH-USD,2026-05-06 19:30:00,0.039030742,0.03947584
PSOQRNN,ETH-USD,2026-05-06 19:45:00,0.038567476,0.039484367
PSOQRNN,ETH-USD,2026-05-06 20:00:00,0.037981827,0.03948406
PSOQRNN,ETH-USD,2026-05-06 20:15:00,0.03930093,0.039380103
PSOQRNN,ETH-USD,2026-05-06 20:30:00,0.040336646,0.039422184
PSOQRNN,ETH-USD,2026-05-06 20:45:00,0.038328458,0.03941536
PSOQRNN,ETH-USD,2026-05-06 21:00:00,0.03964848,0.03938479
PSOQRNN,ETH-USD,2026-05-06 21:15:00,0.038471773,0.03919173
PSOQRNN,ETH-USD,2026-05-06 21:30:00,0.03794183,0.039222334
PSOQRNN,ETH-USD,2026-05-06 21:45:00,0.03909835,0.03918407
PSOQRNN,ETH-USD,2026-05-06 22:00:00,0.03986486,0.039188225
PSOQRNN,ETH-USD,2026-05-06 22:15:00,0.040265474,0.039242905
PSOQRNN,ETH-USD,2026-05-06 22:30:00,0.03824799,0.03925982
PSOQRNN,ETH-USD,2026-05-06 22:45:00,0.03917262,0.039200626
PSOQRNN,ETH-USD,2026-05-06 23:00:00,0.039748695,0.039221603
PSOQRNN,ETH-USD,2026-05-06 23:15:00,0.037667565,0.03926211
PSOQRNN,ETH-USD,2026-05-06 23:30:00,0.039140247,0.03926283
PSOQRNN,ETH-USD,2026-05-06 23:45:00,0.038517006,0.03927165
PSOQRNN,ETH-USD,2026-05-07 00:00:00,0.03922571,0.03927249
PSOQRNN,ETH-USD,2026-05-07 00:15:00,0.04017407,0.039318793
PSOQRNN,ETH-USD,2026-05-07 00:30:00,0.041148778,0.039360516
PSOQRNN,ETH-USD,2026-05-07 00:45:00,0.040802464,0.03946849
PSOQRNN,ETH-USD,2026-05-07 01:00:00,0.03928879,0.03539654
PSOQRNN,ETH-USD,2026-05-07 01:15:00,0.03455907,0.035348486
PSOQRNN,ETH-USD,2026-05-07 01:30:00,0.034587886,0.034461018
PSOQRNN,ETH-USD,2026-05-07 01:45:00,0.035965897,0.034556173
PSOQRNN,ETH-USD,2026-05-07 02:00:00,0.03736234,0.034896016
PSOQRNN,ETH-USD,2026-05-07 02:15:00,0.034119233,0.034857236
PSOQRNN,ETH-USD,2026-05-07 02:30:00,0.034817446,0.034832843
PSOQRNN,ETH-USD,2026-05-07 02:45:00,0.03359341,0.03484969
PSOQRNN,ETH-USD,2026-05-07 03:00:00,0.035238452,0.034861617
PSOQRNN,ETH-USD,2026-05-07 03:15:00,0.03464837,0.034833167
PSOQRNN,ETH-USD,2026-05-07 03:30:00,0.033863466,0.034860417
PSOQRNN,ETH-USD,2026-05-07 03:45:00,0.034997944,0.034805253
PSOQRNN,ETH-USD,2026-05-07 04:00:00,0.034117326,0.034816388
PSOQRNN,ETH-USD,2026-05-07 04:15:00,0.03414876,0.034822397
PSOQRNN,ETH-USD,2026-05-07 04:30:00,0.03521083,0.034821615
PSOQRNN,ETH-USD,2026-05-07 04:45:00,0.033810835,0.03485325
PSOQRNN,ETH-USD,2026-05-07 05:00:00,0.0337101,0.03484663
PSOQRNN,ETH-USD,2026-05-07 05:15:00,0.03456693,0.034753256
PSOQRNN,ETH-USD,2026-05-07 05:30:00,0.03474815,0.034640223
PSOQRNN,ETH-USD,2026-05-07 05:45:00,0.034506444,0.033717286
PSOQRNN,ETH-USD,2026-05-07 06:00:00,0.035911847,0.033876464
PSOQRNN,ETH-USD,2026-05-07 06:15:00,0.033459567,0.03296614
PSOQRNN,ETH-USD,2026-05-07 06:30:00,0.02951194,0.033367224
PSOQRNN,ETH-USD,2026-05-07 06:45:00,0.0329904,0.03333122
PSOQRNN,ETH-USD,2026-05-07 07:00:00,0.03163474,0.033183467
PSOQRNN,ETH-USD,2026-05-07 07:15:00,0.033829648,0.032343026
PSOQRNN,ETH-USD,2026-05-07 07:30:00,0.031055951,0.032400195
PSOQRNN,ETH-USD,2026-05-07 07:45:00,0.03248478,0.03234454
PSOQRNN,ETH-USD,2026-05-07 08:00:00,0.03296468,0.03214916
PSOQRNN,ETH-USD,2026-05-07 08:15:00,0.033076614,0.032161076
PSOQRNN,ETH-USD,2026-05-07 08:30:00,0.032882277,0.032187756
PSOQRNN,ETH-USD,2026-05-07 08:45:00,0.03238308,0.032164905
PSOQRNN,ETH-USD,2026-05-07 09:00:00,0.031619497,0.03216349
PSOQRNN,ETH-USD,2026-05-07 09:15:00,0.03318045,0.032019183
PSOQRNN,ETH-USD,2026-05-07 09:30:00,0.032714847,0.032040965
PSOQRNN,ETH-USD,2026-05-07 09:45:00,0.031933177,0.032038447
PSOQRNN,ETH-USD,2026-05-07 10:00:00,0.032729615,0.032058164
PSOQRNN,ETH-USD,2026-05-07 10:15:00,0.033800118,0.032112457
PSOQRNN,ETH-USD,2026-05-07 10:30:00,0.029641764,0.032375842
PSOQRNN,ETH-USD,2026-05-07 10:45:00,0.032547895,0.032377876
PSOQRNN,ETH-USD,2026-05-07 11:00:00,0.031680707,0.032396078
PSOQRNN,ETH-USD,2026-05-07 11:15:00,0.03264983,0.032361396
PSOQRNN,ETH-USD,2026-05-07 11:30:00,0.03160187,0.03235835
PSOQRNN,ETH-USD,2026-05-07 11:45:00,0.032382607,0.032357004
PSOQRNN,ETH-USD,2026-05-07 12:00:00,0.030837769,0.03229871
PSOQRNN,ETH-USD,2026-05-07 12:15:00,0.03296063,0.032312848
PSOQRNN,ETH-USD,2026-05-07 12:30:00,0.032133,0.032299068
PSOQRNN,ETH-USD,2026-05-07 12:45:00,0.032282576,0.032298993
PSOQRNN,ETH-USD,2026-05-07 13:00:00,0.034469295,0.032497358
PSOQRNN,ETH-USD,2026-05-07 13:15:00,0.03216492,0.032458868
PSOQRNN,ETH-USD,2026-05-07 13:30:00,0.035010327,0.032698352
PSOQRNN,ETH-USD,2026-05-07 13:45:00,0.032689363,0.032698393
PSOQRNN,ETH-USD,2026-05-07 14:00:00,0.03197962,0.03267533
PSOQRNN,ETH-USD,2026-05-07 14:15:00,0.034318317,0.03278965
PSOQRNN,ETH-USD,2026-05-07 14:30:00,0.03595423,0.0330855
PSOQRNN,ETH-USD,2026-05-07 14:45:00,0.032382607,0.033086885
PSOQRNN,ETH-USD,2026-05-07 15:00:00,0.033088043,0.03303418
PSOQRNN,ETH-USD,2026-05-07 15:15:00,0.034913648,0.033184063
PSOQRNN,ETH-USD,2026-05-07 15:30:00,0.03178122,0.033137064
PSOQRNN,ETH-USD,2026-05-07 15:45:00,0.033566736,0.03309958
PSOQRNN,ETH-USD,2026-05-07 16:00:00,0.034057315,0.033141963
PSOQRNN,ETH-USD,2026-05-07 16:15:00,0.031096682,0.033307374
PSOQRNN,ETH-USD,2026-05-07 16:30:00,0.033880614,0.03332023
PSOQRNN,ETH-USD,2026-05-07 16:45:00,0.033970155,0.03334146
PSOQRNN,ETH-USD,2026-05-07 17:00:00,0.03273128,0.03319189
PSOQRNN,ETH-USD,2026-05-07 17:15:00,0.034568835,0.033269636
PSOQRNN,ETH-USD,2026-05-07 17:30:00,0.03208656,0.033178765
PSOQRNN,ETH-USD,2026-05-07 17:45:00,0.030882072,0.03328847
PSOQRNN,ETH-USD,2026-05-07 18:00:00,0.033174258,0.033205014
PSOQRNN,ETH-USD,2026-05-07 18:15:00,0.033382643,0.033146877
PSOQRNN,ETH-USD,2026-05-07 18:30:00,0.033933003,0.032975394
PSOQRNN,ETH-USD,2026-05-07 18:45:00,0.03273652,0.03295841
PSOQRNN,ETH-USD,2026-05-07 19:00:00,0.033210933,0.032950755
PSOQRNN,ETH-USD,2026-05-07 19:15:00,0.034045644,0.03300551
PSOQRNN,ETH-USD,2026-05-07 19:30:00,0.032028206,0.033046104
PSOQRNN,ETH-USD,2026-05-07 19:45:00,0.032468583,0.033048768
PSOQRNN,ETH-USD,2026-05-07 20:00:00,0.033020884,0.03304326
PSOQRNN,ETH-USD,2026-05-07 20:15:00,0.033158064,0.032942243
PSOQRNN,ETH-USD,2026-05-07 20:30:00,0.03392586,0.032971144
PSOQRNN,ETH-USD,2026-05-07 20:45:00,0.0331221,0.032963045
PSOQRNN,ETH-USD,2026-05-07 21:00:00,0.033624366,0.032975547
PSOQRNN,ETH-USD,2026-05-07 21:15:00,0.031034276,0.033017106
PSOQRNN,ETH-USD,2026-05-07 21:30:00,0.033626746,0.03301084
PSOQRNN,ETH-USD,2026-05-07 21:45:00,0.033697955,0.032943744
PSOQRNN,ETH-USD,2026-05-07 22:00:00,0.03288656,0.032925397
PSOQRNN,ETH-USD,2026-05-07 22:15:00,0.03315973,0.032912955
PSOQRNN,ETH-USD,2026-05-07 22:30:00,0.033418603,0.032898147
PSOQRNN,ETH-USD,2026-05-07 22:45:00,0.03194723,0.03287566
PSOQRNN,ETH-USD,2026-05-07 23:00:00,0.0321311,0.032863468
PSOQRNN,ETH-USD,2026-05-07 23:15:00,0.03289323,0.032796428
PSOQRNN,ETH-USD,2026-05-07 23:30:00,0.032144435,0.032767124
PSOQRNN,ETH-USD,2026-05-07 23:45:00,0.032799874,0.032744125
PSOQRNN,ETH-USD,2026-05-08 00:00:00,0.031956278,0.0326257
PSOQRNN,ETH-USD,2026-05-08 00:15:00,0.033297382,0.03262979
PSOQRNN,ETH-USD,2026-05-08 00:30:00,0.033177353,0.03263157
PSOQRNN,ETH-USD,2026-05-08 00:45:00,0.032952532,0.032633655
PSOQRNN,ETH-USD,2026-05-08 01:00:00,0.033281904,0.032651167
PSOQRNN,ETH-USD,2026-05-08 01:15:00,0.03279082,0.032589525
PSOQRNN,ETH-USD,2026-05-08 01:30:00,0.032500736,0.032572165
PSOQRNN,ETH-USD,2026-05-08 01:45:00,0.032484066,0.03255527
PSOQRNN,ETH-USD,2026-05-08 02:00:00,0.032467872,0.03255568
PSOQRNN,ETH-USD,2026-05-08 02:15:00,0.032467872,0.032555852
PSOQRNN,ETH-USD,2026-05-08 02:30:00,0.032467872,0.03252595
PSOQRNN,ETH-USD,2026-05-08 02:45:00,0.032439053,0.03252345
PSOQRNN,ETH-USD,2026-05-08 03:00:00,0.0354068,0.032859765
PSOQRNN,ETH-USD,2026-05-08 03:15:00,0.03097449,0.032952704
PSOQRNN,ETH-USD,2026-05-08 03:30:00,0.032329258,0.03295583
PSOQRNN,ETH-USD,2026-05-08 03:45:00,0.033011597,0.032955796
PSOQRNN,ETH-USD,2026-05-08 04:00:00,0.032073937,0.032860022
PSOQRNN,ETH-USD,2026-05-08 04:15:00,0.032890372,0.032794073
PSOQRNN,ETH-USD,2026-05-08 04:30:00,0.034104228,0.03286956
PSOQRNN,ETH-USD,2026-05-08 04:45:00,0.031438477,0.03296201
PSOQRNN,ETH-USD,2026-05-08 05:00:00,0.033207122,0.03286854
PSOQRNN,ETH-USD,2026-05-08 05:15:00,0.032776054,0.032860804
PSOQRNN,ETH-USD,2026-05-08 05:30:00,0.032209218,0.032785356
PSOQRNN,ETH-USD,2026-05-08 05:45:00,0.033774637,0.032820247
PSOQRNN,ETH-USD,2026-05-08 06:00:00,0.03366985,0.03277254
PSOQRNN,ETH-USD,2026-05-08 06:15:00,0.032291625,0.032777194
PSOQRNN,ETH-USD,2026-05-08 06:30:00,0.032930624,0.03277205
PSOQRNN,ETH-USD,2026-05-08 06:45:00,0.03297611,0.03273904
PSOQRNN,ETH-USD,2026-05-08 07:00:00,0.033480763,0.032759253
PSOQRNN,ETH-USD,2026-05-08 07:15:00,0.033399075,0.032749355
PSOQRNN,ETH-USD,2026-05-08 07:30:00,0.029760867,0.03256108
PSOQRNN,ETH-USD,2026-05-08 07:45:00,0.032151103,0.032532137
PSOQRNN,ETH-USD,2026-05-08 08:00:00,0.032219697,0.032534197
PSOQRNN,ETH-USD,2026-05-08 08:15:00,0.03240309,0.03253457
PSOQRNN,ETH-USD,2026-05-08 08:30:00,0.031362496,0.032572288
PSOQRNN,ETH-USD,2026-05-08 08:45:00,0.032598145,0.032571767
PSOQRNN,ETH-USD,2026-05-08 09:00:00,0.031637598,0.03230862
PSOQRNN,ETH-USD,2026-05-08 09:15:00,0.031593297,0.03233212
PSOQRNN,ETH-USD,2026-05-08 09:30:00,0.03339765,0.032383267
PSOQRNN,ETH-USD,2026-05-08 09:45:00,0.03311591,0.032404616
PSOQRNN,ETH-USD,2026-05-08 10:00:00,0.032384988,0.03239855
PSOQRNN,ETH-USD,2026-05-08 10:15:00,0.0321673,0.032399427
PSOQRNN,ETH-USD,2026-05-08 10:30:00,0.031160276,0.03243181
PSOQRNN,ETH-USD,2026-05-08 10:45:00,0.03224923,0.032420017
PSOQRNN,ETH-USD,2026-05-08 11:00:00,0.03217159,0.032205787
PSOQRNN,ETH-USD,2026-05-08 11:15:00,0.031206962,0.03225077
PSOQRNN,ETH-USD,2026-05-08 11:30:00,0.032781772,0.032228578
PSOQRNN,ETH-USD,2026-05-08 11:45:00,0.030920897,0.03230358
PSOQRNN,ETH-USD,2026-05-08 12:00:00,0.032630775,0.03228138
PSOQRNN,ETH-USD,2026-05-08 12:15:00,0.032391656,0.032255795
PSOQRNN,ETH-USD,2026-05-08 12:30:00,0.03245882,0.032223344
PSOQRNN,ETH-USD,2026-05-08 12:45:00,0.03398349,0.032312267
PSOQRNN,ETH-USD,2026-05-08 13:00:00,0.034351178,0.032499153
PSOQRNN,ETH-USD,2026-05-08 13:15:00,0.033009216,0.032496896
PSOQRNN,ETH-USD,2026-05-08 13:30:00,0.032928,0.031904787
PSOQRNN,ETH-USD,2026-05-08 13:45:00,0.03100998,0.03184415
PSOQRNN,ETH-USD,2026-05-08 14:00:00,0.030136516,0.03196549
PSOQRNN,ETH-USD,2026-05-08 14:15:00,0.031846717,0.03162133
PSOQRNN,ETH-USD,2026-05-08 14:30:00,0.029935949,0.03175188
PSOQRNN,ETH-USD,2026-05-08 14:45:00,0.032325923,0.031752657
PSOQRNN,ETH-USD,2026-05-08 15:00:00,0.033069946,0.03180084
PSOQRNN,ETH-USD,2026-05-08 15:15:00,0.032531936,0.031709265
PSOQRNN,ETH-USD,2026-05-08 15:30:00,0.029688453,0.031858895
PSOQRNN,ETH-USD,2026-05-08 15:45:00,0.029560534,0.03206315
PSOQRNN,ETH-USD,2026-05-08 16:00:00,0.03275986,0.032019053
PSOQRNN,ETH-USD,2026-05-08 16:15:00,0.03211824,0.032009803
PSOQRNN,ETH-USD,2026-05-08 16:30:00,0.03157543,0.032017436
PSOQRNN,ETH-USD,2026-05-08 16:45:00,0.032359265,0.031999234
PSOQRNN,ETH-USD,2026-05-08 17:00:00,0.030384244,0.032114025
PSOQRNN,ETH-USD,2026-05-08 17:15:00,0.0306041,0.032038525
PSOQRNN,ETH-USD,2026-05-08 17:30:00,0.029748242,0.032268655
PSOQRNN,ETH-USD,2026-05-08 17:45:00,0.033460997,0.032264333
PSOQRNN,ETH-USD,2026-05-08 18:00:00,0.030308498,0.032433026
PSOQRNN,ETH-USD,2026-05-08 18:15:00,0.030799182,0.03237023
PSOQRNN,ETH-USD,2026-05-08 18:30:00,0.03221827,0.032370456
PSOQRNN,ETH-USD,2026-05-08 18:45:00,0.03338812,0.032418583
PSOQRNN,ETH-USD,2026-05-08 19:00:00,0.031468965,0.032455526
PSOQRNN,ETH-USD,2026-05-08 19:15:00,0.032961346,0.032418657
PSOQRNN,ETH-USD,2026-05-08 19:30:00,0.03226995,0.032414548
PSOQRNN,ETH-USD,2026-05-08 19:45:00,0.032356884,0.032352835
PSOQRNN,ETH-USD,2026-05-08 20:00:00,0.032814875,0.03235269
PSOQRNN,ETH-USD,2026-05-08 20:15:00,0.032565042,0.032351315
PSOQRNN,ETH-USD,2026-05-08 20:30:00,0.033321913,0.032334812
PSOQRNN,ETH-USD,2026-05-08 20:45:00,0.032619342,0.03227308
PSOQRNN,ETH-USD,2026-05-08 21:00:00,0.032511692,0.032269135
PSOQRNN,ETH-USD,2026-05-08 21:15:00,0.03131367,0.03229328
PSOQRNN,ETH-USD,2026-05-08 21:30:00,0.031019032,0.032296177
PSOQRNN,ETH-USD,2026-05-08 21:45:00,0.032040115,0.0322971
PSOQRNN,ETH-USD,2026-05-08 22:00:00,0.031414658,0.03233044
PSOQRNN,ETH-USD,2026-05-08 22:15:00,0.033319533,0.032327835
PSOQRNN,ETH-USD,2026-05-08 22:30:00,0.032523125,0.032318845
PSOQRNN,ETH-USD,2026-05-08 22:45:00,0.032545038,0.032321524
PSOQRNN,ETH-USD,2026-05-08 23:00:00,0.033215698,0.032278426
PSOQRNN,ETH-USD,2026-05-08 23:15:00,0.03198986,0.032277804
PSOQRNN,ETH-USD,2026-05-08 23:30:00,0.0330759,0.032228913
PSOQRNN,ETH-USD,2026-05-08 23:45:00,0.03142633,0.03183728
PSOQRNN,ETH-USD,2026-05-09 00:00:00,0.031997483,0.031821243
PSOQRNN,ETH-USD,2026-05-09 00:15:00,0.03123602,0.031834137
PSOQRNN,ETH-USD,2026-05-09 00:30:00,0.03127913,0.029649869
PSOQRNN,ETH-USD,2026-05-09 00:45:00,0.030091735,0.029578008
PSOQRNN,ETH-USD,2026-05-09 01:00:00,0.028378494,0.02966149
PSOQRNN,ETH-USD,2026-05-09 01:15:00,0.030181298,0.029668417
PSOQRNN,ETH-USD,2026-05-09 01:30:00,0.028619578,0.029730292
PSOQRNN,ETH-USD,2026-05-09 01:45:00,0.03002599,0.029729653
PSOQRNN,ETH-USD,2026-05-09 02:00:00,0.02915462,0.029699598
PSOQRNN,ETH-USD,2026-05-09 02:15:00,0.029833997,0.029692821
PSOQRNN,ETH-USD,2026-05-09 02:30:00,0.029238947,0.029651577
PSOQRNN,ETH-USD,2026-05-09 02:45:00,0.02996263,0.029652616
PSOQRNN,ETH-USD,2026-05-09 03:00:00,0.029385688,0.029519029
PSOQRNN,ETH-USD,2026-05-09 03:15:00,0.029916655,0.029388761
PSOQRNN,ETH-USD,2026-05-09 03:30:00,0.030167006,0.029409857
PSOQRNN,ETH-USD,2026-05-09 03:45:00,0.02899692,0.02938293
PSOQRNN,ETH-USD,2026-05-09 04:00:00,0.02791728,0.028840953
PSOQRNN,ETH-USD,2026-05-09 04:15:00,0.030033138,0.028758485
PSOQRNN,ETH-USD,2026-05-09 04:30:00,0.029661534,0.028695976
PSOQRNN,ETH-USD,2026-05-09 04:45:00,0.028972145,0.02846036
PSOQRNN,ETH-USD,2026-05-09 05:00:00,0.028234366,0.02813316
PSOQRNN,ETH-USD,2026-05-09 05:15:00,0.027788159,0.028064894
PSOQRNN,ETH-USD,2026-05-09 05:30:00,0.02778387,0.027895663
PSOQRNN,ETH-USD,2026-05-09 05:45:00,0.028573362,0.027567865
PSOQRNN,ETH-USD,2026-05-09 06:00:00,0.026720837,0.027595473
PSOQRNN,ETH-USD,2026-05-09 06:15:00,0.02804402,0.027565341
PSOQRNN,ETH-USD,2026-05-09 06:30:00,0.028231507,0.02757722
PSOQRNN,ETH-USD,2026-05-09 06:45:00,0.02780007,0.027570296
PSOQRNN,ETH-USD,2026-05-09 07:00:00,0.027984701,0.027507216
PSOQRNN,ETH-USD,2026-05-09 07:15:00,0.026840437,0.027121019
PSOQRNN,ETH-USD,2026-05-09 07:30:00,0.027315019,0.026950425
PSOQRNN,ETH-USD,2026-05-09 07:45:00,0.02738649,0.02695286
PSOQRNN,ETH-USD,2026-05-09 08:00:00,0.026087087,0.02699963
PSOQRNN,ETH-USD,2026-05-09 08:15:00,0.02703294,0.0269001
PSOQRNN,ETH-USD,2026-05-09 08:30:00,0.02737315,0.026904669
PSOQRNN,ETH-USD,2026-05-09 08:45:00,0.027158733,0.02686782
PSOQRNN,ETH-USD,2026-05-09 09:00:00,0.027391257,0.026874127
PSOQRNN,ETH-USD,2026-05-09 09:15:00,0.02760162,0.026822692
PSOQRNN,ETH-USD,2026-05-09 09:30:00,0.02687117,0.026816169
PSOQRNN,ETH-USD,2026-05-09 09:45:00,0.027013166,0.02681394
PSOQRNN,ETH-USD,2026-05-09 10:00:00,0.02715635,0.026815554
PSOQRNN,ETH-USD,2026-05-09 10:15:00,0.027217101,0.026818298
PSOQRNN,ETH-USD,2026-05-09 10:30:00,0.026319861,0.02683935
PSOQRNN,ETH-USD,2026-05-09 10:45:00,0.027344085,0.02682061
PSOQRNN,ETH-USD,2026-05-09 11:00:00,0.026490927,0.026744526
PSOQRNN,ETH-USD,2026-05-09 11:15:00,0.026663657,0.026747879
PSOQRNN,ETH-USD,2026-05-09 11:30:00,0.027299771,0.026674615
PSOQRNN,ETH-USD,2026-05-09 11:45:00,0.026550489,0.026638309
PSOQRNN,ETH-USD,2026-05-09 12:00:00,0.02686855,0.026625799
PSOQRNN,ETH-USD,2026-05-09 12:15:00,0.026087562,0.026627693
PSOQRNN,ETH-USD,2026-05-09 12:30:00,0.02714396,0.026575442
PSOQRNN,ETH-USD,2026-05-09 12:45:00,0.026451139,0.026579918
PSOQRNN,ETH-USD,2026-05-09 13:00:00,0.026901904,0.026533414
PSOQRNN,ETH-USD,2026-05-09 13:15:00,0.027074395,0.02644174
PSOQRNN,ETH-USD,2026-05-09 13:30:00,0.0269081,0.02641347
PSOQRNN,ETH-USD,2026-05-09 13:45:00,0.026170475,0.026422184
PSOQRNN,ETH-USD,2026-05-09 14:00:00,0.026835434,0.026389668
PSOQRNN,ETH-USD,2026-05-09 14:15:00,0.027951587,0.02639388
PSOQRNN,ETH-USD,2026-05-09 14:30:00,0.026355362,0.026396122
PSOQRNN,ETH-USD,2026-05-09 14:45:00,0.026711307,0.026381746
PSOQRNN,ETH-USD,2026-05-09 15:00:00,0.027668566,0.02644463
PSOQRNN,ETH-USD,2026-05-09 15:15:00,0.024740176,0.026564594
PSOQRNN,ETH-USD,2026-05-09 15:30:00,0.026046107,0.026343407
PSOQRNN,ETH-USD,2026-05-09 15:45:00,0.025433538,0.026240733
PSOQRNN,ETH-USD,2026-05-09 16:00:00,0.025520504,0.026283374
PSOQRNN,ETH-USD,2026-05-09 16:15:00,0.026712498,0.026261624
PSOQRNN,ETH-USD,2026-05-09 16:30:00,0.026237663,0.026243407
PSOQRNN,ETH-USD,2026-05-09 16:45:00,0.026564546,0.02609111
PSOQRNN,ETH-USD,2026-05-09 17:00:00,0.023518277,0.025994794
PSOQRNN,ETH-USD,2026-05-09 17:15:00,0.02586932,0.025978494
PSOQRNN,ETH-USD,2026-05-09 17:30:00,0.026505936,0.025985064
PSOQRNN,ETH-USD,2026-05-09 17:45:00,0.02636513,0.025922548
PSOQRNN,ETH-USD,2026-05-09 18:00:00,0.026061593,0.025904812
PSOQRNN,ETH-USD,2026-05-09 18:15:00,0.024306754,0.026074147
PSOQRNN,ETH-USD,2026-05-09 18:30:00,0.02757613,0.02613839
PSOQRNN,ETH-USD,2026-05-09 18:45:00,0.026643645,0.026139824
PSOQRNN,ETH-USD,2026-05-09 19:00:00,0.026322482,0.026124388
PSOQRNN,ETH-USD,2026-05-09 19:15:00,0.026620297,0.026116148
PSOQRNN,ETH-USD,2026-05-09 19:30:00,0.026351072,0.026099205
PSOQRNN,ETH-USD,2026-05-09 19:45:00,0.025351098,0.026103722
PSOQRNN,ETH-USD,2026-05-09 20:00:00,0.027295245,0.026107235
PSOQRNN,ETH-USD,2026-05-09 20:15:00,0.026029905,0.026109671
PSOQRNN,ETH-USD,2026-05-09 20:30:00,0.026062308,0.02611092
PSOQRNN,ETH-USD,2026-05-09 20:45:00,0.026396578,0.026111685
PSOQRNN,ETH-USD,2026-05-09 21:00:00,0.025912205,0.025809221
PSOQRNN,ETH-USD,2026-05-09 21:15:00,0.025966052,0.025804786
PSOQRNN,ETH-USD,2026-05-09 21:30:00,0.026182864,0.025165753
PSOQRNN,ETH-USD,2026-05-09 21:45:00,0.025102347,0.025165856
PSOQRNN,ETH-USD,2026-05-09 22:00:00,0.02559103,0.025019934
PSOQRNN,ETH-USD,2026-05-09 22:15:00,0.025006564,0.024990626
PSOQRNN,ETH-USD,2026-05-09 22:30:00,0.024798077,0.024913654
PSOQRNN,ETH-USD,2026-05-09 22:45:00,0.025822619,0.024938578
PSOQRNN,ETH-USD,2026-05-09 23:00:00,0.025633441,0.024923129
PSOQRNN,ETH-USD,2026-05-09 23:15:00,0.025680378,0.024881328
PSOQRNN,ETH-USD,2026-05-09 23:30:00,0.025386123,0.024849277
PSOQRNN,ETH-USD,2026-05-09 23:45:00,0.024687517,0.024854071
PSOQRNN,ETH-USD,2026-05-10 00:00:00,0.024865746,0.024843218
PSOQRNN,ETH-USD,2026-05-10 00:15:00,0.02498774,0.02477372
PSOQRNN,ETH-USD,2026-05-10 00:30:00,0.024883378,0.024739975
PSOQRNN,ETH-USD,2026-05-10 00:45:00,0.025989877,0.024800152
PSOQRNN,ETH-USD,2026-05-10 01:00:00,0.025403278,0.024774304
PSOQRNN,ETH-USD,2026-05-10 01:15:00,0.025616525,0.024599893
PSOQRNN,ETH-USD,2026-05-10 01:30:00,0.024827145,0.024256505
PSOQRNN,ETH-USD,2026-05-10 01:45:00,0.023593577,0.02430199
PSOQRNN,ETH-USD,2026-05-10 02:00:00,0.02507185,0.024294412
PSOQRNN,ETH-USD,2026-05-10 02:15:00,0.023446077,0.024358403
PSOQRNN,ETH-USD,2026-05-10 02:30:00,0.024530733,0.024330737
PSOQRNN,ETH-USD,2026-05-10 02:45:00,0.024287215,0.024335135
PSOQRNN,ETH-USD,2026-05-10 03:00:00,0.024383003,0.024212014
PSOQRNN,ETH-USD,2026-05-10 03:15:00,0.02498774,0.024195105
PSOQRNN,ETH-USD,2026-05-10 03:30:00,0.023682933,0.02422917
PSOQRNN,ETH-USD,2026-05-10 03:45:00,0.02481285,0.024235317
PSOQRNN,ETH-USD,2026-05-10 04:00:00,0.024540741,0.023924654
PSOQRNN,ETH-USD,2026-05-10 04:15:00,0.023777531,0.023930896
PSOQRNN,ETH-USD,2026-05-10 04:30:00,0.024488082,0.023498835
PSOQRNN,ETH-USD,2026-05-10 04:45:00,0.023693895,0.023498604
PSOQRNN,ETH-USD,2026-05-10 05:00:00,0.023760138,0.023475057
PSOQRNN,ETH-USD,2026-05-10 05:15:00,0.023630273,0.023282105
PSOQRNN,ETH-USD,2026-05-10 05:30:00,0.023704855,0.02258253
PSOQRNN,ETH-USD,2026-05-10 05:45:00,0.023180146,0.022567097
PSOQRNN,ETH-USD,2026-05-10 06:00:00,0.022466931,0.022575963
PSOQRNN,ETH-USD,2026-05-10 06:15:00,0.023490874,0.022331756
PSOQRNN,ETH-USD,2026-05-10 06:30:00,0.022058485,0.02224851
PSOQRNN,ETH-USD,2026-05-10 06:45:00,0.022532463,0.022226991
PSOQRNN,ETH-USD,2026-05-10 07:00:00,0.023013819,0.022160923
PSOQRNN,ETH-USD,2026-05-10 07:15:00,0.022003436,0.021934787
PSOQRNN,ETH-USD,2026-05-10 07:30:00,0.022375425,0.021900792
PSOQRNN,ETH-USD,2026-05-10 07:45:00,0.02274264,0.021874918
PSOQRNN,ETH-USD,2026-05-10 08:00:00,0.021967452,0.021864163
PSOQRNN,ETH-USD,2026-05-10 08:15:00,0.02176275,0.02171805
PSOQRNN,ETH-USD,2026-05-10 08:30:00,0.022395203,0.02165366
PSOQRNN,ETH-USD,2026-05-10 08:45:00,0.021816606,0.021339852
PSOQRNN,ETH-USD,2026-05-10 09:00:00,0.021526348,0.021341827
PSOQRNN,ETH-USD,2026-05-10 09:15:00,0.022091608,0.021344904
PSOQRNN,ETH-USD,2026-05-10 09:30:00,0.02214618,0.021298617
PSOQRNN,ETH-USD,2026-05-10 09:45:00,0.02160499,0.02129804
PSOQRNN,ETH-USD,2026-05-10 10:00:00,0.02257893,0.021343712
PSOQRNN,ETH-USD,2026-05-10 10:15:00,0.021323785,0.021248467
PSOQRNN,ETH-USD,2026-05-10 10:30:00,0.022227202,0.021224672
PSOQRNN,ETH-USD,2026-05-10 10:45:00,0.021280175,0.021217447
PSOQRNN,ETH-USD,2026-05-10 11:00:00,0.021918124,0.021224016
PSOQRNN,ETH-USD,2026-05-10 11:15:00,0.022204563,0.021244643
PSOQRNN,ETH-USD,2026-05-10 11:30:00,0.021774665,0.021160094
PSOQRNN,ETH-USD,2026-05-10 11:45:00,0.02114124,0.021164395
PSOQRNN,ETH-USD,2026-05-10 12:00:00,0.021425782,0.021120677
PSOQRNN,ETH-USD,2026-05-10 12:15:00,0.021284226,0.020896517
PSOQRNN,ETH-USD,2026-05-10 12:30:00,0.021403143,0.020858373
PSOQRNN,ETH-USD,2026-05-10 12:45:00,0.021153633,0.020810638
PSOQRNN,ETH-USD,2026-05-10 13:00:00,0.02011028,0.020888316
PSOQRNN,ETH-USD,2026-05-10 13:15:00,0.0210564,0.020881081
PSOQRNN,ETH-USD,2026-05-10 13:30:00,0.021298526,0.02085138
PSOQRNN,ETH-USD,2026-05-10 13:45:00,0.021195812,0.0208055
PSOQRNN,ETH-USD,2026-05-10 14:00:00,0.02141911,0.020783437
PSOQRNN,ETH-USD,2026-05-10 14:15:00,0.021511335,0.020789662
PSOQRNN,ETH-USD,2026-05-10 14:30:00,0.020485157,0.020802313
PSOQRNN,ETH-USD,2026-05-10 14:45:00,0.021151725,0.020800393
PSOQRNN,ETH-USD,2026-05-10 15:00:00,0.020104084,0.02084785
PSOQRNN,ETH-USD,2026-05-10 15:15:00,0.021418156,0.020804659
PSOQRNN,ETH-USD,2026-05-10 15:30:00,0.019443922,0.020971382
PSOQRNN,ETH-USD,2026-05-10 15:45:00,0.019921767,0.021086633
PSOQRNN,ETH-USD,2026-05-10 16:00:00,0.021813985,0.021051811
PSOQRNN,ETH-USD,2026-05-10 16:15:00,0.021669334,0.021050882
PSOQRNN,ETH-USD,2026-05-10 16:30:00,0.021199863,0.021053087
PSOQRNN,ETH-USD,2026-05-10 16:45:00,0.020529723,0.021102276
PSOQRNN,ETH-USD,2026-05-10 17:00:00,0.021663137,0.021105366
PSOQRNN,ETH-USD,2026-05-10 17:15:00,0.019942023,0.021252716
PSOQRNN,ETH-USD,2026-05-10 17:30:00,0.021542076,0.021252418
PSOQRNN,ETH-USD,2026-05-10 17:45:00,0.019596929,0.02150625
PSOQRNN,ETH-USD,2026-05-10 18:00:00,0.021492748,0.020856509
PSOQRNN,ETH-USD,2026-05-10 18:15:00,0.022215048,0.020726088
PSOQRNN,ETH-USD,2026-05-10 18:30:00,0.022474796,0.020846767
PSOQRNN,ETH-USD,2026-05-10 18:45:00,0.02075398,0.020855352
PSOQRNN,ETH-USD,2026-05-10 19:00:00,0.021487266,0.020826308
PSOQRNN,ETH-USD,2026-05-10 19:15:00,0.019030657,0.02112538
PSOQRNN,ETH-USD,2026-05-10 19:30:00,0.021906208,0.020983616
PSOQRNN,ETH-USD,2026-05-10 19:45:00,0.021191286,0.020875713
PSOQRNN,ETH-USD,2026-05-10 20:00:00,0.024091111,0.021420274
PSOQRNN,ETH-USD,2026-05-10 20:15:00,0.022076357,0.021427628
PSOQRNN,ETH-USD,2026-05-10 20:30:00,0.026285077,0.022745112
PSOQRNN,ETH-USD,2026-05-10 20:45:00,0.024916021,0.022887707
PSOQRNN,ETH-USD,2026-05-10 21:00:00,0.023927413,0.022861106
PSOQRNN,ETH-USD,2026-05-10 21:15:00,0.0209208,0.02314951
PSOQRNN,ETH-USD,2026-05-10 21:30:00,0.023328362,0.02314371
PSOQRNN,ETH-USD,2026-05-10 21:45:00,0.02457124,0.023221906
PSOQRNN,ETH-USD,2026-05-10 22:00:00,0.02045775,0.023707412
PSOQRNN,ETH-USD,2026-05-10 22:15:00,0.020814035,0.024224851
PSOQRNN,ETH-USD,2026-05-10 22:30:00,0.021700313,0.024171144
PSOQRNN,ETH-USD,2026-05-10 22:45:00,0.022601092,0.024342578
PSOQRNN,ETH-USD,2026-05-10 23:00:00,0.023271173,0.024428006
PSOQRNN,ETH-USD,2026-05-10 23:15:00,0.025793314,0.024515
PSOQRNN,ETH-USD,2026-05-10 23:30:00,0.023671497,0.024512477
PSOQRNN,ETH-USD,2026-05-10 23:45:00,0.027115135,0.02486123
PSOQRNN,ETH-USD,2026-05-11 00:00:00,0.026607906,0.0249752
PSOQRNN,ETH-USD,2026-05-11 00:15:00,0.026938356,0.025146047
PSOQRNN,ETH-USD,2026-05-11 00:30:00,0.025644878,0.025067085
PSOQRNN,ETH-USD,2026-05-11 00:45:00,0.025804035,0.025041508
PSOQRNN,ETH-USD,2026-05-11 01:00:00,0.024472117,0.025069062
PSOQRNN,ETH-USD,2026-05-11 01:15:00,0.02377229,0.025184568
PSOQRNN,ETH-USD,2026-05-11 01:30:00,0.026325818,0.025174553
PSOQRNN,ETH-USD,2026-05-11 01:45:00,0.025287481,0.02517453
PSOQRNN,ETH-USD,2026-05-11 02:00:00,0.026242191,0.02522318
PSOQRNN,ETH-USD,2026-05-11 02:15:00,0.026646981,0.025273615
PSOQRNN,ETH-USD,2026-05-11 02:30:00,0.026838532,0.02536239
PSOQRNN,ETH-USD,2026-05-11 02:45:00,0.025587695,0.02528246
PSOQRNN,ETH-USD,2026-05-11 03:00:00,0.030043617,0.026461314
PSOQRNN,ETH-USD,2026-05-11 03:15:00,0.027079875,0.026472332
PSOQRNN,ETH-USD,2026-05-11 03:30:00,0.025496202,0.026530894
PSOQRNN,ETH-USD,2026-05-11 03:45:00,0.026501171,0.026334692
PSOQRNN,ETH-USD,2026-05-11 04:00:00,0.027024126,0.026088335
PSOQRNN,ETH-USD,2026-05-11 04:15:00,0.0253866,0.026100598
PSOQRNN,ETH-USD,2026-05-11 04:30:00,0.025404708,0.026116889
PSOQRNN,ETH-USD,2026-05-11 04:45:00,0.0268047,0.026102586
PSOQRNN,ETH-USD,2026-05-11 05:00:00,0.026254103,0.025961192
PSOQRNN,ETH-USD,2026-05-11 05:15:00,0.024951762,0.026030822
PSOQRNN,ETH-USD,2026-05-11 05:30:00,0.027139673,0.025945574
PSOQRNN,ETH-USD,2026-05-11 05:45:00,0.025893621,0.025921006
PSOQRNN,ETH-USD,2026-05-11 06:00:00,0.025482383,0.02582181
PSOQRNN,ETH-USD,2026-05-11 06:15:00,0.025524793,0.025789978
PSOQRNN,ETH-USD,2026-05-11 06:30:00,0.027460821,0.025718559
PSOQRNN,ETH-USD,2026-05-11 06:45:00,0.02576782,0.02544628
PSOQRNN,ETH-USD,2026-05-11 07:00:00,0.026423978,0.025446929
PSOQRNN,ETH-USD,2026-05-11 07:15:00,0.025739705,0.02544552
PSOQRNN,ETH-USD,2026-05-11 07:30:00,0.025951756,0.025446318
PSOQRNN,ETH-USD,2026-05-11 07:45:00,0.025321791,0.025439026
PSOQRNN,ETH-USD,2026-05-11 08:00:00,0.02556911,0.025308134
PSOQRNN,ETH-USD,2026-05-11 08:15:00,0.02627102,0.025229335
PSOQRNN,ETH-USD,2026-05-11 08:30:00,0.02385855,0.025086137
PSOQRNN,ETH-USD,2026-05-11 08:45:00,0.02611377,0.025028069
PSOQRNN,ETH-USD,2026-05-11 09:00:00,0.023733927,0.024952425
PSOQRNN,ETH-USD,2026-05-11 09:15:00,0.025348715,0.024817225
PSOQRNN,ETH-USD,2026-05-11 09:30:00,0.025273185,0.024820626
PSOQRNN,ETH-USD,2026-05-11 09:45:00,0.024801413,0.02474929
PSOQRNN,ETH-USD,2026-05-11 10:00:00,0.024715634,0.024710083
PSOQRNN,ETH-USD,2026-05-11 10:15:00,0.024779968,0.024689043
PSOQRNN,ETH-USD,2026-05-11 10:30:00,0.026173573,0.02478305
PSOQRNN,ETH-USD,2026-05-11 10:45:00,0.025680616,0.024810301
PSOQRNN,ETH-USD,2026-05-11 11:00:00,0.024775678,0.02479524
PSOQRNN,ETH-USD,2026-05-11 11:15:00,0.0243363,0.024814775
PSOQRNN,ETH-USD,2026-05-11 11:30:00,0.024554323,0.024758207
PSOQRNN,ETH-USD,2026-05-11 11:45:00,0.024881471,0.024749406
PSOQRNN,ETH-USD,2026-05-11 12:00:00,0.026393957,0.024863288
PSOQRNN,ETH-USD,2026-05-11 12:15:00,0.02327284,0.025001759
PSOQRNN,ETH-USD,2026-05-11 12:30:00,0.02633916,0.024996763
PSOQRNN,ETH-USD,2026-05-11 12:45:00,0.026222415,0.025055714
PSOQRNN,ETH-USD,2026-05-11 13:00:00,0.024780683,0.025031924
PSOQRNN,ETH-USD,2026-05-11 13:15:00,0.026147127,0.025010958
PSOQRNN,ETH-USD,2026-05-11 13:30:00,0.02562677,0.025015946
PSOQRNN,ETH-USD,2026-05-11 13:45:00,0.026169522,0.025061917
PSOQRNN,ETH-USD,2026-05-11 14:00:00,0.024220735,0.025065718
PSOQRNN,ETH-USD,2026-05-11 14:15:00,0.028656742,0.02571871
PSOQRNN,ETH-USD,2026-05-11 14:30:00,0.026038243,0.025675286
PSOQRNN,ETH-USD,2026-05-11 14:45:00,0.024936274,0.025692347
PSOQRNN,ETH-USD,2026-05-11 15:00:00,0.024688233,0.025765933
PSOQRNN,ETH-USD,2026-05-11 15:15:00,0.022758845,0.026297292
PSOQRNN,ETH-USD,2026-05-11 15:30:00,0.027877258,0.02639914
PSOQRNN,ETH-USD,2026-05-11 15:45:00,0.024951523,0.026522717
PSOQRNN,ETH-USD,2026-05-11 16:00:00,0.025092103,0.026574396
PSOQRNN,ETH-USD,2026-05-11 16:15:00,0.027422704,0.026587997
PSOQRNN,ETH-USD,2026-05-11 16:30:00,0.028665317,0.02673553
PSOQRNN,ETH-USD,2026-05-11 16:45:00,0.026803508,0.026730962
PSOQRNN,ETH-USD,2026-05-11 17:00:00,0.027367432,0.026726976
PSOQRNN,ETH-USD,2026-05-11 17:15:00,0.026424455,0.026735919
PSOQRNN,ETH-USD,2026-05-11 17:30:00,0.02412852,0.027118035
PSOQRNN,ETH-USD,2026-05-11 17:45:00,0.028063556,0.027150746
PSOQRNN,ETH-USD,2026-05-11 18:00:00,0.026220748,0.027202865
PSOQRNN,ETH-USD,2026-05-11 18:15:00,0.027180651,0.02719511
PSOQRNN,ETH-USD,2026-05-11 18:30:00,0.027959688,0.027186923
PSOQRNN,ETH-USD,2026-05-11 18:45:00,0.028275818,0.027229989
PSOQRNN,ETH-USD,2026-05-11 19:00:00,0.026528807,0.027148014
PSOQRNN,ETH-USD,2026-05-11 19:15:00,0.0275747,0.027081342
PSOQRNN,ETH-USD,2026-05-11 19:30:00,0.026032763,0.027109947
PSOQRNN,ETH-USD,2026-05-11 19:45:00,0.027621394,0.027115934
PSOQRNN,ETH-USD,2026-05-11 20:00:00,0.027786015,0.027129758
PSOQRNN,ETH-USD,2026-05-11 20:15:00,0.027145868,0.027121583
PSOQRNN,ETH-USD,2026-05-11 20:30:00,0.02742318,0.027117593
PSOQRNN,ETH-USD,2026-05-11 20:45:00,0.027177315,0.027097723
PSOQRNN,ETH-USD,2026-05-11 21:00:00,0.02662268,0.027069665
PSOQRNN,ETH-USD,2026-05-11 21:15:00,0.028022103,0.027100952
PSOQRNN,ETH-USD,2026-05-11 21:30:00,0.026529284,0.02710644
PSOQRNN,ETH-USD,2026-05-11 21:45:00,0.027027698,0.02710691
PSOQRNN,ETH-USD,2026-05-11 22:00:00,0.026869265,0.027106576
PSOQRNN,ETH-USD,2026-05-11 22:15:00,0.028081661,0.027118288
PSOQRNN,ETH-USD,2026-05-11 22:30:00,0.026717978,0.027130904
PSOQRNN,ETH-USD,2026-05-11 22:45:00,0.02713181,0.02712547
PSOQRNN,ETH-USD,2026-05-11 23:00:00,0.0277772,0.027092071
PSOQRNN,ETH-USD,2026-05-11 23:15:00,0.027960401,0.027122961
PSOQRNN,ETH-USD,2026-05-11 23:30:00,0.026029428,0.027191246
PSOQRNN,ETH-USD,2026-05-11 23:45:00,0.027600905,0.027195353
PSOQRNN,ETH-USD,2026-05-12 00:00:00,0.028217928,0.02723189
PSOQRNN,ETH-USD,2026-05-12 00:15:00,0.027683336,0.02721845
PSOQRNN,ETH-USD,2026-05-12 00:30:00,0.028019482,0.02724454
PSOQRNN,ETH-USD,2026-05-12 00:45:00,0.027037704,0.027249033
PSOQRNN,ETH-USD,2026-05-12 01:00:00,0.02931327,0.027451402
PSOQRNN,ETH-USD,2026-05-12 01:15:00,0.028087856,0.027462749
PSOQRNN,ETH-USD,2026-05-12 01:30:00,0.031428475,0.028226208
PSOQRNN,ETH-USD,2026-05-12 01:45:00,0.027620917,0.028243177
PSOQRNN,ETH-USD,2026-05-12 02:00:00,0.027166355,0.028299775
PSOQRNN,ETH-USD,2026-05-12 02:15:00,0.028612193,0.02830034
PSOQRNN,ETH-USD,2026-05-12 02:30:00,0.02964867,0.028374968
PSOQRNN,ETH-USD,2026-05-12 02:45:00,0.0269324,0.028487245
PSOQRNN,ETH-USD,2026-05-12 03:00:00,0.029178679,0.02850687
PSOQRNN,ETH-USD,2026-05-12 03:15:00,0.029019788,0.028493466
PSOQRNN,ETH-USD,2026-05-12 03:30:00,0.028090239,0.028497828
PSOQRNN,ETH-USD,2026-05-12 03:45:00,0.02953838,0.028542155
PSOQRNN,ETH-USD,2026-05-12 04:00:00,0.029304694,0.02856505
PSOQRNN,ETH-USD,2026-05-12 04:15:00,0.027330505,0.028642837
PSOQRNN,ETH-USD,2026-05-12 04:30:00,0.028691998,0.028637903
