model_name,asset_symbol,timestamp,predicted_value,real_value
PSOQRNN,GC=F,2026-06-03 13:15:00,0.017821094,0.018939286
PSOQRNN,GC=F,2026-06-03 13:30:00,0.017619574,0.019538373
PSOQRNN,GC=F,2026-06-03 13:45:00,0.020602887,0.02006007
PSOQRNN,GC=F,2026-06-03 14:00:00,0.020444583,0.020057198
PSOQRNN,GC=F,2026-06-03 14:15:00,0.019886553,0.020056019
PSOQRNN,GC=F,2026-06-03 14:30:00,0.019835314,0.0200608
PSOQRNN,GC=F,2026-06-03 14:45:00,0.020545095,0.020168655
PSOQRNN,GC=F,2026-06-03 15:00:00,0.019521855,0.020319594
PSOQRNN,GC=F,2026-06-03 15:15:00,0.020295575,0.020303445
PSOQRNN,GC=F,2026-06-03 15:30:00,0.020006908,0.020275619
PSOQRNN,GC=F,2026-06-03 15:45:00,0.020343775,0.020246258
PSOQRNN,GC=F,2026-06-03 16:00:00,0.020079775,0.02020623
PSOQRNN,GC=F,2026-06-03 16:15:00,0.020098602,0.020184066
PSOQRNN,GC=F,2026-06-03 16:30:00,0.020269895,0.02016374
PSOQRNN,GC=F,2026-06-03 16:45:00,0.020276211,0.020104533
PSOQRNN,GC=F,2026-06-03 17:00:00,0.020125115,0.020044293
PSOQRNN,GC=F,2026-06-03 17:15:00,0.01985587,0.020049805
PSOQRNN,GC=F,2026-06-03 17:30:00,0.020106586,0.01999378
PSOQRNN,GC=F,2026-06-03 17:45:00,0.019897219,0.019993033
PSOQRNN,GC=F,2026-06-03 18:00:00,0.019818394,0.019991504
PSOQRNN,GC=F,2026-06-03 18:15:00,0.020184457,0.02000898
PSOQRNN,GC=F,2026-06-03 18:30:00,0.019974435,0.019906076
PSOQRNN,GC=F,2026-06-03 18:45:00,0.019983076,0.019880392
PSOQRNN,GC=F,2026-06-03 19:00:00,0.020250889,0.01995041
PSOQRNN,GC=F,2026-06-03 19:15:00,0.019829415,0.019950962
PSOQRNN,GC=F,2026-06-03 19:30:00,0.019896742,0.019950211
PSOQRNN,GC=F,2026-06-03 19:45:00,0.019751245,0.019960186
PSOQRNN,GC=F,2026-06-03 20:00:00,0.019728247,0.019952128
PSOQRNN,GC=F,2026-06-03 20:15:00,0.01986445,0.019945698
PSOQRNN,GC=F,2026-06-03 20:30:00,0.019601218,0.019981295
PSOQRNN,GC=F,2026-06-03 20:45:00,0.020023411,0.019982705
PSOQRNN,GC=F,2026-06-03 21:00:00,0.019957872,0.0199674
PSOQRNN,GC=F,2026-06-03 21:15:00,0.019941784,0.0199674
PSOQRNN,GC=F,2026-06-03 21:30:00,0.019941784,0.019868508
PSOQRNN,GC=F,2026-06-03 21:45:00,0.01983752,0.01985743
PSOQRNN,GC=F,2026-06-03 22:00:00,0.019568985,0.019836787
PSOQRNN,GC=F,2026-06-03 22:15:00,0.019932669,0.0198304
PSOQRNN,GC=F,2026-06-03 22:30:00,0.0199481,0.019805351
PSOQRNN,GC=F,2026-06-03 22:45:00,0.020451436,0.019969217
PSOQRNN,GC=F,2026-06-03 23:00:00,0.019849256,0.01991211
PSOQRNN,GC=F,2026-06-03 23:15:00,0.020078225,0.019929225
PSOQRNN,GC=F,2026-06-03 23:30:00,0.020096099,0.019921526
PSOQRNN,GC=F,2026-06-03 23:45:00,0.020054571,0.019926911
PSOQRNN,GC=F,2026-06-04 00:00:00,0.01969369,0.01993595
PSOQRNN,GC=F,2026-06-04 00:15:00,0.019808622,0.019925777
PSOQRNN,GC=F,2026-06-04 00:30:00,0.019736767,0.019927818
PSOQRNN,GC=F,2026-06-04 00:45:00,0.019927902,0.019921415
PSOQRNN,GC=F,2026-06-04 01:00:00,0.02075964,0.0201883
PSOQRNN,GC=F,2026-06-04 01:15:00,0.020273827,0.020192878
PSOQRNN,GC=F,2026-06-04 01:30:00,0.019792058,0.020217977
PSOQRNN,GC=F,2026-06-04 01:45:00,0.020564815,0.020270107
PSOQRNN,GC=F,2026-06-04 02:00:00,0.02009467,0.020278983
PSOQRNN,GC=F,2026-06-04 02:15:00,0.020147994,0.020236196
PSOQRNN,GC=F,2026-06-04 02:30:00,0.02030755,0.020226713
PSOQRNN,GC=F,2026-06-04 02:45:00,0.02094338,0.02044253
PSOQRNN,GC=F,2026-06-04 03:00:00,0.020243144,0.020451488
PSOQRNN,GC=F,2026-06-04 03:15:00,0.020335076,0.020451074
PSOQRNN,GC=F,2026-06-04 03:30:00,0.0199708,0.020533707
PSOQRNN,GC=F,2026-06-04 03:45:00,0.020702027,0.020511094
PSOQRNN,GC=F,2026-06-04 04:00:00,0.020920442,0.020188484
PSOQRNN,GC=F,2026-06-04 04:15:00,0.020373087,0.019732334
PSOQRNN,GC=F,2026-06-04 04:30:00,0.020147815,0.019809637
PSOQRNN,GC=F,2026-06-04 04:45:00,0.019681474,0.019463573
PSOQRNN,GC=F,2026-06-04 05:00:00,0.01919302,0.019327877
PSOQRNN,GC=F,2026-06-04 05:15:00,0.019065395,0.019307999
PSOQRNN,GC=F,2026-06-04 05:30:00,0.019277986,0.019290227
PSOQRNN,GC=F,2026-06-04 05:45:00,0.01893604,0.019323505
PSOQRNN,GC=F,2026-06-04 06:00:00,0.019550633,0.019317865
PSOQRNN,GC=F,2026-06-04 06:15:00,0.019132603,0.019297097
PSOQRNN,GC=F,2026-06-04 06:30:00,0.019077072,0.019288396
PSOQRNN,GC=F,2026-06-04 06:45:00,0.01914017,0.019287737
PSOQRNN,GC=F,2026-06-04 07:00:00,0.019022316,0.019248638
PSOQRNN,GC=F,2026-06-04 07:15:00,0.019259812,0.019250762
PSOQRNN,GC=F,2026-06-04 07:30:00,0.018960468,0.01927109
PSOQRNN,GC=F,2026-06-04 07:45:00,0.019205414,0.01907108
PSOQRNN,GC=F,2026-06-04 08:00:00,0.018953854,0.019036233
PSOQRNN,GC=F,2026-06-04 08:15:00,0.019107101,0.018971803
PSOQRNN,GC=F,2026-06-04 08:30:00,0.0188817,0.018875623
PSOQRNN,GC=F,2026-06-04 08:45:00,0.018773615,0.018857967
PSOQRNN,GC=F,2026-06-04 09:00:00,0.018766167,0.018856367
PSOQRNN,GC=F,2026-06-04 09:15:00,0.018859653,0.018855497
PSOQRNN,GC=F,2026-06-04 09:30:00,0.018976377,0.018871732
PSOQRNN,GC=F,2026-06-04 09:45:00,0.018920727,0.018878886
PSOQRNN,GC=F,2026-06-04 10:00:00,0.018805195,0.01887562
PSOQRNN,GC=F,2026-06-04 10:15:00,0.018594565,0.018890027
PSOQRNN,GC=F,2026-06-04 10:30:00,0.019040845,0.018912014
PSOQRNN,GC=F,2026-06-04 10:45:00,0.018946646,0.018913677
PSOQRNN,GC=F,2026-06-04 11:00:00,0.01880865,0.018906591
PSOQRNN,GC=F,2026-06-04 11:15:00,0.01971639,0.019241633
PSOQRNN,GC=F,2026-06-04 11:30:00,0.01930742,0.019248378
PSOQRNN,GC=F,2026-06-04 11:45:00,0.020255297,0.019710446
PSOQRNN,GC=F,2026-06-04 12:00:00,0.018696096,0.020099463
PSOQRNN,GC=F,2026-06-04 12:15:00,0.020333467,0.020124884
PSOQRNN,GC=F,2026-06-04 12:30:00,0.020305047,0.020140212
PSOQRNN,GC=F,2026-06-04 12:45:00,0.02022789,0.020144317
PSOQRNN,GC=F,2026-06-04 13:00:00,0.020084184,0.020144511
PSOQRNN,GC=F,2026-06-04 13:15:00,0.020210493,0.020136176
PSOQRNN,GC=F,2026-06-04 13:30:00,0.020683438,0.02026141
PSOQRNN,GC=F,2026-06-04 13:45:00,0.019217212,0.020672498
PSOQRNN,GC=F,2026-06-04 14:00:00,0.020233909,0.02075249
PSOQRNN,GC=F,2026-06-04 14:15:00,0.02066181,0.020754017
PSOQRNN,GC=F,2026-06-04 14:30:00,0.020170813,0.020879421
PSOQRNN,GC=F,2026-06-04 14:45:00,0.020372314,0.020986674
PSOQRNN,GC=F,2026-06-04 15:00:00,0.021371508,0.02102612
PSOQRNN,GC=F,2026-06-04 15:15:00,0.020980021,0.02085419
PSOQRNN,GC=F,2026-06-04 15:30:00,0.020981451,0.020810744
PSOQRNN,GC=F,2026-06-04 15:45:00,0.021073023,0.02080009
PSOQRNN,GC=F,2026-06-04 16:00:00,0.020930333,0.02071919
PSOQRNN,GC=F,2026-06-04 16:15:00,0.020977221,0.020729452
PSOQRNN,GC=F,2026-06-04 16:30:00,0.02058841,0.020688564
PSOQRNN,GC=F,2026-06-04 16:45:00,0.020813737,0.020651976
PSOQRNN,GC=F,2026-06-04 17:00:00,0.020282406,0.020660024
PSOQRNN,GC=F,2026-06-04 17:15:00,0.020718291,0.02065862
PSOQRNN,GC=F,2026-06-04 17:30:00,0.020656567,0.020632451
PSOQRNN,GC=F,2026-06-04 17:45:00,0.02071698,0.020526323
PSOQRNN,GC=F,2026-06-04 18:00:00,0.020578519,0.020522384
PSOQRNN,GC=F,2026-06-04 18:15:00,0.020470025,0.020460308
PSOQRNN,GC=F,2026-06-04 18:30:00,0.020251008,0.020472191
PSOQRNN,GC=F,2026-06-04 18:45:00,0.020681055,0.020488817
PSOQRNN,GC=F,2026-06-04 19:00:00,0.020495286,0.020435218
PSOQRNN,GC=F,2026-06-04 19:15:00,0.020532345,0.020439634
PSOQRNN,GC=F,2026-06-04 19:30:00,0.020317381,0.020401511
PSOQRNN,GC=F,2026-06-04 19:45:00,0.020579532,0.020358376
PSOQRNN,GC=F,2026-06-04 20:00:00,0.020171529,0.020368392
PSOQRNN,GC=F,2026-06-04 20:15:00,0.020346992,0.020366756
PSOQRNN,GC=F,2026-06-04 20:30:00,0.02023516,0.02034595
PSOQRNN,GC=F,2026-06-04 20:45:00,0.020306895,0.020285822
PSOQRNN,GC=F,2026-06-04 21:00:00,0.020276748,0.02028115
PSOQRNN,GC=F,2026-06-04 21:15:00,0.020271862,0.020029087
PSOQRNN,GC=F,2026-06-04 21:30:00,0.020006789,0.020029133
PSOQRNN,GC=F,2026-06-04 21:45:00,0.020006848,0.020016493
PSOQRNN,GC=F,2026-06-04 22:00:00,0.020010065,0.019993987
PSOQRNN,GC=F,2026-06-04 22:15:00,0.020152045,0.019968364
PSOQRNN,GC=F,2026-06-04 22:30:00,0.019754939,0.019976133
PSOQRNN,GC=F,2026-06-04 22:45:00,0.019635836,0.019996833
PSOQRNN,GC=F,2026-06-04 23:00:00,0.020066787,0.020001635
PSOQRNN,GC=F,2026-06-04 23:15:00,0.01986171,0.019990759
PSOQRNN,GC=F,2026-06-04 23:30:00,0.019623144,0.020030076
PSOQRNN,GC=F,2026-06-04 23:45:00,0.019902641,0.020029785
PSOQRNN,GC=F,2026-06-05 00:00:00,0.019674921,0.020011298
PSOQRNN,GC=F,2026-06-05 00:15:00,0.0201045,0.019964399
PSOQRNN,GC=F,2026-06-05 00:30:00,0.020232597,0.020002319
PSOQRNN,GC=F,2026-06-05 00:45:00,0.019756965,0.019999478
PSOQRNN,GC=F,2026-06-05 01:00:00,0.020031037,0.020001244
PSOQRNN,GC=F,2026-06-05 01:15:00,0.019883217,0.020003676
PSOQRNN,GC=F,2026-06-05 01:30:00,0.01928591,0.020188957
PSOQRNN,GC=F,2026-06-05 01:45:00,0.020213772,0.02015605
PSOQRNN,GC=F,2026-06-05 02:00:00,0.02027913,0.020144433
PSOQRNN,GC=F,2026-06-05 02:15:00,0.02022807,0.020146461
PSOQRNN,GC=F,2026-06-05 02:30:00,0.019652875,0.020220298
PSOQRNN,GC=F,2026-06-05 02:45:00,0.020102475,0.02022167
PSOQRNN,GC=F,2026-06-05 03:00:00,0.020220384,0.020221215
PSOQRNN,GC=F,2026-06-05 03:15:00,0.019969966,0.020227693
PSOQRNN,GC=F,2026-06-05 03:30:00,0.020443572,0.020233061
PSOQRNN,GC=F,2026-06-05 03:45:00,0.020293549,0.020109218
PSOQRNN,GC=F,2026-06-05 04:00:00,0.020046648,0.020109484
PSOQRNN,GC=F,2026-06-05 04:15:00,0.019991238,0.020100694
PSOQRNN,GC=F,2026-06-05 04:30:00,0.02016557,0.020100743
PSOQRNN,GC=F,2026-06-05 04:45:00,0.020287948,0.020081779
PSOQRNN,GC=F,2026-06-05 05:00:00,0.02026787,0.02009787
PSOQRNN,GC=F,2026-06-05 05:15:00,0.019873625,0.020027334
PSOQRNN,GC=F,2026-06-05 05:30:00,0.019932609,0.019928865
PSOQRNN,GC=F,2026-06-05 05:45:00,0.01968946,0.019944575
PSOQRNN,GC=F,2026-06-05 06:00:00,0.019772872,0.01995119
PSOQRNN,GC=F,2026-06-05 06:15:00,0.02023683,0.019988794
PSOQRNN,GC=F,2026-06-05 06:30:00,0.020259231,0.020016743
PSOQRNN,GC=F,2026-06-05 06:45:00,0.020299328,0.020057524
PSOQRNN,GC=F,2026-06-05 07:00:00,0.020352772,0.020079011
PSOQRNN,GC=F,2026-06-05 07:15:00,0.020540925,0.020107524
PSOQRNN,GC=F,2026-06-05 07:30:00,0.019807192,0.020138018
PSOQRNN,GC=F,2026-06-05 07:45:00,0.020049566,0.020133091
PSOQRNN,GC=F,2026-06-05 08:00:00,0.020116298,0.020127898
PSOQRNN,GC=F,2026-06-05 08:15:00,0.020453759,0.02017354
PSOQRNN,GC=F,2026-06-05 08:30:00,0.019876901,0.020152843
PSOQRNN,GC=F,2026-06-05 08:45:00,0.020192381,0.020154342
PSOQRNN,GC=F,2026-06-05 09:00:00,0.020315593,0.02016714
PSOQRNN,GC=F,2026-06-05 09:15:00,0.01997515,0.020164875
PSOQRNN,GC=F,2026-06-05 09:30:00,0.020326616,0.020101625
PSOQRNN,GC=F,2026-06-05 09:45:00,0.020022279,0.020041332
PSOQRNN,GC=F,2026-06-05 10:00:00,0.02003628,0.020041531
PSOQRNN,GC=F,2026-06-05 10:15:00,0.020075187,0.020033395
PSOQRNN,GC=F,2026-06-05 10:30:00,0.01992278,0.020031288
PSOQRNN,GC=F,2026-06-05 10:45:00,0.020125294,0.020037105
PSOQRNN,GC=F,2026-06-05 11:00:00,0.019705128,0.020069549
PSOQRNN,GC=F,2026-06-05 11:15:00,0.02032614,0.020101968
PSOQRNN,GC=F,2026-06-05 11:30:00,0.020011555,0.020102961
PSOQRNN,GC=F,2026-06-05 11:45:00,0.020372016,0.02013684
PSOQRNN,GC=F,2026-06-05 12:00:00,0.020076022,0.020137446
PSOQRNN,GC=F,2026-06-05 12:15:00,0.019833406,0.020169497
PSOQRNN,GC=F,2026-06-05 12:30:00,0.019107757,0.020602223
PSOQRNN,GC=F,2026-06-05 12:45:00,0.018390013,0.022475203
PSOQRNN,GC=F,2026-06-05 13:00:00,0.023194265,0.022640813
PSOQRNN,GC=F,2026-06-05 13:15:00,0.021989675,0.022832954
PSOQRNN,GC=F,2026-06-05 13:30:00,0.022054434,0.023099316
PSOQRNN,GC=F,2026-06-05 13:45:00,0.021866232,0.02371306
PSOQRNN,GC=F,2026-06-05 14:00:00,0.023845145,0.023659986
PSOQRNN,GC=F,2026-06-05 14:15:00,0.023464246,0.023581054
PSOQRNN,GC=F,2026-06-05 14:30:00,0.023060882,0.02364446
PSOQRNN,GC=F,2026-06-05 14:45:00,0.024845492,0.024109596
PSOQRNN,GC=F,2026-06-05 15:00:00,0.023312576,0.02438762
PSOQRNN,GC=F,2026-06-05 15:15:00,0.024428394,0.02432917
PSOQRNN,GC=F,2026-06-05 15:30:00,0.023701044,0.024326276
PSOQRNN,GC=F,2026-06-05 15:45:00,0.024273813,0.02424684
PSOQRNN,GC=F,2026-06-05 16:00:00,0.024231756,0.024057105
PSOQRNN,GC=F,2026-06-05 16:15:00,0.023958031,0.02405207
PSOQRNN,GC=F,2026-06-05 16:30:00,0.024040418,0.02404421
PSOQRNN,GC=F,2026-06-05 16:45:00,0.025060056,0.024326395
PSOQRNN,GC=F,2026-06-05 17:00:00,0.024149073,0.024320548
PSOQRNN,GC=F,2026-06-05 17:15:00,0.024616573,0.024335708
PSOQRNN,GC=F,2026-06-05 17:30:00,0.02434881,0.024335738
PSOQRNN,GC=F,2026-06-05 17:45:00,0.024468543,0.0243267
PSOQRNN,GC=F,2026-06-05 18:00:00,0.023412954,0.024669115
PSOQRNN,GC=F,2026-06-05 18:15:00,0.024923228,0.024680715
PSOQRNN,GC=F,2026-06-05 18:30:00,0.02439599,0.024723062
PSOQRNN,GC=F,2026-06-05 18:45:00,0.02503188,0.024743464
PSOQRNN,GC=F,2026-06-05 19:00:00,0.024475215,0.02477315
PSOQRNN,GC=F,2026-06-05 19:15:00,0.025359735,0.024787558
PSOQRNN,GC=F,2026-06-05 19:30:00,0.024595901,0.024803162
PSOQRNN,GC=F,2026-06-05 19:45:00,0.02493246,0.024794245
PSOQRNN,GC=F,2026-06-05 20:00:00,0.024733027,0.024782022
PSOQRNN,GC=F,2026-06-05 20:15:00,0.025259664,0.024826631
PSOQRNN,GC=F,2026-06-05 20:30:00,0.025053741,0.024794886
PSOQRNN,GC=F,2026-06-05 20:45:00,0.02576514,0.025066907
PSOQRNN,GC=F,2026-06-05 21:00:00,0.025174603,0.024981111
PSOQRNN,GC=F,2026-06-05 21:15:00,0.025088826,0.024970643
PSOQRNN,GC=F,2026-06-05 21:30:00,0.025078341,0.024969231
PSOQRNN,GC=F,2026-06-05 21:45:00,0.025076913,0.024959225
PSOQRNN,GC=F,2026-06-05 22:00:00,0.025066964,0.024914473
PSOQRNN,GC=F,2026-06-05 22:15:00,0.02502211,0.024752943
PSOQRNN,GC=F,2026-06-05 22:30:00,0.024860444,0.024745895
PSOQRNN,GC=F,2026-06-05 22:45:00,0.024853356,0.024722692
PSOQRNN,GC=F,2026-06-05 23:00:00,0.024830064,0.024716211
PSOQRNN,GC=F,2026-06-05 23:15:00,0.024823572,0.02471163
PSOQRNN,GC=F,2026-06-05 23:30:00,0.024818985,0.024711696
PSOQRNN,GC=F,2026-06-05 23:45:00,0.024819044,0.02457151
PSOQRNN,GC=F,2026-06-06 00:00:00,0.024678284,0.024510482
PSOQRNN,GC=F,2026-06-06 00:15:00,0.024617048,0.02439608
PSOQRNN,GC=F,2026-06-06 00:30:00,0.024502082,0.024337888
PSOQRNN,GC=F,2026-06-06 00:45:00,0.024443524,0.024321897
PSOQRNN,GC=F,2026-06-06 01:00:00,0.024427323,0.023872232
PSOQRNN,GC=F,2026-06-06 01:15:00,0.023973519,0.023865484
PSOQRNN,GC=F,2026-06-06 01:30:00,0.02396673,0.023831552
PSOQRNN,GC=F,2026-06-06 01:45:00,0.023932416,0.023796743
PSOQRNN,GC=F,2026-06-06 02:00:00,0.02389721,0.023787573
PSOQRNN,GC=F,2026-06-06 02:15:00,0.023887917,0.023777053
PSOQRNN,GC=F,2026-06-06 02:30:00,0.023877254,0.023763819
PSOQRNN,GC=F,2026-06-06 02:45:00,0.02386379,0.023758514
PSOQRNN,GC=F,2026-06-06 03:00:00,0.02385843,0.0237517
PSOQRNN,GC=F,2026-06-06 03:15:00,0.02385152,0.023711218
PSOQRNN,GC=F,2026-06-06 03:30:00,0.023810653,0.023664458
PSOQRNN,GC=F,2026-06-06 03:45:00,0.023763176,0.023660084
PSOQRNN,GC=F,2026-06-07 22:00:00,0.023138802,0.02378097
PSOQRNN,GC=F,2026-06-07 22:15:00,0.023133919,0.02378741
PSOQRNN,GC=F,2026-06-07 22:30:00,0.024421128,0.023412675
PSOQRNN,GC=F,2026-06-07 22:45:00,0.023027342,0.023041796
PSOQRNN,GC=F,2026-06-07 23:00:00,0.02385003,0.023184782
PSOQRNN,GC=F,2026-06-07 23:15:00,0.023474373,0.023198698
PSOQRNN,GC=F,2026-06-07 23:30:00,0.023521435,0.02321294
PSOQRNN,GC=F,2026-06-07 23:45:00,0.023618298,0.023157405
PSOQRNN,GC=F,2026-06-08 00:00:00,0.023187175,0.023027802
PSOQRNN,GC=F,2026-06-08 00:15:00,0.023578504,0.023115976
PSOQRNN,GC=F,2026-06-08 00:30:00,0.022891814,0.023122972
PSOQRNN,GC=F,2026-06-08 00:45:00,0.023019895,0.023130335
PSOQRNN,GC=F,2026-06-08 01:00:00,0.022392344,0.023366315
PSOQRNN,GC=F,2026-06-08 01:15:00,0.022759084,0.023534613
PSOQRNN,GC=F,2026-06-08 01:30:00,0.024315331,0.023715293
PSOQRNN,GC=F,2026-06-08 01:45:00,0.023754181,0.023707552
PSOQRNN,GC=F,2026-06-08 02:00:00,0.023311563,0.023787225
PSOQRNN,GC=F,2026-06-08 02:15:00,0.023783013,0.02378291
PSOQRNN,GC=F,2026-06-08 02:30:00,0.023965776,0.02378352
PSOQRNN,GC=F,2026-06-08 02:45:00,0.023569807,0.023813082
PSOQRNN,GC=F,2026-06-08 03:00:00,0.023604954,0.023837091
PSOQRNN,GC=F,2026-06-08 03:15:00,0.024075922,0.023826517
PSOQRNN,GC=F,2026-06-08 03:30:00,0.024070678,0.023837408
PSOQRNN,GC=F,2026-06-08 03:45:00,0.02425767,0.023875803
PSOQRNN,GC=F,2026-06-08 04:00:00,0.024175165,0.023831908
PSOQRNN,GC=F,2026-06-08 04:15:00,0.023965716,0.023831902
PSOQRNN,GC=F,2026-06-08 04:30:00,0.023261284,0.023984004
PSOQRNN,GC=F,2026-06-08 04:45:00,0.024383659,0.024016632
PSOQRNN,GC=F,2026-06-08 05:00:00,0.023646595,0.024078676
PSOQRNN,GC=F,2026-06-08 05:15:00,0.024600072,0.02415162
PSOQRNN,GC=F,2026-06-08 05:30:00,0.022963181,0.024706349
PSOQRNN,GC=F,2026-06-08 05:45:00,0.025076972,0.024734568
PSOQRNN,GC=F,2026-06-08 06:00:00,0.025460282,0.024885885
PSOQRNN,GC=F,2026-06-08 06:15:00,0.025108185,0.024892999
PSOQRNN,GC=F,2026-06-08 06:30:00,0.024585953,0.024946492
PSOQRNN,GC=F,2026-06-08 06:45:00,0.025163405,0.024953142
PSOQRNN,GC=F,2026-06-08 07:00:00,0.025328046,0.024968019
PSOQRNN,GC=F,2026-06-08 07:15:00,0.025141185,0.024963092
PSOQRNN,GC=F,2026-06-08 07:30:00,0.024825538,0.024969477
PSOQRNN,GC=F,2026-06-08 07:45:00,0.024695143,0.024849363
PSOQRNN,GC=F,2026-06-08 08:00:00,0.024771033,0.024856636
PSOQRNN,GC=F,2026-06-08 08:15:00,0.024723439,0.024854643
PSOQRNN,GC=F,2026-06-08 08:30:00,0.02512665,0.02485156
PSOQRNN,GC=F,2026-06-08 08:45:00,0.024849663,0.024840595
PSOQRNN,GC=F,2026-06-08 09:00:00,0.024981188,0.024833169
PSOQRNN,GC=F,2026-06-08 09:15:00,0.024430955,0.024913149
PSOQRNN,GC=F,2026-06-08 09:30:00,0.025765736,0.025126709
PSOQRNN,GC=F,2026-06-08 09:45:00,0.02527795,0.025127565
PSOQRNN,GC=F,2026-06-08 10:00:00,0.025256984,0.024865141
PSOQRNN,GC=F,2026-06-08 10:15:00,0.024929065,0.024858871
PSOQRNN,GC=F,2026-06-08 10:30:00,0.02555672,0.024959823
PSOQRNN,GC=F,2026-06-08 10:45:00,0.024914889,0.024913756
PSOQRNN,GC=F,2026-06-08 11:00:00,0.025942106,0.025233798
PSOQRNN,GC=F,2026-06-08 11:15:00,0.025714688,0.025289625
PSOQRNN,GC=F,2026-06-08 11:30:00,0.025331859,0.025285877
PSOQRNN,GC=F,2026-06-08 11:45:00,0.025787536,0.025164204
PSOQRNN,GC=F,2026-06-08 12:00:00,0.02476865,0.025235446
PSOQRNN,GC=F,2026-06-08 12:15:00,0.025759302,0.025305007
PSOQRNN,GC=F,2026-06-08 12:30:00,0.025730472,0.025282655
PSOQRNN,GC=F,2026-06-08 12:45:00,0.025249597,0.02527495
PSOQRNN,GC=F,2026-06-08 13:00:00,0.0248636,0.02529842
PSOQRNN,GC=F,2026-06-08 13:15:00,0.025794504,0.025344444
PSOQRNN,GC=F,2026-06-08 13:30:00,0.025726482,0.025302596
PSOQRNN,GC=F,2026-06-08 13:45:00,0.024929482,0.02537353
PSOQRNN,GC=F,2026-06-08 14:00:00,0.025075184,0.025412764
PSOQRNN,GC=F,2026-06-08 14:15:00,0.025551835,0.025405794
PSOQRNN,GC=F,2026-06-08 14:30:00,0.02568002,0.025418688
PSOQRNN,GC=F,2026-06-08 14:45:00,0.025946217,0.025471006
PSOQRNN,GC=F,2026-06-08 15:00:00,0.025254006,0.025469007
PSOQRNN,GC=F,2026-06-08 15:15:00,0.025845015,0.025498895
PSOQRNN,GC=F,2026-06-08 15:30:00,0.02610573,0.025594058
PSOQRNN,GC=F,2026-06-08 15:45:00,0.025807133,0.025599655
PSOQRNN,GC=F,2026-06-08 16:00:00,0.025646307,0.025590785
PSOQRNN,GC=F,2026-06-08 16:15:00,0.0257073,0.025587725
PSOQRNN,GC=F,2026-06-08 16:30:00,0.025870569,0.02559058
PSOQRNN,GC=F,2026-06-08 16:45:00,0.025508473,0.025599716
PSOQRNN,GC=F,2026-06-08 17:00:00,0.02560336,0.025601724
PSOQRNN,GC=F,2026-06-08 17:15:00,0.025718084,0.025592184
PSOQRNN,GC=F,2026-06-08 17:30:00,0.025445273,0.02561011
PSOQRNN,GC=F,2026-06-08 17:45:00,0.025973557,0.025639033
PSOQRNN,GC=F,2026-06-08 18:00:00,0.025894752,0.02564994
PSOQRNN,GC=F,2026-06-08 18:15:00,0.025792778,0.025646677
PSOQRNN,GC=F,2026-06-08 18:30:00,0.025429964,0.025659505
PSOQRNN,GC=F,2026-06-08 18:45:00,0.025651906,0.025652962
PSOQRNN,GC=F,2026-06-08 19:00:00,0.025505673,0.025669903
PSOQRNN,GC=F,2026-06-08 19:15:00,0.025662092,0.025664663
PSOQRNN,GC=F,2026-06-08 19:30:00,0.025613785,0.025647055
PSOQRNN,GC=F,2026-06-08 19:45:00,0.02581696,0.02564273
PSOQRNN,GC=F,2026-06-08 20:00:00,0.025839595,0.025648067
PSOQRNN,GC=F,2026-06-08 20:15:00,0.02564577,0.025379641
PSOQRNN,GC=F,2026-06-08 20:30:00,0.025486492,0.025370866
PSOQRNN,GC=F,2026-06-08 20:45:00,0.02568288,0.025000269
PSOQRNN,GC=F,2026-06-08 21:00:00,0.025108065,0.02471593
PSOQRNN,GC=F,2026-06-08 21:15:00,0.024823274,0.02468861
PSOQRNN,GC=F,2026-06-08 21:30:00,0.024795873,0.024670692
PSOQRNN,GC=F,2026-06-08 21:45:00,0.024778003,0.024664398
PSOQRNN,GC=F,2026-06-08 22:00:00,0.024483377,0.024687108
PSOQRNN,GC=F,2026-06-08 22:15:00,0.024788903,0.024682516
PSOQRNN,GC=F,2026-06-08 22:30:00,0.024914948,0.02457143
PSOQRNN,GC=F,2026-06-08 22:45:00,0.024721889,0.024242504
PSOQRNN,GC=F,2026-06-08 23:00:00,0.024330938,0.024185222
PSOQRNN,GC=F,2026-06-08 23:15:00,0.02389578,0.024230788
PSOQRNN,GC=F,2026-06-08 23:30:00,0.024297282,0.024123605
PSOQRNN,GC=F,2026-06-08 23:45:00,0.024095936,0.024044134
PSOQRNN,GC=F,2026-06-09 00:00:00,0.024443584,0.024030143
PSOQRNN,GC=F,2026-06-09 00:15:00,0.023820482,0.024058376
PSOQRNN,GC=F,2026-06-09 00:30:00,0.024254989,0.024057135
PSOQRNN,GC=F,2026-06-09 00:45:00,0.024259157,0.02403637
PSOQRNN,GC=F,2026-06-09 01:00:00,0.024364239,0.024053277
PSOQRNN,GC=F,2026-06-09 01:15:00,0.024791345,0.024189591
PSOQRNN,GC=F,2026-06-09 01:30:00,0.024305027,0.024185386
PSOQRNN,GC=F,2026-06-09 01:45:00,0.024333442,0.024180008
PSOQRNN,GC=F,2026-06-09 02:00:00,0.024082534,0.024150033
PSOQRNN,GC=F,2026-06-09 02:15:00,0.02442345,0.024162507
PSOQRNN,GC=F,2026-06-09 02:30:00,0.024419459,0.024174701
PSOQRNN,GC=F,2026-06-09 02:45:00,0.024137279,0.024175197
PSOQRNN,GC=F,2026-06-09 03:00:00,0.024410464,0.024182554
PSOQRNN,GC=F,2026-06-09 03:15:00,0.024172483,0.024184937
PSOQRNN,GC=F,2026-06-09 03:30:00,0.024354886,0.024177708
PSOQRNN,GC=F,2026-06-09 03:45:00,0.02416754,0.024160638
PSOQRNN,GC=F,2026-06-09 04:00:00,0.02410648,0.024166021
PSOQRNN,GC=F,2026-06-09 04:15:00,0.024166526,0.024161931
PSOQRNN,GC=F,2026-06-09 04:30:00,0.024134954,0.024162931
PSOQRNN,GC=F,2026-06-09 04:45:00,0.024480399,0.02416939
PSOQRNN,GC=F,2026-06-09 05:00:00,0.024224607,0.024162117
PSOQRNN,GC=F,2026-06-09 05:15:00,0.024331892,0.024165517
PSOQRNN,GC=F,2026-06-09 05:30:00,0.025136838,0.024454739
PSOQRNN,GC=F,2026-06-09 05:45:00,0.02430044,0.024474416
PSOQRNN,GC=F,2026-06-09 06:00:00,0.024445014,0.02447826
PSOQRNN,GC=F,2026-06-09 06:15:00,0.02448141,0.024479922
PSOQRNN,GC=F,2026-06-09 06:30:00,0.024445074,0.024484113
PSOQRNN,GC=F,2026-06-09 06:45:00,0.024236819,0.024521759
PSOQRNN,GC=F,2026-06-09 07:00:00,0.024410464,0.024533488
PSOQRNN,GC=F,2026-06-09 07:15:00,0.024879863,0.024544962
PSOQRNN,GC=F,2026-06-09 07:30:00,0.024510123,0.024541477
PSOQRNN,GC=F,2026-06-09 07:45:00,0.024539312,0.024517365
PSOQRNN,GC=F,2026-06-09 08:00:00,0.024929008,0.02455312
PSOQRNN,GC=F,2026-06-09 08:15:00,0.024763348,0.024557253
PSOQRNN,GC=F,2026-06-09 08:30:00,0.024713013,0.02452708
PSOQRNN,GC=F,2026-06-09 08:45:00,0.024187377,0.024588741
PSOQRNN,GC=F,2026-06-09 09:00:00,0.024771867,0.024562519
PSOQRNN,GC=F,2026-06-09 09:15:00,0.024582261,0.024556693
PSOQRNN,GC=F,2026-06-09 09:30:00,0.024712536,0.024524134
PSOQRNN,GC=F,2026-06-09 09:45:00,0.024897674,0.0245438
PSOQRNN,GC=F,2026-06-09 10:00:00,0.024846386,0.024559598
PSOQRNN,GC=F,2026-06-09 10:15:00,0.024552297,0.024560925
PSOQRNN,GC=F,2026-06-09 10:30:00,0.024586191,0.024414372
PSOQRNN,GC=F,2026-06-09 10:45:00,0.024917867,0.02447776
PSOQRNN,GC=F,2026-06-09 11:00:00,0.024508039,0.024469804
PSOQRNN,GC=F,2026-06-09 11:15:00,0.024608769,0.024465745
PSOQRNN,GC=F,2026-06-09 11:30:00,0.024631942,0.024399927
PSOQRNN,GC=F,2026-06-09 11:45:00,0.024543958,0.024399018
PSOQRNN,GC=F,2026-06-09 12:00:00,0.024575708,0.02440177
PSOQRNN,GC=F,2026-06-09 12:15:00,0.024197742,0.024416516
PSOQRNN,GC=F,2026-06-09 12:30:00,0.024800101,0.024428222
PSOQRNN,GC=F,2026-06-09 12:45:00,0.02455611,0.024425892
PSOQRNN,GC=F,2026-06-09 13:00:00,0.024521142,0.024425788
PSOQRNN,GC=F,2026-06-09 13:15:00,0.023987817,0.024523063
PSOQRNN,GC=F,2026-06-09 13:30:00,0.024591554,0.024519216
PSOQRNN,GC=F,2026-06-09 13:45:00,0.024555039,0.024502175
PSOQRNN,GC=F,2026-06-09 14:00:00,0.024167182,0.02454692
PSOQRNN,GC=F,2026-06-09 14:15:00,0.024522752,0.024540477
PSOQRNN,GC=F,2026-06-09 14:30:00,0.02278065,0.02574916
PSOQRNN,GC=F,2026-06-09 14:45:00,0.026742876,0.02603867
PSOQRNN,GC=F,2026-06-09 15:00:00,0.025843646,0.026059914
PSOQRNN,GC=F,2026-06-09 15:15:00,0.025258472,0.026290832
PSOQRNN,GC=F,2026-06-09 15:30:00,0.026459774,0.026260592
PSOQRNN,GC=F,2026-06-09 15:45:00,0.02595926,0.026270311
PSOQRNN,GC=F,2026-06-09 16:00:00,0.025631832,0.026401935
PSOQRNN,GC=F,2026-06-09 16:15:00,0.026715893,0.026340043
PSOQRNN,GC=F,2026-06-09 16:30:00,0.025449323,0.026636977
PSOQRNN,GC=F,2026-06-09 16:45:00,0.027115433,0.02670176
PSOQRNN,GC=F,2026-06-09 17:00:00,0.027307991,0.026809663
PSOQRNN,GC=F,2026-06-09 17:15:00,0.027002266,0.026771143
PSOQRNN,GC=F,2026-06-09 17:30:00,0.026975345,0.026762702
PSOQRNN,GC=F,2026-06-09 17:45:00,0.026729593,0.026761953
PSOQRNN,GC=F,2026-06-09 18:00:00,0.026987912,0.026757909
PSOQRNN,GC=F,2026-06-09 18:15:00,0.02714569,0.02679267
PSOQRNN,GC=F,2026-06-09 18:30:00,0.02653268,0.02681103
PSOQRNN,GC=F,2026-06-09 18:45:00,0.027208466,0.026853628
PSOQRNN,GC=F,2026-06-09 19:00:00,0.026328439,0.026966838
PSOQRNN,GC=F,2026-06-09 19:15:00,0.026978383,0.026963983
PSOQRNN,GC=F,2026-06-09 19:30:00,0.026694808,0.02699734
PSOQRNN,GC=F,2026-06-09 19:45:00,0.027499238,0.027062958
PSOQRNN,GC=F,2026-06-09 20:00:00,0.02713181,0.027042462
PSOQRNN,GC=F,2026-06-09 20:15:00,0.027160281,0.027012976
PSOQRNN,GC=F,2026-06-09 20:30:00,0.02722288,0.027022598
PSOQRNN,GC=F,2026-06-09 20:45:00,0.027081542,0.026988968
PSOQRNN,GC=F,2026-06-09 21:00:00,0.027075525,0.026989656
PSOQRNN,GC=F,2026-06-09 21:15:00,0.02707624,0.026972909
PSOQRNN,GC=F,2026-06-09 21:30:00,0.027059803,0.026667021
PSOQRNN,GC=F,2026-06-09 21:45:00,0.02675979,0.025142226
PSOQRNN,GC=F,2026-06-09 22:00:00,0.024952834,0.02501051
PSOQRNN,GC=F,2026-06-09 22:15:00,0.025184311,0.024847105
PSOQRNN,GC=F,2026-06-09 22:30:00,0.024501843,0.024671154
PSOQRNN,GC=F,2026-06-09 22:45:00,0.024112854,0.024224153
PSOQRNN,GC=F,2026-06-09 23:00:00,0.024250759,0.024223663
PSOQRNN,GC=F,2026-06-09 23:15:00,0.023668755,0.024343861
PSOQRNN,GC=F,2026-06-09 23:30:00,0.024130488,0.024249757
PSOQRNN,GC=F,2026-06-09 23:45:00,0.024556408,0.023802806
PSOQRNN,GC=F,2026-06-10 00:00:00,0.024083307,0.023534872
PSOQRNN,GC=F,2026-06-10 00:15:00,0.023197183,0.023595389
PSOQRNN,GC=F,2026-06-10 00:30:00,0.022969557,0.023587104
PSOQRNN,GC=F,2026-06-10 00:45:00,0.02446515,0.023821583
PSOQRNN,GC=F,2026-06-10 01:00:00,0.023115987,0.024042219
PSOQRNN,GC=F,2026-06-10 01:15:00,0.024043873,0.024033075
PSOQRNN,GC=F,2026-06-10 01:30:00,0.023300303,0.024269072
PSOQRNN,GC=F,2026-06-10 01:45:00,0.024458835,0.02394737
PSOQRNN,GC=F,2026-06-10 02:00:00,0.023754954,0.023949359
PSOQRNN,GC=F,2026-06-10 02:15:00,0.024340529,0.023969118
PSOQRNN,GC=F,2026-06-10 02:30:00,0.023856224,0.023979882
PSOQRNN,GC=F,2026-06-10 02:45:00,0.023486825,0.02409366
PSOQRNN,GC=F,2026-06-10 03:00:00,0.024429824,0.023757948
PSOQRNN,GC=F,2026-06-10 03:15:00,0.023806663,0.023745906
PSOQRNN,GC=F,2026-06-10 03:30:00,0.023982218,0.023707401
PSOQRNN,GC=F,2026-06-10 03:45:00,0.024079615,0.0237212
PSOQRNN,GC=F,2026-06-10 04:00:00,0.023615975,0.023687169
PSOQRNN,GC=F,2026-06-10 04:15:00,0.023404794,0.023633763
PSOQRNN,GC=F,2026-06-10 04:30:00,0.023646476,0.023607776
PSOQRNN,GC=F,2026-06-10 04:45:00,0.023796894,0.023612367
PSOQRNN,GC=F,2026-06-10 05:00:00,0.023972508,0.023637189
PSOQRNN,GC=F,2026-06-10 05:15:00,0.024185054,0.023661673
PSOQRNN,GC=F,2026-06-10 05:30:00,0.024378952,0.02380814
PSOQRNN,GC=F,2026-06-10 05:45:00,0.024321526,0.02358019
PSOQRNN,GC=F,2026-06-10 06:00:00,0.024073835,0.023646962
PSOQRNN,GC=F,2026-06-10 06:15:00,0.023728445,0.023646705
PSOQRNN,GC=F,2026-06-10 06:30:00,0.023485096,0.023666108
PSOQRNN,GC=F,2026-06-10 06:45:00,0.02355557,0.023677638
PSOQRNN,GC=F,2026-06-10 07:00:00,0.023572667,0.023688324
PSOQRNN,GC=F,2026-06-10 07:15:00,0.023481403,0.023715729
PSOQRNN,GC=F,2026-06-10 07:30:00,0.023520244,0.023740668
PSOQRNN,GC=F,2026-06-10 07:45:00,0.023658747,0.023748264
PSOQRNN,GC=F,2026-06-10 08:00:00,0.02272173,0.024185432
PSOQRNN,GC=F,2026-06-10 08:15:00,0.024562364,0.024220267
PSOQRNN,GC=F,2026-06-10 08:30:00,0.024245575,0.024220362
PSOQRNN,GC=F,2026-06-10 08:45:00,0.024234436,0.024220828
PSOQRNN,GC=F,2026-06-10 09:00:00,0.024098499,0.024233237
PSOQRNN,GC=F,2026-06-10 09:15:00,0.024411835,0.024237357
PSOQRNN,GC=F,2026-06-10 09:30:00,0.024642842,0.024278883
PSOQRNN,GC=F,2026-06-10 09:45:00,0.02423104,0.02428317
PSOQRNN,GC=F,2026-06-10 10:00:00,0.02395708,0.024338856
PSOQRNN,GC=F,2026-06-10 10:15:00,0.024648739,0.024360042
PSOQRNN,GC=F,2026-06-10 10:30:00,0.024834175,0.024419878
PSOQRNN,GC=F,2026-06-10 10:45:00,0.024718314,0.024438629
PSOQRNN,GC=F,2026-06-10 11:00:00,0.024194168,0.024473852
PSOQRNN,GC=F,2026-06-10 11:15:00,0.024461336,0.02447564
PSOQRNN,GC=F,2026-06-10 11:30:00,0.023896197,0.024627034
PSOQRNN,GC=F,2026-06-10 11:45:00,0.024342675,0.024670698
PSOQRNN,GC=F,2026-06-10 12:00:00,0.024135849,0.02479979
PSOQRNN,GC=F,2026-06-10 12:15:00,0.025259485,0.02485606
PSOQRNN,GC=F,2026-06-10 12:30:00,0.026005184,0.025274972
PSOQRNN,GC=F,2026-06-10 12:45:00,0.024599833,0.025471529
PSOQRNN,GC=F,2026-06-10 13:00:00,0.025825419,0.02538587
PSOQRNN,GC=F,2026-06-10 13:15:00,0.025385765,0.02521255
PSOQRNN,GC=F,2026-06-10 13:30:00,0.02706254,0.026207335
PSOQRNN,GC=F,2026-06-10 13:45:00,0.026301516,0.026140489
PSOQRNN,GC=F,2026-06-10 14:00:00,0.025941512,0.025977891
PSOQRNN,GC=F,2026-06-10 14:15:00,0.02533424,0.026138281
PSOQRNN,GC=F,2026-06-10 14:30:00,0.025614558,0.02623482
PSOQRNN,GC=F,2026-06-10 14:45:00,0.024886178,0.026884938
PSOQRNN,GC=F,2026-06-10 15:00:00,0.026929066,0.026884904
PSOQRNN,GC=F,2026-06-10 15:15:00,0.027207691,0.02682805
PSOQRNN,GC=F,2026-06-10 15:30:00,0.027006911,0.026812091
PSOQRNN,GC=F,2026-06-10 15:45:00,0.026891006,0.026805814
PSOQRNN,GC=F,2026-06-10 16:00:00,0.026912745,0.026608184
PSOQRNN,GC=F,2026-06-10 16:15:00,0.026612554,0.02646638
PSOQRNN,GC=F,2026-06-10 16:30:00,0.026260238,0.026314883
PSOQRNN,GC=F,2026-06-10 16:45:00,0.026379544,0.026314858
PSOQRNN,GC=F,2026-06-10 17:00:00,0.026171727,0.026260907
PSOQRNN,GC=F,2026-06-10 17:15:00,0.025994344,0.02629619
PSOQRNN,GC=F,2026-06-10 17:30:00,0.025887903,0.02636556
PSOQRNN,GC=F,2026-06-10 17:45:00,0.027031869,0.026474046
PSOQRNN,GC=F,2026-06-10 18:00:00,0.026788916,0.026474753
PSOQRNN,GC=F,2026-06-10 18:15:00,0.026413674,0.026468465
PSOQRNN,GC=F,2026-06-10 18:30:00,0.026126279,0.026511412
PSOQRNN,GC=F,2026-06-10 18:45:00,0.026426777,0.026473073
PSOQRNN,GC=F,2026-06-10 19:00:00,0.02587587,0.02659887
PSOQRNN,GC=F,2026-06-10 19:15:00,0.026427612,0.026612539
PSOQRNN,GC=F,2026-06-10 19:30:00,0.027106676,0.026555685
PSOQRNN,GC=F,2026-06-10 19:45:00,0.026148198,0.026587833
PSOQRNN,GC=F,2026-06-10 20:00:00,0.026065702,0.026641399
PSOQRNN,GC=F,2026-06-10 20:15:00,0.027085176,0.02662455
PSOQRNN,GC=F,2026-06-10 20:30:00,0.026401402,0.026128307
PSOQRNN,GC=F,2026-06-10 20:45:00,0.026126696,0.026095789
PSOQRNN,GC=F,2026-06-10 21:00:00,0.026196921,0.025942428
PSOQRNN,GC=F,2026-06-10 21:15:00,0.026045213,0.025933683
PSOQRNN,GC=F,2026-06-10 21:30:00,0.026036516,0.025888864
PSOQRNN,GC=F,2026-06-10 21:45:00,0.0259922,0.0258808
PSOQRNN,GC=F,2026-06-10 22:00:00,0.02505243,0.026119113
PSOQRNN,GC=F,2026-06-10 22:15:00,0.025659233,0.026203744
PSOQRNN,GC=F,2026-06-10 22:30:00,0.027326157,0.0265975
PSOQRNN,GC=F,2026-06-10 22:45:00,0.025736488,0.026846355
PSOQRNN,GC=F,2026-06-10 23:00:00,0.026013583,0.02710286
PSOQRNN,GC=F,2026-06-10 23:15:00,0.028956244,0.028216805
PSOQRNN,GC=F,2026-06-10 23:30:00,0.02793491,0.028229643
PSOQRNN,GC=F,2026-06-10 23:45:00,0.027812518,0.028288487
PSOQRNN,GC=F,2026-06-11 00:00:00,0.028607666,0.028321236
PSOQRNN,GC=F,2026-06-11 00:15:00,0.029202024,0.028517654
PSOQRNN,GC=F,2026-06-11 00:30:00,0.028315721,0.028331095
PSOQRNN,GC=F,2026-06-11 00:45:00,0.029076068,0.028516715
PSOQRNN,GC=F,2026-06-11 01:00:00,0.029140862,0.028649082
PSOQRNN,GC=F,2026-06-11 01:15:00,0.02961842,0.028969636
PSOQRNN,GC=F,2026-06-11 01:30:00,0.02949842,0.02894588
PSOQRNN,GC=F,2026-06-11 01:45:00,0.028331207,0.029063711
PSOQRNN,GC=F,2026-06-11 02:00:00,0.02840464,0.028909607
PSOQRNN,GC=F,2026-06-11 02:15:00,0.028540488,0.028893005
PSOQRNN,GC=F,2026-06-11 02:30:00,0.027688993,0.029362705
PSOQRNN,GC=F,2026-06-11 02:45:00,0.029855853,0.029397981
PSOQRNN,GC=F,2026-06-11 03:00:00,0.029233826,0.02934139
PSOQRNN,GC=F,2026-06-11 03:15:00,0.029245676,0.029272282
PSOQRNN,GC=F,2026-06-11 03:30:00,0.029554639,0.02926415
PSOQRNN,GC=F,2026-06-11 03:45:00,0.0296236,0.029317081
PSOQRNN,GC=F,2026-06-11 04:00:00,0.029799815,0.029344125
PSOQRNN,GC=F,2026-06-11 04:15:00,0.029067552,0.02930119
PSOQRNN,GC=F,2026-06-11 04:30:00,0.02957566,0.0293012
PSOQRNN,GC=F,2026-06-11 04:45:00,0.029317498,0.02924642
PSOQRNN,GC=F,2026-06-11 05:00:00,0.028973931,0.029226553
PSOQRNN,GC=F,2026-06-11 05:15:00,0.029136157,0.029225081
PSOQRNN,GC=F,2026-06-11 05:30:00,0.030523889,0.029803125
PSOQRNN,GC=F,2026-06-11 05:45:00,0.029540109,0.029748438
PSOQRNN,GC=F,2026-06-11 06:00:00,0.029187553,0.029810045
PSOQRNN,GC=F,2026-06-11 06:15:00,0.029911533,0.029787252
PSOQRNN,GC=F,2026-06-11 06:30:00,0.030107932,0.029742604
PSOQRNN,GC=F,2026-06-11 06:45:00,0.029847277,0.029743874
PSOQRNN,GC=F,2026-06-11 07:00:00,0.02984835,0.029753223
PSOQRNN,GC=F,2026-06-11 07:15:00,0.030319514,0.029883543
PSOQRNN,GC=F,2026-06-11 07:30:00,0.02986681,0.029868254
PSOQRNN,GC=F,2026-06-11 07:45:00,0.029711142,0.029865425
PSOQRNN,GC=F,2026-06-11 08:00:00,0.029903851,0.02986833
PSOQRNN,GC=F,2026-06-11 08:15:00,0.029401587,0.02992079
PSOQRNN,GC=F,2026-06-11 08:30:00,0.029521467,0.029945044
PSOQRNN,GC=F,2026-06-11 08:45:00,0.02960389,0.029939096
PSOQRNN,GC=F,2026-06-11 09:00:00,0.030001277,0.029932175
PSOQRNN,GC=F,2026-06-11 09:15:00,0.029525874,0.029966261
PSOQRNN,GC=F,2026-06-11 09:30:00,0.03063185,0.030127546
PSOQRNN,GC=F,2026-06-11 09:45:00,0.030087268,0.030127088
PSOQRNN,GC=F,2026-06-11 10:00:00,0.030130383,0.030117434
PSOQRNN,GC=F,2026-06-11 10:15:00,0.0298496,0.030128172
PSOQRNN,GC=F,2026-06-11 10:30:00,0.030234655,0.030136598
PSOQRNN,GC=F,2026-06-11 10:45:00,0.03006327,0.030132418
PSOQRNN,GC=F,2026-06-11 11:00:00,0.029901708,0.030133517
PSOQRNN,GC=F,2026-06-11 11:15:00,0.03033744,0.030159706
PSOQRNN,GC=F,2026-06-11 11:30:00,0.029829828,0.030179368
PSOQRNN,GC=F,2026-06-11 11:45:00,0.029891584,0.03017273
PSOQRNN,GC=F,2026-06-11 12:00:00,0.029906888,0.030182624
PSOQRNN,GC=F,2026-06-11 12:15:00,0.029774208,0.03021609
PSOQRNN,GC=F,2026-06-11 12:30:00,0.030400084,0.030240009
PSOQRNN,GC=F,2026-06-11 12:45:00,0.030694555,0.030337378
PSOQRNN,GC=F,2026-06-11 13:00:00,0.02984019,0.03037583
PSOQRNN,GC=F,2026-06-11 13:15:00,0.030458087,0.030385664
PSOQRNN,GC=F,2026-06-11 13:30:00,0.03039669,0.030379778
PSOQRNN,GC=F,2026-06-11 13:45:00,0.030711586,0.030437589
PSOQRNN,GC=F,2026-06-11 14:00:00,0.029158073,0.030899756
PSOQRNN,GC=F,2026-06-11 14:15:00,0.031569,0.031076381
PSOQRNN,GC=F,2026-06-11 14:30:00,0.031095013,0.031084172
PSOQRNN,GC=F,2026-06-11 14:45:00,0.030848665,0.031085802
PSOQRNN,GC=F,2026-06-11 15:00:00,0.03137357,0.031109883
PSOQRNN,GC=F,2026-06-11 15:15:00,0.03111014,0.031097088
PSOQRNN,GC=F,2026-06-11 15:30:00,0.031340286,0.031138044
PSOQRNN,GC=F,2026-06-11 15:45:00,0.031104065,0.031135008
PSOQRNN,GC=F,2026-06-11 16:00:00,0.031798903,0.03132306
PSOQRNN,GC=F,2026-06-11 16:15:00,0.029980911,0.03165983
PSOQRNN,GC=F,2026-06-11 16:30:00,0.031671837,0.031670038
PSOQRNN,GC=F,2026-06-11 16:45:00,0.031435084,0.031668276
PSOQRNN,GC=F,2026-06-11 17:00:00,0.03133153,0.031670965
PSOQRNN,GC=F,2026-06-11 17:15:00,0.03290109,0.032294255
PSOQRNN,GC=F,2026-06-11 17:30:00,0.03557759,0.035992343
PSOQRNN,GC=F,2026-06-11 17:45:00,0.03473273,0.036152933
PSOQRNN,GC=F,2026-06-11 18:00:00,0.035341438,0.036165092
PSOQRNN,GC=F,2026-06-11 18:15:00,0.03594953,0.036202338
PSOQRNN,GC=F,2026-06-11 18:30:00,0.03628734,0.03633342
PSOQRNN,GC=F,2026-06-11 18:45:00,0.035642955,0.03633588
PSOQRNN,GC=F,2026-06-11 19:00:00,0.037125148,0.03691471
PSOQRNN,GC=F,2026-06-11 19:15:00,0.036641873,0.036956105
PSOQRNN,GC=F,2026-06-11 19:30:00,0.037031397,0.037115473
PSOQRNN,GC=F,2026-06-11 19:45:00,0.03642961,0.03710179
PSOQRNN,GC=F,2026-06-11 20:00:00,0.036735862,0.037128776
PSOQRNN,GC=F,2026-06-11 20:15:00,0.036490265,0.0371269
PSOQRNN,GC=F,2026-06-11 20:30:00,0.03624389,0.036950372
PSOQRNN,GC=F,2026-06-11 20:45:00,0.036499906,0.036949456
PSOQRNN,GC=F,2026-06-11 21:00:00,0.036332343,0.03694695
PSOQRNN,GC=F,2026-06-11 21:15:00,0.0363302,0.03694583
PSOQRNN,GC=F,2026-06-11 21:30:00,0.036329128,0.036942966
PSOQRNN,GC=F,2026-06-11 21:45:00,0.03632663,0.03691743
PSOQRNN,GC=F,2026-06-11 22:00:00,0.03615204,0.036913812
PSOQRNN,GC=F,2026-06-11 22:15:00,0.036536396,0.036917772
PSOQRNN,GC=F,2026-06-11 22:30:00,0.03685295,0.03701674
PSOQRNN,GC=F,2026-06-11 22:45:00,0.037245024,0.03725279
PSOQRNN,GC=F,2026-06-11 23:00:00,0.03566641,0.037490796
PSOQRNN,GC=F,2026-06-11 23:15:00,0.036433477,0.037525844
PSOQRNN,GC=F,2026-06-11 23:30:00,0.03697497,0.03753248
PSOQRNN,GC=F,2026-06-11 23:45:00,0.03686884,0.03749092
PSOQRNN,GC=F,2026-06-12 00:00:00,0.03664747,0.03749452
PSOQRNN,GC=F,2026-06-12 00:15:00,0.037010863,0.037509
PSOQRNN,GC=F,2026-06-12 00:30:00,0.036025245,0.037697412
PSOQRNN,GC=F,2026-06-12 00:45:00,0.037183657,0.037691902
PSOQRNN,GC=F,2026-06-12 01:00:00,0.035979588,0.037980784
PSOQRNN,GC=F,2026-06-12 01:15:00,0.036953185,0.037999444
PSOQRNN,GC=F,2026-06-12 01:30:00,0.037179135,0.037999514
PSOQRNN,GC=F,2026-06-12 01:45:00,0.037599236,0.0380002
PSOQRNN,GC=F,2026-06-12 02:00:00,0.03762834,0.03805094
PSOQRNN,GC=F,2026-06-12 02:15:00,0.037005268,0.038071662
PSOQRNN,GC=F,2026-06-12 02:30:00,0.037237346,0.038070306
PSOQRNN,GC=F,2026-06-12 02:45:00,0.03756751,0.038094137
PSOQRNN,GC=F,2026-06-12 03:00:00,0.037456565,0.038098704
PSOQRNN,GC=F,2026-06-12 03:15:00,0.037781008,0.03814953
PSOQRNN,GC=F,2026-06-12 03:30:00,0.037189014,0.038136043
PSOQRNN,GC=F,2026-06-12 03:45:00,0.03736157,0.038135465
PSOQRNN,GC=F,2026-06-12 04:00:00,0.03715717,0.03814613
PSOQRNN,GC=F,2026-06-12 04:15:00,0.03728294,0.038086228
PSOQRNN,GC=F,2026-06-12 04:30:00,0.037362043,0.038087394
PSOQRNN,GC=F,2026-06-12 04:45:00,0.03716842,0.038092613
PSOQRNN,GC=F,2026-06-12 05:00:00,0.037265442,0.03805353
PSOQRNN,GC=F,2026-06-12 05:15:00,0.037221514,0.03805199
PSOQRNN,GC=F,2026-06-12 05:30:00,0.036951996,0.037274208
PSOQRNN,GC=F,2026-06-12 05:45:00,0.036268353,0.03710202
PSOQRNN,GC=F,2026-06-12 06:00:00,0.03697009,0.03717132
PSOQRNN,GC=F,2026-06-12 06:15:00,0.03647342,0.036978304
PSOQRNN,GC=F,2026-06-12 06:30:00,0.03607626,0.03699765
PSOQRNN,GC=F,2026-06-12 06:45:00,0.03673539,0.037007183
PSOQRNN,GC=F,2026-06-12 07:00:00,0.036087036,0.036901962
PSOQRNN,GC=F,2026-06-12 07:15:00,0.036087688,0.036898702
PSOQRNN,GC=F,2026-06-12 07:30:00,0.03673277,0.03672658
PSOQRNN,GC=F,2026-06-12 07:45:00,0.036674675,0.036781806
PSOQRNN,GC=F,2026-06-12 08:00:00,0.03666259,0.036786806
PSOQRNN,GC=F,2026-06-12 08:15:00,0.036660984,0.03685696
PSOQRNN,GC=F,2026-06-12 08:30:00,0.036510803,0.03687602
PSOQRNN,GC=F,2026-06-12 08:45:00,0.036336273,0.0368747
PSOQRNN,GC=F,2026-06-12 09:00:00,0.036491632,0.03688666
PSOQRNN,GC=F,2026-06-12 09:15:00,0.03611555,0.036869906
PSOQRNN,GC=F,2026-06-12 09:30:00,0.036467824,0.03685513
PSOQRNN,GC=F,2026-06-12 09:45:00,0.036072988,0.03683821
PSOQRNN,GC=F,2026-06-12 10:00:00,0.036199898,0.036745016
PSOQRNN,GC=F,2026-06-12 10:15:00,0.03543532,0.036902156
PSOQRNN,GC=F,2026-06-12 10:30:00,0.036732413,0.03693565
PSOQRNN,GC=F,2026-06-12 10:45:00,0.03608007,0.036906373
PSOQRNN,GC=F,2026-06-12 11:00:00,0.03611769,0.036915068
PSOQRNN,GC=F,2026-06-12 11:15:00,0.0360662,0.036930427
PSOQRNN,GC=F,2026-06-12 11:30:00,0.036669318,0.036967635
PSOQRNN,GC=F,2026-06-12 11:45:00,0.03620603,0.036972996
PSOQRNN,GC=F,2026-06-12 12:00:00,0.036716104,0.03701691
PSOQRNN,GC=F,2026-06-12 12:15:00,0.03573975,0.037146553
PSOQRNN,GC=F,2026-06-12 12:30:00,0.03628502,0.037160106
PSOQRNN,GC=F,2026-06-12 12:45:00,0.03626728,0.03717768
PSOQRNN,GC=F,2026-06-12 13:00:00,0.036867354,0.03719628
PSOQRNN,GC=F,2026-06-12 13:15:00,0.036784913,0.037213966
PSOQRNN,GC=F,2026-06-12 13:30:00,0.035947144,0.03728329
PSOQRNN,GC=F,2026-06-12 13:45:00,0.036399964,0.037195086
PSOQRNN,GC=F,2026-06-12 14:00:00,0.03691247,0.037237972
PSOQRNN,GC=F,2026-06-12 14:15:00,0.036325797,0.03715692
PSOQRNN,GC=F,2026-06-12 14:30:00,0.03632788,0.037144
PSOQRNN,GC=F,2026-06-12 14:45:00,0.037482098,0.03743603
PSOQRNN,GC=F,2026-06-12 15:00:00,0.037233714,0.037499502
PSOQRNN,GC=F,2026-06-12 15:15:00,0.037409425,0.037566572
PSOQRNN,GC=F,2026-06-12 15:30:00,0.03613555,0.037616484
PSOQRNN,GC=F,2026-06-12 15:45:00,0.036956996,0.037474994
PSOQRNN,GC=F,2026-06-12 16:00:00,0.03726687,0.03739167
PSOQRNN,GC=F,2026-06-12 16:15:00,0.03649705,0.037405226
PSOQRNN,GC=F,2026-06-12 16:30:00,0.03656723,0.03724674
PSOQRNN,GC=F,2026-06-12 16:45:00,0.03671116,0.03724925
PSOQRNN,GC=F,2026-06-12 17:00:00,0.036693722,0.037230574
PSOQRNN,GC=F,2026-06-12 17:15:00,0.03661378,0.037211865
PSOQRNN,GC=F,2026-06-12 17:30:00,0.036729258,0.03720833
PSOQRNN,GC=F,2026-06-12 17:45:00,0.03652104,0.037122175
PSOQRNN,GC=F,2026-06-12 18:00:00,0.036782235,0.03713669
PSOQRNN,GC=F,2026-06-12 18:15:00,0.036463063,0.037136383
PSOQRNN,GC=F,2026-06-12 18:30:00,0.03663348,0.037137743
PSOQRNN,GC=F,2026-06-12 18:45:00,0.035824876,0.03726721
PSOQRNN,GC=F,2026-06-12 19:00:00,0.03673878,0.037261356
PSOQRNN,GC=F,2026-06-12 19:15:00,0.0361721,0.037287056
PSOQRNN,GC=F,2026-06-12 19:30:00,0.03645824,0.037294902
PSOQRNN,GC=F,2026-06-12 19:45:00,0.03690521,0.037315
PSOQRNN,GC=F,2026-06-12 20:00:00,0.03676134,0.03730295
PSOQRNN,GC=F,2026-06-12 20:15:00,0.03672622,0.037258666
PSOQRNN,GC=F,2026-06-12 20:30:00,0.036550682,0.037170824
PSOQRNN,GC=F,2026-06-12 20:45:00,0.03672753,0.037143365
PSOQRNN,GC=F,2026-06-12 21:00:00,0.036503002,0.03710659
PSOQRNN,GC=F,2026-06-12 21:15:00,0.03647068,0.03710652
PSOQRNN,GC=F,2026-06-12 21:30:00,0.03647062,0.037090447
PSOQRNN,GC=F,2026-06-12 21:45:00,0.036456514,0.037079923
PSOQRNN,GC=F,2026-06-12 22:00:00,0.036447167,0.037069857
PSOQRNN,GC=F,2026-06-12 22:15:00,0.036438417,0.037047166
PSOQRNN,GC=F,2026-06-12 22:30:00,0.03641848,0.037025873
PSOQRNN,GC=F,2026-06-12 22:45:00,0.036399666,0.03701756
PSOQRNN,GC=F,2026-06-12 23:00:00,0.036392346,0.03670907
PSOQRNN,GC=F,2026-06-12 23:15:00,0.03612019,0.036692444
PSOQRNN,GC=F,2026-06-12 23:30:00,0.036105547,0.03669056
PSOQRNN,GC=F,2026-06-12 23:45:00,0.036103882,0.036688138
PSOQRNN,GC=F,2026-06-13 00:00:00,0.036101796,0.036674514
PSOQRNN,GC=F,2026-06-13 00:15:00,0.036089774,0.03667358
PSOQRNN,GC=F,2026-06-13 00:30:00,0.03608888,0.03665316
PSOQRNN,GC=F,2026-06-13 00:45:00,0.036070902,0.036646765
PSOQRNN,GC=F,2026-06-13 01:00:00,0.036065247,0.03659928
PSOQRNN,GC=F,2026-06-13 01:15:00,0.036023222,0.036590252
PSOQRNN,GC=F,2026-06-13 01:30:00,0.036015246,0.036559097
PSOQRNN,GC=F,2026-06-13 01:45:00,0.035987623,0.036550928
PSOQRNN,GC=F,2026-06-13 02:00:00,0.035980422,0.03651927
PSOQRNN,GC=F,2026-06-13 02:15:00,0.035952386,0.03651522
PSOQRNN,GC=F,2026-06-13 02:30:00,0.035948873,0.0363957
PSOQRNN,GC=F,2026-06-13 02:45:00,0.035842974,0.036355235
PSOQRNN,GC=F,2026-06-13 03:00:00,0.035807077,0.036248066
PSOQRNN,GC=F,2026-06-13 03:15:00,0.03571195,0.036220253
PSOQRNN,GC=F,2026-06-13 03:30:00,0.035687245,0.03595831
PSOQRNN,GC=F,2026-06-13 03:45:00,0.035454366,0.03579758
PSOQRNN,GC=F,2026-06-14 22:00:00,0.039298788,0.040392704
PSOQRNN,GC=F,2026-06-14 22:15:00,0.038704302,0.040513158
PSOQRNN,GC=F,2026-06-14 22:30:00,0.039320868,0.039857343
PSOQRNN,GC=F,2026-06-14 22:45:00,0.03889749,0.039857347
PSOQRNN,GC=F,2026-06-14 23:00:00,0.038743287,0.039838687
PSOQRNN,GC=F,2026-06-14 23:15:00,0.03881613,0.039701477
PSOQRNN,GC=F,2026-06-14 23:30:00,0.03885791,0.039606288
PSOQRNN,GC=F,2026-06-14 23:45:00,0.039038718,0.039129626
PSOQRNN,GC=F,2026-06-15 00:00:00,0.03849433,0.039144717
PSOQRNN,GC=F,2026-06-15 00:15:00,0.038305305,0.03913563
PSOQRNN,GC=F,2026-06-15 00:30:00,0.038100448,0.039143708
PSOQRNN,GC=F,2026-06-15 00:45:00,0.037999205,0.039166775
PSOQRNN,GC=F,2026-06-15 01:00:00,0.03847939,0.039177433
PSOQRNN,GC=F,2026-06-15 01:15:00,0.03861015,0.039202828
PSOQRNN,GC=F,2026-06-15 01:30:00,0.03896343,0.039300118
PSOQRNN,GC=F,2026-06-15 01:45:00,0.0382987,0.039302934
PSOQRNN,GC=F,2026-06-15 02:00:00,0.038851246,0.039342258
PSOQRNN,GC=F,2026-06-15 02:15:00,0.038502663,0.03930314
PSOQRNN,GC=F,2026-06-15 02:30:00,0.038464334,0.03923093
PSOQRNN,GC=F,2026-06-15 02:45:00,0.038290605,0.039168246
PSOQRNN,GC=F,2026-06-15 03:00:00,0.038078126,0.039177034
PSOQRNN,GC=F,2026-06-15 03:15:00,0.03819288,0.039171718
PSOQRNN,GC=F,2026-06-15 03:30:00,0.03826757,0.039116427
PSOQRNN,GC=F,2026-06-15 03:45:00,0.038252633,0.03910418
PSOQRNN,GC=F,2026-06-15 04:00:00,0.03828412,0.038972728
PSOQRNN,GC=F,2026-06-15 04:15:00,0.038147464,0.03894877
PSOQRNN,GC=F,2026-06-15 04:30:00,0.038089436,0.038919818
PSOQRNN,GC=F,2026-06-15 04:45:00,0.03808783,0.038846202
PSOQRNN,GC=F,2026-06-15 05:00:00,0.038010277,0.03873811
PSOQRNN,GC=F,2026-06-15 05:15:00,0.037931,0.038716976
PSOQRNN,GC=F,2026-06-15 05:30:00,0.037083242,0.038904287
PSOQRNN,GC=F,2026-06-15 05:45:00,0.037919868,0.038906876
PSOQRNN,GC=F,2026-06-15 06:00:00,0.03796421,0.03891073
PSOQRNN,GC=F,2026-06-15 06:15:00,0.03784541,0.03892833
PSOQRNN,GC=F,2026-06-15 06:30:00,0.038142405,0.038928244
PSOQRNN,GC=F,2026-06-15 06:45:00,0.038137585,0.03892803
PSOQRNN,GC=F,2026-06-15 07:00:00,0.03830626,0.03870985
PSOQRNN,GC=F,2026-06-15 07:15:00,0.038024202,0.038621813
PSOQRNN,GC=F,2026-06-15 07:30:00,0.037792914,0.0383994
PSOQRNN,GC=F,2026-06-15 07:45:00,0.03791088,0.038169786
PSOQRNN,GC=F,2026-06-15 08:00:00,0.037641138,0.037940744
PSOQRNN,GC=F,2026-06-15 08:15:00,0.03718717,0.037215136
PSOQRNN,GC=F,2026-06-15 08:30:00,0.037179433,0.03727334
PSOQRNN,GC=F,2026-06-15 08:45:00,0.036304187,0.037242956
PSOQRNN,GC=F,2026-06-15 09:00:00,0.03686128,0.03724635
PSOQRNN,GC=F,2026-06-15 09:15:00,0.036536634,0.03709552
PSOQRNN,GC=F,2026-06-15 09:30:00,0.03628026,0.037088722
PSOQRNN,GC=F,2026-06-15 09:45:00,0.03653104,0.03698237
PSOQRNN,GC=F,2026-06-15 10:00:00,0.03641854,0.036909323
PSOQRNN,GC=F,2026-06-15 10:15:00,0.036320735,0.03670497
PSOQRNN,GC=F,2026-06-15 10:30:00,0.03610239,0.036650576
PSOQRNN,GC=F,2026-06-15 10:45:00,0.03606852,0.036523443
PSOQRNN,GC=F,2026-06-15 11:00:00,0.035960898,0.036379267
PSOQRNN,GC=F,2026-06-15 11:15:00,0.035957683,0.036326576
PSOQRNN,GC=F,2026-06-15 11:30:00,0.035681114,0.035879858
PSOQRNN,GC=F,2026-06-15 11:45:00,0.035230294,0.035843145
PSOQRNN,GC=F,2026-06-15 12:00:00,0.03513963,0.03585115
PSOQRNN,GC=F,2026-06-15 12:15:00,0.035648312,0.035861693
PSOQRNN,GC=F,2026-06-15 12:30:00,0.035767965,0.03588712
PSOQRNN,GC=F,2026-06-15 12:45:00,0.03558319,0.035870202
PSOQRNN,GC=F,2026-06-15 13:00:00,0.03539984,0.03582284
PSOQRNN,GC=F,2026-06-15 13:15:00,0.03552104,0.035796173
PSOQRNN,GC=F,2026-06-15 13:30:00,0.03578499,0.035840563
PSOQRNN,GC=F,2026-06-15 13:45:00,0.034966037,0.035900615
PSOQRNN,GC=F,2026-06-15 14:00:00,0.03550854,0.03586892
PSOQRNN,GC=F,2026-06-15 14:15:00,0.035686232,0.03588228
PSOQRNN,GC=F,2026-06-15 14:30:00,0.03506087,0.035514142
PSOQRNN,GC=F,2026-06-15 14:45:00,0.03504831,0.035489194
PSOQRNN,GC=F,2026-06-15 15:00:00,0.03476571,0.035418514
PSOQRNN,GC=F,2026-06-15 15:15:00,0.035112247,0.035419967
PSOQRNN,GC=F,2026-06-15 15:30:00,0.035151955,0.035403386
PSOQRNN,GC=F,2026-06-15 15:45:00,0.034867153,0.035408903
PSOQRNN,GC=F,2026-06-15 16:00:00,0.034751482,0.035429846
PSOQRNN,GC=F,2026-06-15 16:15:00,0.034557585,0.035423554
PSOQRNN,GC=F,2026-06-15 16:30:00,0.034657538,0.03546527
PSOQRNN,GC=F,2026-06-15 16:45:00,0.03514969,0.035457753
PSOQRNN,GC=F,2026-06-15 17:00:00,0.03475583,0.035485808
PSOQRNN,GC=F,2026-06-15 17:15:00,0.034829233,0.035435155
PSOQRNN,GC=F,2026-06-15 17:30:00,0.0346039,0.035441674
PSOQRNN,GC=F,2026-06-15 17:45:00,0.035124213,0.035405092
PSOQRNN,GC=F,2026-06-15 18:00:00,0.03492627,0.035406888
PSOQRNN,GC=F,2026-06-15 18:15:00,0.03502015,0.035352588
PSOQRNN,GC=F,2026-06-15 18:30:00,0.034888882,0.035239425
PSOQRNN,GC=F,2026-06-15 18:45:00,0.034875013,0.03523851
PSOQRNN,GC=F,2026-06-15 19:00:00,0.03466016,0.035250753
PSOQRNN,GC=F,2026-06-15 19:15:00,0.034763508,0.035230614
PSOQRNN,GC=F,2026-06-15 19:30:00,0.034706477,0.035234936
PSOQRNN,GC=F,2026-06-15 19:45:00,0.034875847,0.035232715
PSOQRNN,GC=F,2026-06-15 20:00:00,0.034586575,0.03523732
PSOQRNN,GC=F,2026-06-15 20:15:00,0.034649085,0.035240874
PSOQRNN,GC=F,2026-06-15 20:30:00,0.034666646,0.03521828
PSOQRNN,GC=F,2026-06-15 20:45:00,0.034763448,0.035193723
PSOQRNN,GC=F,2026-06-15 21:00:00,0.03477077,0.035171516
PSOQRNN,GC=F,2026-06-15 21:15:00,0.034750767,0.035120163
PSOQRNN,GC=F,2026-06-15 21:30:00,0.03470463,0.03511275
PSOQRNN,GC=F,2026-06-15 21:45:00,0.03469802,0.035057515
PSOQRNN,GC=F,2026-06-15 22:00:00,0.03464343,0.03498458
PSOQRNN,GC=F,2026-06-15 22:15:00,0.034553356,0.03498474
PSOQRNN,GC=F,2026-06-15 22:30:00,0.034739457,0.034988604
PSOQRNN,GC=F,2026-06-15 22:45:00,0.034566812,0.034959175
PSOQRNN,GC=F,2026-06-15 23:00:00,0.034638133,0.034475397
PSOQRNN,GC=F,2026-06-15 23:15:00,0.034211867,0.03433434
PSOQRNN,GC=F,2026-06-15 23:30:00,0.03412852,0.034335814
PSOQRNN,GC=F,2026-06-15 23:45:00,0.033903476,0.03433016
PSOQRNN,GC=F,2026-06-16 00:00:00,0.033878766,0.03430724
PSOQRNN,GC=F,2026-06-16 00:15:00,0.033695158,0.034340035
PSOQRNN,GC=F,2026-06-16 00:30:00,0.034119174,0.034317985
PSOQRNN,GC=F,2026-06-16 00:45:00,0.03439952,0.034362625
PSOQRNN,GC=F,2026-06-16 01:00:00,0.03402624,0.034214377
PSOQRNN,GC=F,2026-06-16 01:15:00,0.033872217,0.033706356
PSOQRNN,GC=F,2026-06-16 01:30:00,0.033206884,0.033726778
PSOQRNN,GC=F,2026-06-16 01:45:00,0.033359185,0.033724397
PSOQRNN,GC=F,2026-06-16 02:00:00,0.03325779,0.033720292
PSOQRNN,GC=F,2026-06-16 02:15:00,0.03360621,0.033197656
PSOQRNN,GC=F,2026-06-16 02:30:00,0.032924667,0.029330656
PSOQRNN,GC=F,2026-06-16 02:45:00,0.029688274,0.029124398
PSOQRNN,GC=F,2026-06-16 03:00:00,0.029142946,0.029084759
PSOQRNN,GC=F,2026-06-16 03:15:00,0.029235017,0.029057313
PSOQRNN,GC=F,2026-06-16 03:30:00,0.029634617,0.029015072
PSOQRNN,GC=F,2026-06-16 03:45:00,0.028960293,0.029006952
PSOQRNN,GC=F,2026-06-16 04:00:00,0.028848628,0.028344179
PSOQRNN,GC=F,2026-06-16 04:15:00,0.028183505,0.028322758
PSOQRNN,GC=F,2026-06-16 04:30:00,0.028377483,0.02813818
PSOQRNN,GC=F,2026-06-16 04:45:00,0.02815188,0.028137594
PSOQRNN,GC=F,2026-06-16 05:00:00,0.02839803,0.028123334
PSOQRNN,GC=F,2026-06-16 05:15:00,0.028247707,0.028123837
PSOQRNN,GC=F,2026-06-16 05:30:00,0.027686492,0.028186152
PSOQRNN,GC=F,2026-06-16 05:45:00,0.028145805,0.028181924
PSOQRNN,GC=F,2026-06-16 06:00:00,0.028378136,0.028186701
PSOQRNN,GC=F,2026-06-16 06:15:00,0.028130498,0.028192526
PSOQRNN,GC=F,2026-06-16 06:30:00,0.028230734,0.028192844
PSOQRNN,GC=F,2026-06-16 06:45:00,0.028640661,0.02823984
PSOQRNN,GC=F,2026-06-16 07:00:00,0.028397076,0.028229665
PSOQRNN,GC=F,2026-06-16 07:15:00,0.02844478,0.02821743
PSOQRNN,GC=F,2026-06-16 07:30:00,0.028186662,0.028106397
PSOQRNN,GC=F,2026-06-16 07:45:00,0.028587835,0.027873415
PSOQRNN,GC=F,2026-06-16 08:00:00,0.028084401,0.027492357
PSOQRNN,GC=F,2026-06-16 08:15:00,0.027746111,0.02743273
PSOQRNN,GC=F,2026-06-16 08:30:00,0.02763533,0.027430745
PSOQRNN,GC=F,2026-06-16 08:45:00,0.027670173,0.027437212
PSOQRNN,GC=F,2026-06-16 09:00:00,0.027476545,0.02742392
PSOQRNN,GC=F,2026-06-16 09:15:00,0.027152836,0.02745905
PSOQRNN,GC=F,2026-06-16 09:30:00,0.027629435,0.027166728
PSOQRNN,GC=F,2026-06-16 09:45:00,0.027428897,0.02716218
PSOQRNN,GC=F,2026-06-16 10:00:00,0.027276544,0.026690453
PSOQRNN,GC=F,2026-06-16 10:15:00,0.026708568,0.026650667
PSOQRNN,GC=F,2026-06-16 10:30:00,0.02686575,0.026648458
PSOQRNN,GC=F,2026-06-16 10:45:00,0.026858186,0.026606288
PSOQRNN,GC=F,2026-06-16 11:00:00,0.026317777,0.026613276
PSOQRNN,GC=F,2026-06-16 11:15:00,0.026733523,0.026567185
PSOQRNN,GC=F,2026-06-16 11:30:00,0.026470257,0.026579687
PSOQRNN,GC=F,2026-06-16 11:45:00,0.026769677,0.026558382
PSOQRNN,GC=F,2026-06-16 12:00:00,0.026865691,0.026565941
PSOQRNN,GC=F,2026-06-16 12:15:00,0.026617974,0.026490482
PSOQRNN,GC=F,2026-06-16 12:30:00,0.026921025,0.026500855
PSOQRNN,GC=F,2026-06-16 12:45:00,0.02686176,0.026519256
PSOQRNN,GC=F,2026-06-16 13:00:00,0.026019897,0.026631037
PSOQRNN,GC=F,2026-06-16 13:15:00,0.026272686,0.026705844
PSOQRNN,GC=F,2026-06-16 13:30:00,0.026994463,0.026715493
PSOQRNN,GC=F,2026-06-16 13:45:00,0.026424753,0.026759608
PSOQRNN,GC=F,2026-06-16 14:00:00,0.027058074,0.02676651
PSOQRNN,GC=F,2026-06-16 14:15:00,0.026000837,0.027036374
PSOQRNN,GC=F,2026-06-16 14:30:00,0.02736642,0.026991256
PSOQRNN,GC=F,2026-06-16 14:45:00,0.027040504,0.026930723
PSOQRNN,GC=F,2026-06-16 15:00:00,0.027055692,0.026832597
PSOQRNN,GC=F,2026-06-16 15:15:00,0.027007448,0.026830789
PSOQRNN,GC=F,2026-06-16 15:30:00,0.026952414,0.026789116
PSOQRNN,GC=F,2026-06-16 15:45:00,0.027326455,0.026801357
PSOQRNN,GC=F,2026-06-16 16:00:00,0.027475296,0.026860358
PSOQRNN,GC=F,2026-06-16 16:15:00,0.026896603,0.026839143
PSOQRNN,GC=F,2026-06-16 16:30:00,0.0268916,0.0267669
PSOQRNN,GC=F,2026-06-16 16:45:00,0.026688078,0.026668936
PSOQRNN,GC=F,2026-06-16 17:00:00,0.026485268,0.026613202
PSOQRNN,GC=F,2026-06-16 17:15:00,0.026674856,0.026526961
PSOQRNN,GC=F,2026-06-16 17:30:00,0.026829775,0.026514012
PSOQRNN,GC=F,2026-06-16 17:45:00,0.02669451,0.026514344
PSOQRNN,GC=F,2026-06-16 18:00:00,0.02670011,0.026497835
PSOQRNN,GC=F,2026-06-16 18:15:00,0.026582712,0.026483407
PSOQRNN,GC=F,2026-06-16 18:30:00,0.02641957,0.026480606
PSOQRNN,GC=F,2026-06-16 18:45:00,0.026576398,0.026463583
PSOQRNN,GC=F,2026-06-16 19:00:00,0.026586287,0.02646218
PSOQRNN,GC=F,2026-06-16 19:15:00,0.026584916,0.026219567
PSOQRNN,GC=F,2026-06-16 19:30:00,0.026265778,0.026144622
PSOQRNN,GC=F,2026-06-16 19:45:00,0.026009891,0.026137834
PSOQRNN,GC=F,2026-06-16 20:00:00,0.026083214,0.02613163
PSOQRNN,GC=F,2026-06-16 20:15:00,0.026328675,0.026103131
PSOQRNN,GC=F,2026-06-16 20:30:00,0.026241655,0.026054805
PSOQRNN,GC=F,2026-06-16 20:45:00,0.02603854,0.026049865
PSOQRNN,GC=F,2026-06-16 21:00:00,0.026151475,0.025998453
PSOQRNN,GC=F,2026-06-16 21:15:00,0.026100608,0.025792167
PSOQRNN,GC=F,2026-06-16 21:30:00,0.025896361,0.02576492
PSOQRNN,GC=F,2026-06-16 21:45:00,0.025869379,0.02573036
PSOQRNN,GC=F,2026-06-16 22:00:00,0.02577592,0.025690012
PSOQRNN,GC=F,2026-06-16 22:15:00,0.025676684,0.025677372
PSOQRNN,GC=F,2026-06-16 22:30:00,0.025938533,0.02549287
PSOQRNN,GC=F,2026-06-16 22:45:00,0.025728567,0.025466686
PSOQRNN,GC=F,2026-06-16 23:00:00,0.025632428,0.025415005
PSOQRNN,GC=F,2026-06-16 23:15:00,0.025532477,0.025376845
PSOQRNN,GC=F,2026-06-16 23:30:00,0.025365096,0.02536359
PSOQRNN,GC=F,2026-06-16 23:45:00,0.025292365,0.02495998
PSOQRNN,GC=F,2026-06-17 00:00:00,0.025420016,0.02490279
PSOQRNN,GC=F,2026-06-17 00:15:00,0.024983332,0.024749018
PSOQRNN,GC=F,2026-06-17 00:30:00,0.024758702,0.024475534
PSOQRNN,GC=F,2026-06-17 00:45:00,0.024685493,0.024477553
PSOQRNN,GC=F,2026-06-17 01:00:00,0.025160367,0.024490463
PSOQRNN,GC=F,2026-06-17 01:15:00,0.024379726,0.024482736
PSOQRNN,GC=F,2026-06-17 01:30:00,0.024388066,0.0244845
PSOQRNN,GC=F,2026-06-17 01:45:00,0.024656186,0.02448084
PSOQRNN,GC=F,2026-06-17 02:00:00,0.024679715,0.024479771
PSOQRNN,GC=F,2026-06-17 02:15:00,0.024466518,0.02448751
PSOQRNN,GC=F,2026-06-17 02:30:00,0.024501486,0.024482759
PSOQRNN,GC=F,2026-06-17 02:45:00,0.024175463,0.024551054
PSOQRNN,GC=F,2026-06-17 03:00:00,0.024603348,0.024516523
PSOQRNN,GC=F,2026-06-17 03:15:00,0.02468305,0.024515666
PSOQRNN,GC=F,2026-06-17 03:30:00,0.024714919,0.02451094
PSOQRNN,GC=F,2026-06-17 03:45:00,0.024519535,0.024284476
PSOQRNN,GC=F,2026-06-17 04:00:00,0.02433499,0.0242814
PSOQRNN,GC=F,2026-06-17 04:15:00,0.024053046,0.024227597
PSOQRNN,GC=F,2026-06-17 04:30:00,0.024244802,0.024214188
PSOQRNN,GC=F,2026-06-17 04:45:00,0.02451602,0.024195448
PSOQRNN,GC=F,2026-06-17 05:00:00,0.024086405,0.024212558
PSOQRNN,GC=F,2026-06-17 05:15:00,0.024552654,0.024227066
PSOQRNN,GC=F,2026-06-17 05:30:00,0.024496006,0.02423147
PSOQRNN,GC=F,2026-06-17 05:45:00,0.024150323,0.024232127
PSOQRNN,GC=F,2026-06-17 06:00:00,0.024484687,0.024237556
PSOQRNN,GC=F,2026-06-17 06:15:00,0.024063472,0.024270855
PSOQRNN,GC=F,2026-06-17 06:30:00,0.024572909,0.024281694
PSOQRNN,GC=F,2026-06-17 06:45:00,0.024600072,0.024294563
PSOQRNN,GC=F,2026-06-17 07:00:00,0.024164919,0.02431889
PSOQRNN,GC=F,2026-06-17 07:15:00,0.02450089,0.024319708
PSOQRNN,GC=F,2026-06-17 07:30:00,0.024419757,0.024319815
PSOQRNN,GC=F,2026-06-17 07:45:00,0.02423402,0.024336474
PSOQRNN,GC=F,2026-06-17 08:00:00,0.024305385,0.02434558
PSOQRNN,GC=F,2026-06-17 08:15:00,0.024505893,0.024345772
PSOQRNN,GC=F,2026-06-17 08:30:00,0.02423265,0.02436684
PSOQRNN,GC=F,2026-06-17 08:45:00,0.024746073,0.024389664
PSOQRNN,GC=F,2026-06-17 09:00:00,0.02452299,0.02438948
PSOQRNN,GC=F,2026-06-17 09:15:00,0.024839416,0.024426663
PSOQRNN,GC=F,2026-06-17 09:30:00,0.024369182,0.02443931
PSOQRNN,GC=F,2026-06-17 09:45:00,0.024616454,0.024439912
PSOQRNN,GC=F,2026-06-17 10:00:00,0.024600727,0.02444004
PSOQRNN,GC=F,2026-06-17 10:15:00,0.024453472,0.024444802
PSOQRNN,GC=F,2026-06-17 10:30:00,0.024665598,0.024447579
PSOQRNN,GC=F,2026-06-17 10:45:00,0.024575649,0.024447365
PSOQRNN,GC=F,2026-06-17 11:00:00,0.024417255,0.024456546
PSOQRNN,GC=F,2026-06-17 11:15:00,0.024530139,0.024457503
PSOQRNN,GC=F,2026-06-17 11:30:00,0.02441106,0.024468627
PSOQRNN,GC=F,2026-06-17 11:45:00,0.024433041,0.024478337
PSOQRNN,GC=F,2026-06-17 12:00:00,0.024584763,0.024478337
PSOQRNN,GC=F,2026-06-17 12:15:00,0.024650289,0.024478821
PSOQRNN,GC=F,2026-06-17 12:30:00,0.02498357,0.024529668
PSOQRNN,GC=F,2026-06-17 12:45:00,0.0247562,0.024532752
PSOQRNN,GC=F,2026-06-17 13:00:00,0.024535917,0.015808282
PSOQRNN,GC=F,2026-06-17 13:15:00,0.01569625,0.015528465
PSOQRNN,GC=F,2026-06-17 13:30:00,0.015514082,0.015576941
PSOQRNN,GC=F,2026-06-17 13:45:00,0.015118877,0.015581133
PSOQRNN,GC=F,2026-06-17 14:00:00,0.015374581,0.015579565
PSOQRNN,GC=F,2026-06-17 14:15:00,0.016278856,0.016091958
PSOQRNN,GC=F,2026-06-17 14:30:00,0.01527733,0.01620313
PSOQRNN,GC=F,2026-06-17 14:45:00,0.01542857,0.016196692
PSOQRNN,GC=F,2026-06-17 15:00:00,0.016115284,0.016169207
PSOQRNN,GC=F,2026-06-17 15:15:00,0.016292322,0.016248727
PSOQRNN,GC=F,2026-06-17 15:30:00,0.01611844,0.016244106
PSOQRNN,GC=F,2026-06-17 15:45:00,0.016266879,0.016238878
PSOQRNN,GC=F,2026-06-17 16:00:00,0.015865127,0.016211148
PSOQRNN,GC=F,2026-06-17 16:15:00,0.016076967,0.01614224
PSOQRNN,GC=F,2026-06-17 16:30:00,0.015392459,0.015905434
PSOQRNN,GC=F,2026-06-17 16:45:00,0.015682902,0.015904628
PSOQRNN,GC=F,2026-06-17 17:00:00,0.015551446,0.015738588
PSOQRNN,GC=F,2026-06-17 17:15:00,0.015517419,0.015740424
PSOQRNN,GC=F,2026-06-17 17:30:00,0.016278021,0.016095523
PSOQRNN,GC=F,2026-06-17 17:45:00,0.016038176,0.016123032
PSOQRNN,GC=F,2026-06-17 18:00:00,0.010002876,0.027888207
PSOQRNN,GC=F,2026-06-17 18:15:00,0.028445615,0.027972365
PSOQRNN,GC=F,2026-06-17 18:30:00,0.029649625,0.028853672
PSOQRNN,GC=F,2026-06-17 18:45:00,0.02689714,0.030171933
PSOQRNN,GC=F,2026-06-17 19:00:00,0.028987212,0.030604357
PSOQRNN,GC=F,2026-06-17 19:15:00,0.02861374,0.031815205
PSOQRNN,GC=F,2026-06-17 19:30:00,0.03185827,0.03182743
PSOQRNN,GC=F,2026-06-17 19:45:00,0.031957053,0.03185249
PSOQRNN,GC=F,2026-06-17 20:00:00,0.032833215,0.03226796
PSOQRNN,GC=F,2026-06-17 20:15:00,0.03217939,0.032269713
PSOQRNN,GC=F,2026-06-17 20:30:00,0.0322066,0.03204404
PSOQRNN,GC=F,2026-06-17 20:45:00,0.031731617,0.03204731
PSOQRNN,GC=F,2026-06-17 21:00:00,0.031898342,0.032045774
PSOQRNN,GC=F,2026-06-17 21:15:00,0.031896852,0.03203251
PSOQRNN,GC=F,2026-06-17 21:30:00,0.03188453,0.032029167
PSOQRNN,GC=F,2026-06-17 21:45:00,0.031881433,0.032026134
PSOQRNN,GC=F,2026-06-17 22:00:00,0.03231324,0.032065533
PSOQRNN,GC=F,2026-06-17 22:15:00,0.031976406,0.032056965
PSOQRNN,GC=F,2026-06-17 22:30:00,0.03173882,0.032065026
PSOQRNN,GC=F,2026-06-17 22:45:00,0.032073043,0.03203572
PSOQRNN,GC=F,2026-06-17 23:00:00,0.032682754,0.032223653
PSOQRNN,GC=F,2026-06-17 23:15:00,0.031939965,0.032227714
PSOQRNN,GC=F,2026-06-17 23:30:00,0.03188274,0.03209559
PSOQRNN,GC=F,2026-06-17 23:45:00,0.03203476,0.032065988
PSOQRNN,GC=F,2026-06-18 00:00:00,0.032926634,0.032375436
PSOQRNN,GC=F,2026-06-18 00:15:00,0.032343667,0.032381933
PSOQRNN,GC=F,2026-06-18 00:30:00,0.03273771,0.032464456
PSOQRNN,GC=F,2026-06-18 00:45:00,0.032163966,0.032466345
PSOQRNN,GC=F,2026-06-18 01:00:00,0.033035174,0.0326489
PSOQRNN,GC=F,2026-06-18 01:15:00,0.032269653,0.03265932
PSOQRNN,GC=F,2026-06-18 01:30:00,0.03262976,0.0326686
PSOQRNN,GC=F,2026-06-18 01:45:00,0.03223286,0.03268675
PSOQRNN,GC=F,2026-06-18 02:00:00,0.032970335,0.0327627
PSOQRNN,GC=F,2026-06-18 02:15:00,0.03242,0.032762595
PSOQRNN,GC=F,2026-06-18 02:30:00,0.03216468,0.032809004
PSOQRNN,GC=F,2026-06-18 02:45:00,0.032322112,0.032825913
PSOQRNN,GC=F,2026-06-18 03:00:00,0.03263304,0.032811124
PSOQRNN,GC=F,2026-06-18 03:15:00,0.03275474,0.032788977
PSOQRNN,GC=F,2026-06-18 03:30:00,0.032819342,0.032750964
PSOQRNN,GC=F,2026-06-18 03:45:00,0.032579094,0.032737732
PSOQRNN,GC=F,2026-06-18 04:00:00,0.0324668,0.03273871
PSOQRNN,GC=F,2026-06-18 04:15:00,0.032312345,0.03274094
PSOQRNN,GC=F,2026-06-18 04:30:00,0.032354385,0.032669526
PSOQRNN,GC=F,2026-06-18 04:45:00,0.032774925,0.032652114
PSOQRNN,GC=F,2026-06-18 05:00:00,0.03243786,0.03264762
PSOQRNN,GC=F,2026-06-18 05:15:00,0.032839466,0.03266253
PSOQRNN,GC=F,2026-06-18 05:30:00,0.031826414,0.032757733
PSOQRNN,GC=F,2026-06-18 05:45:00,0.03242994,0.032762047
PSOQRNN,GC=F,2026-06-18 06:00:00,0.032127585,0.03279656
PSOQRNN,GC=F,2026-06-18 06:15:00,0.0328924,0.03282038
PSOQRNN,GC=F,2026-06-18 06:30:00,0.032432325,0.03281744
PSOQRNN,GC=F,2026-06-18 06:45:00,0.032851256,0.032835823
PSOQRNN,GC=F,2026-06-18 07:00:00,0.032647207,0.03282203
PSOQRNN,GC=F,2026-06-18 07:15:00,0.032644648,0.032762725
PSOQRNN,GC=F,2026-06-18 07:30:00,0.032042675,0.032813754
PSOQRNN,GC=F,2026-06-18 07:45:00,0.0321592,0.03286899
PSOQRNN,GC=F,2026-06-18 08:00:00,0.032572187,0.032850772
PSOQRNN,GC=F,2026-06-18 08:15:00,0.032509908,0.032842617
PSOQRNN,GC=F,2026-06-18 08:30:00,0.032462034,0.032802936
PSOQRNN,GC=F,2026-06-18 08:45:00,0.031849217,0.032972928
PSOQRNN,GC=F,2026-06-18 09:00:00,0.032773554,0.032973107
PSOQRNN,GC=F,2026-06-18 09:15:00,0.032708,0.03297177
PSOQRNN,GC=F,2026-06-18 09:30:00,0.032868464,0.032977078
PSOQRNN,GC=F,2026-06-18 09:45:00,0.032757062,0.032975204
PSOQRNN,GC=F,2026-06-18 10:00:00,0.03273009,0.032968674
PSOQRNN,GC=F,2026-06-18 10:15:00,0.032809995,0.03296961
PSOQRNN,GC=F,2026-06-18 10:30:00,0.032467157,0.03299101
PSOQRNN,GC=F,2026-06-18 10:45:00,0.03231955,0.03305093
PSOQRNN,GC=F,2026-06-18 11:00:00,0.032429703,0.033083737
PSOQRNN,GC=F,2026-06-18 11:15:00,0.03295146,0.033080366
PSOQRNN,GC=F,2026-06-18 11:30:00,0.03257808,0.033096306
PSOQRNN,GC=F,2026-06-18 11:45:00,0.032765042,0.03309869
PSOQRNN,GC=F,2026-06-18 12:00:00,0.033614125,0.033283763
PSOQRNN,GC=F,2026-06-18 12:15:00,0.032967776,0.033284847
PSOQRNN,GC=F,2026-06-18 12:30:00,0.03242774,0.03340104
PSOQRNN,GC=F,2026-06-18 12:45:00,0.033312865,0.033411536
PSOQRNN,GC=F,2026-06-18 13:00:00,0.033816908,0.03355736
PSOQRNN,GC=F,2026-06-18 13:15:00,0.033485048,0.03357101
PSOQRNN,GC=F,2026-06-18 13:30:00,0.03337669,0.033564135
PSOQRNN,GC=F,2026-06-18 13:45:00,0.032887693,0.033614863
PSOQRNN,GC=F,2026-06-18 14:00:00,0.032570638,0.033797465
PSOQRNN,GC=F,2026-06-18 14:15:00,0.03367414,0.033804554
PSOQRNN,GC=F,2026-06-18 14:30:00,0.033529405,0.03379772
PSOQRNN,GC=F,2026-06-18 14:45:00,0.033905677,0.0338502
PSOQRNN,GC=F,2026-06-18 15:00:00,0.033284582,0.033868384
PSOQRNN,GC=F,2026-06-18 15:15:00,0.032998677,0.03394708
PSOQRNN,GC=F,2026-06-18 15:30:00,0.033422355,0.033954896
PSOQRNN,GC=F,2026-06-18 15:45:00,0.033398896,0.03391091
PSOQRNN,GC=F,2026-06-18 16:00:00,0.033666756,0.03391252
PSOQRNN,GC=F,2026-06-18 16:15:00,0.033481356,0.03391656
PSOQRNN,GC=F,2026-06-18 16:30:00,0.03347987,0.033908326
PSOQRNN,GC=F,2026-06-18 16:45:00,0.03347731,0.033911027
PSOQRNN,GC=F,2026-06-18 17:00:00,0.03404606,0.033968084
PSOQRNN,GC=F,2026-06-18 17:15:00,0.03356227,0.033959236
PSOQRNN,GC=F,2026-06-18 17:30:00,0.033862036,0.033975333
PSOQRNN,GC=F,2026-06-18 17:45:00,0.033674795,0.03393639
PSOQRNN,GC=F,2026-06-18 18:00:00,0.033523332,0.03393903
PSOQRNN,GC=F,2026-06-18 18:15:00,0.03353083,0.033934902
PSOQRNN,GC=F,2026-06-18 18:30:00,0.03356233,0.033838958
PSOQRNN,GC=F,2026-06-18 18:45:00,0.03323701,0.033864506
PSOQRNN,GC=F,2026-06-18 19:00:00,0.033011597,0.033949286
PSOQRNN,GC=F,2026-06-18 19:15:00,0.03351422,0.033943377
PSOQRNN,GC=F,2026-06-18 19:30:00,0.034112267,0.03402165
PSOQRNN,GC=F,2026-06-18 19:45:00,0.033853464,0.034030166
PSOQRNN,GC=F,2026-06-18 20:00:00,0.033704504,0.034015417
PSOQRNN,GC=F,2026-06-18 20:15:00,0.03379726,0.03401715
PSOQRNN,GC=F,2026-06-18 20:30:00,0.033419617,0.033977132
PSOQRNN,GC=F,2026-06-18 20:45:00,0.033463795,0.033986803
PSOQRNN,GC=F,2026-06-18 21:00:00,0.03368027,0.03397916
PSOQRNN,GC=F,2026-06-18 21:15:00,0.033673305,0.0339772
PSOQRNN,GC=F,2026-06-18 21:30:00,0.03367146,0.03397734
PSOQRNN,GC=F,2026-06-18 21:45:00,0.03367164,0.033927817
PSOQRNN,GC=F,2026-06-18 22:00:00,0.0335606,0.033923533
PSOQRNN,GC=F,2026-06-18 22:15:00,0.033419617,0.033923548
PSOQRNN,GC=F,2026-06-18 22:30:00,0.033673484,0.033924505
PSOQRNN,GC=F,2026-06-18 22:45:00,0.033740345,0.033873007
PSOQRNN,GC=F,2026-06-18 23:00:00,0.032997426,0.03396233
PSOQRNN,GC=F,2026-06-18 23:15:00,0.03370379,0.033951726
PSOQRNN,GC=F,2026-06-18 23:30:00,0.033521246,0.0339477
PSOQRNN,GC=F,2026-06-18 23:45:00,0.03333418,0.033961922
PSOQRNN,GC=F,2026-06-19 00:00:00,0.033514936,0.033965815
PSOQRNN,GC=F,2026-06-19 00:15:00,0.033620376,0.0339384
PSOQRNN,GC=F,2026-06-19 00:30:00,0.033824887,0.03394936
PSOQRNN,GC=F,2026-06-19 00:45:00,0.033753145,0.033942852
PSOQRNN,GC=F,2026-06-19 01:00:00,0.033411045,0.033954147
PSOQRNN,GC=F,2026-06-19 01:15:00,0.03387984,0.033975676
PSOQRNN,GC=F,2026-06-19 01:30:00,0.033405267,0.03398634
PSOQRNN,GC=F,2026-06-19 01:45:00,0.03361865,0.033980176
PSOQRNN,GC=F,2026-06-19 02:00:00,0.033398718,0.033966072
PSOQRNN,GC=F,2026-06-19 02:15:00,0.033656217,0.03396525
PSOQRNN,GC=F,2026-06-19 02:30:00,0.033675984,0.03395934
PSOQRNN,GC=F,2026-06-19 02:45:00,0.033476476,0.033961397
PSOQRNN,GC=F,2026-06-19 03:00:00,0.03313544,0.034020495
PSOQRNN,GC=F,2026-06-19 03:15:00,0.033782497,0.034024246
PSOQRNN,GC=F,2026-06-19 03:30:00,0.033458255,0.034001146
PSOQRNN,GC=F,2026-06-19 03:45:00,0.033046786,0.034093615
PSOQRNN,GC=F,2026-06-21 22:00:00,0.033808157,0.034012083
PSOQRNN,GC=F,2026-06-21 22:15:00,0.033718612,0.033966757
PSOQRNN,GC=F,2026-06-21 22:30:00,0.033893295,0.0339745
PSOQRNN,GC=F,2026-06-21 22:45:00,0.03366396,0.0339424
PSOQRNN,GC=F,2026-06-21 23:00:00,0.033747725,0.033932313
PSOQRNN,GC=F,2026-06-21 23:15:00,0.033522855,0.03374766
PSOQRNN,GC=F,2026-06-21 23:30:00,0.032911092,0.03381133
PSOQRNN,GC=F,2026-06-21 23:45:00,0.033257373,0.033827744
PSOQRNN,GC=F,2026-06-22 00:00:00,0.034596995,0.03420979
PSOQRNN,GC=F,2026-06-22 00:15:00,0.03424074,0.034254797
PSOQRNN,GC=F,2026-06-22 00:30:00,0.034357253,0.03432294
PSOQRNN,GC=F,2026-06-22 00:45:00,0.03525524,0.034795154
PSOQRNN,GC=F,2026-06-22 01:00:00,0.034985684,0.03480907
PSOQRNN,GC=F,2026-06-22 01:15:00,0.034198593,0.03482152
PSOQRNN,GC=F,2026-06-22 01:30:00,0.03408387,0.034854986
PSOQRNN,GC=F,2026-06-22 01:45:00,0.033967476,0.034920283
PSOQRNN,GC=F,2026-06-22 02:00:00,0.03418698,0.034934685
PSOQRNN,GC=F,2026-06-22 02:15:00,0.03478506,0.034959283
PSOQRNN,GC=F,2026-06-22 02:30:00,0.034711238,0.034954347
PSOQRNN,GC=F,2026-06-22 02:45:00,0.03437416,0.034957867
PSOQRNN,GC=F,2026-06-22 03:00:00,0.03406928,0.03502057
PSOQRNN,GC=F,2026-06-22 03:15:00,0.03469088,0.035024185
PSOQRNN,GC=F,2026-06-22 03:30:00,0.034396186,0.035031557
PSOQRNN,GC=F,2026-06-22 03:45:00,0.034448102,0.035037752
PSOQRNN,GC=F,2026-06-22 04:00:00,0.034837864,0.035055183
PSOQRNN,GC=F,2026-06-22 04:15:00,0.03467147,0.035055216
PSOQRNN,GC=F,2026-06-22 04:30:00,0.03465635,0.035055738
PSOQRNN,GC=F,2026-06-22 04:45:00,0.034899183,0.035070986
PSOQRNN,GC=F,2026-06-22 05:00:00,0.034857035,0.035083532
PSOQRNN,GC=F,2026-06-22 05:15:00,0.035099685,0.03514564
PSOQRNN,GC=F,2026-06-22 05:30:00,0.034662183,0.035144813
PSOQRNN,GC=F,2026-06-22 05:45:00,0.03476702,0.035144366
PSOQRNN,GC=F,2026-06-22 06:00:00,0.034751423,0.03514502
PSOQRNN,GC=F,2026-06-22 06:15:00,0.03488275,0.035155512
PSOQRNN,GC=F,2026-06-22 06:30:00,0.035017412,0.035185482
PSOQRNN,GC=F,2026-06-22 06:45:00,0.034507576,0.03520196
PSOQRNN,GC=F,2026-06-22 07:00:00,0.034868464,0.03520614
PSOQRNN,GC=F,2026-06-22 07:15:00,0.034701653,0.035205003
PSOQRNN,GC=F,2026-06-22 07:30:00,0.034625214,0.035201218
PSOQRNN,GC=F,2026-06-22 07:45:00,0.034576576,0.03520398
PSOQRNN,GC=F,2026-06-22 08:00:00,0.034754816,0.0352018
PSOQRNN,GC=F,2026-06-22 08:15:00,0.034873463,0.03520628
PSOQRNN,GC=F,2026-06-22 08:30:00,0.03486739,0.035208497
PSOQRNN,GC=F,2026-06-22 08:45:00,0.03498979,0.035220247
PSOQRNN,GC=F,2026-06-22 09:00:00,0.035185527,0.03523842
PSOQRNN,GC=F,2026-06-22 09:15:00,0.034735765,0.03523916
PSOQRNN,GC=F,2026-06-22 09:30:00,0.03495663,0.035247352
PSOQRNN,GC=F,2026-06-22 09:45:00,0.034883883,0.035245545
PSOQRNN,GC=F,2026-06-22 10:00:00,0.03505224,0.03517443
PSOQRNN,GC=F,2026-06-22 10:15:00,0.034613427,0.035169624
PSOQRNN,GC=F,2026-06-22 10:30:00,0.034663968,0.035163265
PSOQRNN,GC=F,2026-06-22 10:45:00,0.034558177,0.03516893
PSOQRNN,GC=F,2026-06-22 11:00:00,0.03492871,0.035178825
PSOQRNN,GC=F,2026-06-22 11:15:00,0.034542106,0.03518809
PSOQRNN,GC=F,2026-06-22 11:30:00,0.034885965,0.03519404
PSOQRNN,GC=F,2026-06-22 11:45:00,0.034816075,0.035158027
PSOQRNN,GC=F,2026-06-22 12:00:00,0.034778807,0.035159197
PSOQRNN,GC=F,2026-06-22 12:15:00,0.03476976,0.035158202
PSOQRNN,GC=F,2026-06-22 12:30:00,0.034493405,0.035169907
PSOQRNN,GC=F,2026-06-22 12:45:00,0.034227703,0.035246912
PSOQRNN,GC=F,2026-06-22 13:00:00,0.034893766,0.03525015
PSOQRNN,GC=F,2026-06-22 13:15:00,0.034429763,0.035269383
PSOQRNN,GC=F,2026-06-22 13:30:00,0.03506474,0.035288975
PSOQRNN,GC=F,2026-06-22 13:45:00,0.035302565,0.035346974
PSOQRNN,GC=F,2026-06-22 14:00:00,0.035178326,0.03536592
PSOQRNN,GC=F,2026-06-22 14:15:00,0.034249675,0.03548342
PSOQRNN,GC=F,2026-06-22 14:30:00,0.035060514,0.035474967
PSOQRNN,GC=F,2026-06-22 14:45:00,0.03530816,0.035499807
PSOQRNN,GC=F,2026-06-22 15:00:00,0.035025034,0.035491977
PSOQRNN,GC=F,2026-06-22 15:15:00,0.03460277,0.035529714
PSOQRNN,GC=F,2026-06-22 15:30:00,0.03464581,0.035567064
PSOQRNN,GC=F,2026-06-22 15:45:00,0.03520059,0.03555684
PSOQRNN,GC=F,2026-06-22 16:00:00,0.034825183,0.035565212
PSOQRNN,GC=F,2026-06-22 16:15:00,0.035379656,0.035591863
PSOQRNN,GC=F,2026-06-22 16:30:00,0.03507224,0.03559188
PSOQRNN,GC=F,2026-06-22 16:45:00,0.035553426,0.035650935
PSOQRNN,GC=F,2026-06-22 17:00:00,0.03500515,0.035655085
PSOQRNN,GC=F,2026-06-22 17:15:00,0.03506373,0.035655964
PSOQRNN,GC=F,2026-06-22 17:30:00,0.03504444,0.03565121
PSOQRNN,GC=F,2026-06-22 17:45:00,0.035260655,0.035631698
PSOQRNN,GC=F,2026-06-22 18:00:00,0.03520809,0.035632532
PSOQRNN,GC=F,2026-06-22 18:15:00,0.035349,0.035611723
PSOQRNN,GC=F,2026-06-22 18:30:00,0.035260238,0.03561391
PSOQRNN,GC=F,2026-06-22 18:45:00,0.035187196,0.035612755
PSOQRNN,GC=F,2026-06-22 19:00:00,0.035166062,0.035611633
PSOQRNN,GC=F,2026-06-22 19:15:00,0.034959845,0.035618544
PSOQRNN,GC=F,2026-06-22 19:30:00,0.035011042,0.03561707
PSOQRNN,GC=F,2026-06-22 19:45:00,0.03547038,0.035655014
PSOQRNN,GC=F,2026-06-22 20:00:00,0.03516892,0.035652317
PSOQRNN,GC=F,2026-06-22 20:15:00,0.035156477,0.035652317
PSOQRNN,GC=F,2026-06-22 20:30:00,0.035301436,0.03565547
PSOQRNN,GC=F,2026-06-22 20:45:00,0.033275295,0.03677204
PSOQRNN,GC=F,2026-06-22 21:00:00,0.036175847,0.03677204
PSOQRNN,GC=F,2026-06-22 21:15:00,0.036175847,0.036769778
PSOQRNN,GC=F,2026-06-22 21:30:00,0.036173884,0.036723748
PSOQRNN,GC=F,2026-06-22 21:45:00,0.036133286,0.036717914
PSOQRNN,GC=F,2026-06-22 22:00:00,0.03799605,0.03782773
PSOQRNN,GC=F,2026-06-22 22:15:00,0.03713199,0.037814658
PSOQRNN,GC=F,2026-06-22 22:30:00,0.036944732,0.037788477
PSOQRNN,GC=F,2026-06-22 22:45:00,0.03705372,0.037788015
PSOQRNN,GC=F,2026-06-22 23:00:00,0.0371364,0.0377833
PSOQRNN,GC=F,2026-06-22 23:15:00,0.037063837,0.037544087
PSOQRNN,GC=F,2026-06-22 23:30:00,0.037060387,0.037520118
PSOQRNN,GC=F,2026-06-22 23:45:00,0.036446635,0.037523214
PSOQRNN,GC=F,2026-06-23 00:00:00,0.036399607,0.037560787
PSOQRNN,GC=F,2026-06-23 00:15:00,0.037075564,0.037534013
PSOQRNN,GC=F,2026-06-23 00:30:00,0.037287403,0.03759559
PSOQRNN,GC=F,2026-06-23 00:45:00,0.03694384,0.03757071
PSOQRNN,GC=F,2026-06-23 01:00:00,0.036471277,0.03761427
PSOQRNN,GC=F,2026-06-23 01:15:00,0.03658735,0.03763199
PSOQRNN,GC=F,2026-06-23 01:30:00,0.035756,0.038009744
PSOQRNN,GC=F,2026-06-23 01:45:00,0.037630185,0.038056646
PSOQRNN,GC=F,2026-06-23 02:00:00,0.03693396,0.038090434
PSOQRNN,GC=F,2026-06-23 02:15:00,0.037739284,0.038146567
PSOQRNN,GC=F,2026-06-23 02:30:00,0.037051935,0.038000662
PSOQRNN,GC=F,2026-06-23 02:45:00,0.03683527,0.038025144
PSOQRNN,GC=F,2026-06-23 03:00:00,0.037067886,0.030596735
PSOQRNN,GC=F,2026-06-23 03:15:00,0.030440044,0.030511668
PSOQRNN,GC=F,2026-06-23 03:30:00,0.030332914,0.02964783
PSOQRNN,GC=F,2026-06-23 03:45:00,0.02995566,0.028388826
PSOQRNN,GC=F,2026-06-23 04:00:00,0.028359435,0.027933704
PSOQRNN,GC=F,2026-06-23 04:15:00,0.027825622,0.026559278
PSOQRNN,GC=F,2026-06-23 04:30:00,0.026559006,0.026546357
PSOQRNN,GC=F,2026-06-23 04:45:00,0.025500191,0.026952645
PSOQRNN,GC=F,2026-06-23 05:00:00,0.027703883,0.026614467
PSOQRNN,GC=F,2026-06-23 05:15:00,0.02645644,0.026627604
PSOQRNN,GC=F,2026-06-23 05:30:00,0.026866406,0.026631672
PSOQRNN,GC=F,2026-06-23 05:45:00,0.026350178,0.026666248
PSOQRNN,GC=F,2026-06-23 06:00:00,0.0268374,0.02667006
PSOQRNN,GC=F,2026-06-23 06:15:00,0.02640998,0.026706133
PSOQRNN,GC=F,2026-06-23 06:30:00,0.026663657,0.026709486
PSOQRNN,GC=F,2026-06-23 06:45:00,0.026846275,0.026711192
PSOQRNN,GC=F,2026-06-23 07:00:00,0.026864799,0.026629359
PSOQRNN,GC=F,2026-06-23 07:15:00,0.026874209,0.026637929
PSOQRNN,GC=F,2026-06-23 07:30:00,0.025939962,0.026831765
PSOQRNN,GC=F,2026-06-23 07:45:00,0.026579019,0.02685007
PSOQRNN,GC=F,2026-06-23 08:00:00,0.02668647,0.026595114
PSOQRNN,GC=F,2026-06-23 08:15:00,0.026937226,0.026621684
PSOQRNN,GC=F,2026-06-23 08:30:00,0.027356593,0.02677453
PSOQRNN,GC=F,2026-06-23 08:45:00,0.026601654,0.026786078
PSOQRNN,GC=F,2026-06-23 09:00:00,0.027241224,0.02641213
PSOQRNN,GC=F,2026-06-23 09:15:00,0.026570978,0.026402898
PSOQRNN,GC=F,2026-06-23 09:30:00,0.026753,0.026304191
PSOQRNN,GC=F,2026-06-23 09:45:00,0.026706304,0.026343616
PSOQRNN,GC=F,2026-06-23 10:00:00,0.026862357,0.026169876
PSOQRNN,GC=F,2026-06-23 10:15:00,0.02629818,0.026163004
PSOQRNN,GC=F,2026-06-23 10:30:00,0.026049858,0.026156256
PSOQRNN,GC=F,2026-06-23 10:45:00,0.025885401,0.026178053
PSOQRNN,GC=F,2026-06-23 11:00:00,0.026795646,0.026178999
PSOQRNN,GC=F,2026-06-23 11:15:00,0.026166722,0.026176669
PSOQRNN,GC=F,2026-06-23 11:30:00,0.025939425,0.026155993
PSOQRNN,GC=F,2026-06-23 11:45:00,0.026380198,0.02614213
PSOQRNN,GC=F,2026-06-23 12:00:00,0.025718976,0.026222818
PSOQRNN,GC=F,2026-06-23 12:15:00,0.02633928,0.026209245
PSOQRNN,GC=F,2026-06-23 12:30:00,0.026500575,0.026197797
PSOQRNN,GC=F,2026-06-23 12:45:00,0.0260442,0.026211018
PSOQRNN,GC=F,2026-06-23 13:00:00,0.026327664,0.026212092
PSOQRNN,GC=F,2026-06-23 13:15:00,0.026430054,0.026207773
PSOQRNN,GC=F,2026-06-23 13:30:00,0.02690399,0.02634261
PSOQRNN,GC=F,2026-06-23 13:45:00,0.027006673,0.02642557
PSOQRNN,GC=F,2026-06-23 14:00:00,0.026600521,0.026430346
PSOQRNN,GC=F,2026-06-23 14:15:00,0.026224976,0.026382232
PSOQRNN,GC=F,2026-06-23 14:30:00,0.026120858,0.026270775
PSOQRNN,GC=F,2026-06-23 14:45:00,0.02658301,0.02629033
PSOQRNN,GC=F,2026-06-23 15:00:00,0.026276797,0.026228653
PSOQRNN,GC=F,2026-06-23 15:15:00,0.026288828,0.026182353
PSOQRNN,GC=F,2026-06-23 15:30:00,0.026950328,0.02634881
PSOQRNN,GC=F,2026-06-23 15:45:00,0.02644667,0.026318656
PSOQRNN,GC=F,2026-06-23 16:00:00,0.026226524,0.026325641
PSOQRNN,GC=F,2026-06-23 16:15:00,0.026496585,0.026328228
PSOQRNN,GC=F,2026-06-23 16:30:00,0.02678987,0.026289597
PSOQRNN,GC=F,2026-06-23 16:45:00,0.025873428,0.026301024
PSOQRNN,GC=F,2026-06-23 17:00:00,0.026645968,0.02632749
PSOQRNN,GC=F,2026-06-23 17:15:00,0.02601132,0.026374634
PSOQRNN,GC=F,2026-06-23 17:30:00,0.026528094,0.02636954
PSOQRNN,GC=F,2026-06-23 17:45:00,0.026242845,0.026172595
PSOQRNN,GC=F,2026-06-23 18:00:00,0.02605921,0.026183328
PSOQRNN,GC=F,2026-06-23 18:15:00,0.026109066,0.02619038
PSOQRNN,GC=F,2026-06-23 18:30:00,0.026008938,0.026203342
PSOQRNN,GC=F,2026-06-23 18:45:00,0.026393302,0.026208365
PSOQRNN,GC=F,2026-06-23 19:00:00,0.0265163,0.026228921
PSOQRNN,GC=F,2026-06-23 19:15:00,0.02636215,0.0262271
PSOQRNN,GC=F,2026-06-23 19:30:00,0.026264645,0.026201263
PSOQRNN,GC=F,2026-06-23 19:45:00,0.02578301,0.026212499
PSOQRNN,GC=F,2026-06-23 20:00:00,0.02621068,0.026159264
PSOQRNN,GC=F,2026-06-23 20:15:00,0.026282277,0.026153866
PSOQRNN,GC=F,2026-06-23 20:30:00,0.026248623,0.026129315
PSOQRNN,GC=F,2026-06-23 20:45:00,0.026280846,0.026129354
PSOQRNN,GC=F,2026-06-23 21:00:00,0.026230158,0.025883552
PSOQRNN,GC=F,2026-06-23 21:15:00,0.025986958,0.025883235
PSOQRNN,GC=F,2026-06-23 21:30:00,0.0259866,0.025741104
PSOQRNN,GC=F,2026-06-23 21:45:00,0.025845671,0.025725545
PSOQRNN,GC=F,2026-06-23 22:00:00,0.025932338,0.0255317
PSOQRNN,GC=F,2026-06-23 22:15:00,0.025200216,0.025567988
PSOQRNN,GC=F,2026-06-23 22:30:00,0.025594186,0.025563706
PSOQRNN,GC=F,2026-06-23 22:45:00,0.025641125,0.025503935
PSOQRNN,GC=F,2026-06-23 23:00:00,0.025371052,0.025283989
PSOQRNN,GC=F,2026-06-23 23:15:00,0.02523125,0.025273211
PSOQRNN,GC=F,2026-06-23 23:30:00,0.024773892,0.025389777
PSOQRNN,GC=F,2026-06-23 23:45:00,0.02623963,0.025526747
PSOQRNN,GC=F,2026-06-24 00:00:00,0.02611675,0.025597144
PSOQRNN,GC=F,2026-06-24 00:15:00,0.025276462,0.025525812
PSOQRNN,GC=F,2026-06-24 00:30:00,0.025352707,0.025531845
PSOQRNN,GC=F,2026-06-24 00:45:00,0.025751976,0.02551764
PSOQRNN,GC=F,2026-06-24 01:00:00,0.025195926,0.025571227
PSOQRNN,GC=F,2026-06-24 01:15:00,0.026178874,0.025667265
PSOQRNN,GC=F,2026-06-24 01:30:00,0.025419421,0.025699582
PSOQRNN,GC=F,2026-06-24 01:45:00,0.025616525,0.025703905
PSOQRNN,GC=F,2026-06-24 02:00:00,0.02527247,0.025703764
PSOQRNN,GC=F,2026-06-24 02:15:00,0.025425615,0.02574512
PSOQRNN,GC=F,2026-06-24 02:30:00,0.024898568,0.026018059
PSOQRNN,GC=F,2026-06-24 02:45:00,0.026377697,0.026048465
PSOQRNN,GC=F,2026-06-24 03:00:00,0.02591554,0.026059693
PSOQRNN,GC=F,2026-06-24 03:15:00,0.026126815,0.026057618
PSOQRNN,GC=F,2026-06-24 03:30:00,0.026862476,0.026249781
PSOQRNN,GC=F,2026-06-24 03:45:00,0.026006972,0.026251338
PSOQRNN,GC=F,2026-06-24 04:00:00,0.026093697,0.026153492
PSOQRNN,GC=F,2026-06-24 04:15:00,0.026539588,0.02618508
PSOQRNN,GC=F,2026-06-24 04:30:00,0.026307948,0.026081046
PSOQRNN,GC=F,2026-06-24 04:45:00,0.026170952,0.026068622
PSOQRNN,GC=F,2026-06-24 05:00:00,0.026387168,0.026090885
PSOQRNN,GC=F,2026-06-24 05:15:00,0.026517313,0.02613012
PSOQRNN,GC=F,2026-06-24 05:30:00,0.026498491,0.026133714
PSOQRNN,GC=F,2026-06-24 05:45:00,0.026137656,0.026121752
PSOQRNN,GC=F,2026-06-24 06:00:00,0.027381547,0.026612667
PSOQRNN,GC=F,2026-06-24 06:15:00,0.026209967,0.026689988
PSOQRNN,GC=F,2026-06-24 06:30:00,0.027030557,0.026716238
PSOQRNN,GC=F,2026-06-24 06:45:00,0.026514871,0.026740823
PSOQRNN,GC=F,2026-06-24 07:00:00,0.02678707,0.026740266
PSOQRNN,GC=F,2026-06-24 07:15:00,0.02673001,0.02672929
PSOQRNN,GC=F,2026-06-24 07:30:00,0.026730606,0.026728308
PSOQRNN,GC=F,2026-06-24 07:45:00,0.026356433,0.026786195
PSOQRNN,GC=F,2026-06-24 08:00:00,0.026848478,0.026661122
PSOQRNN,GC=F,2026-06-24 08:15:00,0.027133182,0.02671679
PSOQRNN,GC=F,2026-06-24 08:30:00,0.026938654,0.02672092
PSOQRNN,GC=F,2026-06-24 08:45:00,0.026433984,0.026730979
PSOQRNN,GC=F,2026-06-24 09:00:00,0.026822628,0.026725367
PSOQRNN,GC=F,2026-06-24 09:15:00,0.02642648,0.026771994
PSOQRNN,GC=F,2026-06-24 09:30:00,0.026823224,0.026753493
PSOQRNN,GC=F,2026-06-24 09:45:00,0.026623571,0.026759382
PSOQRNN,GC=F,2026-06-24 10:00:00,0.026646266,0.026753375
PSOQRNN,GC=F,2026-06-24 10:15:00,0.026782187,0.026726993
PSOQRNN,GC=F,2026-06-24 10:30:00,0.027079815,0.026733035
PSOQRNN,GC=F,2026-06-24 10:45:00,0.026290914,0.026822107
PSOQRNN,GC=F,2026-06-24 11:00:00,0.026366202,0.026890365
PSOQRNN,GC=F,2026-06-24 11:15:00,0.026859498,0.026892921
PSOQRNN,GC=F,2026-06-24 11:30:00,0.027083864,0.026898319
PSOQRNN,GC=F,2026-06-24 11:45:00,0.027032284,0.026891015
PSOQRNN,GC=F,2026-06-24 12:00:00,0.02647282,0.026871158
PSOQRNN,GC=F,2026-06-24 12:15:00,0.025674302,0.027414905
PSOQRNN,GC=F,2026-06-24 12:30:00,0.027360404,0.027398065
PSOQRNN,GC=F,2026-06-24 12:45:00,0.02601686,0.027949328
PSOQRNN,GC=F,2026-06-24 13:00:00,0.027079219,0.028222065
PSOQRNN,GC=F,2026-06-24 13:15:00,0.02848635,0.028242586
PSOQRNN,GC=F,2026-06-24 13:30:00,0.030607078,0.030026553
PSOQRNN,GC=F,2026-06-24 13:45:00,0.03126353,0.03057405
PSOQRNN,GC=F,2026-06-24 14:00:00,0.029532067,0.030874414
PSOQRNN,GC=F,2026-06-24 14:15:00,0.031033203,0.030894486
PSOQRNN,GC=F,2026-06-24 14:30:00,0.030388413,0.030851962
PSOQRNN,GC=F,2026-06-24 14:45:00,0.030330949,0.030891592
PSOQRNN,GC=F,2026-06-24 15:00:00,0.030499652,0.030498257
PSOQRNN,GC=F,2026-06-24 15:15:00,0.03115057,0.03062266
PSOQRNN,GC=F,2026-06-24 15:30:00,0.030075239,0.03061359
PSOQRNN,GC=F,2026-06-24 15:45:00,0.030364057,0.030003885
PSOQRNN,GC=F,2026-06-24 16:00:00,0.030003183,0.029864956
PSOQRNN,GC=F,2026-06-24 16:15:00,0.030616784,0.030071259
PSOQRNN,GC=F,2026-06-24 16:30:00,0.029789988,0.030050227
PSOQRNN,GC=F,2026-06-24 16:45:00,0.029708581,0.029996935
PSOQRNN,GC=F,2026-06-24 17:00:00,0.029952148,0.029963378
PSOQRNN,GC=F,2026-06-24 17:15:00,0.029073983,0.03016268
PSOQRNN,GC=F,2026-06-24 17:30:00,0.029797016,0.030177033
PSOQRNN,GC=F,2026-06-24 17:45:00,0.02949729,0.030291123
PSOQRNN,GC=F,2026-06-24 18:00:00,0.031134374,0.030500848
PSOQRNN,GC=F,2026-06-24 18:15:00,0.030545386,0.030502118
PSOQRNN,GC=F,2026-06-24 18:30:00,0.030091317,0.030523889
PSOQRNN,GC=F,2026-06-24 18:45:00,0.03032279,0.0305209
PSOQRNN,GC=F,2026-06-24 19:00:00,0.030225128,0.030512033
PSOQRNN,GC=F,2026-06-24 19:15:00,0.030851107,0.030572437
PSOQRNN,GC=F,2026-06-24 19:30:00,0.030479703,0.030571515
PSOQRNN,GC=F,2026-06-24 19:45:00,0.030789891,0.030573022
PSOQRNN,GC=F,2026-06-24 20:00:00,0.030951684,0.030627154
PSOQRNN,GC=F,2026-06-24 20:15:00,0.030841341,0.030579833
PSOQRNN,GC=F,2026-06-24 20:30:00,0.030448142,0.030580016
PSOQRNN,GC=F,2026-06-24 20:45:00,0.03053681,0.030578593
PSOQRNN,GC=F,2026-06-24 21:00:00,0.030524483,0.03057762
PSOQRNN,GC=F,2026-06-24 21:15:00,0.030523472,0.030564103
PSOQRNN,GC=F,2026-06-24 21:30:00,0.030510787,0.030526623
PSOQRNN,GC=F,2026-06-24 21:45:00,0.030475415,0.030510353
PSOQRNN,GC=F,2026-06-24 22:00:00,0.030515373,0.030507237
PSOQRNN,GC=F,2026-06-24 22:15:00,0.030484764,0.03050833
PSOQRNN,GC=F,2026-06-24 22:30:00,0.030469222,0.030504396
PSOQRNN,GC=F,2026-06-24 22:45:00,0.030116508,0.030523995
PSOQRNN,GC=F,2026-06-24 23:00:00,0.030423071,0.030523924
PSOQRNN,GC=F,2026-06-24 23:15:00,0.030644653,0.030532401
PSOQRNN,GC=F,2026-06-24 23:30:00,0.03136565,0.03080914
PSOQRNN,GC=F,2026-06-24 23:45:00,0.03054342,0.030795781
PSOQRNN,GC=F,2026-06-25 00:00:00,0.030398358,0.03075571
PSOQRNN,GC=F,2026-06-25 00:15:00,0.03019428,0.030823339
PSOQRNN,GC=F,2026-06-25 00:30:00,0.030179631,0.030902984
PSOQRNN,GC=F,2026-06-25 00:45:00,0.031167125,0.030947553
PSOQRNN,GC=F,2026-06-25 01:00:00,0.030573076,0.030939687
PSOQRNN,GC=F,2026-06-25 01:15:00,0.031118535,0.030966822
PSOQRNN,GC=F,2026-06-25 01:30:00,0.030392045,0.031033155
PSOQRNN,GC=F,2026-06-25 01:45:00,0.030658528,0.031045977
PSOQRNN,GC=F,2026-06-25 02:00:00,0.030470591,0.031091899
PSOQRNN,GC=F,2026-06-25 02:15:00,0.03205363,0.03147466
PSOQRNN,GC=F,2026-06-25 02:30:00,0.030935964,0.03151269
PSOQRNN,GC=F,2026-06-25 02:45:00,0.03163742,0.03153649
PSOQRNN,GC=F,2026-06-25 03:00:00,0.03074005,0.0316658
PSOQRNN,GC=F,2026-06-25 03:15:00,0.03184648,0.031704616
PSOQRNN,GC=F,2026-06-25 03:30:00,0.03150261,0.03169106
PSOQRNN,GC=F,2026-06-25 03:45:00,0.032775044,0.032120645
PSOQRNN,GC=F,2026-06-25 04:00:00,0.031606574,0.032148667
PSOQRNN,GC=F,2026-06-25 04:15:00,0.032221366,0.032129865
PSOQRNN,GC=F,2026-06-25 04:30:00,0.03182772,0.03210853
PSOQRNN,GC=F,2026-06-25 04:45:00,0.032200526,0.0320524
PSOQRNN,GC=F,2026-06-25 05:00:00,0.03201213,0.03202572
PSOQRNN,GC=F,2026-06-25 05:15:00,0.031660106,0.03189376
PSOQRNN,GC=F,2026-06-25 05:30:00,0.03117034,0.031988118
PSOQRNN,GC=F,2026-06-25 05:45:00,0.031980157,0.031960797
PSOQRNN,GC=F,2026-06-25 06:00:00,0.031505942,0.031983722
PSOQRNN,GC=F,2026-06-25 06:15:00,0.032041844,0.031949688
PSOQRNN,GC=F,2026-06-25 06:30:00,0.031665225,0.031900574
PSOQRNN,GC=F,2026-06-25 06:45:00,0.03152613,0.03190594
PSOQRNN,GC=F,2026-06-25 07:00:00,0.031909596,0.03189874
PSOQRNN,GC=F,2026-06-25 07:15:00,0.03206185,0.03190191
PSOQRNN,GC=F,2026-06-25 07:30:00,0.031160276,0.032004505
PSOQRNN,GC=F,2026-06-25 07:45:00,0.03260904,0.032132868
PSOQRNN,GC=F,2026-06-25 08:00:00,0.03192853,0.03212661
PSOQRNN,GC=F,2026-06-25 08:15:00,0.03234301,0.032180108
PSOQRNN,GC=F,2026-06-25 08:30:00,0.032342713,0.032219134
PSOQRNN,GC=F,2026-06-25 08:45:00,0.031491593,0.03230455
PSOQRNN,GC=F,2026-06-25 09:00:00,0.03224566,0.032309406
PSOQRNN,GC=F,2026-06-25 09:15:00,0.03229365,0.032303877
PSOQRNN,GC=F,2026-06-25 09:30:00,0.03181498,0.032320686
PSOQRNN,GC=F,2026-06-25 09:45:00,0.032129906,0.032318473
PSOQRNN,GC=F,2026-06-25 10:00:00,0.03192067,0.032328233
PSOQRNN,GC=F,2026-06-25 10:15:00,0.032453045,0.03235835
PSOQRNN,GC=F,2026-06-25 10:30:00,0.03197956,0.032363724
PSOQRNN,GC=F,2026-06-25 10:45:00,0.03212062,0.032317948
PSOQRNN,GC=F,2026-06-25 11:00:00,0.03208924,0.032317743
PSOQRNN,GC=F,2026-06-25 11:15:00,0.031815995,0.03234464
PSOQRNN,GC=F,2026-06-25 11:30:00,0.03258874,0.032404196
PSOQRNN,GC=F,2026-06-25 11:45:00,0.03197831,0.031156328
PSOQRNN,GC=F,2026-06-25 12:00:00,0.031194577,0.031164875
PSOQRNN,GC=F,2026-06-25 12:15:00,0.031180345,0.03117113
PSOQRNN,GC=F,2026-06-25 12:30:00,0.032287754,0.03167269
PSOQRNN,GC=F,2026-06-25 12:45:00,0.03192109,0.031725593
PSOQRNN,GC=F,2026-06-25 13:00:00,0.03261089,0.03076277
PSOQRNN,GC=F,2026-06-25 13:15:00,0.030204166,0.030830745
PSOQRNN,GC=F,2026-06-25 13:30:00,0.030206906,0.03091468
PSOQRNN,GC=F,2026-06-25 13:45:00,0.030279437,0.031004656
PSOQRNN,GC=F,2026-06-25 14:00:00,0.03174448,0.03124249
PSOQRNN,GC=F,2026-06-25 14:15:00,0.031711135,0.031360254
PSOQRNN,GC=F,2026-06-25 14:30:00,0.030881833,0.031376623
PSOQRNN,GC=F,2026-06-25 14:45:00,0.03082556,0.03138561
PSOQRNN,GC=F,2026-06-25 15:00:00,0.03107953,0.031333733
PSOQRNN,GC=F,2026-06-25 15:15:00,0.032245062,0.03166998
PSOQRNN,GC=F,2026-06-25 15:30:00,0.03160717,0.031589247
PSOQRNN,GC=F,2026-06-25 15:45:00,0.032232203,0.03179305
PSOQRNN,GC=F,2026-06-25 16:00:00,0.03140781,0.031756464
PSOQRNN,GC=F,2026-06-25 16:15:00,0.031812005,0.031738114
PSOQRNN,GC=F,2026-06-25 16:30:00,0.031123478,0.03130862
PSOQRNN,GC=F,2026-06-25 16:45:00,0.031035526,0.031256415
PSOQRNN,GC=F,2026-06-25 17:00:00,0.031204818,0.031213349
PSOQRNN,GC=F,2026-06-25 17:15:00,0.03131724,0.031158132
PSOQRNN,GC=F,2026-06-25 17:30:00,0.031134553,0.031125676
PSOQRNN,GC=F,2026-06-25 17:45:00,0.031071315,0.031067066
PSOQRNN,GC=F,2026-06-25 18:00:00,0.030847237,0.031058183
PSOQRNN,GC=F,2026-06-25 18:15:00,0.031630155,0.031207189
PSOQRNN,GC=F,2026-06-25 18:30:00,0.03049453,0.03132182
PSOQRNN,GC=F,2026-06-25 18:45:00,0.031336714,0.03129195
PSOQRNN,GC=F,2026-06-25 19:00:00,0.03147194,0.031320956
PSOQRNN,GC=F,2026-06-25 19:15:00,0.030993069,0.0313283
PSOQRNN,GC=F,2026-06-25 19:30:00,0.0311467,0.031327948
PSOQRNN,GC=F,2026-06-25 19:45:00,0.030781318,0.031011622
PSOQRNN,GC=F,2026-06-25 20:00:00,0.031002894,0.030871624
PSOQRNN,GC=F,2026-06-25 20:15:00,0.03094817,0.030865373
PSOQRNN,GC=F,2026-06-25 20:30:00,0.030564262,0.030871144
PSOQRNN,GC=F,2026-06-25 20:45:00,0.030810734,0.03083395
PSOQRNN,GC=F,2026-06-25 21:00:00,0.030764822,0.030831022
PSOQRNN,GC=F,2026-06-25 21:15:00,0.030762024,0.030797888
PSOQRNN,GC=F,2026-06-25 21:30:00,0.030730939,0.0307941
PSOQRNN,GC=F,2026-06-25 21:45:00,0.030727247,0.030792924
PSOQRNN,GC=F,2026-06-25 22:00:00,0.03053955,0.030799992
PSOQRNN,GC=F,2026-06-25 22:15:00,0.030798765,0.030793382
PSOQRNN,GC=F,2026-06-25 22:30:00,0.03096258,0.030633371
PSOQRNN,GC=F,2026-06-25 22:45:00,0.03044963,0.030604953
PSOQRNN,GC=F,2026-06-25 23:00:00,0.030411877,0.030592732
PSOQRNN,GC=F,2026-06-25 23:15:00,0.030878678,0.030613614
PSOQRNN,GC=F,2026-06-25 23:30:00,0.030233227,0.030512383
PSOQRNN,GC=F,2026-06-25 23:45:00,0.029966023,0.03056977
PSOQRNN,GC=F,2026-06-26 00:00:00,0.030764166,0.0305481
PSOQRNN,GC=F,2026-06-26 00:15:00,0.030258654,0.030561417
PSOQRNN,GC=F,2026-06-26 00:30:00,0.030723257,0.030556915
PSOQRNN,GC=F,2026-06-26 00:45:00,0.030548006,0.030525908
PSOQRNN,GC=F,2026-06-26 01:00:00,0.030458147,0.030465508
PSOQRNN,GC=F,2026-06-26 01:15:00,0.030594155,0.030478047
PSOQRNN,GC=F,2026-06-26 01:30:00,0.030302841,0.030470781
PSOQRNN,GC=F,2026-06-26 01:45:00,0.030433672,0.03043452
PSOQRNN,GC=F,2026-06-26 02:00:00,0.030090544,0.030370235
PSOQRNN,GC=F,2026-06-26 02:15:00,0.029907484,0.030419871
PSOQRNN,GC=F,2026-06-26 02:30:00,0.029543502,0.030606313
PSOQRNN,GC=F,2026-06-26 02:45:00,0.030445224,0.030601034
PSOQRNN,GC=F,2026-06-26 03:00:00,0.030916966,0.030579815
PSOQRNN,GC=F,2026-06-26 03:15:00,0.03039806,0.0305826
PSOQRNN,GC=F,2026-06-26 03:30:00,0.030810615,0.030599738
PSOQRNN,GC=F,2026-06-26 03:45:00,0.030715873,0.030597055
PSOQRNN,GC=F,2026-06-26 04:00:00,0.030807102,0.030624317
PSOQRNN,GC=F,2026-06-26 04:15:00,0.030517755,0.030618306
PSOQRNN,GC=F,2026-06-26 04:30:00,0.03059493,0.030502127
PSOQRNN,GC=F,2026-06-26 04:45:00,0.030656861,0.030412512
PSOQRNN,GC=F,2026-06-26 05:00:00,0.030572241,0.030426927
PSOQRNN,GC=F,2026-06-26 05:15:00,0.030469699,0.030408293
PSOQRNN,GC=F,2026-06-26 05:30:00,0.030054396,0.030401433
PSOQRNN,GC=F,2026-06-26 05:45:00,0.03017469,0.03039185
PSOQRNN,GC=F,2026-06-26 06:00:00,0.030447725,0.030395016
PSOQRNN,GC=F,2026-06-26 06:15:00,0.031157658,0.030623347
PSOQRNN,GC=F,2026-06-26 06:30:00,0.030638043,0.030481279
PSOQRNN,GC=F,2026-06-26 06:45:00,0.030779174,0.030526835
PSOQRNN,GC=F,2026-06-26 07:00:00,0.030272292,0.03052924
PSOQRNN,GC=F,2026-06-26 07:15:00,0.031038146,0.030639058
PSOQRNN,GC=F,2026-06-26 07:30:00,0.030181179,0.0306407
PSOQRNN,GC=F,2026-06-26 07:45:00,0.03058302,0.030568039
PSOQRNN,GC=F,2026-06-26 08:00:00,0.030514479,0.030545939
PSOQRNN,GC=F,2026-06-26 08:15:00,0.030735167,0.03052271
PSOQRNN,GC=F,2026-06-26 08:30:00,0.030460706,0.030520864
PSOQRNN,GC=F,2026-06-26 08:45:00,0.030222865,0.030525422
PSOQRNN,GC=F,2026-06-26 09:00:00,0.030946502,0.030594727
PSOQRNN,GC=F,2026-06-26 09:15:00,0.031026892,0.030671911
PSOQRNN,GC=F,2026-06-26 09:30:00,0.030590523,0.030650763
PSOQRNN,GC=F,2026-06-26 09:45:00,0.030570574,0.030647334
PSOQRNN,GC=F,2026-06-26 10:00:00,0.030785901,0.030647065
PSOQRNN,GC=F,2026-06-26 10:15:00,0.030419558,0.030654049
PSOQRNN,GC=F,2026-06-26 10:30:00,0.030611962,0.030653818
PSOQRNN,GC=F,2026-06-26 10:45:00,0.03093382,0.030618785
PSOQRNN,GC=F,2026-06-26 11:00:00,0.03017451,0.030663026
PSOQRNN,GC=F,2026-06-26 11:15:00,0.030898925,0.030694222
PSOQRNN,GC=F,2026-06-26 11:30:00,0.030294921,0.0307292
PSOQRNN,GC=F,2026-06-26 11:45:00,0.030617142,0.030728266
PSOQRNN,GC=F,2026-06-26 12:00:00,0.030829312,0.030738765
PSOQRNN,GC=F,2026-06-26 12:15:00,0.030533297,0.030744076
PSOQRNN,GC=F,2026-06-26 12:30:00,0.03033601,0.030779889
PSOQRNN,GC=F,2026-06-26 12:45:00,0.031745493,0.031138536
PSOQRNN,GC=F,2026-06-26 13:00:00,0.030567776,0.031207563
PSOQRNN,GC=F,2026-06-26 13:15:00,0.03148433,0.031202985
PSOQRNN,GC=F,2026-06-26 13:30:00,0.031403642,0.031231917
PSOQRNN,GC=F,2026-06-26 13:45:00,0.031754542,0.031360026
PSOQRNN,GC=F,2026-06-26 14:00:00,0.031748112,0.031425033
PSOQRNN,GC=F,2026-06-26 14:15:00,0.031420853,0.031421732
PSOQRNN,GC=F,2026-06-26 14:30:00,0.031208271,0.031319562
PSOQRNN,GC=F,2026-06-26 14:45:00,0.03111258,0.031161405
PSOQRNN,GC=F,2026-06-26 15:00:00,0.030996641,0.031092733
PSOQRNN,GC=F,2026-06-26 15:15:00,0.031266805,0.031063778
PSOQRNN,GC=F,2026-06-26 15:30:00,0.03157871,0.031160068
PSOQRNN,GC=F,2026-06-26 15:45:00,0.03086129,0.031170463
PSOQRNN,GC=F,2026-06-26 16:00:00,0.031107578,0.031117342
PSOQRNN,GC=F,2026-06-26 16:15:00,0.030788701,0.031062057
PSOQRNN,GC=F,2026-06-26 16:30:00,0.030833421,0.031032639
PSOQRNN,GC=F,2026-06-26 16:45:00,0.030967642,0.031022564
PSOQRNN,GC=F,2026-06-26 17:00:00,0.030861052,0.030939724
PSOQRNN,GC=F,2026-06-26 17:15:00,0.030772384,0.030898886
PSOQRNN,GC=F,2026-06-26 17:30:00,0.030549971,0.03065249
PSOQRNN,GC=F,2026-06-26 17:45:00,0.03048548,0.030637106
PSOQRNN,GC=F,2026-06-26 18:00:00,0.030688064,0.03062383
PSOQRNN,GC=F,2026-06-26 18:15:00,0.030387819,0.030634452
PSOQRNN,GC=F,2026-06-26 18:30:00,0.030533535,0.030486869
PSOQRNN,GC=F,2026-06-26 18:45:00,0.03014932,0.030479012
PSOQRNN,GC=F,2026-06-26 19:00:00,0.030528592,0.03046195
PSOQRNN,GC=F,2026-06-26 19:15:00,0.030239956,0.030447504
PSOQRNN,GC=F,2026-06-26 19:30:00,0.03053151,0.030453047
PSOQRNN,GC=F,2026-06-26 19:45:00,0.030569384,0.030461838
PSOQRNN,GC=F,2026-06-26 20:00:00,0.030207204,0.03046185
PSOQRNN,GC=F,2026-06-26 20:15:00,0.030643106,0.030447192
PSOQRNN,GC=F,2026-06-26 20:30:00,0.030329637,0.03042674
PSOQRNN,GC=F,2026-06-26 20:45:00,0.03097979,0.03054314
PSOQRNN,GC=F,2026-06-26 21:00:00,0.030490957,0.030134792
PSOQRNN,GC=F,2026-06-26 21:15:00,0.030105075,0.030059148
PSOQRNN,GC=F,2026-06-26 21:30:00,0.030033434,0.030039562
PSOQRNN,GC=F,2026-06-26 21:45:00,0.030014794,0.030013213
PSOQRNN,GC=F,2026-06-26 22:00:00,0.029989902,0.030012634
PSOQRNN,GC=F,2026-06-26 22:15:00,0.029989248,0.030009521
PSOQRNN,GC=F,2026-06-26 22:30:00,0.02998633,0.030007051
PSOQRNN,GC=F,2026-06-26 22:45:00,0.029983947,0.02993985
PSOQRNN,GC=F,2026-06-26 23:00:00,0.029920228,0.029939588
PSOQRNN,GC=F,2026-06-26 23:15:00,0.02991999,0.029894734
PSOQRNN,GC=F,2026-06-26 23:30:00,0.029877352,0.02988937
PSOQRNN,GC=F,2026-06-26 23:45:00,0.029872289,0.029844455
PSOQRNN,GC=F,2026-06-27 00:00:00,0.02982959,0.029844455
PSOQRNN,GC=F,2026-06-27 00:15:00,0.02982959,0.029796202
PSOQRNN,GC=F,2026-06-27 00:30:00,0.029783735,0.02979566
PSOQRNN,GC=F,2026-06-27 00:45:00,0.0297832,0.02977994
PSOQRNN,GC=F,2026-06-27 01:00:00,0.029768253,0.029766383
PSOQRNN,GC=F,2026-06-27 01:15:00,0.029755449,0.029765008
PSOQRNN,GC=F,2026-06-27 01:30:00,0.029754138,0.029744139
PSOQRNN,GC=F,2026-06-27 01:45:00,0.029734248,0.029652752
PSOQRNN,GC=F,2026-06-27 02:00:00,0.029647302,0.029555965
PSOQRNN,GC=F,2026-06-27 02:15:00,0.029555116,0.029550862
PSOQRNN,GC=F,2026-06-27 02:30:00,0.029550292,0.029548012
PSOQRNN,GC=F,2026-06-27 02:45:00,0.029547611,0.02954756
PSOQRNN,GC=F,2026-06-27 03:00:00,0.029547134,0.029462973
PSOQRNN,GC=F,2026-06-27 03:15:00,0.02946644,0.028917747
PSOQRNN,GC=F,2026-06-27 03:30:00,0.028944809,0.028910853
PSOQRNN,GC=F,2026-06-27 03:45:00,0.028938198,0.028180517
PSOQRNN,GC=F,2026-06-28 22:00:00,0.027538309,0.028046126
PSOQRNN,GC=F,2026-06-28 22:15:00,0.027405074,0.028211148
PSOQRNN,GC=F,2026-06-28 22:30:00,0.028622497,0.026402198
PSOQRNN,GC=F,2026-06-28 22:45:00,0.026675867,0.025811663
PSOQRNN,GC=F,2026-06-28 23:00:00,0.025864195,0.025417607
PSOQRNN,GC=F,2026-06-28 23:15:00,0.025023123,0.025490679
PSOQRNN,GC=F,2026-06-28 23:30:00,0.025942583,0.025453016
PSOQRNN,GC=F,2026-06-28 23:45:00,0.02553069,0.025367873
PSOQRNN,GC=F,2026-06-29 00:00:00,0.025290221,0.025337538
PSOQRNN,GC=F,2026-06-29 00:15:00,0.024815053,0.025292885
PSOQRNN,GC=F,2026-06-29 00:30:00,0.02659534,0.025690172
PSOQRNN,GC=F,2026-06-29 00:45:00,0.02582953,0.025673395
PSOQRNN,GC=F,2026-06-29 01:00:00,0.024951702,0.025924556
PSOQRNN,GC=F,2026-06-29 01:15:00,0.026302885,0.02572777
PSOQRNN,GC=F,2026-06-29 01:30:00,0.026016263,0.025711173
PSOQRNN,GC=F,2026-06-29 01:45:00,0.025718441,0.025673477
PSOQRNN,GC=F,2026-06-29 02:00:00,0.025790157,0.02567304
PSOQRNN,GC=F,2026-06-29 02:15:00,0.026197338,0.025424264
PSOQRNN,GC=F,2026-06-29 02:30:00,0.02503599,0.025469523
PSOQRNN,GC=F,2026-06-29 02:45:00,0.025926977,0.025332803
PSOQRNN,GC=F,2026-06-29 03:00:00,0.025612593,0.025043946
PSOQRNN,GC=F,2026-06-29 03:15:00,0.025336325,0.02505153
PSOQRNN,GC=F,2026-06-29 03:30:00,0.02489952,0.025021333
PSOQRNN,GC=F,2026-06-29 03:45:00,0.025169479,0.02501003
PSOQRNN,GC=F,2026-06-29 04:00:00,0.024909766,0.025000565
PSOQRNN,GC=F,2026-06-29 04:15:00,0.025114022,0.02494457
PSOQRNN,GC=F,2026-06-29 04:30:00,0.024571776,0.025032884
PSOQRNN,GC=F,2026-06-29 04:45:00,0.024810228,0.02504899
PSOQRNN,GC=F,2026-06-29 05:00:00,0.02540012,0.024996627
PSOQRNN,GC=F,2026-06-29 05:15:00,0.024744764,0.025018945
PSOQRNN,GC=F,2026-06-29 05:30:00,0.02517889,0.025016457
PSOQRNN,GC=F,2026-06-29 05:45:00,0.025379272,0.02503786
PSOQRNN,GC=F,2026-06-29 06:00:00,0.025429249,0.025064304
PSOQRNN,GC=F,2026-06-29 06:15:00,0.025264548,0.025066512
PSOQRNN,GC=F,2026-06-29 06:30:00,0.025203135,0.025066532
PSOQRNN,GC=F,2026-06-29 06:45:00,0.025231965,0.025067171
PSOQRNN,GC=F,2026-06-29 07:00:00,0.02497821,0.025082307
PSOQRNN,GC=F,2026-06-29 07:15:00,0.025594663,0.0251372
PSOQRNN,GC=F,2026-06-29 07:30:00,0.02504266,0.02515398
PSOQRNN,GC=F,2026-06-29 07:45:00,0.025215346,0.025105435
PSOQRNN,GC=F,2026-06-29 08:00:00,0.025340198,0.025108311
PSOQRNN,GC=F,2026-06-29 08:15:00,0.0250426,0.025110954
PSOQRNN,GC=F,2026-06-29 08:30:00,0.024894636,0.02484261
PSOQRNN,GC=F,2026-06-29 08:45:00,0.024427263,0.024927441
PSOQRNN,GC=F,2026-06-29 09:00:00,0.025244355,0.024894813
PSOQRNN,GC=F,2026-06-29 09:15:00,0.024810705,0.024803888
PSOQRNN,GC=F,2026-06-29 09:30:00,0.024701934,0.02467924
PSOQRNN,GC=F,2026-06-29 09:45:00,0.024097485,0.024812996
PSOQRNN,GC=F,2026-06-29 10:00:00,0.025352469,0.02483805
PSOQRNN,GC=F,2026-06-29 10:15:00,0.024840727,0.024818363
PSOQRNN,GC=F,2026-06-29 10:30:00,0.02479754,0.0247184
PSOQRNN,GC=F,2026-06-29 10:45:00,0.02493681,0.024683155
PSOQRNN,GC=F,2026-06-29 11:00:00,0.024667742,0.024582686
PSOQRNN,GC=F,2026-06-29 11:15:00,0.02452573,0.024144886
PSOQRNN,GC=F,2026-06-29 11:30:00,0.024425415,0.024071578
PSOQRNN,GC=F,2026-06-29 11:45:00,0.024416123,0.024068942
PSOQRNN,GC=F,2026-06-29 12:00:00,0.024671495,0.023944477
PSOQRNN,GC=F,2026-06-29 12:15:00,0.02349999,0.02402512
PSOQRNN,GC=F,2026-06-29 12:30:00,0.024504166,0.024069414
PSOQRNN,GC=F,2026-06-29 12:45:00,0.024108268,0.023449149
PSOQRNN,GC=F,2026-06-29 13:00:00,0.023757279,0.023402538
PSOQRNN,GC=F,2026-06-29 13:15:00,0.022941498,0.023501016
PSOQRNN,GC=F,2026-06-29 13:30:00,0.023632774,0.023490315
PSOQRNN,GC=F,2026-06-29 13:45:00,0.023219524,0.023517923
PSOQRNN,GC=F,2026-06-29 14:00:00,0.022213798,0.024241634
PSOQRNN,GC=F,2026-06-29 14:15:00,0.025296416,0.024544543
PSOQRNN,GC=F,2026-06-29 14:30:00,0.02441648,0.024415767
PSOQRNN,GC=F,2026-06-29 14:45:00,0.024792299,0.024433654
PSOQRNN,GC=F,2026-06-29 15:00:00,0.024298951,0.024412422
PSOQRNN,GC=F,2026-06-29 15:15:00,0.024694845,0.02440645
PSOQRNN,GC=F,2026-06-29 15:30:00,0.024441916,0.024399012
PSOQRNN,GC=F,2026-06-29 15:45:00,0.024757689,0.02439467
PSOQRNN,GC=F,2026-06-29 16:00:00,0.024318488,0.02440066
PSOQRNN,GC=F,2026-06-29 16:15:00,0.024494873,0.024364065
PSOQRNN,GC=F,2026-06-29 16:30:00,0.024322838,0.024211356
PSOQRNN,GC=F,2026-06-29 16:45:00,0.024475096,0.023981163
PSOQRNN,GC=F,2026-06-29 17:00:00,0.024390567,0.02401241
PSOQRNN,GC=F,2026-06-29 17:15:00,0.023802672,0.023992473
PSOQRNN,GC=F,2026-06-29 17:30:00,0.023977093,0.023954332
PSOQRNN,GC=F,2026-06-29 17:45:00,0.023997467,0.023811486
PSOQRNN,GC=F,2026-06-29 18:00:00,0.024113271,0.023820745
PSOQRNN,GC=F,2026-06-29 18:15:00,0.023743995,0.023823777
PSOQRNN,GC=F,2026-06-29 18:30:00,0.023900844,0.023776606
PSOQRNN,GC=F,2026-06-29 18:45:00,0.023432316,0.02385145
PSOQRNN,GC=F,2026-06-29 19:00:00,0.023626221,0.023867883
PSOQRNN,GC=F,2026-06-29 19:15:00,0.02451465,0.023938134
PSOQRNN,GC=F,2026-06-29 19:30:00,0.02409945,0.023919102
PSOQRNN,GC=F,2026-06-29 19:45:00,0.023896674,0.023922827
PSOQRNN,GC=F,2026-06-29 20:00:00,0.023930093,0.023924697
PSOQRNN,GC=F,2026-06-29 20:15:00,0.024245694,0.023889886
PSOQRNN,GC=F,2026-06-29 20:30:00,0.023855213,0.023824286
PSOQRNN,GC=F,2026-06-29 20:45:00,0.0239429,0.02379484
PSOQRNN,GC=F,2026-06-29 21:00:00,0.023895185,0.023788646
PSOQRNN,GC=F,2026-06-29 21:15:00,0.023888988,0.023784494
PSOQRNN,GC=F,2026-06-29 21:30:00,0.02388476,0.023154512
PSOQRNN,GC=F,2026-06-29 21:45:00,0.023244843,0.023092983
PSOQRNN,GC=F,2026-06-29 22:00:00,0.02327165,0.022630826
PSOQRNN,GC=F,2026-06-29 22:15:00,0.022583518,0.022527333
PSOQRNN,GC=F,2026-06-29 22:30:00,0.02226682,0.022430472
PSOQRNN,GC=F,2026-06-29 22:45:00,0.022750922,0.02230863
PSOQRNN,GC=F,2026-06-29 23:00:00,0.022782257,0.02206261
PSOQRNN,GC=F,2026-06-29 23:15:00,0.021884225,0.021936094
PSOQRNN,GC=F,2026-06-29 23:30:00,0.021880114,0.021874769
PSOQRNN,GC=F,2026-06-29 23:45:00,0.0219438,0.021779813
PSOQRNN,GC=F,2026-06-30 00:00:00,0.02154875,0.021791756
PSOQRNN,GC=F,2026-06-30 00:15:00,0.021536596,0.02133849
PSOQRNN,GC=F,2026-06-30 00:30:00,0.020484144,0.021641498
PSOQRNN,GC=F,2026-06-30 00:45:00,0.021464568,0.02137387
PSOQRNN,GC=F,2026-06-30 01:00:00,0.019594127,0.022591775
PSOQRNN,GC=F,2026-06-30 01:15:00,0.02390954,0.023162996
PSOQRNN,GC=F,2026-06-30 01:30:00,0.022674428,0.023181228
PSOQRNN,GC=F,2026-06-30 01:45:00,0.02328416,0.02317003
PSOQRNN,GC=F,2026-06-30 02:00:00,0.022553194,0.02334733
PSOQRNN,GC=F,2026-06-30 02:15:00,0.023712957,0.023358645
PSOQRNN,GC=F,2026-06-30 02:30:00,0.023277488,0.023364889
PSOQRNN,GC=F,2026-06-30 02:45:00,0.023652313,0.023380473
PSOQRNN,GC=F,2026-06-30 03:00:00,0.023716234,0.023398943
PSOQRNN,GC=F,2026-06-30 03:15:00,0.023451438,0.023201326
PSOQRNN,GC=F,2026-06-30 03:30:00,0.023129331,0.02304628
PSOQRNN,GC=F,2026-06-30 03:45:00,0.023582257,0.023119522
PSOQRNN,GC=F,2026-06-30 04:00:00,0.023329912,0.023088386
PSOQRNN,GC=F,2026-06-30 04:15:00,0.023780571,0.02321054
PSOQRNN,GC=F,2026-06-30 04:30:00,0.023686687,0.023267228
PSOQRNN,GC=F,2026-06-30 04:45:00,0.023179432,0.023192948
PSOQRNN,GC=F,2026-06-30 05:00:00,0.023259914,0.02319013
PSOQRNN,GC=F,2026-06-30 05:15:00,0.023124684,0.023186956
PSOQRNN,GC=F,2026-06-30 05:30:00,0.023055222,0.023182405
PSOQRNN,GC=F,2026-06-30 05:45:00,0.023188904,0.023184147
PSOQRNN,GC=F,2026-06-30 06:00:00,0.023882853,0.023326693
PSOQRNN,GC=F,2026-06-30 06:15:00,0.024874086,0.024105405
PSOQRNN,GC=F,2026-06-30 06:30:00,0.025012461,0.024341792
PSOQRNN,GC=F,2026-06-30 06:45:00,0.024705984,0.024366263
PSOQRNN,GC=F,2026-06-30 07:00:00,0.024225323,0.024373932
PSOQRNN,GC=F,2026-06-30 07:15:00,0.024656067,0.024383442
PSOQRNN,GC=F,2026-06-30 07:30:00,0.0245187,0.024360457
PSOQRNN,GC=F,2026-06-30 07:45:00,0.024671793,0.024369154
PSOQRNN,GC=F,2026-06-30 08:00:00,0.0239874,0.024448212
PSOQRNN,GC=F,2026-06-30 08:15:00,0.024666073,0.024404293
PSOQRNN,GC=F,2026-06-30 08:30:00,0.024022307,0.024447361
PSOQRNN,GC=F,2026-06-30 08:45:00,0.024400635,0.024353692
PSOQRNN,GC=F,2026-06-30 09:00:00,0.024659699,0.02434267
PSOQRNN,GC=F,2026-06-30 09:15:00,0.024377642,0.024321074
PSOQRNN,GC=F,2026-06-30 09:30:00,0.02450911,0.024304224
PSOQRNN,GC=F,2026-06-30 09:45:00,0.024727548,0.02434035
PSOQRNN,GC=F,2026-06-30 10:00:00,0.024551881,0.024344271
PSOQRNN,GC=F,2026-06-30 10:15:00,0.024602752,0.024339873
PSOQRNN,GC=F,2026-06-30 10:30:00,0.024404448,0.024333727
PSOQRNN,GC=F,2026-06-30 10:45:00,0.02456862,0.024339665
PSOQRNN,GC=F,2026-06-30 11:00:00,0.02466256,0.024318835
PSOQRNN,GC=F,2026-06-30 11:15:00,0.024342198,0.024246333
PSOQRNN,GC=F,2026-06-30 11:30:00,0.024521679,0.023959607
PSOQRNN,GC=F,2026-06-30 11:45:00,0.023967622,0.023958039
PSOQRNN,GC=F,2026-06-30 12:00:00,0.023624018,0.023974726
PSOQRNN,GC=F,2026-06-30 12:15:00,0.023527808,0.024080697
PSOQRNN,GC=F,2026-06-30 12:30:00,0.024278756,0.02405096
PSOQRNN,GC=F,2026-06-30 12:45:00,0.02365154,0.024132714
PSOQRNN,GC=F,2026-06-30 13:00:00,0.025034202,0.024334094
PSOQRNN,GC=F,2026-06-30 13:15:00,0.024486773,0.024333635
PSOQRNN,GC=F,2026-06-30 13:30:00,0.024503928,0.024334634
PSOQRNN,GC=F,2026-06-30 13:45:00,0.024710631,0.02434377
PSOQRNN,GC=F,2026-06-30 14:00:00,0.025276342,0.024572097
PSOQRNN,GC=F,2026-06-30 14:15:00,0.025308866,0.02470964
PSOQRNN,GC=F,2026-06-30 14:30:00,0.024619194,0.02468373
PSOQRNN,GC=F,2026-06-30 14:45:00,0.024009917,0.024894793
PSOQRNN,GC=F,2026-06-30 15:00:00,0.024920845,0.024893984
PSOQRNN,GC=F,2026-06-30 15:15:00,0.0245408,0.02470979
PSOQRNN,GC=F,2026-06-30 15:30:00,0.024875693,0.024708936
PSOQRNN,GC=F,2026-06-30 15:45:00,0.024845611,0.024659893
PSOQRNN,GC=F,2026-06-30 16:00:00,0.024784613,0.024643041
PSOQRNN,GC=F,2026-06-30 16:15:00,0.024750184,0.024513194
PSOQRNN,GC=F,2026-06-30 16:30:00,0.024696037,0.024449093
PSOQRNN,GC=F,2026-06-30 16:45:00,0.02423265,0.024486862
PSOQRNN,GC=F,2026-06-30 17:00:00,0.024434827,0.024495795
PSOQRNN,GC=F,2026-06-30 17:15:00,0.024743214,0.024478622
PSOQRNN,GC=F,2026-06-30 17:30:00,0.02481976,0.024499042
PSOQRNN,GC=F,2026-06-30 17:45:00,0.024693534,0.024476789
PSOQRNN,GC=F,2026-06-30 18:00:00,0.024682932,0.024387628
PSOQRNN,GC=F,2026-06-30 18:15:00,0.024434946,0.024288602
PSOQRNN,GC=F,2026-06-30 18:30:00,0.024364477,0.024288699
PSOQRNN,GC=F,2026-06-30 18:45:00,0.024270536,0.02429374
PSOQRNN,GC=F,2026-06-30 19:00:00,0.024140317,0.024300117
PSOQRNN,GC=F,2026-06-30 19:15:00,0.024193572,0.02430438
PSOQRNN,GC=F,2026-06-30 19:30:00,0.024486296,0.024306694
PSOQRNN,GC=F,2026-06-30 19:45:00,0.024017423,0.024311414
PSOQRNN,GC=F,2026-06-30 20:00:00,0.02467608,0.024276908
PSOQRNN,GC=F,2026-06-30 20:15:00,0.023957614,0.024302056
PSOQRNN,GC=F,2026-06-30 20:30:00,0.024313008,0.024258962
PSOQRNN,GC=F,2026-06-30 20:45:00,0.024127748,0.02427719
PSOQRNN,GC=F,2026-06-30 21:00:00,0.024382288,0.024264663
PSOQRNN,GC=F,2026-06-30 21:15:00,0.024369778,0.024257278
PSOQRNN,GC=F,2026-06-30 21:30:00,0.024362272,0.024209661
PSOQRNN,GC=F,2026-06-30 21:45:00,0.02431426,0.023750765
PSOQRNN,GC=F,2026-06-30 22:00:00,0.024189223,0.023698611
PSOQRNN,GC=F,2026-06-30 22:15:00,0.023779975,0.023636514
PSOQRNN,GC=F,2026-06-30 22:30:00,0.023740778,0.023596616
PSOQRNN,GC=F,2026-06-30 22:45:00,0.023640817,0.023424493
PSOQRNN,GC=F,2026-06-30 23:00:00,0.02357922,0.0233143
PSOQRNN,GC=F,2026-06-30 23:15:00,0.023228578,0.023317879
PSOQRNN,GC=F,2026-06-30 23:30:00,0.023339562,0.023315271
PSOQRNN,GC=F,2026-06-30 23:45:00,0.02315179,0.0233329
PSOQRNN,GC=F,2026-07-01 00:00:00,0.02358774,0.023343315
PSOQRNN,GC=F,2026-07-01 00:15:00,0.023042832,0.023362517
PSOQRNN,GC=F,2026-07-01 00:30:00,0.023127543,0.02322986
PSOQRNN,GC=F,2026-07-01 00:45:00,0.02336357,0.023215743
PSOQRNN,GC=F,2026-07-01 01:00:00,0.022544974,0.02341829
PSOQRNN,GC=F,2026-07-01 01:15:00,0.023579339,0.023400314
PSOQRNN,GC=F,2026-07-01 01:30:00,0.02309871,0.02344514
PSOQRNN,GC=F,2026-07-01 01:45:00,0.023468416,0.023445243
PSOQRNN,GC=F,2026-07-01 02:00:00,0.023456562,0.023445081
PSOQRNN,GC=F,2026-07-01 02:15:00,0.023798918,0.023472914
PSOQRNN,GC=F,2026-07-01 02:30:00,0.023700805,0.023453739
PSOQRNN,GC=F,2026-07-01 02:45:00,0.02330912,0.023467997
PSOQRNN,GC=F,2026-07-01 03:00:00,0.023833886,0.023492604
PSOQRNN,GC=F,2026-07-01 03:15:00,0.023450783,0.023486696
PSOQRNN,GC=F,2026-07-01 03:30:00,0.023348676,0.023503112
PSOQRNN,GC=F,2026-07-01 03:45:00,0.023761626,0.023484694
PSOQRNN,GC=F,2026-07-01 04:00:00,0.023346473,0.02349541
PSOQRNN,GC=F,2026-07-01 04:15:00,0.023657735,0.02348808
PSOQRNN,GC=F,2026-07-01 04:30:00,0.023440002,0.023483727
PSOQRNN,GC=F,2026-07-01 04:45:00,0.023669947,0.02347376
PSOQRNN,GC=F,2026-07-01 05:00:00,0.02330507,0.023480585
PSOQRNN,GC=F,2026-07-01 05:15:00,0.023654817,0.023457307
PSOQRNN,GC=F,2026-07-01 05:30:00,0.02364314,0.023461096
PSOQRNN,GC=F,2026-07-01 05:45:00,0.023496654,0.023294626
PSOQRNN,GC=F,2026-07-01 06:00:00,0.022868937,0.023384636
PSOQRNN,GC=F,2026-07-01 06:15:00,0.023623839,0.023395445
PSOQRNN,GC=F,2026-07-01 06:30:00,0.023749117,0.023425639
PSOQRNN,GC=F,2026-07-01 06:45:00,0.02353883,0.023426117
PSOQRNN,GC=F,2026-07-01 07:00:00,0.022888536,0.023562185
PSOQRNN,GC=F,2026-07-01 07:15:00,0.023828167,0.023576325
PSOQRNN,GC=F,2026-07-01 07:30:00,0.024088968,0.02364853
PSOQRNN,GC=F,2026-07-01 07:45:00,0.024017125,0.023680747
PSOQRNN,GC=F,2026-07-01 08:00:00,0.023707716,0.023681296
PSOQRNN,GC=F,2026-07-01 08:15:00,0.024050068,0.023713263
PSOQRNN,GC=F,2026-07-01 08:30:00,0.023704855,0.023715578
PSOQRNN,GC=F,2026-07-01 08:45:00,0.02366518,0.02372107
PSOQRNN,GC=F,2026-07-01 09:00:00,0.023904478,0.023725266
PSOQRNN,GC=F,2026-07-01 09:15:00,0.024016589,0.023742408
PSOQRNN,GC=F,2026-07-01 09:30:00,0.023985911,0.023752626
PSOQRNN,GC=F,2026-07-01 09:45:00,0.024043873,0.023769516
PSOQRNN,GC=F,2026-07-01 10:00:00,0.023851758,0.023769325
PSOQRNN,GC=F,2026-07-01 10:15:00,0.02404268,0.023783373
PSOQRNN,GC=F,2026-07-01 10:30:00,0.023877671,0.023783285
PSOQRNN,GC=F,2026-07-01 10:45:00,0.024569573,0.023966828
PSOQRNN,GC=F,2026-07-01 11:00:00,0.025131118,0.0243903
PSOQRNN,GC=F,2026-07-01 11:15:00,0.025090612,0.024524862
PSOQRNN,GC=F,2026-07-01 11:30:00,0.024819283,0.024539452
PSOQRNN,GC=F,2026-07-01 11:45:00,0.024698956,0.024540944
PSOQRNN,GC=F,2026-07-01 12:00:00,0.024178382,0.024616644
PSOQRNN,GC=F,2026-07-01 12:15:00,0.024940683,0.024635918
PSOQRNN,GC=F,2026-07-01 12:30:00,0.024766564,0.024636345
PSOQRNN,GC=F,2026-07-01 12:45:00,0.024549915,0.024648039
PSOQRNN,GC=F,2026-07-01 13:00:00,0.024626102,0.024468195
PSOQRNN,GC=F,2026-07-01 13:15:00,0.026133666,0.025157144
PSOQRNN,GC=F,2026-07-01 13:30:00,0.028265933,0.02812894
PSOQRNN,GC=F,2026-07-01 13:45:00,0.027679821,0.028209126
PSOQRNN,GC=F,2026-07-01 14:00:00,0.028440135,0.028218236
PSOQRNN,GC=F,2026-07-01 14:15:00,0.02870379,0.028196158
PSOQRNN,GC=F,2026-07-01 14:30:00,0.027800964,0.02823103
PSOQRNN,GC=F,2026-07-01 14:45:00,0.02832805,0.028231122
PSOQRNN,GC=F,2026-07-01 15:00:00,0.027817402,0.028295904
PSOQRNN,GC=F,2026-07-01 15:15:00,0.02827957,0.028167017
PSOQRNN,GC=F,2026-07-01 15:30:00,0.02813276,0.027712401
PSOQRNN,GC=F,2026-07-01 15:45:00,0.027691614,0.027714979
PSOQRNN,GC=F,2026-07-01 16:00:00,0.027889945,0.027488656
PSOQRNN,GC=F,2026-07-01 16:15:00,0.027512996,0.027465327
PSOQRNN,GC=F,2026-07-01 16:30:00,0.027091727,0.027525423
PSOQRNN,GC=F,2026-07-01 16:45:00,0.027425086,0.027532855
PSOQRNN,GC=F,2026-07-01 17:00:00,0.027606444,0.027532823
PSOQRNN,GC=F,2026-07-01 17:15:00,0.027426574,0.027485916
PSOQRNN,GC=F,2026-07-01 17:30:00,0.027729494,0.027414037
PSOQRNN,GC=F,2026-07-01 17:45:00,0.027344381,0.027380848
PSOQRNN,GC=F,2026-07-01 18:00:00,0.027486611,0.027371198
PSOQRNN,GC=F,2026-07-01 18:15:00,0.027009234,0.027426315
PSOQRNN,GC=F,2026-07-01 18:30:00,0.027587267,0.027407106
PSOQRNN,GC=F,2026-07-01 18:45:00,0.027461536,0.027406665
PSOQRNN,GC=F,2026-07-01 19:00:00,0.02766398,0.027403992
PSOQRNN,GC=F,2026-07-01 19:15:00,0.02711442,0.027450299
PSOQRNN,GC=F,2026-07-01 19:30:00,0.027238186,0.027403198
PSOQRNN,GC=F,2026-07-01 19:45:00,0.02661422,0.027626563
PSOQRNN,GC=F,2026-07-01 20:00:00,0.02752211,0.027616674
PSOQRNN,GC=F,2026-07-01 20:15:00,0.027840987,0.0275838
PSOQRNN,GC=F,2026-07-01 20:30:00,0.02740686,0.027603662
PSOQRNN,GC=F,2026-07-01 20:45:00,0.02751103,0.027590316
PSOQRNN,GC=F,2026-07-01 21:00:00,0.02766237,0.027562767
PSOQRNN,GC=F,2026-07-01 21:15:00,0.027635569,0.027559517
PSOQRNN,GC=F,2026-07-01 21:30:00,0.027632354,0.0275591
PSOQRNN,GC=F,2026-07-01 21:45:00,0.027632056,0.027557712
PSOQRNN,GC=F,2026-07-01 22:00:00,0.027891552,0.027570628
PSOQRNN,GC=F,2026-07-01 22:15:00,0.027722644,0.027517773
PSOQRNN,GC=F,2026-07-01 22:30:00,0.027671186,0.027507752
PSOQRNN,GC=F,2026-07-01 22:45:00,0.027876602,0.027538255
PSOQRNN,GC=F,2026-07-01 23:00:00,0.027181484,0.027594898
PSOQRNN,GC=F,2026-07-01 23:15:00,0.027666897,0.027585797
PSOQRNN,GC=F,2026-07-01 23:30:00,0.027567314,0.027555056
PSOQRNN,GC=F,2026-07-01 23:45:00,0.027594056,0.027467253
PSOQRNN,GC=F,2026-07-02 00:00:00,0.028109653,0.027564427
PSOQRNN,GC=F,2026-07-02 00:15:00,0.027693817,0.02755375
PSOQRNN,GC=F,2026-07-02 00:30:00,0.02720227,0.027601602
PSOQRNN,GC=F,2026-07-02 00:45:00,0.028385999,0.027620904
PSOQRNN,GC=F,2026-07-02 01:00:00,0.0284474,0.027755342
PSOQRNN,GC=F,2026-07-02 01:15:00,0.027164808,0.027902674
PSOQRNN,GC=F,2026-07-02 01:30:00,0.027661953,0.027929472
PSOQRNN,GC=F,2026-07-02 01:45:00,0.028138181,0.027932823
PSOQRNN,GC=F,2026-07-02 02:00:00,0.02788804,0.027931906
PSOQRNN,GC=F,2026-07-02 02:15:00,0.02818553,0.027935177
PSOQRNN,GC=F,2026-07-02 02:30:00,0.02824473,0.027946131
PSOQRNN,GC=F,2026-07-02 02:45:00,0.028058553,0.027929066
PSOQRNN,GC=F,2026-07-02 03:00:00,0.02803074,0.027851481
PSOQRNN,GC=F,2026-07-02 03:15:00,0.028326204,0.027812177
PSOQRNN,GC=F,2026-07-02 03:30:00,0.02792294,0.027768955
PSOQRNN,GC=F,2026-07-02 03:45:00,0.028077373,0.027786734
PSOQRNN,GC=F,2026-07-02 04:00:00,0.027858974,0.02777319
PSOQRNN,GC=F,2026-07-02 04:15:00,0.027587684,0.027696887
PSOQRNN,GC=F,2026-07-02 04:30:00,0.027625503,0.027703924
