model_name,asset_symbol,timestamp,predicted_value,real_value
PSOQRNN,BTC-USD,2026-04-23 12:30:00,0.0364619,0.036369976
PSOQRNN,BTC-USD,2026-04-23 12:45:00,0.036499046,0.036385514
PSOQRNN,BTC-USD,2026-04-23 13:00:00,0.036384042,0.03647176
PSOQRNN,BTC-USD,2026-04-23 13:15:00,0.036533806,0.03642147
PSOQRNN,BTC-USD,2026-04-23 13:30:00,0.036482617,0.036421463
PSOQRNN,BTC-USD,2026-04-23 13:45:00,0.03650357,0.036420144
PSOQRNN,BTC-USD,2026-04-23 14:00:00,0.036501665,0.03630111
PSOQRNN,BTC-USD,2026-04-23 14:15:00,0.03646476,0.036361482
PSOQRNN,BTC-USD,2026-04-23 14:30:00,0.036516428,0.03640074
PSOQRNN,BTC-USD,2026-04-23 14:45:00,0.03659738,0.036569294
PSOQRNN,BTC-USD,2026-04-23 15:00:00,0.036626667,0.03658326
PSOQRNN,BTC-USD,2026-04-23 15:15:00,0.036774762,0.036747966
PSOQRNN,BTC-USD,2026-04-23 15:30:00,0.03686619,0.036761675
PSOQRNN,BTC-USD,2026-04-23 15:45:00,0.03680762,0.036705684
PSOQRNN,BTC-USD,2026-04-23 16:00:00,0.036764286,0.03671708
PSOQRNN,BTC-USD,2026-04-23 16:15:00,0.03679548,0.036718395
PSOQRNN,BTC-USD,2026-04-23 16:30:00,0.03681619,0.036707696
PSOQRNN,BTC-USD,2026-04-23 16:45:00,0.036703095,0.036781996
PSOQRNN,BTC-USD,2026-04-23 17:00:00,0.036768336,0.03684759
PSOQRNN,BTC-USD,2026-04-23 17:15:00,0.036839288,0.036990885
PSOQRNN,BTC-USD,2026-04-23 17:30:00,0.036918096,0.03735387
PSOQRNN,BTC-USD,2026-04-23 17:45:00,0.037640452,0.03809006
PSOQRNN,BTC-USD,2026-04-23 18:00:00,0.038235642,0.0381689
PSOQRNN,BTC-USD,2026-04-23 18:15:00,0.0382285,0.03817043
PSOQRNN,BTC-USD,2026-04-23 18:30:00,0.038294684,0.038190633
PSOQRNN,BTC-USD,2026-04-23 18:45:00,0.038158506,0.03840359
PSOQRNN,BTC-USD,2026-04-23 19:00:00,0.03847966,0.03837718
PSOQRNN,BTC-USD,2026-04-23 19:15:00,0.038502038,0.03841972
PSOQRNN,BTC-USD,2026-04-23 19:30:00,0.038433716,0.038513474
PSOQRNN,BTC-USD,2026-04-23 19:45:00,0.03860988,0.038472462
PSOQRNN,BTC-USD,2026-04-23 20:00:00,0.038573697,0.038466033
PSOQRNN,BTC-USD,2026-04-23 20:15:00,0.038524892,0.038475752
PSOQRNN,BTC-USD,2026-04-23 20:30:00,0.03862964,0.03859066
PSOQRNN,BTC-USD,2026-04-23 20:45:00,0.03863607,0.03861195
PSOQRNN,BTC-USD,2026-04-23 21:00:00,0.038688682,0.03861005
PSOQRNN,BTC-USD,2026-04-23 21:15:00,0.03869701,0.0386095
PSOQRNN,BTC-USD,2026-04-23 21:30:00,0.03872796,0.03853543
PSOQRNN,BTC-USD,2026-04-23 21:45:00,0.038556796,0.03860873
PSOQRNN,BTC-USD,2026-04-23 22:00:00,0.038742483,0.038676612
PSOQRNN,BTC-USD,2026-04-23 22:15:00,0.038782954,0.038591255
PSOQRNN,BTC-USD,2026-04-23 22:30:00,0.03871201,0.038630635
PSOQRNN,BTC-USD,2026-04-23 22:45:00,0.038684394,0.03861331
PSOQRNN,BTC-USD,2026-04-23 23:00:00,0.038645353,0.03865958
PSOQRNN,BTC-USD,2026-04-23 23:15:00,0.038747244,0.03856971
PSOQRNN,BTC-USD,2026-04-23 23:30:00,0.038683206,0.03857525
PSOQRNN,BTC-USD,2026-04-23 23:45:00,0.038653687,0.038568284
PSOQRNN,BTC-USD,2026-04-24 00:00:00,0.038657494,0.038566682
PSOQRNN,BTC-USD,2026-04-24 00:15:00,0.038677253,0.038464475
PSOQRNN,BTC-USD,2026-04-24 00:30:00,0.03853418,0.038462114
PSOQRNN,BTC-USD,2026-04-24 00:45:00,0.038549177,0.038458735
PSOQRNN,BTC-USD,2026-04-24 01:00:00,0.0384549,0.038597114
PSOQRNN,BTC-USD,2026-04-24 01:15:00,0.038634878,0.03862416
PSOQRNN,BTC-USD,2026-04-24 01:30:00,0.038707726,0.0386192
PSOQRNN,BTC-USD,2026-04-24 01:45:00,0.038811043,0.038863778
PSOQRNN,BTC-USD,2026-04-24 02:00:00,0.03892579,0.038593937
PSOQRNN,BTC-USD,2026-04-24 02:15:00,0.03862845,0.038477875
PSOQRNN,BTC-USD,2026-04-24 02:30:00,0.03860274,0.038432952
PSOQRNN,BTC-USD,2026-04-24 02:45:00,0.038421337,0.03861026
PSOQRNN,BTC-USD,2026-04-24 03:00:00,0.03868773,0.038522746
PSOQRNN,BTC-USD,2026-04-24 03:15:00,0.038487755,0.038779195
PSOQRNN,BTC-USD,2026-04-24 03:30:00,0.038815092,0.038102172
PSOQRNN,BTC-USD,2026-04-24 03:45:00,0.03821017,0.038033508
PSOQRNN,BTC-USD,2026-04-24 04:00:00,0.03811137,0.03803183
PSOQRNN,BTC-USD,2026-04-24 04:15:00,0.03807423,0.038060866
PSOQRNN,BTC-USD,2026-04-24 04:30:00,0.038147554,0.038059376
PSOQRNN,BTC-USD,2026-04-24 04:45:00,0.038148507,0.038025647
PSOQRNN,BTC-USD,2026-04-24 05:00:00,0.038070656,0.038043573
PSOQRNN,BTC-USD,2026-04-24 05:15:00,0.03814946,0.03789123
PSOQRNN,BTC-USD,2026-04-24 05:30:00,0.0379959,0.037615277
PSOQRNN,BTC-USD,2026-04-24 05:45:00,0.03778211,0.036170058
PSOQRNN,BTC-USD,2026-04-24 06:00:00,0.03625094,0.036150515
PSOQRNN,BTC-USD,2026-04-24 06:15:00,0.036192607,0.036162455
PSOQRNN,BTC-USD,2026-04-24 06:30:00,0.036245227,0.03616275
PSOQRNN,BTC-USD,2026-04-24 06:45:00,0.036233082,0.036124364
PSOQRNN,BTC-USD,2026-04-24 07:00:00,0.03619832,0.036090564
PSOQRNN,BTC-USD,2026-04-24 07:15:00,0.036156412,0.036068667
PSOQRNN,BTC-USD,2026-04-24 07:30:00,0.036129747,0.03607773
PSOQRNN,BTC-USD,2026-04-24 07:45:00,0.036162842,0.036043447
PSOQRNN,BTC-USD,2026-04-24 08:00:00,0.036143318,0.035881657
PSOQRNN,BTC-USD,2026-04-24 08:15:00,0.036034264,0.03583166
PSOQRNN,BTC-USD,2026-04-24 08:30:00,0.035870682,0.035378102
PSOQRNN,BTC-USD,2026-04-24 08:45:00,0.03547946,0.03523673
PSOQRNN,BTC-USD,2026-04-24 09:00:00,0.035196573,0.03542977
PSOQRNN,BTC-USD,2026-04-24 09:15:00,0.0355047,0.035396963
PSOQRNN,BTC-USD,2026-04-24 09:30:00,0.035522558,0.035409868
PSOQRNN,BTC-USD,2026-04-24 09:45:00,0.035471126,0.03540475
PSOQRNN,BTC-USD,2026-04-24 10:00:00,0.035478506,0.035407018
PSOQRNN,BTC-USD,2026-04-24 10:15:00,0.03556399,0.035400264
PSOQRNN,BTC-USD,2026-04-24 10:30:00,0.035470888,0.033129904
PSOQRNN,BTC-USD,2026-04-24 10:45:00,0.033250973,0.033099193
PSOQRNN,BTC-USD,2026-04-24 11:00:00,0.033416968,0.032800004
PSOQRNN,BTC-USD,2026-04-24 11:15:00,0.0329216,0.032814994
PSOQRNN,BTC-USD,2026-04-24 11:30:00,0.032865632,0.032818962
PSOQRNN,BTC-USD,2026-04-24 11:45:00,0.03285301,0.032824878
PSOQRNN,BTC-USD,2026-04-24 12:00:00,0.03293732,0.0327714
PSOQRNN,BTC-USD,2026-04-24 12:15:00,0.032814905,0.03277837
PSOQRNN,BTC-USD,2026-04-24 12:30:00,0.032802522,0.032760147
PSOQRNN,BTC-USD,2026-04-24 12:45:00,0.032866348,0.032756172
PSOQRNN,BTC-USD,2026-04-24 13:00:00,0.03287159,0.032772038
PSOQRNN,BTC-USD,2026-04-24 13:15:00,0.032733455,0.03278581
PSOQRNN,BTC-USD,2026-04-24 13:30:00,0.03286373,0.03272464
PSOQRNN,BTC-USD,2026-04-24 13:45:00,0.03273893,0.03272621
PSOQRNN,BTC-USD,2026-04-24 14:00:00,0.032682247,0.032801956
PSOQRNN,BTC-USD,2026-04-24 14:15:00,0.03277418,0.03288871
PSOQRNN,BTC-USD,2026-04-24 14:30:00,0.03310546,0.032848455
PSOQRNN,BTC-USD,2026-04-24 14:45:00,0.032949943,0.032703497
PSOQRNN,BTC-USD,2026-04-24 15:00:00,0.03259508,0.032958664
PSOQRNN,BTC-USD,2026-04-24 15:15:00,0.03307355,0.032913584
PSOQRNN,BTC-USD,2026-04-24 15:30:00,0.03306807,0.032967698
PSOQRNN,BTC-USD,2026-04-24 15:45:00,0.033069976,0.0329747
PSOQRNN,BTC-USD,2026-04-24 16:00:00,0.03290922,0.033134114
PSOQRNN,BTC-USD,2026-04-24 16:15:00,0.033164285,0.03300899
PSOQRNN,BTC-USD,2026-04-24 16:30:00,0.033077832,0.032990973
PSOQRNN,BTC-USD,2026-04-24 16:45:00,0.033095933,0.032995056
PSOQRNN,BTC-USD,2026-04-24 17:00:00,0.03304997,0.032505337
PSOQRNN,BTC-USD,2026-04-24 17:15:00,0.03252625,0.031931628
PSOQRNN,BTC-USD,2026-04-24 17:30:00,0.031941064,0.031947173
PSOQRNN,BTC-USD,2026-04-24 17:45:00,0.032056343,0.031639125
PSOQRNN,BTC-USD,2026-04-24 18:00:00,0.031604044,0.031698424
PSOQRNN,BTC-USD,2026-04-24 18:15:00,0.03173004,0.031682804
PSOQRNN,BTC-USD,2026-04-24 18:30:00,0.031783152,0.031692993
PSOQRNN,BTC-USD,2026-04-24 18:45:00,0.031767912,0.031688895
PSOQRNN,BTC-USD,2026-04-24 19:00:00,0.03173528,0.031685524
PSOQRNN,BTC-USD,2026-04-24 19:15:00,0.031725038,0.031685516
PSOQRNN,BTC-USD,2026-04-24 19:30:00,0.0317591,0.031683948
PSOQRNN,BTC-USD,2026-04-24 19:45:00,0.031750284,0.031682055
PSOQRNN,BTC-USD,2026-04-24 20:00:00,0.031735756,0.03168036
PSOQRNN,BTC-USD,2026-04-24 20:15:00,0.03167764,0.03041232
PSOQRNN,BTC-USD,2026-04-24 20:30:00,0.030496465,0.030381046
PSOQRNN,BTC-USD,2026-04-24 20:45:00,0.03047622,0.03036651
PSOQRNN,BTC-USD,2026-04-24 21:00:00,0.03031091,0.030415395
PSOQRNN,BTC-USD,2026-04-24 21:15:00,0.030472646,0.030419929
PSOQRNN,BTC-USD,2026-04-24 21:30:00,0.030413335,0.030428555
PSOQRNN,BTC-USD,2026-04-24 21:45:00,0.030446682,0.030425202
PSOQRNN,BTC-USD,2026-04-24 22:00:00,0.03050123,0.030416442
PSOQRNN,BTC-USD,2026-04-24 22:15:00,0.030409524,0.030310472
PSOQRNN,BTC-USD,2026-04-24 22:30:00,0.030177278,0.030413378
PSOQRNN,BTC-USD,2026-04-24 22:45:00,0.030472884,0.03040972
PSOQRNN,BTC-USD,2026-04-24 23:00:00,0.0304736,0.030352732
PSOQRNN,BTC-USD,2026-04-24 23:15:00,0.030397614,0.030269241
PSOQRNN,BTC-USD,2026-04-24 23:30:00,0.030319009,0.030271813
PSOQRNN,BTC-USD,2026-04-24 23:45:00,0.03030043,0.030258859
PSOQRNN,BTC-USD,2026-04-25 00:00:00,0.030281372,0.03025655
PSOQRNN,BTC-USD,2026-04-25 00:15:00,0.030216344,0.030250242
PSOQRNN,BTC-USD,2026-04-25 00:30:00,0.030311385,0.030258056
PSOQRNN,BTC-USD,2026-04-25 00:45:00,0.03034521,0.030242093
PSOQRNN,BTC-USD,2026-04-25 01:00:00,0.030302096,0.03024794
PSOQRNN,BTC-USD,2026-04-25 01:15:00,0.03026303,0.03024533
PSOQRNN,BTC-USD,2026-04-25 01:30:00,0.030320914,0.03025194
PSOQRNN,BTC-USD,2026-04-25 01:45:00,0.030266603,0.030247878
PSOQRNN,BTC-USD,2026-04-25 02:00:00,0.030279467,0.030247899
PSOQRNN,BTC-USD,2026-04-25 02:15:00,0.030336874,0.030203944
PSOQRNN,BTC-USD,2026-04-25 02:30:00,0.030227302,0.030177554
PSOQRNN,BTC-USD,2026-04-25 02:45:00,0.030198002,0.030155538
PSOQRNN,BTC-USD,2026-04-25 03:00:00,0.030162511,0.030094402
PSOQRNN,BTC-USD,2026-04-25 03:15:00,0.030104866,0.029912172
PSOQRNN,BTC-USD,2026-04-25 03:30:00,0.030010775,0.029952306
PSOQRNN,BTC-USD,2026-04-25 03:45:00,0.029959084,0.029947573
PSOQRNN,BTC-USD,2026-04-25 04:00:00,0.029985527,0.029891606
PSOQRNN,BTC-USD,2026-04-25 04:15:00,0.02989453,0.029872233
PSOQRNN,BTC-USD,2026-04-25 04:30:00,0.029874522,0.029794734
PSOQRNN,BTC-USD,2026-04-25 04:45:00,0.02981759,0.029646091
PSOQRNN,BTC-USD,2026-04-25 05:00:00,0.029589387,0.029554453
PSOQRNN,BTC-USD,2026-04-25 05:15:00,0.029577477,0.029550854
PSOQRNN,BTC-USD,2026-04-25 05:30:00,0.029575333,0.02927409
PSOQRNN,BTC-USD,2026-04-25 05:45:00,0.029273756,0.028920861
PSOQRNN,BTC-USD,2026-04-25 06:00:00,0.02894073,0.028901186
PSOQRNN,BTC-USD,2026-04-25 06:15:00,0.028860927,0.028859736
PSOQRNN,BTC-USD,2026-04-25 06:30:00,0.02888451,0.02873132
PSOQRNN,BTC-USD,2026-04-25 06:45:00,0.0287118,0.02873157
PSOQRNN,BTC-USD,2026-04-25 07:00:00,0.028713705,0.028714426
PSOQRNN,BTC-USD,2026-04-25 07:15:00,0.028750869,0.028537039
PSOQRNN,BTC-USD,2026-04-25 07:30:00,0.028517649,0.028503746
PSOQRNN,BTC-USD,2026-04-25 07:45:00,0.02848239,0.028488036
PSOQRNN,BTC-USD,2026-04-25 08:00:00,0.02851479,0.028333409
PSOQRNN,BTC-USD,2026-04-25 08:15:00,0.02832921,0.028277654
PSOQRNN,BTC-USD,2026-04-25 08:30:00,0.028308246,0.028291678
PSOQRNN,BTC-USD,2026-04-25 08:45:00,0.028282756,0.028274897
PSOQRNN,BTC-USD,2026-04-25 09:00:00,0.02824869,0.0282583
PSOQRNN,BTC-USD,2026-04-25 09:15:00,0.028212242,0.028256964
PSOQRNN,BTC-USD,2026-04-25 09:30:00,0.028341122,0.02831323
PSOQRNN,BTC-USD,2026-04-25 09:45:00,0.028285854,0.028296446
PSOQRNN,BTC-USD,2026-04-25 10:00:00,0.02832135,0.028228665
PSOQRNN,BTC-USD,2026-04-25 10:15:00,0.02825131,0.028151255
PSOQRNN,BTC-USD,2026-04-25 10:30:00,0.028124573,0.028075896
PSOQRNN,BTC-USD,2026-04-25 10:45:00,0.028034283,0.028077705
PSOQRNN,BTC-USD,2026-04-25 11:00:00,0.028025469,0.028039966
PSOQRNN,BTC-USD,2026-04-25 11:15:00,0.02796734,0.027999366
PSOQRNN,BTC-USD,2026-04-25 11:30:00,0.027954,0.027981821
PSOQRNN,BTC-USD,2026-04-25 11:45:00,0.027982587,0.02796867
PSOQRNN,BTC-USD,2026-04-25 12:00:00,0.027954476,0.027890813
PSOQRNN,BTC-USD,2026-04-25 12:15:00,0.027804865,0.02790923
PSOQRNN,BTC-USD,2026-04-25 12:30:00,0.027845602,0.027817743
PSOQRNN,BTC-USD,2026-04-25 12:45:00,0.027789857,0.02781762
PSOQRNN,BTC-USD,2026-04-25 13:00:00,0.027853703,0.027843272
PSOQRNN,BTC-USD,2026-04-25 13:15:00,0.027796766,0.027695697
PSOQRNN,BTC-USD,2026-04-25 13:30:00,0.02770981,0.027704706
PSOQRNN,BTC-USD,2026-04-25 13:45:00,0.027675504,0.027663609
PSOQRNN,BTC-USD,2026-04-25 14:00:00,0.027633335,0.027657188
PSOQRNN,BTC-USD,2026-04-25 14:15:00,0.027653586,0.027516784
PSOQRNN,BTC-USD,2026-04-25 14:30:00,0.027485153,0.027496839
PSOQRNN,BTC-USD,2026-04-25 14:45:00,0.027408201,0.027495312
PSOQRNN,BTC-USD,2026-04-25 15:00:00,0.027470382,0.027270585
PSOQRNN,BTC-USD,2026-04-25 15:15:00,0.027250962,0.026383583
PSOQRNN,BTC-USD,2026-04-25 15:30:00,0.026277719,0.02638832
PSOQRNN,BTC-USD,2026-04-25 15:45:00,0.026054475,0.026724527
PSOQRNN,BTC-USD,2026-04-25 16:00:00,0.02675446,0.026711924
PSOQRNN,BTC-USD,2026-04-25 16:15:00,0.026617467,0.02661568
PSOQRNN,BTC-USD,2026-04-25 16:30:00,0.02652312,0.026489863
PSOQRNN,BTC-USD,2026-04-25 16:45:00,0.026450692,0.026482943
PSOQRNN,BTC-USD,2026-04-25 17:00:00,0.026382312,0.026363982
PSOQRNN,BTC-USD,2026-04-25 17:15:00,0.026265807,0.026326004
PSOQRNN,BTC-USD,2026-04-25 17:30:00,0.026237931,0.02625192
PSOQRNN,BTC-USD,2026-04-25 17:45:00,0.02612881,0.026249202
PSOQRNN,BTC-USD,2026-04-25 18:00:00,0.026197905,0.02612275
PSOQRNN,BTC-USD,2026-04-25 18:15:00,0.026071867,0.026119407
PSOQRNN,BTC-USD,2026-04-25 18:30:00,0.026028743,0.026110293
PSOQRNN,BTC-USD,2026-04-25 18:45:00,0.026015162,0.026060933
PSOQRNN,BTC-USD,2026-04-25 19:00:00,0.026008252,0.026036952
PSOQRNN,BTC-USD,2026-04-25 19:15:00,0.025893413,0.026047986
PSOQRNN,BTC-USD,2026-04-25 19:30:00,0.025914855,0.026043355
PSOQRNN,BTC-USD,2026-04-25 19:45:00,0.026064005,0.026093801
PSOQRNN,BTC-USD,2026-04-25 20:00:00,0.026037082,0.026079308
PSOQRNN,BTC-USD,2026-04-25 20:15:00,0.026055427,0.026077325
PSOQRNN,BTC-USD,2026-04-25 20:30:00,0.025977755,0.026076585
PSOQRNN,BTC-USD,2026-04-25 20:45:00,0.026055427,0.02604196
PSOQRNN,BTC-USD,2026-04-25 21:00:00,0.025981091,0.02592019
PSOQRNN,BTC-USD,2026-04-25 21:15:00,0.02581431,0.025899742
PSOQRNN,BTC-USD,2026-04-25 21:30:00,0.025799539,0.025868755
PSOQRNN,BTC-USD,2026-04-25 21:45:00,0.025835754,0.025880195
PSOQRNN,BTC-USD,2026-04-25 22:00:00,0.025771186,0.025862657
PSOQRNN,BTC-USD,2026-04-25 22:15:00,0.025811212,0.02586864
PSOQRNN,BTC-USD,2026-04-25 22:30:00,0.02581145,0.02586753
PSOQRNN,BTC-USD,2026-04-25 22:45:00,0.025745453,0.025866196
PSOQRNN,BTC-USD,2026-04-25 23:00:00,0.02580073,0.02585924
PSOQRNN,BTC-USD,2026-04-25 23:15:00,0.025778094,0.025805585
PSOQRNN,BTC-USD,2026-04-25 23:30:00,0.025724247,0.025593178
PSOQRNN,BTC-USD,2026-04-25 23:45:00,0.025513863,0.025542349
PSOQRNN,BTC-USD,2026-04-26 00:00:00,0.025377575,0.025297064
PSOQRNN,BTC-USD,2026-04-26 00:15:00,0.02512263,0.025311839
PSOQRNN,BTC-USD,2026-04-26 00:30:00,0.025265114,0.025285933
PSOQRNN,BTC-USD,2026-04-26 00:45:00,0.025136212,0.025275918
PSOQRNN,BTC-USD,2026-04-26 01:00:00,0.025170283,0.02464489
PSOQRNN,BTC-USD,2026-04-26 01:15:00,0.024513608,0.024543392
PSOQRNN,BTC-USD,2026-04-26 01:30:00,0.024446651,0.024550457
PSOQRNN,BTC-USD,2026-04-26 01:45:00,0.024324892,0.024583511
PSOQRNN,BTC-USD,2026-04-26 02:00:00,0.024542915,0.024626322
PSOQRNN,BTC-USD,2026-04-26 02:15:00,0.024480011,0.02460735
PSOQRNN,BTC-USD,2026-04-26 02:30:00,0.024441648,0.024564486
PSOQRNN,BTC-USD,2026-04-26 02:45:00,0.024429496,0.024524188
PSOQRNN,BTC-USD,2026-04-26 03:00:00,0.024388036,0.024522416
PSOQRNN,BTC-USD,2026-04-26 03:15:00,0.02429749,0.024547664
PSOQRNN,BTC-USD,2026-04-26 03:30:00,0.024370404,0.024554197
PSOQRNN,BTC-USD,2026-04-26 03:45:00,0.02441925,0.024510339
PSOQRNN,BTC-USD,2026-04-26 04:00:00,0.024438074,0.024372458
PSOQRNN,BTC-USD,2026-04-26 04:15:00,0.024234824,0.024361493
PSOQRNN,BTC-USD,2026-04-26 04:30:00,0.024247453,0.024353683
PSOQRNN,BTC-USD,2026-04-26 04:45:00,0.024427114,0.024577798
PSOQRNN,BTC-USD,2026-04-26 05:00:00,0.024747593,0.025019327
PSOQRNN,BTC-USD,2026-04-26 05:15:00,0.024873877,0.024892993
PSOQRNN,BTC-USD,2026-04-26 05:30:00,0.024721144,0.024798468
PSOQRNN,BTC-USD,2026-04-26 05:45:00,0.024614874,0.024534902
PSOQRNN,BTC-USD,2026-04-26 06:00:00,0.024421396,0.024520982
PSOQRNN,BTC-USD,2026-04-26 06:15:00,0.024322748,0.0242679
PSOQRNN,BTC-USD,2026-04-26 06:30:00,0.024175968,0.024256276
PSOQRNN,BTC-USD,2026-04-26 06:45:00,0.024094239,0.024222346
PSOQRNN,BTC-USD,2026-04-26 07:00:00,0.024076844,0.024207411
PSOQRNN,BTC-USD,2026-04-26 07:15:00,0.02405087,0.024206636
PSOQRNN,BTC-USD,2026-04-26 07:30:00,0.024032762,0.024204046
PSOQRNN,BTC-USD,2026-04-26 07:45:00,0.024163578,0.024077306
PSOQRNN,BTC-USD,2026-04-26 08:00:00,0.023901708,0.023848277
PSOQRNN,BTC-USD,2026-04-26 08:15:00,0.023687253,0.023635698
PSOQRNN,BTC-USD,2026-04-26 08:30:00,0.023417989,0.023012241
PSOQRNN,BTC-USD,2026-04-26 08:45:00,0.022793189,0.021748135
PSOQRNN,BTC-USD,2026-04-26 09:00:00,0.021473236,0.021591509
PSOQRNN,BTC-USD,2026-04-26 09:15:00,0.021311661,0.02157739
PSOQRNN,BTC-USD,2026-04-26 09:30:00,0.021269957,0.021506308
PSOQRNN,BTC-USD,2026-04-26 09:45:00,0.021256136,0.021055635
PSOQRNN,BTC-USD,2026-04-26 10:00:00,0.020784514,0.02105894
PSOQRNN,BTC-USD,2026-04-26 10:15:00,0.020730415,0.020975552
PSOQRNN,BTC-USD,2026-04-26 10:30:00,0.020667024,0.020812344
PSOQRNN,BTC-USD,2026-04-26 10:45:00,0.020494005,0.020797385
PSOQRNN,BTC-USD,2026-04-26 11:00:00,0.020527132,0.020782422
PSOQRNN,BTC-USD,2026-04-26 11:15:00,0.020555014,0.020798432
PSOQRNN,BTC-USD,2026-04-26 11:30:00,0.020431804,0.020564089
PSOQRNN,BTC-USD,2026-04-26 11:45:00,0.020244008,0.020521771
PSOQRNN,BTC-USD,2026-04-26 12:00:00,0.020082425,0.020568749
PSOQRNN,BTC-USD,2026-04-26 12:15:00,0.020225896,0.020564744
PSOQRNN,BTC-USD,2026-04-26 12:30:00,0.020203255,0.02049225
PSOQRNN,BTC-USD,2026-04-26 12:45:00,0.020046439,0.020413661
PSOQRNN,BTC-USD,2026-04-26 13:00:00,0.020150824,0.02029089
PSOQRNN,BTC-USD,2026-04-26 13:15:00,0.019920127,0.020251162
PSOQRNN,BTC-USD,2026-04-26 13:30:00,0.020004494,0.02020432
PSOQRNN,BTC-USD,2026-04-26 13:45:00,0.01985292,0.020182416
PSOQRNN,BTC-USD,2026-04-26 14:00:00,0.019813597,0.020098567
PSOQRNN,BTC-USD,2026-04-26 14:15:00,0.019849822,0.020137668
PSOQRNN,BTC-USD,2026-04-26 14:30:00,0.019777609,0.02007794
PSOQRNN,BTC-USD,2026-04-26 14:45:00,0.019758543,0.020083284
PSOQRNN,BTC-USD,2026-04-26 15:00:00,0.019729706,0.020076478
PSOQRNN,BTC-USD,2026-04-26 15:15:00,0.019732328,0.020025456
PSOQRNN,BTC-USD,2026-04-26 15:30:00,0.019605061,0.020037154
PSOQRNN,BTC-USD,2026-04-26 15:45:00,0.01968943,0.020033283
PSOQRNN,BTC-USD,2026-04-26 16:00:00,0.019642478,0.019762179
PSOQRNN,BTC-USD,2026-04-26 16:15:00,0.019419642,0.019699847
PSOQRNN,BTC-USD,2026-04-26 16:30:00,0.019267112,0.019708935
PSOQRNN,BTC-USD,2026-04-26 16:45:00,0.019264728,0.019092482
PSOQRNN,BTC-USD,2026-04-26 17:00:00,0.018765183,0.019116469
PSOQRNN,BTC-USD,2026-04-26 17:15:00,0.018705362,0.019036304
PSOQRNN,BTC-USD,2026-04-26 17:30:00,0.018614555,0.018932782
PSOQRNN,BTC-USD,2026-04-26 17:45:00,0.018507065,0.018581893
PSOQRNN,BTC-USD,2026-04-26 18:00:00,0.018217724,0.018608494
PSOQRNN,BTC-USD,2026-04-26 18:15:00,0.018256573,0.01806285
PSOQRNN,BTC-USD,2026-04-26 18:30:00,0.017612573,0.017985009
PSOQRNN,BTC-USD,2026-04-26 18:45:00,0.017577298,0.017974759
PSOQRNN,BTC-USD,2026-04-26 19:00:00,0.017607806,0.01802662
PSOQRNN,BTC-USD,2026-04-26 19:15:00,0.0173349,0.018130409
PSOQRNN,BTC-USD,2026-04-26 19:30:00,0.017638076,0.018130228
PSOQRNN,BTC-USD,2026-04-26 19:45:00,0.017708149,0.018137518
PSOQRNN,BTC-USD,2026-04-26 20:00:00,0.017610904,0.018093498
PSOQRNN,BTC-USD,2026-04-26 20:15:00,0.017662149,0.018074425
PSOQRNN,BTC-USD,2026-04-26 20:30:00,0.017661195,0.018068323
PSOQRNN,BTC-USD,2026-04-26 20:45:00,0.017491493,0.017824572
PSOQRNN,BTC-USD,2026-04-26 21:00:00,0.017373988,0.017831624
PSOQRNN,BTC-USD,2026-04-26 21:15:00,0.017278174,0.017789843
PSOQRNN,BTC-USD,2026-04-26 21:30:00,0.01707105,0.017970525
PSOQRNN,BTC-USD,2026-04-26 21:45:00,0.017933145,0.01872862
PSOQRNN,BTC-USD,2026-04-26 22:00:00,0.018450819,0.018819382
PSOQRNN,BTC-USD,2026-04-26 22:15:00,0.018369544,0.018809672
PSOQRNN,BTC-USD,2026-04-26 22:30:00,0.018084968,0.019117923
PSOQRNN,BTC-USD,2026-04-26 22:45:00,0.018738728,0.019121727
PSOQRNN,BTC-USD,2026-04-26 23:00:00,0.018749453,0.019122398
PSOQRNN,BTC-USD,2026-04-26 23:15:00,0.018507065,0.01916543
PSOQRNN,BTC-USD,2026-04-26 23:30:00,0.019208243,0.01990628
PSOQRNN,BTC-USD,2026-04-26 23:45:00,0.01958409,0.019907178
PSOQRNN,BTC-USD,2026-04-27 00:00:00,0.019476127,0.019588908
PSOQRNN,BTC-USD,2026-04-27 00:15:00,0.019098373,0.019632623
PSOQRNN,BTC-USD,2026-04-27 00:30:00,0.019589331,0.020039633
PSOQRNN,BTC-USD,2026-04-27 00:45:00,0.020122226,0.02078011
PSOQRNN,BTC-USD,2026-04-27 01:00:00,0.020327896,0.020856494
PSOQRNN,BTC-USD,2026-04-27 01:15:00,0.0203329,0.020935193
PSOQRNN,BTC-USD,2026-04-27 01:30:00,0.020766879,0.021003965
PSOQRNN,BTC-USD,2026-04-27 01:45:00,0.020916063,0.021152504
PSOQRNN,BTC-USD,2026-04-27 02:00:00,0.020756153,0.02028313
PSOQRNN,BTC-USD,2026-04-27 02:15:00,0.019882472,0.020257317
PSOQRNN,BTC-USD,2026-04-27 02:30:00,0.019867219,0.020261303
PSOQRNN,BTC-USD,2026-04-27 02:45:00,0.019973751,0.020255668
PSOQRNN,BTC-USD,2026-04-27 03:00:00,0.019991387,0.02025342
PSOQRNN,BTC-USD,2026-04-27 03:15:00,0.019949919,0.020250367
PSOQRNN,BTC-USD,2026-04-27 03:30:00,0.019886285,0.020223623
PSOQRNN,BTC-USD,2026-04-27 03:45:00,0.019738048,0.02028188
PSOQRNN,BTC-USD,2026-04-27 04:00:00,0.01989558,0.020258317
PSOQRNN,BTC-USD,2026-04-27 04:15:00,0.019967077,0.020106217
PSOQRNN,BTC-USD,2026-04-27 04:30:00,0.01970349,0.020115614
PSOQRNN,BTC-USD,2026-04-27 04:45:00,0.019616978,0.020159801
PSOQRNN,BTC-USD,2026-04-27 05:00:00,0.019297857,0.020973498
PSOQRNN,BTC-USD,2026-04-27 05:15:00,0.02011031,0.022033902
PSOQRNN,BTC-USD,2026-04-27 05:30:00,0.021702249,0.021755818
PSOQRNN,BTC-USD,2026-04-27 05:45:00,0.021481814,0.021740202
PSOQRNN,BTC-USD,2026-04-27 06:00:00,0.021416757,0.021359283
PSOQRNN,BTC-USD,2026-04-27 06:15:00,0.021070728,0.021329481
PSOQRNN,BTC-USD,2026-04-27 06:30:00,0.020938704,0.021266866
PSOQRNN,BTC-USD,2026-04-27 06:45:00,0.02105238,0.021275228
PSOQRNN,BTC-USD,2026-04-27 07:00:00,0.020928217,0.021038724
PSOQRNN,BTC-USD,2026-04-27 07:15:00,0.020778794,0.021022854
PSOQRNN,BTC-USD,2026-04-27 07:30:00,0.020710874,0.021023126
PSOQRNN,BTC-USD,2026-04-27 07:45:00,0.020656776,0.02102028
PSOQRNN,BTC-USD,2026-04-27 08:00:00,0.020727795,0.021018064
PSOQRNN,BTC-USD,2026-04-27 08:15:00,0.020662257,0.021004613
PSOQRNN,BTC-USD,2026-04-27 08:30:00,0.020750197,0.020987632
PSOQRNN,BTC-USD,2026-04-27 08:45:00,0.020860298,0.021083375
PSOQRNN,BTC-USD,2026-04-27 09:00:00,0.020832177,0.021002501
PSOQRNN,BTC-USD,2026-04-27 09:15:00,0.020616025,0.021023864
PSOQRNN,BTC-USD,2026-04-27 09:30:00,0.02088961,0.021113405
PSOQRNN,BTC-USD,2026-04-27 09:45:00,0.020766879,0.021117989
PSOQRNN,BTC-USD,2026-04-27 10:00:00,0.02074257,0.021141898
PSOQRNN,BTC-USD,2026-04-27 10:15:00,0.020839326,0.021139724
PSOQRNN,BTC-USD,2026-04-27 10:30:00,0.020907484,0.021151947
PSOQRNN,BTC-USD,2026-04-27 10:45:00,0.020828364,0.021153232
PSOQRNN,BTC-USD,2026-04-27 11:00:00,0.02078523,0.021174237
PSOQRNN,BTC-USD,2026-04-27 11:15:00,0.02095753,0.021161688
PSOQRNN,BTC-USD,2026-04-27 11:30:00,0.020816686,0.021145303
PSOQRNN,BTC-USD,2026-04-27 11:45:00,0.020880792,0.021109516
PSOQRNN,BTC-USD,2026-04-27 12:00:00,0.020795237,0.021035388
PSOQRNN,BTC-USD,2026-04-27 12:15:00,0.020657968,0.02105252
PSOQRNN,BTC-USD,2026-04-27 12:30:00,0.02073113,0.021038618
PSOQRNN,BTC-USD,2026-04-27 12:45:00,0.020671552,0.021053469
PSOQRNN,BTC-USD,2026-04-27 13:00:00,0.02079643,0.021042446
PSOQRNN,BTC-USD,2026-04-27 13:15:00,0.02073685,0.021026881
PSOQRNN,BTC-USD,2026-04-27 13:30:00,0.02087555,0.020854762
PSOQRNN,BTC-USD,2026-04-27 13:45:00,0.020424893,0.020904567
PSOQRNN,BTC-USD,2026-04-27 14:00:00,0.020695144,0.020934656
PSOQRNN,BTC-USD,2026-04-27 14:15:00,0.020659398,0.020936958
PSOQRNN,BTC-USD,2026-04-27 14:30:00,0.02091654,0.02126629
PSOQRNN,BTC-USD,2026-04-27 14:45:00,0.020614117,0.021786775
PSOQRNN,BTC-USD,2026-04-27 15:00:00,0.021088125,0.022536265
PSOQRNN,BTC-USD,2026-04-27 15:15:00,0.021798048,0.023540433
PSOQRNN,BTC-USD,2026-04-27 15:30:00,0.023547856,0.02369222
PSOQRNN,BTC-USD,2026-04-27 15:45:00,0.023286216,0.02389303
PSOQRNN,BTC-USD,2026-04-27 16:00:00,0.023708936,0.02388493
PSOQRNN,BTC-USD,2026-04-27 16:15:00,0.023692733,0.023886176
PSOQRNN,BTC-USD,2026-04-27 16:30:00,0.023578832,0.02395085
PSOQRNN,BTC-USD,2026-04-27 16:45:00,0.023814257,0.023953572
PSOQRNN,BTC-USD,2026-04-27 17:00:00,0.023860484,0.0239775
PSOQRNN,BTC-USD,2026-04-27 17:15:00,0.023933638,0.024010997
PSOQRNN,BTC-USD,2026-04-27 17:30:00,0.023880024,0.024015669
PSOQRNN,BTC-USD,2026-04-27 17:45:00,0.023735862,0.0240764
PSOQRNN,BTC-USD,2026-04-27 18:00:00,0.023926727,0.02407413
PSOQRNN,BTC-USD,2026-04-27 18:15:00,0.023870254,0.024080958
PSOQRNN,BTC-USD,2026-04-27 18:30:00,0.023987966,0.024050394
PSOQRNN,BTC-USD,2026-04-27 18:45:00,0.023951747,0.024066865
PSOQRNN,BTC-USD,2026-04-27 19:00:00,0.023951031,0.02407391
PSOQRNN,BTC-USD,2026-04-27 19:15:00,0.023698451,0.024275776
PSOQRNN,BTC-USD,2026-04-27 19:30:00,0.024263417,0.024364712
PSOQRNN,BTC-USD,2026-04-27 19:45:00,0.024308452,0.024404177
PSOQRNN,BTC-USD,2026-04-27 20:00:00,0.02426985,0.024364231
PSOQRNN,BTC-USD,2026-04-27 20:15:00,0.024303447,0.024398722
PSOQRNN,BTC-USD,2026-04-27 20:30:00,0.024242925,0.024398169
PSOQRNN,BTC-USD,2026-04-27 20:45:00,0.024231726,0.024399588
PSOQRNN,BTC-USD,2026-04-27 21:00:00,0.024193602,0.024412654
PSOQRNN,BTC-USD,2026-04-27 21:15:00,0.024289865,0.024404442
PSOQRNN,BTC-USD,2026-04-27 21:30:00,0.024246499,0.024399642
PSOQRNN,BTC-USD,2026-04-27 21:45:00,0.024154285,0.024443023
PSOQRNN,BTC-USD,2026-04-27 22:00:00,0.024367068,0.02446405
PSOQRNN,BTC-USD,2026-04-27 22:15:00,0.024428304,0.024505507
PSOQRNN,BTC-USD,2026-04-27 22:30:00,0.024384223,0.02450697
PSOQRNN,BTC-USD,2026-04-27 22:45:00,0.024418773,0.02451955
PSOQRNN,BTC-USD,2026-04-27 23:00:00,0.024358967,0.024511233
PSOQRNN,BTC-USD,2026-04-27 23:15:00,0.024448559,0.02453964
PSOQRNN,BTC-USD,2026-04-27 23:30:00,0.024550302,0.024631338
PSOQRNN,BTC-USD,2026-04-27 23:45:00,0.024551969,0.024646183
PSOQRNN,BTC-USD,2026-04-28 00:00:00,0.024472386,0.024652299
PSOQRNN,BTC-USD,2026-04-28 00:15:00,0.024438074,0.024675503
PSOQRNN,BTC-USD,2026-04-28 00:30:00,0.0246997,0.02472588
PSOQRNN,BTC-USD,2026-04-28 00:45:00,0.024569841,0.02472752
PSOQRNN,BTC-USD,2026-04-28 01:00:00,0.024565075,0.024720542
PSOQRNN,BTC-USD,2026-04-28 01:15:00,0.024498835,0.02474566
PSOQRNN,BTC-USD,2026-04-28 01:30:00,0.024490733,0.024814576
PSOQRNN,BTC-USD,2026-04-28 01:45:00,0.02468159,0.024812337
PSOQRNN,BTC-USD,2026-04-28 02:00:00,0.024742588,0.024824021
PSOQRNN,BTC-USD,2026-04-28 02:15:00,0.024563884,0.024887776
PSOQRNN,BTC-USD,2026-04-28 02:30:00,0.024501933,0.025191495
PSOQRNN,BTC-USD,2026-04-28 02:45:00,0.02523557,0.025311703
PSOQRNN,BTC-USD,2026-04-28 03:00:00,0.02509928,0.025358971
PSOQRNN,BTC-USD,2026-04-28 03:15:00,0.025255583,0.025338765
PSOQRNN,BTC-USD,2026-04-28 03:30:00,0.025248436,0.025332786
PSOQRNN,BTC-USD,2026-04-28 03:45:00,0.025240095,0.025334349
PSOQRNN,BTC-USD,2026-04-28 04:00:00,0.02529037,0.025328584
PSOQRNN,BTC-USD,2026-04-28 04:15:00,0.025143836,0.02535276
PSOQRNN,BTC-USD,2026-04-28 04:30:00,0.025274882,0.02534377
PSOQRNN,BTC-USD,2026-04-28 04:45:00,0.025281077,0.025354784
PSOQRNN,BTC-USD,2026-04-28 05:00:00,0.025309432,0.025374984
PSOQRNN,BTC-USD,2026-04-28 05:15:00,0.025355656,0.025408568
PSOQRNN,BTC-USD,2026-04-28 05:30:00,0.02512954,0.025548026
PSOQRNN,BTC-USD,2026-04-28 05:45:00,0.025467401,0.025536273
PSOQRNN,BTC-USD,2026-04-28 06:00:00,0.025531018,0.025582375
PSOQRNN,BTC-USD,2026-04-28 06:15:00,0.025402354,0.025608234
PSOQRNN,BTC-USD,2026-04-28 06:30:00,0.025270117,0.025872035
PSOQRNN,BTC-USD,2026-04-28 06:45:00,0.025851717,0.025549933
PSOQRNN,BTC-USD,2026-04-28 07:00:00,0.025331352,0.025567077
PSOQRNN,BTC-USD,2026-04-28 07:15:00,0.025543168,0.025592215
PSOQRNN,BTC-USD,2026-04-28 07:30:00,0.025659917,0.025729284
PSOQRNN,BTC-USD,2026-04-28 07:45:00,0.025654675,0.025726525
PSOQRNN,BTC-USD,2026-04-28 08:00:00,0.02561036,0.025723547
PSOQRNN,BTC-USD,2026-04-28 08:15:00,0.025726393,0.02576864
PSOQRNN,BTC-USD,2026-04-28 08:30:00,0.025553891,0.025838867
PSOQRNN,BTC-USD,2026-04-28 08:45:00,0.02578143,0.025833888
PSOQRNN,BTC-USD,2026-04-28 09:00:00,0.025720198,0.025832834
PSOQRNN,BTC-USD,2026-04-28 09:15:00,0.025709238,0.025832811
PSOQRNN,BTC-USD,2026-04-28 09:30:00,0.025643239,0.025879106
PSOQRNN,BTC-USD,2026-04-28 09:45:00,0.025727345,0.025896711
PSOQRNN,BTC-USD,2026-04-28 10:00:00,0.025741879,0.025911873
PSOQRNN,BTC-USD,2026-04-28 10:15:00,0.025838614,0.025896555
PSOQRNN,BTC-USD,2026-04-28 10:30:00,0.025873398,0.025907353
PSOQRNN,BTC-USD,2026-04-28 10:45:00,0.025819315,0.025850391
PSOQRNN,BTC-USD,2026-04-28 11:00:00,0.025637759,0.025917912
PSOQRNN,BTC-USD,2026-04-28 11:15:00,0.02573068,0.025945242
PSOQRNN,BTC-USD,2026-04-28 11:30:00,0.02582241,0.02594965
PSOQRNN,BTC-USD,2026-04-28 11:45:00,0.025811689,0.025940053
PSOQRNN,BTC-USD,2026-04-28 12:00:00,0.025890315,0.02594489
PSOQRNN,BTC-USD,2026-04-28 12:15:00,0.025825746,0.025947943
PSOQRNN,BTC-USD,2026-04-28 12:30:00,0.025933677,0.025976628
PSOQRNN,BTC-USD,2026-04-28 12:45:00,0.025947258,0.025976768
PSOQRNN,BTC-USD,2026-04-28 13:00:00,0.025692798,0.026161077
PSOQRNN,BTC-USD,2026-04-28 13:15:00,0.026138341,0.026171032
PSOQRNN,BTC-USD,2026-04-28 13:30:00,0.026140723,0.026178593
PSOQRNN,BTC-USD,2026-04-28 13:45:00,0.02602922,0.026196988
PSOQRNN,BTC-USD,2026-04-28 14:00:00,0.02602374,0.026234722
PSOQRNN,BTC-USD,2026-04-28 14:15:00,0.025954645,0.026429584
PSOQRNN,BTC-USD,2026-04-28 14:30:00,0.026382312,0.026432503
PSOQRNN,BTC-USD,2026-04-28 14:45:00,0.026439017,0.026464207
PSOQRNN,BTC-USD,2026-04-28 15:00:00,0.026429964,0.026456058
PSOQRNN,BTC-USD,2026-04-28 15:15:00,0.026407568,0.026442926
PSOQRNN,BTC-USD,2026-04-28 15:30:00,0.026301784,0.026444625
PSOQRNN,BTC-USD,2026-04-28 15:45:00,0.026480235,0.026501939
PSOQRNN,BTC-USD,2026-04-28 16:00:00,0.026391843,0.026508795
PSOQRNN,BTC-USD,2026-04-28 16:15:00,0.026389938,0.026519638
PSOQRNN,BTC-USD,2026-04-28 16:30:00,0.02642639,0.02651213
PSOQRNN,BTC-USD,2026-04-28 16:45:00,0.026608652,0.026632467
PSOQRNN,BTC-USD,2026-04-28 17:00:00,0.026495721,0.026612695
PSOQRNN,BTC-USD,2026-04-28 17:15:00,0.026598645,0.02662827
PSOQRNN,BTC-USD,2026-04-28 17:30:00,0.02664177,0.026660578
PSOQRNN,BTC-USD,2026-04-28 17:45:00,0.026589353,0.026660442
PSOQRNN,BTC-USD,2026-04-28 18:00:00,0.026558857,0.026666509
PSOQRNN,BTC-USD,2026-04-28 18:15:00,0.026686084,0.02667778
PSOQRNN,BTC-USD,2026-04-28 18:30:00,0.026555045,0.026689459
PSOQRNN,BTC-USD,2026-04-28 18:45:00,0.026687989,0.026710643
PSOQRNN,BTC-USD,2026-04-28 19:00:00,0.026536224,0.02675072
PSOQRNN,BTC-USD,2026-04-28 19:15:00,0.026750172,0.026771225
PSOQRNN,BTC-USD,2026-04-28 19:30:00,0.026831653,0.026846576
PSOQRNN,BTC-USD,2026-04-28 19:45:00,0.026805207,0.026633874
PSOQRNN,BTC-USD,2026-04-28 20:00:00,0.026620088,0.02621613
PSOQRNN,BTC-USD,2026-04-28 20:15:00,0.026118089,0.026215546
PSOQRNN,BTC-USD,2026-04-28 20:30:00,0.02618504,0.02622193
PSOQRNN,BTC-USD,2026-04-28 20:45:00,0.026178606,0.026218496
PSOQRNN,BTC-USD,2026-04-28 21:00:00,0.026056143,0.02624693
PSOQRNN,BTC-USD,2026-04-28 21:15:00,0.026124045,0.026243454
PSOQRNN,BTC-USD,2026-04-28 21:30:00,0.026178844,0.026227543
PSOQRNN,BTC-USD,2026-04-28 21:45:00,0.026180511,0.026233701
PSOQRNN,BTC-USD,2026-04-28 22:00:00,0.026162166,0.02623366
PSOQRNN,BTC-USD,2026-04-28 22:15:00,0.026130479,0.026235988
PSOQRNN,BTC-USD,2026-04-28 22:30:00,0.026126904,0.02623878
PSOQRNN,BTC-USD,2026-04-28 22:45:00,0.02612071,0.026185961
PSOQRNN,BTC-USD,2026-04-28 23:00:00,0.026185991,0.02622148
PSOQRNN,BTC-USD,2026-04-28 23:15:00,0.026095456,0.026230427
PSOQRNN,BTC-USD,2026-04-28 23:30:00,0.026165979,0.026227236
PSOQRNN,BTC-USD,2026-04-28 23:45:00,0.026178844,0.0262328
PSOQRNN,BTC-USD,2026-04-29 00:00:00,0.026153827,0.02623281
PSOQRNN,BTC-USD,2026-04-29 00:15:00,0.026145011,0.026232995
PSOQRNN,BTC-USD,2026-04-29 00:30:00,0.026222683,0.026256597
PSOQRNN,BTC-USD,2026-04-29 00:45:00,0.026278196,0.026306454
PSOQRNN,BTC-USD,2026-04-29 01:00:00,0.026104746,0.02637774
PSOQRNN,BTC-USD,2026-04-29 01:15:00,0.026203146,0.026424618
PSOQRNN,BTC-USD,2026-04-29 01:30:00,0.026495006,0.026535403
PSOQRNN,BTC-USD,2026-04-29 01:45:00,0.026587686,0.026615575
PSOQRNN,BTC-USD,2026-04-29 02:00:00,0.026543848,0.02660723
PSOQRNN,BTC-USD,2026-04-29 02:15:00,0.026468799,0.026602989
PSOQRNN,BTC-USD,2026-04-29 02:30:00,0.02651621,0.02659839
PSOQRNN,BTC-USD,2026-04-29 02:45:00,0.026609844,0.026632044
PSOQRNN,BTC-USD,2026-04-29 03:00:00,0.026649632,0.026638767
PSOQRNN,BTC-USD,2026-04-29 03:15:00,0.026773758,0.026854547
PSOQRNN,BTC-USD,2026-04-29 03:30:00,0.026951728,0.026983185
PSOQRNN,BTC-USD,2026-04-29 03:45:00,0.026867628,0.02696644
PSOQRNN,BTC-USD,2026-04-29 04:00:00,0.026855715,0.026963877
PSOQRNN,BTC-USD,2026-04-29 04:15:00,0.02700033,0.02700797
PSOQRNN,BTC-USD,2026-04-29 04:30:00,0.027170675,0.027231619
PSOQRNN,BTC-USD,2026-04-29 04:45:00,0.027148042,0.027238827
PSOQRNN,BTC-USD,2026-04-29 05:00:00,0.027155904,0.027245075
PSOQRNN,BTC-USD,2026-04-29 05:15:00,0.027241195,0.027219964
PSOQRNN,BTC-USD,2026-04-29 05:30:00,0.027150663,0.027222456
PSOQRNN,BTC-USD,2026-04-29 05:45:00,0.027214035,0.027226081
PSOQRNN,BTC-USD,2026-04-29 06:00:00,0.027127791,0.027239842
PSOQRNN,BTC-USD,2026-04-29 06:15:00,0.027094198,0.027291002
PSOQRNN,BTC-USD,2026-04-29 06:30:00,0.027184492,0.02730139
PSOQRNN,BTC-USD,2026-04-29 06:45:00,0.027276216,0.027303107
PSOQRNN,BTC-USD,2026-04-29 07:00:00,0.027310522,0.02731622
PSOQRNN,BTC-USD,2026-04-29 07:15:00,0.027246675,0.02731576
PSOQRNN,BTC-USD,2026-04-29 07:30:00,0.02732696,0.027325952
PSOQRNN,BTC-USD,2026-04-29 07:45:00,0.02722142,0.027334372
PSOQRNN,BTC-USD,2026-04-29 08:00:00,0.027280265,0.027311938
PSOQRNN,BTC-USD,2026-04-29 08:15:00,0.027328152,0.0273324
PSOQRNN,BTC-USD,2026-04-29 08:30:00,0.02725811,0.02733714
PSOQRNN,BTC-USD,2026-04-29 08:45:00,0.027278598,0.027338173
PSOQRNN,BTC-USD,2026-04-29 09:00:00,0.02731195,0.02732006
PSOQRNN,BTC-USD,2026-04-29 09:15:00,0.027332917,0.027313309
PSOQRNN,BTC-USD,2026-04-29 09:30:00,0.027368177,0.027365284
PSOQRNN,BTC-USD,2026-04-29 09:45:00,0.027614038,0.027823819
PSOQRNN,BTC-USD,2026-04-29 10:00:00,0.02785537,0.027808009
PSOQRNN,BTC-USD,2026-04-29 10:15:00,0.027896585,0.027784992
PSOQRNN,BTC-USD,2026-04-29 10:30:00,0.027518028,0.028091785
PSOQRNN,BTC-USD,2026-04-29 10:45:00,0.028108135,0.028092254
PSOQRNN,BTC-USD,2026-04-29 11:00:00,0.028047148,0.028089697
PSOQRNN,BTC-USD,2026-04-29 11:15:00,0.028010698,0.028101787
PSOQRNN,BTC-USD,2026-04-29 11:30:00,0.028129814,0.028104361
PSOQRNN,BTC-USD,2026-04-29 11:45:00,0.02809384,0.028084114
PSOQRNN,BTC-USD,2026-04-29 12:00:00,0.027912784,0.028202547
PSOQRNN,BTC-USD,2026-04-29 12:15:00,0.028013796,0.02835739
PSOQRNN,BTC-USD,2026-04-29 12:30:00,0.028352795,0.02824963
PSOQRNN,BTC-USD,2026-04-29 12:45:00,0.028213432,0.027735218
PSOQRNN,BTC-USD,2026-04-29 13:00:00,0.027742209,0.027672812
PSOQRNN,BTC-USD,2026-04-29 13:15:00,0.027451321,0.027860107
PSOQRNN,BTC-USD,2026-04-29 13:30:00,0.027549952,0.028080719
PSOQRNN,BTC-USD,2026-04-29 13:45:00,0.028213432,0.028222125
PSOQRNN,BTC-USD,2026-04-29 14:00:00,0.028071923,0.028309947
PSOQRNN,BTC-USD,2026-04-29 14:15:00,0.028389482,0.028269503
PSOQRNN,BTC-USD,2026-04-29 14:30:00,0.028170789,0.02772673
PSOQRNN,BTC-USD,2026-04-29 14:45:00,0.027666688,0.027721977
PSOQRNN,BTC-USD,2026-04-29 15:00:00,0.027455373,0.028000686
PSOQRNN,BTC-USD,2026-04-29 15:15:00,0.027955428,0.02797728
PSOQRNN,BTC-USD,2026-04-29 15:30:00,0.027772227,0.027804041
PSOQRNN,BTC-USD,2026-04-29 15:45:00,0.027731251,0.027202806
PSOQRNN,BTC-USD,2026-04-29 16:00:00,0.027235715,0.027199954
PSOQRNN,BTC-USD,2026-04-29 16:15:00,0.027002951,0.027187781
PSOQRNN,BTC-USD,2026-04-29 16:30:00,0.027174724,0.027124554
PSOQRNN,BTC-USD,2026-04-29 16:45:00,0.027013434,0.02697197
PSOQRNN,BTC-USD,2026-04-29 17:00:00,0.027016293,0.02701026
PSOQRNN,BTC-USD,2026-04-29 17:15:00,0.026929334,0.027006838
PSOQRNN,BTC-USD,2026-04-29 17:30:00,0.027057746,0.0270712
PSOQRNN,BTC-USD,2026-04-29 17:45:00,0.027130412,0.027132034
PSOQRNN,BTC-USD,2026-04-29 18:00:00,0.026303452,0.029945765
PSOQRNN,BTC-USD,2026-04-29 18:15:00,0.029943364,0.029937766
PSOQRNN,BTC-USD,2026-04-29 18:30:00,0.030018637,0.029969083
PSOQRNN,BTC-USD,2026-04-29 18:45:00,0.030174183,0.030178757
PSOQRNN,BTC-USD,2026-04-29 19:00:00,0.030228969,0.030183569
PSOQRNN,BTC-USD,2026-04-29 19:15:00,0.030197764,0.030170884
PSOQRNN,BTC-USD,2026-04-29 19:30:00,0.030136785,0.030186621
PSOQRNN,BTC-USD,2026-04-29 19:45:00,0.030296618,0.030199327
PSOQRNN,BTC-USD,2026-04-29 20:00:00,0.030197289,0.02956589
PSOQRNN,BTC-USD,2026-04-29 20:15:00,0.029695867,0.028828917
PSOQRNN,BTC-USD,2026-04-29 20:30:00,0.028894039,0.02884464
PSOQRNN,BTC-USD,2026-04-29 20:45:00,0.028771117,0.028871333
PSOQRNN,BTC-USD,2026-04-29 21:00:00,0.02895145,0.028909644
PSOQRNN,BTC-USD,2026-04-29 21:15:00,0.028940491,0.028917456
PSOQRNN,BTC-USD,2026-04-29 21:30:00,0.028999094,0.02893557
PSOQRNN,BTC-USD,2026-04-29 21:45:00,0.028925246,0.028915124
PSOQRNN,BTC-USD,2026-04-29 22:00:00,0.028946208,0.028915457
PSOQRNN,BTC-USD,2026-04-29 22:15:00,0.028821858,0.028955996
PSOQRNN,BTC-USD,2026-04-29 22:30:00,0.029044354,0.029008292
PSOQRNN,BTC-USD,2026-04-29 22:45:00,0.028979797,0.029003434
PSOQRNN,BTC-USD,2026-04-29 23:00:00,0.02904626,0.029015057
PSOQRNN,BTC-USD,2026-04-29 23:15:00,0.028867835,0.029136986
PSOQRNN,BTC-USD,2026-04-29 23:30:00,0.02920515,0.02915604
PSOQRNN,BTC-USD,2026-04-29 23:45:00,0.029109625,0.0290681
PSOQRNN,BTC-USD,2026-04-30 00:00:00,0.029025536,0.029068684
PSOQRNN,BTC-USD,2026-04-30 00:15:00,0.02913702,0.02908368
PSOQRNN,BTC-USD,2026-04-30 00:30:00,0.029288288,0.029258244
PSOQRNN,BTC-USD,2026-04-30 00:45:00,0.029377379,0.029338082
PSOQRNN,BTC-USD,2026-04-30 01:00:00,0.029335216,0.029324077
PSOQRNN,BTC-USD,2026-04-30 01:15:00,0.02941192,0.029366914
PSOQRNN,BTC-USD,2026-04-30 01:30:00,0.02937595,0.029352088
PSOQRNN,BTC-USD,2026-04-30 01:45:00,0.029285667,0.029383875
PSOQRNN,BTC-USD,2026-04-30 02:00:00,0.029444793,0.029390033
PSOQRNN,BTC-USD,2026-04-30 02:15:00,0.029258272,0.029488932
PSOQRNN,BTC-USD,2026-04-30 02:30:00,0.029160127,0.030178223
PSOQRNN,BTC-USD,2026-04-30 02:45:00,0.030264223,0.030201245
PSOQRNN,BTC-USD,2026-04-30 03:00:00,0.0303121,0.030254541
PSOQRNN,BTC-USD,2026-04-30 03:15:00,0.030329488,0.03025945
PSOQRNN,BTC-USD,2026-04-30 03:30:00,0.030324249,0.030270232
PSOQRNN,BTC-USD,2026-04-30 03:45:00,0.030283993,0.030261863
PSOQRNN,BTC-USD,2026-04-30 04:00:00,0.030195145,0.03031085
PSOQRNN,BTC-USD,2026-04-30 04:15:00,0.030269463,0.030340819
PSOQRNN,BTC-USD,2026-04-30 04:30:00,0.030197525,0.03045924
PSOQRNN,BTC-USD,2026-04-30 04:45:00,0.0305422,0.030449554
PSOQRNN,BTC-USD,2026-04-30 05:00:00,0.030562209,0.030467581
PSOQRNN,BTC-USD,2026-04-30 05:15:00,0.030380702,0.030551946
PSOQRNN,BTC-USD,2026-04-30 05:30:00,0.030763244,0.030541515
PSOQRNN,BTC-USD,2026-04-30 05:45:00,0.030507423,0.03022329
PSOQRNN,BTC-USD,2026-04-30 06:00:00,0.03024993,0.029690033
PSOQRNN,BTC-USD,2026-04-30 06:15:00,0.029768521,0.028909903
PSOQRNN,BTC-USD,2026-04-30 06:30:00,0.028955024,0.02878788
PSOQRNN,BTC-USD,2026-04-30 06:45:00,0.028790412,0.028600581
PSOQRNN,BTC-USD,2026-04-30 07:00:00,0.028634377,0.028611206
PSOQRNN,BTC-USD,2026-04-30 07:15:00,0.028660344,0.028629761
PSOQRNN,BTC-USD,2026-04-30 07:30:00,0.028755633,0.028667685
PSOQRNN,BTC-USD,2026-04-30 07:45:00,0.028722519,0.028687827
PSOQRNN,BTC-USD,2026-04-30 08:00:00,0.02862866,0.028684897
PSOQRNN,BTC-USD,2026-04-30 08:15:00,0.028669873,0.028629726
PSOQRNN,BTC-USD,2026-04-30 08:30:00,0.028667253,0.02863859
PSOQRNN,BTC-USD,2026-04-30 08:45:00,0.028582444,0.028600685
PSOQRNN,BTC-USD,2026-04-30 09:00:00,0.028603647,0.028601164
PSOQRNN,BTC-USD,2026-04-30 09:15:00,0.028679878,0.028640267
PSOQRNN,BTC-USD,2026-04-30 09:30:00,0.028547188,0.028666047
PSOQRNN,BTC-USD,2026-04-30 09:45:00,0.02867559,0.028652828
PSOQRNN,BTC-USD,2026-04-30 10:00:00,0.028608173,0.028652888
PSOQRNN,BTC-USD,2026-04-30 10:15:00,0.028609363,0.028486788
PSOQRNN,BTC-USD,2026-04-30 10:30:00,0.028515505,0.028419605
PSOQRNN,BTC-USD,2026-04-30 10:45:00,0.028390197,0.028386833
PSOQRNN,BTC-USD,2026-04-30 11:00:00,0.028471433,0.028445162
PSOQRNN,BTC-USD,2026-04-30 11:15:00,0.028399726,0.02842032
PSOQRNN,BTC-USD,2026-04-30 11:30:00,0.028276563,0.028517148
PSOQRNN,BTC-USD,2026-04-30 11:45:00,0.028606981,0.028578354
PSOQRNN,BTC-USD,2026-04-30 12:00:00,0.028632948,0.028589904
PSOQRNN,BTC-USD,2026-04-30 12:15:00,0.028718708,0.028702915
PSOQRNN,BTC-USD,2026-04-30 12:30:00,0.028626755,0.02873134
PSOQRNN,BTC-USD,2026-04-30 12:45:00,0.028766114,0.028703121
PSOQRNN,BTC-USD,2026-04-30 13:00:00,0.028712276,0.028686075
PSOQRNN,BTC-USD,2026-04-30 13:15:00,0.028574107,0.028704995
PSOQRNN,BTC-USD,2026-04-30 13:30:00,0.029022915,0.029351143
PSOQRNN,BTC-USD,2026-04-30 13:45:00,0.02920515,0.029489577
PSOQRNN,BTC-USD,2026-04-30 14:00:00,0.029467661,0.02949545
PSOQRNN,BTC-USD,2026-04-30 14:15:00,0.029503155,0.029470665
PSOQRNN,BTC-USD,2026-04-30 14:30:00,0.029482193,0.029379493
PSOQRNN,BTC-USD,2026-04-30 14:45:00,0.029356893,0.02937168
PSOQRNN,BTC-USD,2026-04-30 15:00:00,0.029472902,0.029421983
PSOQRNN,BTC-USD,2026-04-30 15:15:00,0.029484576,0.029416546
PSOQRNN,BTC-USD,2026-04-30 15:30:00,0.029410014,0.029315872
PSOQRNN,BTC-USD,2026-04-30 15:45:00,0.029319016,0.029314168
PSOQRNN,BTC-USD,2026-04-30 16:00:00,0.029330451,0.029311659
PSOQRNN,BTC-USD,2026-04-30 16:15:00,0.029239692,0.029321272
PSOQRNN,BTC-USD,2026-04-30 16:30:00,0.029320447,0.029263832
PSOQRNN,BTC-USD,2026-04-30 16:45:00,0.029210154,0.029286407
PSOQRNN,BTC-USD,2026-04-30 17:00:00,0.029267563,0.02927532
PSOQRNN,BTC-USD,2026-04-30 17:15:00,0.02923993,0.029219972
PSOQRNN,BTC-USD,2026-04-30 17:30:00,0.029231116,0.02895594
PSOQRNN,BTC-USD,2026-04-30 17:45:00,0.029018389,0.028872604
PSOQRNN,BTC-USD,2026-04-30 18:00:00,0.028886177,0.028831126
PSOQRNN,BTC-USD,2026-04-30 18:15:00,0.028840678,0.028831946
PSOQRNN,BTC-USD,2026-04-30 18:30:00,0.028913572,0.028873825
PSOQRNN,BTC-USD,2026-04-30 18:45:00,0.028838057,0.028879518
PSOQRNN,BTC-USD,2026-04-30 19:00:00,0.028949067,0.028892219
PSOQRNN,BTC-USD,2026-04-30 19:15:00,0.028918099,0.028873144
PSOQRNN,BTC-USD,2026-04-30 19:30:00,0.02884425,0.028873637
PSOQRNN,BTC-USD,2026-04-30 19:45:00,0.0288645,0.02886468
PSOQRNN,BTC-USD,2026-04-30 20:00:00,0.028877126,0.02884856
PSOQRNN,BTC-USD,2026-04-30 20:15:00,0.028862594,0.028815946
PSOQRNN,BTC-USD,2026-04-30 20:30:00,0.028844012,0.028696846
PSOQRNN,BTC-USD,2026-04-30 20:45:00,0.028677257,0.028696038
PSOQRNN,BTC-USD,2026-04-30 21:00:00,0.02868488,0.028654752
PSOQRNN,BTC-USD,2026-04-30 21:15:00,0.028540755,0.028695095
PSOQRNN,BTC-USD,2026-04-30 21:30:00,0.028728237,0.028458796
PSOQRNN,BTC-USD,2026-04-30 21:45:00,0.028342314,0.02850013
PSOQRNN,BTC-USD,2026-04-30 22:00:00,0.028578872,0.02848831
PSOQRNN,BTC-USD,2026-04-30 22:15:00,0.02852813,0.028477576
PSOQRNN,BTC-USD,2026-04-30 22:30:00,0.028394246,0.028382171
PSOQRNN,BTC-USD,2026-04-30 22:45:00,0.0283011,0.02840596
PSOQRNN,BTC-USD,2026-04-30 23:00:00,0.028432602,0.028413897
PSOQRNN,BTC-USD,2026-04-30 23:15:00,0.028433554,0.028376255
PSOQRNN,BTC-USD,2026-04-30 23:30:00,0.028352082,0.028312538
PSOQRNN,BTC-USD,2026-04-30 23:45:00,0.028304197,0.028307538
PSOQRNN,BTC-USD,2026-05-01 00:00:00,0.02839139,0.028364155
PSOQRNN,BTC-USD,2026-05-01 00:15:00,0.028395439,0.028371641
PSOQRNN,BTC-USD,2026-05-01 00:30:00,0.028361134,0.028328082
PSOQRNN,BTC-USD,2026-05-01 00:45:00,0.028258935,0.028327648
PSOQRNN,BTC-USD,2026-05-01 01:00:00,0.028387576,0.028340233
PSOQRNN,BTC-USD,2026-05-01 01:15:00,0.028311344,0.028340636
PSOQRNN,BTC-USD,2026-05-01 01:30:00,0.028388768,0.02834394
PSOQRNN,BTC-USD,2026-05-01 01:45:00,0.02837233,0.028354362
PSOQRNN,BTC-USD,2026-05-01 02:00:00,0.028331354,0.028286414
PSOQRNN,BTC-USD,2026-05-01 02:15:00,0.02824202,0.028245367
PSOQRNN,BTC-USD,2026-05-01 02:30:00,0.028204856,0.028242622
PSOQRNN,BTC-USD,2026-05-01 02:45:00,0.02822868,0.028229836
PSOQRNN,BTC-USD,2026-05-01 03:00:00,0.028286092,0.028254231
PSOQRNN,BTC-USD,2026-05-01 03:15:00,0.028589353,0.028975392
PSOQRNN,BTC-USD,2026-05-01 03:30:00,0.028949067,0.028959475
PSOQRNN,BTC-USD,2026-05-01 03:45:00,0.028937394,0.028950553
PSOQRNN,BTC-USD,2026-05-01 04:00:00,0.028938347,0.028772544
PSOQRNN,BTC-USD,2026-05-01 04:15:00,0.028713705,0.028779695
PSOQRNN,BTC-USD,2026-05-01 04:30:00,0.028815664,0.028778102
PSOQRNN,BTC-USD,2026-05-01 04:45:00,0.028745627,0.028759403
PSOQRNN,BTC-USD,2026-05-01 05:00:00,0.028831149,0.028746752
PSOQRNN,BTC-USD,2026-05-01 05:15:00,0.028697744,0.028564418
PSOQRNN,BTC-USD,2026-05-01 05:30:00,0.028590783,0.028568508
PSOQRNN,BTC-USD,2026-05-01 05:45:00,0.02859102,0.028547673
PSOQRNN,BTC-USD,2026-05-01 06:00:00,0.028523365,0.028545232
PSOQRNN,BTC-USD,2026-05-01 06:15:00,0.02854409,0.02854391
PSOQRNN,BTC-USD,2026-05-01 06:30:00,0.028469527,0.028545134
PSOQRNN,BTC-USD,2026-05-01 06:45:00,0.028491205,0.0285087
PSOQRNN,BTC-USD,2026-05-01 07:00:00,0.028525032,0.028502058
PSOQRNN,BTC-USD,2026-05-01 07:15:00,0.028462619,0.028494086
PSOQRNN,BTC-USD,2026-05-01 07:30:00,0.02848525,0.028489938
PSOQRNN,BTC-USD,2026-05-01 07:45:00,0.028578633,0.02841855
PSOQRNN,BTC-USD,2026-05-01 08:00:00,0.028498828,0.028436944
PSOQRNN,BTC-USD,2026-05-01 08:15:00,0.02855624,0.028522786
PSOQRNN,BTC-USD,2026-05-01 08:30:00,0.02846238,0.028514285
PSOQRNN,BTC-USD,2026-05-01 08:45:00,0.028509786,0.028513547
PSOQRNN,BTC-USD,2026-05-01 09:00:00,0.02847429,0.028511101
PSOQRNN,BTC-USD,2026-05-01 09:15:00,0.028513122,0.028481355
PSOQRNN,BTC-USD,2026-05-01 09:30:00,0.02842355,0.028476441
PSOQRNN,BTC-USD,2026-05-01 09:45:00,0.028466668,0.028460635
PSOQRNN,BTC-USD,2026-05-01 10:00:00,0.028368756,0.028435547
PSOQRNN,BTC-USD,2026-05-01 10:15:00,0.02855219,0.02851305
PSOQRNN,BTC-USD,2026-05-01 10:30:00,0.028429743,0.02848038
PSOQRNN,BTC-USD,2026-05-01 10:45:00,0.028505975,0.028486282
PSOQRNN,BTC-USD,2026-05-01 11:00:00,0.028503116,0.028479062
PSOQRNN,BTC-USD,2026-05-01 11:15:00,0.02850645,0.028483752
PSOQRNN,BTC-USD,2026-05-01 11:30:00,0.028495016,0.028476851
PSOQRNN,BTC-USD,2026-05-01 11:45:00,0.028502163,0.02847894
PSOQRNN,BTC-USD,2026-05-01 12:00:00,0.028533371,0.028464982
PSOQRNN,BTC-USD,2026-05-01 12:15:00,0.028601026,0.028575242
PSOQRNN,BTC-USD,2026-05-01 12:30:00,0.028700603,0.028674977
PSOQRNN,BTC-USD,2026-05-01 12:45:00,0.028629137,0.028684003
PSOQRNN,BTC-USD,2026-05-01 13:00:00,0.02898885,0.029257525
PSOQRNN,BTC-USD,2026-05-01 13:15:00,0.02922254,0.0292673
PSOQRNN,BTC-USD,2026-05-01 13:30:00,0.029248983,0.029266959
PSOQRNN,BTC-USD,2026-05-01 13:45:00,0.029612731,0.02996522
PSOQRNN,BTC-USD,2026-05-01 14:00:00,0.02994908,0.02995699
PSOQRNN,BTC-USD,2026-05-01 14:15:00,0.029713972,0.030419905
PSOQRNN,BTC-USD,2026-05-01 14:30:00,0.030387372,0.030453399
PSOQRNN,BTC-USD,2026-05-01 14:45:00,0.030597938,0.030531708
PSOQRNN,BTC-USD,2026-05-01 15:00:00,0.030626759,0.030552864
PSOQRNN,BTC-USD,2026-05-01 15:15:00,0.030640336,0.030566981
PSOQRNN,BTC-USD,2026-05-01 15:30:00,0.030677019,0.030585825
PSOQRNN,BTC-USD,2026-05-01 15:45:00,0.030482175,0.030694436
PSOQRNN,BTC-USD,2026-05-01 16:00:00,0.030694406,0.03062938
PSOQRNN,BTC-USD,2026-05-01 16:15:00,0.03062938,0.030589126
PSOQRNN,BTC-USD,2026-05-01 16:30:00,0.030592935,0.030516991
PSOQRNN,BTC-USD,2026-05-01 16:45:00,0.030507185,0.030474344
PSOQRNN,BTC-USD,2026-05-01 17:00:00,0.030587457,0.030513508
PSOQRNN,BTC-USD,2026-05-01 17:15:00,0.030496942,0.030506078
PSOQRNN,BTC-USD,2026-05-01 17:30:00,0.030658439,0.030594269
PSOQRNN,BTC-USD,2026-05-01 17:45:00,0.030695358,0.030598164
PSOQRNN,BTC-USD,2026-05-01 18:00:00,0.030616516,0.03057587
PSOQRNN,BTC-USD,2026-05-01 18:15:00,0.030621758,0.030403623
PSOQRNN,BTC-USD,2026-05-01 18:30:00,0.030370459,0.030331425
PSOQRNN,BTC-USD,2026-05-01 18:45:00,0.030363552,0.030309971
PSOQRNN,BTC-USD,2026-05-01 19:00:00,0.030388562,0.030305274
PSOQRNN,BTC-USD,2026-05-01 19:15:00,0.030282801,0.030292602
PSOQRNN,BTC-USD,2026-05-01 19:30:00,0.030269701,0.030097347
PSOQRNN,BTC-USD,2026-05-01 19:45:00,0.030142263,0.0300905
PSOQRNN,BTC-USD,2026-05-01 20:00:00,0.030069612,0.030098762
PSOQRNN,BTC-USD,2026-05-01 20:15:00,0.030023638,0.030163677
PSOQRNN,BTC-USD,2026-05-01 20:30:00,0.030087238,0.03023571
PSOQRNN,BTC-USD,2026-05-01 20:45:00,0.030197764,0.030261796
PSOQRNN,BTC-USD,2026-05-01 21:00:00,0.03034545,0.030266168
PSOQRNN,BTC-USD,2026-05-01 21:15:00,0.030338064,0.030225188
PSOQRNN,BTC-USD,2026-05-01 21:30:00,0.030308528,0.03022214
PSOQRNN,BTC-USD,2026-05-01 21:45:00,0.030310195,0.030242933
PSOQRNN,BTC-USD,2026-05-01 22:00:00,0.030321628,0.030247226
PSOQRNN,BTC-USD,2026-05-01 22:15:00,0.030316627,0.030251946
PSOQRNN,BTC-USD,2026-05-01 22:30:00,0.030229207,0.030260365
PSOQRNN,BTC-USD,2026-05-01 22:45:00,0.030213248,0.030281538
PSOQRNN,BTC-USD,2026-05-01 23:00:00,0.030287804,0.030285051
PSOQRNN,BTC-USD,2026-05-01 23:15:00,0.030273035,0.030283539
PSOQRNN,BTC-USD,2026-05-01 23:30:00,0.030346878,0.030284045
PSOQRNN,BTC-USD,2026-05-01 23:45:00,0.030400472,0.030330647
PSOQRNN,BTC-USD,2026-05-02 00:00:00,0.030343305,0.030333
PSOQRNN,BTC-USD,2026-05-02 00:15:00,0.030410238,0.030332953
PSOQRNN,BTC-USD,2026-05-02 00:30:00,0.030392373,0.030294051
PSOQRNN,BTC-USD,2026-05-02 00:45:00,0.03033735,0.029873468
PSOQRNN,BTC-USD,2026-05-02 01:00:00,0.02991597,0.029858418
PSOQRNN,BTC-USD,2026-05-02 01:15:00,0.029858802,0.02979094
PSOQRNN,BTC-USD,2026-05-02 01:30:00,0.029830692,0.02949554
PSOQRNN,BTC-USD,2026-05-02 01:45:00,0.029490769,0.029491633
PSOQRNN,BTC-USD,2026-05-02 02:00:00,0.029468138,0.029497426
PSOQRNN,BTC-USD,2026-05-02 02:15:00,0.029490292,0.029480645
PSOQRNN,BTC-USD,2026-05-02 02:30:00,0.02956104,0.029496182
PSOQRNN,BTC-USD,2026-05-02 02:45:00,0.029507443,0.029496042
PSOQRNN,BTC-USD,2026-05-02 03:00:00,0.029451463,0.02939309
PSOQRNN,BTC-USD,2026-05-02 03:15:00,0.029479334,0.029259536
PSOQRNN,BTC-USD,2026-05-02 03:30:00,0.029279713,0.029259847
PSOQRNN,BTC-USD,2026-05-02 03:45:00,0.029274471,0.029256778
PSOQRNN,BTC-USD,2026-05-02 04:00:00,0.02918919,0.029289758
PSOQRNN,BTC-USD,2026-05-02 04:15:00,0.029288763,0.029096419
PSOQRNN,BTC-USD,2026-05-02 04:30:00,0.029066509,0.02866508
PSOQRNN,BTC-USD,2026-05-02 04:45:00,0.028625086,0.028546665
PSOQRNN,BTC-USD,2026-05-02 05:00:00,0.028477388,0.028464774
PSOQRNN,BTC-USD,2026-05-02 05:15:00,0.028462855,0.028417481
PSOQRNN,BTC-USD,2026-05-02 05:30:00,0.02846762,0.028393459
PSOQRNN,BTC-USD,2026-05-02 05:45:00,0.028368281,0.028388793
PSOQRNN,BTC-USD,2026-05-02 06:00:00,0.028383765,0.02807509
PSOQRNN,BTC-USD,2026-05-02 06:15:00,0.028025946,0.028077252
PSOQRNN,BTC-USD,2026-05-02 06:30:00,0.028116949,0.027896913
PSOQRNN,BTC-USD,2026-05-02 06:45:00,0.027937323,0.027902309
PSOQRNN,BTC-USD,2026-05-02 07:00:00,0.027872046,0.02787577
PSOQRNN,BTC-USD,2026-05-02 07:15:00,0.027851082,0.027744578
PSOQRNN,BTC-USD,2026-05-02 07:30:00,0.027645009,0.02777369
PSOQRNN,BTC-USD,2026-05-02 07:45:00,0.027736016,0.027749168
PSOQRNN,BTC-USD,2026-05-02 08:00:00,0.027751977,0.027710676
PSOQRNN,BTC-USD,2026-05-02 08:15:00,0.027695753,0.027704105
PSOQRNN,BTC-USD,2026-05-02 08:30:00,0.027707903,0.027661044
PSOQRNN,BTC-USD,2026-05-02 08:45:00,0.027619757,0.027606858
PSOQRNN,BTC-USD,2026-05-02 09:00:00,0.027569488,0.02432743
PSOQRNN,BTC-USD,2026-05-02 09:15:00,0.024178114,0.024318762
PSOQRNN,BTC-USD,2026-05-02 09:30:00,0.02417168,0.024298891
PSOQRNN,BTC-USD,2026-05-02 09:45:00,0.024144515,0.02404426
PSOQRNN,BTC-USD,2026-05-02 10:00:00,0.02387502,0.024044083
PSOQRNN,BTC-USD,2026-05-02 10:15:00,0.023853336,0.024048133
PSOQRNN,BTC-USD,2026-05-02 10:30:00,0.023895275,0.024007821
PSOQRNN,BTC-USD,2026-05-02 10:45:00,0.023840468,0.023960702
PSOQRNN,BTC-USD,2026-05-02 11:00:00,0.023735862,0.02397208
PSOQRNN,BTC-USD,2026-05-02 11:15:00,0.023839753,0.023880284
PSOQRNN,BTC-USD,2026-05-02 11:30:00,0.023678673,0.023862822
PSOQRNN,BTC-USD,2026-05-02 11:45:00,0.02367486,0.023821024
PSOQRNN,BTC-USD,2026-05-02 12:00:00,0.023644362,0.023781482
PSOQRNN,BTC-USD,2026-05-02 12:15:00,0.023705838,0.02381058
PSOQRNN,BTC-USD,2026-05-02 12:30:00,0.0236141,0.023774425
PSOQRNN,BTC-USD,2026-05-02 12:45:00,0.023603376,0.023772446
PSOQRNN,BTC-USD,2026-05-02 13:00:00,0.023758976,0.023867888
PSOQRNN,BTC-USD,2026-05-02 13:15:00,0.023620771,0.023829058
PSOQRNN,BTC-USD,2026-05-02 13:30:00,0.023716561,0.023790566
PSOQRNN,BTC-USD,2026-05-02 13:45:00,0.023620533,0.023780182
PSOQRNN,BTC-USD,2026-05-02 14:00:00,0.023560246,0.023786673
PSOQRNN,BTC-USD,2026-05-02 14:15:00,0.023709413,0.023635061
PSOQRNN,BTC-USD,2026-05-02 14:30:00,0.023444677,0.023613622
PSOQRNN,BTC-USD,2026-05-02 14:45:00,0.023451587,0.02358647
PSOQRNN,BTC-USD,2026-05-02 15:00:00,0.023422994,0.023564354
PSOQRNN,BTC-USD,2026-05-02 15:15:00,0.023336494,0.023554146
PSOQRNN,BTC-USD,2026-05-02 15:30:00,0.023423707,0.02326678
PSOQRNN,BTC-USD,2026-05-02 15:45:00,0.023118459,0.023184873
PSOQRNN,BTC-USD,2026-05-02 16:00:00,0.023040298,0.023190333
PSOQRNN,BTC-USD,2026-05-02 16:15:00,0.022958089,0.023157284
PSOQRNN,BTC-USD,2026-05-02 16:30:00,0.022890652,0.023182396
PSOQRNN,BTC-USD,2026-05-02 16:45:00,0.023005508,0.023128562
PSOQRNN,BTC-USD,2026-05-02 17:00:00,0.022914719,0.023115247
PSOQRNN,BTC-USD,2026-05-02 17:15:00,0.022906855,0.022938823
PSOQRNN,BTC-USD,2026-05-02 17:30:00,0.022729803,0.021947062
PSOQRNN,BTC-USD,2026-05-02 17:45:00,0.021668887,0.021927213
PSOQRNN,BTC-USD,2026-05-02 18:00:00,0.021599539,0.021899484
PSOQRNN,BTC-USD,2026-05-02 18:15:00,0.021710828,0.021899804
PSOQRNN,BTC-USD,2026-05-02 18:30:00,0.021656018,0.021891719
PSOQRNN,BTC-USD,2026-05-02 18:45:00,0.021680802,0.021893082
PSOQRNN,BTC-USD,2026-05-02 19:00:00,0.021627897,0.021794751
PSOQRNN,BTC-USD,2026-05-02 19:15:00,0.021522326,0.021737814
PSOQRNN,BTC-USD,2026-05-02 19:30:00,0.021516608,0.021427892
PSOQRNN,BTC-USD,2026-05-02 19:45:00,0.021132452,0.021412726
PSOQRNN,BTC-USD,2026-05-02 20:00:00,0.02108479,0.02137318
PSOQRNN,BTC-USD,2026-05-02 20:15:00,0.021095514,0.021213124
PSOQRNN,BTC-USD,2026-05-02 20:30:00,0.020927025,0.020914873
PSOQRNN,BTC-USD,2026-05-02 20:45:00,0.020624127,0.020856801
PSOQRNN,BTC-USD,2026-05-02 21:00:00,0.020535711,0.020857543
PSOQRNN,BTC-USD,2026-05-02 21:15:00,0.020591239,0.02083615
PSOQRNN,BTC-USD,2026-05-02 21:30:00,0.020818355,0.02115414
PSOQRNN,BTC-USD,2026-05-02 21:45:00,0.020783322,0.021184364
PSOQRNN,BTC-USD,2026-05-02 22:00:00,0.020923927,0.021177886
PSOQRNN,BTC-USD,2026-05-02 22:15:00,0.020751625,0.021240579
PSOQRNN,BTC-USD,2026-05-02 22:30:00,0.02097755,0.02111369
PSOQRNN,BTC-USD,2026-05-02 22:45:00,0.02098708,0.021197708
PSOQRNN,BTC-USD,2026-05-02 23:00:00,0.020802388,0.021217221
PSOQRNN,BTC-USD,2026-05-02 23:15:00,0.020993754,0.021228973
PSOQRNN,BTC-USD,2026-05-02 23:30:00,0.020826934,0.021276224
PSOQRNN,BTC-USD,2026-05-02 23:45:00,0.020979455,0.021251086
PSOQRNN,BTC-USD,2026-05-03 00:00:00,0.02085434,0.021304946
PSOQRNN,BTC-USD,2026-05-03 00:15:00,0.021072635,0.021262916
PSOQRNN,BTC-USD,2026-05-03 00:30:00,0.020978501,0.021192765
PSOQRNN,BTC-USD,2026-05-03 00:45:00,0.020813826,0.021228196
PSOQRNN,BTC-USD,2026-05-03 01:00:00,0.02075401,0.02135776
PSOQRNN,BTC-USD,2026-05-03 01:15:00,0.020997806,0.021370562
PSOQRNN,BTC-USD,2026-05-03 01:30:00,0.021036888,0.021375738
PSOQRNN,BTC-USD,2026-05-03 01:45:00,0.02110171,0.021371279
PSOQRNN,BTC-USD,2026-05-03 02:00:00,0.021029262,0.021323035
PSOQRNN,BTC-USD,2026-05-03 02:15:00,0.020952763,0.021343991
PSOQRNN,BTC-USD,2026-05-03 02:30:00,0.021067392,0.021195557
PSOQRNN,BTC-USD,2026-05-03 02:45:00,0.020947283,0.021130927
PSOQRNN,BTC-USD,2026-05-03 03:00:00,0.02080048,0.02111182
PSOQRNN,BTC-USD,2026-05-03 03:15:00,0.020793809,0.020973781
PSOQRNN,BTC-USD,2026-05-03 03:30:00,0.020686088,0.020926287
PSOQRNN,BTC-USD,2026-05-03 03:45:00,0.02068466,0.020931117
PSOQRNN,BTC-USD,2026-05-03 04:00:00,0.02056121,0.020949578
PSOQRNN,BTC-USD,2026-05-03 04:15:00,0.020719692,0.020866286
PSOQRNN,BTC-USD,2026-05-03 04:30:00,0.020522127,0.019989494
PSOQRNN,BTC-USD,2026-05-03 04:45:00,0.019612927,0.019752517
PSOQRNN,BTC-USD,2026-05-03 05:00:00,0.019444905,0.01975116
PSOQRNN,BTC-USD,2026-05-03 05:15:00,0.019354578,0.019753316
PSOQRNN,BTC-USD,2026-05-03 05:30:00,0.01937436,0.019753385
PSOQRNN,BTC-USD,2026-05-03 05:45:00,0.019412968,0.019741943
PSOQRNN,BTC-USD,2026-05-03 06:00:00,0.019267112,0.019716907
PSOQRNN,BTC-USD,2026-05-03 06:15:00,0.01929857,0.019705707
PSOQRNN,BTC-USD,2026-05-03 06:30:00,0.019365065,0.019704377
PSOQRNN,BTC-USD,2026-05-03 06:45:00,0.019470884,0.019777112
PSOQRNN,BTC-USD,2026-05-03 07:00:00,0.019466117,0.019789051
PSOQRNN,BTC-USD,2026-05-03 07:15:00,0.019475412,0.019728892
PSOQRNN,BTC-USD,2026-05-03 07:30:00,0.019323358,0.019731874
PSOQRNN,BTC-USD,2026-05-03 07:45:00,0.019340755,0.019691052
PSOQRNN,BTC-USD,2026-05-03 08:00:00,0.019395094,0.01970165
PSOQRNN,BTC-USD,2026-05-03 08:15:00,0.019294042,0.0196839
PSOQRNN,BTC-USD,2026-05-03 08:30:00,0.019326933,0.019684464
PSOQRNN,BTC-USD,2026-05-03 08:45:00,0.019251859,0.019672234
PSOQRNN,BTC-USD,2026-05-03 09:00:00,0.019309772,0.019671898
PSOQRNN,BTC-USD,2026-05-03 09:15:00,0.019389613,0.01970246
PSOQRNN,BTC-USD,2026-05-03 09:30:00,0.019343376,0.019649725
PSOQRNN,BTC-USD,2026-05-03 09:45:00,0.01929166,0.01963543
PSOQRNN,BTC-USD,2026-05-03 10:00:00,0.019212535,0.01960789
PSOQRNN,BTC-USD,2026-05-03 10:15:00,0.019155335,0.019627126
PSOQRNN,BTC-USD,2026-05-03 10:30:00,0.019261392,0.019617029
PSOQRNN,BTC-USD,2026-05-03 10:45:00,0.019194182,0.019624187
PSOQRNN,BTC-USD,2026-05-03 11:00:00,0.019364826,0.019675702
PSOQRNN,BTC-USD,2026-05-03 11:15:00,0.019288324,0.019675953
PSOQRNN,BTC-USD,2026-05-03 11:30:00,0.019487327,0.019801697
PSOQRNN,BTC-USD,2026-05-03 11:45:00,0.019380556,0.019810984
PSOQRNN,BTC-USD,2026-05-03 12:00:00,0.019631755,0.01994227
PSOQRNN,BTC-USD,2026-05-03 12:15:00,0.019501865,0.019858403
PSOQRNN,BTC-USD,2026-05-03 12:30:00,0.019503295,0.019849839
PSOQRNN,BTC-USD,2026-05-03 12:45:00,0.019440854,0.019753523
PSOQRNN,BTC-USD,2026-05-03 13:00:00,0.019371023,0.0196974
PSOQRNN,BTC-USD,2026-05-03 13:15:00,0.019216586,0.019729853
PSOQRNN,BTC-USD,2026-05-03 13:30:00,0.019327171,0.019680997
PSOQRNN,BTC-USD,2026-05-03 13:45:00,0.01934147,0.019637052
PSOQRNN,BTC-USD,2026-05-03 14:00:00,0.01932169,0.019640816
PSOQRNN,BTC-USD,2026-05-03 14:15:00,0.01921873,0.01964536
PSOQRNN,BTC-USD,2026-05-03 14:30:00,0.01929166,0.01964387
PSOQRNN,BTC-USD,2026-05-03 14:45:00,0.01927736,0.019643968
PSOQRNN,BTC-USD,2026-05-03 15:00:00,0.019270686,0.01957207
PSOQRNN,BTC-USD,2026-05-03 15:15:00,0.019210866,0.019560646
PSOQRNN,BTC-USD,2026-05-03 15:30:00,0.019103616,0.019585133
PSOQRNN,BTC-USD,2026-05-03 15:45:00,0.019172495,0.01955883
PSOQRNN,BTC-USD,2026-05-03 16:00:00,0.019123636,0.019532036
PSOQRNN,BTC-USD,2026-05-03 16:15:00,0.019187748,0.01953313
PSOQRNN,BTC-USD,2026-05-03 16:30:00,0.019214917,0.019520985
PSOQRNN,BTC-USD,2026-05-03 16:45:00,0.019059764,0.019535141
PSOQRNN,BTC-USD,2026-05-03 17:00:00,0.019181313,0.019535825
PSOQRNN,BTC-USD,2026-05-03 17:15:00,0.01919013,0.019529998
PSOQRNN,BTC-USD,2026-05-03 17:30:00,0.019218016,0.019539911
PSOQRNN,BTC-USD,2026-05-03 17:45:00,0.01907168,0.019570867
PSOQRNN,BTC-USD,2026-05-03 18:00:00,0.019124828,0.019551344
PSOQRNN,BTC-USD,2026-05-03 18:15:00,0.019228501,0.018490296
PSOQRNN,BTC-USD,2026-05-03 18:30:00,0.017967943,0.018502038
PSOQRNN,BTC-USD,2026-05-03 18:45:00,0.018125962,0.018513044
PSOQRNN,BTC-USD,2026-05-03 19:00:00,0.018028243,0.01851611
PSOQRNN,BTC-USD,2026-05-03 19:15:00,0.018043734,0.018484894
PSOQRNN,BTC-USD,2026-05-03 19:30:00,0.018157661,0.018528339
PSOQRNN,BTC-USD,2026-05-03 19:45:00,0.018027527,0.018529829
PSOQRNN,BTC-USD,2026-05-03 20:00:00,0.018044211,0.018489664
PSOQRNN,BTC-USD,2026-05-03 20:15:00,0.018245133,0.018622428
PSOQRNN,BTC-USD,2026-05-03 20:30:00,0.018271588,0.0186429
PSOQRNN,BTC-USD,2026-05-03 20:45:00,0.018108802,0.018673925
PSOQRNN,BTC-USD,2026-05-03 21:00:00,0.01832736,0.018699089
PSOQRNN,BTC-USD,2026-05-03 21:15:00,0.018162906,0.01874057
PSOQRNN,BTC-USD,2026-05-03 21:30:00,0.018055413,0.01894118
PSOQRNN,BTC-USD,2026-05-03 21:45:00,0.018658647,0.018988846
PSOQRNN,BTC-USD,2026-05-03 22:00:00,0.019003993,0.019697983
PSOQRNN,BTC-USD,2026-05-03 22:15:00,0.019141035,0.01982272
PSOQRNN,BTC-USD,2026-05-03 22:30:00,0.019639619,0.019949185
PSOQRNN,BTC-USD,2026-05-03 22:45:00,0.01949686,0.019912992
PSOQRNN,BTC-USD,2026-05-03 23:00:00,0.01944157,0.01989948
PSOQRNN,BTC-USD,2026-05-03 23:15:00,0.01909027,0.020522682
PSOQRNN,BTC-USD,2026-05-03 23:30:00,0.020137478,0.02051176
PSOQRNN,BTC-USD,2026-05-03 23:45:00,0.020154875,0.020515392
PSOQRNN,BTC-USD,2026-05-04 00:00:00,0.020131283,0.020519461
PSOQRNN,BTC-USD,2026-05-04 00:15:00,0.020033332,0.020618955
PSOQRNN,BTC-USD,2026-05-04 00:30:00,0.020322416,0.0206006
PSOQRNN,BTC-USD,2026-05-04 00:45:00,0.020429183,0.020691736
PSOQRNN,BTC-USD,2026-05-04 01:00:00,0.020277373,0.020671973
PSOQRNN,BTC-USD,2026-05-04 01:15:00,0.020495197,0.020625163
PSOQRNN,BTC-USD,2026-05-04 01:30:00,0.020504015,0.02073538
PSOQRNN,BTC-USD,2026-05-04 01:45:00,0.021318335,0.02391026
PSOQRNN,BTC-USD,2026-05-04 02:00:00,0.023897657,0.024000669
PSOQRNN,BTC-USD,2026-05-04 02:15:00,0.023624346,0.024216356
PSOQRNN,BTC-USD,2026-05-04 02:30:00,0.024452846,0.024886644
PSOQRNN,BTC-USD,2026-05-04 02:45:00,0.024775947,0.024881411
PSOQRNN,BTC-USD,2026-05-04 03:00:00,0.024915336,0.024967048
PSOQRNN,BTC-USD,2026-05-04 03:15:00,0.024623929,0.025079627
PSOQRNN,BTC-USD,2026-05-04 03:30:00,0.024865538,0.025019156
PSOQRNN,BTC-USD,2026-05-04 03:45:00,0.025161944,0.025320053
PSOQRNN,BTC-USD,2026-05-04 04:00:00,0.02530276,0.024695955
PSOQRNN,BTC-USD,2026-05-04 04:15:00,0.024490256,0.024708284
PSOQRNN,BTC-USD,2026-05-04 04:30:00,0.024570318,0.024701208
PSOQRNN,BTC-USD,2026-05-04 04:45:00,0.02456317,0.023830362
PSOQRNN,BTC-USD,2026-05-04 05:00:00,0.02351235,0.023921173
PSOQRNN,BTC-USD,2026-05-04 05:15:00,0.02362792,0.023401784
PSOQRNN,BTC-USD,2026-05-04 05:30:00,0.023285024,0.023376625
PSOQRNN,BTC-USD,2026-05-04 05:45:00,0.023134425,0.023286546
PSOQRNN,BTC-USD,2026-05-04 06:00:00,0.02299288,0.023306794
PSOQRNN,BTC-USD,2026-05-04 06:15:00,0.022930447,0.023440761
PSOQRNN,BTC-USD,2026-05-04 06:30:00,0.023306947,0.023402276
PSOQRNN,BTC-USD,2026-05-04 06:45:00,0.023314333,0.023257364
PSOQRNN,BTC-USD,2026-05-04 07:00:00,0.023086527,0.023243032
PSOQRNN,BTC-USD,2026-05-04 07:15:00,0.02300956,0.023236785
PSOQRNN,BTC-USD,2026-05-04 07:30:00,0.023053644,0.023225337
PSOQRNN,BTC-USD,2026-05-04 07:45:00,0.022883264,0.023305608
PSOQRNN,BTC-USD,2026-05-04 08:00:00,0.023200193,0.02328091
PSOQRNN,BTC-USD,2026-05-04 08:15:00,0.023042444,0.023265656
PSOQRNN,BTC-USD,2026-05-04 08:30:00,0.023048878,0.02314544
PSOQRNN,BTC-USD,2026-05-04 08:45:00,0.02293807,0.02310938
PSOQRNN,BTC-USD,2026-05-04 09:00:00,0.022929255,0.023106609
PSOQRNN,BTC-USD,2026-05-04 09:15:00,0.022902329,0.023106383
PSOQRNN,BTC-USD,2026-05-04 09:30:00,0.023020998,0.023116931
PSOQRNN,BTC-USD,2026-05-04 09:45:00,0.022897562,0.02311959
PSOQRNN,BTC-USD,2026-05-04 10:00:00,0.021906238,0.026976066
PSOQRNN,BTC-USD,2026-05-04 10:15:00,0.026742548,0.027126435
PSOQRNN,BTC-USD,2026-05-04 10:30:00,0.027400816,0.027672386
PSOQRNN,BTC-USD,2026-05-04 10:45:00,0.027645724,0.027670298
PSOQRNN,BTC-USD,2026-05-04 11:00:00,0.027721006,0.027690014
PSOQRNN,BTC-USD,2026-05-04 11:15:00,0.027590454,0.0276399
PSOQRNN,BTC-USD,2026-05-04 11:30:00,0.027430357,0.02773286
PSOQRNN,BTC-USD,2026-05-04 11:45:00,0.0277515,0.027709946
PSOQRNN,BTC-USD,2026-05-04 12:00:00,0.0276867,0.027689517
PSOQRNN,BTC-USD,2026-05-04 12:15:00,0.027777469,0.027754767
PSOQRNN,BTC-USD,2026-05-04 12:30:00,0.02774626,0.027736217
PSOQRNN,BTC-USD,2026-05-04 12:45:00,0.027606891,0.027768675
PSOQRNN,BTC-USD,2026-05-04 13:00:00,0.027793668,0.0277669
PSOQRNN,BTC-USD,2026-05-04 13:15:00,0.02775579,0.027757192
PSOQRNN,BTC-USD,2026-05-04 13:30:00,0.027658112,0.027764129
PSOQRNN,BTC-USD,2026-05-04 13:45:00,0.02767598,0.027739884
PSOQRNN,BTC-USD,2026-05-04 14:00:00,0.02785156,0.027846005
PSOQRNN,BTC-USD,2026-05-04 14:15:00,0.028010698,0.028036239
PSOQRNN,BTC-USD,2026-05-04 14:30:00,0.028217958,0.028262159
PSOQRNN,BTC-USD,2026-05-04 14:45:00,0.028711084,0.029481396
PSOQRNN,BTC-USD,2026-05-04 15:00:00,0.029422402,0.029515838
PSOQRNN,BTC-USD,2026-05-04 15:15:00,0.029247552,0.030012082
PSOQRNN,BTC-USD,2026-05-04 15:30:00,0.030176565,0.030133894
PSOQRNN,BTC-USD,2026-05-04 15:45:00,0.030239211,0.030170837
PSOQRNN,BTC-USD,2026-05-04 16:00:00,0.030002914,0.030432137
PSOQRNN,BTC-USD,2026-05-04 16:15:00,0.030770628,0.031080091
PSOQRNN,BTC-USD,2026-05-04 16:30:00,0.031150779,0.031082397
PSOQRNN,BTC-USD,2026-05-04 16:45:00,0.030974282,0.0312566
PSOQRNN,BTC-USD,2026-05-04 17:00:00,0.031513058,0.031570874
PSOQRNN,BTC-USD,2026-05-04 17:15:00,0.031652633,0.031571753
PSOQRNN,BTC-USD,2026-05-04 17:30:00,0.031524014,0.031631462
PSOQRNN,BTC-USD,2026-05-04 17:45:00,0.03174314,0.031654593
PSOQRNN,BTC-USD,2026-05-04 18:00:00,0.031711224,0.031630483
PSOQRNN,BTC-USD,2026-05-04 18:15:00,0.031610474,0.031647712
PSOQRNN,BTC-USD,2026-05-04 18:30:00,0.031650964,0.031669796
PSOQRNN,BTC-USD,2026-05-04 18:45:00,0.03168812,0.031681504
PSOQRNN,BTC-USD,2026-05-04 19:00:00,0.031724084,0.031645954
PSOQRNN,BTC-USD,2026-05-04 19:15:00,0.031604044,0.031719666
PSOQRNN,BTC-USD,2026-05-04 19:30:00,0.0318134,0.03172126
PSOQRNN,BTC-USD,2026-05-04 19:45:00,0.03180602,0.03171868
PSOQRNN,BTC-USD,2026-05-04 20:00:00,0.031822454,0.03171213
PSOQRNN,BTC-USD,2026-05-04 20:15:00,0.03170908,0.03174134
PSOQRNN,BTC-USD,2026-05-04 20:30:00,0.031727422,0.03176485
PSOQRNN,BTC-USD,2026-05-04 20:45:00,0.031829838,0.031763617
PSOQRNN,BTC-USD,2026-05-04 21:00:00,0.03191463,0.031832624
PSOQRNN,BTC-USD,2026-05-04 21:15:00,0.031937014,0.031842723
PSOQRNN,BTC-USD,2026-05-04 21:30:00,0.031917248,0.031828985
PSOQRNN,BTC-USD,2026-05-04 21:45:00,0.031899385,0.031811435
PSOQRNN,BTC-USD,2026-05-04 22:00:00,0.03191463,0.03182627
PSOQRNN,BTC-USD,2026-05-04 22:15:00,0.031828407,0.031852417
PSOQRNN,BTC-USD,2026-05-04 22:30:00,0.031824358,0.031886514
PSOQRNN,BTC-USD,2026-05-04 22:45:00,0.031920105,0.031891372
PSOQRNN,BTC-USD,2026-05-04 23:00:00,0.031863183,0.031949215
PSOQRNN,BTC-USD,2026-05-04 23:15:00,0.032027997,0.031951282
PSOQRNN,BTC-USD,2026-05-04 23:30:00,0.031900574,0.03204495
PSOQRNN,BTC-USD,2026-05-04 23:45:00,0.03215042,0.03206018
PSOQRNN,BTC-USD,2026-05-05 00:00:00,0.03218019,0.032087725
PSOQRNN,BTC-USD,2026-05-05 00:15:00,0.032090638,0.032116
PSOQRNN,BTC-USD,2026-05-05 00:30:00,0.03227546,0.032193843
PSOQRNN,BTC-USD,2026-05-05 00:45:00,0.032321904,0.032227807
PSOQRNN,BTC-USD,2026-05-05 01:00:00,0.032302372,0.032227628
PSOQRNN,BTC-USD,2026-05-05 01:15:00,0.032325476,0.03223178
PSOQRNN,BTC-USD,2026-05-05 01:30:00,0.0322807,0.03223388
PSOQRNN,BTC-USD,2026-05-05 01:45:00,0.03235334,0.03225812
PSOQRNN,BTC-USD,2026-05-05 02:00:00,0.032373108,0.032262374
PSOQRNN,BTC-USD,2026-05-05 02:15:00,0.03233119,0.032260798
PSOQRNN,BTC-USD,2026-05-05 02:30:00,0.03250434,0.03252239
PSOQRNN,BTC-USD,2026-05-05 02:45:00,0.032448847,0.03269178
PSOQRNN,BTC-USD,2026-05-05 03:00:00,0.032818,0.032717895
PSOQRNN,BTC-USD,2026-05-05 03:15:00,0.032851107,0.032727227
PSOQRNN,BTC-USD,2026-05-05 03:30:00,0.032858014,0.03275384
PSOQRNN,BTC-USD,2026-05-05 03:45:00,0.03280133,0.032758906
PSOQRNN,BTC-USD,2026-05-05 04:00:00,0.03278585,0.03270445
PSOQRNN,BTC-USD,2026-05-05 04:15:00,0.032766797,0.0326793
PSOQRNN,BTC-USD,2026-05-05 04:30:00,0.03272226,0.032678697
PSOQRNN,BTC-USD,2026-05-05 04:45:00,0.032820385,0.032722615
PSOQRNN,BTC-USD,2026-05-05 05:00:00,0.03277418,0.032715026
PSOQRNN,BTC-USD,2026-05-05 05:15:00,0.03287564,0.03276254
PSOQRNN,BTC-USD,2026-05-05 05:30:00,0.032820858,0.03276264
PSOQRNN,BTC-USD,2026-05-05 05:45:00,0.032791566,0.032778904
PSOQRNN,BTC-USD,2026-05-05 06:00:00,0.032837294,0.032780416
PSOQRNN,BTC-USD,2026-05-05 06:15:00,0.032780133,0.032816254
PSOQRNN,BTC-USD,2026-05-05 06:30:00,0.032871112,0.032813497
PSOQRNN,BTC-USD,2026-05-05 06:45:00,0.032969948,0.03287325
PSOQRNN,BTC-USD,2026-05-05 07:00:00,0.0329478,0.032867435
PSOQRNN,BTC-USD,2026-05-05 07:15:00,0.03296471,0.03286648
PSOQRNN,BTC-USD,2026-05-05 07:30:00,0.032925174,0.032849796
PSOQRNN,BTC-USD,2026-05-05 07:45:00,0.03283658,0.03291477
PSOQRNN,BTC-USD,2026-05-05 08:00:00,0.032978762,0.03291391
PSOQRNN,BTC-USD,2026-05-05 08:15:00,0.032977093,0.032913934
PSOQRNN,BTC-USD,2026-05-05 08:30:00,0.032930415,0.03294241
PSOQRNN,BTC-USD,2026-05-05 08:45:00,0.03304997,0.032949995
PSOQRNN,BTC-USD,2026-05-05 09:00:00,0.03294399,0.032989446
PSOQRNN,BTC-USD,2026-05-05 09:15:00,0.033050682,0.032980613
PSOQRNN,BTC-USD,2026-05-05 09:30:00,0.033016153,0.032993484
PSOQRNN,BTC-USD,2026-05-05 09:45:00,0.03306045,0.032989565
PSOQRNN,BTC-USD,2026-05-05 10:00:00,0.033103317,0.033003658
PSOQRNN,BTC-USD,2026-05-05 10:15:00,0.033107843,0.03301125
PSOQRNN,BTC-USD,2026-05-05 10:30:00,0.033124514,0.033021785
PSOQRNN,BTC-USD,2026-05-05 10:45:00,0.033093315,0.033020522
PSOQRNN,BTC-USD,2026-05-05 11:00:00,0.033151425,0.033041894
PSOQRNN,BTC-USD,2026-05-05 11:15:00,0.033109985,0.033042274
PSOQRNN,BTC-USD,2026-05-05 11:30:00,0.033159047,0.033058476
PSOQRNN,BTC-USD,2026-05-05 11:45:00,0.033117607,0.033060607
PSOQRNN,BTC-USD,2026-05-05 12:00:00,0.03317619,0.03307481
PSOQRNN,BTC-USD,2026-05-05 12:15:00,0.03320477,0.033099152
PSOQRNN,BTC-USD,2026-05-05 12:30:00,0.033210486,0.03289865
PSOQRNN,BTC-USD,2026-05-05 12:45:00,0.032949466,0.03288477
PSOQRNN,BTC-USD,2026-05-05 13:00:00,0.033133563,0.033165004
PSOQRNN,BTC-USD,2026-05-05 13:15:00,0.0331469,0.03319585
PSOQRNN,BTC-USD,2026-05-05 13:30:00,0.033237398,0.033206362
PSOQRNN,BTC-USD,2026-05-05 13:45:00,0.033245496,0.033150595
PSOQRNN,BTC-USD,2026-05-05 14:00:00,0.033116654,0.033228986
PSOQRNN,BTC-USD,2026-05-05 14:15:00,0.033433877,0.033376683
PSOQRNN,BTC-USD,2026-05-05 14:30:00,0.033367433,0.033411272
PSOQRNN,BTC-USD,2026-05-05 14:45:00,0.033533424,0.033429474
PSOQRNN,BTC-USD,2026-05-05 15:00:00,0.033614393,0.033504155
PSOQRNN,BTC-USD,2026-05-05 15:15:00,0.03360439,0.033502962
PSOQRNN,BTC-USD,2026-05-05 15:30:00,0.033587243,0.03350309
PSOQRNN,BTC-USD,2026-05-05 15:45:00,0.033530567,0.03350576
PSOQRNN,BTC-USD,2026-05-05 16:00:00,0.033528898,0.03344167
PSOQRNN,BTC-USD,2026-05-05 16:15:00,0.033510797,0.033423375
PSOQRNN,BTC-USD,2026-05-05 16:30:00,0.0333198,0.03372442
PSOQRNN,BTC-USD,2026-05-05 16:45:00,0.033901837,0.03381745
PSOQRNN,BTC-USD,2026-05-05 17:00:00,0.033912078,0.033806797
PSOQRNN,BTC-USD,2026-05-05 17:15:00,0.03392065,0.033793755
PSOQRNN,BTC-USD,2026-05-05 17:30:00,0.03381825,0.033827152
PSOQRNN,BTC-USD,2026-05-05 17:45:00,0.033889215,0.033828348
PSOQRNN,BTC-USD,2026-05-05 18:00:00,0.034043055,0.03400146
PSOQRNN,BTC-USD,2026-05-05 18:15:00,0.034032814,0.034027174
PSOQRNN,BTC-USD,2026-05-05 18:30:00,0.034127597,0.0340298
PSOQRNN,BTC-USD,2026-05-05 18:45:00,0.034106165,0.034023087
PSOQRNN,BTC-USD,2026-05-05 19:00:00,0.03407211,0.034022193
PSOQRNN,BTC-USD,2026-05-05 19:15:00,0.034145694,0.034027815
PSOQRNN,BTC-USD,2026-05-05 19:30:00,0.03415665,0.03404353
PSOQRNN,BTC-USD,2026-05-05 19:45:00,0.03409926,0.034050122
PSOQRNN,BTC-USD,2026-05-05 20:00:00,0.03417046,0.034056697
PSOQRNN,BTC-USD,2026-05-05 20:15:00,0.0340633,0.03411631
PSOQRNN,BTC-USD,2026-05-05 20:30:00,0.03424095,0.034132328
PSOQRNN,BTC-USD,2026-05-05 20:45:00,0.034205705,0.03413268
PSOQRNN,BTC-USD,2026-05-05 21:00:00,0.034198325,0.034108136
PSOQRNN,BTC-USD,2026-05-05 21:15:00,0.03412212,0.034153547
PSOQRNN,BTC-USD,2026-05-05 21:30:00,0.03417975,0.034188014
PSOQRNN,BTC-USD,2026-05-05 21:45:00,0.034289293,0.03415136
PSOQRNN,BTC-USD,2026-05-05 22:00:00,0.034220234,0.034148056
PSOQRNN,BTC-USD,2026-05-05 22:15:00,0.034247857,0.034145463
PSOQRNN,BTC-USD,2026-05-05 22:30:00,0.03403115,0.034540452
PSOQRNN,BTC-USD,2026-05-05 22:45:00,0.03466364,0.03455459
PSOQRNN,BTC-USD,2026-05-05 23:00:00,0.03467769,0.034558624
PSOQRNN,BTC-USD,2026-05-05 23:15:00,0.03449004,0.03481269
PSOQRNN,BTC-USD,2026-05-05 23:30:00,0.034911536,0.034814097
PSOQRNN,BTC-USD,2026-05-05 23:45:00,0.03489153,0.034806225
PSOQRNN,BTC-USD,2026-05-06 00:00:00,0.03499345,0.034924217
PSOQRNN,BTC-USD,2026-05-06 00:15:00,0.034907248,0.035032157
PSOQRNN,BTC-USD,2026-05-06 00:30:00,0.03510156,0.035035774
PSOQRNN,BTC-USD,2026-05-06 00:45:00,0.035172045,0.0350644
PSOQRNN,BTC-USD,2026-05-06 01:00:00,0.03520657,0.03509486
PSOQRNN,BTC-USD,2026-05-06 01:15:00,0.035209667,0.035089895
PSOQRNN,BTC-USD,2026-05-06 01:30:00,0.03520419,0.03509815
PSOQRNN,BTC-USD,2026-05-06 01:45:00,0.035235386,0.03512136
PSOQRNN,BTC-USD,2026-05-06 02:00:00,0.03515633,0.03512783
PSOQRNN,BTC-USD,2026-05-06 02:15:00,0.035132278,0.035209965
PSOQRNN,BTC-USD,2026-05-06 02:30:00,0.03532349,0.035145447
PSOQRNN,BTC-USD,2026-05-06 02:45:00,0.035293963,0.035182644
PSOQRNN,BTC-USD,2026-05-06 03:00:00,0.035292774,0.035114188
PSOQRNN,BTC-USD,2026-05-06 03:15:00,0.0352792,0.035170253
PSOQRNN,BTC-USD,2026-05-06 03:30:00,0.035223003,0.035185426
PSOQRNN,BTC-USD,2026-05-06 03:45:00,0.0352842,0.03518109
PSOQRNN,BTC-USD,2026-05-06 04:00:00,0.035268247,0.035180356
PSOQRNN,BTC-USD,2026-05-06 04:15:00,0.03519776,0.035213057
PSOQRNN,BTC-USD,2026-05-06 04:30:00,0.035279915,0.03521565
PSOQRNN,BTC-USD,2026-05-06 04:45:00,0.03527539,0.03522378
PSOQRNN,BTC-USD,2026-05-06 05:00:00,0.03527896,0.03523001
PSOQRNN,BTC-USD,2026-05-06 05:15:00,0.035305392,0.035226494
PSOQRNN,BTC-USD,2026-05-06 05:30:00,0.035276104,0.035243522
PSOQRNN,BTC-USD,2026-05-06 05:45:00,0.035392784,0.03528982
PSOQRNN,BTC-USD,2026-05-06 06:00:00,0.035345875,0.035302628
PSOQRNN,BTC-USD,2026-05-06 06:15:00,0.035431836,0.03532333
PSOQRNN,BTC-USD,2026-05-06 06:30:00,0.035438977,0.035318293
PSOQRNN,BTC-USD,2026-05-06 06:45:00,0.035417072,0.035316326
PSOQRNN,BTC-USD,2026-05-06 07:00:00,0.035394926,0.035309874
PSOQRNN,BTC-USD,2026-05-06 07:15:00,0.03542731,0.035317868
PSOQRNN,BTC-USD,2026-05-06 07:30:00,0.03534754,0.035353173
PSOQRNN,BTC-USD,2026-05-06 07:45:00,0.03542017,0.0353441
PSOQRNN,BTC-USD,2026-05-06 08:00:00,0.03550184,0.03540335
PSOQRNN,BTC-USD,2026-05-06 08:15:00,0.035495173,0.035401374
PSOQRNN,BTC-USD,2026-05-06 08:30:00,0.035541847,0.035426073
PSOQRNN,BTC-USD,2026-05-06 08:45:00,0.03561209,0.035527885
PSOQRNN,BTC-USD,2026-05-06 09:00:00,0.035553753,0.03556816
PSOQRNN,BTC-USD,2026-05-06 09:15:00,0.035635665,0.035568576
PSOQRNN,BTC-USD,2026-05-06 09:30:00,0.03575353,0.035674237
PSOQRNN,BTC-USD,2026-05-06 09:45:00,0.035749484,0.035669334
PSOQRNN,BTC-USD,2026-05-06 10:00:00,0.03577496,0.03566818
PSOQRNN,BTC-USD,2026-05-06 10:15:00,0.03580877,0.03569907
PSOQRNN,BTC-USD,2026-05-06 10:30:00,0.03580663,0.03567794
PSOQRNN,BTC-USD,2026-05-06 10:45:00,0.03577758,0.035670854
PSOQRNN,BTC-USD,2026-05-06 11:00:00,0.03580282,0.035688918
PSOQRNN,BTC-USD,2026-05-06 11:15:00,0.035877824,0.035742514
PSOQRNN,BTC-USD,2026-05-06 11:30:00,0.03575615,0.035807252
PSOQRNN,BTC-USD,2026-05-06 11:45:00,0.035904255,0.035785887
PSOQRNN,BTC-USD,2026-05-06 12:00:00,0.03574472,0.03599723
PSOQRNN,BTC-USD,2026-05-06 12:15:00,0.036152843,0.036033105
PSOQRNN,BTC-USD,2026-05-06 12:30:00,0.03610046,0.035904735
PSOQRNN,BTC-USD,2026-05-06 12:45:00,0.035942353,0.03590914
PSOQRNN,BTC-USD,2026-05-06 13:00:00,0.035943784,0.035571877
PSOQRNN,BTC-USD,2026-05-06 13:15:00,0.035591137,0.03555703
PSOQRNN,BTC-USD,2026-05-06 13:30:00,0.03562852,0.035491463
PSOQRNN,BTC-USD,2026-05-06 13:45:00,0.035478983,0.035598006
PSOQRNN,BTC-USD,2026-05-06 14:00:00,0.035589468,0.03568886
PSOQRNN,BTC-USD,2026-05-06 14:15:00,0.03583973,0.035300635
PSOQRNN,BTC-USD,2026-05-06 14:30:00,0.03549565,0.035432637
PSOQRNN,BTC-USD,2026-05-06 14:45:00,0.03536683,0.0357246
PSOQRNN,BTC-USD,2026-05-06 15:00:00,0.035757817,0.03575683
PSOQRNN,BTC-USD,2026-05-06 15:15:00,0.035943784,0.035821803
PSOQRNN,BTC-USD,2026-05-06 15:30:00,0.035905447,0.035821777
PSOQRNN,BTC-USD,2026-05-06 15:45:00,0.03592902,0.035778355
PSOQRNN,BTC-USD,2026-05-06 16:00:00,0.035885207,0.03575659
PSOQRNN,BTC-USD,2026-05-06 16:15:00,0.03574115,0.035858985
PSOQRNN,BTC-USD,2026-05-06 16:30:00,0.036012836,0.0358287
PSOQRNN,BTC-USD,2026-05-06 16:45:00,0.035890207,0.033803105
PSOQRNN,BTC-USD,2026-05-06 17:00:00,0.033900883,0.033737727
PSOQRNN,BTC-USD,2026-05-06 17:15:00,0.033715367,0.033683788
PSOQRNN,BTC-USD,2026-05-06 17:30:00,0.033794433,0.033192143
PSOQRNN,BTC-USD,2026-05-06 17:45:00,0.03321954,0.03321178
PSOQRNN,BTC-USD,2026-05-06 18:00:00,0.03329932,0.033126727
PSOQRNN,BTC-USD,2026-05-06 18:15:00,0.033191197,0.032948855
PSOQRNN,BTC-USD,2026-05-06 18:30:00,0.03296733,0.03293762
PSOQRNN,BTC-USD,2026-05-06 18:45:00,0.03299567,0.032690685
PSOQRNN,BTC-USD,2026-05-06 19:00:00,0.032704636,0.032686327
PSOQRNN,BTC-USD,2026-05-06 19:15:00,0.03279347,0.032679625
PSOQRNN,BTC-USD,2026-05-06 19:30:00,0.032800138,0.032703448
PSOQRNN,BTC-USD,2026-05-06 19:45:00,0.03278442,0.032704473
PSOQRNN,BTC-USD,2026-05-06 20:00:00,0.032853965,0.03268541
PSOQRNN,BTC-USD,2026-05-06 20:15:00,0.032715354,0.032640073
PSOQRNN,BTC-USD,2026-05-06 20:30:00,0.03260318,0.032721758
PSOQRNN,BTC-USD,2026-05-06 20:45:00,0.032823004,0.032719903
PSOQRNN,BTC-USD,2026-05-06 21:00:00,0.03276227,0.032690946
PSOQRNN,BTC-USD,2026-05-06 21:15:00,0.032789897,0.03258565
PSOQRNN,BTC-USD,2026-05-06 21:30:00,0.032715354,0.03261196
PSOQRNN,BTC-USD,2026-05-06 21:45:00,0.03266272,0.032587346
PSOQRNN,BTC-USD,2026-05-06 22:00:00,0.032568883,0.03265074
PSOQRNN,BTC-USD,2026-05-06 22:15:00,0.03264319,0.032694716
PSOQRNN,BTC-USD,2026-05-06 22:30:00,0.032800138,0.03270645
PSOQRNN,BTC-USD,2026-05-06 22:45:00,0.032784183,0.03263524
PSOQRNN,BTC-USD,2026-05-06 23:00:00,0.03264414,0.032645848
PSOQRNN,BTC-USD,2026-05-06 23:15:00,0.032790136,0.03268784
PSOQRNN,BTC-USD,2026-05-06 23:30:00,0.03273655,0.032688886
PSOQRNN,BTC-USD,2026-05-06 23:45:00,0.032800376,0.032703564
PSOQRNN,BTC-USD,2026-05-07 00:00:00,0.03276513,0.03270359
PSOQRNN,BTC-USD,2026-05-07 00:15:00,0.03266486,0.032804646
PSOQRNN,BTC-USD,2026-05-07 00:30:00,0.03276894,0.03286488
PSOQRNN,BTC-USD,2026-05-07 00:45:00,0.032926843,0.03286378
PSOQRNN,BTC-USD,2026-05-07 01:00:00,0.033000194,0.029783737
PSOQRNN,BTC-USD,2026-05-07 01:15:00,0.02983903,0.02962006
PSOQRNN,BTC-USD,2026-05-07 01:30:00,0.029678477,0.02911931
PSOQRNN,BTC-USD,2026-05-07 01:45:00,0.029060792,0.02914956
PSOQRNN,BTC-USD,2026-05-07 02:00:00,0.028989326,0.029297821
PSOQRNN,BTC-USD,2026-05-07 02:15:00,0.029300436,0.029270342
PSOQRNN,BTC-USD,2026-05-07 02:30:00,0.029316872,0.029103749
PSOQRNN,BTC-USD,2026-05-07 02:45:00,0.029206103,0.029146286
PSOQRNN,BTC-USD,2026-05-07 03:00:00,0.029088663,0.029176116
PSOQRNN,BTC-USD,2026-05-07 03:15:00,0.02915179,0.02911505
PSOQRNN,BTC-USD,2026-05-07 03:30:00,0.02912916,0.029113857
PSOQRNN,BTC-USD,2026-05-07 03:45:00,0.029024582,0.029117038
PSOQRNN,BTC-USD,2026-05-07 04:00:00,0.029162271,0.029111868
PSOQRNN,BTC-USD,2026-05-07 04:15:00,0.029138926,0.029112762
PSOQRNN,BTC-USD,2026-05-07 04:30:00,0.029080326,0.0290942
PSOQRNN,BTC-USD,2026-05-07 04:45:00,0.029160604,0.02909149
PSOQRNN,BTC-USD,2026-05-07 05:00:00,0.029185379,0.029034914
PSOQRNN,BTC-USD,2026-05-07 05:15:00,0.029029585,0.028843548
PSOQRNN,BTC-USD,2026-05-07 05:30:00,0.028829481,0.028619558
PSOQRNN,BTC-USD,2026-05-07 05:45:00,0.028618416,0.027301392
PSOQRNN,BTC-USD,2026-05-07 06:00:00,0.027122311,0.027366836
PSOQRNN,BTC-USD,2026-05-07 06:15:00,0.027420351,0.026860889
PSOQRNN,BTC-USD,2026-05-07 06:30:00,0.027047979,0.027028162
PSOQRNN,BTC-USD,2026-05-07 06:45:00,0.027032254,0.026999466
PSOQRNN,BTC-USD,2026-05-07 07:00:00,0.027098011,0.026817638
PSOQRNN,BTC-USD,2026-05-07 07:15:00,0.026693946,0.02608622
PSOQRNN,BTC-USD,2026-05-07 07:30:00,0.02602374,0.026082344
PSOQRNN,BTC-USD,2026-05-07 07:45:00,0.025948212,0.025888493
PSOQRNN,BTC-USD,2026-05-07 08:00:00,0.025787149,0.025487319
PSOQRNN,BTC-USD,2026-05-07 08:15:00,0.02532182,0.025500953
PSOQRNN,BTC-USD,2026-05-07 08:30:00,0.025263922,0.02549528
PSOQRNN,BTC-USD,2026-05-07 08:45:00,0.025364233,0.0254684
PSOQRNN,BTC-USD,2026-05-07 09:00:00,0.025332544,0.02547438
PSOQRNN,BTC-USD,2026-05-07 09:15:00,0.025260111,0.025483651
PSOQRNN,BTC-USD,2026-05-07 09:30:00,0.0252644,0.025526542
PSOQRNN,BTC-USD,2026-05-07 09:45:00,0.025451913,0.025516449
PSOQRNN,BTC-USD,2026-05-07 10:00:00,0.025379958,0.025521753
PSOQRNN,BTC-USD,2026-05-07 10:15:00,0.02521198,0.02564606
PSOQRNN,BTC-USD,2026-05-07 10:30:00,0.025754984,0.02583821
PSOQRNN,BTC-USD,2026-05-07 10:45:00,0.025720198,0.025834467
PSOQRNN,BTC-USD,2026-05-07 11:00:00,0.025815502,0.025835194
PSOQRNN,BTC-USD,2026-05-07 11:15:00,0.025703996,0.025811795
PSOQRNN,BTC-USD,2026-05-07 11:30:00,0.025789293,0.025785644
PSOQRNN,BTC-USD,2026-05-07 11:45:00,0.025610598,0.025821608
PSOQRNN,BTC-USD,2026-05-07 12:00:00,0.025899846,0.025871752
PSOQRNN,BTC-USD,2026-05-07 12:15:00,0.025764275,0.025852337
PSOQRNN,BTC-USD,2026-05-07 12:30:00,0.025769042,0.025849545
PSOQRNN,BTC-USD,2026-05-07 12:45:00,0.025836706,0.025875209
PSOQRNN,BTC-USD,2026-05-07 13:00:00,0.025607977,0.026013808
PSOQRNN,BTC-USD,2026-05-07 13:15:00,0.025949404,0.025986476
PSOQRNN,BTC-USD,2026-05-07 13:30:00,0.025606547,0.026345018
PSOQRNN,BTC-USD,2026-05-07 13:45:00,0.026207672,0.026361767
PSOQRNN,BTC-USD,2026-05-07 14:00:00,0.026419956,0.026377209
PSOQRNN,BTC-USD,2026-05-07 14:15:00,0.026103318,0.026582405
PSOQRNN,BTC-USD,2026-05-07 14:30:00,0.026334662,0.026642404
PSOQRNN,BTC-USD,2026-05-07 14:45:00,0.026575536,0.026621018
PSOQRNN,BTC-USD,2026-05-07 15:00:00,0.026559811,0.026584031
PSOQRNN,BTC-USD,2026-05-07 15:15:00,0.026272478,0.026862422
PSOQRNN,BTC-USD,2026-05-07 15:30:00,0.026902411,0.026811114
PSOQRNN,BTC-USD,2026-05-07 15:45:00,0.026682032,0.026790315
PSOQRNN,BTC-USD,2026-05-07 16:00:00,0.026697041,0.026794346
PSOQRNN,BTC-USD,2026-05-07 16:15:00,0.02684833,0.026848095
PSOQRNN,BTC-USD,2026-05-07 16:30:00,0.026712053,0.02687913
PSOQRNN,BTC-USD,2026-05-07 16:45:00,0.026758272,0.026864834
PSOQRNN,BTC-USD,2026-05-07 17:00:00,0.026880732,0.026862934
PSOQRNN,BTC-USD,2026-05-07 17:15:00,0.026657017,0.026976008
PSOQRNN,BTC-USD,2026-05-07 17:30:00,0.027060367,0.026732078
PSOQRNN,BTC-USD,2026-05-07 17:45:00,0.02684166,0.026699068
PSOQRNN,BTC-USD,2026-05-07 18:00:00,0.026681079,0.026668796
PSOQRNN,BTC-USD,2026-05-07 18:15:00,0.02658149,0.026621334
PSOQRNN,BTC-USD,2026-05-07 18:30:00,0.026547182,0.026574086
PSOQRNN,BTC-USD,2026-05-07 18:45:00,0.026585303,0.026603065
PSOQRNN,BTC-USD,2026-05-07 19:00:00,0.02651359,0.02658969
PSOQRNN,BTC-USD,2026-05-07 19:15:00,0.026361346,0.026722895
PSOQRNN,BTC-USD,2026-05-07 19:30:00,0.02678281,0.026797414
PSOQRNN,BTC-USD,2026-05-07 19:45:00,0.026745407,0.026733365
PSOQRNN,BTC-USD,2026-05-07 20:00:00,0.026681079,0.026732054
PSOQRNN,BTC-USD,2026-05-07 20:15:00,0.026700854,0.026636552
PSOQRNN,BTC-USD,2026-05-07 20:30:00,0.026416622,0.02675768
PSOQRNN,BTC-USD,2026-05-07 20:45:00,0.026628902,0.026766896
PSOQRNN,BTC-USD,2026-05-07 21:00:00,0.026634144,0.026792297
PSOQRNN,BTC-USD,2026-05-07 21:15:00,0.026838562,0.026808104
PSOQRNN,BTC-USD,2026-05-07 21:30:00,0.026636051,0.026871927
PSOQRNN,BTC-USD,2026-05-07 21:45:00,0.026786624,0.026783448
PSOQRNN,BTC-USD,2026-05-07 22:00:00,0.026784956,0.026803803
PSOQRNN,BTC-USD,2026-05-07 22:15:00,0.026809018,0.026816169
PSOQRNN,BTC-USD,2026-05-07 22:30:00,0.026712766,0.026825182
PSOQRNN,BTC-USD,2026-05-07 22:45:00,0.026828079,0.026779642
PSOQRNN,BTC-USD,2026-05-07 23:00:00,0.02674779,0.026784223
PSOQRNN,BTC-USD,2026-05-07 23:15:00,0.026724203,0.026784098
PSOQRNN,BTC-USD,2026-05-07 23:30:00,0.026773043,0.0267696
PSOQRNN,BTC-USD,2026-05-07 23:45:00,0.026703952,0.026751643
PSOQRNN,BTC-USD,2026-05-08 00:00:00,0.026754698,0.026713992
PSOQRNN,BTC-USD,2026-05-08 00:15:00,0.02660627,0.026724113
PSOQRNN,BTC-USD,2026-05-08 00:30:00,0.026583636,0.026744464
PSOQRNN,BTC-USD,2026-05-08 00:45:00,0.026617706,0.026766347
PSOQRNN,BTC-USD,2026-05-08 01:00:00,0.026608413,0.02679026
PSOQRNN,BTC-USD,2026-05-08 01:15:00,0.026696328,0.026780317
PSOQRNN,BTC-USD,2026-05-08 01:30:00,0.02672182,0.02675616
PSOQRNN,BTC-USD,2026-05-08 01:45:00,0.026696803,0.026756017
PSOQRNN,BTC-USD,2026-05-08 02:00:00,0.026696566,0.026709909
PSOQRNN,BTC-USD,2026-05-08 02:15:00,0.026649155,0.026709976
PSOQRNN,BTC-USD,2026-05-08 02:30:00,0.026649155,0.026681744
PSOQRNN,BTC-USD,2026-05-08 02:45:00,0.026620088,0.02668112
PSOQRNN,BTC-USD,2026-05-08 03:00:00,0.026454741,0.026785865
PSOQRNN,BTC-USD,2026-05-08 03:15:00,0.026804253,0.026775302
PSOQRNN,BTC-USD,2026-05-08 03:30:00,0.02677066,0.026771525
PSOQRNN,BTC-USD,2026-05-08 03:45:00,0.026673932,0.026775286
PSOQRNN,BTC-USD,2026-05-08 04:00:00,0.026800917,0.02643084
PSOQRNN,BTC-USD,2026-05-08 04:15:00,0.026361346,0.026347168
PSOQRNN,BTC-USD,2026-05-08 04:30:00,0.026178606,0.026380725
PSOQRNN,BTC-USD,2026-05-08 04:45:00,0.0263897,0.02640929
PSOQRNN,BTC-USD,2026-05-08 05:00:00,0.02632132,0.026291616
PSOQRNN,BTC-USD,2026-05-08 05:15:00,0.026206244,0.026065668
PSOQRNN,BTC-USD,2026-05-08 05:30:00,0.026058525,0.02602371
PSOQRNN,BTC-USD,2026-05-08 05:45:00,0.025878163,0.026005836
PSOQRNN,BTC-USD,2026-05-08 06:00:00,0.025860533,0.02585511
PSOQRNN,BTC-USD,2026-05-08 06:15:00,0.025759272,0.025843566
PSOQRNN,BTC-USD,2026-05-08 06:30:00,0.025766896,0.025842922
PSOQRNN,BTC-USD,2026-05-08 06:45:00,0.025686841,0.025838459
PSOQRNN,BTC-USD,2026-05-08 07:00:00,0.025651816,0.025851171
PSOQRNN,BTC-USD,2026-05-08 07:15:00,0.025691368,0.02587128
PSOQRNN,BTC-USD,2026-05-08 07:30:00,0.026013019,0.025793202
PSOQRNN,BTC-USD,2026-05-08 07:45:00,0.025765944,0.025672156
PSOQRNN,BTC-USD,2026-05-08 08:00:00,0.025635138,0.025686374
PSOQRNN,BTC-USD,2026-05-08 08:15:00,0.025596064,0.025664719
PSOQRNN,BTC-USD,2026-05-08 08:30:00,0.025669925,0.025689764
PSOQRNN,BTC-USD,2026-05-08 08:45:00,0.025658965,0.025711296
PSOQRNN,BTC-USD,2026-05-08 09:00:00,0.02565944,0.02545312
PSOQRNN,BTC-USD,2026-05-08 09:15:00,0.025353272,0.025427781
PSOQRNN,BTC-USD,2026-05-08 09:30:00,0.025215078,0.025469735
PSOQRNN,BTC-USD,2026-05-08 09:45:00,0.025363995,0.025469732
PSOQRNN,BTC-USD,2026-05-08 10:00:00,0.025323251,0.025467655
PSOQRNN,BTC-USD,2026-05-08 10:15:00,0.0254319,0.025460681
PSOQRNN,BTC-USD,2026-05-08 10:30:00,0.025513386,0.025548374
PSOQRNN,BTC-USD,2026-05-08 10:45:00,0.02554984,0.025598941
PSOQRNN,BTC-USD,2026-05-08 11:00:00,0.025491465,0.025571292
PSOQRNN,BTC-USD,2026-05-08 11:15:00,0.025541263,0.025533108
PSOQRNN,BTC-USD,2026-05-08 11:30:00,0.025331113,0.025545135
PSOQRNN,BTC-USD,2026-05-08 11:45:00,0.025496947,0.025561005
PSOQRNN,BTC-USD,2026-05-08 12:00:00,0.02549385,0.02556609
PSOQRNN,BTC-USD,2026-05-08 12:15:00,0.025510289,0.025523746
PSOQRNN,BTC-USD,2026-05-08 12:30:00,0.02534136,0.025517417
PSOQRNN,BTC-USD,2026-05-08 12:45:00,0.025256775,0.02562473
PSOQRNN,BTC-USD,2026-05-08 13:00:00,0.025252962,0.025970392
PSOQRNN,BTC-USD,2026-05-08 13:15:00,0.0258186,0.025980677
PSOQRNN,BTC-USD,2026-05-08 13:30:00,0.025881499,0.025493355
PSOQRNN,BTC-USD,2026-05-08 13:45:00,0.025410218,0.025465794
PSOQRNN,BTC-USD,2026-05-08 14:00:00,0.025614886,0.025762074
PSOQRNN,BTC-USD,2026-05-08 14:15:00,0.025807163,0.025542928
PSOQRNN,BTC-USD,2026-05-08 14:30:00,0.02552792,0.025575802
PSOQRNN,BTC-USD,2026-05-08 14:45:00,0.025420701,0.025589472
PSOQRNN,BTC-USD,2026-05-08 15:00:00,0.025279887,0.02561534
PSOQRNN,BTC-USD,2026-05-08 15:15:00,0.025369236,0.025566913
PSOQRNN,BTC-USD,2026-05-08 15:30:00,0.025672069,0.025779514
PSOQRNN,BTC-USD,2026-05-08 15:45:00,0.0258267,0.025831647
PSOQRNN,BTC-USD,2026-05-08 16:00:00,0.025598446,0.025866693
PSOQRNN,BTC-USD,2026-05-08 16:15:00,0.025766183,0.02584844
PSOQRNN,BTC-USD,2026-05-08 16:30:00,0.025635853,0.025899483
PSOQRNN,BTC-USD,2026-05-08 16:45:00,0.025816455,0.02584744
PSOQRNN,BTC-USD,2026-05-08 17:00:00,0.02581431,0.025832165
PSOQRNN,BTC-USD,2026-05-08 17:15:00,0.025846953,0.025796864
PSOQRNN,BTC-USD,2026-05-08 17:30:00,0.025810022,0.02583856
PSOQRNN,BTC-USD,2026-05-08 17:45:00,0.02569256,0.025777545
PSOQRNN,BTC-USD,2026-05-08 18:00:00,0.025798824,0.025832774
PSOQRNN,BTC-USD,2026-05-08 18:15:00,0.025764752,0.025718829
PSOQRNN,BTC-USD,2026-05-08 18:30:00,0.02556771,0.025719045
PSOQRNN,BTC-USD,2026-05-08 18:45:00,0.025567234,0.025727585
PSOQRNN,BTC-USD,2026-05-08 19:00:00,0.025613457,0.025728108
PSOQRNN,BTC-USD,2026-05-08 19:15:00,0.025602972,0.025664585
PSOQRNN,BTC-USD,2026-05-08 19:30:00,0.025633233,0.025684442
PSOQRNN,BTC-USD,2026-05-08 19:45:00,0.025596064,0.025677046
PSOQRNN,BTC-USD,2026-05-08 20:00:00,0.025678026,0.025715223
PSOQRNN,BTC-USD,2026-05-08 20:15:00,0.025639428,0.025716782
PSOQRNN,BTC-USD,2026-05-08 20:30:00,0.025614886,0.025699463
PSOQRNN,BTC-USD,2026-05-08 20:45:00,0.025517913,0.025656804
PSOQRNN,BTC-USD,2026-05-08 21:00:00,0.02557867,0.025647674
PSOQRNN,BTC-USD,2026-05-08 21:15:00,0.025590822,0.025618484
PSOQRNN,BTC-USD,2026-05-08 21:30:00,0.025557702,0.025607415
PSOQRNN,BTC-USD,2026-05-08 21:45:00,0.025515769,0.025603075
PSOQRNN,BTC-USD,2026-05-08 22:00:00,0.025605831,0.025657106
PSOQRNN,BTC-USD,2026-05-08 22:15:00,0.025528397,0.025639663
PSOQRNN,BTC-USD,2026-05-08 22:30:00,0.025520295,0.02559473
PSOQRNN,BTC-USD,2026-05-08 22:45:00,0.025458347,0.025596524
PSOQRNN,BTC-USD,2026-05-08 23:00:00,0.025445957,0.025507314
PSOQRNN,BTC-USD,2026-05-08 23:15:00,0.025398782,0.025505606
PSOQRNN,BTC-USD,2026-05-08 23:30:00,0.02534255,0.025460294
PSOQRNN,BTC-USD,2026-05-08 23:45:00,0.025412124,0.02528233
PSOQRNN,BTC-USD,2026-05-09 00:00:00,0.025153367,0.025227662
PSOQRNN,BTC-USD,2026-05-09 00:15:00,0.025096897,0.025224837
PSOQRNN,BTC-USD,2026-05-09 00:30:00,0.02515003,0.025035717
PSOQRNN,BTC-USD,2026-05-09 00:45:00,0.024949886,0.025042363
PSOQRNN,BTC-USD,2026-05-09 01:00:00,0.02500016,0.025064562
PSOQRNN,BTC-USD,2026-05-09 01:15:00,0.024900801,0.025007406
PSOQRNN,BTC-USD,2026-05-09 01:30:00,0.024978,0.025040146
PSOQRNN,BTC-USD,2026-05-09 01:45:00,0.024868874,0.025044141
PSOQRNN,BTC-USD,2026-05-09 02:00:00,0.025019221,0.025044383
PSOQRNN,BTC-USD,2026-05-09 02:15:00,0.024914382,0.024823971
PSOQRNN,BTC-USD,2026-05-09 02:30:00,0.024672298,0.024739001
PSOQRNN,BTC-USD,2026-05-09 02:45:00,0.024620831,0.024736026
PSOQRNN,BTC-USD,2026-05-09 03:00:00,0.024617972,0.024451425
PSOQRNN,BTC-USD,2026-05-09 03:15:00,0.024317745,0.024340974
PSOQRNN,BTC-USD,2026-05-09 03:30:00,0.024126645,0.02435384
PSOQRNN,BTC-USD,2026-05-09 03:45:00,0.02423125,0.024318881
PSOQRNN,BTC-USD,2026-05-09 04:00:00,0.024322033,0.024387136
PSOQRNN,BTC-USD,2026-05-09 04:15:00,0.024164293,0.024337992
PSOQRNN,BTC-USD,2026-05-09 04:30:00,0.024131887,0.024349404
PSOQRNN,BTC-USD,2026-05-09 04:45:00,0.02419241,0.024185576
PSOQRNN,BTC-USD,2026-05-09 05:00:00,0.024017513,0.024029925
PSOQRNN,BTC-USD,2026-05-09 05:15:00,0.023928633,0.023955917
PSOQRNN,BTC-USD,2026-05-09 05:30:00,0.023820214,0.023719788
PSOQRNN,BTC-USD,2026-05-09 05:45:00,0.023466123,0.02334075
PSOQRNN,BTC-USD,2026-05-09 06:00:00,0.023183512,0.023296319
PSOQRNN,BTC-USD,2026-05-09 06:15:00,0.023016231,0.02310194
PSOQRNN,BTC-USD,2026-05-09 06:30:00,0.022811538,0.023133436
PSOQRNN,BTC-USD,2026-05-09 06:45:00,0.022970479,0.023127973
PSOQRNN,BTC-USD,2026-05-09 07:00:00,0.022870397,0.023128098
PSOQRNN,BTC-USD,2026-05-09 07:15:00,0.02297596,0.022945449
PSOQRNN,BTC-USD,2026-05-09 07:30:00,0.022740526,0.022837337
PSOQRNN,BTC-USD,2026-05-09 07:45:00,0.022604696,0.022829106
PSOQRNN,BTC-USD,2026-05-09 08:00:00,0.022769121,0.022928385
PSOQRNN,BTC-USD,2026-05-09 08:15:00,0.022727182,0.022795346
PSOQRNN,BTC-USD,2026-05-09 08:30:00,0.022593496,0.022776086
PSOQRNN,BTC-USD,2026-05-09 08:45:00,0.022552272,0.022752652
PSOQRNN,BTC-USD,2026-05-09 09:00:00,0.022476492,0.022761308
PSOQRNN,BTC-USD,2026-05-09 09:15:00,0.022470059,0.022782631
PSOQRNN,BTC-USD,2026-05-09 09:30:00,0.022552272,0.02275323
PSOQRNN,BTC-USD,2026-05-09 09:45:00,0.02254131,0.022752613
PSOQRNN,BTC-USD,2026-05-09 10:00:00,0.022514144,0.022722911
PSOQRNN,BTC-USD,2026-05-09 10:15:00,0.022488408,0.022699649
PSOQRNN,BTC-USD,2026-05-09 10:30:00,0.022593021,0.022716822
PSOQRNN,BTC-USD,2026-05-09 10:45:00,0.022445515,0.022723531
PSOQRNN,BTC-USD,2026-05-09 11:00:00,0.022556324,0.022641957
PSOQRNN,BTC-USD,2026-05-09 11:15:00,0.022440271,0.022630459
PSOQRNN,BTC-USD,2026-05-09 11:30:00,0.02240953,0.02250606
PSOQRNN,BTC-USD,2026-05-09 11:45:00,0.022269888,0.022488626
PSOQRNN,BTC-USD,2026-05-09 12:00:00,0.02223319,0.02248488
PSOQRNN,BTC-USD,2026-05-09 12:15:00,0.022351624,0.022511033
PSOQRNN,BTC-USD,2026-05-09 12:30:00,0.022231521,0.022463577
PSOQRNN,BTC-USD,2026-05-09 12:45:00,0.022279419,0.022472331
PSOQRNN,BTC-USD,2026-05-09 13:00:00,0.022246057,0.022390509
PSOQRNN,BTC-USD,2026-05-09 13:15:00,0.02209712,0.022339921
PSOQRNN,BTC-USD,2026-05-09 13:30:00,0.02209974,0.02231771
PSOQRNN,BTC-USD,2026-05-09 13:45:00,0.022134295,0.022329237
PSOQRNN,BTC-USD,2026-05-09 14:00:00,0.022086633,0.022291305
PSOQRNN,BTC-USD,2026-05-09 14:15:00,0.021987261,0.022223333
PSOQRNN,BTC-USD,2026-05-09 14:30:00,0.021995602,0.02222167
PSOQRNN,BTC-USD,2026-05-09 14:45:00,0.02197773,0.02219254
PSOQRNN,BTC-USD,2026-05-09 15:00:00,0.02192149,0.022194799
PSOQRNN,BTC-USD,2026-05-09 15:15:00,0.02205351,0.022106199
PSOQRNN,BTC-USD,2026-05-09 15:30:00,0.021921013,0.021989675
PSOQRNN,BTC-USD,2026-05-09 15:45:00,0.021781366,0.02199851
PSOQRNN,BTC-USD,2026-05-09 16:00:00,0.021782797,0.021939488
PSOQRNN,BTC-USD,2026-05-09 16:15:00,0.02176254,0.021954631
PSOQRNN,BTC-USD,2026-05-09 16:30:00,0.021681279,0.02193907
PSOQRNN,BTC-USD,2026-05-09 16:45:00,0.02166412,0.021908248
PSOQRNN,BTC-USD,2026-05-09 17:00:00,0.021770643,0.021746593
PSOQRNN,BTC-USD,2026-05-09 17:15:00,0.021551877,0.021767281
PSOQRNN,BTC-USD,2026-05-09 17:30:00,0.021490155,0.02175569
PSOQRNN,BTC-USD,2026-05-09 17:45:00,0.021483721,0.021675238
PSOQRNN,BTC-USD,2026-05-09 18:00:00,0.021437488,0.02164666
PSOQRNN,BTC-USD,2026-05-09 18:15:00,0.02155307,0.02176946
PSOQRNN,BTC-USD,2026-05-09 18:30:00,0.02138506,0.021828022
PSOQRNN,BTC-USD,2026-05-09 18:45:00,0.021572849,0.021754641
PSOQRNN,BTC-USD,2026-05-09 19:00:00,0.021476572,0.021742012
PSOQRNN,BTC-USD,2026-05-09 19:15:00,0.021416757,0.021752391
PSOQRNN,BTC-USD,2026-05-09 19:30:00,0.02149945,0.021741409
PSOQRNN,BTC-USD,2026-05-09 19:45:00,0.021567844,0.021745065
PSOQRNN,BTC-USD,2026-05-09 20:00:00,0.021379104,0.02171882
PSOQRNN,BTC-USD,2026-05-09 20:15:00,0.021411752,0.021724546
PSOQRNN,BTC-USD,2026-05-09 20:30:00,0.021463227,0.021723552
PSOQRNN,BTC-USD,2026-05-09 20:45:00,0.021465847,0.021723637
PSOQRNN,BTC-USD,2026-05-09 21:00:00,0.02150207,0.021606924
PSOQRNN,BTC-USD,2026-05-09 21:15:00,0.021299507,0.021549003
PSOQRNN,BTC-USD,2026-05-09 21:30:00,0.021203708,0.021161173
PSOQRNN,BTC-USD,2026-05-09 21:45:00,0.020896522,0.02114377
PSOQRNN,BTC-USD,2026-05-09 22:00:00,0.020820737,0.020983886
PSOQRNN,BTC-USD,2026-05-09 22:15:00,0.020677034,0.020956567
PSOQRNN,BTC-USD,2026-05-09 22:30:00,0.020704439,0.020967223
PSOQRNN,BTC-USD,2026-05-09 22:45:00,0.020623412,0.020956157
PSOQRNN,BTC-USD,2026-05-09 23:00:00,0.020611735,0.020960223
PSOQRNN,BTC-USD,2026-05-09 23:15:00,0.020590285,0.020953348
PSOQRNN,BTC-USD,2026-05-09 23:30:00,0.020637235,0.020849643
PSOQRNN,BTC-USD,2026-05-09 23:45:00,0.02055287,0.02084664
PSOQRNN,BTC-USD,2026-05-10 00:00:00,0.020559067,0.020843927
PSOQRNN,BTC-USD,2026-05-10 00:15:00,0.020536903,0.020772645
PSOQRNN,BTC-USD,2026-05-10 00:30:00,0.02051903,0.020709729
PSOQRNN,BTC-USD,2026-05-10 00:45:00,0.020293102,0.020741455
PSOQRNN,BTC-USD,2026-05-10 01:00:00,0.020387715,0.020739013
PSOQRNN,BTC-USD,2026-05-10 01:15:00,0.020378182,0.020488326
PSOQRNN,BTC-USD,2026-05-10 01:30:00,0.02018824,0.020224387
PSOQRNN,BTC-USD,2026-05-10 01:45:00,0.01992704,0.02023002
PSOQRNN,BTC-USD,2026-05-10 02:00:00,0.019831471,0.020206997
PSOQRNN,BTC-USD,2026-05-10 02:15:00,0.01996231,0.020240203
PSOQRNN,BTC-USD,2026-05-10 02:30:00,0.019908212,0.020210868
PSOQRNN,BTC-USD,2026-05-10 02:45:00,0.019893674,0.02017187
PSOQRNN,BTC-USD,2026-05-10 03:00:00,0.019817648,0.019985668
PSOQRNN,BTC-USD,2026-05-10 03:15:00,0.019592192,0.019987253
PSOQRNN,BTC-USD,2026-05-10 03:30:00,0.019679897,0.01999893
PSOQRNN,BTC-USD,2026-05-10 03:45:00,0.019606968,0.019963415
PSOQRNN,BTC-USD,2026-05-10 04:00:00,0.019615786,0.019762784
PSOQRNN,BTC-USD,2026-05-10 04:15:00,0.019406058,0.019761514
PSOQRNN,BTC-USD,2026-05-10 04:30:00,0.01935148,0.019198133
PSOQRNN,BTC-USD,2026-05-10 04:45:00,0.018786633,0.019168254
PSOQRNN,BTC-USD,2026-05-10 05:00:00,0.01876566,0.019048009
PSOQRNN,BTC-USD,2026-05-10 05:15:00,0.018625518,0.018758189
PSOQRNN,BTC-USD,2026-05-10 05:30:00,0.01828851,0.018515911
PSOQRNN,BTC-USD,2026-05-10 05:45:00,0.018025145,0.018522233
PSOQRNN,BTC-USD,2026-05-10 06:00:00,0.018092357,0.018523602
PSOQRNN,BTC-USD,2026-05-10 06:15:00,0.018008461,0.018083379
PSOQRNN,BTC-USD,2026-05-10 06:30:00,0.017666439,0.01802743
PSOQRNN,BTC-USD,2026-05-10 06:45:00,0.017571816,0.017987223
PSOQRNN,BTC-USD,2026-05-10 07:00:00,0.017493162,0.017976701
PSOQRNN,BTC-USD,2026-05-10 07:15:00,0.017551318,0.017893739
PSOQRNN,BTC-USD,2026-05-10 07:30:00,0.017406404,0.017840825
PSOQRNN,BTC-USD,2026-05-10 07:45:00,0.01728866,0.017817346
PSOQRNN,BTC-USD,2026-05-10 08:00:00,0.01734658,0.017780492
PSOQRNN,BTC-USD,2026-05-10 08:15:00,0.01739115,0.017638424
PSOQRNN,BTC-USD,2026-05-10 08:30:00,0.017083444,0.017499581
PSOQRNN,BTC-USD,2026-05-10 08:45:00,0.016987866,0.017269991
PSOQRNN,BTC-USD,2026-05-10 09:00:00,0.016742364,0.017256226
PSOQRNN,BTC-USD,2026-05-10 09:15:00,0.01669517,0.017253347
PSOQRNN,BTC-USD,2026-05-10 09:30:00,0.016647976,0.017271597
PSOQRNN,BTC-USD,2026-05-10 09:45:00,0.016796947,0.017239237
PSOQRNN,BTC-USD,2026-05-10 10:00:00,0.01661699,0.017262196
PSOQRNN,BTC-USD,2026-05-10 10:15:00,0.01681506,0.017071519
PSOQRNN,BTC-USD,2026-05-10 10:30:00,0.01651593,0.01695598
PSOQRNN,BTC-USD,2026-05-10 10:45:00,0.016462062,0.016969219
PSOQRNN,BTC-USD,2026-05-10 11:00:00,0.016463252,0.016977113
PSOQRNN,BTC-USD,2026-05-10 11:15:00,0.016281864,0.017046766
PSOQRNN,BTC-USD,2026-05-10 11:30:00,0.016547391,0.016850976
PSOQRNN,BTC-USD,2026-05-10 11:45:00,0.01626065,0.016811242
PSOQRNN,BTC-USD,2026-05-10 12:00:00,0.016307607,0.016775565
PSOQRNN,BTC-USD,2026-05-10 12:15:00,0.016283771,0.016708385
PSOQRNN,BTC-USD,2026-05-10 12:30:00,0.01613027,0.016592043
PSOQRNN,BTC-USD,2026-05-10 12:45:00,0.016025154,0.016583122
PSOQRNN,BTC-USD,2026-05-10 13:00:00,0.015966995,0.016561212
PSOQRNN,BTC-USD,2026-05-10 13:15:00,0.016045654,0.016546292
PSOQRNN,BTC-USD,2026-05-10 13:30:00,0.015979152,0.016526258
PSOQRNN,BTC-USD,2026-05-10 13:45:00,0.015917893,0.01650051
PSOQRNN,BTC-USD,2026-05-10 14:00:00,0.01585449,0.016509406
PSOQRNN,BTC-USD,2026-05-10 14:15:00,0.015917417,0.016509458
PSOQRNN,BTC-USD,2026-05-10 14:30:00,0.015896441,0.016495174
PSOQRNN,BTC-USD,2026-05-10 14:45:00,0.016017051,0.016538166
PSOQRNN,BTC-USD,2026-05-10 15:00:00,0.016010614,0.01651933
PSOQRNN,BTC-USD,2026-05-10 15:15:00,0.015837805,0.016533764
PSOQRNN,BTC-USD,2026-05-10 15:30:00,0.016136706,0.016604995
PSOQRNN,BTC-USD,2026-05-10 15:45:00,0.0163231,0.016889133
PSOQRNN,BTC-USD,2026-05-10 16:00:00,0.016397467,0.016814968
PSOQRNN,BTC-USD,2026-05-10 16:15:00,0.016006563,0.017028632
PSOQRNN,BTC-USD,2026-05-10 16:30:00,0.016466113,0.017029624
PSOQRNN,BTC-USD,2026-05-10 16:45:00,0.016604597,0.017083274
PSOQRNN,BTC-USD,2026-05-10 17:00:00,0.016506633,0.017088028
PSOQRNN,BTC-USD,2026-05-10 17:15:00,0.01658386,0.017092656
PSOQRNN,BTC-USD,2026-05-10 17:30:00,0.016550729,0.017092463
PSOQRNN,BTC-USD,2026-05-10 17:45:00,0.016649406,0.017127205
PSOQRNN,BTC-USD,2026-05-10 18:00:00,0.016546676,0.016899645
PSOQRNN,BTC-USD,2026-05-10 18:15:00,0.016243251,0.016897576
PSOQRNN,BTC-USD,2026-05-10 18:30:00,0.016225612,0.016929684
PSOQRNN,BTC-USD,2026-05-10 18:45:00,0.016391031,0.016914526
PSOQRNN,BTC-USD,2026-05-10 19:00:00,0.016445138,0.01688765
PSOQRNN,BTC-USD,2026-05-10 19:15:00,0.0164592,0.016946884
PSOQRNN,BTC-USD,2026-05-10 19:30:00,0.016331442,0.016881827
PSOQRNN,BTC-USD,2026-05-10 19:45:00,0.016324768,0.016836364
PSOQRNN,BTC-USD,2026-05-10 20:00:00,0.01599536,0.017125124
PSOQRNN,BTC-USD,2026-05-10 20:15:00,0.016534997,0.017133497
PSOQRNN,BTC-USD,2026-05-10 20:30:00,0.01622752,0.017585257
PSOQRNN,BTC-USD,2026-05-10 20:45:00,0.016982382,0.017587058
PSOQRNN,BTC-USD,2026-05-10 21:00:00,0.016987389,0.017587347
PSOQRNN,BTC-USD,2026-05-10 21:15:00,0.017273169,0.017729249
PSOQRNN,BTC-USD,2026-05-10 21:30:00,0.017224068,0.017728848
PSOQRNN,BTC-USD,2026-05-10 21:45:00,0.01709107,0.01776673
PSOQRNN,BTC-USD,2026-05-10 22:00:00,0.01789954,0.01918242
PSOQRNN,BTC-USD,2026-05-10 22:15:00,0.01895609,0.019262109
PSOQRNN,BTC-USD,2026-05-10 22:30:00,0.019232793,0.019452533
PSOQRNN,BTC-USD,2026-05-10 22:45:00,0.01922016,0.019520808
PSOQRNN,BTC-USD,2026-05-10 23:00:00,0.01947255,0.019934908
PSOQRNN,BTC-USD,2026-05-10 23:15:00,0.019419165,0.020035924
PSOQRNN,BTC-USD,2026-05-10 23:30:00,0.019816218,0.020046411
PSOQRNN,BTC-USD,2026-05-10 23:45:00,0.019519502,0.020149503
PSOQRNN,BTC-USD,2026-05-11 00:00:00,0.019456346,0.02060741
PSOQRNN,BTC-USD,2026-05-11 00:15:00,0.020100538,0.020745646
PSOQRNN,BTC-USD,2026-05-11 00:30:00,0.020346008,0.020700628
PSOQRNN,BTC-USD,2026-05-11 00:45:00,0.020268079,0.0207557
PSOQRNN,BTC-USD,2026-05-11 01:00:00,0.020460164,0.020742664
PSOQRNN,BTC-USD,2026-05-11 01:15:00,0.020541193,0.02076914
PSOQRNN,BTC-USD,2026-05-11 01:30:00,0.020315742,0.020710977
PSOQRNN,BTC-USD,2026-05-11 01:45:00,0.020406304,0.020653373
PSOQRNN,BTC-USD,2026-05-11 02:00:00,0.020241624,0.020686682
PSOQRNN,BTC-USD,2026-05-11 02:15:00,0.02019825,0.020775184
PSOQRNN,BTC-USD,2026-05-11 02:30:00,0.02042656,0.020715578
PSOQRNN,BTC-USD,2026-05-11 02:45:00,0.020369364,0.020704316
PSOQRNN,BTC-USD,2026-05-11 03:00:00,0.019833377,0.021847643
PSOQRNN,BTC-USD,2026-05-11 03:15:00,0.021576423,0.021837622
PSOQRNN,BTC-USD,2026-05-11 03:30:00,0.021687236,0.021849314
PSOQRNN,BTC-USD,2026-05-11 03:45:00,0.021602636,0.021703335
PSOQRNN,BTC-USD,2026-05-11 04:00:00,0.021357656,0.021291211
PSOQRNN,BTC-USD,2026-05-11 04:15:00,0.021092176,0.021292372
PSOQRNN,BTC-USD,2026-05-11 04:30:00,0.021065725,0.021304054
PSOQRNN,BTC-USD,2026-05-11 04:45:00,0.021013295,0.02130279
PSOQRNN,BTC-USD,2026-05-11 05:00:00,0.021054046,0.020935396
PSOQRNN,BTC-USD,2026-05-11 05:15:00,0.020724459,0.02085883
PSOQRNN,BTC-USD,2026-05-11 05:30:00,0.020376753,0.020935183
PSOQRNN,BTC-USD,2026-05-11 05:45:00,0.020668691,0.020921629
PSOQRNN,BTC-USD,2026-05-11 06:00:00,0.02068895,0.02067288
PSOQRNN,BTC-USD,2026-05-11 06:15:00,0.020426083,0.020554537
PSOQRNN,BTC-USD,2026-05-11 06:30:00,0.02006741,0.02040648
PSOQRNN,BTC-USD,2026-05-11 06:45:00,0.020076469,0.02028744
PSOQRNN,BTC-USD,2026-05-11 07:00:00,0.019866742,0.020180205
PSOQRNN,BTC-USD,2026-05-11 07:15:00,0.019811928,0.02018067
PSOQRNN,BTC-USD,2026-05-11 07:30:00,0.019816933,0.020081636
PSOQRNN,BTC-USD,2026-05-11 07:45:00,0.019743051,0.020082353
PSOQRNN,BTC-USD,2026-05-11 08:00:00,0.019733995,0.020063892
PSOQRNN,BTC-USD,2026-05-11 08:15:00,0.019606253,0.02003755
PSOQRNN,BTC-USD,2026-05-11 08:30:00,0.019862691,0.020100383
PSOQRNN,BTC-USD,2026-05-11 08:45:00,0.01968633,0.020093897
PSOQRNN,BTC-USD,2026-05-11 09:00:00,0.01988438,0.020095997
PSOQRNN,BTC-USD,2026-05-11 09:15:00,0.019735426,0.020093659
PSOQRNN,BTC-USD,2026-05-11 09:30:00,0.0197421,0.020071726
PSOQRNN,BTC-USD,2026-05-11 09:45:00,0.01975759,0.02005523
PSOQRNN,BTC-USD,2026-05-11 10:00:00,0.019767838,0.020069325
PSOQRNN,BTC-USD,2026-05-11 10:15:00,0.019853635,0.020136168
PSOQRNN,BTC-USD,2026-05-11 10:30:00,0.019684901,0.02015374
PSOQRNN,BTC-USD,2026-05-11 10:45:00,0.019671079,0.020224083
PSOQRNN,BTC-USD,2026-05-11 11:00:00,0.019896057,0.020168884
PSOQRNN,BTC-USD,2026-05-11 11:15:00,0.019958975,0.02024288
PSOQRNN,BTC-USD,2026-05-11 11:30:00,0.019940624,0.020248953
PSOQRNN,BTC-USD,2026-05-11 11:45:00,0.019950157,0.020206451
PSOQRNN,BTC-USD,2026-05-11 12:00:00,0.019749487,0.020254241
PSOQRNN,BTC-USD,2026-05-11 12:15:00,0.020108165,0.02039921
PSOQRNN,BTC-USD,2026-05-11 12:30:00,0.019924417,0.020470235
PSOQRNN,BTC-USD,2026-05-11 12:45:00,0.02002618,0.020520855
PSOQRNN,BTC-USD,2026-05-11 13:00:00,0.020408211,0.02064797
PSOQRNN,BTC-USD,2026-05-11 13:15:00,0.02018824,0.020716775
PSOQRNN,BTC-USD,2026-05-11 13:30:00,0.020335047,0.0207296
PSOQRNN,BTC-USD,2026-05-11 13:45:00,0.020400345,0.020720562
PSOQRNN,BTC-USD,2026-05-11 14:00:00,0.020465646,0.02071817
PSOQRNN,BTC-USD,2026-05-11 14:15:00,0.020011643,0.02130148
PSOQRNN,BTC-USD,2026-05-11 14:30:00,0.021061674,0.021287158
PSOQRNN,BTC-USD,2026-05-11 14:45:00,0.02113269,0.021342745
PSOQRNN,BTC-USD,2026-05-11 15:00:00,0.021124825,0.021357873
PSOQRNN,BTC-USD,2026-05-11 15:15:00,0.021380296,0.021738661
PSOQRNN,BTC-USD,2026-05-11 15:30:00,0.021364328,0.021784136
PSOQRNN,BTC-USD,2026-05-11 15:45:00,0.02172465,0.021946972
PSOQRNN,BTC-USD,2026-05-11 16:00:00,0.022008233,0.022329459
PSOQRNN,BTC-USD,2026-05-11 16:15:00,0.022080915,0.02231723
PSOQRNN,BTC-USD,2026-05-11 16:30:00,0.021899804,0.022419492
PSOQRNN,BTC-USD,2026-05-11 16:45:00,0.022187436,0.022403017
PSOQRNN,BTC-USD,2026-05-11 17:00:00,0.022100218,0.022381911
PSOQRNN,BTC-USD,2026-05-11 17:15:00,0.022263693,0.022433976
PSOQRNN,BTC-USD,2026-05-11 17:30:00,0.022537021,0.022897486
PSOQRNN,BTC-USD,2026-05-11 17:45:00,0.022630671,0.022914072
PSOQRNN,BTC-USD,2026-05-11 18:00:00,0.022736713,0.022916665
PSOQRNN,BTC-USD,2026-05-11 18:15:00,0.022752916,0.022923402
PSOQRNN,BTC-USD,2026-05-11 18:30:00,0.022650212,0.022918759
PSOQRNN,BTC-USD,2026-05-11 18:45:00,0.022621617,0.022954945
PSOQRNN,BTC-USD,2026-05-11 19:00:00,0.022803435,0.022860296
PSOQRNN,BTC-USD,2026-05-11 19:15:00,0.022630671,0.022829268
PSOQRNN,BTC-USD,2026-05-11 19:30:00,0.02270359,0.022838093
PSOQRNN,BTC-USD,2026-05-11 19:45:00,0.022599217,0.022841258
PSOQRNN,BTC-USD,2026-05-11 20:00:00,0.022581583,0.022851348
PSOQRNN,BTC-USD,2026-05-11 20:15:00,0.0226352,0.02283811
PSOQRNN,BTC-USD,2026-05-11 20:30:00,0.022553463,0.022861239
PSOQRNN,BTC-USD,2026-05-11 20:45:00,0.022649258,0.022827672
PSOQRNN,BTC-USD,2026-05-11 21:00:00,0.022533447,0.022856219
PSOQRNN,BTC-USD,2026-05-11 21:15:00,0.02255966,0.02285206
PSOQRNN,BTC-USD,2026-05-11 21:30:00,0.02272337,0.022838898
PSOQRNN,BTC-USD,2026-05-11 21:45:00,0.022709547,0.02286085
PSOQRNN,BTC-USD,2026-05-11 22:00:00,0.022660458,0.022842925
PSOQRNN,BTC-USD,2026-05-11 22:15:00,0.022537021,0.022877336
PSOQRNN,BTC-USD,2026-05-11 22:30:00,0.022706926,0.022882603
PSOQRNN,BTC-USD,2026-05-11 22:45:00,0.02271479,0.022885742
PSOQRNN,BTC-USD,2026-05-11 23:00:00,0.022585396,0.022829626
PSOQRNN,BTC-USD,2026-05-11 23:15:00,0.022527488,0.022867301
PSOQRNN,BTC-USD,2026-05-11 23:30:00,0.022790091,0.022939725
PSOQRNN,BTC-USD,2026-05-11 23:45:00,0.022701923,0.022944288
PSOQRNN,BTC-USD,2026-05-12 00:00:00,0.022621855,0.022988044
PSOQRNN,BTC-USD,2026-05-12 00:15:00,0.022737905,0.022971695
PSOQRNN,BTC-USD,2026-05-12 00:30:00,0.022704782,0.022988293
PSOQRNN,BTC-USD,2026-05-12 00:45:00,0.02282941,0.02299609
PSOQRNN,BTC-USD,2026-05-12 01:00:00,0.022657838,0.023074415
PSOQRNN,BTC-USD,2026-05-12 01:15:00,0.022853,0.023075135
PSOQRNN,BTC-USD,2026-05-12 01:30:00,0.022599932,0.023350557
PSOQRNN,BTC-USD,2026-05-12 01:45:00,0.02327716,0.023393854
PSOQRNN,BTC-USD,2026-05-12 02:00:00,0.023307899,0.023427079
PSOQRNN,BTC-USD,2026-05-12 02:15:00,0.023201384,0.023434216
PSOQRNN,BTC-USD,2026-05-12 02:30:00,0.023130136,0.023499116
PSOQRNN,BTC-USD,2026-05-12 02:45:00,0.02342323,0.023546616
PSOQRNN,BTC-USD,2026-05-12 03:00:00,0.023338877,0.0235471
PSOQRNN,BTC-USD,2026-05-12 03:15:00,0.023320291,0.023522899
PSOQRNN,BTC-USD,2026-05-12 03:30:00,0.023362467,0.023512263
PSOQRNN,BTC-USD,2026-05-12 03:45:00,0.023212822,0.023567732
PSOQRNN,BTC-USD,2026-05-12 04:00:00,0.023340546,0.023578774
PSOQRNN,BTC-USD,2026-05-12 04:15:00,0.023572637,0.02369317
PSOQRNN,BTC-USD,2026-05-12 04:30:00,0.02355262,0.023697063
