timestamp;open;high;low;close;volume
2026-02-06 14:30:00;6816.740234375;6874.7099609375;6816.740234375;6865.169921875;114086958.0
2026-02-06 14:45:00;6879.259765625;6887.1298828125;6867.5;6868.990234375;235241868.0
2026-02-06 15:00:00;6868.1298828125;6875.509765625;6855.240234375;6859.27001953125;171107302.0
2026-02-06 15:15:00;6859.2099609375;6879.8798828125;6853.60009765625;6878.18017578125;140925790.0
2026-02-06 15:30:00;6878.02001953125;6888.77001953125;6872.3701171875;6885.580078125;116131523.0
2026-02-06 15:45:00;6874.68994140625;6880.56005859375;6874.68994140625;6879.39013671875;125769026.0
2026-02-06 16:00:00;6879.43017578125;6895.2099609375;6876.97998046875;6894.7099609375;121789000.0
2026-02-06 16:15:00;6891.740234375;6898.91015625;6888.39013671875;6892.759765625;107681000.0
2026-02-06 16:30:00;6893.16015625;6902.1201171875;6893.16015625;6898.5498046875;107761000.0
2026-02-06 16:45:00;6898.52001953125;6902.06982421875;6892.0;6896.33984375;102158000.0
2026-02-06 17:00:00;6896.3798828125;6905.830078125;6893.9599609375;6901.39013671875;100858000.0
2026-02-06 17:15:00;6901.43017578125;6907.41015625;6898.31982421875;6906.75;86793000.0
2026-02-06 17:30:00;6906.83984375;6911.66015625;6901.16015625;6906.93017578125;91873000.0
2026-02-06 17:45:00;6906.93994140625;6916.85009765625;6906.93994140625;6911.5498046875;88648000.0
2026-02-06 18:00:00;6911.5498046875;6917.64013671875;6911.5498046875;6914.259765625;61882000.0
2026-02-06 18:15:00;6912.2900390625;6916.1201171875;6908.2998046875;6911.31005859375;104525000.0
2026-02-06 18:30:00;6911.2998046875;6916.60986328125;6911.22021484375;6915.080078125;74150000.0
2026-02-06 18:45:00;6915.080078125;6918.14990234375;6911.5498046875;6911.759765625;71432000.0
2026-02-06 19:00:00;6911.8701171875;6915.68994140625;6911.2998046875;6911.3798828125;81948000.0
2026-02-06 19:15:00;6911.330078125;6916.9501953125;6909.4501953125;6916.9501953125;74455000.0
2026-02-06 19:30:00;6916.97021484375;6917.22021484375;6911.43994140625;6911.8701171875;84323000.0
2026-02-06 19:45:00;6911.91015625;6919.64013671875;6911.8798828125;6915.41015625;89571000.0
2026-02-06 20:00:00;6915.419921875;6920.25;6913.16015625;6916.7001953125;98953000.0
2026-02-06 20:15:00;6916.75;6923.759765625;6916.7001953125;6919.81005859375;116306000.0
2026-02-06 20:30:00;6919.93994140625;6929.1201171875;6918.509765625;6929.1201171875;138861000.0
2026-02-06 20:45:00;6929.490234375;6944.89013671875;6929.3798828125;6930.27001953125;406743000.0
2026-02-09 14:30:00;6917.259765625;6938.2998046875;6905.8701171875;6934.580078125;132458485.0
2026-02-09 14:45:00;6934.240234375;6938.5400390625;6920.3701171875;6926.97021484375;170141728.0
2026-02-09 15:00:00;6924.93994140625;6941.58984375;6924.5498046875;6939.39013671875;133296550.0
2026-02-09 15:15:00;6939.39013671875;6950.81005859375;6938.8798828125;6941.14990234375;113547878.0
2026-02-09 15:30:00;6941.16015625;6959.490234375;6941.16015625;6957.52001953125;109440009.0
2026-02-09 15:45:00;6957.60009765625;6966.85986328125;6954.740234375;6964.68017578125;101113162.0
2026-02-09 16:00:00;6964.64013671875;6968.22998046875;6962.9501953125;6965.14990234375;94378862.0
2026-02-09 16:15:00;6965.5498046875;6969.7001953125;6962.830078125;6969.18994140625;86967000.0
2026-02-09 16:30:00;6969.10986328125;6971.7099609375;6964.7099609375;6971.6201171875;83578000.0
2026-02-09 16:45:00;6971.64990234375;6978.169921875;6971.5498046875;6975.56005859375;81370000.0
2026-02-09 17:00:00;6975.68017578125;6978.60986328125;6973.509765625;6976.47021484375;84866000.0
2026-02-09 17:15:00;6976.56005859375;6978.22998046875;6973.169921875;6973.2998046875;81731000.0
2026-02-09 17:30:00;6973.22998046875;6976.580078125;6970.259765625;6970.83984375;70918000.0
2026-02-09 17:45:00;6970.93017578125;6971.93994140625;6967.18017578125;6967.580078125;64402000.0
2026-02-09 18:00:00;6967.669921875;6971.4501953125;6965.77978515625;6969.8701171875;70690000.0
2026-02-09 18:15:00;6969.93017578125;6971.22998046875;6958.240234375;6964.2001953125;77135000.0
2026-02-09 18:30:00;6964.2099609375;6973.06982421875;6962.4501953125;6972.06982421875;66198000.0
2026-02-09 18:45:00;6972.1201171875;6973.7900390625;6967.14990234375;6968.68017578125;67870000.0
2026-02-09 19:00:00;6968.6298828125;6974.7001953125;6966.91015625;6974.5;77014000.0
2026-02-09 19:15:00;6974.58984375;6980.10009765625;6973.830078125;6979.1201171875;70164000.0
2026-02-09 19:30:00;6979.25;6980.06982421875;6976.77978515625;6977.66015625;69405000.0
2026-02-09 19:45:00;6977.60986328125;6978.60009765625;6975.490234375;6975.77001953125;74056000.0
2026-02-09 20:00:00;6975.7900390625;6978.85009765625;6974.77978515625;6976.0400390625;91068000.0
2026-02-09 20:15:00;6975.93017578125;6975.97021484375;6965.39990234375;6967.259765625;104427000.0
2026-02-09 20:30:00;6967.60986328125;6969.77978515625;6960.91015625;6967.740234375;123140000.0
2026-02-09 20:45:00;6967.7998046875;6971.5;6962.43017578125;6963.169921875;340915000.0
2026-02-10 14:30:00;6974.490234375;6977.6298828125;6956.77978515625;6961.27001953125;114643522.0
2026-02-10 14:45:00;6961.1298828125;6981.58984375;6957.97998046875;6978.77978515625;148833622.0
2026-02-10 15:00:00;6978.3798828125;6985.77001953125;6969.31005859375;6975.080078125;135791316.0
2026-02-10 15:15:00;6975.56982421875;6985.10009765625;6971.1298828125;6980.27001953125;110636180.0
2026-02-10 15:30:00;6980.39990234375;6986.830078125;6975.2998046875;6981.85009765625;114420623.0
2026-02-10 15:45:00;6981.93994140625;6983.4501953125;6970.9501953125;6975.39013671875;108214101.0
2026-02-10 16:00:00;6975.330078125;6977.7998046875;6967.89013671875;6970.06982421875;109429313.0
2026-02-10 16:15:00;6970.2099609375;6973.47021484375;6962.18017578125;6969.0;115341155.0
2026-02-10 16:30:00;6968.97998046875;6971.330078125;6966.14013671875;6967.669921875;107679000.0
2026-02-10 16:45:00;6967.490234375;6974.3701171875;6964.330078125;6968.31982421875;84713000.0
2026-02-10 17:00:00;6968.39990234375;6976.14990234375;6963.2099609375;6975.7001953125;77219000.0
2026-02-10 17:15:00;6975.81005859375;6977.77001953125;6970.89990234375;6973.3798828125;76928000.0
2026-02-10 17:30:00;6973.35986328125;6976.72998046875;6969.6298828125;6975.97998046875;70335000.0
2026-02-10 17:45:00;6976.06982421875;6979.06005859375;6974.35986328125;6975.06005859375;74753000.0
2026-02-10 18:00:00;6975.080078125;6975.22998046875;6966.97998046875;6967.22998046875;67003000.0
2026-02-10 18:15:00;6967.27001953125;6967.669921875;6955.10009765625;6955.490234375;81705000.0
2026-02-10 18:30:00;6955.52978515625;6959.2001953125;6951.06982421875;6956.85009765625;75954000.0
2026-02-10 18:45:00;6956.83984375;6958.68994140625;6949.64013671875;6957.56982421875;74326000.0
2026-02-10 19:00:00;6957.6298828125;6959.35986328125;6953.43994140625;6957.7099609375;73766000.0
2026-02-10 19:15:00;6957.7099609375;6959.580078125;6952.6298828125;6959.4599609375;67671000.0
2026-02-10 19:30:00;6959.509765625;6962.02001953125;6954.990234375;6955.89990234375;79797000.0
2026-02-10 19:45:00;6955.990234375;6960.0400390625;6955.06005859375;6958.4501953125;80171000.0
2026-02-10 20:00:00;6958.5400390625;6960.5498046875;6952.2900390625;6953.0498046875;92636000.0
2026-02-10 20:15:00;6953.169921875;6959.0400390625;6951.830078125;6953.7998046875;103077000.0
2026-02-10 20:30:00;6953.85009765625;6956.4599609375;6949.919921875;6950.97021484375;126425000.0
2026-02-10 20:45:00;6951.14013671875;6954.7001953125;6937.52978515625;6940.009765625;362611000.0
2026-02-11 14:30:00;6976.47998046875;6993.47998046875;6972.33984375;6975.919921875;138026363.0
2026-02-11 14:45:00;6975.6298828125;6984.89990234375;6959.35986328125;6961.2998046875;167822715.0
2026-02-11 15:00:00;6961.259765625;6967.43994140625;6928.7900390625;6937.64990234375;155049378.0
2026-02-11 15:15:00;6937.47021484375;6939.18017578125;6911.97021484375;6917.72021484375;156621472.0
2026-02-11 15:30:00;6917.490234375;6937.580078125;6916.77978515625;6933.14013671875;128946272.0
2026-02-11 15:45:00;6932.66015625;6946.68017578125;6923.14013671875;6943.83984375;118762290.0
2026-02-11 16:00:00;6944.18994140625;6949.35009765625;6935.06005859375;6949.1298828125;107370000.0
2026-02-11 16:15:00;6949.009765625;6955.35009765625;6939.4501953125;6939.4501953125;103360000.0
2026-02-11 16:30:00;6939.3701171875;6953.68994140625;6936.6201171875;6950.83984375;102664000.0
2026-02-11 16:45:00;6950.669921875;6953.0400390625;6940.72998046875;6941.14990234375;85344000.0
2026-02-11 17:00:00;6941.1201171875;6946.66015625;6934.68994140625;6944.2998046875;86042000.0
2026-02-11 17:15:00;6944.27978515625;6958.56005859375;6941.97998046875;6955.8798828125;87624000.0
2026-02-11 17:30:00;6956.22998046875;6958.85986328125;6950.93994140625;6958.009765625;80136000.0
2026-02-11 17:45:00;6957.91015625;6960.27978515625;6946.6201171875;6948.2001953125;78087000.0
2026-02-11 18:00:00;6948.18994140625;6949.93017578125;6936.0498046875;6937.06982421875;77628000.0
2026-02-11 18:15:00;6937.06005859375;6949.5400390625;6934.97021484375;6948.8798828125;81563000.0
2026-02-11 18:30:00;6948.72998046875;6950.35009765625;6942.60009765625;6944.4599609375;80357000.0
2026-02-11 18:45:00;6944.52001953125;6950.89013671875;6941.669921875;6947.93017578125;88063000.0
2026-02-11 19:00:00;6947.8798828125;6954.580078125;6942.919921875;6953.39013671875;88526000.0
2026-02-11 19:15:00;6953.39990234375;6960.08984375;6953.10986328125;6958.60009765625;80478000.0
2026-02-11 19:30:00;6958.60009765625;6959.330078125;6953.990234375;6957.919921875;78712000.0
2026-02-11 19:45:00;6957.8701171875;6957.97021484375;6944.81005859375;6949.93994140625;97542000.0
2026-02-11 20:00:00;6949.77978515625;6951.89990234375;6947.8798828125;6948.509765625;98364000.0
2026-02-11 20:15:00;6948.60009765625;6951.2099609375;6943.35986328125;6943.43994140625;112113000.0
2026-02-11 20:30:00;6943.4501953125;6949.830078125;6939.77978515625;6945.56005859375;143989000.0
2026-02-11 20:45:00;6945.669921875;6950.2900390625;6939.68017578125;6939.68017578125;386024000.0
2026-02-12 14:30:00;6957.5400390625;6973.22021484375;6957.5400390625;6960.6201171875;139900727.0
2026-02-12 14:45:00;6960.52978515625;6963.39013671875;6942.64013671875;6945.93017578125;182293113.0
2026-02-12 15:00:00;6949.47021484375;6955.85009765625;6941.1298828125;6953.8701171875;170970795.0
2026-02-12 15:15:00;6953.93994140625;6956.89013671875;6944.919921875;6950.66015625;132377696.0
2026-02-12 15:30:00;6950.68017578125;6954.259765625;6922.93017578125;6923.02978515625;148947939.0
2026-02-12 15:45:00;6923.27001953125;6927.81005859375;6904.97998046875;6905.3798828125;160159288.0
2026-02-12 16:00:00;6905.39990234375;6906.77001953125;6879.7998046875;6882.330078125;161183000.0
2026-02-12 16:15:00;6882.08984375;6883.47021484375;6854.93994140625;6855.39013671875;170933000.0
2026-02-12 16:30:00;6855.31005859375;6877.3798828125;6855.02978515625;6869.009765625;162375000.0
2026-02-12 16:45:00;6868.72021484375;6872.5;6858.72998046875;6866.35986328125;134279000.0
2026-02-12 17:00:00;6866.02001953125;6869.58984375;6854.3798828125;6857.43017578125;117128000.0
2026-02-12 17:15:00;6857.52978515625;6871.490234375;6854.3798828125;6860.5498046875;122333000.0
2026-02-12 17:30:00;6860.68017578125;6875.35986328125;6858.7900390625;6870.31005859375;106561000.0
2026-02-12 17:45:00;6870.31005859375;6873.3798828125;6849.3798828125;6849.7998046875;99025000.0
2026-02-12 18:00:00;6849.60986328125;6860.47021484375;6844.259765625;6852.22021484375;108442000.0
2026-02-12 18:15:00;6852.33984375;6856.5;6842.4501953125;6851.2099609375;133731000.0
2026-02-12 18:30:00;6851.2900390625;6868.81982421875;6847.8798828125;6868.64990234375;91447000.0
2026-02-12 18:45:00;6868.58984375;6873.1298828125;6862.4599609375;6866.830078125;113564000.0
2026-02-12 19:00:00;6866.9599609375;6870.27001953125;6856.330078125;6861.18994140625;91413000.0
2026-02-12 19:15:00;6861.25;6874.14990234375;6860.18017578125;6861.2001953125;99695000.0
2026-02-12 19:30:00;6861.27978515625;6874.72021484375;6861.27978515625;6869.85009765625;99544000.0
2026-02-12 19:45:00;6869.83984375;6879.1298828125;6867.81982421875;6870.7998046875;109101000.0
2026-02-12 20:00:00;6871.0400390625;6874.64013671875;6862.1201171875;6868.2900390625;105525000.0
2026-02-12 20:15:00;6868.43017578125;6868.56005859375;6851.1201171875;6851.8798828125;114752000.0
2026-02-12 20:30:00;6851.64013671875;6853.27001953125;6844.18017578125;6845.8701171875;154760000.0
2026-02-12 20:45:00;6846.02978515625;6846.7099609375;6824.0400390625;6833.5400390625;433324000.0
2026-02-13 14:30:00;6834.27001953125;6845.2998046875;6794.5498046875;6822.43017578125;138323206.0
2026-02-13 14:45:00;6822.669921875;6846.77001953125;6815.0400390625;6816.56982421875;179108263.0
2026-02-13 15:00:00;6817.68994140625;6847.169921875;6817.68994140625;6833.14990234375;151574627.0
2026-02-13 15:15:00;6832.740234375;6851.64990234375;6824.52001953125;6848.52978515625;123317038.0
2026-02-13 15:30:00;6848.5498046875;6864.25;6834.7099609375;6835.02001953125;124530917.0
2026-02-13 15:45:00;6835.25;6849.97021484375;6827.2099609375;6844.4599609375;111245071.0
2026-02-13 16:00:00;6843.89990234375;6861.2099609375;6843.89990234375;6852.5;97154086.0
2026-02-13 16:15:00;6852.740234375;6859.169921875;6838.22998046875;6855.41015625;88412000.0
2026-02-13 16:30:00;6856.25;6865.0;6849.330078125;6864.8798828125;88489000.0
2026-02-13 16:45:00;6864.77001953125;6873.75;6862.10009765625;6866.85009765625;78870000.0
2026-02-13 17:00:00;6866.4501953125;6879.60009765625;6864.5;6879.27001953125;78221000.0
2026-02-13 17:15:00;6879.22998046875;6879.43994140625;6868.330078125;6872.91015625;73226000.0
2026-02-13 17:30:00;6872.8701171875;6881.9599609375;6872.240234375;6876.58984375;67353000.0
2026-02-13 17:45:00;6876.58984375;6879.1298828125;6868.14013671875;6869.75;69249000.0
2026-02-13 18:00:00;6869.81982421875;6873.10009765625;6860.66015625;6871.81005859375;67041000.0
2026-02-13 18:15:00;6871.89990234375;6880.93994140625;6868.4599609375;6871.81982421875;83616000.0
2026-02-13 18:30:00;6872.1201171875;6879.06982421875;6868.3701171875;6868.83984375;59385000.0
2026-02-13 18:45:00;6868.81005859375;6875.9501953125;6863.39990234375;6866.60986328125;71580000.0
2026-02-13 19:00:00;6866.490234375;6872.81982421875;6864.14013671875;6869.10986328125;66882000.0
2026-02-13 19:15:00;6869.10986328125;6872.4501953125;6859.5498046875;6861.85009765625;65860000.0
2026-02-13 19:30:00;6861.93017578125;6867.830078125;6852.72998046875;6855.41015625;70247000.0
2026-02-13 19:45:00;6855.5;6860.89990234375;6842.39990234375;6842.81982421875;74074000.0
2026-02-13 20:00:00;6842.83984375;6851.52978515625;6840.4599609375;6840.4599609375;81874000.0
2026-02-13 20:15:00;6840.39013671875;6844.89013671875;6823.009765625;6825.64990234375;99129000.0
2026-02-13 20:30:00;6825.41015625;6830.85986328125;6817.6298828125;6821.10986328125;125282000.0
2026-02-13 20:45:00;6821.0;6837.1201171875;6820.490234375;6835.080078125;351619000.0
2026-02-17 14:30:00;6819.85986328125;6845.240234375;6816.10986328125;6824.3798828125;110312058.0
2026-02-17 14:45:00;6824.4599609375;6829.35009765625;6783.330078125;6783.8798828125;162053252.0
2026-02-17 15:00:00;6783.56005859375;6802.52978515625;6780.47998046875;6787.58984375;130160398.0
2026-02-17 15:15:00;6787.60986328125;6814.83984375;6785.68994140625;6791.31982421875;117314169.0
2026-02-17 15:30:00;6790.97998046875;6793.009765625;6775.5;6783.43017578125;101215048.0
2026-02-17 15:45:00;6783.3798828125;6803.43994140625;6782.77001953125;6803.43994140625;100998655.0
2026-02-17 16:00:00;6803.7099609375;6843.31982421875;6802.77978515625;6840.85986328125;104725424.0
2026-02-17 16:15:00;6840.85009765625;6849.56005859375;6833.740234375;6834.10986328125;94649159.0
2026-02-17 16:30:00;6834.25;6845.72021484375;6826.89990234375;6836.06005859375;86063000.0
2026-02-17 16:45:00;6836.0498046875;6847.85986328125;6833.58984375;6842.740234375;69257000.0
2026-02-17 17:00:00;6842.72998046875;6843.08984375;6826.9599609375;6830.85009765625;69351000.0
2026-02-17 17:15:00;6830.7001953125;6839.1298828125;6823.259765625;6839.1298828125;71584000.0
2026-02-17 17:30:00;6839.5;6840.77978515625;6818.8701171875;6818.8701171875;72444000.0
2026-02-17 17:45:00;6818.77978515625;6828.81005859375;6809.669921875;6828.2099609375;71956000.0
2026-02-17 18:00:00;6828.27001953125;6829.10986328125;6816.759765625;6821.47021484375;61298000.0
2026-02-17 18:15:00;6821.5498046875;6842.83984375;6817.64013671875;6841.3701171875;73334000.0
2026-02-17 18:30:00;6841.5;6858.58984375;6838.83984375;6854.27978515625;69098000.0
2026-02-17 18:45:00;6854.31982421875;6865.169921875;6853.2998046875;6858.5;65544000.0
2026-02-17 19:00:00;6858.8701171875;6862.81982421875;6854.6201171875;6860.009765625;69011000.0
2026-02-17 19:15:00;6860.0498046875;6863.85986328125;6856.47998046875;6857.1201171875;67359000.0
2026-02-17 19:30:00;6857.5400390625;6866.990234375;6856.39013671875;6865.43017578125;70628000.0
2026-02-17 19:45:00;6865.52001953125;6865.52001953125;6852.5;6853.60986328125;70000000.0
2026-02-17 20:00:00;6853.7001953125;6858.89990234375;6850.06005859375;6853.1201171875;73080000.0
2026-02-17 20:15:00;6853.18994140625;6855.1201171875;6845.06005859375;6847.0498046875;87271000.0
2026-02-17 20:30:00;6846.93017578125;6850.52978515625;6838.3798828125;6848.3701171875;115184000.0
2026-02-17 20:45:00;6848.06982421875;6849.3798828125;6837.72998046875;6846.02978515625;348929000.0
2026-02-18 14:30:00;6855.47998046875;6872.68994140625;6849.66015625;6869.31982421875;103039457.0
2026-02-18 14:45:00;6869.2998046875;6882.2001953125;6855.0400390625;6880.25;137039146.0
2026-02-18 15:00:00;6880.7001953125;6899.330078125;6880.080078125;6896.52001953125;128436468.0
2026-02-18 15:15:00;6896.41015625;6902.990234375;6893.68994140625;6897.080078125;110200881.0
2026-02-18 15:30:00;6897.2099609375;6903.10986328125;6891.81982421875;6901.39013671875;97958057.0
2026-02-18 15:45:00;6901.509765625;6905.72998046875;6899.10986328125;6903.89013671875;89190918.0
2026-02-18 16:00:00;6903.91015625;6907.85009765625;6901.06005859375;6902.47998046875;89242796.0
2026-02-18 16:15:00;6902.47021484375;6905.009765625;6898.75;6900.60986328125;74122341.0
2026-02-18 16:30:00;6900.64990234375;6905.580078125;6899.9599609375;6902.2001953125;72062657.0
2026-02-18 16:45:00;6901.990234375;6903.1201171875;6893.3701171875;6893.81005859375;68766000.0
2026-02-18 17:00:00;6893.91015625;6906.8798828125;6892.669921875;6900.740234375;64728000.0
2026-02-18 17:15:00;6900.6201171875;6904.6298828125;6899.52001953125;6900.52001953125;56629000.0
2026-02-18 17:30:00;6900.509765625;6902.2099609375;6897.41015625;6898.830078125;53422000.0
2026-02-18 17:45:00;6898.83984375;6905.830078125;6898.10009765625;6902.740234375;55045000.0
2026-02-18 18:00:00;6903.009765625;6909.1201171875;6902.14013671875;6903.16015625;61036000.0
2026-02-18 18:15:00;6903.10986328125;6905.5498046875;6893.7001953125;6895.8701171875;60169000.0
2026-02-18 18:30:00;6895.93994140625;6898.2998046875;6885.02001953125;6888.75;65905000.0
2026-02-18 18:45:00;6888.759765625;6893.47998046875;6879.31982421875;6888.009765625;69023000.0
2026-02-18 19:00:00;6887.68017578125;6891.669921875;6882.52978515625;6882.6201171875;70703000.0
2026-02-18 19:15:00;6882.7001953125;6886.830078125;6879.240234375;6882.240234375;73481000.0
2026-02-18 19:30:00;6882.22998046875;6883.919921875;6866.990234375;6869.97021484375;78578000.0
2026-02-18 19:45:00;6869.990234375;6875.490234375;6858.68017578125;6863.169921875;78409000.0
2026-02-18 20:00:00;6863.52001953125;6871.3701171875;6859.509765625;6861.85986328125;85583000.0
2026-02-18 20:15:00;6861.8798828125;6864.10986328125;6857.4501953125;6860.08984375;86770000.0
2026-02-18 20:30:00;6859.93994140625;6876.39990234375;6859.52978515625;6874.81982421875;117731000.0
2026-02-18 20:45:00;6874.75;6889.75;6873.259765625;6879.66015625;357237000.0
2026-02-19 14:30:00;6861.33984375;6865.22021484375;6842.81982421875;6864.330078125;102966009.0
2026-02-19 14:45:00;6864.0;6875.990234375;6849.97998046875;6867.3798828125;129688139.0
2026-02-19 15:00:00;6867.31982421875;6879.1201171875;6858.18017578125;6858.669921875;113480673.0
2026-02-19 15:15:00;6858.81982421875;6869.81982421875;6855.919921875;6856.60986328125;101923706.0
2026-02-19 15:30:00;6856.490234375;6875.35009765625;6855.2099609375;6872.259765625;88821630.0
2026-02-19 15:45:00;6872.1298828125;6874.0;6859.85986328125;6869.9501953125;88662761.0
2026-02-19 16:00:00;6869.89990234375;6872.3701171875;6856.509765625;6865.08984375;78050645.0
2026-02-19 16:15:00;6865.4599609375;6874.97998046875;6858.39013671875;6858.64990234375;84189751.0
2026-02-19 16:30:00;6858.6298828125;6869.2001953125;6853.16015625;6853.47998046875;74010745.0
2026-02-19 16:45:00;6853.330078125;6857.56005859375;6844.669921875;6852.5498046875;72474000.0
2026-02-19 17:00:00;6852.52001953125;6853.47021484375;6844.490234375;6852.47998046875;63365000.0
2026-02-19 17:15:00;6852.490234375;6864.0498046875;6850.02001953125;6856.3798828125;60645000.0
2026-02-19 17:30:00;6856.330078125;6858.91015625;6851.740234375;6854.83984375;63591000.0
2026-02-19 17:45:00;6854.77001953125;6854.97998046875;6838.77978515625;6840.75;65470000.0
2026-02-19 18:00:00;6841.02978515625;6850.7900390625;6838.169921875;6849.93017578125;60084000.0
2026-02-19 18:15:00;6849.97021484375;6849.97998046875;6833.06005859375;6841.080078125;62548000.0
2026-02-19 18:30:00;6841.14990234375;6844.89990234375;6837.72998046875;6844.169921875;59360000.0
2026-02-19 18:45:00;6844.06982421875;6854.9501953125;6844.06982421875;6854.56005859375;58426000.0
2026-02-19 19:00:00;6854.41015625;6857.2099609375;6851.1201171875;6853.60986328125;65281000.0
2026-02-19 19:15:00;6853.64990234375;6857.259765625;6847.3798828125;6849.39990234375;69181000.0
2026-02-19 19:30:00;6849.3798828125;6852.080078125;6836.8701171875;6841.89990234375;69754000.0
2026-02-19 19:45:00;6841.97998046875;6845.64990234375;6838.5498046875;6842.580078125;69464000.0
2026-02-19 20:00:00;6842.56005859375;6851.52978515625;6842.4599609375;6848.56982421875;72949000.0
2026-02-19 20:15:00;6848.43994140625;6849.89013671875;6843.740234375;6845.58984375;85399000.0
2026-02-19 20:30:00;6845.5498046875;6852.43017578125;6845.02001953125;6850.1298828125;107526000.0
2026-02-19 20:45:00;6850.08984375;6861.72998046875;6849.47021484375;6861.64990234375;318114000.0
2026-02-20 14:30:00;6843.259765625;6869.97998046875;6836.330078125;6864.27978515625;95385285.0
2026-02-20 14:45:00;6864.64013671875;6867.66015625;6851.759765625;6865.77001953125;118568342.0
2026-02-20 15:00:00;6865.14013671875;6909.8701171875;6863.81982421875;6871.10009765625;184310495.0
2026-02-20 15:15:00;6871.52978515625;6896.68994140625;6859.509765625;6884.419921875;122238283.0
2026-02-20 15:30:00;6884.08984375;6898.0;6872.77001953125;6898.0;104319991.0
2026-02-20 15:45:00;6897.68017578125;6908.02978515625;6890.830078125;6905.8798828125;101196170.0
2026-02-20 16:00:00;6905.830078125;6908.81982421875;6896.7900390625;6897.1298828125;94222876.0
2026-02-20 16:15:00;6897.08984375;6899.06982421875;6878.58984375;6878.759765625;87746061.0
2026-02-20 16:30:00;6878.72021484375;6905.39990234375;6876.35986328125;6901.85986328125;82708000.0
2026-02-20 16:45:00;6901.8798828125;6908.1201171875;6901.52001953125;6902.0498046875;68730000.0
2026-02-20 17:00:00;6902.259765625;6904.68994140625;6878.490234375;6878.8701171875;68105000.0
2026-02-20 17:15:00;6878.5400390625;6878.5400390625;6858.509765625;6868.0498046875;80019000.0
2026-02-20 17:30:00;6868.27978515625;6877.97998046875;6866.990234375;6876.68994140625;73180000.0
2026-02-20 17:45:00;6876.68017578125;6892.7998046875;6874.60009765625;6891.4599609375;76173000.0
2026-02-20 18:00:00;6891.47998046875;6893.990234375;6883.66015625;6886.9599609375;74012000.0
2026-02-20 18:15:00;6887.10986328125;6887.66015625;6875.72021484375;6883.14013671875;79137000.0
2026-02-20 18:30:00;6882.89990234375;6905.8701171875;6876.259765625;6903.91015625;91758000.0
2026-02-20 18:45:00;6903.85986328125;6915.85986328125;6901.68017578125;6909.68017578125;75020000.0
2026-02-20 19:00:00;6909.7998046875;6914.0400390625;6901.14990234375;6901.56982421875;66545000.0
2026-02-20 19:15:00;6901.52978515625;6906.240234375;6899.31982421875;6902.14013671875;63496000.0
2026-02-20 19:30:00;6902.0498046875;6907.4501953125;6896.919921875;6897.2900390625;64171000.0
2026-02-20 19:45:00;6897.27001953125;6902.669921875;6895.31005859375;6897.22998046875;68079000.0
2026-02-20 20:00:00;6897.22998046875;6909.419921875;6897.169921875;6908.14013671875;91012000.0
2026-02-20 20:15:00;6908.0498046875;6908.16015625;6898.10009765625;6900.27001953125;91609000.0
2026-02-20 20:30:00;6900.3798828125;6907.18994140625;6899.7001953125;6907.18994140625;106017000.0
2026-02-20 20:45:00;6907.27978515625;6910.2998046875;6900.8701171875;6910.22021484375;333250000.0
2026-02-23 14:30:00;6901.25;6916.9599609375;6892.4501953125;6892.830078125;111743233.0
2026-02-23 14:45:00;6892.68994140625;6898.08984375;6880.2001953125;6881.89990234375;136295276.0
2026-02-23 15:00:00;6881.35009765625;6887.93994140625;6862.2998046875;6863.68017578125;137015104.0
2026-02-23 15:15:00;6863.68994140625;6871.25;6859.1298828125;6860.5498046875;116435781.0
2026-02-23 15:30:00;6860.91015625;6865.27978515625;6850.75;6852.330078125;105391284.0
2026-02-23 15:45:00;6852.47998046875;6855.16015625;6838.27978515625;6838.85009765625;109184161.0
2026-02-23 16:00:00;6838.6298828125;6840.919921875;6821.89013671875;6822.4599609375;102992799.0
2026-02-23 16:15:00;6822.6298828125;6845.009765625;6819.81982421875;6844.91015625;102846169.0
2026-02-23 16:30:00;6844.91015625;6847.47021484375;6839.759765625;6841.080078125;100701000.0
2026-02-23 16:45:00;6841.0400390625;6842.10009765625;6834.81982421875;6835.85009765625;76076000.0
2026-02-23 17:00:00;6835.93994140625;6840.5498046875;6832.77001953125;6833.85986328125;72457000.0
2026-02-23 17:15:00;6834.0;6838.68017578125;6833.259765625;6833.419921875;71056000.0
2026-02-23 17:30:00;6833.39013671875;6833.52001953125;6821.81005859375;6828.5;72904000.0
2026-02-23 17:45:00;6828.3798828125;6839.22998046875;6826.33984375;6836.18994140625;64886000.0
2026-02-23 18:00:00;6836.22998046875;6847.75;6835.7099609375;6847.5400390625;66937000.0
2026-02-23 18:15:00;6847.43017578125;6855.5400390625;6846.39013671875;6854.25;71388000.0
2026-02-23 18:30:00;6854.330078125;6855.5498046875;6845.330078125;6846.33984375;67495000.0
2026-02-23 18:45:00;6846.41015625;6850.16015625;6835.22021484375;6836.2900390625;66465000.0
2026-02-23 19:00:00;6836.35009765625;6838.60009765625;6833.3798828125;6835.4501953125;73046000.0
2026-02-23 19:15:00;6835.39990234375;6836.89990234375;6828.02978515625;6828.509765625;67507000.0
2026-02-23 19:30:00;6828.60009765625;6832.47021484375;6821.77978515625;6824.8701171875;76316000.0
2026-02-23 19:45:00;6825.06005859375;6831.22998046875;6824.080078125;6826.52978515625;82240000.0
2026-02-23 20:00:00;6826.64990234375;6830.31982421875;6822.89013671875;6823.7001953125;80776000.0
2026-02-23 20:15:00;6823.52978515625;6831.06982421875;6823.39990234375;6830.25;95253000.0
2026-02-23 20:30:00;6830.0400390625;6838.60986328125;6828.06005859375;6832.68017578125;122329000.0
2026-02-23 20:45:00;6832.740234375;6839.58984375;6825.89990234375;6839.58984375;352097000.0
2026-02-24 14:30:00;6837.3701171875;6859.2099609375;6815.43017578125;6858.72998046875;138603760.0
2026-02-24 14:45:00;6859.10986328125;6870.2900390625;6843.85009765625;6847.8798828125;153932820.0
2026-02-24 15:00:00;6847.27001953125;6857.47021484375;6837.490234375;6848.64990234375;125065291.0
2026-02-24 15:15:00;6848.5;6880.52978515625;6847.2099609375;6880.14013671875;115536800.0
2026-02-24 15:30:00;6880.169921875;6881.85009765625;6873.18994140625;6879.68994140625;99978687.0
2026-02-24 15:45:00;6879.31982421875;6879.31982421875;6868.33984375;6870.080078125;95837408.0
2026-02-24 16:00:00;6870.02978515625;6884.68017578125;6869.759765625;6882.5498046875;91977178.0
2026-02-24 16:15:00;6882.5;6883.75;6874.4501953125;6876.72021484375;86116457.0
2026-02-24 16:30:00;6876.830078125;6877.14013671875;6867.72021484375;6872.509765625;82031000.0
2026-02-24 16:45:00;6872.52001953125;6882.85986328125;6872.18017578125;6880.8701171875;71840000.0
2026-02-24 17:00:00;6880.60986328125;6891.41015625;6880.27001953125;6889.77001953125;70445000.0
2026-02-24 17:15:00;6889.740234375;6894.10009765625;6888.580078125;6891.72021484375;62051000.0
2026-02-24 17:30:00;6891.759765625;6893.16015625;6888.259765625;6888.31982421875;61011000.0
2026-02-24 17:45:00;6888.33984375;6893.02978515625;6886.919921875;6890.490234375;60376000.0
2026-02-24 18:00:00;6890.47998046875;6897.22021484375;6890.27978515625;6891.02001953125;57412000.0
2026-02-24 18:15:00;6890.93017578125;6891.35009765625;6885.91015625;6886.52001953125;53686000.0
2026-02-24 18:30:00;6886.490234375;6894.43017578125;6886.009765625;6893.5400390625;65736000.0
2026-02-24 18:45:00;6893.5400390625;6894.759765625;6890.669921875;6890.72998046875;64377000.0
2026-02-24 19:00:00;6890.7099609375;6892.2998046875;6886.5;6888.06005859375;72455000.0
2026-02-24 19:15:00;6887.97998046875;6888.1201171875;6883.1201171875;6885.39013671875;68948000.0
2026-02-24 19:30:00;6885.330078125;6889.52001953125;6884.39013671875;6888.58984375;63634000.0
2026-02-24 19:45:00;6888.52978515625;6892.81982421875;6886.77978515625;6887.66015625;69111000.0
2026-02-24 20:00:00;6887.64013671875;6889.60986328125;6882.47021484375;6883.27978515625;74129000.0
2026-02-24 20:15:00;6883.3701171875;6887.080078125;6881.47021484375;6881.6201171875;89184000.0
2026-02-24 20:30:00;6881.7001953125;6888.64013671875;6881.669921875;6888.52001953125;125269000.0
2026-02-24 20:45:00;6888.490234375;6899.169921875;6888.10986328125;6891.0400390625;317802000.0
2026-02-25 14:30:00;6915.14990234375;6930.89013671875;6915.14990234375;6926.1201171875;114514279.0
2026-02-25 14:45:00;6925.83984375;6936.2001953125;6924.85009765625;6929.85986328125;153140551.0
2026-02-25 15:00:00;6929.669921875;6932.22998046875;6919.759765625;6921.33984375;137658622.0
2026-02-25 15:15:00;6921.2900390625;6928.52001953125;6919.39990234375;6927.60009765625;105309800.0
2026-02-25 15:30:00;6927.740234375;6929.72998046875;6918.83984375;6921.7001953125;99695881.0
2026-02-25 15:45:00;6921.580078125;6924.919921875;6918.35986328125;6924.919921875;93923768.0
2026-02-25 16:00:00;6924.93017578125;6929.759765625;6924.58984375;6927.39990234375;93472266.0
2026-02-25 16:15:00;6927.4599609375;6932.1201171875;6923.2998046875;6931.330078125;81459399.0
2026-02-25 16:30:00;6931.22021484375;6936.3701171875;6930.7099609375;6935.64990234375;85153000.0
2026-02-25 16:45:00;6935.7001953125;6940.43994140625;6935.7001953125;6937.22998046875;79072000.0
2026-02-25 17:00:00;6937.240234375;6940.02978515625;6935.41015625;6939.52001953125;76346000.0
2026-02-25 17:15:00;6939.66015625;6940.18994140625;6935.81982421875;6936.2900390625;70178000.0
2026-02-25 17:30:00;6936.18017578125;6940.85986328125;6935.25;6939.77978515625;63564000.0
2026-02-25 17:45:00;6939.830078125;6942.25;6939.10986328125;6942.08984375;64467000.0
2026-02-25 18:00:00;6942.080078125;6943.330078125;6941.0498046875;6941.81005859375;66245000.0
2026-02-25 18:15:00;6941.81982421875;6941.89013671875;6939.06005859375;6939.830078125;57193000.0
2026-02-25 18:30:00;6939.85009765625;6942.9501953125;6938.830078125;6942.5498046875;59385000.0
2026-02-25 18:45:00;6942.4501953125;6943.31982421875;6941.18994140625;6941.83984375;61047000.0
2026-02-25 19:00:00;6941.85986328125;6946.669921875;6941.72021484375;6945.259765625;73229000.0
2026-02-25 19:15:00;6945.2001953125;6947.169921875;6944.2998046875;6945.240234375;66034000.0
2026-02-25 19:30:00;6945.27978515625;6949.83984375;6945.18017578125;6947.4599609375;68658000.0
2026-02-25 19:45:00;6947.509765625;6949.43994140625;6947.22021484375;6947.72998046875;70468000.0
2026-02-25 20:00:00;6947.75;6949.52978515625;6946.72021484375;6947.68994140625;80826000.0
2026-02-25 20:15:00;6947.68994140625;6948.68017578125;6945.22021484375;6945.93017578125;103356000.0
2026-02-25 20:30:00;6945.9599609375;6949.18994140625;6944.39990234375;6947.77978515625;115239000.0
2026-02-25 20:45:00;6947.77978515625;6952.509765625;6946.10009765625;6946.89013671875;335533000.0
2026-02-26 14:30:00;6944.740234375;6947.25;6924.7001953125;6930.25;135220104.0
2026-02-26 14:45:00;6930.33984375;6930.43017578125;6920.740234375;6923.27978515625;168242353.0
2026-02-26 15:00:00;6922.89013671875;6925.8701171875;6901.75;6901.75;149028982.0
2026-02-26 15:15:00;6901.8798828125;6902.02978515625;6863.83984375;6873.3798828125;152785438.0
2026-02-26 15:30:00;6872.7998046875;6886.81005859375;6859.72998046875;6885.64013671875;137227134.0
2026-02-26 15:45:00;6885.64013671875;6897.39990234375;6883.4501953125;6893.27001953125;108299270.0
2026-02-26 16:00:00;6893.39990234375;6901.83984375;6891.2998046875;6901.83984375;108939000.0
2026-02-26 16:15:00;6902.02001953125;6906.7001953125;6898.10986328125;6903.85009765625;97958000.0
2026-02-26 16:30:00;6903.7900390625;6904.56005859375;6884.6298828125;6884.83984375;88419000.0
2026-02-26 16:45:00;6884.75;6890.22021484375;6876.2998046875;6877.81982421875;83652000.0
2026-02-26 17:00:00;6877.97021484375;6886.1298828125;6877.39013671875;6879.1298828125;75167000.0
2026-02-26 17:15:00;6878.8798828125;6880.990234375;6876.52001953125;6878.43017578125;67913000.0
2026-02-26 17:30:00;6878.2900390625;6886.2099609375;6872.419921875;6872.509765625;66102000.0
2026-02-26 17:45:00;6872.3701171875;6874.3798828125;6866.60009765625;6871.16015625;66358000.0
2026-02-26 18:00:00;6871.06005859375;6871.10986328125;6864.14013671875;6869.0400390625;72877000.0
2026-02-26 18:15:00;6868.97021484375;6875.02978515625;6865.169921875;6872.759765625;63773000.0
2026-02-26 18:30:00;6872.6298828125;6893.14013671875;6870.89013671875;6891.5498046875;77888000.0
2026-02-26 18:45:00;6891.31982421875;6897.169921875;6886.8798828125;6889.8701171875;63106000.0
2026-02-26 19:00:00;6889.919921875;6903.2900390625;6887.919921875;6901.1298828125;71740000.0
2026-02-26 19:15:00;6901.240234375;6908.990234375;6901.1298828125;6902.27001953125;77395000.0
2026-02-26 19:30:00;6902.16015625;6909.08984375;6901.259765625;6907.7099609375;71356000.0
2026-02-26 19:45:00;6907.60009765625;6912.56982421875;6906.35009765625;6906.41015625;78893000.0
2026-02-26 20:00:00;6906.2900390625;6913.7099609375;6904.72021484375;6904.81005859375;87756000.0
2026-02-26 20:15:00;6904.93017578125;6908.52978515625;6902.18994140625;6902.47021484375;97229000.0
2026-02-26 20:30:00;6902.4501953125;6910.9501953125;6902.4501953125;6909.1201171875;124520000.0
2026-02-26 20:45:00;6909.0400390625;6909.93017578125;6902.4599609375;6909.009765625;334887000.0
2026-02-27 14:30:00;6856.5400390625;6857.0400390625;6831.740234375;6841.759765625;136654281.0
2026-02-27 14:45:00;6841.75;6852.759765625;6837.97998046875;6844.68994140625;159644076.0
2026-02-27 15:00:00;6843.93017578125;6870.58984375;6841.9599609375;6861.22021484375;154745934.0
2026-02-27 15:15:00;6861.08984375;6864.64990234375;6852.22021484375;6860.990234375;125640001.0
2026-02-27 15:30:00;6861.0498046875;6872.41015625;6853.60986328125;6872.18017578125;109970169.0
2026-02-27 15:45:00;6872.2998046875;6875.39990234375;6857.83984375;6867.830078125;95268092.0
2026-02-27 16:00:00;6867.580078125;6874.33984375;6862.39013671875;6870.7900390625;93930674.0
2026-02-27 16:15:00;6870.56982421875;6875.68994140625;6867.419921875;6868.8701171875;95953000.0
2026-02-27 16:30:00;6869.0498046875;6877.3798828125;6862.509765625;6862.509765625;88183000.0
2026-02-27 16:45:00;6862.5400390625;6874.330078125;6861.18994140625;6863.89990234375;85849000.0
2026-02-27 17:00:00;6863.759765625;6877.60009765625;6863.64990234375;6863.91015625;76048000.0
2026-02-27 17:15:00;6863.93994140625;6863.97998046875;6848.5;6856.2900390625;85086000.0
2026-02-27 17:30:00;6856.2998046875;6865.8798828125;6852.33984375;6855.02001953125;89998000.0
2026-02-27 17:45:00;6854.89990234375;6859.5498046875;6850.580078125;6859.06982421875;71497000.0
2026-02-27 18:00:00;6859.02978515625;6861.419921875;6853.72998046875;6854.0498046875;73570000.0
2026-02-27 18:15:00;6853.97998046875;6854.60009765625;6846.02001953125;6852.759765625;77420000.0
2026-02-27 18:30:00;6852.83984375;6857.490234375;6848.4599609375;6853.39990234375;68513000.0
2026-02-27 18:45:00;6853.52001953125;6855.5400390625;6850.1298828125;6854.8701171875;71692000.0
2026-02-27 19:00:00;6854.85986328125;6865.27978515625;6851.830078125;6854.68994140625;85415000.0
2026-02-27 19:15:00;6854.81005859375;6856.1298828125;6850.39990234375;6851.10009765625;73610000.0
2026-02-27 19:30:00;6851.10986328125;6855.2998046875;6845.60009765625;6848.419921875;78776000.0
2026-02-27 19:45:00;6848.6298828125;6851.27978515625;6846.8701171875;6849.0;79081000.0
2026-02-27 20:00:00;6848.81005859375;6867.169921875;6848.81005859375;6866.93994140625;94828000.0
2026-02-27 20:15:00;6867.10986328125;6875.9599609375;6866.68017578125;6871.1298828125;106545000.0
2026-02-27 20:30:00;6871.169921875;6872.990234375;6860.52001953125;6865.25;144003000.0
2026-02-27 20:45:00;6865.259765625;6882.9599609375;6865.18994140625;6878.0400390625;478522000.0
2026-03-02 14:30:00;6824.35986328125;6840.6298828125;6796.85009765625;6835.27978515625;149008836.0
2026-03-02 14:45:00;6835.7099609375;6849.0498046875;6832.35986328125;6845.47021484375;157543323.0
2026-03-02 15:00:00;6845.18017578125;6868.490234375;6835.60986328125;6865.31982421875;150977049.0
2026-03-02 15:15:00;6865.14990234375;6868.52978515625;6846.14990234375;6848.240234375;132303179.0
2026-03-02 15:30:00;6849.77001953125;6858.6298828125;6840.14990234375;6858.6298828125;119668652.0
2026-03-02 15:45:00;6858.58984375;6863.31982421875;6847.43017578125;6857.52978515625;107286023.0
2026-03-02 16:00:00;6857.60009765625;6871.60009765625;6852.169921875;6868.85986328125;99227000.0
2026-03-02 16:15:00;6868.72021484375;6868.72021484375;6845.27001953125;6848.330078125;94287000.0
2026-03-02 16:30:00;6847.64990234375;6880.25;6845.1201171875;6879.39013671875;93125000.0
2026-03-02 16:45:00;6879.4501953125;6884.64990234375;6875.02978515625;6878.14990234375;87178000.0
2026-03-02 17:00:00;6878.10986328125;6881.31982421875;6873.02001953125;6878.7900390625;75852000.0
2026-03-02 17:15:00;6878.830078125;6887.009765625;6878.72998046875;6880.18017578125;69164000.0
2026-03-02 17:30:00;6880.1201171875;6883.68994140625;6876.06982421875;6882.64013671875;65917000.0
2026-03-02 17:45:00;6882.35009765625;6888.31982421875;6881.240234375;6887.669921875;63767000.0
2026-03-02 18:00:00;6887.6201171875;6889.02978515625;6883.72021484375;6885.5400390625;62117000.0
2026-03-02 18:15:00;6885.47021484375;6885.47021484375;6876.81982421875;6882.2998046875;61386000.0
2026-03-02 18:30:00;6882.419921875;6883.60986328125;6873.68994140625;6877.91015625;66978000.0
2026-03-02 18:45:00;6877.81005859375;6877.85986328125;6868.08984375;6868.68994140625;65535000.0
2026-03-02 19:00:00;6868.6201171875;6884.919921875;6867.60009765625;6884.39013671875;75534000.0
2026-03-02 19:15:00;6884.3701171875;6897.330078125;6884.3701171875;6896.7998046875;67717000.0
2026-03-02 19:30:00;6896.8701171875;6901.009765625;6894.93017578125;6895.52001953125;68627000.0
2026-03-02 19:45:00;6895.4501953125;6900.22998046875;6895.4501953125;6897.0;67348000.0
2026-03-02 20:00:00;6896.93994140625;6898.169921875;6867.2001953125;6868.330078125;97317000.0
2026-03-02 20:15:00;6868.02978515625;6880.240234375;6864.77978515625;6868.81005859375;95148000.0
2026-03-02 20:30:00;6868.7099609375;6878.8701171875;6867.83984375;6877.2998046875;108731000.0
2026-03-02 20:45:00;6877.14013671875;6887.990234375;6875.02978515625;6880.0498046875;346375000.0
2026-03-03 14:30:00;6800.259765625;6800.259765625;6746.990234375;6747.97998046875;126760774.0
2026-03-03 14:45:00;6747.9599609375;6760.60009765625;6733.72021484375;6736.9501953125;158997567.0
2026-03-03 15:00:00;6736.81982421875;6751.740234375;6730.56982421875;6740.64990234375;141774552.0
2026-03-03 15:15:00;6740.56982421875;6742.16015625;6710.419921875;6711.81005859375;133473384.0
2026-03-03 15:30:00;6711.91015625;6738.330078125;6711.91015625;6726.83984375;125218965.0
2026-03-03 15:45:00;6726.77978515625;6734.6298828125;6718.08984375;6733.10009765625;114149312.0
2026-03-03 16:00:00;6733.39990234375;6766.18017578125;6731.81005859375;6765.0498046875;116355314.0
2026-03-03 16:15:00;6765.1298828125;6779.759765625;6764.7998046875;6775.580078125;102248000.0
2026-03-03 16:30:00;6775.1298828125;6781.35986328125;6761.77978515625;6781.330078125;94212000.0
2026-03-03 16:45:00;6781.3701171875;6798.0;6781.3701171875;6789.97021484375;84966000.0
2026-03-03 17:00:00;6789.89013671875;6793.4599609375;6778.7998046875;6785.58984375;82552000.0
2026-03-03 17:15:00;6785.52978515625;6799.009765625;6781.759765625;6798.0400390625;68490000.0
2026-03-03 17:30:00;6797.7998046875;6797.81005859375;6776.4501953125;6796.97998046875;70749000.0
2026-03-03 17:45:00;6796.990234375;6798.64013671875;6784.009765625;6788.64990234375;66129000.0
2026-03-03 18:00:00;6788.72998046875;6802.8701171875;6788.72998046875;6794.91015625;64655000.0
2026-03-03 18:15:00;6795.35009765625;6818.47998046875;6795.35009765625;6812.89990234375;64512000.0
2026-03-03 18:30:00;6812.93994140625;6832.7900390625;6812.02978515625;6826.419921875;79731000.0
2026-03-03 18:45:00;6826.2099609375;6832.919921875;6819.68017578125;6826.490234375;72194000.0
2026-03-03 19:00:00;6826.56005859375;6828.8701171875;6812.0498046875;6819.83984375;78162000.0
2026-03-03 19:15:00;6819.93994140625;6829.33984375;6819.18994140625;6819.31982421875;72622000.0
2026-03-03 19:30:00;6819.33984375;6833.6298828125;6808.1201171875;6833.2900390625;97821000.0
2026-03-03 19:45:00;6833.33984375;6840.0498046875;6822.25;6826.919921875;87429000.0
2026-03-03 20:00:00;6827.02978515625;6833.4599609375;6822.31005859375;6822.31005859375;87324000.0
2026-03-03 20:15:00;6822.18017578125;6827.0498046875;6816.68017578125;6824.7900390625;93531000.0
2026-03-03 20:30:00;6824.68994140625;6828.85009765625;6817.080078125;6819.75;111989000.0
2026-03-03 20:45:00;6819.259765625;6821.85009765625;6806.830078125;6816.58984375;338307000.0
2026-03-04 14:30:00;6831.68994140625;6848.0400390625;6815.0400390625;6816.580078125;106904694.0
2026-03-04 14:45:00;6816.740234375;6830.97021484375;6811.64013671875;6829.1298828125;137544601.0
2026-03-04 15:00:00;6829.85009765625;6851.330078125;6824.68994140625;6846.52978515625;129038134.0
2026-03-04 15:15:00;6846.60986328125;6876.759765625;6846.47021484375;6875.4501953125;115351587.0
2026-03-04 15:30:00;6876.169921875;6877.22998046875;6858.3701171875;6859.4599609375;105766028.0
2026-03-04 15:45:00;6859.35986328125;6873.35986328125;6854.31005859375;6873.009765625;93067447.0
2026-03-04 16:00:00;6872.52001953125;6880.3798828125;6858.43017578125;6860.22998046875;89463424.0
2026-03-04 16:15:00;6860.2099609375;6868.2099609375;6856.83984375;6865.8701171875;88980629.0
2026-03-04 16:30:00;6865.89013671875;6877.02978515625;6864.22021484375;6875.8701171875;84189000.0
2026-03-04 16:45:00;6875.91015625;6878.43994140625;6870.7900390625;6872.72998046875;78813000.0
2026-03-04 17:00:00;6872.75;6878.18994140625;6870.490234375;6875.22021484375;78239000.0
2026-03-04 17:15:00;6875.22998046875;6876.25;6868.35986328125;6868.740234375;69914000.0
2026-03-04 17:30:00;6868.5498046875;6876.83984375;6861.3701171875;6872.6298828125;65900000.0
2026-03-04 17:45:00;6872.580078125;6878.43017578125;6872.52978515625;6876.9599609375;60891000.0
2026-03-04 18:00:00;6876.7998046875;6879.43994140625;6872.7900390625;6874.60009765625;62026000.0
2026-03-04 18:15:00;6874.4599609375;6876.2001953125;6869.259765625;6875.9501953125;65949000.0
2026-03-04 18:30:00;6875.9599609375;6882.35986328125;6875.91015625;6880.22998046875;71098000.0
2026-03-04 18:45:00;6880.31005859375;6883.39013671875;6877.330078125;6880.56982421875;64328000.0
2026-03-04 19:00:00;6880.60009765625;6883.8701171875;6879.31982421875;6882.85009765625;71339000.0
2026-03-04 19:15:00;6882.75;6884.60986328125;6879.97021484375;6880.91015625;68464000.0
2026-03-04 19:30:00;6880.89990234375;6884.080078125;6879.64990234375;6881.77978515625;66365000.0
2026-03-04 19:45:00;6881.81005859375;6885.93994140625;6880.2900390625;6882.85986328125;72133000.0
2026-03-04 20:00:00;6882.93994140625;6884.91015625;6875.8798828125;6876.919921875;78363000.0
2026-03-04 20:15:00;6876.89013671875;6877.52978515625;6870.22021484375;6877.2998046875;88064000.0
2026-03-04 20:30:00;6877.2900390625;6880.85009765625;6874.330078125;6879.89013671875;124125000.0
2026-03-04 20:45:00;6879.830078125;6880.8798828125;6868.7998046875;6868.9501953125;350785000.0
2026-03-05 14:30:00;6851.080078125;6859.7001953125;6835.490234375;6841.72021484375;115504269.0
2026-03-05 14:45:00;6842.0400390625;6865.93017578125;6837.56982421875;6865.93017578125;145798877.0
2026-03-05 15:00:00;6865.8701171875;6870.43017578125;6844.5498046875;6858.31005859375;146714139.0
2026-03-05 15:15:00;6858.0498046875;6858.0498046875;6818.6201171875;6821.91015625;122804005.0
2026-03-05 15:30:00;6822.1201171875;6831.52001953125;6807.8798828125;6826.66015625;118001507.0
2026-03-05 15:45:00;6826.669921875;6840.25;6826.31005859375;6835.080078125;102851227.0
2026-03-05 16:00:00;6835.419921875;6837.35009765625;6806.7099609375;6812.330078125;105359618.0
2026-03-05 16:15:00;6812.509765625;6816.8798828125;6805.240234375;6809.419921875;97054000.0
2026-03-05 16:30:00;6809.25;6824.1201171875;6809.2099609375;6816.16015625;89180000.0
2026-03-05 16:45:00;6816.14990234375;6826.77001953125;6816.14990234375;6824.35009765625;76923000.0
2026-03-05 17:00:00;6824.47998046875;6837.9501953125;6816.72998046875;6819.740234375;84096000.0
2026-03-05 17:15:00;6819.97998046875;6820.10009765625;6802.14013671875;6802.419921875;85064000.0
2026-03-05 17:30:00;6799.77001953125;6801.39990234375;6784.1298828125;6784.89013671875;102976000.0
2026-03-05 17:45:00;6785.47998046875;6786.5;6774.31005859375;6778.77978515625;102618000.0
2026-03-05 18:00:00;6778.41015625;6796.2900390625;6777.240234375;6794.52978515625;84003000.0
2026-03-05 18:15:00;6794.330078125;6796.10009765625;6773.8701171875;6777.18994140625;78705000.0
2026-03-05 18:30:00;6777.0498046875;6793.66015625;6772.7998046875;6792.0498046875;79267000.0
2026-03-05 18:45:00;6791.9599609375;6792.22998046875;6773.91015625;6780.2998046875;72747000.0
2026-03-05 19:00:00;6780.43994140625;6788.31005859375;6778.3701171875;6787.77978515625;82551000.0
2026-03-05 19:15:00;6787.830078125;6791.18994140625;6777.85009765625;6781.43994140625;79753000.0
2026-03-05 19:30:00;6781.41015625;6783.740234375;6770.77978515625;6783.56982421875;82120000.0
2026-03-05 19:45:00;6784.02978515625;6790.93994140625;6779.2900390625;6784.9599609375;81830000.0
2026-03-05 20:00:00;6785.0400390625;6804.3701171875;6778.56005859375;6802.02001953125;105493000.0
2026-03-05 20:15:00;6802.0498046875;6817.919921875;6798.27001953125;6808.83984375;115467000.0
2026-03-05 20:30:00;6808.97998046875;6818.830078125;6806.77001953125;6813.9599609375;127174000.0
2026-03-05 20:45:00;6813.91015625;6831.75;6808.6298828125;6829.91015625;390543000.0
2026-03-06 14:30:00;6769.02978515625;6769.02978515625;6716.72998046875;6722.97998046875;123008981.0
2026-03-06 14:45:00;6723.2001953125;6732.39990234375;6711.56005859375;6724.02001953125;144478060.0
2026-03-06 15:00:00;6722.35009765625;6744.9599609375;6721.6298828125;6744.66015625;131892309.0
2026-03-06 15:15:00;6744.93994140625;6755.91015625;6740.6298828125;6754.43994140625;111734512.0
2026-03-06 15:30:00;6754.39013671875;6771.72998046875;6754.39013671875;6760.8798828125;105796843.0
2026-03-06 15:45:00;6760.93017578125;6766.64013671875;6738.89013671875;6762.85009765625;96587493.0
2026-03-06 16:00:00;6763.06982421875;6773.419921875;6755.02978515625;6755.419921875;86030141.0
2026-03-06 16:15:00;6755.39013671875;6763.2001953125;6748.33984375;6756.7099609375;84447715.0
2026-03-06 16:30:00;6756.9599609375;6764.93017578125;6747.759765625;6758.22998046875;75670000.0
2026-03-06 16:45:00;6758.3701171875;6772.60009765625;6755.4599609375;6763.43994140625;77270000.0
2026-03-06 17:00:00;6763.3798828125;6771.2099609375;6750.52001953125;6752.5498046875;80279000.0
2026-03-06 17:15:00;6752.75;6764.02001953125;6747.509765625;6752.16015625;73988000.0
2026-03-06 17:30:00;6751.89990234375;6754.39990234375;6734.259765625;6740.14013671875;68575000.0
2026-03-06 17:45:00;6739.83984375;6752.1298828125;6739.83984375;6744.77001953125;61301000.0
2026-03-06 18:00:00;6744.5;6773.169921875;6743.60986328125;6771.7900390625;69477000.0
2026-03-06 18:15:00;6771.64013671875;6773.1298828125;6756.52001953125;6759.9501953125;68069000.0
2026-03-06 18:30:00;6759.85009765625;6765.52978515625;6753.52001953125;6759.22998046875;63532000.0
2026-03-06 18:45:00;6759.3701171875;6760.5400390625;6750.75;6753.7001953125;67665000.0
2026-03-06 19:00:00;6753.72021484375;6766.5400390625;6751.64990234375;6764.830078125;71597000.0
2026-03-06 19:15:00;6764.740234375;6765.419921875;6753.18017578125;6762.10986328125;76396000.0
2026-03-06 19:30:00;6762.080078125;6768.509765625;6756.02978515625;6759.830078125;75664000.0
2026-03-06 19:45:00;6759.72998046875;6763.58984375;6755.4501953125;6762.8798828125;73241000.0
2026-03-06 20:00:00;6762.81005859375;6772.0;6747.56982421875;6752.39013671875;99299000.0
2026-03-06 20:15:00;6752.2998046875;6756.91015625;6732.60009765625;6734.509765625;115738000.0
2026-03-06 20:30:00;6734.509765625;6745.85009765625;6724.81982421875;6737.7001953125;157245000.0
2026-03-06 20:45:00;6738.169921875;6744.9599609375;6731.22021484375;6738.14990234375;384219000.0
2026-03-09 13:30:00;6699.7998046875;6699.7998046875;6648.3798828125;6654.669921875;127714366.0
2026-03-09 13:45:00;6654.7900390625;6660.14013671875;6638.58984375;6652.35986328125;156593847.0
2026-03-09 14:00:00;6652.64990234375;6671.3798828125;6636.0400390625;6643.02001953125;152106955.0
2026-03-09 14:15:00;6643.1298828125;6667.31982421875;6641.080078125;6652.669921875;127964969.0
2026-03-09 14:30:00;6652.56005859375;6680.27001953125;6652.56005859375;6680.27001953125;123968452.0
2026-03-09 14:45:00;6680.3701171875;6693.97998046875;6679.7001953125;6688.2099609375;116005615.0
2026-03-09 15:00:00;6687.9599609375;6700.06005859375;6687.9599609375;6698.4599609375;104657054.0
2026-03-09 15:15:00;6699.14013671875;6711.169921875;6696.64990234375;6710.02001953125;96662000.0
2026-03-09 15:30:00;6710.08984375;6710.14990234375;6696.93017578125;6697.97998046875;88237000.0
2026-03-09 15:45:00;6697.85009765625;6711.009765625;6696.81982421875;6707.10986328125;82927000.0
2026-03-09 16:00:00;6707.1201171875;6713.35986328125;6704.60986328125;6711.490234375;74423000.0
2026-03-09 16:15:00;6711.5498046875;6727.22998046875;6705.240234375;6721.02978515625;81702000.0
2026-03-09 16:30:00;6721.2900390625;6731.16015625;6712.1298828125;6730.89013671875;75360000.0
2026-03-09 16:45:00;6730.83984375;6734.64013671875;6724.7998046875;6725.009765625;74831000.0
2026-03-09 17:00:00;6725.0400390625;6725.419921875;6716.08984375;6718.990234375;69494000.0
2026-03-09 17:15:00;6719.0;6719.919921875;6699.7001953125;6700.9501953125;66256000.0
2026-03-09 17:30:00;6700.91015625;6703.080078125;6693.27001953125;6694.72998046875;71444000.0
2026-03-09 17:45:00;6694.64013671875;6704.83984375;6694.509765625;6700.33984375;63165000.0
2026-03-09 18:00:00;6700.2900390625;6709.25;6700.06005859375;6707.33984375;75776000.0
2026-03-09 18:15:00;6707.31982421875;6719.669921875;6705.60986328125;6713.02978515625;74910000.0
2026-03-09 18:30:00;6712.97998046875;6724.75;6712.47998046875;6720.75;78265000.0
2026-03-09 18:45:00;6720.68017578125;6724.3701171875;6712.0498046875;6712.7998046875;75848000.0
2026-03-09 19:00:00;6712.85986328125;6719.240234375;6711.56005859375;6716.58984375;82179000.0
2026-03-09 19:15:00;6716.6298828125;6786.47998046875;6715.97998046875;6786.2900390625;177630000.0
2026-03-09 19:30:00;6786.14013671875;6810.43994140625;6772.18994140625;6791.97998046875;199676000.0
2026-03-09 19:45:00;6791.330078125;6799.52978515625;6781.18017578125;6796.240234375;408375000.0
2026-03-10 13:30:00;6796.56005859375;6798.9599609375;6770.81982421875;6784.47998046875;106043536.0
2026-03-10 13:45:00;6784.5;6786.52001953125;6767.64990234375;6771.240234375;121561689.0
2026-03-10 14:00:00;6771.31005859375;6780.89990234375;6759.740234375;6766.68017578125;112076454.0
2026-03-10 14:15:00;6766.81982421875;6791.10009765625;6760.56005859375;6787.7900390625;100000419.0
2026-03-10 14:30:00;6787.7998046875;6813.35009765625;6787.7998046875;6811.740234375;98142171.0
2026-03-10 14:45:00;6811.68994140625;6823.259765625;6808.10986328125;6823.259765625;93001451.0
2026-03-10 15:00:00;6823.009765625;6828.009765625;6814.6298828125;6815.8798828125;93975327.0
2026-03-10 15:15:00;6815.8701171875;6827.35009765625;6815.8701171875;6822.919921875;82049549.0
2026-03-10 15:30:00;6823.02978515625;6830.66015625;6816.7099609375;6826.81005859375;84633444.0
2026-03-10 15:45:00;6826.68017578125;6828.56005859375;6820.89990234375;6826.0;65785000.0
2026-03-10 16:00:00;6825.93017578125;6825.93017578125;6809.22021484375;6817.009765625;72884000.0
2026-03-10 16:15:00;6817.0498046875;6824.22021484375;6814.97021484375;6818.3798828125;68840000.0
2026-03-10 16:30:00;6818.5;6828.47998046875;6818.5;6827.5498046875;67177000.0
2026-03-10 16:45:00;6827.6298828125;6829.2001953125;6818.5400390625;6826.2099609375;58099000.0
2026-03-10 17:00:00;6826.14013671875;6834.72021484375;6825.06005859375;6829.6298828125;63457000.0
2026-03-10 17:15:00;6829.66015625;6845.080078125;6829.419921875;6844.39990234375;78902000.0
2026-03-10 17:30:00;6844.35986328125;6844.35986328125;6819.0400390625;6824.93017578125;90388000.0
2026-03-10 17:45:00;6824.89013671875;6837.240234375;6824.3701171875;6832.990234375;66735000.0
2026-03-10 18:00:00;6832.89013671875;6833.10986328125;6799.3701171875;6799.3701171875;86640000.0
2026-03-10 18:15:00;6799.009765625;6811.85009765625;6786.52978515625;6804.77978515625;105400000.0
2026-03-10 18:30:00;6804.8701171875;6814.41015625;6796.7001953125;6799.740234375;73528000.0
2026-03-10 18:45:00;6799.6201171875;6808.7900390625;6796.080078125;6796.93017578125;71792000.0
2026-03-10 19:00:00;6796.97021484375;6801.60986328125;6792.5400390625;6800.97021484375;79437000.0
2026-03-10 19:15:00;6800.93017578125;6806.419921875;6785.990234375;6785.990234375;91272000.0
2026-03-10 19:30:00;6786.0;6793.759765625;6777.89990234375;6785.43017578125;123274000.0
2026-03-10 19:45:00;6786.0;6788.52001953125;6774.259765625;6781.31005859375;322898000.0
2026-03-11 13:30:00;6790.08984375;6796.47021484375;6784.3701171875;6785.759765625;91736448.0
2026-03-11 13:45:00;6785.60009765625;6790.81005859375;6773.64013671875;6790.5498046875;116951134.0
2026-03-11 14:00:00;6790.7001953125;6811.14990234375;6782.77001953125;6791.9501953125;126809349.0
2026-03-11 14:15:00;6791.72021484375;6792.990234375;6763.89013671875;6772.580078125;102006140.0
2026-03-11 14:30:00;6772.6201171875;6787.10986328125;6763.6298828125;6785.6298828125;95834868.0
2026-03-11 14:45:00;6785.33984375;6795.18017578125;6782.18994140625;6791.8701171875;89045429.0
2026-03-11 15:00:00;6792.66015625;6797.3798828125;6765.06982421875;6769.740234375;105818047.0
2026-03-11 15:15:00;6769.66015625;6776.2900390625;6758.2998046875;6758.2998046875;83079295.0
2026-03-11 15:30:00;6758.3798828125;6763.52001953125;6752.66015625;6754.5498046875;84515646.0
2026-03-11 15:45:00;6754.14990234375;6760.830078125;6748.1298828125;6753.5;75460000.0
2026-03-11 16:00:00;6753.47998046875;6755.419921875;6747.10986328125;6755.31982421875;69991000.0
2026-03-11 16:15:00;6755.27978515625;6759.0498046875;6749.47998046875;6759.0498046875;64593000.0
2026-03-11 16:30:00;6758.9599609375;6771.3798828125;6758.83984375;6766.72998046875;63175000.0
2026-03-11 16:45:00;6766.7998046875;6774.4501953125;6763.6298828125;6774.43994140625;54569000.0
2026-03-11 17:00:00;6774.3701171875;6777.10986328125;6767.7099609375;6768.990234375;63745000.0
2026-03-11 17:15:00;6769.240234375;6778.72021484375;6765.830078125;6775.91015625;58346000.0
2026-03-11 17:30:00;6775.91015625;6777.5;6745.58984375;6756.77978515625;75155000.0
2026-03-11 17:45:00;6756.669921875;6768.14990234375;6754.64990234375;6761.58984375;64713000.0
2026-03-11 18:00:00;6761.52978515625;6763.2998046875;6749.16015625;6754.81982421875;62754000.0
2026-03-11 18:15:00;6754.72998046875;6766.0400390625;6753.89013671875;6764.3701171875;60122000.0
2026-03-11 18:30:00;6764.2900390625;6766.919921875;6760.06005859375;6762.1298828125;60152000.0
2026-03-11 18:45:00;6762.16015625;6768.39013671875;6759.43994140625;6764.2001953125;66662000.0
2026-03-11 19:00:00;6764.18994140625;6765.60009765625;6755.52978515625;6756.7998046875;70685000.0
2026-03-11 19:15:00;6756.77001953125;6763.43017578125;6755.490234375;6761.35009765625;89871000.0
2026-03-11 19:30:00;6761.18994140625;6773.3701171875;6759.4599609375;6772.06982421875;105782000.0
2026-03-11 19:45:00;6772.0400390625;6777.58984375;6765.669921875;6774.759765625;317332000.0
2026-03-12 13:30:00;6740.8798828125;6740.8798828125;6713.0;6715.33984375;92373771.0
2026-03-12 13:45:00;6715.06982421875;6718.64013671875;6692.7001953125;6699.0;132044293.0
2026-03-12 14:00:00;6699.169921875;6721.9501953125;6699.169921875;6721.0;117274113.0
2026-03-12 14:15:00;6721.02001953125;6722.81982421875;6692.490234375;6692.66015625;105761944.0
2026-03-12 14:30:00;6691.97998046875;6701.0;6684.77001953125;6699.89013671875;110762771.0
2026-03-12 14:45:00;6700.169921875;6715.2099609375;6692.009765625;6695.64013671875;111184058.0
2026-03-12 15:00:00;6695.3701171875;6697.91015625;6680.10009765625;6684.58984375;96417955.0
2026-03-12 15:15:00;6684.3798828125;6697.330078125;6680.9599609375;6691.990234375;97785179.0
2026-03-12 15:30:00;6692.10986328125;6712.93994140625;6683.1201171875;6709.68994140625;110429446.0
2026-03-12 15:45:00;6709.509765625;6709.75;6696.14990234375;6703.7001953125;83890000.0
2026-03-12 16:00:00;6703.81005859375;6713.31005859375;6688.0498046875;6699.33984375;92193000.0
2026-03-12 16:15:00;6699.2998046875;6722.8798828125;6697.89013671875;6698.22021484375;91786000.0
2026-03-12 16:30:00;6698.81982421875;6712.3798828125;6695.16015625;6707.93994140625;91163000.0
2026-03-12 16:45:00;6707.89013671875;6708.009765625;6692.009765625;6698.97021484375;85042000.0
2026-03-12 17:00:00;6698.91015625;6713.02978515625;6697.56982421875;6697.9599609375;73054000.0
2026-03-12 17:15:00;6697.89013671875;6703.8701171875;6691.52001953125;6696.43017578125;69665000.0
2026-03-12 17:30:00;6696.52001953125;6707.72998046875;6695.93017578125;6696.1298828125;73628000.0
2026-03-12 17:45:00;6696.22021484375;6698.080078125;6683.89013671875;6692.2900390625;81504000.0
2026-03-12 18:00:00;6692.22021484375;6701.66015625;6692.22021484375;6698.97998046875;76661000.0
2026-03-12 18:15:00;6699.259765625;6702.330078125;6688.330078125;6692.68994140625;78456000.0
2026-03-12 18:30:00;6692.68017578125;6695.06982421875;6685.64990234375;6687.419921875;72699000.0
2026-03-12 18:45:00;6687.56982421875;6692.06005859375;6682.89013671875;6684.3798828125;80447000.0
2026-03-12 19:00:00;6684.31982421875;6690.080078125;6679.9501953125;6685.580078125;97626000.0
2026-03-12 19:15:00;6685.6298828125;6693.919921875;6683.56005859375;6689.93017578125;107323000.0
2026-03-12 19:30:00;6690.35986328125;6696.75;6681.509765625;6682.919921875;129385000.0
2026-03-12 19:45:00;6682.7998046875;6682.7998046875;6670.39990234375;6671.81005859375;396015000.0
2026-03-13 13:30:00;6673.490234375;6729.72021484375;6673.490234375;6729.60009765625;92702805.0
2026-03-13 13:45:00;6729.83984375;6733.2998046875;6714.7099609375;6715.580078125;112011426.0
2026-03-13 14:00:00;6715.81005859375;6722.1298828125;6698.60986328125;6700.10986328125;108346499.0
2026-03-13 14:15:00;6699.7099609375;6701.72998046875;6687.7998046875;6699.02001953125;94514353.0
2026-03-13 14:30:00;6699.0;6711.72998046875;6683.10986328125;6683.2900390625;91987284.0
2026-03-13 14:45:00;6683.22998046875;6684.56005859375;6660.91015625;6661.8798828125;94616397.0
2026-03-13 15:00:00;6662.5400390625;6678.47998046875;6655.68017578125;6677.81982421875;90220451.0
2026-03-13 15:15:00;6677.8701171875;6678.240234375;6654.97021484375;6655.39013671875;76908659.0
2026-03-13 15:30:00;6655.4501953125;6662.35986328125;6643.18017578125;6646.35009765625;77539000.0
2026-03-13 15:45:00;6646.31005859375;6659.89013671875;6641.52001953125;6644.2099609375;82635911.0
2026-03-13 16:00:00;6644.1201171875;6658.75;6644.06005859375;6649.7001953125;71573000.0
2026-03-13 16:15:00;6649.7001953125;6655.2900390625;6645.169921875;6653.10986328125;63649000.0
2026-03-13 16:30:00;6653.080078125;6661.4599609375;6647.52978515625;6647.6201171875;69343000.0
2026-03-13 16:45:00;6647.60009765625;6658.7001953125;6641.66015625;6643.31005859375;72300000.0
2026-03-13 17:00:00;6643.1298828125;6656.2001953125;6641.89013671875;6656.2001953125;63788000.0
2026-03-13 17:15:00;6656.6201171875;6660.27001953125;6648.22021484375;6653.68017578125;73343000.0
2026-03-13 17:30:00;6653.7001953125;6654.740234375;6645.16015625;6649.47021484375;63895000.0
2026-03-13 17:45:00;6649.43994140625;6650.759765625;6631.35009765625;6636.10009765625;71180000.0
2026-03-13 18:00:00;6636.06982421875;6644.47021484375;6635.8798828125;6643.14013671875;70738000.0
2026-03-13 18:15:00;6643.39990234375;6646.52001953125;6635.35009765625;6643.27001953125;61773000.0
2026-03-13 18:30:00;6643.14990234375;6654.990234375;6641.2900390625;6654.66015625;64617000.0
2026-03-13 18:45:00;6654.4599609375;6657.35986328125;6650.10986328125;6652.1298828125;75601000.0
2026-03-13 19:00:00;6652.14013671875;6652.14013671875;6642.66015625;6645.22998046875;80880000.0
2026-03-13 19:15:00;6645.2998046875;6648.72021484375;6631.7001953125;6633.58984375;92365000.0
2026-03-13 19:30:00;6633.669921875;6639.60986328125;6623.919921875;6626.56982421875;116416000.0
2026-03-13 19:45:00;6626.7001953125;6634.31982421875;6624.14990234375;6631.8798828125;334865000.0
2026-03-16 13:30:00;6674.3701171875;6706.0;6674.3701171875;6705.5400390625;97254428.0
2026-03-16 13:45:00;6705.52001953125;6718.009765625;6704.89013671875;6717.509765625;119309600.0
2026-03-16 14:00:00;6717.52001953125;6722.8701171875;6710.06982421875;6716.75;110550982.0
2026-03-16 14:15:00;6716.47021484375;6722.259765625;6713.14013671875;6713.14013671875;86616531.0
2026-03-16 14:30:00;6712.9599609375;6713.06005859375;6690.8798828125;6691.47021484375;92390558.0
2026-03-16 14:45:00;6691.41015625;6707.47998046875;6685.56005859375;6707.47998046875;85859173.0
2026-03-16 15:00:00;6707.60986328125;6707.83984375;6696.009765625;6703.85986328125;83852132.0
2026-03-16 15:15:00;6703.81982421875;6712.47021484375;6698.77978515625;6709.97998046875;74148236.0
2026-03-16 15:30:00;6710.02978515625;6715.43017578125;6707.85986328125;6708.919921875;68095826.0
2026-03-16 15:45:00;6708.7001953125;6712.0498046875;6694.7998046875;6694.7998046875;73045545.0
2026-03-16 16:00:00;6694.72998046875;6700.68994140625;6691.9599609375;6698.0400390625;66542000.0
2026-03-16 16:15:00;6697.9599609375;6699.64013671875;6681.5498046875;6683.93994140625;70717000.0
2026-03-16 16:30:00;6683.9599609375;6697.919921875;6681.490234375;6695.89990234375;67121000.0
2026-03-16 16:45:00;6695.91015625;6699.3798828125;6692.669921875;6693.43017578125;59411000.0
2026-03-16 17:00:00;6693.52978515625;6705.27978515625;6693.52978515625;6703.47998046875;64432000.0
2026-03-16 17:15:00;6703.35986328125;6706.22998046875;6698.9599609375;6701.7001953125;57566000.0
2026-03-16 17:30:00;6701.64013671875;6704.66015625;6695.97998046875;6696.35986328125;64292000.0
2026-03-16 17:45:00;6696.330078125;6701.330078125;6689.5400390625;6696.9599609375;58092000.0
2026-03-16 18:00:00;6696.919921875;6706.52978515625;6696.2998046875;6704.080078125;67451000.0
2026-03-16 18:15:00;6704.259765625;6709.85986328125;6704.169921875;6707.27001953125;76860000.0
2026-03-16 18:30:00;6707.58984375;6711.66015625;6706.25;6711.58984375;70820000.0
2026-03-16 18:45:00;6711.5400390625;6712.47998046875;6704.81982421875;6705.66015625;64687000.0
2026-03-16 19:00:00;6705.669921875;6729.7900390625;6702.22021484375;6708.240234375;114254000.0
2026-03-16 19:15:00;6707.85986328125;6712.39990234375;6696.27978515625;6700.97021484375;116804000.0
2026-03-16 19:30:00;6701.35986328125;6702.77978515625;6693.75;6695.25;118457000.0
2026-03-16 19:45:00;6695.2998046875;6701.10986328125;6693.580078125;6699.85009765625;315344000.0
2026-03-17 13:30:00;6722.35009765625;6749.0;6722.35009765625;6745.259765625;93328918.0
2026-03-17 13:45:00;6745.169921875;6754.2998046875;6744.0;6748.6201171875;120557747.0
2026-03-17 14:00:00;6748.93994140625;6748.93994140625;6734.10986328125;6734.240234375;112479540.0
2026-03-17 14:15:00;6733.5400390625;6737.93017578125;6725.52978515625;6734.97998046875;91589417.0
2026-03-17 14:30:00;6734.83984375;6742.97021484375;6731.60986328125;6742.47021484375;80455170.0
2026-03-17 14:45:00;6742.259765625;6744.0400390625;6739.009765625;6739.75;73911587.0
2026-03-17 15:00:00;6739.7998046875;6741.7900390625;6726.490234375;6728.6201171875;74890102.0
2026-03-17 15:15:00;6728.580078125;6735.27001953125;6726.1298828125;6726.72998046875;74279653.0
2026-03-17 15:30:00;6726.60986328125;6730.740234375;6713.18994140625;6721.490234375;71970868.0
2026-03-17 15:45:00;6721.4501953125;6725.2998046875;6718.31982421875;6720.39013671875;66460890.0
2026-03-17 16:00:00;6720.169921875;6721.52001953125;6710.7998046875;6716.72021484375;66483452.0
2026-03-17 16:15:00;6716.77001953125;6724.66015625;6715.5400390625;6721.759765625;66700000.0
2026-03-17 16:30:00;6721.81982421875;6723.97998046875;6716.8701171875;6723.830078125;61349000.0
2026-03-17 16:45:00;6724.1298828125;6725.27978515625;6718.6201171875;6719.06982421875;63239000.0
2026-03-17 17:00:00;6719.1201171875;6728.5;6718.9501953125;6725.22998046875;63223000.0
2026-03-17 17:15:00;6725.22998046875;6725.8798828125;6721.33984375;6724.6298828125;56200000.0
2026-03-17 17:30:00;6724.64013671875;6728.97998046875;6722.0;6722.0;55468000.0
2026-03-17 17:45:00;6722.41015625;6728.1201171875;6720.35986328125;6726.35986328125;56112000.0
2026-03-17 18:00:00;6726.39013671875;6731.77978515625;6723.759765625;6728.41015625;63153000.0
2026-03-17 18:15:00;6728.259765625;6728.9501953125;6718.52001953125;6718.919921875;64065000.0
2026-03-17 18:30:00;6718.89990234375;6721.580078125;6717.2099609375;6717.9501953125;69485000.0
2026-03-17 18:45:00;6717.89990234375;6723.93017578125;6717.759765625;6720.2099609375;74933000.0
2026-03-17 19:00:00;6720.35986328125;6722.33984375;6715.5498046875;6721.0;79686000.0
2026-03-17 19:15:00;6721.06005859375;6724.740234375;6719.06005859375;6719.93017578125;87646000.0
2026-03-17 19:30:00;6719.97021484375;6721.89013671875;6716.91015625;6717.6298828125;110159000.0
2026-03-17 19:45:00;6717.64013671875;6721.43017578125;6713.77978515625;6717.18994140625;321631000.0
2026-03-18 13:30:00;6697.16015625;6704.990234375;6688.97021484375;6696.169921875;84620399.0
2026-03-18 13:45:00;6696.68994140625;6705.18017578125;6693.5;6701.75;108844763.0
2026-03-18 14:00:00;6702.27001953125;6703.14013671875;6681.43017578125;6681.43017578125;108037605.0
2026-03-18 14:15:00;6681.31005859375;6686.669921875;6667.31982421875;6669.25;88708602.0
2026-03-18 14:30:00;6669.3701171875;6677.990234375;6666.830078125;6668.4599609375;80485439.0
2026-03-18 14:45:00;6668.31982421875;6680.0498046875;6666.52001953125;6680.02001953125;75188462.0
2026-03-18 15:00:00;6679.81982421875;6689.22021484375;6677.06005859375;6684.52001953125;84879241.0
2026-03-18 15:15:00;6684.490234375;6686.1201171875;6673.830078125;6678.81005859375;69823028.0
2026-03-18 15:30:00;6678.81005859375;6685.22998046875;6677.43994140625;6680.7900390625;67767036.0
2026-03-18 15:45:00;6680.81982421875;6683.2099609375;6676.10986328125;6679.7900390625;61503363.0
2026-03-18 16:00:00;6679.72998046875;6682.93017578125;6674.6201171875;6682.08984375;56858819.0
2026-03-18 16:15:00;6682.2099609375;6684.14990234375;6678.1298828125;6680.580078125;58438000.0
2026-03-18 16:30:00;6680.31005859375;6681.52001953125;6667.75;6674.39990234375;66851000.0
2026-03-18 16:45:00;6674.5400390625;6680.509765625;6672.1298828125;6675.25;53180000.0
2026-03-18 17:00:00;6675.14013671875;6675.509765625;6663.85986328125;6665.39990234375;56734000.0
2026-03-18 17:15:00;6665.47021484375;6669.83984375;6664.08984375;6667.47021484375;52865000.0
2026-03-18 17:30:00;6667.52978515625;6673.72021484375;6662.85986328125;6668.60986328125;57032000.0
2026-03-18 17:45:00;6668.60009765625;6677.27001953125;6668.27978515625;6675.81005859375;59941000.0
2026-03-18 18:00:00;6676.0498046875;6682.740234375;6671.60009765625;6674.60009765625;81451000.0
2026-03-18 18:15:00;6674.580078125;6674.6298828125;6663.490234375;6670.18994140625;68945000.0
2026-03-18 18:30:00;6670.3798828125;6671.64013671875;6654.2099609375;6659.330078125;101700000.0
2026-03-18 18:45:00;6659.2900390625;6659.2900390625;6643.009765625;6643.35009765625;87323000.0
2026-03-18 19:00:00;6643.240234375;6655.77001953125;6642.33984375;6648.4501953125;94441000.0
2026-03-18 19:15:00;6648.43994140625;6649.10986328125;6636.16015625;6638.06982421875;96972000.0
2026-03-18 19:30:00;6638.10009765625;6640.68994140625;6626.89990234375;6628.8798828125;125013000.0
2026-03-18 19:45:00;6628.97998046875;6631.83984375;6621.66015625;6624.3798828125;339515000.0
2026-03-19 13:30:00;6583.1201171875;6583.1201171875;6557.81982421875;6581.0498046875;114063397.0
2026-03-19 13:45:00;6580.990234375;6596.669921875;6574.5498046875;6593.6201171875;131628859.0
2026-03-19 14:00:00;6594.14013671875;6602.72021484375;6588.60009765625;6589.97021484375;128027710.0
2026-03-19 14:15:00;6589.89013671875;6591.43017578125;6569.33984375;6571.64013671875;103541014.0
2026-03-19 14:30:00;6571.6298828125;6598.0;6571.10986328125;6583.27001953125;97644762.0
2026-03-19 14:45:00;6583.080078125;6591.830078125;6579.9599609375;6587.14990234375;85329435.0
2026-03-19 15:00:00;6586.490234375;6604.93017578125;6583.9599609375;6601.47998046875;94424681.0
2026-03-19 15:15:00;6601.7998046875;6604.39990234375;6580.7998046875;6585.89013671875;81149819.0
2026-03-19 15:30:00;6585.75;6585.75;6572.16015625;6573.89990234375;78478942.0
2026-03-19 15:45:00;6573.81982421875;6586.85009765625;6570.72998046875;6586.7001953125;76942000.0
2026-03-19 16:00:00;6586.81005859375;6598.169921875;6583.25;6585.89013671875;79320000.0
2026-03-19 16:15:00;6586.06005859375;6588.9501953125;6580.2001953125;6588.43017578125;74150000.0
2026-03-19 16:30:00;6588.02001953125;6594.919921875;6581.64990234375;6590.39013671875;73175000.0
2026-03-19 16:45:00;6590.2998046875;6590.89013671875;6574.85009765625;6580.240234375;69268000.0
2026-03-19 17:00:00;6580.169921875;6581.1298828125;6564.68017578125;6566.490234375;68539000.0
2026-03-19 17:15:00;6566.47998046875;6583.02001953125;6565.3798828125;6579.66015625;63747000.0
2026-03-19 17:30:00;6579.56982421875;6582.81005859375;6570.169921875;6573.5400390625;66473000.0
2026-03-19 17:45:00;6573.5498046875;6586.6298828125;6571.89990234375;6580.89013671875;62339000.0
2026-03-19 18:00:00;6580.75;6593.64013671875;6575.1201171875;6591.7099609375;70591000.0
2026-03-19 18:15:00;6591.7099609375;6592.7998046875;6580.35009765625;6580.35009765625;71378000.0
2026-03-19 18:30:00;6580.1201171875;6581.2900390625;6572.18994140625;6573.31005859375;67239000.0
2026-03-19 18:45:00;6573.2099609375;6595.47021484375;6571.85009765625;6592.5498046875;79909000.0
2026-03-19 19:00:00;6592.81005859375;6636.740234375;6592.64013671875;6626.89990234375;149092000.0
2026-03-19 19:15:00;6626.83984375;6630.02978515625;6605.830078125;6610.4501953125;111490000.0
2026-03-19 19:30:00;6610.60009765625;6615.0400390625;6599.31982421875;6611.06982421875;122110000.0
2026-03-19 19:45:00;6611.080078125;6612.7099609375;6603.8798828125;6606.2001953125;336478000.0
2026-03-20 13:30:00;6594.66015625;6594.66015625;6574.18994140625;6589.2998046875;104515027.0
2026-03-20 13:45:00;6589.31982421875;6593.2001953125;6556.77978515625;6558.759765625;133323288.0
2026-03-20 14:00:00;6558.4599609375;6563.52978515625;6540.81982421875;6542.919921875;127623206.0
2026-03-20 14:15:00;6543.0498046875;6551.02001953125;6541.72998046875;6545.5;107627820.0
2026-03-20 14:30:00;6545.240234375;6560.72021484375;6545.240234375;6550.759765625;108023630.0
2026-03-20 14:45:00;6550.60986328125;6554.60009765625;6538.4501953125;6547.81005859375;96879000.0
2026-03-20 15:00:00;6547.509765625;6557.93994140625;6543.580078125;6557.18017578125;96165000.0
2026-03-20 15:15:00;6557.39990234375;6566.31005859375;6541.93994140625;6545.81982421875;98632000.0
2026-03-20 15:30:00;6545.830078125;6553.990234375;6544.35009765625;6552.10009765625;75604000.0
2026-03-20 15:45:00;6552.2998046875;6557.81005859375;6547.1298828125;6555.89013671875;73880000.0
2026-03-20 16:00:00;6555.93017578125;6564.25;6554.56005859375;6559.91015625;71192000.0
2026-03-20 16:15:00;6559.990234375;6565.60009765625;6555.66015625;6557.27978515625;74007000.0
2026-03-20 16:30:00;6557.27978515625;6557.27978515625;6546.31005859375;6551.39990234375;69012000.0
2026-03-20 16:45:00;6551.419921875;6559.1298828125;6545.9599609375;6553.56982421875;67567000.0
2026-03-20 17:00:00;6553.43017578125;6557.9501953125;6544.740234375;6549.64990234375;66782000.0
2026-03-20 17:15:00;6549.60986328125;6552.83984375;6546.2998046875;6547.6201171875;66044000.0
2026-03-20 17:30:00;6547.6201171875;6548.8798828125;6533.06005859375;6536.85009765625;74244000.0
2026-03-20 17:45:00;6537.0;6542.25;6532.25;6540.33984375;66803000.0
2026-03-20 18:00:00;6540.259765625;6542.41015625;6529.93017578125;6531.9599609375;74503000.0
2026-03-20 18:15:00;6531.93994140625;6532.9501953125;6513.47021484375;6519.8798828125;94688000.0
2026-03-20 18:30:00;6520.02978515625;6521.52978515625;6506.509765625;6507.27978515625;90255000.0
2026-03-20 18:45:00;6507.43017578125;6509.27978515625;6502.18017578125;6506.06982421875;89611000.0
2026-03-20 19:00:00;6506.18994140625;6511.759765625;6499.31982421875;6503.6201171875;106547000.0
2026-03-20 19:15:00;6503.43017578125;6505.72021484375;6494.02978515625;6496.68017578125;113803000.0
2026-03-20 19:30:00;6496.7099609375;6499.14990234375;6473.52001953125;6494.68017578125;169606000.0
2026-03-20 19:45:00;6494.580078125;6509.0;6484.490234375;6508.31982421875;517925000.0
2026-03-23 13:30:00;6574.9599609375;6619.52001953125;6574.9599609375;6606.5498046875;123402952.0
2026-03-23 13:45:00;6606.31005859375;6627.580078125;6600.58984375;6627.580078125;150623575.0
2026-03-23 14:00:00;6627.8701171875;6632.759765625;6613.0498046875;6627.14990234375;138581492.0
2026-03-23 14:15:00;6627.009765625;6648.27978515625;6627.009765625;6636.06982421875;114183003.0
2026-03-23 14:30:00;6636.14013671875;6639.41015625;6627.490234375;6629.77001953125;93711907.0
2026-03-23 14:45:00;6629.7099609375;6643.080078125;6626.06005859375;6636.419921875;91434007.0
2026-03-23 15:00:00;6636.52001953125;6651.6201171875;6634.60009765625;6646.08984375;101787517.0
2026-03-23 15:15:00;6646.080078125;6647.06982421875;6633.7998046875;6635.16015625;89646000.0
2026-03-23 15:30:00;6635.259765625;6638.580078125;6614.33984375;6618.89013671875;92432000.0
2026-03-23 15:45:00;6618.27978515625;6618.27978515625;6584.3701171875;6585.68994140625;105935000.0
2026-03-23 16:00:00;6585.56982421875;6601.08984375;6585.240234375;6596.740234375;84795000.0
2026-03-23 16:15:00;6596.740234375;6597.330078125;6565.5498046875;6566.52001953125;86288000.0
2026-03-23 16:30:00;6566.60009765625;6587.10009765625;6566.35009765625;6586.31005859375;72110000.0
2026-03-23 16:45:00;6586.39990234375;6592.22021484375;6577.52978515625;6581.509765625;63866000.0
2026-03-23 17:00:00;6581.56982421875;6587.5498046875;6575.47021484375;6579.7998046875;60267000.0
2026-03-23 17:15:00;6579.77001953125;6581.080078125;6569.759765625;6579.39990234375;55241000.0
2026-03-23 17:30:00;6579.18994140625;6607.4599609375;6578.759765625;6594.330078125;86244000.0
2026-03-23 17:45:00;6594.259765625;6607.3701171875;6589.85986328125;6606.97021484375;58176000.0
2026-03-23 18:00:00;6606.75;6608.22998046875;6592.22998046875;6603.31005859375;77050000.0
2026-03-23 18:15:00;6602.56005859375;6604.22021484375;6597.7001953125;6600.02978515625;57834000.0
2026-03-23 18:30:00;6600.16015625;6621.89990234375;6600.16015625;6613.60009765625;76134000.0
2026-03-23 18:45:00;6613.75;6618.25;6612.27978515625;6615.60009765625;64582000.0
2026-03-23 19:00:00;6615.6298828125;6615.919921875;6607.0498046875;6607.43017578125;77418000.0
2026-03-23 19:15:00;6607.39013671875;6608.6201171875;6596.89990234375;6599.43994140625;86438000.0
2026-03-23 19:30:00;6599.419921875;6604.580078125;6597.6298828125;6604.580078125;106090000.0
2026-03-23 19:45:00;6604.60986328125;6608.6298828125;6580.31005859375;6581.759765625;348660000.0
2026-03-24 13:30:00;6552.08984375;6555.06005859375;6525.52001953125;6533.39013671875;87610964.0
2026-03-24 13:45:00;6533.22021484375;6541.43994140625;6525.10986328125;6540.39013671875;107487809.0
2026-03-24 14:00:00;6540.5;6560.9501953125;6538.56005859375;6551.419921875;118669650.0
2026-03-24 14:15:00;6551.259765625;6559.43994140625;6543.080078125;6551.240234375;95222208.0
2026-03-24 14:30:00;6551.1298828125;6562.43017578125;6548.580078125;6562.39013671875;93205295.0
2026-03-24 14:45:00;6562.72021484375;6582.60986328125;6548.64990234375;6564.6201171875;134407390.0
2026-03-24 15:00:00;6565.06982421875;6579.85986328125;6565.06982421875;6578.490234375;89436620.0
2026-03-24 15:15:00;6578.31005859375;6594.169921875;6578.16015625;6586.22998046875;92437799.0
2026-03-24 15:30:00;6586.22021484375;6591.080078125;6579.47021484375;6588.7998046875;80913000.0
2026-03-24 15:45:00;6588.66015625;6595.75;6575.85009765625;6577.77001953125;75329000.0
2026-03-24 16:00:00;6576.8798828125;6577.97021484375;6569.3798828125;6575.60986328125;64993000.0
2026-03-24 16:15:00;6575.60986328125;6587.81982421875;6575.43994140625;6585.02001953125;63249000.0
2026-03-24 16:30:00;6585.2998046875;6586.7001953125;6567.2900390625;6577.43994140625;61796000.0
2026-03-24 16:45:00;6577.56005859375;6582.60986328125;6571.10986328125;6576.990234375;56897000.0
2026-03-24 17:00:00;6577.02978515625;6579.419921875;6552.10986328125;6555.759765625;72127000.0
2026-03-24 17:15:00;6555.64013671875;6559.85009765625;6552.60009765625;6559.64013671875;56439000.0
2026-03-24 17:30:00;6559.58984375;6565.52001953125;6550.93994140625;6551.81005859375;59542000.0
2026-03-24 17:45:00;6551.77978515625;6567.7900390625;6550.3798828125;6567.18994140625;65790000.0
2026-03-24 18:00:00;6567.64013671875;6574.3798828125;6562.2900390625;6564.2099609375;64115000.0
2026-03-24 18:15:00;6564.31005859375;6573.60986328125;6558.009765625;6570.89013671875;67150000.0
2026-03-24 18:30:00;6570.919921875;6590.669921875;6569.27001953125;6579.16015625;79841000.0
2026-03-24 18:45:00;6579.10986328125;6582.330078125;6570.77001953125;6574.669921875;68326000.0
2026-03-24 19:00:00;6574.419921875;6582.06005859375;6574.31005859375;6582.06005859375;74837000.0
2026-03-24 19:15:00;6582.08984375;6582.08984375;6569.52001953125;6569.97021484375;84450000.0
2026-03-24 19:30:00;6570.0;6573.06005859375;6562.2001953125;6563.759765625;107215000.0
2026-03-24 19:45:00;6563.77978515625;6563.77978515625;6551.4599609375;6557.3798828125;324468000.0
2026-03-25 13:30:00;6598.35009765625;6633.93994140625;6598.35009765625;6614.81982421875;111176768.0
2026-03-25 13:45:00;6615.14013671875;6617.58984375;6590.8701171875;6591.2001953125;128273050.0
2026-03-25 14:00:00;6591.1201171875;6606.0400390625;6583.080078125;6606.0400390625;121985955.0
2026-03-25 14:15:00;6605.9501953125;6611.0;6598.60009765625;6606.8701171875;116559172.0
2026-03-25 14:30:00;6607.14990234375;6615.0;6603.240234375;6611.39990234375;91877450.0
2026-03-25 14:45:00;6611.02978515625;6617.83984375;6610.2998046875;6612.740234375;88797492.0
2026-03-25 15:00:00;6612.68994140625;6615.31005859375;6590.64013671875;6591.10009765625;97792299.0
2026-03-25 15:15:00;6591.169921875;6603.7998046875;6568.41015625;6603.7998046875;112840729.0
2026-03-25 15:30:00;6603.81982421875;6607.60009765625;6587.3701171875;6592.52001953125;75498000.0
2026-03-25 15:45:00;6592.580078125;6598.97021484375;6588.97021484375;6596.4599609375;70416000.0
2026-03-25 16:00:00;6596.39013671875;6596.8701171875;6586.509765625;6591.509765625;65153000.0
2026-03-25 16:15:00;6591.60009765625;6605.39013671875;6587.5;6599.5;71244000.0
2026-03-25 16:30:00;6599.8701171875;6608.47998046875;6596.97998046875;6606.08984375;60268000.0
2026-03-25 16:45:00;6605.85009765625;6606.81982421875;6597.669921875;6603.009765625;51441000.0
2026-03-25 17:00:00;6603.02001953125;6607.5498046875;6595.4599609375;6602.169921875;62798000.0
2026-03-25 17:15:00;6602.02978515625;6608.39990234375;6595.77001953125;6606.4599609375;55903000.0
2026-03-25 17:30:00;6606.41015625;6618.5400390625;6601.97998046875;6613.93017578125;63966000.0
2026-03-25 17:45:00;6613.93994140625;6614.10009765625;6599.64990234375;6604.9501953125;64104000.0
2026-03-25 18:00:00;6604.81005859375;6607.7099609375;6601.47021484375;6605.22998046875;55212000.0
2026-03-25 18:15:00;6605.330078125;6610.18017578125;6600.43017578125;6600.68017578125;60236000.0
2026-03-25 18:30:00;6600.75;6603.6298828125;6597.169921875;6599.60986328125;62615000.0
2026-03-25 18:45:00;6599.58984375;6599.58984375;6583.47998046875;6590.83984375;72571000.0
2026-03-25 19:00:00;6590.75;6590.75;6581.85986328125;6590.009765625;72625000.0
2026-03-25 19:15:00;6590.0;6598.7099609375;6589.85009765625;6591.330078125;80460000.0
2026-03-25 19:30:00;6591.0498046875;6591.7998046875;6583.669921875;6587.52978515625;102623000.0
2026-03-25 19:45:00;6587.66015625;6596.2900390625;6585.47021484375;6592.43994140625;308423000.0
2026-03-26 13:30:00;6555.85986328125;6555.85986328125;6533.10986328125;6554.669921875;82517101.0
2026-03-26 13:45:00;6555.08984375;6571.10009765625;6554.68017578125;6570.25;116179148.0
2026-03-26 14:00:00;6570.14013671875;6572.1298828125;6559.1298828125;6569.41015625;104577463.0
2026-03-26 14:15:00;6569.47998046875;6573.22021484375;6562.2001953125;6562.22998046875;85868565.0
2026-03-26 14:30:00;6562.14013671875;6573.08984375;6550.06005859375;6552.83984375;95408627.0
2026-03-26 14:45:00;6552.56982421875;6555.9501953125;6533.56982421875;6547.35986328125;99858128.0
2026-03-26 15:00:00;6547.31982421875;6553.5;6546.02978515625;6548.580078125;83310638.0
2026-03-26 15:15:00;6548.43994140625;6549.60009765625;6541.580078125;6542.89013671875;78272111.0
2026-03-26 15:30:00;6542.72021484375;6543.47021484375;6534.60009765625;6537.35009765625;70112805.0
2026-03-26 15:45:00;6537.31982421875;6546.97998046875;6535.8798828125;6540.5;69234114.0
2026-03-26 16:00:00;6540.60986328125;6541.89013671875;6534.64990234375;6539.2900390625;65064197.0
2026-03-26 16:15:00;6539.14013671875;6539.14013671875;6518.81982421875;6520.2001953125;76777000.0
2026-03-26 16:30:00;6520.1298828125;6521.77001953125;6514.740234375;6519.830078125;66831000.0
2026-03-26 16:45:00;6519.89013671875;6521.97998046875;6514.5498046875;6521.64990234375;66357000.0
2026-03-26 17:00:00;6521.89990234375;6526.1201171875;6515.81005859375;6515.990234375;63410000.0
2026-03-26 17:15:00;6515.60986328125;6517.97998046875;6505.35009765625;6511.009765625;68638000.0
2026-03-26 17:30:00;6511.080078125;6515.60986328125;6503.9599609375;6504.60986328125;59526000.0
2026-03-26 17:45:00;6504.41015625;6505.56982421875;6489.7998046875;6491.10986328125;73923000.0
2026-03-26 18:00:00;6491.14013671875;6500.18994140625;6491.14013671875;6495.0400390625;80607000.0
2026-03-26 18:15:00;6495.1298828125;6497.10986328125;6490.10009765625;6490.85009765625;76116000.0
2026-03-26 18:30:00;6490.8798828125;6500.259765625;6490.8798828125;6496.2099609375;73908000.0
2026-03-26 18:45:00;6496.2099609375;6500.9599609375;6493.8798828125;6499.60986328125;70634000.0
2026-03-26 19:00:00;6499.64013671875;6500.10986328125;6483.72021484375;6487.330078125;82513000.0
2026-03-26 19:15:00;6487.22998046875;6491.81982421875;6483.64013671875;6487.02978515625;87168000.0
2026-03-26 19:30:00;6487.06005859375;6487.31005859375;6479.35009765625;6479.740234375;112581000.0
2026-03-26 19:45:00;6479.77978515625;6483.18017578125;6473.7900390625;6477.10986328125;344861000.0
2026-03-27 13:30:00;6453.89013671875;6453.89013671875;6423.330078125;6435.58984375;95756047.0
2026-03-27 13:45:00;6435.47998046875;6448.97998046875;6410.6298828125;6415.10009765625;127634638.0
2026-03-27 14:00:00;6414.9599609375;6423.60986328125;6410.83984375;6421.89990234375;129787099.0
2026-03-27 14:15:00;6421.259765625;6432.330078125;6415.2998046875;6415.68017578125;100376125.0
2026-03-27 14:30:00;6415.5;6421.22998046875;6412.009765625;6414.39013671875;89402951.0
2026-03-27 14:45:00;6414.81982421875;6429.56982421875;6408.9501953125;6426.7001953125;87641233.0
2026-03-27 15:00:00;6426.3701171875;6436.27001953125;6420.669921875;6422.10986328125;83943874.0
2026-03-27 15:15:00;6422.14990234375;6437.60009765625;6413.9599609375;6432.75;90977013.0
2026-03-27 15:30:00;6433.5;6445.18017578125;6427.2001953125;6431.91015625;78065690.0
2026-03-27 15:45:00;6431.81982421875;6438.41015625;6426.2998046875;6427.66015625;69052396.0
2026-03-27 16:00:00;6427.64990234375;6428.5400390625;6413.919921875;6419.43017578125;71447000.0
2026-03-27 16:15:00;6419.75;6419.97021484375;6411.10986328125;6413.009765625;67820000.0
2026-03-27 16:30:00;6413.580078125;6414.89990234375;6405.5400390625;6410.990234375;78970000.0
2026-03-27 16:45:00;6410.93994140625;6420.68017578125;6409.91015625;6412.10009765625;61474000.0
2026-03-27 17:00:00;6411.990234375;6422.3701171875;6406.35009765625;6408.56982421875;71013000.0
2026-03-27 17:15:00;6408.52978515625;6408.89990234375;6390.8701171875;6391.02978515625;65067000.0
2026-03-27 17:30:00;6390.830078125;6396.91015625;6388.31982421875;6389.4501953125;76114000.0
2026-03-27 17:45:00;6389.4599609375;6392.35009765625;6384.509765625;6386.06982421875;64798000.0
2026-03-27 18:00:00;6386.06982421875;6386.83984375;6376.14990234375;6379.0400390625;74254000.0
2026-03-27 18:15:00;6379.08984375;6386.9501953125;6378.080078125;6382.27001953125;75490000.0
2026-03-27 18:30:00;6382.27978515625;6390.5;6379.64013671875;6384.39990234375;74041000.0
2026-03-27 18:45:00;6384.2900390625;6385.43017578125;6376.81005859375;6378.52978515625;73183000.0
2026-03-27 19:00:00;6378.6201171875;6381.009765625;6370.08984375;6375.2099609375;81789000.0
2026-03-27 19:15:00;6375.18994140625;6379.9599609375;6371.89990234375;6373.2900390625;93122000.0
2026-03-27 19:30:00;6373.22998046875;6377.830078125;6365.509765625;6366.1298828125;118073000.0
2026-03-27 19:45:00;6366.16015625;6375.66015625;6356.080078125;6367.77001953125;359879000.0
2026-03-30 13:30:00;6403.3701171875;6427.31005859375;6392.169921875;6396.39990234375;96707215.0
2026-03-30 13:45:00;6395.97021484375;6398.52001953125;6370.8798828125;6373.89990234375;123545475.0
2026-03-30 14:00:00;6374.02978515625;6391.60986328125;6373.77001953125;6388.75;113819390.0
2026-03-30 14:15:00;6389.06005859375;6390.419921875;6378.39013671875;6382.31982421875;90343446.0
2026-03-30 14:30:00;6382.31005859375;6388.7900390625;6371.06005859375;6372.7001953125;98947506.0
2026-03-30 14:45:00;6372.68017578125;6399.75;6371.31005859375;6399.580078125;107176039.0
2026-03-30 15:00:00;6399.64990234375;6411.56005859375;6388.9501953125;6389.5400390625;101491209.0
2026-03-30 15:15:00;6389.35986328125;6394.669921875;6379.25;6388.830078125;83490408.0
2026-03-30 15:30:00;6388.77978515625;6405.41015625;6385.509765625;6404.2099609375;79273263.0
2026-03-30 15:45:00;6404.18994140625;6408.4599609375;6396.97998046875;6398.16015625;72228000.0
2026-03-30 16:00:00;6398.35986328125;6398.93994140625;6385.830078125;6391.3701171875;73202000.0
2026-03-30 16:15:00;6391.43994140625;6391.43994140625;6376.60009765625;6377.18994140625;67775000.0
2026-03-30 16:30:00;6377.1298828125;6384.08984375;6376.14990234375;6380.0;63316000.0
2026-03-30 16:45:00;6379.990234375;6381.68994140625;6374.58984375;6377.740234375;61696000.0
2026-03-30 17:00:00;6377.2900390625;6381.580078125;6369.16015625;6369.56982421875;59819000.0
2026-03-30 17:15:00;6369.47998046875;6371.0;6356.85986328125;6357.81982421875;72152000.0
2026-03-30 17:30:00;6357.89013671875;6366.93017578125;6351.39013671875;6366.56005859375;71259000.0
2026-03-30 17:45:00;6366.419921875;6368.990234375;6356.330078125;6359.330078125;75625000.0
2026-03-30 18:00:00;6359.47998046875;6361.18017578125;6352.6298828125;6357.22021484375;68132000.0
2026-03-30 18:15:00;6356.85009765625;6360.509765625;6347.06005859375;6347.06982421875;64356000.0
2026-03-30 18:30:00;6347.02001953125;6355.7998046875;6346.919921875;6348.91015625;72236000.0
2026-03-30 18:45:00;6348.93017578125;6351.68994140625;6338.81982421875;6342.0;76544000.0
2026-03-30 19:00:00;6341.8701171875;6342.93994140625;6320.35009765625;6323.22998046875;99641000.0
2026-03-30 19:15:00;6323.1298828125;6326.990234375;6316.91015625;6319.8701171875;94778000.0
2026-03-30 19:30:00;6319.77001953125;6334.330078125;6317.7099609375;6331.06982421875;123903000.0
2026-03-30 19:45:00;6331.169921875;6349.9501953125;6330.759765625;6343.75;343727000.0
2026-03-31 13:30:00;6395.8798828125;6428.919921875;6395.8798828125;6417.31982421875;93268196.0
2026-03-31 13:45:00;6417.68994140625;6451.0;6417.68994140625;6451.0;123711262.0
2026-03-31 14:00:00;6450.47021484375;6453.72998046875;6435.3701171875;6439.5498046875;124388638.0
2026-03-31 14:15:00;6439.22021484375;6450.41015625;6433.8701171875;6448.9501953125;98850839.0
2026-03-31 14:30:00;6448.8701171875;6450.31982421875;6423.9501953125;6426.39013671875;97595461.0
2026-03-31 14:45:00;6426.35986328125;6428.10009765625;6404.5400390625;6411.2900390625;97431747.0
2026-03-31 15:00:00;6411.31982421875;6443.77978515625;6411.31982421875;6443.66015625;86983640.0
2026-03-31 15:15:00;6443.43017578125;6445.72021484375;6430.02978515625;6431.97021484375;77034806.0
2026-03-31 15:30:00;6431.7099609375;6436.39990234375;6424.509765625;6431.91015625;63624603.0
2026-03-31 15:45:00;6431.85009765625;6435.47021484375;6421.35986328125;6421.91015625;72034653.0
2026-03-31 16:00:00;6421.81982421875;6440.2099609375;6420.02978515625;6437.10986328125;67489000.0
2026-03-31 16:15:00;6436.89013671875;6449.77001953125;6436.89013671875;6445.66015625;66239000.0
2026-03-31 16:30:00;6445.47021484375;6517.52001953125;6441.0400390625;6497.0;148873000.0
2026-03-31 16:45:00;6496.85009765625;6502.43994140625;6474.759765625;6491.009765625;119968000.0
2026-03-31 17:00:00;6490.77978515625;6509.080078125;6487.47998046875;6498.93017578125;108663000.0
2026-03-31 17:15:00;6499.10009765625;6508.580078125;6493.10009765625;6494.4599609375;101175000.0
2026-03-31 17:30:00;6494.39990234375;6508.08984375;6487.47998046875;6491.5;96260000.0
2026-03-31 17:45:00;6491.419921875;6498.93994140625;6486.990234375;6488.91015625;70821000.0
2026-03-31 18:00:00;6488.8798828125;6502.64990234375;6488.8798828125;6499.89013671875;74176000.0
2026-03-31 18:15:00;6499.91015625;6505.68017578125;6494.75;6502.18017578125;74298000.0
2026-03-31 18:30:00;6502.08984375;6510.81005859375;6497.27001953125;6504.06982421875;75665000.0
2026-03-31 18:45:00;6504.169921875;6512.9599609375;6504.169921875;6511.52001953125;77771000.0
2026-03-31 19:00:00;6511.490234375;6516.8798828125;6505.43994140625;6515.39013671875;91815000.0
2026-03-31 19:15:00;6515.43994140625;6523.2900390625;6514.6201171875;6518.91015625;105303000.0
2026-03-31 19:30:00;6518.9599609375;6530.35986328125;6518.6201171875;6526.56005859375;139883000.0
2026-03-31 19:45:00;6526.580078125;6539.0498046875;6518.18994140625;6528.64990234375;411762000.0
2026-04-01 13:30:00;6556.56005859375;6585.18017578125;6556.56005859375;6563.22998046875;129150321.0
2026-04-01 13:45:00;6563.31982421875;6571.85009765625;6554.2900390625;6567.43994140625;155203191.0
2026-04-01 14:00:00;6568.759765625;6576.35986328125;6564.580078125;6570.419921875;143421709.0
2026-04-01 14:15:00;6570.2998046875;6578.68994140625;6567.14013671875;6574.77978515625;122940743.0
2026-04-01 14:30:00;6574.77001953125;6584.9501953125;6561.64013671875;6580.56982421875;114983259.0
2026-04-01 14:45:00;6580.72021484375;6592.47021484375;6576.35009765625;6590.16015625;107423960.0
2026-04-01 15:00:00;6590.14990234375;6595.1201171875;6588.56005859375;6591.419921875;96352852.0
2026-04-01 15:15:00;6591.35009765625;6594.93017578125;6588.52001953125;6588.52001953125;93195000.0
2026-04-01 15:30:00;6588.490234375;6597.68017578125;6584.66015625;6597.52001953125;86450000.0
2026-04-01 15:45:00;6597.58984375;6605.8701171875;6595.4501953125;6603.35009765625;81259000.0
2026-04-01 16:00:00;6603.35009765625;6606.0;6600.06982421875;6600.77978515625;78434000.0
2026-04-01 16:15:00;6600.72021484375;6604.27978515625;6596.490234375;6596.81982421875;69418000.0
2026-04-01 16:30:00;6596.81982421875;6603.68017578125;6593.77978515625;6603.68017578125;67728000.0
2026-04-01 16:45:00;6603.66015625;6604.56982421875;6600.83984375;6603.14990234375;62920000.0
2026-04-01 17:00:00;6603.1201171875;6609.669921875;6602.27001953125;6608.580078125;64356000.0
2026-04-01 17:15:00;6608.509765625;6609.60986328125;6606.47998046875;6607.830078125;59271000.0
2026-04-01 17:30:00;6607.759765625;6609.02001953125;6602.31982421875;6603.18994140625;61014000.0
2026-04-01 17:45:00;6603.27978515625;6605.02978515625;6593.009765625;6593.009765625;61850000.0
2026-04-01 18:00:00;6592.97021484375;6593.7099609375;6581.7998046875;6583.990234375;82448000.0
2026-04-01 18:15:00;6583.91015625;6583.91015625;6563.830078125;6566.759765625;87534000.0
2026-04-01 18:30:00;6566.72998046875;6577.830078125;6561.3701171875;6572.39990234375;81187000.0
2026-04-01 18:45:00;6572.72021484375;6573.81005859375;6566.2001953125;6568.06982421875;71501000.0
2026-04-01 19:00:00;6568.080078125;6577.9599609375;6567.2900390625;6576.31005859375;81667000.0
2026-04-01 19:15:00;6576.27001953125;6587.60009765625;6574.64013671875;6585.7001953125;96310000.0
2026-04-01 19:30:00;6585.72021484375;6591.3701171875;6581.22021484375;6586.27001953125;123638000.0
2026-04-01 19:45:00;6586.2998046875;6587.60986328125;6572.5498046875;6575.080078125;337091000.0
2026-04-02 13:30:00;6512.60986328125;6512.60986328125;6474.93994140625;6479.89013671875;94914324.0
2026-04-02 13:45:00;6480.06982421875;6522.240234375;6477.83984375;6520.6201171875;129944220.0
2026-04-02 14:00:00;6521.18994140625;6527.60009765625;6510.2900390625;6520.4501953125;119202858.0
2026-04-02 14:15:00;6520.5400390625;6533.9501953125;6520.0400390625;6527.8701171875;97913845.0
2026-04-02 14:30:00;6527.83984375;6601.91015625;6526.4501953125;6584.81982421875;147152602.0
2026-04-02 14:45:00;6584.27978515625;6585.85986328125;6558.64013671875;6578.72998046875;86235379.0
2026-04-02 15:00:00;6578.47998046875;6582.39990234375;6563.06005859375;6576.4501953125;85234820.0
2026-04-02 15:15:00;6576.39990234375;6581.22021484375;6564.43994140625;6577.22998046875;75294966.0
2026-04-02 15:30:00;6577.16015625;6582.43994140625;6567.89990234375;6576.58984375;64658439.0
2026-04-02 15:45:00;6576.580078125;6576.580078125;6555.52001953125;6564.16015625;57313000.0
2026-04-02 16:00:00;6564.16015625;6570.02001953125;6553.18017578125;6558.3701171875;52614000.0
2026-04-02 16:15:00;6558.39990234375;6560.22021484375;6546.31005859375;6551.81005859375;54802000.0
2026-04-02 16:30:00;6551.75;6572.2099609375;6549.919921875;6566.64013671875;60506000.0
2026-04-02 16:45:00;6566.669921875;6569.2001953125;6560.080078125;6560.22021484375;45758000.0
2026-04-02 17:00:00;6560.169921875;6569.240234375;6555.14013671875;6567.43017578125;50207000.0
2026-04-02 17:15:00;6567.4501953125;6573.83984375;6567.16015625;6570.31982421875;45548000.0
2026-04-02 17:30:00;6570.35009765625;6570.93994140625;6562.5498046875;6566.14990234375;54869000.0
2026-04-02 17:45:00;6566.1298828125;6566.740234375;6550.7900390625;6556.2998046875;54037000.0
2026-04-02 18:00:00;6556.35009765625;6567.5;6556.35009765625;6562.68017578125;56025000.0
2026-04-02 18:15:00;6562.8798828125;6566.35986328125;6558.0400390625;6559.14990234375;49319000.0
2026-04-02 18:30:00;6559.1298828125;6568.89013671875;6558.7900390625;6567.3798828125;58855000.0
2026-04-02 18:45:00;6567.41015625;6573.66015625;6566.75;6568.77978515625;57724000.0
2026-04-02 19:00:00;6568.83984375;6576.240234375;6568.419921875;6571.43017578125;70878000.0
2026-04-02 19:15:00;6571.43017578125;6572.35986328125;6565.93017578125;6568.2900390625;78185000.0
2026-04-02 19:30:00;6568.14990234375;6573.66015625;6565.35986328125;6567.97021484375;89746000.0
2026-04-02 19:45:00;6568.0498046875;6584.35009765625;6566.18994140625;6581.56005859375;285883000.0
2026-04-06 13:30:00;6587.66015625;6602.169921875;6579.9501953125;6592.06982421875;80985051.0
2026-04-06 13:45:00;6591.89990234375;6608.10986328125;6591.6298828125;6608.10986328125;92758861.0
2026-04-06 14:00:00;6608.43017578125;6618.1298828125;6583.830078125;6603.6201171875;104978242.0
2026-04-06 14:15:00;6603.89013671875;6612.68017578125;6599.7998046875;6607.259765625;69455272.0
2026-04-06 14:30:00;6607.27978515625;6613.240234375;6592.02978515625;6600.2998046875;78346619.0
2026-04-06 14:45:00;6600.330078125;6602.2099609375;6589.990234375;6599.0498046875;61362045.0
2026-04-06 15:00:00;6598.990234375;6603.47998046875;6594.81005859375;6598.240234375;61176823.0
2026-04-06 15:15:00;6598.18017578125;6600.56982421875;6590.47998046875;6593.2900390625;53268969.0
2026-04-06 15:30:00;6593.14990234375;6594.9599609375;6587.4501953125;6594.85009765625;50484926.0
2026-04-06 15:45:00;6594.77001953125;6602.919921875;6593.3798828125;6602.52978515625;50003900.0
2026-04-06 16:00:00;6602.490234375;6603.66015625;6596.16015625;6599.7001953125;51472030.0
2026-04-06 16:15:00;6599.68994140625;6603.1298828125;6598.02001953125;6601.6201171875;47063477.0
2026-04-06 16:30:00;6601.669921875;6608.169921875;6599.89013671875;6606.5498046875;45157164.0
2026-04-06 16:45:00;6606.52978515625;6608.02978515625;6600.60009765625;6602.89990234375;46699221.0
2026-04-06 17:00:00;6602.97021484375;6603.41015625;6579.72021484375;6583.7001953125;56587314.0
2026-04-06 17:15:00;6583.759765625;6598.6201171875;6583.080078125;6597.8701171875;47373000.0
2026-04-06 17:30:00;6597.97021484375;6602.43994140625;6592.41015625;6594.91015625;51704000.0
2026-04-06 17:45:00;6594.81982421875;6594.81982421875;6588.31982421875;6588.89990234375;39307000.0
2026-04-06 18:00:00;6588.7998046875;6601.60009765625;6586.509765625;6596.72021484375;52642000.0
2026-04-06 18:15:00;6596.7001953125;6609.419921875;6596.6298828125;6606.43994140625;47359000.0
2026-04-06 18:30:00;6606.39013671875;6608.72998046875;6601.56005859375;6602.830078125;44258000.0
2026-04-06 18:45:00;6602.77001953125;6607.56982421875;6602.75;6607.0400390625;48383000.0
2026-04-06 19:00:00;6607.06982421875;6607.7998046875;6602.60986328125;6604.97021484375;63124000.0
2026-04-06 19:15:00;6605.08984375;6606.31982421875;6602.419921875;6602.77001953125;62068000.0
2026-04-06 19:30:00;6602.7900390625;6606.31005859375;6602.18017578125;6606.31005859375;83373000.0
2026-04-06 19:45:00;6606.27978515625;6612.490234375;6604.9501953125;6611.31005859375;255390000.0
2026-04-07 13:30:00;6601.93017578125;6601.93017578125;6572.8798828125;6573.91015625;86002932.0
2026-04-07 13:45:00;6574.0498046875;6582.35986328125;6564.60986328125;6564.75;106605835.0
2026-04-07 14:00:00;6565.02001953125;6565.830078125;6543.16015625;6551.35009765625;107444011.0
2026-04-07 14:15:00;6551.169921875;6570.080078125;6550.35009765625;6567.52978515625;84844262.0
2026-04-07 14:30:00;6567.56005859375;6575.580078125;6561.35986328125;6564.2998046875;78480147.0
2026-04-07 14:45:00;6564.509765625;6573.080078125;6549.68017578125;6549.68017578125;77023595.0
2026-04-07 15:00:00;6549.7099609375;6549.7099609375;6534.5498046875;6543.080078125;82911582.0
2026-04-07 15:15:00;6543.7099609375;6560.27001953125;6542.16015625;6555.490234375;77213267.0
2026-04-07 15:30:00;6555.52978515625;6560.27978515625;6550.0400390625;6550.47021484375;62958362.0
2026-04-07 15:45:00;6550.490234375;6565.1201171875;6550.18994140625;6561.330078125;60718212.0
2026-04-07 16:00:00;6561.39013671875;6592.330078125;6561.39013671875;6575.66015625;80015187.0
2026-04-07 16:15:00;6575.68017578125;6587.25;6572.97021484375;6583.5498046875;63696000.0
2026-04-07 16:30:00;6583.2099609375;6586.2998046875;6577.91015625;6583.8701171875;53391000.0
2026-04-07 16:45:00;6583.97998046875;6591.7001953125;6583.97998046875;6584.52001953125;55271000.0
2026-04-07 17:00:00;6584.47998046875;6591.8798828125;6582.35986328125;6586.919921875;54537000.0
2026-04-07 17:15:00;6586.7900390625;6587.7099609375;6579.10986328125;6581.47998046875;51279000.0
2026-04-07 17:30:00;6581.47998046875;6606.31982421875;6580.91015625;6591.6298828125;65263000.0
2026-04-07 17:45:00;6591.58984375;6596.10986328125;6588.31982421875;6590.93017578125;49889000.0
2026-04-07 18:00:00;6590.919921875;6592.919921875;6584.83984375;6588.22021484375;53749000.0
2026-04-07 18:15:00;6588.16015625;6592.490234375;6584.56005859375;6585.10986328125;49646000.0
2026-04-07 18:30:00;6585.14990234375;6586.580078125;6575.66015625;6578.5498046875;58958000.0
2026-04-07 18:45:00;6578.509765625;6578.56982421875;6558.33984375;6563.41015625;71942000.0
2026-04-07 19:00:00;6563.39990234375;6568.490234375;6557.89013671875;6568.10009765625;70167000.0
2026-04-07 19:15:00;6568.06005859375;6603.97998046875;6567.240234375;6590.27001953125;106694000.0
2026-04-07 19:30:00;6590.22021484375;6594.22998046875;6582.580078125;6591.41015625;104319000.0
2026-04-07 19:45:00;6591.25;6618.259765625;6588.3701171875;6617.919921875;313008000.0
2026-04-08 13:30:00;6754.35986328125;6793.5;6754.35986328125;6776.5498046875;170317452.0
2026-04-08 13:45:00;6775.85986328125;6787.93994140625;6763.97021484375;6773.2900390625;186325200.0
2026-04-08 14:00:00;6770.10009765625;6775.580078125;6765.52001953125;6773.18994140625;149309077.0
2026-04-08 14:15:00;6773.14013671875;6775.89990234375;6765.08984375;6765.14013671875;117056123.0
2026-04-08 14:30:00;6765.14013671875;6767.22021484375;6756.1201171875;6757.89990234375;116354600.0
2026-04-08 14:45:00;6757.8701171875;6759.740234375;6740.27978515625;6752.4501953125;109470178.0
2026-04-08 15:00:00;6752.52978515625;6763.08984375;6749.0498046875;6755.7001953125;94755000.0
2026-04-08 15:15:00;6755.52978515625;6759.64013671875;6752.33984375;6754.58984375;92828000.0
2026-04-08 15:30:00;6754.43994140625;6767.06005859375;6754.35009765625;6766.009765625;82439000.0
2026-04-08 15:45:00;6766.14013671875;6774.9599609375;6766.14013671875;6773.0;74949000.0
2026-04-08 16:00:00;6772.990234375;6780.669921875;6772.97998046875;6773.47998046875;70822000.0
2026-04-08 16:15:00;6773.56005859375;6775.33984375;6769.39990234375;6774.5498046875;74752000.0
2026-04-08 16:30:00;6774.5498046875;6783.4501953125;6773.43994140625;6783.39990234375;69225000.0
2026-04-08 16:45:00;6783.33984375;6786.6298828125;6782.9599609375;6784.91015625;66607000.0
2026-04-08 17:00:00;6784.9501953125;6788.330078125;6781.77978515625;6782.97021484375;65033000.0
2026-04-08 17:15:00;6782.97021484375;6784.7099609375;6772.35986328125;6774.0498046875;65909000.0
2026-04-08 17:30:00;6774.009765625;6780.64990234375;6772.52001953125;6780.06982421875;71530000.0
2026-04-08 17:45:00;6780.14990234375;6782.1201171875;6778.4599609375;6781.830078125;61446000.0
2026-04-08 18:00:00;6781.85009765625;6788.91015625;6778.68017578125;6787.47021484375;71411000.0
2026-04-08 18:15:00;6787.43994140625;6790.08984375;6768.89013671875;6773.47021484375;84779000.0
2026-04-08 18:30:00;6773.43017578125;6777.259765625;6763.97021484375;6764.22021484375;68025000.0
2026-04-08 18:45:00;6764.2900390625;6767.2001953125;6753.14013671875;6753.97998046875;78413000.0
2026-04-08 19:00:00;6753.85009765625;6768.43994140625;6752.68017578125;6767.7900390625;89314000.0
2026-04-08 19:15:00;6767.83984375;6768.89990234375;6758.5;6759.7998046875;96131000.0
2026-04-08 19:30:00;6759.759765625;6774.0400390625;6759.56982421875;6770.93017578125;119339000.0
2026-04-08 19:45:00;6770.990234375;6783.64990234375;6770.64990234375;6783.47998046875;344945000.0
2026-04-09 13:30:00;6783.68994140625;6783.68994140625;6768.56005859375;6780.27978515625;92767803.0
2026-04-09 13:45:00;6780.509765625;6781.6298828125;6771.02001953125;6776.669921875;128419432.0
2026-04-09 14:00:00;6777.02978515625;6781.009765625;6771.2900390625;6771.2900390625;115942542.0
2026-04-09 14:15:00;6771.2099609375;6771.2099609375;6763.1298828125;6765.169921875;92623777.0
2026-04-09 14:30:00;6766.58984375;6770.41015625;6761.5498046875;6767.3701171875;87785981.0
2026-04-09 14:45:00;6767.41015625;6777.990234375;6767.0498046875;6777.83984375;86257587.0
2026-04-09 15:00:00;6777.81005859375;6782.10009765625;6770.2001953125;6781.669921875;83439180.0
2026-04-09 15:15:00;6781.56005859375;6789.35009765625;6781.56005859375;6783.830078125;85295553.0
2026-04-09 15:30:00;6783.75;6803.6298828125;6781.7998046875;6799.6298828125;100613321.0
2026-04-09 15:45:00;6799.509765625;6813.259765625;6796.27001953125;6812.81005859375;82090987.0
2026-04-09 16:00:00;6812.9501953125;6830.93017578125;6812.93017578125;6819.72021484375;88308000.0
2026-04-09 16:15:00;6819.4501953125;6827.68017578125;6818.990234375;6823.330078125;65264000.0
2026-04-09 16:30:00;6823.330078125;6823.89013671875;6814.81982421875;6817.3701171875;59342000.0
2026-04-09 16:45:00;6817.3798828125;6824.4599609375;6813.75;6822.3701171875;64382000.0
2026-04-09 17:00:00;6822.41015625;6830.68017578125;6821.7001953125;6828.39990234375;59634000.0
2026-04-09 17:15:00;6828.4599609375;6833.64990234375;6827.08984375;6827.35986328125;57748000.0
2026-04-09 17:30:00;6827.330078125;6835.31005859375;6821.2001953125;6830.31982421875;63295000.0
2026-04-09 17:45:00;6830.31982421875;6833.06005859375;6827.7900390625;6829.47998046875;52226000.0
2026-04-09 18:00:00;6829.52001953125;6830.18017578125;6812.02001953125;6816.66015625;72284000.0
2026-04-09 18:15:00;6816.75;6819.5498046875;6810.77978515625;6813.10009765625;64008000.0
2026-04-09 18:30:00;6813.080078125;6817.830078125;6809.39990234375;6813.93994140625;59201000.0
2026-04-09 18:45:00;6813.9501953125;6817.169921875;6812.33984375;6815.81982421875;61699000.0
2026-04-09 19:00:00;6815.7998046875;6826.39013671875;6814.259765625;6824.52978515625;78573000.0
2026-04-09 19:15:00;6824.52978515625;6825.9599609375;6820.56982421875;6823.14990234375;89657000.0
2026-04-09 19:30:00;6823.2998046875;6830.509765625;6823.1298828125;6827.9501953125;114443000.0
2026-04-09 19:45:00;6827.8798828125;6830.35986328125;6823.27001953125;6823.93994140625;311397000.0
2026-04-10 13:30:00;6839.240234375;6845.77001953125;6828.330078125;6832.93994140625;95688283.0
2026-04-10 13:45:00;6833.0498046875;6834.60009765625;6824.89990234375;6832.7998046875;138484836.0
2026-04-10 14:00:00;6832.77001953125;6836.4599609375;6823.4599609375;6836.1298828125;106833269.0
2026-04-10 14:15:00;6836.2001953125;6839.81982421875;6833.419921875;6839.669921875;85695827.0
2026-04-10 14:30:00;6839.56982421875;6843.43017578125;6829.3798828125;6832.56982421875;112262449.0
2026-04-10 14:45:00;6832.580078125;6838.75;6830.35009765625;6837.39990234375;82807472.0
2026-04-10 15:00:00;6837.39990234375;6841.08984375;6832.52978515625;6840.06005859375;86678102.0
2026-04-10 15:15:00;6840.02978515625;6844.31982421875;6835.330078125;6835.830078125;82347278.0
2026-04-10 15:30:00;6835.72998046875;6837.56005859375;6824.7099609375;6828.35009765625;79805932.0
2026-04-10 15:45:00;6828.27978515625;6830.10009765625;6814.7001953125;6817.02001953125;66729901.0
2026-04-10 16:00:00;6817.27978515625;6824.10009765625;6814.4599609375;6822.58984375;59945000.0
2026-04-10 16:15:00;6822.64990234375;6824.5498046875;6818.2099609375;6818.97021484375;57236000.0
2026-04-10 16:30:00;6819.009765625;6820.35986328125;6809.0400390625;6810.02978515625;49442000.0
2026-04-10 16:45:00;6809.9501953125;6819.75;6809.83984375;6818.31005859375;55610000.0
2026-04-10 17:00:00;6818.31005859375;6818.330078125;6810.169921875;6814.5498046875;49026000.0
2026-04-10 17:15:00;6814.5498046875;6815.39990234375;6810.0498046875;6810.47998046875;53135000.0
2026-04-10 17:30:00;6810.5;6815.830078125;6808.4599609375;6815.2998046875;54584000.0
2026-04-10 17:45:00;6815.33984375;6818.93994140625;6814.9599609375;6818.31005859375;47295000.0
2026-04-10 18:00:00;6818.31005859375;6818.3701171875;6811.990234375;6815.25;65508000.0
2026-04-10 18:15:00;6815.2900390625;6820.2998046875;6815.2900390625;6817.41015625;58778000.0
2026-04-10 18:30:00;6817.3798828125;6817.97998046875;6812.5498046875;6814.85986328125;56983000.0
2026-04-10 18:45:00;6814.669921875;6817.16015625;6814.02978515625;6816.81982421875;58136000.0
2026-04-10 19:00:00;6816.81005859375;6823.419921875;6816.64013671875;6823.08984375;67861000.0
2026-04-10 19:15:00;6823.1201171875;6823.3798828125;6818.43017578125;6820.330078125;79051000.0
2026-04-10 19:30:00;6820.3701171875;6820.3701171875;6810.81982421875;6814.4599609375;109868000.0
2026-04-10 19:45:00;6814.490234375;6817.89990234375;6810.39013671875;6817.89990234375;309658000.0
2026-04-13 13:30:00;6806.47021484375;6806.47021484375;6790.419921875;6793.0400390625;86869050.0
2026-04-13 13:45:00;6793.02978515625;6820.1298828125;6790.02001953125;6820.08984375;105477783.0
2026-04-13 14:00:00;6820.77001953125;6823.14990234375;6812.56005859375;6814.60986328125;101162153.0
2026-04-13 14:15:00;6814.7001953125;6819.25;6808.740234375;6818.8701171875;76902378.0
2026-04-13 14:30:00;6819.02978515625;6824.27001953125;6816.93017578125;6823.72021484375;74343866.0
2026-04-13 14:45:00;6823.740234375;6830.41015625;6819.22021484375;6829.2998046875;84596525.0
2026-04-13 15:00:00;6829.22021484375;6829.22021484375;6820.81005859375;6824.1201171875;81058541.0
2026-04-13 15:15:00;6824.169921875;6825.7998046875;6818.89013671875;6819.64013671875;82496732.0
2026-04-13 15:30:00;6819.27978515625;6825.77001953125;6816.1201171875;6819.18994140625;75182070.0
2026-04-13 15:45:00;6819.2099609375;6820.0400390625;6817.009765625;6818.669921875;63009796.0
2026-04-13 16:00:00;6818.68994140625;6826.7998046875;6814.08984375;6822.8701171875;65084514.0
2026-04-13 16:15:00;6822.89013671875;6839.3798828125;6821.580078125;6837.97021484375;63988000.0
2026-04-13 16:30:00;6838.02001953125;6845.759765625;6831.27978515625;6839.77978515625;72138000.0
2026-04-13 16:45:00;6839.669921875;6851.7900390625;6839.14013671875;6847.06005859375;69474000.0
2026-04-13 17:00:00;6847.10986328125;6849.259765625;6844.83984375;6847.0400390625;57198000.0
2026-04-13 17:15:00;6846.97998046875;6851.2998046875;6846.64013671875;6848.9599609375;52723000.0
2026-04-13 17:30:00;6848.97021484375;6850.6298828125;6845.18017578125;6845.3798828125;61682000.0
2026-04-13 17:45:00;6845.39013671875;6846.9501953125;6842.580078125;6845.27978515625;54417000.0
2026-04-13 18:00:00;6845.259765625;6850.02978515625;6845.259765625;6849.60009765625;60637000.0
2026-04-13 18:15:00;6849.580078125;6850.1201171875;6846.35009765625;6847.35986328125;60232000.0
2026-04-13 18:30:00;6847.330078125;6851.9501953125;6846.64990234375;6851.7998046875;62719000.0
2026-04-13 18:45:00;6851.7998046875;6858.3701171875;6851.759765625;6856.990234375;63772000.0
2026-04-13 19:00:00;6857.009765625;6859.5;6854.52978515625;6855.740234375;70720000.0
2026-04-13 19:15:00;6855.669921875;6862.10986328125;6855.35009765625;6862.0;81820000.0
2026-04-13 19:30:00;6862.0;6868.580078125;6860.64990234375;6865.3798828125;112819000.0
2026-04-13 19:45:00;6865.39990234375;6887.0;6861.97021484375;6885.91015625;329745000.0
2026-04-14 13:30:00;6910.2001953125;6924.56005859375;6905.169921875;6923.330078125;125063444.0
2026-04-14 13:45:00;6923.14990234375;6923.27978515625;6918.35986328125;6919.25;129956944.0
2026-04-14 14:00:00;6919.080078125;6933.419921875;6918.81005859375;6933.240234375;110052925.0
2026-04-14 14:15:00;6933.240234375;6934.89013671875;6930.31005859375;6934.18994140625;113557324.0
2026-04-14 14:30:00;6934.27978515625;6937.89013671875;6930.43017578125;6932.68017578125;99958459.0
2026-04-14 14:45:00;6932.759765625;6940.97021484375;6932.60009765625;6940.22998046875;85801169.0
2026-04-14 15:00:00;6940.0498046875;6940.1201171875;6933.240234375;6934.02978515625;81247642.0
2026-04-14 15:15:00;6934.10986328125;6948.5498046875;6933.72021484375;6946.4599609375;77265488.0
2026-04-14 15:30:00;6946.5;6954.52001953125;6946.33984375;6952.6201171875;81320989.0
2026-04-14 15:45:00;6952.60009765625;6957.490234375;6952.56005859375;6952.9501953125;69498000.0
2026-04-14 16:00:00;6953.02001953125;6956.169921875;6952.27978515625;6954.580078125;59158000.0
2026-04-14 16:15:00;6954.56982421875;6961.509765625;6954.06005859375;6960.2998046875;56460000.0
2026-04-14 16:30:00;6960.31982421875;6961.72021484375;6956.43017578125;6959.240234375;62201000.0
2026-04-14 16:45:00;6959.41015625;6961.06005859375;6952.330078125;6953.6201171875;61391000.0
2026-04-14 17:00:00;6953.58984375;6957.7900390625;6953.580078125;6957.14990234375;54667000.0
2026-04-14 17:15:00;6957.1298828125;6964.14013671875;6956.72998046875;6961.47998046875;59081000.0
2026-04-14 17:30:00;6961.47998046875;6965.22998046875;6961.4501953125;6964.759765625;59693000.0
2026-04-14 17:45:00;6964.72998046875;6964.89990234375;6960.0;6961.5;53502000.0
2026-04-14 18:00:00;6961.4501953125;6963.08984375;6959.490234375;6959.89013671875;66528000.0
2026-04-14 18:15:00;6959.8701171875;6960.10009765625;6945.81005859375;6949.93994140625;64975000.0
2026-04-14 18:30:00;6949.93994140625;6955.580078125;6949.47998046875;6949.8798828125;59436000.0
2026-04-14 18:45:00;6949.89990234375;6951.64013671875;6947.509765625;6951.56005859375;59684000.0
2026-04-14 19:00:00;6951.5498046875;6961.5498046875;6950.93017578125;6959.4501953125;82201000.0
2026-04-14 19:15:00;6959.39990234375;6966.8701171875;6959.33984375;6966.66015625;77568000.0
2026-04-14 19:30:00;6966.47998046875;6969.419921875;6961.33984375;6964.27978515625;107589000.0
2026-04-14 19:45:00;6964.35986328125;6967.97021484375;6958.990234375;6966.77978515625;311971000.0
2026-04-15 13:30:00;6978.169921875;6988.22021484375;6967.1298828125;6967.1298828125;113200763.0
2026-04-15 13:45:00;6967.43994140625;6981.2099609375;6967.43994140625;6980.77001953125;130393702.0
2026-04-15 14:00:00;6981.4599609375;6983.16015625;6973.56982421875;6983.1298828125;113796236.0
2026-04-15 14:15:00;6983.2099609375;6992.8798828125;6982.02001953125;6992.7900390625;99373709.0
2026-04-15 14:30:00;6992.85009765625;6994.7001953125;6983.3798828125;6991.35986328125;96659112.0
2026-04-15 14:45:00;6991.419921875;6995.259765625;6990.39990234375;6991.72021484375;83568945.0
2026-04-15 15:00:00;6991.6298828125;6997.14013671875;6988.60986328125;6996.72021484375;90765664.0
2026-04-15 15:15:00;6996.85986328125;6999.83984375;6995.97021484375;6998.1201171875;85141770.0
2026-04-15 15:30:00;6997.9501953125;6999.4599609375;6992.5400390625;6998.419921875;81946585.0
2026-04-15 15:45:00;6998.2900390625;6999.5;6992.77001953125;6994.9599609375;78281000.0
2026-04-15 16:00:00;6993.580078125;6998.259765625;6992.22021484375;6997.91015625;66607000.0
2026-04-15 16:15:00;6997.85009765625;7001.919921875;6996.31982421875;6997.31005859375;68263000.0
2026-04-15 16:30:00;6997.330078125;6998.72998046875;6986.56982421875;6986.580078125;74663000.0
2026-04-15 16:45:00;6986.7001953125;6991.43017578125;6979.9599609375;6988.830078125;81746000.0
2026-04-15 17:00:00;6988.85986328125;6997.85986328125;6987.75;6995.3701171875;62559000.0
2026-04-15 17:15:00;6995.330078125;6999.52001953125;6994.580078125;6998.16015625;53025000.0
2026-04-15 17:30:00;6997.91015625;7003.81982421875;6996.6201171875;6997.89013671875;57977000.0
2026-04-15 17:45:00;6997.91015625;7002.41015625;6997.8798828125;6998.22021484375;56249000.0
2026-04-15 18:00:00;6998.240234375;7008.4501953125;6995.72021484375;7007.3798828125;73601000.0
2026-04-15 18:15:00;7007.33984375;7009.85986328125;7005.3701171875;7008.509765625;60511000.0
2026-04-15 18:30:00;7008.509765625;7015.509765625;7008.509765625;7012.43017578125;66777000.0
2026-04-15 18:45:00;7012.4501953125;7021.66015625;7012.4501953125;7020.39013671875;67339000.0
2026-04-15 19:00:00;7020.240234375;7023.35986328125;7017.580078125;7018.68994140625;78967000.0
2026-04-15 19:15:00;7018.4599609375;7024.2900390625;7017.669921875;7024.2099609375;82942000.0
2026-04-15 19:30:00;7024.14013671875;7025.10009765625;7016.490234375;7018.7900390625;118166000.0
2026-04-15 19:45:00;7018.83984375;7026.240234375;7017.10986328125;7022.10009765625;323798000.0
2026-04-15 20:00:00;7022.9501953125;7022.9501953125;7022.9501953125;7022.9501953125;0.0
2026-04-16 13:30:00;7037.77978515625;7040.02978515625;7025.27978515625;7032.93994140625;106163039.0
2026-04-16 13:45:00;7033.0;7033.18017578125;7008.52001953125;7018.56005859375;138712172.0
2026-04-16 14:00:00;7017.16015625;7025.66015625;7010.2998046875;7020.56005859375;121740894.0
2026-04-16 14:15:00;7020.58984375;7022.47998046875;7010.52001953125;7015.5498046875;86020632.0
2026-04-16 14:30:00;7015.490234375;7019.06982421875;7012.83984375;7019.06982421875;91373589.0
2026-04-16 14:45:00;7018.9599609375;7025.83984375;7018.10009765625;7024.02001953125;90486336.0
2026-04-16 15:00:00;7023.93994140625;7038.56005859375;7023.93994140625;7038.18994140625;87560786.0
2026-04-16 15:15:00;7038.2001953125;7043.66015625;7032.919921875;7033.2099609375;84858349.0
2026-04-16 15:30:00;7032.10009765625;7046.7001953125;7031.02001953125;7037.66015625;80871767.0
2026-04-16 15:45:00;7037.669921875;7046.85986328125;7034.2900390625;7046.60009765625;67116000.0
2026-04-16 16:00:00;7046.580078125;7049.14013671875;7045.08984375;7048.580078125;67398000.0
2026-04-16 16:15:00;7048.56982421875;7051.22998046875;7043.3798828125;7043.6298828125;64648000.0
2026-04-16 16:30:00;7043.68994140625;7044.14990234375;7026.509765625;7037.509765625;73052000.0
2026-04-16 16:45:00;7037.580078125;7040.16015625;7031.0498046875;7031.27978515625;56389000.0
2026-04-16 17:00:00;7031.47998046875;7032.0498046875;7024.25;7024.27978515625;60930000.0
2026-04-16 17:15:00;7024.25;7032.759765625;7022.39013671875;7030.75;57696000.0
2026-04-16 17:30:00;7030.77001953125;7038.2900390625;7029.740234375;7037.75;57747000.0
2026-04-16 17:45:00;7037.72021484375;7038.64013671875;7025.259765625;7029.89013671875;58072000.0
2026-04-16 18:00:00;7029.81005859375;7034.259765625;7023.0;7028.669921875;66691000.0
2026-04-16 18:15:00;7028.7099609375;7030.25;7018.259765625;7020.93994140625;62404000.0
2026-04-16 18:30:00;7020.990234375;7032.58984375;7020.990234375;7031.52001953125;66373000.0
2026-04-16 18:45:00;7031.5;7033.56982421875;7027.56982421875;7030.64013671875;62944000.0
2026-04-16 19:00:00;7030.60986328125;7035.10986328125;7029.85986328125;7031.2099609375;80730000.0
2026-04-16 19:15:00;7031.259765625;7035.31982421875;7031.259765625;7032.740234375;83953000.0
2026-04-16 19:30:00;7032.669921875;7039.4599609375;7032.0400390625;7036.68017578125;115942000.0
2026-04-16 19:45:00;7036.580078125;7042.83984375;7035.2001953125;7039.3701171875;319486000.0
2026-04-17 13:30:00;7074.5498046875;7100.1201171875;7074.5498046875;7095.6201171875;128910044.0
2026-04-17 13:45:00;7095.81982421875;7108.31982421875;7082.7001953125;7108.18994140625;160162714.0
2026-04-17 14:00:00;7108.240234375;7117.81982421875;7105.9599609375;7115.58984375;146809887.0
2026-04-17 14:15:00;7115.919921875;7118.0400390625;7109.68017578125;7116.27001953125;118657349.0
2026-04-17 14:30:00;7116.58984375;7134.06982421875;7116.58984375;7132.97021484375;124630965.0
2026-04-17 14:45:00;7133.0400390625;7136.8798828125;7126.35986328125;7129.14013671875;112075265.0
2026-04-17 15:00:00;7129.16015625;7135.41015625;7125.43017578125;7126.2900390625;108583000.0
2026-04-17 15:15:00;7126.27001953125;7131.33984375;7123.490234375;7130.009765625;94426000.0
2026-04-17 15:30:00;7130.0;7137.31982421875;7128.02978515625;7128.10986328125;85206000.0
2026-04-17 15:45:00;7128.10009765625;7137.22998046875;7128.10009765625;7131.10986328125;86351000.0
2026-04-17 16:00:00;7131.009765625;7140.10009765625;7129.2099609375;7137.77978515625;79684000.0
2026-04-17 16:15:00;7137.68994140625;7139.41015625;7133.43994140625;7138.89990234375;74848000.0
2026-04-17 16:30:00;7138.89013671875;7145.81005859375;7138.89013671875;7145.81005859375;70490000.0
2026-04-17 16:45:00;7145.740234375;7147.52001953125;7142.75;7143.27001953125;63478000.0
2026-04-17 17:00:00;7143.259765625;7145.5498046875;7132.35986328125;7136.2900390625;72508000.0
2026-04-17 17:15:00;7136.27001953125;7137.4599609375;7116.009765625;7122.85986328125;77823000.0
2026-04-17 17:30:00;7122.77001953125;7127.0498046875;7120.06982421875;7123.14013671875;66762000.0
2026-04-17 17:45:00;7123.080078125;7130.5400390625;7122.93994140625;7126.85009765625;61724000.0
2026-04-17 18:00:00;7126.830078125;7128.3798828125;7117.419921875;7118.14013671875;70515000.0
2026-04-17 18:15:00;7117.9599609375;7126.4501953125;7115.43017578125;7122.06982421875;67672000.0
2026-04-17 18:30:00;7121.990234375;7127.4599609375;7121.7998046875;7124.97998046875;65957000.0
2026-04-17 18:45:00;7124.97021484375;7125.66015625;7117.3798828125;7120.580078125;69811000.0
2026-04-17 19:00:00;7120.60009765625;7122.580078125;7114.0400390625;7115.41015625;77476000.0
2026-04-17 19:15:00;7115.39990234375;7119.7099609375;7115.06982421875;7116.58984375;89122000.0
2026-04-17 19:30:00;7116.509765625;7127.31982421875;7116.509765625;7126.72998046875;119000000.0
2026-04-17 19:45:00;7126.68994140625;7128.009765625;7120.8701171875;7125.1201171875;351147000.0
2026-04-20 13:30:00;7117.0498046875;7120.669921875;7105.64990234375;7111.33984375;92425338.0
2026-04-20 13:45:00;7111.4501953125;7122.64990234375;7108.18994140625;7121.56005859375;110528934.0
2026-04-20 14:00:00;7121.5498046875;7121.8701171875;7110.97021484375;7116.18994140625;96835528.0
2026-04-20 14:15:00;7116.259765625;7120.85986328125;7111.39990234375;7112.830078125;92278840.0
2026-04-20 14:30:00;7112.919921875;7113.5400390625;7102.580078125;7104.81005859375;78771618.0
2026-04-20 14:45:00;7104.72021484375;7110.89013671875;7089.669921875;7095.06005859375;92304145.0
2026-04-20 15:00:00;7095.0;7099.3798828125;7084.41015625;7090.64013671875;85080833.0
2026-04-20 15:15:00;7090.7900390625;7107.3701171875;7088.169921875;7107.3701171875;77598550.0
2026-04-20 15:30:00;7106.9599609375;7106.9599609375;7096.64990234375;7099.10986328125;66046899.0
2026-04-20 15:45:00;7099.2998046875;7102.06005859375;7095.18017578125;7099.72021484375;58857943.0
2026-04-20 16:00:00;7099.68017578125;7101.16015625;7094.60009765625;7099.830078125;52439433.0
2026-04-20 16:15:00;7099.8701171875;7101.83984375;7094.14013671875;7100.43017578125;50006000.0
2026-04-20 16:30:00;7100.39013671875;7104.58984375;7097.89013671875;7101.1298828125;47981000.0
2026-04-20 16:45:00;7101.14990234375;7102.3798828125;7098.3798828125;7100.240234375;48022000.0
2026-04-20 17:00:00;7100.10009765625;7104.5400390625;7096.8798828125;7104.2001953125;49216000.0
2026-04-20 17:15:00;7104.2099609375;7107.7998046875;7103.2900390625;7103.2900390625;51318000.0
2026-04-20 17:30:00;7103.330078125;7105.6298828125;7100.0498046875;7103.06982421875;56915000.0
2026-04-20 17:45:00;7103.080078125;7104.18017578125;7100.7001953125;7101.02001953125;47152000.0
2026-04-20 18:00:00;7101.06005859375;7106.02001953125;7099.35009765625;7105.8798828125;61435000.0
2026-04-20 18:15:00;7105.8798828125;7109.990234375;7105.080078125;7107.2099609375;58318000.0
2026-04-20 18:30:00;7107.240234375;7108.169921875;7102.72998046875;7105.4599609375;63740000.0
2026-04-20 18:45:00;7105.43994140625;7109.9599609375;7104.7099609375;7106.60986328125;61055000.0
2026-04-20 19:00:00;7106.6201171875;7109.18017578125;7105.8798828125;7108.47021484375;71935000.0
2026-04-20 19:15:00;7108.2099609375;7108.5498046875;7103.68017578125;7104.27978515625;74881000.0
2026-04-20 19:30:00;7104.31005859375;7105.43994140625;7100.0498046875;7100.490234375;105596000.0
2026-04-20 19:45:00;7100.43994140625;7110.3798828125;7099.72998046875;7110.3798828125;299262000.0
2026-04-21 13:30:00;7122.64013671875;7129.2900390625;7111.0498046875;7120.35986328125;91440297.0
2026-04-21 13:45:00;7120.39990234375;7133.2998046875;7117.72998046875;7131.64013671875;120927221.0
2026-04-21 14:00:00;7131.2998046875;7136.27978515625;7129.33984375;7134.2099609375;107471273.0
2026-04-21 14:15:00;7134.259765625;7137.27001953125;7125.68994140625;7129.41015625;92125191.0
2026-04-21 14:30:00;7129.419921875;7131.4501953125;7121.740234375;7123.259765625;91543930.0
2026-04-21 14:45:00;7123.27001953125;7123.52001953125;7098.31005859375;7099.0400390625;93687433.0
2026-04-21 15:00:00;7098.85986328125;7104.1201171875;7085.3798828125;7102.85986328125;103215288.0
2026-04-21 15:15:00;7102.81005859375;7105.22021484375;7087.18994140625;7090.35009765625;84172109.0
2026-04-21 15:30:00;7090.35009765625;7097.3798828125;7084.2998046875;7093.4501953125;65925741.0
2026-04-21 15:45:00;7093.47998046875;7097.5498046875;7088.5400390625;7091.0498046875;65669796.0
2026-04-21 16:00:00;7090.9599609375;7101.4501953125;7090.1298828125;7092.4501953125;70742000.0
2026-04-21 16:15:00;7092.52001953125;7095.580078125;7086.580078125;7087.10986328125;60611000.0
2026-04-21 16:30:00;7087.1298828125;7094.919921875;7081.02978515625;7082.2998046875;60799000.0
2026-04-21 16:45:00;7082.3701171875;7090.06005859375;7079.43994140625;7079.93994140625;54502000.0
2026-04-21 17:00:00;7079.81982421875;7086.8701171875;7067.47021484375;7070.72998046875;75308000.0
2026-04-21 17:15:00;7070.7099609375;7072.89013671875;7062.08984375;7069.77978515625;64999000.0
2026-04-21 17:30:00;7069.72998046875;7095.7900390625;7069.56982421875;7089.240234375;75406000.0
2026-04-21 17:45:00;7089.1298828125;7089.169921875;7077.08984375;7081.5498046875;53426000.0
2026-04-21 18:00:00;7081.47021484375;7087.81005859375;7078.58984375;7082.509765625;70172000.0
2026-04-21 18:15:00;7082.64990234375;7085.43994140625;7072.18017578125;7074.4501953125;62936000.0
2026-04-21 18:30:00;7074.35986328125;7080.990234375;7074.35986328125;7078.31005859375;56229000.0
2026-04-21 18:45:00;7078.2998046875;7091.1298828125;7073.85009765625;7087.39013671875;72727000.0
2026-04-21 19:00:00;7087.27978515625;7096.2099609375;7087.16015625;7089.35986328125;74441000.0
2026-04-21 19:15:00;7089.4501953125;7101.35009765625;7087.85009765625;7101.10009765625;84913000.0
2026-04-21 19:30:00;7101.080078125;7102.4501953125;7050.2001953125;7054.10986328125;138108000.0
2026-04-21 19:45:00;7054.6201171875;7069.93017578125;7054.47021484375;7064.31005859375;324985000.0
2026-04-21 20:00:00;7064.009765625;7064.009765625;7064.009765625;7064.009765625;0.0
2026-04-22 13:30:00;7102.91015625;7117.31982421875;7102.91015625;7110.89013671875;93476303.0
2026-04-22 13:45:00;7110.85986328125;7118.41015625;7106.39013671875;7117.2998046875;120792146.0
2026-04-22 14:00:00;7117.509765625;7124.919921875;7111.89013671875;7124.8798828125;113514167.0
2026-04-22 14:15:00;7124.759765625;7130.4599609375;7124.759765625;7129.0400390625;102938767.0
2026-04-22 14:30:00;7129.1201171875;7130.43994140625;7118.93994140625;7120.93017578125;101412512.0
2026-04-22 14:45:00;7121.080078125;7127.68017578125;7119.14013671875;7124.47998046875;78567679.0
2026-04-22 15:00:00;7124.419921875;7125.97998046875;7117.1298828125;7122.39990234375;72824266.0
2026-04-22 15:15:00;7122.68017578125;7128.81005859375;7119.66015625;7126.72021484375;72324537.0
2026-04-22 15:30:00;7126.509765625;7128.35009765625;7116.509765625;7116.580078125;72540523.0
2026-04-22 15:45:00;7116.580078125;7124.490234375;7115.66015625;7120.41015625;61374645.0
2026-04-22 16:00:00;7120.509765625;7124.97021484375;7118.14013671875;7123.3798828125;57509000.0
2026-04-22 16:15:00;7123.41015625;7124.5400390625;7115.14990234375;7115.47021484375;56101000.0
2026-04-22 16:30:00;7115.509765625;7120.39990234375;7112.58984375;7115.1201171875;58821000.0
2026-04-22 16:45:00;7114.9501953125;7118.0498046875;7112.39990234375;7113.0;52150000.0
2026-04-22 17:00:00;7112.97021484375;7127.10986328125;7112.97021484375;7123.2099609375;62404000.0
2026-04-22 17:15:00;7123.240234375;7127.93994140625;7120.009765625;7124.169921875;52570000.0
2026-04-22 17:30:00;7124.10986328125;7127.27001953125;7123.08984375;7126.1298828125;53856000.0
2026-04-22 17:45:00;7126.16015625;7127.06005859375;7122.39990234375;7123.97998046875;55772000.0
2026-04-22 18:00:00;7124.0;7125.75;7122.93017578125;7123.81005859375;56386000.0
2026-04-22 18:15:00;7123.7900390625;7123.7900390625;7116.3798828125;7118.56005859375;58924000.0
2026-04-22 18:30:00;7118.5498046875;7123.60009765625;7117.97998046875;7122.93017578125;56151000.0
2026-04-22 18:45:00;7122.89013671875;7124.60009765625;7119.41015625;7120.58984375;65770000.0
2026-04-22 19:00:00;7120.7001953125;7124.14013671875;7116.240234375;7123.72021484375;77543000.0
2026-04-22 19:15:00;7123.72998046875;7129.83984375;7123.64990234375;7128.93017578125;84090000.0
2026-04-22 19:30:00;7128.83984375;7129.830078125;7125.0400390625;7128.47021484375;113754000.0
2026-04-22 19:45:00;7128.47998046875;7138.64013671875;7127.7998046875;7137.1201171875;321412000.0
2026-04-23 13:30:00;7118.7998046875;7130.580078125;7116.1201171875;7129.89990234375;117768475.0
2026-04-23 13:45:00;7129.759765625;7136.83984375;7125.41015625;7125.77001953125;145029036.0
2026-04-23 14:00:00;7126.0498046875;7126.740234375;7115.89013671875;7124.75;136485863.0
2026-04-23 14:15:00;7124.7900390625;7133.0;7124.27001953125;7128.740234375;108738440.0
2026-04-23 14:30:00;7128.830078125;7135.6298828125;7128.2001953125;7133.68017578125;95125399.0
2026-04-23 14:45:00;7133.7099609375;7144.58984375;7133.39990234375;7141.64990234375;85194911.0
2026-04-23 15:00:00;7141.47021484375;7144.1298828125;7138.7900390625;7140.81982421875;88041033.0
2026-04-23 15:15:00;7140.7099609375;7147.080078125;7139.0498046875;7143.6201171875;84343234.0
2026-04-23 15:30:00;7143.60986328125;7147.77978515625;7139.25;7139.91015625;76090000.0
2026-04-23 15:45:00;7139.91015625;7140.0498046875;7130.89990234375;7135.35986328125;76268000.0
2026-04-23 16:00:00;7135.419921875;7136.240234375;7126.83984375;7133.22021484375;70871000.0
2026-04-23 16:15:00;7133.27978515625;7134.6298828125;7128.43994140625;7130.9501953125;64431000.0
2026-04-23 16:30:00;7131.02978515625;7136.009765625;7130.22021484375;7133.0;59921000.0
2026-04-23 16:45:00;7133.0;7135.759765625;7130.259765625;7132.35009765625;58653000.0
2026-04-23 17:00:00;7132.39013671875;7134.35986328125;7097.39990234375;7100.60986328125;92491000.0
2026-04-23 17:15:00;7100.75;7100.75;7083.43017578125;7084.35009765625;87055000.0
2026-04-23 17:30:00;7084.169921875;7099.68994140625;7057.08984375;7060.2001953125;92724000.0
2026-04-23 17:45:00;7060.06005859375;7092.60986328125;7046.5498046875;7090.5400390625;126067000.0
2026-04-23 18:00:00;7090.56982421875;7104.669921875;7087.06982421875;7101.3798828125;77710000.0
2026-04-23 18:15:00;7101.419921875;7109.47021484375;7101.0498046875;7109.06982421875;64749000.0
2026-04-23 18:30:00;7109.06982421875;7118.47021484375;7105.47021484375;7110.330078125;67071000.0
2026-04-23 18:45:00;7110.240234375;7110.2900390625;7092.14990234375;7094.77001953125;66371000.0
2026-04-23 19:00:00;7094.77978515625;7105.4599609375;7091.759765625;7105.39013671875;76314000.0
2026-04-23 19:15:00;7105.4599609375;7109.81005859375;7105.4599609375;7107.81982421875;86210000.0
2026-04-23 19:30:00;7107.919921875;7112.18994140625;7095.47021484375;7097.14990234375;113564000.0
2026-04-23 19:45:00;7096.89013671875;7112.14013671875;7090.3798828125;7108.0400390625;331346000.0
2026-04-24 13:30:00;7136.47998046875;7137.1201171875;7117.81982421875;7123.7001953125;119906216.0
2026-04-24 13:45:00;7123.89013671875;7128.7099609375;7112.81982421875;7123.4501953125;139339507.0
2026-04-24 14:00:00;7123.25;7129.990234375;7114.60986328125;7124.06005859375;132327627.0
2026-04-24 14:15:00;7123.97998046875;7130.0498046875;7118.27978515625;7121.080078125;100599233.0
2026-04-24 14:30:00;7121.5;7133.9599609375;7118.27001953125;7133.5400390625;103961032.0
2026-04-24 14:45:00;7133.58984375;7139.64990234375;7130.93994140625;7138.0498046875;108745431.0
2026-04-24 15:00:00;7137.91015625;7142.14013671875;7135.81982421875;7141.009765625;99624961.0
2026-04-24 15:15:00;7141.22021484375;7145.169921875;7138.81982421875;7142.31005859375;90992000.0
2026-04-24 15:30:00;7142.56005859375;7157.91015625;7139.7099609375;7156.18017578125;86801000.0
2026-04-24 15:45:00;7157.0498046875;7164.4501953125;7151.2900390625;7161.89990234375;99182000.0
2026-04-24 16:00:00;7161.8701171875;7163.43017578125;7154.58984375;7157.72021484375;76940000.0
2026-04-24 16:15:00;7157.68017578125;7159.89990234375;7154.25;7156.56982421875;69822000.0
2026-04-24 16:30:00;7156.47021484375;7162.4599609375;7152.35986328125;7154.830078125;65684000.0
2026-04-24 16:45:00;7154.93994140625;7160.97998046875;7154.1298828125;7159.93017578125;62095000.0
2026-04-24 17:00:00;7159.8701171875;7161.66015625;7156.66015625;7157.5400390625;66489000.0
2026-04-24 17:15:00;7157.5400390625;7157.72021484375;7150.3798828125;7153.8798828125;64374000.0
2026-04-24 17:30:00;7153.83984375;7159.3798828125;7151.47021484375;7159.27001953125;60990000.0
2026-04-24 17:45:00;7159.22021484375;7167.22998046875;7157.7998046875;7160.580078125;62822000.0
2026-04-24 18:00:00;7160.580078125;7161.47998046875;7156.68017578125;7158.64013671875;63739000.0
2026-04-24 18:15:00;7158.7001953125;7159.490234375;7153.52001953125;7153.9501953125;61267000.0
2026-04-24 18:30:00;7153.8798828125;7160.10986328125;7153.6201171875;7157.33984375;62783000.0
2026-04-24 18:45:00;7157.41015625;7159.77001953125;7155.31005859375;7159.60986328125;67938000.0
2026-04-24 19:00:00;7159.580078125;7167.52978515625;7159.580078125;7166.490234375;79799000.0
2026-04-24 19:15:00;7166.33984375;7168.58984375;7159.5;7161.68017578125;85265000.0
2026-04-24 19:30:00;7161.52001953125;7163.10986328125;7158.3798828125;7161.64013671875;117370000.0
2026-04-24 19:45:00;7161.56005859375;7167.66015625;7159.0;7164.2900390625;344685000.0
2026-04-27 13:30:00;7152.72021484375;7167.7001953125;7151.83984375;7160.25;109426266.0
2026-04-27 13:45:00;7160.39013671875;7166.7099609375;7148.419921875;7164.93017578125;153277702.0
2026-04-27 14:00:00;7163.8701171875;7165.81005859375;7157.7998046875;7162.18017578125;115530548.0
2026-04-27 14:15:00;7162.18017578125;7162.509765625;7156.509765625;7157.5498046875;99987747.0
2026-04-27 14:30:00;7157.35986328125;7166.97021484375;7153.740234375;7163.490234375;98832368.0
2026-04-27 14:45:00;7163.58984375;7163.9501953125;7156.81005859375;7159.97021484375;78965863.0
2026-04-27 15:00:00;7160.14013671875;7161.43994140625;7151.169921875;7152.16015625;75485831.0
2026-04-27 15:15:00;7152.27978515625;7155.5498046875;7146.72021484375;7152.9599609375;71735258.0
2026-04-27 15:30:00;7153.02001953125;7157.1201171875;7151.1298828125;7155.9599609375;68424550.0
2026-04-27 15:45:00;7155.97021484375;7157.9599609375;7153.85009765625;7157.14013671875;63198000.0
2026-04-27 16:00:00;7157.77978515625;7163.6201171875;7155.39013671875;7163.08984375;64846000.0
2026-04-27 16:15:00;7163.10986328125;7164.68017578125;7160.72021484375;7162.419921875;54681000.0
2026-04-27 16:30:00;7162.5;7167.509765625;7162.5;7165.14013671875;67020000.0
2026-04-27 16:45:00;7165.14013671875;7167.02001953125;7162.1298828125;7165.330078125;59037000.0
2026-04-27 17:00:00;7165.39013671875;7167.6201171875;7164.52001953125;7167.47021484375;61091000.0
2026-04-27 17:15:00;7167.47021484375;7170.33984375;7162.68017578125;7169.81005859375;60243000.0
2026-04-27 17:30:00;7169.669921875;7175.83984375;7169.39013671875;7171.89990234375;70501000.0
2026-04-27 17:45:00;7172.08984375;7174.06005859375;7170.1201171875;7172.60986328125;59037000.0
2026-04-27 18:00:00;7172.490234375;7174.7998046875;7171.1298828125;7174.5400390625;59600000.0
2026-04-27 18:15:00;7174.330078125;7176.1201171875;7173.5;7174.6201171875;56291000.0
2026-04-27 18:30:00;7174.6201171875;7175.919921875;7172.39013671875;7172.72021484375;62122000.0
2026-04-27 18:45:00;7172.740234375;7175.009765625;7170.7001953125;7172.259765625;67605000.0
2026-04-27 19:00:00;7172.10009765625;7174.52001953125;7170.60986328125;7173.31005859375;76200000.0
2026-04-27 19:15:00;7173.2998046875;7175.77978515625;7173.169921875;7174.7900390625;93020000.0
2026-04-27 19:30:00;7174.85986328125;7176.27978515625;7172.27978515625;7175.080078125;113263000.0
2026-04-27 19:45:00;7175.080078125;7178.740234375;7173.31982421875;7174.009765625;323301000.0
2026-04-27 20:00:00;7173.91015625;7173.91015625;7173.91015625;7173.91015625;0.0
2026-04-28 13:30:00;7133.740234375;7152.52001953125;7129.35986328125;7147.58984375;110476942.0
2026-04-28 13:45:00;7147.31005859375;7148.97021484375;7132.52001953125;7139.4501953125;129269504.0
2026-04-28 14:00:00;7138.72021484375;7146.3798828125;7134.85009765625;7139.93017578125;117245912.0
2026-04-28 14:15:00;7139.93994140625;7141.47998046875;7133.14990234375;7135.1298828125;111507937.0
2026-04-28 14:30:00;7135.18017578125;7138.330078125;7118.97021484375;7127.60986328125;115136646.0
2026-04-28 14:45:00;7127.6201171875;7128.93994140625;7115.169921875;7127.990234375;110496593.0
2026-04-28 15:00:00;7128.18994140625;7133.5498046875;7121.9501953125;7130.10009765625;90835694.0
2026-04-28 15:15:00;7129.89990234375;7130.7998046875;7120.97998046875;7122.06982421875;73738514.0
2026-04-28 15:30:00;7122.16015625;7124.56982421875;7117.5400390625;7120.97998046875;70296000.0
2026-04-28 15:45:00;7120.9501953125;7122.9599609375;7116.93994140625;7122.7099609375;62282000.0
2026-04-28 16:00:00;7122.77001953125;7127.759765625;7121.06982421875;7127.6298828125;61981000.0
2026-04-28 16:15:00;7127.740234375;7129.1201171875;7124.4501953125;7126.72998046875;55800000.0
2026-04-28 16:30:00;7126.81005859375;7128.0400390625;7117.5;7118.64013671875;56664000.0
2026-04-28 16:45:00;7118.6298828125;7126.93994140625;7117.85986328125;7124.830078125;57285000.0
2026-04-28 17:00:00;7124.7900390625;7126.39990234375;7117.72021484375;7122.7001953125;53346000.0
2026-04-28 17:15:00;7122.75;7126.58984375;7118.97021484375;7124.7099609375;53551000.0
2026-04-28 17:30:00;7124.7099609375;7132.7998046875;7124.7099609375;7130.85986328125;58602000.0
2026-04-28 17:45:00;7130.830078125;7134.39990234375;7129.3701171875;7133.56982421875;57800000.0
2026-04-28 18:00:00;7133.60986328125;7134.669921875;7130.81005859375;7133.93017578125;62899000.0
2026-04-28 18:15:00;7133.85009765625;7139.22021484375;7133.77978515625;7137.2001953125;65644000.0
2026-04-28 18:30:00;7137.080078125;7137.31005859375;7131.830078125;7137.31005859375;65457000.0
2026-04-28 18:45:00;7137.31982421875;7139.3701171875;7135.8701171875;7138.68017578125;62276000.0
2026-04-28 19:00:00;7138.7001953125;7144.9599609375;7137.830078125;7142.39013671875;74711000.0
2026-04-28 19:15:00;7142.47021484375;7142.5498046875;7137.6201171875;7139.22021484375;90368000.0
2026-04-28 19:30:00;7139.39013671875;7141.1201171875;7135.43017578125;7139.3701171875;108855000.0
2026-04-28 19:45:00;7139.43017578125;7142.83984375;7137.1201171875;7139.240234375;314848000.0
2026-04-29 13:30:00;7131.60986328125;7135.75;7122.9599609375;7123.60009765625;107385992.0
2026-04-29 13:45:00;7123.490234375;7133.18994140625;7119.5400390625;7131.93017578125;137732275.0
2026-04-29 14:00:00;7131.9599609375;7136.18994140625;7125.6298828125;7135.66015625;130201488.0
2026-04-29 14:15:00;7135.7001953125;7140.60986328125;7132.330078125;7138.31982421875;113904608.0
2026-04-29 14:30:00;7138.35986328125;7145.6298828125;7136.009765625;7142.31005859375;108251576.0
2026-04-29 14:45:00;7142.25;7143.06982421875;7137.009765625;7137.759765625;95550922.0
2026-04-29 15:00:00;7137.990234375;7138.39013671875;7124.759765625;7125.5498046875;95868449.0
2026-04-29 15:15:00;7125.47021484375;7134.0498046875;7124.25;7132.56982421875;83087705.0
2026-04-29 15:30:00;7132.33984375;7134.4501953125;7127.25;7128.919921875;79181000.0
2026-04-29 15:45:00;7128.8701171875;7133.2099609375;7115.990234375;7123.58984375;81291000.0
2026-04-29 16:00:00;7123.64013671875;7130.22998046875;7122.72021484375;7125.85986328125;69353000.0
2026-04-29 16:15:00;7125.669921875;7128.2099609375;7120.16015625;7120.56005859375;66361000.0
2026-04-29 16:30:00;7120.490234375;7121.85986328125;7112.669921875;7120.669921875;71922000.0
2026-04-29 16:45:00;7120.68994140625;7123.2001953125;7117.27001953125;7119.5400390625;59678000.0
2026-04-29 17:00:00;7119.6201171875;7121.72021484375;7115.81982421875;7119.68017578125;56514000.0
2026-04-29 17:15:00;7119.60986328125;7123.919921875;7117.68994140625;7121.9501953125;54666000.0
2026-04-29 17:30:00;7122.1201171875;7125.35986328125;7121.22021484375;7123.47021484375;65896000.0
2026-04-29 17:45:00;7123.56005859375;7130.35986328125;7122.759765625;7128.72998046875;63981000.0
2026-04-29 18:00:00;7128.7900390625;7129.47021484375;7108.2099609375;7114.06982421875;80026000.0
2026-04-29 18:15:00;7113.9599609375;7122.02001953125;7113.169921875;7115.81005859375;79513000.0
2026-04-29 18:30:00;7115.740234375;7124.16015625;7109.9501953125;7110.0400390625;84659000.0
2026-04-29 18:45:00;7110.16015625;7129.52001953125;7107.85986328125;7129.10009765625;86760000.0
2026-04-29 19:00:00;7128.97998046875;7136.0498046875;7123.5;7135.85986328125;93316000.0
2026-04-29 19:15:00;7135.740234375;7138.60009765625;7132.009765625;7132.18994140625;105714000.0
2026-04-29 19:30:00;7131.97021484375;7133.52001953125;7124.16015625;7128.4501953125;135827000.0
2026-04-29 19:45:00;7128.5498046875;7137.56005859375;7127.2998046875;7137.56005859375;370453000.0
2026-04-30 13:30:00;7161.75;7170.52001953125;7136.509765625;7152.52978515625;126185003.0
2026-04-30 13:45:00;7152.43017578125;7154.9501953125;7130.330078125;7135.830078125;158253248.0
2026-04-30 14:00:00;7136.14990234375;7144.93994140625;7129.72998046875;7138.169921875;149430831.0
2026-04-30 14:15:00;7138.1298828125;7146.0;7126.14990234375;7142.47998046875;142334118.0
2026-04-30 14:30:00;7142.18017578125;7150.2998046875;7134.22998046875;7144.89013671875;134767003.0
2026-04-30 14:45:00;7144.7998046875;7164.89013671875;7144.7998046875;7162.18994140625;105255604.0
2026-04-30 15:00:00;7162.08984375;7168.75;7158.14013671875;7166.669921875;105601000.0
2026-04-30 15:15:00;7166.97998046875;7168.919921875;7161.4501953125;7167.52001953125;95341000.0
2026-04-30 15:30:00;7167.1201171875;7172.3701171875;7160.2998046875;7162.35986328125;87910000.0
2026-04-30 15:45:00;7161.75;7173.06982421875;7157.2900390625;7168.7099609375;77348000.0
2026-04-30 16:00:00;7168.58984375;7176.91015625;7163.7900390625;7176.60986328125;71993000.0
2026-04-30 16:15:00;7176.60986328125;7177.06982421875;7170.4599609375;7174.669921875;68163000.0
2026-04-30 16:30:00;7174.56005859375;7176.14013671875;7169.97998046875;7170.2099609375;72134000.0
2026-04-30 16:45:00;7170.2099609375;7171.3701171875;7162.16015625;7166.08984375;68804000.0
2026-04-30 17:00:00;7166.2099609375;7179.41015625;7166.169921875;7178.68994140625;70825000.0
2026-04-30 17:15:00;7178.6201171875;7181.39013671875;7174.83984375;7181.3701171875;65470000.0
2026-04-30 17:30:00;7181.240234375;7189.43994140625;7181.1201171875;7187.0498046875;72277000.0
2026-04-30 17:45:00;7186.9501953125;7194.64990234375;7186.9501953125;7194.06005859375;65067000.0
2026-04-30 18:00:00;7194.080078125;7202.22998046875;7193.6201171875;7201.669921875;81163000.0
2026-04-30 18:15:00;7201.7001953125;7204.77001953125;7199.75;7202.43017578125;72029000.0
2026-04-30 18:30:00;7202.39990234375;7209.9599609375;7202.240234375;7209.2099609375;79805000.0
2026-04-30 18:45:00;7209.009765625;7210.8701171875;7206.0498046875;7206.93994140625;82821000.0
2026-04-30 19:00:00;7206.91015625;7216.669921875;7205.72998046875;7216.509765625;92383000.0
2026-04-30 19:15:00;7216.419921875;7217.18994140625;7213.52001953125;7214.14990234375;103334000.0
2026-04-30 19:30:00;7214.22998046875;7217.27001953125;7210.8701171875;7216.8798828125;136734000.0
2026-04-30 19:45:00;7216.9501953125;7219.830078125;7209.6298828125;7209.6298828125;433993000.0
2026-05-01 13:30:00;7234.5400390625;7251.009765625;7232.75;7249.31005859375;106594709.0
2026-05-01 13:45:00;7249.10009765625;7265.080078125;7241.77978515625;7265.080078125;134973878.0
2026-05-01 14:00:00;7265.759765625;7270.18994140625;7261.81005859375;7267.8798828125;131971500.0
2026-05-01 14:15:00;7267.77978515625;7272.52001953125;7264.7998046875;7265.93017578125;105198967.0
2026-05-01 14:30:00;7265.85009765625;7265.89013671875;7246.02001953125;7252.72021484375;109034980.0
2026-05-01 14:45:00;7252.830078125;7257.490234375;7250.35009765625;7250.89013671875;89519151.0
2026-05-01 15:00:00;7250.77001953125;7253.56005859375;7244.5;7253.47998046875;80514939.0
2026-05-01 15:15:00;7253.60986328125;7257.35009765625;7251.8701171875;7256.6298828125;77946181.0
2026-05-01 15:30:00;7256.47998046875;7263.72021484375;7255.68017578125;7263.580078125;72743814.0
2026-05-01 15:45:00;7263.41015625;7267.080078125;7252.10986328125;7257.2900390625;80325000.0
2026-05-01 16:00:00;7257.47021484375;7258.8798828125;7247.31982421875;7248.31005859375;66757000.0
2026-05-01 16:15:00;7248.14990234375;7255.22998046875;7243.02978515625;7245.52978515625;73900000.0
2026-05-01 16:30:00;7245.35986328125;7246.31982421875;7240.31005859375;7240.66015625;58931000.0
2026-05-01 16:45:00;7240.4501953125;7246.56982421875;7237.91015625;7242.31005859375;57015000.0
2026-05-01 17:00:00;7242.27978515625;7247.89990234375;7242.16015625;7247.8701171875;52362000.0
2026-05-01 17:15:00;7247.7998046875;7253.080078125;7247.08984375;7253.080078125;55496000.0
2026-05-01 17:30:00;7253.1201171875;7254.27978515625;7249.509765625;7252.10986328125;56632000.0
2026-05-01 17:45:00;7252.169921875;7255.1201171875;7250.740234375;7251.41015625;55135000.0
2026-05-01 18:00:00;7251.25;7252.3701171875;7241.41015625;7241.4501953125;69472000.0
2026-05-01 18:15:00;7241.5400390625;7245.0498046875;7238.35009765625;7245.0498046875;63523000.0
2026-05-01 18:30:00;7244.919921875;7245.02001953125;7234.52978515625;7235.490234375;63082000.0
2026-05-01 18:45:00;7235.4501953125;7236.18017578125;7231.39013671875;7234.8701171875;67683000.0
2026-05-01 19:00:00;7234.81982421875;7244.27001953125;7234.10009765625;7243.8798828125;76725000.0
2026-05-01 19:15:00;7243.85009765625;7248.97021484375;7243.06982421875;7247.5498046875;90878000.0
2026-05-01 19:30:00;7247.47998046875;7247.97021484375;7243.27001953125;7244.39990234375;111666000.0
2026-05-01 19:45:00;7244.5;7244.9599609375;7229.31982421875;7229.31982421875;324269000.0
2026-05-04 13:30:00;7228.3798828125;7228.3798828125;7214.77001953125;7222.43994140625;105242478.0
2026-05-04 13:45:00;7222.97998046875;7231.7001953125;7221.5;7231.7001953125;130727856.0
2026-05-04 14:00:00;7230.9599609375;7235.759765625;7222.7998046875;7233.5498046875;106396536.0
2026-05-04 14:15:00;7233.68017578125;7240.7900390625;7232.740234375;7234.72998046875;103697535.0
2026-05-04 14:30:00;7234.669921875;7244.5400390625;7234.2001953125;7242.93017578125;89683288.0
2026-05-04 14:45:00;7243.02001953125;7244.4501953125;7231.89990234375;7232.31005859375;81052995.0
2026-05-04 15:00:00;7232.3798828125;7237.35986328125;7223.22021484375;7225.31005859375;77129284.0
2026-05-04 15:15:00;7225.52001953125;7227.52001953125;7197.7900390625;7206.77001953125;100170360.0
2026-05-04 15:30:00;7206.60986328125;7207.72998046875;7195.4501953125;7205.830078125;87560692.0
2026-05-04 15:45:00;7205.81982421875;7205.81982421875;7193.0400390625;7198.8701171875;74216000.0
2026-05-04 16:00:00;7198.77978515625;7199.93017578125;7174.1201171875;7182.509765625;80035000.0
2026-05-04 16:15:00;7182.330078125;7199.97998046875;7177.58984375;7192.52978515625;69278000.0
2026-05-04 16:30:00;7192.58984375;7198.77978515625;7189.39013671875;7192.31005859375;61705000.0
2026-05-04 16:45:00;7192.25;7192.990234375;7186.77978515625;7188.4501953125;61405000.0
2026-05-04 17:00:00;7188.35986328125;7198.740234375;7188.08984375;7197.4599609375;56683000.0
2026-05-04 17:15:00;7197.31982421875;7208.7099609375;7195.7998046875;7207.8798828125;69843000.0
2026-05-04 17:30:00;7207.990234375;7208.35986328125;7199.43017578125;7205.0;55618000.0
2026-05-04 17:45:00;7205.02978515625;7209.080078125;7203.66015625;7206.08984375;52851000.0
2026-05-04 18:00:00;7206.06982421875;7212.7998046875;7206.0400390625;7207.25;62737000.0
2026-05-04 18:15:00;7207.259765625;7207.580078125;7195.39990234375;7200.60986328125;55130000.0
2026-05-04 18:30:00;7200.4599609375;7201.2099609375;7193.240234375;7193.43017578125;53784000.0
2026-05-04 18:45:00;7193.52978515625;7199.16015625;7191.16015625;7198.06982421875;69679000.0
2026-05-04 19:00:00;7197.9599609375;7204.14013671875;7194.22998046875;7203.419921875;74816000.0
2026-05-04 19:15:00;7203.4599609375;7204.81005859375;7198.43017578125;7200.3701171875;85712000.0
2026-05-04 19:30:00;7200.35009765625;7205.27978515625;7199.91015625;7200.9599609375;109225000.0
2026-05-04 19:45:00;7200.75;7204.14990234375;7196.22998046875;7201.4599609375;309470000.0
2026-05-05 13:30:00;7233.6201171875;7249.509765625;7233.6201171875;7245.10009765625;121440195.0
2026-05-05 13:45:00;7245.52978515625;7252.0400390625;7245.0498046875;7248.5498046875;136497974.0
2026-05-05 14:00:00;7249.419921875;7257.0;7243.91015625;7246.43017578125;124151786.0
2026-05-05 14:15:00;7246.43994140625;7259.5400390625;7241.77001953125;7256.1298828125;122316759.0
2026-05-05 14:30:00;7256.08984375;7257.35986328125;7249.16015625;7250.6298828125;110550567.0
2026-05-05 14:45:00;7250.72021484375;7255.1201171875;7247.5498046875;7254.47021484375;90392078.0
2026-05-05 15:00:00;7254.27001953125;7259.85009765625;7253.64013671875;7259.6201171875;89442857.0
2026-05-05 15:15:00;7259.27978515625;7259.919921875;7254.10009765625;7257.52001953125;83711579.0
2026-05-05 15:30:00;7257.81005859375;7258.22998046875;7252.35986328125;7254.25;78173000.0
2026-05-05 15:45:00;7254.22021484375;7257.43017578125;7252.830078125;7253.580078125;70237000.0
2026-05-05 16:00:00;7253.740234375;7259.64013671875;7253.02001953125;7258.5;72169000.0
2026-05-05 16:15:00;7258.3798828125;7261.77978515625;7254.64013671875;7258.77001953125;72947000.0
2026-05-05 16:30:00;7258.669921875;7260.25;7255.7900390625;7257.58984375;71001000.0
2026-05-05 16:45:00;7257.6201171875;7261.080078125;7256.89990234375;7257.89990234375;56688000.0
2026-05-05 17:00:00;7257.830078125;7259.2900390625;7254.7099609375;7256.330078125;61931000.0
2026-05-05 17:15:00;7256.39013671875;7261.77001953125;7256.39013671875;7261.68017578125;59779000.0
2026-05-05 17:30:00;7261.64990234375;7263.47021484375;7259.7099609375;7261.919921875;58159000.0
2026-05-05 17:45:00;7261.9501953125;7264.7900390625;7261.6298828125;7263.0400390625;62122000.0
2026-05-05 18:00:00;7263.009765625;7269.39013671875;7262.64013671875;7269.06005859375;72343000.0
2026-05-05 18:15:00;7269.1201171875;7269.89990234375;7267.240234375;7267.990234375;61449000.0
2026-05-05 18:30:00;7267.85986328125;7268.6298828125;7264.39013671875;7266.169921875;69740000.0
2026-05-05 18:45:00;7266.06005859375;7267.7998046875;7263.9599609375;7266.06005859375;72502000.0
2026-05-05 19:00:00;7266.1201171875;7272.41015625;7266.080078125;7270.43994140625;85038000.0
2026-05-05 19:15:00;7270.3701171875;7273.259765625;7269.06982421875;7270.18017578125;95753000.0
2026-05-05 19:30:00;7270.10986328125;7271.43017578125;7267.77978515625;7270.4599609375;116280000.0
2026-05-05 19:45:00;7270.47021484375;7270.47021484375;7255.4599609375;7259.47021484375;334347000.0
2026-05-06 13:30:00;7294.14013671875;7319.35009765625;7294.14013671875;7315.27001953125;152514689.0
2026-05-06 13:45:00;7315.72998046875;7322.18994140625;7306.35009765625;7319.97021484375;172776657.0
2026-05-06 14:00:00;7321.009765625;7325.56005859375;7310.7900390625;7323.7900390625;159476579.0
2026-05-06 14:15:00;7323.9501953125;7330.8798828125;7319.14013671875;7322.580078125;143821726.0
2026-05-06 14:30:00;7322.56982421875;7341.830078125;7322.52978515625;7341.830078125;118077617.0
2026-05-06 14:45:00;7342.2998046875;7344.97021484375;7339.52001953125;7344.97021484375;104319000.0
2026-05-06 15:00:00;7344.8798828125;7348.35009765625;7337.1298828125;7340.33984375;107831000.0
2026-05-06 15:15:00;7340.43017578125;7347.5400390625;7339.39013671875;7344.1201171875;96397000.0
2026-05-06 15:30:00;7343.919921875;7345.6201171875;7333.41015625;7337.35986328125;89930000.0
2026-05-06 15:45:00;7337.35986328125;7343.27001953125;7335.64013671875;7340.41015625;82137000.0
2026-05-06 16:00:00;7340.39990234375;7343.72998046875;7338.8701171875;7342.919921875;69332000.0
2026-05-06 16:15:00;7343.0400390625;7344.43017578125;7341.0400390625;7341.33984375;75143000.0
2026-05-06 16:30:00;7341.240234375;7342.2001953125;7338.4599609375;7339.43994140625;66389000.0
2026-05-06 16:45:00;7339.419921875;7340.0400390625;7329.35009765625;7333.81982421875;68059000.0
2026-05-06 17:00:00;7333.68017578125;7341.169921875;7330.6298828125;7339.3701171875;67193000.0
2026-05-06 17:15:00;7339.31005859375;7341.35009765625;7337.60986328125;7340.1298828125;61244000.0
2026-05-06 17:30:00;7340.02978515625;7342.8701171875;7339.2001953125;7342.27001953125;64361000.0
2026-05-06 17:45:00;7342.22998046875;7344.7099609375;7341.419921875;7344.56005859375;61146000.0
2026-05-06 18:00:00;7344.56982421875;7348.93994140625;7344.1201171875;7348.18017578125;75723000.0
2026-05-06 18:15:00;7348.10009765625;7354.919921875;7348.10009765625;7353.7998046875;73218000.0
2026-05-06 18:30:00;7353.830078125;7357.56005859375;7351.91015625;7353.759765625;78704000.0
2026-05-06 18:45:00;7353.5;7354.56005859375;7350.5498046875;7352.56982421875;80909000.0
2026-05-06 19:00:00;7352.5400390625;7361.52978515625;7352.22998046875;7360.89990234375;97062000.0
2026-05-06 19:15:00;7361.1201171875;7363.39990234375;7359.4599609375;7362.02001953125;118131000.0
2026-05-06 19:30:00;7361.919921875;7363.4501953125;7358.759765625;7360.16015625;133944000.0
2026-05-06 19:45:00;7360.169921875;7369.22021484375;7359.39990234375;7363.68017578125;392294000.0
2026-05-07 13:30:00;7376.77978515625;7376.77978515625;7364.990234375;7366.18017578125;119887890.0
2026-05-07 13:45:00;7366.10986328125;7367.8701171875;7359.77001953125;7363.6298828125;154319961.0
2026-05-07 14:00:00;7364.5400390625;7373.64990234375;7363.56982421875;7369.7900390625;133648858.0
2026-05-07 14:15:00;7369.64013671875;7375.009765625;7366.14013671875;7369.60986328125;129677997.0
2026-05-07 14:30:00;7369.64990234375;7377.39990234375;7368.3701171875;7376.169921875;104234368.0
2026-05-07 14:45:00;7376.25;7385.02001953125;7374.52978515625;7384.77001953125;107120157.0
2026-05-07 15:00:00;7384.7001953125;7384.91015625;7375.66015625;7376.06982421875;107383005.0
2026-05-07 15:15:00;7376.10009765625;7379.990234375;7367.3798828125;7372.16015625;94564000.0
2026-05-07 15:30:00;7372.22021484375;7379.81982421875;7372.22021484375;7377.06005859375;83401000.0
2026-05-07 15:45:00;7376.9501953125;7377.8798828125;7361.47021484375;7363.22998046875;91221000.0
2026-05-07 16:00:00;7363.2099609375;7363.56982421875;7348.66015625;7350.16015625;90211000.0
2026-05-07 16:15:00;7350.2001953125;7357.43017578125;7339.830078125;7357.080078125;92355000.0
2026-05-07 16:30:00;7357.0;7361.81005859375;7348.509765625;7350.89013671875;81240000.0
2026-05-07 16:45:00;7350.97021484375;7351.77001953125;7339.27978515625;7343.8701171875;67227000.0
2026-05-07 17:00:00;7343.77001953125;7349.47998046875;7339.72021484375;7343.080078125;68194000.0
2026-05-07 17:15:00;7342.9501953125;7347.4599609375;7321.66015625;7329.740234375;90978000.0
2026-05-07 17:30:00;7329.83984375;7340.43994140625;7325.77978515625;7330.14990234375;73764000.0
2026-05-07 17:45:00;7330.22998046875;7341.10986328125;7324.66015625;7340.93017578125;67044000.0
2026-05-07 18:00:00;7340.759765625;7343.97998046875;7333.97021484375;7338.60986328125;74219000.0
2026-05-07 18:15:00;7338.83984375;7344.66015625;7334.6201171875;7335.93994140625;72462000.0
2026-05-07 18:30:00;7336.02001953125;7342.35986328125;7323.8798828125;7325.93017578125;71502000.0
2026-05-07 18:45:00;7325.89013671875;7334.4599609375;7321.25;7334.0400390625;78216000.0
2026-05-07 19:00:00;7334.18017578125;7337.830078125;7329.56005859375;7335.3798828125;85495000.0
2026-05-07 19:15:00;7335.2900390625;7335.990234375;7323.0400390625;7327.68994140625;101796000.0
2026-05-07 19:30:00;7327.7099609375;7337.56005859375;7326.89013671875;7335.14990234375;118079000.0
2026-05-07 19:45:00;7335.43994140625;7341.39013671875;7330.6298828125;7337.10986328125;376168000.0
2026-05-08 13:30:00;7362.97021484375;7377.759765625;7362.97021484375;7374.56005859375;113157280.0
2026-05-08 13:45:00;7375.72998046875;7389.4599609375;7375.72998046875;7389.4599609375;134945481.0
2026-05-08 14:00:00;7389.31005859375;7392.5;7384.18994140625;7390.22998046875;127218596.0
2026-05-08 14:15:00;7390.1201171875;7397.56005859375;7387.10986328125;7389.68994140625;110429506.0
2026-05-08 14:30:00;7389.7900390625;7394.3701171875;7382.72021484375;7394.31982421875;98441601.0
2026-05-08 14:45:00;7394.5;7397.3701171875;7392.39013671875;7393.740234375;89360625.0
2026-05-08 15:00:00;7393.419921875;7396.0;7386.9599609375;7387.81005859375;90793978.0
2026-05-08 15:15:00;7387.72998046875;7391.85986328125;7383.27978515625;7391.22998046875;77465871.0
2026-05-08 15:30:00;7391.27978515625;7396.0;7386.009765625;7390.14013671875;84437187.0
2026-05-08 15:45:00;7390.22998046875;7396.3798828125;7389.08984375;7390.97021484375;75402000.0
2026-05-08 16:00:00;7391.18994140625;7397.18994140625;7391.10986328125;7396.64990234375;64446000.0
2026-05-08 16:15:00;7396.43017578125;7400.08984375;7394.990234375;7397.56005859375;68460000.0
2026-05-08 16:30:00;7397.66015625;7398.75;7390.2099609375;7390.259765625;65879000.0
2026-05-08 16:45:00;7390.419921875;7395.759765625;7390.419921875;7391.5;88702000.0
2026-05-08 17:00:00;7391.4501953125;7398.10009765625;7390.56005859375;7394.64013671875;90390000.0
2026-05-08 17:15:00;7394.5400390625;7400.97998046875;7394.39013671875;7399.56982421875;76321000.0
2026-05-08 17:30:00;7399.68994140625;7401.009765625;7394.8798828125;7395.14013671875;69453000.0
2026-05-08 17:45:00;7395.14990234375;7398.02001953125;7392.93017578125;7394.31005859375;67862000.0
2026-05-08 18:00:00;7394.169921875;7401.5;7393.93994140625;7399.77978515625;73326000.0
2026-05-08 18:15:00;7399.9501953125;7401.41015625;7398.31005859375;7399.5;67121000.0
2026-05-08 18:30:00;7399.5;7401.35986328125;7394.759765625;7394.830078125;62960000.0
2026-05-08 18:45:00;7394.56005859375;7394.56005859375;7384.10009765625;7386.06005859375;79205000.0
2026-05-08 19:00:00;7385.990234375;7393.490234375;7385.990234375;7391.02001953125;86724000.0
2026-05-08 19:15:00;7391.009765625;7394.60986328125;7389.0;7389.0;98734000.0
2026-05-08 19:30:00;7389.0498046875;7396.25;7388.22998046875;7395.8798828125;122255000.0
2026-05-08 19:45:00;7395.9501953125;7398.89013671875;7394.2001953125;7397.43017578125;368211000.0
2026-05-11 13:30:00;7385.31005859375;7405.7900390625;7384.2001953125;7405.6298828125;124299414.0
2026-05-11 13:45:00;7405.669921875;7414.1201171875;7404.330078125;7407.83984375;142406929.0
2026-05-11 14:00:00;7409.27978515625;7412.2900390625;7406.35986328125;7412.2900390625;117379110.0
2026-05-11 14:15:00;7412.27978515625;7417.77978515625;7405.509765625;7405.77978515625;107255885.0
2026-05-11 14:30:00;7405.81005859375;7412.47021484375;7397.64013671875;7410.7900390625;109373319.0
2026-05-11 14:45:00;7410.97021484375;7421.10986328125;7408.75;7417.93017578125;104078052.0
2026-05-11 15:00:00;7418.02001953125;7418.9599609375;7412.14013671875;7412.56005859375;97707916.0
2026-05-11 15:15:00;7412.7900390625;7422.91015625;7411.4599609375;7422.6201171875;89518000.0
2026-05-11 15:30:00;7422.4501953125;7423.7001953125;7419.06982421875;7420.8701171875;87259000.0
2026-05-11 15:45:00;7420.89990234375;7425.0400390625;7418.68017578125;7423.93994140625;74062000.0
2026-05-11 16:00:00;7423.77978515625;7425.18017578125;7421.990234375;7422.89990234375;71930000.0
2026-05-11 16:15:00;7422.8701171875;7426.22998046875;7421.56005859375;7425.2998046875;68949000.0
2026-05-11 16:30:00;7425.330078125;7426.27001953125;7410.81005859375;7417.93017578125;81549000.0
2026-05-11 16:45:00;7417.830078125;7420.47998046875;7412.60986328125;7415.02978515625;75896000.0
2026-05-11 17:00:00;7414.93994140625;7418.35986328125;7411.419921875;7412.10009765625;73402000.0
2026-05-11 17:15:00;7412.10009765625;7420.419921875;7410.330078125;7419.56005859375;63580000.0
2026-05-11 17:30:00;7419.509765625;7427.919921875;7419.330078125;7427.8701171875;64832000.0
2026-05-11 17:45:00;7427.85009765625;7428.97021484375;7422.77001953125;7423.31005859375;66901000.0
2026-05-11 18:00:00;7423.4599609375;7428.39013671875;7423.39013671875;7425.22998046875;68440000.0
2026-05-11 18:15:00;7425.08984375;7426.509765625;7422.93994140625;7425.1201171875;69559000.0
2026-05-11 18:30:00;7425.14990234375;7425.169921875;7417.7900390625;7419.490234375;78339000.0
2026-05-11 18:45:00;7419.39013671875;7419.72021484375;7406.64990234375;7407.10986328125;83251000.0
2026-05-11 19:00:00;7406.990234375;7413.2900390625;7404.3798828125;7409.47998046875;85789000.0
2026-05-11 19:15:00;7409.490234375;7409.91015625;7403.3798828125;7406.64990234375;101020000.0
2026-05-11 19:30:00;7406.60986328125;7410.1298828125;7403.31982421875;7403.39990234375;120317000.0
2026-05-11 19:45:00;7403.39013671875;7412.9501953125;7402.75;7412.9501953125;331438000.0
2026-05-12 20:00:00;7400.9599609375;7400.9599609375;7400.9599609375;7400.9599609375;0.0
