model_name,asset_symbol,timestamp,predicted_value,real_value
CEEMDAN_LSTM,BTC-USD,2026-06-03 12:45:00,0.0028133497,0.0027406544
CEEMDAN_LSTM,BTC-USD,2026-06-03 13:00:00,0.0027956439,0.0027409787
CEEMDAN_LSTM,BTC-USD,2026-06-03 13:15:00,0.0027930345,0.0027515627
CEEMDAN_LSTM,BTC-USD,2026-06-03 13:30:00,0.0028075112,0.0027516147
CEEMDAN_LSTM,BTC-USD,2026-06-03 13:45:00,0.0028254506,0.0027549907
CEEMDAN_LSTM,BTC-USD,2026-06-03 14:00:00,0.0028302162,0.0027550135
CEEMDAN_LSTM,BTC-USD,2026-06-03 14:15:00,0.0028267838,0.002755396
CEEMDAN_LSTM,BTC-USD,2026-06-03 14:30:00,0.0028276055,0.0027491162
CEEMDAN_LSTM,BTC-USD,2026-06-03 14:45:00,0.0028359147,0.002750433
CEEMDAN_LSTM,BTC-USD,2026-06-03 15:00:00,0.002821474,0.0027634369
CEEMDAN_LSTM,BTC-USD,2026-06-03 15:15:00,0.0028322677,0.0027606303
CEEMDAN_LSTM,BTC-USD,2026-06-03 15:30:00,0.0028261177,0.0027714418
CEEMDAN_LSTM,BTC-USD,2026-06-03 15:45:00,0.0028557277,0.0027771257
CEEMDAN_LSTM,BTC-USD,2026-06-03 16:00:00,0.002881305,0.0027683773
CEEMDAN_LSTM,BTC-USD,2026-06-03 16:15:00,0.0028777164,0.0028136466
CEEMDAN_LSTM,BTC-USD,2026-06-03 16:30:00,0.0028697627,0.0028318653
CEEMDAN_LSTM,BTC-USD,2026-06-03 16:45:00,0.0028594108,0.002832381
CEEMDAN_LSTM,BTC-USD,2026-06-03 17:00:00,0.0029077495,0.0028382416
CEEMDAN_LSTM,BTC-USD,2026-06-03 17:15:00,0.0029201275,0.002849988
CEEMDAN_LSTM,BTC-USD,2026-06-03 17:30:00,0.0029016726,0.0028456124
CEEMDAN_LSTM,BTC-USD,2026-06-03 17:45:00,0.0029148848,0.0028473076
CEEMDAN_LSTM,BTC-USD,2026-06-03 18:00:00,0.0029110974,0.0028454366
CEEMDAN_LSTM,BTC-USD,2026-06-03 18:15:00,0.002904801,0.0028450158
CEEMDAN_LSTM,BTC-USD,2026-06-03 18:30:00,0.0029039811,0.0028494203
CEEMDAN_LSTM,BTC-USD,2026-06-03 18:45:00,0.0028964633,0.0028490513
CEEMDAN_LSTM,BTC-USD,2026-06-03 19:00:00,0.0029235266,0.002847397
CEEMDAN_LSTM,BTC-USD,2026-06-03 19:15:00,0.0029348603,0.0028555992
CEEMDAN_LSTM,BTC-USD,2026-06-03 19:30:00,0.002934894,0.0028568034
CEEMDAN_LSTM,BTC-USD,2026-06-03 19:45:00,0.0029262665,0.0028689564
CEEMDAN_LSTM,BTC-USD,2026-06-03 20:00:00,0.0029688128,0.00287292
CEEMDAN_LSTM,BTC-USD,2026-06-03 20:15:00,0.0029622144,0.0028698933
CEEMDAN_LSTM,BTC-USD,2026-06-03 20:30:00,0.0029685486,0.002884658
CEEMDAN_LSTM,BTC-USD,2026-06-03 20:45:00,0.0029821328,0.0028887913
CEEMDAN_LSTM,BTC-USD,2026-06-03 21:00:00,0.003020852,0.0029185838
CEEMDAN_LSTM,BTC-USD,2026-06-03 21:15:00,0.003020338,0.0029209235
CEEMDAN_LSTM,BTC-USD,2026-06-03 21:30:00,0.0030267222,0.0029183761
CEEMDAN_LSTM,BTC-USD,2026-06-03 21:45:00,0.0030253492,0.0029269918
CEEMDAN_LSTM,BTC-USD,2026-06-03 22:00:00,0.0030260952,0.0029530742
CEEMDAN_LSTM,BTC-USD,2026-06-03 22:15:00,0.00306633,0.0029538975
CEEMDAN_LSTM,BTC-USD,2026-06-03 22:30:00,0.0030780542,0.002954742
CEEMDAN_LSTM,BTC-USD,2026-06-03 22:45:00,0.003097273,0.0029561685
CEEMDAN_LSTM,BTC-USD,2026-06-03 23:00:00,0.0031015635,0.0029677898
CEEMDAN_LSTM,BTC-USD,2026-06-03 23:15:00,0.0030992336,0.00296882
CEEMDAN_LSTM,BTC-USD,2026-06-03 23:30:00,0.0030919677,0.0029751172
CEEMDAN_LSTM,BTC-USD,2026-06-03 23:45:00,0.003090392,0.0029720059
CEEMDAN_LSTM,BTC-USD,2026-06-04 00:00:00,0.0031196373,0.002977646
CEEMDAN_LSTM,BTC-USD,2026-06-04 00:15:00,0.0031347177,0.003082326
CEEMDAN_LSTM,BTC-USD,2026-06-04 00:30:00,0.003153921,0.0030868168
CEEMDAN_LSTM,BTC-USD,2026-06-04 00:45:00,0.0031052458,0.0030951356
CEEMDAN_LSTM,BTC-USD,2026-06-04 01:00:00,0.0031789558,0.0031005023
CEEMDAN_LSTM,BTC-USD,2026-06-04 01:15:00,0.0032148242,0.0031217912
CEEMDAN_LSTM,BTC-USD,2026-06-04 01:30:00,0.0031730866,0.0031264878
CEEMDAN_LSTM,BTC-USD,2026-06-04 01:45:00,0.003157801,0.0031917046
CEEMDAN_LSTM,BTC-USD,2026-06-04 02:00:00,0.0032188282,0.003204288
CEEMDAN_LSTM,BTC-USD,2026-06-04 02:15:00,0.00320029,0.0032673401
CEEMDAN_LSTM,BTC-USD,2026-06-04 02:30:00,0.0031885798,0.003296396
CEEMDAN_LSTM,BTC-USD,2026-06-04 02:45:00,0.0032370875,0.0032963015
CEEMDAN_LSTM,BTC-USD,2026-06-04 03:00:00,0.0033082054,0.0033683577
CEEMDAN_LSTM,BTC-USD,2026-06-04 03:15:00,0.0033127712,0.0033637106
CEEMDAN_LSTM,BTC-USD,2026-06-04 03:30:00,0.003360332,0.0033982832
CEEMDAN_LSTM,BTC-USD,2026-06-04 03:45:00,0.0033554402,0.0033982205
CEEMDAN_LSTM,BTC-USD,2026-06-04 04:00:00,0.0033745125,0.0033958706
CEEMDAN_LSTM,BTC-USD,2026-06-04 04:15:00,0.0033778476,0.0033959176
CEEMDAN_LSTM,BTC-USD,2026-06-04 04:30:00,0.0033870623,0.0033926677
CEEMDAN_LSTM,BTC-USD,2026-06-04 04:45:00,0.0034033025,0.0033896563
CEEMDAN_LSTM,BTC-USD,2026-06-04 05:00:00,0.0033989118,0.0034138688
CEEMDAN_LSTM,BTC-USD,2026-06-04 05:15:00,0.0033959197,0.003413257
CEEMDAN_LSTM,BTC-USD,2026-06-04 05:30:00,0.003409096,0.0034428637
CEEMDAN_LSTM,BTC-USD,2026-06-04 05:45:00,0.0034199613,0.003454598
CEEMDAN_LSTM,BTC-USD,2026-06-04 06:00:00,0.0034661598,0.0034695242
CEEMDAN_LSTM,BTC-USD,2026-06-04 06:15:00,0.003462083,0.0034511113
CEEMDAN_LSTM,BTC-USD,2026-06-04 06:30:00,0.0034747375,0.0034470307
CEEMDAN_LSTM,BTC-USD,2026-06-04 06:45:00,0.0034707033,0.0034565825
CEEMDAN_LSTM,BTC-USD,2026-06-04 07:00:00,0.0034644639,0.0034564044
CEEMDAN_LSTM,BTC-USD,2026-06-04 07:15:00,0.0034638138,0.003451098
CEEMDAN_LSTM,BTC-USD,2026-06-04 07:30:00,0.0034708458,0.0034508647
CEEMDAN_LSTM,BTC-USD,2026-06-04 07:45:00,0.0034750397,0.0034554815
CEEMDAN_LSTM,BTC-USD,2026-06-04 08:00:00,0.0035027857,0.003461214
CEEMDAN_LSTM,BTC-USD,2026-06-04 08:15:00,0.0034886305,0.0034596764
CEEMDAN_LSTM,BTC-USD,2026-06-04 08:30:00,0.0034554743,0.0034597109
CEEMDAN_LSTM,BTC-USD,2026-06-04 08:45:00,0.0034617926,0.0034670061
CEEMDAN_LSTM,BTC-USD,2026-06-04 09:00:00,0.0034683314,0.003473692
CEEMDAN_LSTM,BTC-USD,2026-06-04 09:15:00,0.0034717934,0.003500946
CEEMDAN_LSTM,BTC-USD,2026-06-04 09:30:00,0.0034743636,0.0035015526
CEEMDAN_LSTM,BTC-USD,2026-06-04 09:45:00,0.0034832868,0.0035238185
CEEMDAN_LSTM,BTC-USD,2026-06-04 10:00:00,0.0034735533,0.0035428628
CEEMDAN_LSTM,BTC-USD,2026-06-04 10:15:00,0.0034931817,0.0035523062
CEEMDAN_LSTM,BTC-USD,2026-06-04 10:30:00,0.0035093615,0.0035609747
CEEMDAN_LSTM,BTC-USD,2026-06-04 10:45:00,0.0035007927,0.0035704728
CEEMDAN_LSTM,BTC-USD,2026-06-04 11:00:00,0.0035173506,0.0035725604
CEEMDAN_LSTM,BTC-USD,2026-06-04 11:15:00,0.0035347657,0.0035913077
CEEMDAN_LSTM,BTC-USD,2026-06-04 11:30:00,0.0035177262,0.0036060777
CEEMDAN_LSTM,BTC-USD,2026-06-04 11:45:00,0.0035290613,0.0036194965
CEEMDAN_LSTM,BTC-USD,2026-06-04 12:00:00,0.0035210163,0.003615669
CEEMDAN_LSTM,BTC-USD,2026-06-04 12:15:00,0.003546327,0.0036911527
CEEMDAN_LSTM,BTC-USD,2026-06-04 12:30:00,0.0035512333,0.0037069996
CEEMDAN_LSTM,BTC-USD,2026-06-04 12:45:00,0.0035884606,0.0037129258
CEEMDAN_LSTM,BTC-USD,2026-06-04 13:00:00,0.003619116,0.003715529
CEEMDAN_LSTM,BTC-USD,2026-06-04 13:15:00,0.0036451148,0.0037180283
CEEMDAN_LSTM,BTC-USD,2026-06-04 13:30:00,0.0036848795,0.003766154
CEEMDAN_LSTM,BTC-USD,2026-06-04 13:45:00,0.003678148,0.0037823021
CEEMDAN_LSTM,BTC-USD,2026-06-04 14:00:00,0.003667344,0.0037877082
CEEMDAN_LSTM,BTC-USD,2026-06-04 14:15:00,0.0036688065,0.0037922694
CEEMDAN_LSTM,BTC-USD,2026-06-04 14:30:00,0.0036946784,0.0037850938
CEEMDAN_LSTM,BTC-USD,2026-06-04 14:45:00,0.0037278964,0.0037845296
CEEMDAN_LSTM,BTC-USD,2026-06-04 15:00:00,0.0037333402,0.0038075638
CEEMDAN_LSTM,BTC-USD,2026-06-04 15:15:00,0.003687576,0.0038253462
CEEMDAN_LSTM,BTC-USD,2026-06-04 15:30:00,0.0036969134,0.003826975
CEEMDAN_LSTM,BTC-USD,2026-06-04 15:45:00,0.0037276323,0.0038256578
CEEMDAN_LSTM,BTC-USD,2026-06-04 16:00:00,0.0037380739,0.003829322
CEEMDAN_LSTM,BTC-USD,2026-06-04 16:15:00,0.0037472765,0.0038275567
CEEMDAN_LSTM,BTC-USD,2026-06-04 16:30:00,0.003747052,0.0038261088
CEEMDAN_LSTM,BTC-USD,2026-06-04 16:45:00,0.0037333642,0.003824489
CEEMDAN_LSTM,BTC-USD,2026-06-04 17:00:00,0.0037380499,0.0038138276
CEEMDAN_LSTM,BTC-USD,2026-06-04 17:15:00,0.0037323944,0.0038034357
CEEMDAN_LSTM,BTC-USD,2026-06-04 17:30:00,0.0037344773,0.0038030713
CEEMDAN_LSTM,BTC-USD,2026-06-04 17:45:00,0.0037399963,0.003830014
CEEMDAN_LSTM,BTC-USD,2026-06-04 18:00:00,0.0037188525,0.003845349
CEEMDAN_LSTM,BTC-USD,2026-06-04 18:15:00,0.0037526696,0.003917345
CEEMDAN_LSTM,BTC-USD,2026-06-04 18:30:00,0.0037544833,0.0039176196
CEEMDAN_LSTM,BTC-USD,2026-06-04 18:45:00,0.0038025365,0.003918601
CEEMDAN_LSTM,BTC-USD,2026-06-04 19:00:00,0.003859123,0.0039172517
CEEMDAN_LSTM,BTC-USD,2026-06-04 19:15:00,0.0038484724,0.003921353
CEEMDAN_LSTM,BTC-USD,2026-06-04 19:30:00,0.003792727,0.003933075
CEEMDAN_LSTM,BTC-USD,2026-06-04 19:45:00,0.0037913984,0.003932298
CEEMDAN_LSTM,BTC-USD,2026-06-04 20:00:00,0.0038259085,0.0039328206
CEEMDAN_LSTM,BTC-USD,2026-06-04 20:15:00,0.0038492063,0.0039325166
CEEMDAN_LSTM,BTC-USD,2026-06-04 20:30:00,0.0038533683,0.003940841
CEEMDAN_LSTM,BTC-USD,2026-06-04 20:45:00,0.0038311088,0.003936549
CEEMDAN_LSTM,BTC-USD,2026-06-04 21:00:00,0.0038264962,0.0039399588
CEEMDAN_LSTM,BTC-USD,2026-06-04 21:15:00,0.0038219546,0.003948045
CEEMDAN_LSTM,BTC-USD,2026-06-04 21:30:00,0.003823981,0.0039474145
CEEMDAN_LSTM,BTC-USD,2026-06-04 21:45:00,0.0038168551,0.003950949
CEEMDAN_LSTM,BTC-USD,2026-06-04 22:00:00,0.003831412,0.0039510713
CEEMDAN_LSTM,BTC-USD,2026-06-04 22:15:00,0.0038464132,0.0039508925
CEEMDAN_LSTM,BTC-USD,2026-06-04 22:30:00,0.0038383184,0.003944359
CEEMDAN_LSTM,BTC-USD,2026-06-04 22:45:00,0.0038114465,0.0039513838
CEEMDAN_LSTM,BTC-USD,2026-06-04 23:00:00,0.0037845278,0.003952686
CEEMDAN_LSTM,BTC-USD,2026-06-04 23:15:00,0.0038024394,0.0039543477
CEEMDAN_LSTM,BTC-USD,2026-06-04 23:30:00,0.003843571,0.0039659804
CEEMDAN_LSTM,BTC-USD,2026-06-04 23:45:00,0.003846848,0.003968504
CEEMDAN_LSTM,BTC-USD,2026-06-05 00:00:00,0.0038314678,0.003967678
CEEMDAN_LSTM,BTC-USD,2026-06-05 00:15:00,0.003834647,0.0039740275
CEEMDAN_LSTM,BTC-USD,2026-06-05 00:30:00,0.003823107,0.003976627
CEEMDAN_LSTM,BTC-USD,2026-06-05 00:45:00,0.003837368,0.0039839176
CEEMDAN_LSTM,BTC-USD,2026-06-05 01:00:00,0.0038668043,0.003977709
CEEMDAN_LSTM,BTC-USD,2026-06-05 01:15:00,0.0038791965,0.0039777067
CEEMDAN_LSTM,BTC-USD,2026-06-05 01:30:00,0.0038668409,0.0039779134
CEEMDAN_LSTM,BTC-USD,2026-06-05 01:45:00,0.0038361873,0.0039733658
CEEMDAN_LSTM,BTC-USD,2026-06-05 02:00:00,0.0038229995,0.0039762123
CEEMDAN_LSTM,BTC-USD,2026-06-05 02:15:00,0.0038299968,0.004002147
CEEMDAN_LSTM,BTC-USD,2026-06-05 02:30:00,0.0038605528,0.004002795
CEEMDAN_LSTM,BTC-USD,2026-06-05 02:45:00,0.003877618,0.0040043877
CEEMDAN_LSTM,BTC-USD,2026-06-05 03:00:00,0.0038897314,0.0040092785
CEEMDAN_LSTM,BTC-USD,2026-06-05 03:15:00,0.0038966448,0.0040168334
CEEMDAN_LSTM,BTC-USD,2026-06-05 03:30:00,0.0038757008,0.004017837
CEEMDAN_LSTM,BTC-USD,2026-06-05 03:45:00,0.0038674315,0.0040163035
CEEMDAN_LSTM,BTC-USD,2026-06-05 04:00:00,0.0038738044,0.004018391
CEEMDAN_LSTM,BTC-USD,2026-06-05 04:15:00,0.0038669237,0.004033924
CEEMDAN_LSTM,BTC-USD,2026-06-05 04:30:00,0.0038311628,0.0040359455
CEEMDAN_LSTM,BTC-USD,2026-06-05 04:45:00,0.0038342432,0.004081166
CEEMDAN_LSTM,BTC-USD,2026-06-05 05:00:00,0.0038298534,0.0040827603
CEEMDAN_LSTM,BTC-USD,2026-06-05 05:15:00,0.0038985878,0.0040368373
CEEMDAN_LSTM,BTC-USD,2026-06-05 05:30:00,0.0039376006,0.0040803957
CEEMDAN_LSTM,BTC-USD,2026-06-05 05:45:00,0.0039271414,0.0041172095
CEEMDAN_LSTM,BTC-USD,2026-06-05 06:00:00,0.0039471206,0.004120898
CEEMDAN_LSTM,BTC-USD,2026-06-05 06:15:00,0.003988843,0.004128129
CEEMDAN_LSTM,BTC-USD,2026-06-05 06:30:00,0.0040262695,0.0041571497
CEEMDAN_LSTM,BTC-USD,2026-06-05 06:45:00,0.0040066685,0.0041612657
CEEMDAN_LSTM,BTC-USD,2026-06-05 07:00:00,0.00402558,0.0041411845
CEEMDAN_LSTM,BTC-USD,2026-06-05 07:15:00,0.0040696436,0.004216834
CEEMDAN_LSTM,BTC-USD,2026-06-05 07:30:00,0.004013099,0.004261588
CEEMDAN_LSTM,BTC-USD,2026-06-05 07:45:00,0.0040028915,0.0042654476
CEEMDAN_LSTM,BTC-USD,2026-06-05 08:00:00,0.004060582,0.004273547
CEEMDAN_LSTM,BTC-USD,2026-06-05 08:15:00,0.0040984885,0.004267252
CEEMDAN_LSTM,BTC-USD,2026-06-05 08:30:00,0.0040786094,0.004269537
CEEMDAN_LSTM,BTC-USD,2026-06-05 08:45:00,0.0040589264,0.0042701107
CEEMDAN_LSTM,BTC-USD,2026-06-05 09:00:00,0.004081369,0.004312353
CEEMDAN_LSTM,BTC-USD,2026-06-05 09:15:00,0.0041070147,0.0043055904
CEEMDAN_LSTM,BTC-USD,2026-06-05 09:30:00,0.0041599288,0.00431489
CEEMDAN_LSTM,BTC-USD,2026-06-05 09:45:00,0.0041889627,0.0043150214
CEEMDAN_LSTM,BTC-USD,2026-06-05 10:00:00,0.004133549,0.0043158014
CEEMDAN_LSTM,BTC-USD,2026-06-05 10:15:00,0.0041000834,0.004306853
CEEMDAN_LSTM,BTC-USD,2026-06-05 10:30:00,0.0041250833,0.0043082004
CEEMDAN_LSTM,BTC-USD,2026-06-05 10:45:00,0.004129762,0.0042945575
CEEMDAN_LSTM,BTC-USD,2026-06-05 11:00:00,0.004129698,0.004298881
CEEMDAN_LSTM,BTC-USD,2026-06-05 11:15:00,0.0041440334,0.0042849374
CEEMDAN_LSTM,BTC-USD,2026-06-05 11:30:00,0.0041307337,0.0042831223
CEEMDAN_LSTM,BTC-USD,2026-06-05 11:45:00,0.004123392,0.004274985
CEEMDAN_LSTM,BTC-USD,2026-06-05 12:00:00,0.0041062166,0.004278481
CEEMDAN_LSTM,BTC-USD,2026-06-05 12:15:00,0.004067207,0.0042606425
CEEMDAN_LSTM,BTC-USD,2026-06-05 12:30:00,0.0040656566,0.004263126
CEEMDAN_LSTM,BTC-USD,2026-06-05 12:45:00,0.004100725,0.004261626
CEEMDAN_LSTM,BTC-USD,2026-06-05 13:00:00,0.0041206353,0.004250666
CEEMDAN_LSTM,BTC-USD,2026-06-05 13:15:00,0.004108628,0.0042526424
CEEMDAN_LSTM,BTC-USD,2026-06-05 13:30:00,0.0040612575,0.0042506116
CEEMDAN_LSTM,BTC-USD,2026-06-05 13:45:00,0.004046116,0.0043634595
CEEMDAN_LSTM,BTC-USD,2026-06-05 14:00:00,0.004102843,0.00435367
CEEMDAN_LSTM,BTC-USD,2026-06-05 14:15:00,0.0041445927,0.0043724873
CEEMDAN_LSTM,BTC-USD,2026-06-05 14:30:00,0.004209577,0.0043871445
CEEMDAN_LSTM,BTC-USD,2026-06-05 14:45:00,0.004215274,0.0043871957
CEEMDAN_LSTM,BTC-USD,2026-06-05 15:00:00,0.004176351,0.004394655
CEEMDAN_LSTM,BTC-USD,2026-06-05 15:15:00,0.004172996,0.004400623
CEEMDAN_LSTM,BTC-USD,2026-06-05 15:30:00,0.0041514593,0.0044086888
CEEMDAN_LSTM,BTC-USD,2026-06-05 15:45:00,0.0041684946,0.0044091954
CEEMDAN_LSTM,BTC-USD,2026-06-05 16:00:00,0.004186553,0.0044344845
CEEMDAN_LSTM,BTC-USD,2026-06-05 16:15:00,0.004155632,0.0044300547
CEEMDAN_LSTM,BTC-USD,2026-06-05 16:30:00,0.004165166,0.004407989
CEEMDAN_LSTM,BTC-USD,2026-06-05 16:45:00,0.0041933553,0.0044316384
CEEMDAN_LSTM,BTC-USD,2026-06-05 17:00:00,0.0041316133,0.0044431007
CEEMDAN_LSTM,BTC-USD,2026-06-05 17:15:00,0.004143811,0.004455762
CEEMDAN_LSTM,BTC-USD,2026-06-05 17:30:00,0.0042177383,0.004455566
CEEMDAN_LSTM,BTC-USD,2026-06-05 17:45:00,0.0042398027,0.004455259
CEEMDAN_LSTM,BTC-USD,2026-06-05 18:00:00,0.004231062,0.004458317
CEEMDAN_LSTM,BTC-USD,2026-06-05 18:15:00,0.0042426065,0.0044700517
CEEMDAN_LSTM,BTC-USD,2026-06-05 18:30:00,0.0042737396,0.00446154
CEEMDAN_LSTM,BTC-USD,2026-06-05 18:45:00,0.0042825625,0.004496971
CEEMDAN_LSTM,BTC-USD,2026-06-05 19:00:00,0.0042920792,0.0044700303
CEEMDAN_LSTM,BTC-USD,2026-06-05 19:15:00,0.004298662,0.004493375
CEEMDAN_LSTM,BTC-USD,2026-06-05 19:30:00,0.0042719794,0.004493226
CEEMDAN_LSTM,BTC-USD,2026-06-05 19:45:00,0.0042934376,0.0045345062
CEEMDAN_LSTM,BTC-USD,2026-06-05 20:00:00,0.0042762533,0.004523914
CEEMDAN_LSTM,BTC-USD,2026-06-05 20:15:00,0.004230169,0.0045261746
CEEMDAN_LSTM,BTC-USD,2026-06-05 20:30:00,0.0042324173,0.0045413757
CEEMDAN_LSTM,BTC-USD,2026-06-05 20:45:00,0.0042298986,0.004550137
CEEMDAN_LSTM,BTC-USD,2026-06-05 21:00:00,0.0042168214,0.004554099
CEEMDAN_LSTM,BTC-USD,2026-06-05 21:15:00,0.004228129,0.0045609
CEEMDAN_LSTM,BTC-USD,2026-06-05 21:30:00,0.004284814,0.0045719426
CEEMDAN_LSTM,BTC-USD,2026-06-05 21:45:00,0.00431342,0.0045660813
CEEMDAN_LSTM,BTC-USD,2026-06-05 22:00:00,0.004347982,0.004572994
CEEMDAN_LSTM,BTC-USD,2026-06-05 22:15:00,0.004387749,0.004573127
CEEMDAN_LSTM,BTC-USD,2026-06-05 22:30:00,0.00437341,0.004583196
CEEMDAN_LSTM,BTC-USD,2026-06-05 22:45:00,0.0043276837,0.004585591
CEEMDAN_LSTM,BTC-USD,2026-06-05 23:00:00,0.004336177,0.004592
CEEMDAN_LSTM,BTC-USD,2026-06-05 23:15:00,0.004371921,0.004605647
CEEMDAN_LSTM,BTC-USD,2026-06-05 23:30:00,0.0043993928,0.004606151
CEEMDAN_LSTM,BTC-USD,2026-06-05 23:45:00,0.0044090967,0.00461377
CEEMDAN_LSTM,BTC-USD,2026-06-06 00:00:00,0.0043767635,0.0046311165
CEEMDAN_LSTM,BTC-USD,2026-06-06 00:15:00,0.0043238583,0.0046308558
CEEMDAN_LSTM,BTC-USD,2026-06-06 00:30:00,0.0043323687,0.004631232
CEEMDAN_LSTM,BTC-USD,2026-06-06 00:45:00,0.004357738,0.004619166
CEEMDAN_LSTM,BTC-USD,2026-06-06 01:00:00,0.0043431027,0.004614409
CEEMDAN_LSTM,BTC-USD,2026-06-06 01:15:00,0.0043345876,0.004617567
CEEMDAN_LSTM,BTC-USD,2026-06-06 01:30:00,0.0043360805,0.00462289
CEEMDAN_LSTM,BTC-USD,2026-06-06 01:45:00,0.0043690065,0.004622319
CEEMDAN_LSTM,BTC-USD,2026-06-06 02:00:00,0.0043881848,0.0046240916
CEEMDAN_LSTM,BTC-USD,2026-06-06 02:15:00,0.0043854048,0.004624233
CEEMDAN_LSTM,BTC-USD,2026-06-06 02:30:00,0.0043809465,0.0046244594
CEEMDAN_LSTM,BTC-USD,2026-06-06 02:45:00,0.0043681534,0.0046241484
CEEMDAN_LSTM,BTC-USD,2026-06-06 03:00:00,0.0043672225,0.0046239886
CEEMDAN_LSTM,BTC-USD,2026-06-06 03:15:00,0.004380793,0.0046235933
CEEMDAN_LSTM,BTC-USD,2026-06-06 03:30:00,0.0043869,0.004624262
CEEMDAN_LSTM,BTC-USD,2026-06-06 03:45:00,0.0043863393,0.004622284
CEEMDAN_LSTM,BTC-USD,2026-06-06 04:00:00,0.0043747476,0.004655481
CEEMDAN_LSTM,BTC-USD,2026-06-06 04:15:00,0.004391838,0.004650918
CEEMDAN_LSTM,BTC-USD,2026-06-06 04:30:00,0.0043894993,0.004653468
CEEMDAN_LSTM,BTC-USD,2026-06-06 04:45:00,0.0043862946,0.0046629943
CEEMDAN_LSTM,BTC-USD,2026-06-06 05:00:00,0.0044016987,0.004667068
CEEMDAN_LSTM,BTC-USD,2026-06-06 05:15:00,0.004454349,0.0047559324
CEEMDAN_LSTM,BTC-USD,2026-06-06 05:30:00,0.004432347,0.0047567785
CEEMDAN_LSTM,BTC-USD,2026-06-06 05:45:00,0.004470296,0.004757311
CEEMDAN_LSTM,BTC-USD,2026-06-06 06:00:00,0.0045270883,0.004753893
CEEMDAN_LSTM,BTC-USD,2026-06-06 06:15:00,0.004458628,0.004754413
CEEMDAN_LSTM,BTC-USD,2026-06-06 06:30:00,0.004400264,0.004752025
CEEMDAN_LSTM,BTC-USD,2026-06-06 06:45:00,0.004447199,0.004748448
CEEMDAN_LSTM,BTC-USD,2026-06-06 07:00:00,0.004512875,0.0047588567
CEEMDAN_LSTM,BTC-USD,2026-06-06 07:15:00,0.004515815,0.0047346456
CEEMDAN_LSTM,BTC-USD,2026-06-06 07:30:00,0.0045189904,0.0047272067
CEEMDAN_LSTM,BTC-USD,2026-06-06 07:45:00,0.0044877767,0.00472466
CEEMDAN_LSTM,BTC-USD,2026-06-06 08:00:00,0.0044430173,0.0047168043
CEEMDAN_LSTM,BTC-USD,2026-06-06 08:15:00,0.004430512,0.004720769
CEEMDAN_LSTM,BTC-USD,2026-06-06 08:30:00,0.0044101104,0.00471799
CEEMDAN_LSTM,BTC-USD,2026-06-06 08:45:00,0.0044092084,0.0047172215
CEEMDAN_LSTM,BTC-USD,2026-06-06 09:00:00,0.00442935,0.0047172266
CEEMDAN_LSTM,BTC-USD,2026-06-06 09:15:00,0.0044423025,0.004718352
CEEMDAN_LSTM,BTC-USD,2026-06-06 09:30:00,0.0044385353,0.0047203675
CEEMDAN_LSTM,BTC-USD,2026-06-06 09:45:00,0.0044496683,0.004721573
CEEMDAN_LSTM,BTC-USD,2026-06-06 10:00:00,0.004454982,0.004733949
CEEMDAN_LSTM,BTC-USD,2026-06-06 10:15:00,0.004464622,0.004726872
CEEMDAN_LSTM,BTC-USD,2026-06-06 10:30:00,0.0044740294,0.0047263657
CEEMDAN_LSTM,BTC-USD,2026-06-06 10:45:00,0.0044861343,0.004722877
CEEMDAN_LSTM,BTC-USD,2026-06-06 11:00:00,0.0044834623,0.004720961
CEEMDAN_LSTM,BTC-USD,2026-06-06 11:15:00,0.0044828737,0.0047247848
CEEMDAN_LSTM,BTC-USD,2026-06-06 11:30:00,0.00446918,0.0047142548
CEEMDAN_LSTM,BTC-USD,2026-06-06 11:45:00,0.0044500935,0.0047111665
CEEMDAN_LSTM,BTC-USD,2026-06-06 12:00:00,0.0044436087,0.004701228
CEEMDAN_LSTM,BTC-USD,2026-06-06 12:15:00,0.004425174,0.0047083963
CEEMDAN_LSTM,BTC-USD,2026-06-06 12:30:00,0.004436631,0.004709215
CEEMDAN_LSTM,BTC-USD,2026-06-06 12:45:00,0.0044356855,0.0047079846
CEEMDAN_LSTM,BTC-USD,2026-06-06 13:00:00,0.0044168443,0.0046908646
CEEMDAN_LSTM,BTC-USD,2026-06-06 13:15:00,0.0044358927,0.004690548
CEEMDAN_LSTM,BTC-USD,2026-06-06 13:30:00,0.004459776,0.0046900506
CEEMDAN_LSTM,BTC-USD,2026-06-06 13:45:00,0.0044435468,0.0046890215
CEEMDAN_LSTM,BTC-USD,2026-06-06 14:00:00,0.004436938,0.0046828757
CEEMDAN_LSTM,BTC-USD,2026-06-06 14:15:00,0.0044336137,0.004681727
CEEMDAN_LSTM,BTC-USD,2026-06-06 14:30:00,0.0044293394,0.0046774163
CEEMDAN_LSTM,BTC-USD,2026-06-06 14:45:00,0.0044185645,0.0046786354
CEEMDAN_LSTM,BTC-USD,2026-06-06 15:00:00,0.0044185785,0.0046781017
CEEMDAN_LSTM,BTC-USD,2026-06-06 15:15:00,0.0044359555,0.0046062106
CEEMDAN_LSTM,BTC-USD,2026-06-06 15:30:00,0.0044409106,0.004608708
CEEMDAN_LSTM,BTC-USD,2026-06-06 15:45:00,0.0043781996,0.0046023913
CEEMDAN_LSTM,BTC-USD,2026-06-06 16:00:00,0.004340017,0.004597468
CEEMDAN_LSTM,BTC-USD,2026-06-06 16:15:00,0.004345852,0.0045836847
CEEMDAN_LSTM,BTC-USD,2026-06-06 16:30:00,0.0043586944,0.004584455
CEEMDAN_LSTM,BTC-USD,2026-06-06 16:45:00,0.0043476657,0.0045339027
CEEMDAN_LSTM,BTC-USD,2026-06-06 17:00:00,0.004351235,0.004527177
CEEMDAN_LSTM,BTC-USD,2026-06-06 17:15:00,0.0043402608,0.004485965
CEEMDAN_LSTM,BTC-USD,2026-06-06 17:30:00,0.004306282,0.0044667153
CEEMDAN_LSTM,BTC-USD,2026-06-06 17:45:00,0.004260206,0.0044645406
CEEMDAN_LSTM,BTC-USD,2026-06-06 18:00:00,0.004236481,0.004401698
CEEMDAN_LSTM,BTC-USD,2026-06-06 18:15:00,0.0042528044,0.0044083055
CEEMDAN_LSTM,BTC-USD,2026-06-06 18:30:00,0.0042253793,0.004383729
CEEMDAN_LSTM,BTC-USD,2026-06-06 18:45:00,0.004210045,0.0043839356
CEEMDAN_LSTM,BTC-USD,2026-06-06 19:00:00,0.0042038714,0.0043762806
CEEMDAN_LSTM,BTC-USD,2026-06-06 19:15:00,0.004184692,0.0043772184
CEEMDAN_LSTM,BTC-USD,2026-06-06 19:30:00,0.0041873725,0.004374988
CEEMDAN_LSTM,BTC-USD,2026-06-06 19:45:00,0.004192861,0.004374988
CEEMDAN_LSTM,BTC-USD,2026-06-06 20:00:00,0.0041914387,0.004354865
CEEMDAN_LSTM,BTC-USD,2026-06-06 20:15:00,0.0041986606,0.0043542273
CEEMDAN_LSTM,BTC-USD,2026-06-06 20:30:00,0.0041938694,0.0043351194
CEEMDAN_LSTM,BTC-USD,2026-06-06 20:45:00,0.0041739023,0.0043241004
CEEMDAN_LSTM,BTC-USD,2026-06-06 21:00:00,0.004157294,0.004315335
CEEMDAN_LSTM,BTC-USD,2026-06-06 21:15:00,0.0041326634,0.0043160124
CEEMDAN_LSTM,BTC-USD,2026-06-06 21:30:00,0.0041187503,0.0043153586
CEEMDAN_LSTM,BTC-USD,2026-06-06 21:45:00,0.0041372995,0.004305866
CEEMDAN_LSTM,BTC-USD,2026-06-06 22:00:00,0.0041544973,0.00430319
CEEMDAN_LSTM,BTC-USD,2026-06-06 22:15:00,0.00414687,0.0043048803
CEEMDAN_LSTM,BTC-USD,2026-06-06 22:30:00,0.0041397368,0.0043005957
CEEMDAN_LSTM,BTC-USD,2026-06-06 22:45:00,0.004137729,0.004289947
CEEMDAN_LSTM,BTC-USD,2026-06-06 23:00:00,0.0041541494,0.0042876014
CEEMDAN_LSTM,BTC-USD,2026-06-06 23:15:00,0.004152188,0.004286219
CEEMDAN_LSTM,BTC-USD,2026-06-06 23:30:00,0.0041410015,0.0042891335
CEEMDAN_LSTM,BTC-USD,2026-06-06 23:45:00,0.004131683,0.004284306
CEEMDAN_LSTM,BTC-USD,2026-06-07 00:00:00,0.004126347,0.004276499
CEEMDAN_LSTM,BTC-USD,2026-06-07 00:15:00,0.0041224044,0.0042510587
CEEMDAN_LSTM,BTC-USD,2026-06-07 00:30:00,0.004111317,0.004251023
CEEMDAN_LSTM,BTC-USD,2026-06-07 00:45:00,0.0040964326,0.004234544
CEEMDAN_LSTM,BTC-USD,2026-06-07 01:00:00,0.004106532,0.00425092
CEEMDAN_LSTM,BTC-USD,2026-06-07 01:15:00,0.0041005085,0.004250055
CEEMDAN_LSTM,BTC-USD,2026-06-07 01:30:00,0.0040934724,0.004247926
CEEMDAN_LSTM,BTC-USD,2026-06-07 01:45:00,0.004104123,0.004238052
CEEMDAN_LSTM,BTC-USD,2026-06-07 02:00:00,0.004089469,0.0042355005
CEEMDAN_LSTM,BTC-USD,2026-06-07 02:15:00,0.004071126,0.00422471
CEEMDAN_LSTM,BTC-USD,2026-06-07 02:30:00,0.0040895655,0.0042102872
CEEMDAN_LSTM,BTC-USD,2026-06-07 02:45:00,0.0041050273,0.004204346
CEEMDAN_LSTM,BTC-USD,2026-06-07 03:00:00,0.0040851547,0.004204473
CEEMDAN_LSTM,BTC-USD,2026-06-07 03:15:00,0.0040604807,0.0041451994
CEEMDAN_LSTM,BTC-USD,2026-06-07 03:30:00,0.0040425314,0.004131948
CEEMDAN_LSTM,BTC-USD,2026-06-07 03:45:00,0.0040075528,0.00412756
CEEMDAN_LSTM,BTC-USD,2026-06-07 04:00:00,0.0039830655,0.0041268314
CEEMDAN_LSTM,BTC-USD,2026-06-07 04:15:00,0.004000666,0.004111488
CEEMDAN_LSTM,BTC-USD,2026-06-07 04:30:00,0.0040240097,0.0040736226
CEEMDAN_LSTM,BTC-USD,2026-06-07 04:45:00,0.0040138313,0.004055702
CEEMDAN_LSTM,BTC-USD,2026-06-07 05:00:00,0.003967577,0.004051432
CEEMDAN_LSTM,BTC-USD,2026-06-07 05:15:00,0.0039328774,0.0040478357
CEEMDAN_LSTM,BTC-USD,2026-06-07 05:30:00,0.0039432854,0.004048092
CEEMDAN_LSTM,BTC-USD,2026-06-07 05:45:00,0.003959511,0.0040496318
CEEMDAN_LSTM,BTC-USD,2026-06-07 06:00:00,0.0039797644,0.004029191
CEEMDAN_LSTM,BTC-USD,2026-06-07 06:15:00,0.00399664,0.0040224204
CEEMDAN_LSTM,BTC-USD,2026-06-07 06:30:00,0.0039662616,0.004027766
CEEMDAN_LSTM,BTC-USD,2026-06-07 06:45:00,0.0039212834,0.004028422
CEEMDAN_LSTM,BTC-USD,2026-06-07 07:00:00,0.003920616,0.004022818
CEEMDAN_LSTM,BTC-USD,2026-06-07 07:15:00,0.0039383746,0.0040240977
CEEMDAN_LSTM,BTC-USD,2026-06-07 07:30:00,0.003944668,0.0040217405
CEEMDAN_LSTM,BTC-USD,2026-06-07 07:45:00,0.0039516543,0.00402039
CEEMDAN_LSTM,BTC-USD,2026-06-07 08:00:00,0.003948632,0.004020324
CEEMDAN_LSTM,BTC-USD,2026-06-07 08:15:00,0.0039471337,0.0040067183
CEEMDAN_LSTM,BTC-USD,2026-06-07 08:30:00,0.0039395797,0.0040032337
CEEMDAN_LSTM,BTC-USD,2026-06-07 08:45:00,0.0039266795,0.0039845747
CEEMDAN_LSTM,BTC-USD,2026-06-07 09:00:00,0.003909632,0.003966426
CEEMDAN_LSTM,BTC-USD,2026-06-07 09:15:00,0.003904718,0.0039016693
CEEMDAN_LSTM,BTC-USD,2026-06-07 09:30:00,0.003900097,0.003904646
CEEMDAN_LSTM,BTC-USD,2026-06-07 09:45:00,0.0038600867,0.0039031254
CEEMDAN_LSTM,BTC-USD,2026-06-07 10:00:00,0.0038348453,0.0039044048
CEEMDAN_LSTM,BTC-USD,2026-06-07 10:15:00,0.0038549528,0.0038981978
CEEMDAN_LSTM,BTC-USD,2026-06-07 10:30:00,0.0038693838,0.0038867514
CEEMDAN_LSTM,BTC-USD,2026-06-07 10:45:00,0.0038694488,0.0038835853
CEEMDAN_LSTM,BTC-USD,2026-06-07 11:00:00,0.0038481136,0.0038839239
CEEMDAN_LSTM,BTC-USD,2026-06-07 11:15:00,0.0038317991,0.0038806745
CEEMDAN_LSTM,BTC-USD,2026-06-07 11:30:00,0.0038408404,0.0038767536
CEEMDAN_LSTM,BTC-USD,2026-06-07 11:45:00,0.0038475893,0.003876154
CEEMDAN_LSTM,BTC-USD,2026-06-07 12:00:00,0.0038358981,0.003910359
CEEMDAN_LSTM,BTC-USD,2026-06-07 12:15:00,0.0038382777,0.0039029543
CEEMDAN_LSTM,BTC-USD,2026-06-07 12:30:00,0.0038531125,0.0039138393
CEEMDAN_LSTM,BTC-USD,2026-06-07 12:45:00,0.0038847208,0.003916709
CEEMDAN_LSTM,BTC-USD,2026-06-07 13:00:00,0.0038936678,0.0039187144
CEEMDAN_LSTM,BTC-USD,2026-06-07 13:15:00,0.003901963,0.0039188503
CEEMDAN_LSTM,BTC-USD,2026-06-07 13:30:00,0.003886131,0.0039169
CEEMDAN_LSTM,BTC-USD,2026-06-07 13:45:00,0.0038622024,0.003910449
CEEMDAN_LSTM,BTC-USD,2026-06-07 14:00:00,0.0038603044,0.0039096824
CEEMDAN_LSTM,BTC-USD,2026-06-07 14:15:00,0.0038656495,0.0039192033
CEEMDAN_LSTM,BTC-USD,2026-06-07 14:30:00,0.0038488389,0.003908228
CEEMDAN_LSTM,BTC-USD,2026-06-07 14:45:00,0.0038442584,0.003906913
CEEMDAN_LSTM,BTC-USD,2026-06-07 15:00:00,0.0038432023,0.0039015103
CEEMDAN_LSTM,BTC-USD,2026-06-07 15:15:00,0.0038515225,0.0038958562
CEEMDAN_LSTM,BTC-USD,2026-06-07 15:30:00,0.0038592785,0.0038946194
CEEMDAN_LSTM,BTC-USD,2026-06-07 15:45:00,0.003851285,0.003885947
CEEMDAN_LSTM,BTC-USD,2026-06-07 16:00:00,0.0038483003,0.0038861523
CEEMDAN_LSTM,BTC-USD,2026-06-07 16:15:00,0.003842763,0.0038861579
CEEMDAN_LSTM,BTC-USD,2026-06-07 16:30:00,0.0038361927,0.0038844838
CEEMDAN_LSTM,BTC-USD,2026-06-07 16:45:00,0.003835386,0.003884608
CEEMDAN_LSTM,BTC-USD,2026-06-07 17:00:00,0.0038414788,0.0038859379
CEEMDAN_LSTM,BTC-USD,2026-06-07 17:15:00,0.0038382488,0.003856575
CEEMDAN_LSTM,BTC-USD,2026-06-07 17:30:00,0.003847346,0.0038563758
CEEMDAN_LSTM,BTC-USD,2026-06-07 17:45:00,0.003830097,0.0038555763
CEEMDAN_LSTM,BTC-USD,2026-06-07 18:00:00,0.003814676,0.0038502838
CEEMDAN_LSTM,BTC-USD,2026-06-07 18:15:00,0.0038110907,0.0038441094
CEEMDAN_LSTM,BTC-USD,2026-06-07 18:30:00,0.0038140996,0.0038434463
CEEMDAN_LSTM,BTC-USD,2026-06-07 18:45:00,0.0038033589,0.0038468083
CEEMDAN_LSTM,BTC-USD,2026-06-07 19:00:00,0.0037986897,0.0038640518
CEEMDAN_LSTM,BTC-USD,2026-06-07 19:15:00,0.0038249707,0.0038511236
CEEMDAN_LSTM,BTC-USD,2026-06-07 19:30:00,0.0038640145,0.0038556056
CEEMDAN_LSTM,BTC-USD,2026-06-07 19:45:00,0.003891062,0.0038110926
CEEMDAN_LSTM,BTC-USD,2026-06-07 20:00:00,0.0038746546,0.0038141145
CEEMDAN_LSTM,BTC-USD,2026-06-07 20:15:00,0.0037958284,0.0038149266
CEEMDAN_LSTM,BTC-USD,2026-06-07 20:30:00,0.0037553285,0.0037643556
CEEMDAN_LSTM,BTC-USD,2026-06-07 20:45:00,0.0037692334,0.0037224118
CEEMDAN_LSTM,BTC-USD,2026-06-07 21:00:00,0.00373154,0.0037159305
CEEMDAN_LSTM,BTC-USD,2026-06-07 21:15:00,0.0036496278,0.0036949806
CEEMDAN_LSTM,BTC-USD,2026-06-07 21:30:00,0.003652154,0.0036620137
CEEMDAN_LSTM,BTC-USD,2026-06-07 21:45:00,0.0037288566,0.0036566115
CEEMDAN_LSTM,BTC-USD,2026-06-07 22:00:00,0.0038021752,0.004033126
CEEMDAN_LSTM,BTC-USD,2026-06-07 22:15:00,0.0037305048,0.0040004705
CEEMDAN_LSTM,BTC-USD,2026-06-07 22:30:00,0.003880946,0.003954699
CEEMDAN_LSTM,BTC-USD,2026-06-07 22:45:00,0.0039935033,0.0039588446
CEEMDAN_LSTM,BTC-USD,2026-06-07 23:00:00,0.003910702,0.00395045
CEEMDAN_LSTM,BTC-USD,2026-06-07 23:15:00,0.003853726,0.0039591487
CEEMDAN_LSTM,BTC-USD,2026-06-07 23:30:00,0.0038564624,0.0039501907
CEEMDAN_LSTM,BTC-USD,2026-06-07 23:45:00,0.0038688376,0.0039492906
CEEMDAN_LSTM,BTC-USD,2026-06-08 00:00:00,0.0038868908,0.0039055962
CEEMDAN_LSTM,BTC-USD,2026-06-08 00:15:00,0.003920727,0.003914008
CEEMDAN_LSTM,BTC-USD,2026-06-08 00:30:00,0.0038973144,0.003907976
CEEMDAN_LSTM,BTC-USD,2026-06-08 00:45:00,0.0038473033,0.0039087087
CEEMDAN_LSTM,BTC-USD,2026-06-08 01:00:00,0.0038209776,0.0039495137
CEEMDAN_LSTM,BTC-USD,2026-06-08 01:15:00,0.0038350285,0.003952917
CEEMDAN_LSTM,BTC-USD,2026-06-08 01:30:00,0.0038771287,0.003962703
CEEMDAN_LSTM,BTC-USD,2026-06-08 01:45:00,0.0039094468,0.0039614476
CEEMDAN_LSTM,BTC-USD,2026-06-08 02:00:00,0.003938309,0.0039554546
CEEMDAN_LSTM,BTC-USD,2026-06-08 02:15:00,0.003943111,0.0039527495
CEEMDAN_LSTM,BTC-USD,2026-06-08 02:30:00,0.003904763,0.0039367317
CEEMDAN_LSTM,BTC-USD,2026-06-08 02:45:00,0.003865029,0.0039345482
CEEMDAN_LSTM,BTC-USD,2026-06-08 03:00:00,0.00385376,0.0039340346
CEEMDAN_LSTM,BTC-USD,2026-06-08 03:15:00,0.0038629388,0.0039359774
CEEMDAN_LSTM,BTC-USD,2026-06-08 03:30:00,0.0038821548,0.0039295848
CEEMDAN_LSTM,BTC-USD,2026-06-08 03:45:00,0.0038830119,0.0039295466
CEEMDAN_LSTM,BTC-USD,2026-06-08 04:00:00,0.0038687133,0.0039317273
CEEMDAN_LSTM,BTC-USD,2026-06-08 04:15:00,0.0038664509,0.0039298534
CEEMDAN_LSTM,BTC-USD,2026-06-08 04:30:00,0.0038679969,0.003926698
CEEMDAN_LSTM,BTC-USD,2026-06-08 04:45:00,0.0038736588,0.0037557748
CEEMDAN_LSTM,BTC-USD,2026-06-08 05:00:00,0.003870583,0.0037574195
CEEMDAN_LSTM,BTC-USD,2026-06-08 05:15:00,0.003769423,0.0037274153
CEEMDAN_LSTM,BTC-USD,2026-06-08 05:30:00,0.0036914523,0.0037118345
CEEMDAN_LSTM,BTC-USD,2026-06-08 05:45:00,0.0036991502,0.0037224798
CEEMDAN_LSTM,BTC-USD,2026-06-08 06:00:00,0.003696347,0.0037145724
CEEMDAN_LSTM,BTC-USD,2026-06-08 06:15:00,0.0037051984,0.003711423
CEEMDAN_LSTM,BTC-USD,2026-06-08 06:30:00,0.0037185198,0.0036855326
CEEMDAN_LSTM,BTC-USD,2026-06-08 06:45:00,0.0037290591,0.0036848115
CEEMDAN_LSTM,BTC-USD,2026-06-08 07:00:00,0.0037195769,0.0036587089
CEEMDAN_LSTM,BTC-USD,2026-06-08 07:15:00,0.0036988277,0.003659789
CEEMDAN_LSTM,BTC-USD,2026-06-08 07:30:00,0.0036663488,0.003658772
CEEMDAN_LSTM,BTC-USD,2026-06-08 07:45:00,0.0036590956,0.003617232
CEEMDAN_LSTM,BTC-USD,2026-06-08 08:00:00,0.0036651706,0.003601093
CEEMDAN_LSTM,BTC-USD,2026-06-08 08:15:00,0.0036550828,0.0035809618
CEEMDAN_LSTM,BTC-USD,2026-06-08 08:30:00,0.0036327536,0.0035808003
CEEMDAN_LSTM,BTC-USD,2026-06-08 08:45:00,0.0036101954,0.0035807912
CEEMDAN_LSTM,BTC-USD,2026-06-08 09:00:00,0.0036110613,0.0035798168
CEEMDAN_LSTM,BTC-USD,2026-06-08 09:15:00,0.00361298,0.0035446244
CEEMDAN_LSTM,BTC-USD,2026-06-08 09:30:00,0.0036123025,0.0035372956
CEEMDAN_LSTM,BTC-USD,2026-06-08 09:45:00,0.003587026,0.0034859427
CEEMDAN_LSTM,BTC-USD,2026-06-08 10:00:00,0.0035586355,0.003488222
CEEMDAN_LSTM,BTC-USD,2026-06-08 10:15:00,0.0035330146,0.0034638685
CEEMDAN_LSTM,BTC-USD,2026-06-08 10:30:00,0.0035357736,0.0034612676
CEEMDAN_LSTM,BTC-USD,2026-06-08 10:45:00,0.0035266706,0.003413771
CEEMDAN_LSTM,BTC-USD,2026-06-08 11:00:00,0.0035232324,0.0033805005
CEEMDAN_LSTM,BTC-USD,2026-06-08 11:15:00,0.003487229,0.0033841457
CEEMDAN_LSTM,BTC-USD,2026-06-08 11:30:00,0.0034324385,0.0033669174
CEEMDAN_LSTM,BTC-USD,2026-06-08 11:45:00,0.0034112793,0.003348662
CEEMDAN_LSTM,BTC-USD,2026-06-08 12:00:00,0.003413376,0.0034239083
CEEMDAN_LSTM,BTC-USD,2026-06-08 12:15:00,0.0034454665,0.0034300927
CEEMDAN_LSTM,BTC-USD,2026-06-08 12:30:00,0.003488621,0.0034570522
CEEMDAN_LSTM,BTC-USD,2026-06-08 12:45:00,0.0035139574,0.0034551062
CEEMDAN_LSTM,BTC-USD,2026-06-08 13:00:00,0.0035249975,0.0034412798
CEEMDAN_LSTM,BTC-USD,2026-06-08 13:15:00,0.003524955,0.003445253
CEEMDAN_LSTM,BTC-USD,2026-06-08 13:30:00,0.0035250864,0.0034362176
CEEMDAN_LSTM,BTC-USD,2026-06-08 13:45:00,0.00353733,0.0034420663
CEEMDAN_LSTM,BTC-USD,2026-06-08 14:00:00,0.0035288266,0.0034305572
CEEMDAN_LSTM,BTC-USD,2026-06-08 14:15:00,0.0035176782,0.0034105242
CEEMDAN_LSTM,BTC-USD,2026-06-08 14:30:00,0.0035159576,0.0034104402
CEEMDAN_LSTM,BTC-USD,2026-06-08 14:45:00,0.003501433,0.0034028247
CEEMDAN_LSTM,BTC-USD,2026-06-08 15:00:00,0.0034912275,0.0033896647
CEEMDAN_LSTM,BTC-USD,2026-06-08 15:15:00,0.0034790486,0.0033933225
CEEMDAN_LSTM,BTC-USD,2026-06-08 15:30:00,0.0034757978,0.003393888
CEEMDAN_LSTM,BTC-USD,2026-06-08 15:45:00,0.0034685957,0.0033947676
CEEMDAN_LSTM,BTC-USD,2026-06-08 16:00:00,0.0034731287,0.0033922086
CEEMDAN_LSTM,BTC-USD,2026-06-08 16:15:00,0.0034880734,0.0033897979
CEEMDAN_LSTM,BTC-USD,2026-06-08 16:30:00,0.0034937956,0.0033864584
CEEMDAN_LSTM,BTC-USD,2026-06-08 16:45:00,0.0034913023,0.003389755
CEEMDAN_LSTM,BTC-USD,2026-06-08 17:00:00,0.0034763752,0.0033894256
CEEMDAN_LSTM,BTC-USD,2026-06-08 17:15:00,0.00346747,0.003399009
CEEMDAN_LSTM,BTC-USD,2026-06-08 17:30:00,0.0034676618,0.0034069628
CEEMDAN_LSTM,BTC-USD,2026-06-08 17:45:00,0.0035009328,0.0034106993
CEEMDAN_LSTM,BTC-USD,2026-06-08 18:00:00,0.0034952222,0.0034097934
CEEMDAN_LSTM,BTC-USD,2026-06-08 18:15:00,0.0034872587,0.0034088152
CEEMDAN_LSTM,BTC-USD,2026-06-08 18:30:00,0.0034882387,0.00341031
CEEMDAN_LSTM,BTC-USD,2026-06-08 18:45:00,0.0034838405,0.0034104602
CEEMDAN_LSTM,BTC-USD,2026-06-08 19:00:00,0.0034781587,0.003358387
CEEMDAN_LSTM,BTC-USD,2026-06-08 19:15:00,0.0034865544,0.0033557226
CEEMDAN_LSTM,BTC-USD,2026-06-08 19:30:00,0.0034586913,0.0033498437
CEEMDAN_LSTM,BTC-USD,2026-06-08 19:45:00,0.0034431946,0.0033394492
CEEMDAN_LSTM,BTC-USD,2026-06-08 20:00:00,0.0034423086,0.003334152
CEEMDAN_LSTM,BTC-USD,2026-06-08 20:15:00,0.0034341582,0.003216623
CEEMDAN_LSTM,BTC-USD,2026-06-08 20:30:00,0.0034214875,0.0032229326
CEEMDAN_LSTM,BTC-USD,2026-06-08 20:45:00,0.0033371786,0.0032217072
CEEMDAN_LSTM,BTC-USD,2026-06-08 21:00:00,0.0033104534,0.0032229037
CEEMDAN_LSTM,BTC-USD,2026-06-08 21:15:00,0.003321439,0.003219865
CEEMDAN_LSTM,BTC-USD,2026-06-08 21:30:00,0.003342799,0.0032129902
CEEMDAN_LSTM,BTC-USD,2026-06-08 21:45:00,0.0033436525,0.0032149616
CEEMDAN_LSTM,BTC-USD,2026-06-08 22:00:00,0.00333403,0.0032312647
CEEMDAN_LSTM,BTC-USD,2026-06-08 22:15:00,0.0033336834,0.003224848
CEEMDAN_LSTM,BTC-USD,2026-06-08 22:30:00,0.0033268803,0.0032224467
CEEMDAN_LSTM,BTC-USD,2026-06-08 22:45:00,0.0033420213,0.0032246138
CEEMDAN_LSTM,BTC-USD,2026-06-08 23:00:00,0.003359995,0.0032245766
CEEMDAN_LSTM,BTC-USD,2026-06-08 23:15:00,0.0033578668,0.0032430284
CEEMDAN_LSTM,BTC-USD,2026-06-08 23:30:00,0.003357833,0.0032422035
CEEMDAN_LSTM,BTC-USD,2026-06-08 23:45:00,0.0033518148,0.0032408657
CEEMDAN_LSTM,BTC-USD,2026-06-09 00:00:00,0.0033569245,0.0032417742
CEEMDAN_LSTM,BTC-USD,2026-06-09 00:15:00,0.003357382,0.0032534038
CEEMDAN_LSTM,BTC-USD,2026-06-09 00:30:00,0.003362835,0.0032453663
CEEMDAN_LSTM,BTC-USD,2026-06-09 00:45:00,0.0033677025,0.0032461535
CEEMDAN_LSTM,BTC-USD,2026-06-09 01:00:00,0.0033725745,0.0032258339
CEEMDAN_LSTM,BTC-USD,2026-06-09 01:15:00,0.0033686778,0.0032263782
CEEMDAN_LSTM,BTC-USD,2026-06-09 01:30:00,0.0033516996,0.0032250737
CEEMDAN_LSTM,BTC-USD,2026-06-09 01:45:00,0.0033434676,0.003220168
CEEMDAN_LSTM,BTC-USD,2026-06-09 02:00:00,0.003336353,0.0032202492
CEEMDAN_LSTM,BTC-USD,2026-06-09 02:15:00,0.00333829,0.0032163563
CEEMDAN_LSTM,BTC-USD,2026-06-09 02:30:00,0.0033418501,0.0032188927
CEEMDAN_LSTM,BTC-USD,2026-06-09 02:45:00,0.003344227,0.0032253894
CEEMDAN_LSTM,BTC-USD,2026-06-09 03:00:00,0.0033370694,0.0032166697
CEEMDAN_LSTM,BTC-USD,2026-06-09 03:15:00,0.0033477654,0.0032034125
CEEMDAN_LSTM,BTC-USD,2026-06-09 03:30:00,0.0033554507,0.0032027976
CEEMDAN_LSTM,BTC-USD,2026-06-09 03:45:00,0.0033414436,0.0031966844
CEEMDAN_LSTM,BTC-USD,2026-06-09 04:00:00,0.0033194816,0.0031967454
CEEMDAN_LSTM,BTC-USD,2026-06-09 04:15:00,0.0033000852,0.003196124
CEEMDAN_LSTM,BTC-USD,2026-06-09 04:30:00,0.0033126161,0.0032255612
CEEMDAN_LSTM,BTC-USD,2026-06-09 04:45:00,0.0033254684,0.0032230108
CEEMDAN_LSTM,BTC-USD,2026-06-09 05:00:00,0.0033619145,0.003220911
CEEMDAN_LSTM,BTC-USD,2026-06-09 05:15:00,0.0033720073,0.0032212976
CEEMDAN_LSTM,BTC-USD,2026-06-09 05:30:00,0.0033550349,0.003221087
CEEMDAN_LSTM,BTC-USD,2026-06-09 05:45:00,0.0033369397,0.0032170007
CEEMDAN_LSTM,BTC-USD,2026-06-09 06:00:00,0.0033345907,0.0032110752
CEEMDAN_LSTM,BTC-USD,2026-06-09 06:15:00,0.0033386997,0.0032111758
CEEMDAN_LSTM,BTC-USD,2026-06-09 06:30:00,0.0033387982,0.003206988
CEEMDAN_LSTM,BTC-USD,2026-06-09 06:45:00,0.0033461542,0.0032062621
CEEMDAN_LSTM,BTC-USD,2026-06-09 07:00:00,0.003348648,0.00320629
CEEMDAN_LSTM,BTC-USD,2026-06-09 07:15:00,0.0033382808,0.0032126838
CEEMDAN_LSTM,BTC-USD,2026-06-09 07:30:00,0.0033341225,0.0032123683
CEEMDAN_LSTM,BTC-USD,2026-06-09 07:45:00,0.0033295543,0.0032123679
CEEMDAN_LSTM,BTC-USD,2026-06-09 08:00:00,0.0033424455,0.003223758
CEEMDAN_LSTM,BTC-USD,2026-06-09 08:15:00,0.0033578163,0.003223672
CEEMDAN_LSTM,BTC-USD,2026-06-09 08:30:00,0.0033612966,0.0032249202
CEEMDAN_LSTM,BTC-USD,2026-06-09 08:45:00,0.0033544865,0.003225093
CEEMDAN_LSTM,BTC-USD,2026-06-09 09:00:00,0.00335552,0.0032234641
CEEMDAN_LSTM,BTC-USD,2026-06-09 09:15:00,0.003350805,0.0032161726
CEEMDAN_LSTM,BTC-USD,2026-06-09 09:30:00,0.0033462893,0.003217927
CEEMDAN_LSTM,BTC-USD,2026-06-09 09:45:00,0.003348431,0.0032180948
CEEMDAN_LSTM,BTC-USD,2026-06-09 10:00:00,0.0033509352,0.0032176177
CEEMDAN_LSTM,BTC-USD,2026-06-09 10:15:00,0.0033494844,0.003215712
CEEMDAN_LSTM,BTC-USD,2026-06-09 10:30:00,0.0033479815,0.0032161486
CEEMDAN_LSTM,BTC-USD,2026-06-09 10:45:00,0.0033471019,0.0032168706
CEEMDAN_LSTM,BTC-USD,2026-06-09 11:00:00,0.0033424546,0.0032278663
CEEMDAN_LSTM,BTC-USD,2026-06-09 11:15:00,0.0033471417,0.003228452
CEEMDAN_LSTM,BTC-USD,2026-06-09 11:30:00,0.0033410506,0.0032256744
CEEMDAN_LSTM,BTC-USD,2026-06-09 11:45:00,0.0033474674,0.0032262895
CEEMDAN_LSTM,BTC-USD,2026-06-09 12:00:00,0.0033584388,0.0032265766
CEEMDAN_LSTM,BTC-USD,2026-06-09 12:15:00,0.0033547212,0.0032320877
CEEMDAN_LSTM,BTC-USD,2026-06-09 12:30:00,0.0033514535,0.0032343152
CEEMDAN_LSTM,BTC-USD,2026-06-09 12:45:00,0.00335536,0.0032350817
CEEMDAN_LSTM,BTC-USD,2026-06-09 13:00:00,0.0033575196,0.0032328053
CEEMDAN_LSTM,BTC-USD,2026-06-09 13:15:00,0.0033626491,0.0032358463
CEEMDAN_LSTM,BTC-USD,2026-06-09 13:30:00,0.0033658626,0.0032344612
CEEMDAN_LSTM,BTC-USD,2026-06-09 13:45:00,0.0033550817,0.0032382777
CEEMDAN_LSTM,BTC-USD,2026-06-09 14:00:00,0.0033511166,0.0032468287
CEEMDAN_LSTM,BTC-USD,2026-06-09 14:15:00,0.0033561203,0.0032750631
CEEMDAN_LSTM,BTC-USD,2026-06-09 14:30:00,0.0033811198,0.003281054
CEEMDAN_LSTM,BTC-USD,2026-06-09 14:45:00,0.0034142272,0.0032859584
CEEMDAN_LSTM,BTC-USD,2026-06-09 15:00:00,0.0034163995,0.0032867778
CEEMDAN_LSTM,BTC-USD,2026-06-09 15:15:00,0.003399639,0.0033042778
CEEMDAN_LSTM,BTC-USD,2026-06-09 15:30:00,0.003396123,0.003303937
CEEMDAN_LSTM,BTC-USD,2026-06-09 15:45:00,0.0033988922,0.0033095346
CEEMDAN_LSTM,BTC-USD,2026-06-09 16:00:00,0.0034138141,0.0032693034
CEEMDAN_LSTM,BTC-USD,2026-06-09 16:15:00,0.003427675,0.0032518932
CEEMDAN_LSTM,BTC-USD,2026-06-09 16:30:00,0.0034071833,0.0032548057
CEEMDAN_LSTM,BTC-USD,2026-06-09 16:45:00,0.003367846,0.0032578039
CEEMDAN_LSTM,BTC-USD,2026-06-09 17:00:00,0.0033497878,0.0032651732
CEEMDAN_LSTM,BTC-USD,2026-06-09 17:15:00,0.0033459638,0.0032638572
CEEMDAN_LSTM,BTC-USD,2026-06-09 17:30:00,0.0033508413,0.003263747
CEEMDAN_LSTM,BTC-USD,2026-06-09 17:45:00,0.003360763,0.0032582772
CEEMDAN_LSTM,BTC-USD,2026-06-09 18:00:00,0.0033701647,0.003258762
CEEMDAN_LSTM,BTC-USD,2026-06-09 18:15:00,0.0033729952,0.0032559363
CEEMDAN_LSTM,BTC-USD,2026-06-09 18:30:00,0.0033747859,0.0032589417
CEEMDAN_LSTM,BTC-USD,2026-06-09 18:45:00,0.003379407,0.0032646128
CEEMDAN_LSTM,BTC-USD,2026-06-09 19:00:00,0.0033765286,0.003261129
CEEMDAN_LSTM,BTC-USD,2026-06-09 19:15:00,0.003387102,0.0032625801
CEEMDAN_LSTM,BTC-USD,2026-06-09 19:30:00,0.003382207,0.0032579193
CEEMDAN_LSTM,BTC-USD,2026-06-09 19:45:00,0.003370337,0.003261742
CEEMDAN_LSTM,BTC-USD,2026-06-09 20:00:00,0.0033581404,0.0032633422
CEEMDAN_LSTM,BTC-USD,2026-06-09 20:15:00,0.003359703,0.0032616826
CEEMDAN_LSTM,BTC-USD,2026-06-09 20:30:00,0.0033704233,0.0032586914
CEEMDAN_LSTM,BTC-USD,2026-06-09 20:45:00,0.0033748636,0.0032563556
CEEMDAN_LSTM,BTC-USD,2026-06-09 21:00:00,0.0033736653,0.0032555196
CEEMDAN_LSTM,BTC-USD,2026-06-09 21:15:00,0.0033674636,0.0032597254
CEEMDAN_LSTM,BTC-USD,2026-06-09 21:30:00,0.003376608,0.0032508553
CEEMDAN_LSTM,BTC-USD,2026-06-09 21:45:00,0.003375414,0.0032495435
CEEMDAN_LSTM,BTC-USD,2026-06-09 22:00:00,0.003378667,0.003250392
CEEMDAN_LSTM,BTC-USD,2026-06-09 22:15:00,0.0033828851,0.0032489903
CEEMDAN_LSTM,BTC-USD,2026-06-09 22:30:00,0.0033809757,0.003249518
CEEMDAN_LSTM,BTC-USD,2026-06-09 22:45:00,0.0033707425,0.0032476673
CEEMDAN_LSTM,BTC-USD,2026-06-09 23:00:00,0.003374541,0.0032477498
CEEMDAN_LSTM,BTC-USD,2026-06-09 23:15:00,0.0033741002,0.0032446638
CEEMDAN_LSTM,BTC-USD,2026-06-09 23:30:00,0.0033776248,0.0032450235
CEEMDAN_LSTM,BTC-USD,2026-06-09 23:45:00,0.003385255,0.0032327527
CEEMDAN_LSTM,BTC-USD,2026-06-10 00:00:00,0.0033862556,0.003234699
CEEMDAN_LSTM,BTC-USD,2026-06-10 00:15:00,0.0033619448,0.0032320658
CEEMDAN_LSTM,BTC-USD,2026-06-10 00:30:00,0.0033393558,0.0032459176
CEEMDAN_LSTM,BTC-USD,2026-06-10 00:45:00,0.0033489603,0.0032728452
CEEMDAN_LSTM,BTC-USD,2026-06-10 01:00:00,0.0033607103,0.0032717476
CEEMDAN_LSTM,BTC-USD,2026-06-10 01:15:00,0.0034128644,0.0032696873
CEEMDAN_LSTM,BTC-USD,2026-06-10 01:30:00,0.0034233306,0.0032718305
CEEMDAN_LSTM,BTC-USD,2026-06-10 01:45:00,0.0033982852,0.003272826
CEEMDAN_LSTM,BTC-USD,2026-06-10 02:00:00,0.0033811526,0.0032749563
CEEMDAN_LSTM,BTC-USD,2026-06-10 02:15:00,0.003393883,0.0032752089
CEEMDAN_LSTM,BTC-USD,2026-06-10 02:30:00,0.0033960098,0.0032735232
CEEMDAN_LSTM,BTC-USD,2026-06-10 02:45:00,0.003395889,0.003273771
CEEMDAN_LSTM,BTC-USD,2026-06-10 03:00:00,0.0034001733,0.0032318868
CEEMDAN_LSTM,BTC-USD,2026-06-10 03:15:00,0.0033991253,0.0032312977
CEEMDAN_LSTM,BTC-USD,2026-06-10 03:30:00,0.0033651236,0.003217867
CEEMDAN_LSTM,BTC-USD,2026-06-10 03:45:00,0.0033448497,0.0032075664
CEEMDAN_LSTM,BTC-USD,2026-06-10 04:00:00,0.0033323667,0.0032051925
CEEMDAN_LSTM,BTC-USD,2026-06-10 04:15:00,0.003332927,0.003204484
CEEMDAN_LSTM,BTC-USD,2026-06-10 04:30:00,0.0033437023,0.003212713
CEEMDAN_LSTM,BTC-USD,2026-06-10 04:45:00,0.00335121,0.0032133448
CEEMDAN_LSTM,BTC-USD,2026-06-10 05:00:00,0.0033414285,0.0032147395
CEEMDAN_LSTM,BTC-USD,2026-06-10 05:15:00,0.0033554968,0.0032021524
CEEMDAN_LSTM,BTC-USD,2026-06-10 05:30:00,0.0033605776,0.0032010619
CEEMDAN_LSTM,BTC-USD,2026-06-10 05:45:00,0.0033544926,0.0032008623
CEEMDAN_LSTM,BTC-USD,2026-06-10 06:00:00,0.003353134,0.0032003871
CEEMDAN_LSTM,BTC-USD,2026-06-10 06:15:00,0.0033510546,0.0031986258
CEEMDAN_LSTM,BTC-USD,2026-06-10 06:30:00,0.0033468672,0.0031959016
CEEMDAN_LSTM,BTC-USD,2026-06-10 06:45:00,0.0033434448,0.0031960844
CEEMDAN_LSTM,BTC-USD,2026-06-10 07:00:00,0.0033483834,0.0031970083
CEEMDAN_LSTM,BTC-USD,2026-06-10 07:15:00,0.0033474404,0.0031978963
CEEMDAN_LSTM,BTC-USD,2026-06-10 07:30:00,0.0033448138,0.0032000197
CEEMDAN_LSTM,BTC-USD,2026-06-10 07:45:00,0.003342138,0.0032002714
CEEMDAN_LSTM,BTC-USD,2026-06-10 08:00:00,0.0033465358,0.003193899
CEEMDAN_LSTM,BTC-USD,2026-06-10 08:15:00,0.003347466,0.003195221
CEEMDAN_LSTM,BTC-USD,2026-06-10 08:30:00,0.0033412734,0.0032075369
CEEMDAN_LSTM,BTC-USD,2026-06-10 08:45:00,0.003343742,0.003205651
CEEMDAN_LSTM,BTC-USD,2026-06-10 09:00:00,0.0033479647,0.0032087537
CEEMDAN_LSTM,BTC-USD,2026-06-10 09:15:00,0.0033583448,0.0032122766
CEEMDAN_LSTM,BTC-USD,2026-06-10 09:30:00,0.0033500893,0.0032128203
CEEMDAN_LSTM,BTC-USD,2026-06-10 09:45:00,0.0033556854,0.0032092303
CEEMDAN_LSTM,BTC-USD,2026-06-10 10:00:00,0.0033606081,0.0031868808
CEEMDAN_LSTM,BTC-USD,2026-06-10 10:15:00,0.003347086,0.0031837006
CEEMDAN_LSTM,BTC-USD,2026-06-10 10:30:00,0.003309413,0.003172474
CEEMDAN_LSTM,BTC-USD,2026-06-10 10:45:00,0.0033056329,0.00317118
CEEMDAN_LSTM,BTC-USD,2026-06-10 11:00:00,0.0033122927,0.0031672646
CEEMDAN_LSTM,BTC-USD,2026-06-10 11:15:00,0.003331569,0.0031702719
CEEMDAN_LSTM,BTC-USD,2026-06-10 11:30:00,0.003338101,0.003170426
CEEMDAN_LSTM,BTC-USD,2026-06-10 11:45:00,0.0033275462,0.003169242
CEEMDAN_LSTM,BTC-USD,2026-06-10 12:00:00,0.0033254095,0.0031727587
CEEMDAN_LSTM,BTC-USD,2026-06-10 12:15:00,0.0033253208,0.0031681864
CEEMDAN_LSTM,BTC-USD,2026-06-10 12:30:00,0.0033370643,0.0032123267
CEEMDAN_LSTM,BTC-USD,2026-06-10 12:45:00,0.0033286079,0.0032140778
CEEMDAN_LSTM,BTC-USD,2026-06-10 13:00:00,0.0033711602,0.0026813766
CEEMDAN_LSTM,BTC-USD,2026-06-10 13:15:00,0.0033685118,0.0026227222
CEEMDAN_LSTM,BTC-USD,2026-06-10 13:30:00,0.0028319072,0.0027436384
CEEMDAN_LSTM,BTC-USD,2026-06-10 13:45:00,0.002653715,0.0027367917
CEEMDAN_LSTM,BTC-USD,2026-06-10 14:00:00,0.0029070522,0.0027359917
CEEMDAN_LSTM,BTC-USD,2026-06-10 14:15:00,0.0030177364,0.0027232638
CEEMDAN_LSTM,BTC-USD,2026-06-10 14:30:00,0.0029773563,0.002725417
CEEMDAN_LSTM,BTC-USD,2026-06-10 14:45:00,0.002941498,0.0027372278
CEEMDAN_LSTM,BTC-USD,2026-06-10 15:00:00,0.0029502355,0.002746665
CEEMDAN_LSTM,BTC-USD,2026-06-10 15:15:00,0.0029824923,0.0027525392
CEEMDAN_LSTM,BTC-USD,2026-06-10 15:30:00,0.0029812725,0.0027472966
CEEMDAN_LSTM,BTC-USD,2026-06-10 15:45:00,0.0030073416,0.0027579917
CEEMDAN_LSTM,BTC-USD,2026-06-10 16:00:00,0.0029948116,0.0027167741
CEEMDAN_LSTM,BTC-USD,2026-06-10 16:15:00,0.0030035484,0.0027064877
CEEMDAN_LSTM,BTC-USD,2026-06-10 16:30:00,0.0029437882,0.0026904612
CEEMDAN_LSTM,BTC-USD,2026-06-10 16:45:00,0.0029486362,0.0026886624
CEEMDAN_LSTM,BTC-USD,2026-06-10 17:00:00,0.0029667935,0.0026905208
CEEMDAN_LSTM,BTC-USD,2026-06-10 17:15:00,0.002964965,0.0026980622
CEEMDAN_LSTM,BTC-USD,2026-06-10 17:30:00,0.0029566144,0.0027022003
CEEMDAN_LSTM,BTC-USD,2026-06-10 17:45:00,0.0029731302,0.0027127203
CEEMDAN_LSTM,BTC-USD,2026-06-10 18:00:00,0.002978702,0.0027078274
CEEMDAN_LSTM,BTC-USD,2026-06-10 18:15:00,0.0029936188,0.0027054355
CEEMDAN_LSTM,BTC-USD,2026-06-10 18:30:00,0.0029647937,0.0027180384
CEEMDAN_LSTM,BTC-USD,2026-06-10 18:45:00,0.0029515934,0.0027209937
CEEMDAN_LSTM,BTC-USD,2026-06-10 19:00:00,0.0029598663,0.0027209767
CEEMDAN_LSTM,BTC-USD,2026-06-10 19:15:00,0.0029972645,0.0027209346
CEEMDAN_LSTM,BTC-USD,2026-06-10 19:30:00,0.0029932717,0.0027210645
CEEMDAN_LSTM,BTC-USD,2026-06-10 19:45:00,0.0029683386,0.0027218226
CEEMDAN_LSTM,BTC-USD,2026-06-10 20:00:00,0.002956878,0.0027203222
CEEMDAN_LSTM,BTC-USD,2026-06-10 20:15:00,0.002963081,0.0027181043
CEEMDAN_LSTM,BTC-USD,2026-06-10 20:30:00,0.0029681618,0.00270898
CEEMDAN_LSTM,BTC-USD,2026-06-10 20:45:00,0.002972673,0.002692951
CEEMDAN_LSTM,BTC-USD,2026-06-10 21:00:00,0.0029520874,0.0026985954
CEEMDAN_LSTM,BTC-USD,2026-06-10 21:15:00,0.002933737,0.002695286
CEEMDAN_LSTM,BTC-USD,2026-06-10 21:30:00,0.0029287948,0.0026975966
CEEMDAN_LSTM,BTC-USD,2026-06-10 21:45:00,0.0029272703,0.002717369
CEEMDAN_LSTM,BTC-USD,2026-06-10 22:00:00,0.002942555,0.0027179031
CEEMDAN_LSTM,BTC-USD,2026-06-10 22:15:00,0.0029664338,0.002715871
CEEMDAN_LSTM,BTC-USD,2026-06-10 22:30:00,0.0029765263,0.0027324567
CEEMDAN_LSTM,BTC-USD,2026-06-10 22:45:00,0.0029427428,0.0027311014
CEEMDAN_LSTM,BTC-USD,2026-06-10 23:00:00,0.0029563012,0.0027352336
CEEMDAN_LSTM,BTC-USD,2026-06-10 23:15:00,0.0029850677,0.0027577688
CEEMDAN_LSTM,BTC-USD,2026-06-10 23:30:00,0.0029924149,0.0027570156
CEEMDAN_LSTM,BTC-USD,2026-06-10 23:45:00,0.0030039055,0.0027569619
CEEMDAN_LSTM,BTC-USD,2026-06-11 00:00:00,0.0030059752,0.0027550275
CEEMDAN_LSTM,BTC-USD,2026-06-11 00:15:00,0.0030051286,0.002762435
CEEMDAN_LSTM,BTC-USD,2026-06-11 00:30:00,0.0029807864,0.0027641514
CEEMDAN_LSTM,BTC-USD,2026-06-11 00:45:00,0.0029829715,0.002760879
CEEMDAN_LSTM,BTC-USD,2026-06-11 01:00:00,0.0030005039,0.0027681713
CEEMDAN_LSTM,BTC-USD,2026-06-11 01:15:00,0.0030055777,0.0027625302
CEEMDAN_LSTM,BTC-USD,2026-06-11 01:30:00,0.0029986142,0.0027632033
CEEMDAN_LSTM,BTC-USD,2026-06-11 01:45:00,0.0029834723,0.002763268
CEEMDAN_LSTM,BTC-USD,2026-06-11 02:00:00,0.0029887122,0.0027517793
CEEMDAN_LSTM,BTC-USD,2026-06-11 02:15:00,0.0030049242,0.0027463546
CEEMDAN_LSTM,BTC-USD,2026-06-11 02:30:00,0.0030122774,0.002746256
CEEMDAN_LSTM,BTC-USD,2026-06-11 02:45:00,0.0030105156,0.0027429604
CEEMDAN_LSTM,BTC-USD,2026-06-11 03:00:00,0.0030070376,0.0026441538
CEEMDAN_LSTM,BTC-USD,2026-06-11 03:15:00,0.0030028587,0.0026188002
CEEMDAN_LSTM,BTC-USD,2026-06-11 03:30:00,0.0028933752,0.0025773598
CEEMDAN_LSTM,BTC-USD,2026-06-11 03:45:00,0.0028124987,0.0025907774
CEEMDAN_LSTM,BTC-USD,2026-06-11 04:00:00,0.002750934,0.0025906067
CEEMDAN_LSTM,BTC-USD,2026-06-11 04:15:00,0.002763838,0.0025849876
CEEMDAN_LSTM,BTC-USD,2026-06-11 04:30:00,0.0027967473,0.0025830052
CEEMDAN_LSTM,BTC-USD,2026-06-11 04:45:00,0.002813941,0.0025685416
CEEMDAN_LSTM,BTC-USD,2026-06-11 05:00:00,0.0028089331,0.0025674843
CEEMDAN_LSTM,BTC-USD,2026-06-11 05:15:00,0.0027984907,0.0025654754
CEEMDAN_LSTM,BTC-USD,2026-06-11 05:30:00,0.0028011664,0.0025618407
CEEMDAN_LSTM,BTC-USD,2026-06-11 05:45:00,0.0027988984,0.0025625338
CEEMDAN_LSTM,BTC-USD,2026-06-11 06:00:00,0.002792235,0.002558291
CEEMDAN_LSTM,BTC-USD,2026-06-11 06:15:00,0.0027849276,0.0025534115
CEEMDAN_LSTM,BTC-USD,2026-06-11 06:30:00,0.002792622,0.0025515275
CEEMDAN_LSTM,BTC-USD,2026-06-11 06:45:00,0.00278796,0.002556773
CEEMDAN_LSTM,BTC-USD,2026-06-11 07:00:00,0.0027803448,0.0025586027
CEEMDAN_LSTM,BTC-USD,2026-06-11 07:15:00,0.0027815916,0.0025614135
CEEMDAN_LSTM,BTC-USD,2026-06-11 07:30:00,0.002790553,0.0025560255
CEEMDAN_LSTM,BTC-USD,2026-06-11 07:45:00,0.002804311,0.0025528162
CEEMDAN_LSTM,BTC-USD,2026-06-11 08:00:00,0.0027878047,0.0025499624
CEEMDAN_LSTM,BTC-USD,2026-06-11 08:15:00,0.0027736186,0.0025377432
CEEMDAN_LSTM,BTC-USD,2026-06-11 08:30:00,0.0027599784,0.002527263
CEEMDAN_LSTM,BTC-USD,2026-06-11 08:45:00,0.0027562592,0.0025237272
CEEMDAN_LSTM,BTC-USD,2026-06-11 09:00:00,0.002747161,0.0025248434
CEEMDAN_LSTM,BTC-USD,2026-06-11 09:15:00,0.0027526058,0.0025246297
CEEMDAN_LSTM,BTC-USD,2026-06-11 09:30:00,0.0027606885,0.002523036
CEEMDAN_LSTM,BTC-USD,2026-06-11 09:45:00,0.0027671608,0.0025229477
CEEMDAN_LSTM,BTC-USD,2026-06-11 10:00:00,0.0027614825,0.0025225254
CEEMDAN_LSTM,BTC-USD,2026-06-11 10:15:00,0.002751935,0.0025208374
CEEMDAN_LSTM,BTC-USD,2026-06-11 10:30:00,0.0027548922,0.0025218374
CEEMDAN_LSTM,BTC-USD,2026-06-11 10:45:00,0.0027584336,0.0025286202
CEEMDAN_LSTM,BTC-USD,2026-06-11 11:00:00,0.0027496412,0.0025258253
CEEMDAN_LSTM,BTC-USD,2026-06-11 11:15:00,0.0027448174,0.0025249857
CEEMDAN_LSTM,BTC-USD,2026-06-11 11:30:00,0.002745986,0.0025155256
CEEMDAN_LSTM,BTC-USD,2026-06-11 11:45:00,0.0027552128,0.0025138343
CEEMDAN_LSTM,BTC-USD,2026-06-11 12:00:00,0.0027471315,0.0025029103
CEEMDAN_LSTM,BTC-USD,2026-06-11 12:15:00,0.0027314276,0.0025456173
CEEMDAN_LSTM,BTC-USD,2026-06-11 12:30:00,0.0027396632,0.0025543051
CEEMDAN_LSTM,BTC-USD,2026-06-11 12:45:00,0.0027733739,0.0025536758
CEEMDAN_LSTM,BTC-USD,2026-06-11 13:00:00,0.0027986304,0.0025196346
CEEMDAN_LSTM,BTC-USD,2026-06-11 13:15:00,0.0027868368,0.002520036
CEEMDAN_LSTM,BTC-USD,2026-06-11 13:30:00,0.0027564443,0.002523696
CEEMDAN_LSTM,BTC-USD,2026-06-11 13:45:00,0.0027362627,0.0025226488
CEEMDAN_LSTM,BTC-USD,2026-06-11 14:00:00,0.0027231348,0.0025330416
CEEMDAN_LSTM,BTC-USD,2026-06-11 14:15:00,0.0027306967,0.0025041099
CEEMDAN_LSTM,BTC-USD,2026-06-11 14:30:00,0.0027448728,0.00250882
CEEMDAN_LSTM,BTC-USD,2026-06-11 14:45:00,0.0027355251,0.002511971
CEEMDAN_LSTM,BTC-USD,2026-06-11 15:00:00,0.002722541,0.0025107192
CEEMDAN_LSTM,BTC-USD,2026-06-11 15:15:00,0.002730663,0.0024952025
CEEMDAN_LSTM,BTC-USD,2026-06-11 15:30:00,0.0027310844,0.0024957014
CEEMDAN_LSTM,BTC-USD,2026-06-11 15:45:00,0.0027140835,0.002492405
CEEMDAN_LSTM,BTC-USD,2026-06-11 16:00:00,0.0027044972,0.002491115
CEEMDAN_LSTM,BTC-USD,2026-06-11 16:15:00,0.0026967453,0.0024950441
CEEMDAN_LSTM,BTC-USD,2026-06-11 16:30:00,0.002698744,0.0024939543
CEEMDAN_LSTM,BTC-USD,2026-06-11 16:45:00,0.0027101538,0.0024950183
CEEMDAN_LSTM,BTC-USD,2026-06-11 17:00:00,0.002723562,0.0024971752
CEEMDAN_LSTM,BTC-USD,2026-06-11 17:15:00,0.0027312925,0.002543108
CEEMDAN_LSTM,BTC-USD,2026-06-11 17:30:00,0.0027313288,0.0025697374
CEEMDAN_LSTM,BTC-USD,2026-06-11 17:45:00,0.00276386,0.0025775337
CEEMDAN_LSTM,BTC-USD,2026-06-11 18:00:00,0.002777523,0.0025821363
CEEMDAN_LSTM,BTC-USD,2026-06-11 18:15:00,0.0027732428,0.0025816122
CEEMDAN_LSTM,BTC-USD,2026-06-11 18:30:00,0.0027769555,0.002586525
CEEMDAN_LSTM,BTC-USD,2026-06-11 18:45:00,0.002791888,0.0025875196
CEEMDAN_LSTM,BTC-USD,2026-06-11 19:00:00,0.002803823,0.0025883808
CEEMDAN_LSTM,BTC-USD,2026-06-11 19:15:00,0.0027925845,0.002586305
CEEMDAN_LSTM,BTC-USD,2026-06-11 19:30:00,0.0027970143,0.0025500725
CEEMDAN_LSTM,BTC-USD,2026-06-11 19:45:00,0.0028017282,0.0025507999
CEEMDAN_LSTM,BTC-USD,2026-06-11 20:00:00,0.0027613228,0.0025524765
CEEMDAN_LSTM,BTC-USD,2026-06-11 20:15:00,0.0027421738,0.0025561794
CEEMDAN_LSTM,BTC-USD,2026-06-11 20:30:00,0.002756554,0.0025569308
CEEMDAN_LSTM,BTC-USD,2026-06-11 20:45:00,0.0027794242,0.0025589452
CEEMDAN_LSTM,BTC-USD,2026-06-11 21:00:00,0.0027799641,0.0025635252
CEEMDAN_LSTM,BTC-USD,2026-06-11 21:15:00,0.002765029,0.0025637152
CEEMDAN_LSTM,BTC-USD,2026-06-11 21:30:00,0.0027602403,0.0025629806
CEEMDAN_LSTM,BTC-USD,2026-06-11 21:45:00,0.002753423,0.00256251
CEEMDAN_LSTM,BTC-USD,2026-06-11 22:00:00,0.0027576685,0.0025646419
CEEMDAN_LSTM,BTC-USD,2026-06-11 22:15:00,0.0027595102,0.0025510346
CEEMDAN_LSTM,BTC-USD,2026-06-11 22:30:00,0.0027660544,0.0025482946
CEEMDAN_LSTM,BTC-USD,2026-06-11 22:45:00,0.0027583523,0.0025482918
CEEMDAN_LSTM,BTC-USD,2026-06-11 23:00:00,0.0027547192,0.002535788
CEEMDAN_LSTM,BTC-USD,2026-06-11 23:15:00,0.0027581204,0.002535476
CEEMDAN_LSTM,BTC-USD,2026-06-11 23:30:00,0.0027527711,0.002545695
CEEMDAN_LSTM,BTC-USD,2026-06-11 23:45:00,0.0027411021,0.0025419039
CEEMDAN_LSTM,BTC-USD,2026-06-12 00:00:00,0.0027428176,0.0025443803
CEEMDAN_LSTM,BTC-USD,2026-06-12 00:15:00,0.002731435,0.002547543
CEEMDAN_LSTM,BTC-USD,2026-06-12 00:30:00,0.0027371477,0.002543384
CEEMDAN_LSTM,BTC-USD,2026-06-12 00:45:00,0.0027413827,0.0025430406
CEEMDAN_LSTM,BTC-USD,2026-06-12 01:00:00,0.0027417082,0.0025481835
CEEMDAN_LSTM,BTC-USD,2026-06-12 01:15:00,0.002741683,0.0025513775
CEEMDAN_LSTM,BTC-USD,2026-06-12 01:30:00,0.002751593,0.0025510401
CEEMDAN_LSTM,BTC-USD,2026-06-12 01:45:00,0.002754362,0.00255019
CEEMDAN_LSTM,BTC-USD,2026-06-12 02:00:00,0.0027505148,0.0025461952
CEEMDAN_LSTM,BTC-USD,2026-06-12 02:15:00,0.002746166,0.0025474261
CEEMDAN_LSTM,BTC-USD,2026-06-12 02:30:00,0.0027445806,0.002548259
CEEMDAN_LSTM,BTC-USD,2026-06-12 02:45:00,0.0027329954,0.002547303
CEEMDAN_LSTM,BTC-USD,2026-06-12 03:00:00,0.002739151,0.0025454634
CEEMDAN_LSTM,BTC-USD,2026-06-12 03:15:00,0.0027484985,0.0025401965
CEEMDAN_LSTM,BTC-USD,2026-06-12 03:30:00,0.00275343,0.002536499
CEEMDAN_LSTM,BTC-USD,2026-06-12 03:45:00,0.0027424127,0.0025346812
CEEMDAN_LSTM,BTC-USD,2026-06-12 04:00:00,0.0027270755,0.0025335646
CEEMDAN_LSTM,BTC-USD,2026-06-12 04:15:00,0.002722579,0.0025387902
CEEMDAN_LSTM,BTC-USD,2026-06-12 04:30:00,0.002719,0.0025382133
CEEMDAN_LSTM,BTC-USD,2026-06-12 04:45:00,0.0027256538,0.0025333893
CEEMDAN_LSTM,BTC-USD,2026-06-12 05:00:00,0.0027178735,0.0025313015
CEEMDAN_LSTM,BTC-USD,2026-06-12 05:15:00,0.0027175595,0.0024945664
CEEMDAN_LSTM,BTC-USD,2026-06-12 05:30:00,0.002715924,0.0024834455
CEEMDAN_LSTM,BTC-USD,2026-06-12 05:45:00,0.002701938,0.0024777402
CEEMDAN_LSTM,BTC-USD,2026-06-12 06:00:00,0.002685689,0.002476418
CEEMDAN_LSTM,BTC-USD,2026-06-12 06:15:00,0.0026791575,0.0024572602
CEEMDAN_LSTM,BTC-USD,2026-06-12 06:30:00,0.00267854,0.002468995
CEEMDAN_LSTM,BTC-USD,2026-06-12 06:45:00,0.0026728841,0.0024616856
CEEMDAN_LSTM,BTC-USD,2026-06-12 07:00:00,0.0026753226,0.0024575784
CEEMDAN_LSTM,BTC-USD,2026-06-12 07:15:00,0.0026765119,0.0024577957
CEEMDAN_LSTM,BTC-USD,2026-06-12 07:30:00,0.0026645074,0.002448035
CEEMDAN_LSTM,BTC-USD,2026-06-12 07:45:00,0.0026527252,0.0024446687
CEEMDAN_LSTM,BTC-USD,2026-06-12 08:00:00,0.0026494307,0.0024427697
CEEMDAN_LSTM,BTC-USD,2026-06-12 08:15:00,0.002648721,0.0024489341
CEEMDAN_LSTM,BTC-USD,2026-06-12 08:30:00,0.0026398767,0.0024520678
CEEMDAN_LSTM,BTC-USD,2026-06-12 08:45:00,0.0026418301,0.0024530923
CEEMDAN_LSTM,BTC-USD,2026-06-12 09:00:00,0.0026417726,0.0024539605
CEEMDAN_LSTM,BTC-USD,2026-06-12 09:15:00,0.002649639,0.0024613705
CEEMDAN_LSTM,BTC-USD,2026-06-12 09:30:00,0.002657229,0.002459563
CEEMDAN_LSTM,BTC-USD,2026-06-12 09:45:00,0.002658423,0.0024564487
CEEMDAN_LSTM,BTC-USD,2026-06-12 10:00:00,0.0026560205,0.0024563875
CEEMDAN_LSTM,BTC-USD,2026-06-12 10:15:00,0.002657937,0.0024602935
CEEMDAN_LSTM,BTC-USD,2026-06-12 10:30:00,0.0026709824,0.0024611573
CEEMDAN_LSTM,BTC-USD,2026-06-12 10:45:00,0.0026725393,0.0024519728
CEEMDAN_LSTM,BTC-USD,2026-06-12 11:00:00,0.0026723559,0.0024532324
CEEMDAN_LSTM,BTC-USD,2026-06-12 11:15:00,0.0026596775,0.0024507192
CEEMDAN_LSTM,BTC-USD,2026-06-12 11:30:00,0.00265502,0.0024506908
CEEMDAN_LSTM,BTC-USD,2026-06-12 11:45:00,0.0026521077,0.0024510114
CEEMDAN_LSTM,BTC-USD,2026-06-12 12:00:00,0.0026518598,0.0024544897
CEEMDAN_LSTM,BTC-USD,2026-06-12 12:15:00,0.0026525068,0.0024358772
CEEMDAN_LSTM,BTC-USD,2026-06-12 12:30:00,0.0026590717,0.002436186
CEEMDAN_LSTM,BTC-USD,2026-06-12 12:45:00,0.0026478407,0.002435927
CEEMDAN_LSTM,BTC-USD,2026-06-12 13:00:00,0.0026361449,0.0024348574
CEEMDAN_LSTM,BTC-USD,2026-06-12 13:15:00,0.0026292268,0.0024357606
CEEMDAN_LSTM,BTC-USD,2026-06-12 13:30:00,0.0026296063,0.0024507155
CEEMDAN_LSTM,BTC-USD,2026-06-12 13:45:00,0.0026390706,0.0024476263
CEEMDAN_LSTM,BTC-USD,2026-06-12 14:00:00,0.0026503594,0.002458618
CEEMDAN_LSTM,BTC-USD,2026-06-12 14:15:00,0.002641016,0.0024647396
CEEMDAN_LSTM,BTC-USD,2026-06-12 14:30:00,0.002631241,0.0024670458
CEEMDAN_LSTM,BTC-USD,2026-06-12 14:45:00,0.0026433652,0.002512362
CEEMDAN_LSTM,BTC-USD,2026-06-12 15:00:00,0.002647206,0.0025337155
CEEMDAN_LSTM,BTC-USD,2026-06-12 15:15:00,0.0026668631,0.002544118
CEEMDAN_LSTM,BTC-USD,2026-06-12 15:30:00,0.0026915162,0.002531293
CEEMDAN_LSTM,BTC-USD,2026-06-12 15:45:00,0.002708643,0.0025177721
CEEMDAN_LSTM,BTC-USD,2026-06-12 16:00:00,0.0027011924,0.0025295382
CEEMDAN_LSTM,BTC-USD,2026-06-12 16:15:00,0.0026836419,0.0025297506
CEEMDAN_LSTM,BTC-USD,2026-06-12 16:30:00,0.0026986417,0.0025223389
CEEMDAN_LSTM,BTC-USD,2026-06-12 16:45:00,0.0026963789,0.0025245287
CEEMDAN_LSTM,BTC-USD,2026-06-12 17:00:00,0.0026777117,0.0025216516
CEEMDAN_LSTM,BTC-USD,2026-06-12 17:15:00,0.002675976,0.0025209766
CEEMDAN_LSTM,BTC-USD,2026-06-12 17:30:00,0.0026821853,0.0025174678
CEEMDAN_LSTM,BTC-USD,2026-06-12 17:45:00,0.0026879862,0.0025163647
CEEMDAN_LSTM,BTC-USD,2026-06-12 18:00:00,0.0026829343,0.002513778
CEEMDAN_LSTM,BTC-USD,2026-06-12 18:15:00,0.00268303,0.00251099
CEEMDAN_LSTM,BTC-USD,2026-06-12 18:30:00,0.0026876612,0.0025116717
CEEMDAN_LSTM,BTC-USD,2026-06-12 18:45:00,0.0026834991,0.0025185742
CEEMDAN_LSTM,BTC-USD,2026-06-12 19:00:00,0.0026824325,0.002518045
CEEMDAN_LSTM,BTC-USD,2026-06-12 19:15:00,0.0026816442,0.0025176862
CEEMDAN_LSTM,BTC-USD,2026-06-12 19:30:00,0.002684111,0.0025062656
CEEMDAN_LSTM,BTC-USD,2026-06-12 19:45:00,0.0026841494,0.0025058037
CEEMDAN_LSTM,BTC-USD,2026-06-12 20:00:00,0.0026774942,0.0025018377
CEEMDAN_LSTM,BTC-USD,2026-06-12 20:15:00,0.0026719244,0.0025035958
CEEMDAN_LSTM,BTC-USD,2026-06-12 20:30:00,0.002668421,0.002503573
CEEMDAN_LSTM,BTC-USD,2026-06-12 20:45:00,0.0026651393,0.0025042703
CEEMDAN_LSTM,BTC-USD,2026-06-12 21:00:00,0.0026635816,0.0025082615
CEEMDAN_LSTM,BTC-USD,2026-06-12 21:15:00,0.0026602019,0.0025096003
CEEMDAN_LSTM,BTC-USD,2026-06-12 21:30:00,0.002671689,0.002508246
CEEMDAN_LSTM,BTC-USD,2026-06-12 21:45:00,0.0026695554,0.002508891
CEEMDAN_LSTM,BTC-USD,2026-06-12 22:00:00,0.0026631816,0.0025071122
CEEMDAN_LSTM,BTC-USD,2026-06-12 22:15:00,0.0026628028,0.002507713
CEEMDAN_LSTM,BTC-USD,2026-06-12 22:30:00,0.0026613974,0.0025070368
CEEMDAN_LSTM,BTC-USD,2026-06-12 22:45:00,0.0026610175,0.0025053024
CEEMDAN_LSTM,BTC-USD,2026-06-12 23:00:00,0.002657937,0.0025052025
CEEMDAN_LSTM,BTC-USD,2026-06-12 23:15:00,0.002660065,0.002502844
CEEMDAN_LSTM,BTC-USD,2026-06-12 23:30:00,0.0026638785,0.0024858413
CEEMDAN_LSTM,BTC-USD,2026-06-12 23:45:00,0.0026624734,0.0024866257
CEEMDAN_LSTM,BTC-USD,2026-06-13 00:00:00,0.002646668,0.0024784799
CEEMDAN_LSTM,BTC-USD,2026-06-13 00:15:00,0.0026406897,0.0024754715
CEEMDAN_LSTM,BTC-USD,2026-06-13 00:30:00,0.0026406932,0.002475539
CEEMDAN_LSTM,BTC-USD,2026-06-13 00:45:00,0.0026395028,0.0024746454
CEEMDAN_LSTM,BTC-USD,2026-06-13 01:00:00,0.0026409216,0.0024728277
CEEMDAN_LSTM,BTC-USD,2026-06-13 01:15:00,0.0026389915,0.002471557
CEEMDAN_LSTM,BTC-USD,2026-06-13 01:30:00,0.0026358322,0.0024728663
CEEMDAN_LSTM,BTC-USD,2026-06-13 01:45:00,0.002632138,0.0024732552
CEEMDAN_LSTM,BTC-USD,2026-06-13 02:00:00,0.002632282,0.00246338
CEEMDAN_LSTM,BTC-USD,2026-06-13 02:15:00,0.002634338,0.0024544776
CEEMDAN_LSTM,BTC-USD,2026-06-13 02:30:00,0.0026292838,0.002456115
CEEMDAN_LSTM,BTC-USD,2026-06-13 02:45:00,0.002622878,0.0024561181
CEEMDAN_LSTM,BTC-USD,2026-06-13 03:00:00,0.0026219008,0.002450844
CEEMDAN_LSTM,BTC-USD,2026-06-13 03:15:00,0.0026215352,0.0024551898
CEEMDAN_LSTM,BTC-USD,2026-06-13 03:30:00,0.0026192653,0.0023981791
CEEMDAN_LSTM,BTC-USD,2026-06-13 03:45:00,0.002618108,0.0023942962
CEEMDAN_LSTM,BTC-USD,2026-06-13 04:00:00,0.002581999,0.0023938697
CEEMDAN_LSTM,BTC-USD,2026-06-13 04:15:00,0.0025646458,0.0023938387
CEEMDAN_LSTM,BTC-USD,2026-06-13 04:30:00,0.0025695818,0.0022534442
CEEMDAN_LSTM,BTC-USD,2026-06-13 04:45:00,0.0025710166,0.0022452914
CEEMDAN_LSTM,BTC-USD,2026-06-13 05:00:00,0.0024813071,0.0022412804
CEEMDAN_LSTM,BTC-USD,2026-06-13 05:15:00,0.002428852,0.0022409493
CEEMDAN_LSTM,BTC-USD,2026-06-13 05:30:00,0.0024387916,0.0022375027
CEEMDAN_LSTM,BTC-USD,2026-06-13 05:45:00,0.002455644,0.002223831
CEEMDAN_LSTM,BTC-USD,2026-06-13 06:00:00,0.0024500901,0.0022086126
CEEMDAN_LSTM,BTC-USD,2026-06-13 06:15:00,0.0024343897,0.0021874667
CEEMDAN_LSTM,BTC-USD,2026-06-13 06:30:00,0.0024214697,0.0021836837
CEEMDAN_LSTM,BTC-USD,2026-06-13 06:45:00,0.002406477,0.0021707416
CEEMDAN_LSTM,BTC-USD,2026-06-13 07:00:00,0.0023959344,0.002146334
CEEMDAN_LSTM,BTC-USD,2026-06-13 07:15:00,0.0023874538,0.0021464494
CEEMDAN_LSTM,BTC-USD,2026-06-13 07:30:00,0.002367248,0.002145974
CEEMDAN_LSTM,BTC-USD,2026-06-13 07:45:00,0.002356931,0.002145962
CEEMDAN_LSTM,BTC-USD,2026-06-13 08:00:00,0.0023552075,0.0021422678
CEEMDAN_LSTM,BTC-USD,2026-06-13 08:15:00,0.0023593425,0.0021316267
CEEMDAN_LSTM,BTC-USD,2026-06-13 08:30:00,0.002360155,0.0021255198
CEEMDAN_LSTM,BTC-USD,2026-06-13 08:45:00,0.002349419,0.002113886
CEEMDAN_LSTM,BTC-USD,2026-06-13 09:00:00,0.0023378343,0.002113747
CEEMDAN_LSTM,BTC-USD,2026-06-13 09:15:00,0.0023284624,0.002113264
CEEMDAN_LSTM,BTC-USD,2026-06-13 09:30:00,0.0023262862,0.002095274
CEEMDAN_LSTM,BTC-USD,2026-06-13 09:45:00,0.0023230794,0.0020940055
CEEMDAN_LSTM,BTC-USD,2026-06-13 10:00:00,0.002308739,0.0020899072
CEEMDAN_LSTM,BTC-USD,2026-06-13 10:15:00,0.0023015842,0.0020896094
CEEMDAN_LSTM,BTC-USD,2026-06-13 10:30:00,0.0023020457,0.002078677
CEEMDAN_LSTM,BTC-USD,2026-06-13 10:45:00,0.0023044408,0.0020771476
CEEMDAN_LSTM,BTC-USD,2026-06-13 11:00:00,0.00229745,0.0020736097
CEEMDAN_LSTM,BTC-USD,2026-06-13 11:15:00,0.002288845,0.0020718786
CEEMDAN_LSTM,BTC-USD,2026-06-13 11:30:00,0.0022828013,0.002069237
CEEMDAN_LSTM,BTC-USD,2026-06-13 11:45:00,0.002279457,0.002069649
CEEMDAN_LSTM,BTC-USD,2026-06-13 12:00:00,0.0022798267,0.002052432
CEEMDAN_LSTM,BTC-USD,2026-06-13 12:15:00,0.0022831282,0.002052377
CEEMDAN_LSTM,BTC-USD,2026-06-13 12:30:00,0.0022680045,0.0020500757
CEEMDAN_LSTM,BTC-USD,2026-06-13 12:45:00,0.002255316,0.0020242154
CEEMDAN_LSTM,BTC-USD,2026-06-13 13:00:00,0.002253998,0.0020202112
CEEMDAN_LSTM,BTC-USD,2026-06-13 13:15:00,0.0022382655,0.0020207642
CEEMDAN_LSTM,BTC-USD,2026-06-13 13:30:00,0.0022233957,0.0020014062
CEEMDAN_LSTM,BTC-USD,2026-06-13 13:45:00,0.0022234668,0.0019948354
CEEMDAN_LSTM,BTC-USD,2026-06-13 14:00:00,0.0022144755,0.0019859746
CEEMDAN_LSTM,BTC-USD,2026-06-13 14:15:00,0.0022035684,0.0019566286
CEEMDAN_LSTM,BTC-USD,2026-06-13 14:30:00,0.0021915478,0.0019569467
CEEMDAN_LSTM,BTC-USD,2026-06-13 14:45:00,0.0021642423,0.0019566535
CEEMDAN_LSTM,BTC-USD,2026-06-13 15:00:00,0.0021528704,0.0019501633
CEEMDAN_LSTM,BTC-USD,2026-06-13 15:15:00,0.002153768,0.0019406672
CEEMDAN_LSTM,BTC-USD,2026-06-13 15:30:00,0.0021501395,0.0019382469
CEEMDAN_LSTM,BTC-USD,2026-06-13 15:45:00,0.002141062,0.001938576
CEEMDAN_LSTM,BTC-USD,2026-06-13 16:00:00,0.0021397814,0.0019389455
CEEMDAN_LSTM,BTC-USD,2026-06-13 16:15:00,0.0021428661,0.001937534
CEEMDAN_LSTM,BTC-USD,2026-06-13 16:30:00,0.002144353,0.0019372653
CEEMDAN_LSTM,BTC-USD,2026-06-13 16:45:00,0.0021440177,0.0019367189
CEEMDAN_LSTM,BTC-USD,2026-06-13 17:00:00,0.0021379194,0.0019373749
CEEMDAN_LSTM,BTC-USD,2026-06-13 17:15:00,0.002136149,0.0019366454
CEEMDAN_LSTM,BTC-USD,2026-06-13 17:30:00,0.002141645,0.0019366555
CEEMDAN_LSTM,BTC-USD,2026-06-13 17:45:00,0.0021366088,0.0019408364
CEEMDAN_LSTM,BTC-USD,2026-06-13 18:00:00,0.0021287731,0.0019414054
CEEMDAN_LSTM,BTC-USD,2026-06-13 18:15:00,0.0021367858,0.0019444376
CEEMDAN_LSTM,BTC-USD,2026-06-13 18:30:00,0.0021406817,0.0019290136
CEEMDAN_LSTM,BTC-USD,2026-06-13 18:45:00,0.0021311056,0.0019080995
CEEMDAN_LSTM,BTC-USD,2026-06-13 19:00:00,0.002114904,0.0019083762
CEEMDAN_LSTM,BTC-USD,2026-06-13 19:15:00,0.0021034253,0.0019078113
CEEMDAN_LSTM,BTC-USD,2026-06-13 19:30:00,0.002105535,0.0019098409
CEEMDAN_LSTM,BTC-USD,2026-06-13 19:45:00,0.0021082037,0.0019089091
CEEMDAN_LSTM,BTC-USD,2026-06-13 20:00:00,0.0021052307,0.0019059976
CEEMDAN_LSTM,BTC-USD,2026-06-13 20:15:00,0.0021007843,0.0019063223
CEEMDAN_LSTM,BTC-USD,2026-06-13 20:30:00,0.0021002947,0.0019053482
CEEMDAN_LSTM,BTC-USD,2026-06-13 20:45:00,0.002100416,0.001903093
CEEMDAN_LSTM,BTC-USD,2026-06-13 21:00:00,0.002097688,0.0018964951
CEEMDAN_LSTM,BTC-USD,2026-06-13 21:15:00,0.0020957084,0.0018944822
CEEMDAN_LSTM,BTC-USD,2026-06-13 21:30:00,0.0020987778,0.001919314
CEEMDAN_LSTM,BTC-USD,2026-06-13 21:45:00,0.0021002945,0.0019123029
CEEMDAN_LSTM,BTC-USD,2026-06-13 22:00:00,0.00210241,0.0019095847
CEEMDAN_LSTM,BTC-USD,2026-06-13 22:15:00,0.002099835,0.0019073144
CEEMDAN_LSTM,BTC-USD,2026-06-13 22:30:00,0.0021034395,0.0019034601
CEEMDAN_LSTM,BTC-USD,2026-06-13 22:45:00,0.0021008,0.0019048876
CEEMDAN_LSTM,BTC-USD,2026-06-13 23:00:00,0.002096141,0.0019021515
CEEMDAN_LSTM,BTC-USD,2026-06-13 23:15:00,0.0021019697,0.0018985338
CEEMDAN_LSTM,BTC-USD,2026-06-13 23:30:00,0.00210471,0.0018957972
CEEMDAN_LSTM,BTC-USD,2026-06-13 23:45:00,0.0020954276,0.001893732
CEEMDAN_LSTM,BTC-USD,2026-06-14 00:00:00,0.002085642,0.0018912342
CEEMDAN_LSTM,BTC-USD,2026-06-14 00:15:00,0.00208575,0.0018906267
CEEMDAN_LSTM,BTC-USD,2026-06-14 00:30:00,0.002087203,0.0018899441
CEEMDAN_LSTM,BTC-USD,2026-06-14 00:45:00,0.0020842145,0.0018898804
CEEMDAN_LSTM,BTC-USD,2026-06-14 01:00:00,0.0020771564,0.0018906965
CEEMDAN_LSTM,BTC-USD,2026-06-14 01:15:00,0.0020721513,0.001889812
CEEMDAN_LSTM,BTC-USD,2026-06-14 01:30:00,0.0020724563,0.0018909937
CEEMDAN_LSTM,BTC-USD,2026-06-14 01:45:00,0.0020735734,0.0018797718
CEEMDAN_LSTM,BTC-USD,2026-06-14 02:00:00,0.002079288,0.001879205
CEEMDAN_LSTM,BTC-USD,2026-06-14 02:15:00,0.0020749674,0.0018805832
CEEMDAN_LSTM,BTC-USD,2026-06-14 02:30:00,0.0020666134,0.0018806161
CEEMDAN_LSTM,BTC-USD,2026-06-14 02:45:00,0.0020688595,0.0018805988
CEEMDAN_LSTM,BTC-USD,2026-06-14 03:00:00,0.0020749765,0.0018802416
CEEMDAN_LSTM,BTC-USD,2026-06-14 03:15:00,0.0020730132,0.0018196758
CEEMDAN_LSTM,BTC-USD,2026-06-14 03:30:00,0.0020655626,0.001805885
CEEMDAN_LSTM,BTC-USD,2026-06-14 03:45:00,0.002021122,0.001804891
CEEMDAN_LSTM,BTC-USD,2026-06-14 04:00:00,0.0019824295,0.0018019368
CEEMDAN_LSTM,BTC-USD,2026-06-14 04:15:00,0.0019786346,0.0017999245
CEEMDAN_LSTM,BTC-USD,2026-06-14 04:30:00,0.0019872158,0.0017963889
CEEMDAN_LSTM,BTC-USD,2026-06-14 04:45:00,0.0019839008,0.0017939976
CEEMDAN_LSTM,BTC-USD,2026-06-14 05:00:00,0.0019761147,0.0017722708
CEEMDAN_LSTM,BTC-USD,2026-06-14 05:15:00,0.001975615,0.0017613692
CEEMDAN_LSTM,BTC-USD,2026-06-14 05:30:00,0.0019623977,0.0017545341
CEEMDAN_LSTM,BTC-USD,2026-06-14 05:45:00,0.0019493866,0.001749022
CEEMDAN_LSTM,BTC-USD,2026-06-14 06:00:00,0.00194171,0.001751741
CEEMDAN_LSTM,BTC-USD,2026-06-14 06:15:00,0.0019401419,0.0017543382
CEEMDAN_LSTM,BTC-USD,2026-06-14 06:30:00,0.0019383524,0.0017582113
CEEMDAN_LSTM,BTC-USD,2026-06-14 06:45:00,0.0019371617,0.0017572994
CEEMDAN_LSTM,BTC-USD,2026-06-14 07:00:00,0.0019415405,0.0017573201
CEEMDAN_LSTM,BTC-USD,2026-06-14 07:15:00,0.0019422909,0.0017501245
CEEMDAN_LSTM,BTC-USD,2026-06-14 07:30:00,0.0019417619,0.0017509521
CEEMDAN_LSTM,BTC-USD,2026-06-14 07:45:00,0.0019363785,0.0017519507
CEEMDAN_LSTM,BTC-USD,2026-06-14 08:00:00,0.0019308681,0.0017481125
CEEMDAN_LSTM,BTC-USD,2026-06-14 08:15:00,0.001929501,0.0016825928
CEEMDAN_LSTM,BTC-USD,2026-06-14 08:30:00,0.0019285331,0.0016384057
CEEMDAN_LSTM,BTC-USD,2026-06-14 08:45:00,0.0019010048,0.0016124261
CEEMDAN_LSTM,BTC-USD,2026-06-14 09:00:00,0.0018587656,0.0016048718
CEEMDAN_LSTM,BTC-USD,2026-06-14 09:15:00,0.0018256458,0.0016037001
CEEMDAN_LSTM,BTC-USD,2026-06-14 09:30:00,0.001813745,0.0016062063
CEEMDAN_LSTM,BTC-USD,2026-06-14 09:45:00,0.0018172056,0.0016050487
CEEMDAN_LSTM,BTC-USD,2026-06-14 10:00:00,0.0018164536,0.0016057981
CEEMDAN_LSTM,BTC-USD,2026-06-14 10:15:00,0.0018067955,0.0016058843
CEEMDAN_LSTM,BTC-USD,2026-06-14 10:30:00,0.001805565,0.0016032798
CEEMDAN_LSTM,BTC-USD,2026-06-14 10:45:00,0.0018068517,0.0016043381
CEEMDAN_LSTM,BTC-USD,2026-06-14 11:00:00,0.0017996508,0.0016018021
CEEMDAN_LSTM,BTC-USD,2026-06-14 11:15:00,0.0017967229,0.0015937877
CEEMDAN_LSTM,BTC-USD,2026-06-14 11:30:00,0.0017991236,0.0015914227
CEEMDAN_LSTM,BTC-USD,2026-06-14 11:45:00,0.0017969414,0.0015898984
CEEMDAN_LSTM,BTC-USD,2026-06-14 12:00:00,0.0017889355,0.0015842144
CEEMDAN_LSTM,BTC-USD,2026-06-14 12:15:00,0.001783563,0.0015827052
CEEMDAN_LSTM,BTC-USD,2026-06-14 12:30:00,0.0017816424,0.0015856831
CEEMDAN_LSTM,BTC-USD,2026-06-14 12:45:00,0.001775574,0.0015859221
CEEMDAN_LSTM,BTC-USD,2026-06-14 13:00:00,0.0017726864,0.0015828355
CEEMDAN_LSTM,BTC-USD,2026-06-14 13:15:00,0.0017755268,0.0015842291
CEEMDAN_LSTM,BTC-USD,2026-06-14 13:30:00,0.0017729654,0.0015833459
CEEMDAN_LSTM,BTC-USD,2026-06-14 13:45:00,0.0017705379,0.0015842591
CEEMDAN_LSTM,BTC-USD,2026-06-14 14:00:00,0.0017676235,0.0015810312
CEEMDAN_LSTM,BTC-USD,2026-06-14 14:15:00,0.001765455,0.0015877588
CEEMDAN_LSTM,BTC-USD,2026-06-14 14:30:00,0.001759493,0.0015831966
CEEMDAN_LSTM,BTC-USD,2026-06-14 14:45:00,0.0017588666,0.001583671
CEEMDAN_LSTM,BTC-USD,2026-06-14 15:00:00,0.0017689726,0.0015842958
CEEMDAN_LSTM,BTC-USD,2026-06-14 15:15:00,0.0017703854,0.0015796912
CEEMDAN_LSTM,BTC-USD,2026-06-14 15:30:00,0.0017550088,0.0015793737
CEEMDAN_LSTM,BTC-USD,2026-06-14 15:45:00,0.0017461204,0.0015794251
CEEMDAN_LSTM,BTC-USD,2026-06-14 16:00:00,0.0017542229,0.001571874
CEEMDAN_LSTM,BTC-USD,2026-06-14 16:15:00,0.0017582529,0.0015664587
CEEMDAN_LSTM,BTC-USD,2026-06-14 16:30:00,0.0017421381,0.00156637
CEEMDAN_LSTM,BTC-USD,2026-06-14 16:45:00,0.0017209451,0.0015801585
CEEMDAN_LSTM,BTC-USD,2026-06-14 17:00:00,0.0017152973,0.0015642185
CEEMDAN_LSTM,BTC-USD,2026-06-14 17:15:00,0.0017365408,0.0015620457
CEEMDAN_LSTM,BTC-USD,2026-06-14 17:30:00,0.0017410624,0.001561428
CEEMDAN_LSTM,BTC-USD,2026-06-14 17:45:00,0.0017254497,0.0015648232
CEEMDAN_LSTM,BTC-USD,2026-06-14 18:00:00,0.0017139897,0.0015626136
CEEMDAN_LSTM,BTC-USD,2026-06-14 18:15:00,0.0017219993,0.001559523
CEEMDAN_LSTM,BTC-USD,2026-06-14 18:30:00,0.0017284986,0.001560037
CEEMDAN_LSTM,BTC-USD,2026-06-14 18:45:00,0.0017218232,0.0015597445
CEEMDAN_LSTM,BTC-USD,2026-06-14 19:00:00,0.0017134207,0.001559955
CEEMDAN_LSTM,BTC-USD,2026-06-14 19:15:00,0.0017119137,0.0015341231
CEEMDAN_LSTM,BTC-USD,2026-06-14 19:30:00,0.0017159181,0.0015331804
CEEMDAN_LSTM,BTC-USD,2026-06-14 19:45:00,0.0017040916,0.0015334649
CEEMDAN_LSTM,BTC-USD,2026-06-14 20:00:00,0.0016918813,0.0015115195
CEEMDAN_LSTM,BTC-USD,2026-06-14 20:15:00,0.0016930104,0.0015143303
CEEMDAN_LSTM,BTC-USD,2026-06-14 20:30:00,0.0016902823,0.0015162353
CEEMDAN_LSTM,BTC-USD,2026-06-14 20:45:00,0.0016800554,0.0015160228
CEEMDAN_LSTM,BTC-USD,2026-06-14 21:00:00,0.0016717894,0.0015177064
CEEMDAN_LSTM,BTC-USD,2026-06-14 21:15:00,0.0016845535,0.0016456476
CEEMDAN_LSTM,BTC-USD,2026-06-14 21:30:00,0.0017075364,0.001694418
CEEMDAN_LSTM,BTC-USD,2026-06-14 21:45:00,0.0017525486,0.0016939943
CEEMDAN_LSTM,BTC-USD,2026-06-14 22:00:00,0.0017865867,0.0017067872
CEEMDAN_LSTM,BTC-USD,2026-06-14 22:15:00,0.0018090461,0.0017082946
CEEMDAN_LSTM,BTC-USD,2026-06-14 22:30:00,0.0018417723,0.0017245411
CEEMDAN_LSTM,BTC-USD,2026-06-14 22:45:00,0.0018621888,0.0017249763
CEEMDAN_LSTM,BTC-USD,2026-06-14 23:00:00,0.0018648327,0.0017188928
CEEMDAN_LSTM,BTC-USD,2026-06-14 23:15:00,0.00186431,0.0017082484
CEEMDAN_LSTM,BTC-USD,2026-06-14 23:30:00,0.0018622369,0.0017067144
CEEMDAN_LSTM,BTC-USD,2026-06-14 23:45:00,0.0018511458,0.001712872
CEEMDAN_LSTM,BTC-USD,2026-06-15 00:00:00,0.0018499285,0.0017158443
CEEMDAN_LSTM,BTC-USD,2026-06-15 00:15:00,0.0018542537,0.0017102266
CEEMDAN_LSTM,BTC-USD,2026-06-15 00:30:00,0.0018474838,0.001719356
CEEMDAN_LSTM,BTC-USD,2026-06-15 00:45:00,0.0018418956,0.0017149623
CEEMDAN_LSTM,BTC-USD,2026-06-15 01:00:00,0.0018570871,0.001719068
CEEMDAN_LSTM,BTC-USD,2026-06-15 01:15:00,0.0018619114,0.0017148606
CEEMDAN_LSTM,BTC-USD,2026-06-15 01:30:00,0.0018584308,0.0017379994
CEEMDAN_LSTM,BTC-USD,2026-06-15 01:45:00,0.0018610227,0.0017480371
CEEMDAN_LSTM,BTC-USD,2026-06-15 02:00:00,0.0018636698,0.0017482799
CEEMDAN_LSTM,BTC-USD,2026-06-15 02:15:00,0.0018661277,0.001748377
CEEMDAN_LSTM,BTC-USD,2026-06-15 02:30:00,0.001868008,0.0017502566
CEEMDAN_LSTM,BTC-USD,2026-06-15 02:45:00,0.0018662255,0.0017528906
CEEMDAN_LSTM,BTC-USD,2026-06-15 03:00:00,0.0018741853,0.0017619864
CEEMDAN_LSTM,BTC-USD,2026-06-15 03:15:00,0.0018866681,0.0017537627
CEEMDAN_LSTM,BTC-USD,2026-06-15 03:30:00,0.00188548,0.0017599924
CEEMDAN_LSTM,BTC-USD,2026-06-15 03:45:00,0.0018700492,0.0017598659
CEEMDAN_LSTM,BTC-USD,2026-06-15 04:00:00,0.0018621704,0.0017698066
CEEMDAN_LSTM,BTC-USD,2026-06-15 04:15:00,0.0018645431,0.0017680782
CEEMDAN_LSTM,BTC-USD,2026-06-15 04:30:00,0.0018797402,0.001746506
CEEMDAN_LSTM,BTC-USD,2026-06-15 04:45:00,0.0018866447,0.0017459752
CEEMDAN_LSTM,BTC-USD,2026-06-15 05:00:00,0.0018730096,0.0017311927
CEEMDAN_LSTM,BTC-USD,2026-06-15 05:15:00,0.0018632535,0.0017255269
CEEMDAN_LSTM,BTC-USD,2026-06-15 05:30:00,0.0018554237,0.0017237663
CEEMDAN_LSTM,BTC-USD,2026-06-15 05:45:00,0.0018425235,0.0016591403
CEEMDAN_LSTM,BTC-USD,2026-06-15 06:00:00,0.0018368431,0.0016227156
CEEMDAN_LSTM,BTC-USD,2026-06-15 06:15:00,0.0018100112,0.0016073762
CEEMDAN_LSTM,BTC-USD,2026-06-15 06:30:00,0.00176624,0.0015943422
CEEMDAN_LSTM,BTC-USD,2026-06-15 06:45:00,0.0017313221,0.0015633899
CEEMDAN_LSTM,BTC-USD,2026-06-15 07:00:00,0.0017212519,0.001540965
CEEMDAN_LSTM,BTC-USD,2026-06-15 07:15:00,0.0017065135,0.0015453808
CEEMDAN_LSTM,BTC-USD,2026-06-15 07:30:00,0.0016792692,0.0015585036
CEEMDAN_LSTM,BTC-USD,2026-06-15 07:45:00,0.0016553295,0.0015553405
CEEMDAN_LSTM,BTC-USD,2026-06-15 08:00:00,0.001658409,0.0015517435
CEEMDAN_LSTM,BTC-USD,2026-06-15 08:15:00,0.0016679364,0.001551544
CEEMDAN_LSTM,BTC-USD,2026-06-15 08:30:00,0.0016579888,0.0015535522
CEEMDAN_LSTM,BTC-USD,2026-06-15 08:45:00,0.0016470252,0.0015573878
CEEMDAN_LSTM,BTC-USD,2026-06-15 09:00:00,0.0016441575,0.0015565581
CEEMDAN_LSTM,BTC-USD,2026-06-15 09:15:00,0.0016504832,0.0015564822
CEEMDAN_LSTM,BTC-USD,2026-06-15 09:30:00,0.0016549568,0.0015563817
CEEMDAN_LSTM,BTC-USD,2026-06-15 09:45:00,0.0016529489,0.0015453893
CEEMDAN_LSTM,BTC-USD,2026-06-15 10:00:00,0.0016542362,0.0015505948
CEEMDAN_LSTM,BTC-USD,2026-06-15 10:15:00,0.0016510298,0.001550789
CEEMDAN_LSTM,BTC-USD,2026-06-15 10:30:00,0.0016392575,0.0015475568
CEEMDAN_LSTM,BTC-USD,2026-06-15 10:45:00,0.0016336978,0.0015536284
CEEMDAN_LSTM,BTC-USD,2026-06-15 11:00:00,0.0016358307,0.0015535838
CEEMDAN_LSTM,BTC-USD,2026-06-15 11:15:00,0.0016341237,0.00157718
CEEMDAN_LSTM,BTC-USD,2026-06-15 11:30:00,0.0016383578,0.0015810818
CEEMDAN_LSTM,BTC-USD,2026-06-15 11:45:00,0.001647718,0.0015797322
CEEMDAN_LSTM,BTC-USD,2026-06-15 12:00:00,0.0016556049,0.0015738575
CEEMDAN_LSTM,BTC-USD,2026-06-15 12:15:00,0.001655487,0.0015707199
CEEMDAN_LSTM,BTC-USD,2026-06-15 12:30:00,0.0016485607,0.0015800121
CEEMDAN_LSTM,BTC-USD,2026-06-15 12:45:00,0.0016509339,0.0015804117
CEEMDAN_LSTM,BTC-USD,2026-06-15 13:00:00,0.0016569756,0.0015806663
CEEMDAN_LSTM,BTC-USD,2026-06-15 13:15:00,0.0016597398,0.0015914211
CEEMDAN_LSTM,BTC-USD,2026-06-15 13:30:00,0.0016658322,0.0016103766
CEEMDAN_LSTM,BTC-USD,2026-06-15 13:45:00,0.0016637867,0.0016171053
CEEMDAN_LSTM,BTC-USD,2026-06-15 14:00:00,0.0016707298,0.0016159442
CEEMDAN_LSTM,BTC-USD,2026-06-15 14:15:00,0.001689698,0.0016188405
CEEMDAN_LSTM,BTC-USD,2026-06-15 14:30:00,0.0016966132,0.0016186656
CEEMDAN_LSTM,BTC-USD,2026-06-15 14:45:00,0.0016914657,0.0016180937
CEEMDAN_LSTM,BTC-USD,2026-06-15 15:00:00,0.0016916512,0.0016183098
CEEMDAN_LSTM,BTC-USD,2026-06-15 15:15:00,0.0016951518,0.0016165929
CEEMDAN_LSTM,BTC-USD,2026-06-15 15:30:00,0.0016954086,0.0016307898
CEEMDAN_LSTM,BTC-USD,2026-06-15 15:45:00,0.0016976646,0.0016644632
CEEMDAN_LSTM,BTC-USD,2026-06-15 16:00:00,0.0017011131,0.00166375
CEEMDAN_LSTM,BTC-USD,2026-06-15 16:15:00,0.0017045117,0.0016654949
CEEMDAN_LSTM,BTC-USD,2026-06-15 16:30:00,0.0017106031,0.0016639724
CEEMDAN_LSTM,BTC-USD,2026-06-15 16:45:00,0.0017243745,0.0016626127
CEEMDAN_LSTM,BTC-USD,2026-06-15 17:00:00,0.001732992,0.0016806418
CEEMDAN_LSTM,BTC-USD,2026-06-15 17:15:00,0.0017302632,0.0016805457
CEEMDAN_LSTM,BTC-USD,2026-06-15 17:30:00,0.0017427248,0.0016779202
CEEMDAN_LSTM,BTC-USD,2026-06-15 17:45:00,0.0017602037,0.0016783966
CEEMDAN_LSTM,BTC-USD,2026-06-15 18:00:00,0.0017564459,0.0016790816
CEEMDAN_LSTM,BTC-USD,2026-06-15 18:15:00,0.0017435445,0.001672081
CEEMDAN_LSTM,BTC-USD,2026-06-15 18:30:00,0.0017420932,0.0016722865
CEEMDAN_LSTM,BTC-USD,2026-06-15 18:45:00,0.0017436553,0.0016727753
CEEMDAN_LSTM,BTC-USD,2026-06-15 19:00:00,0.0017453887,0.001674454
CEEMDAN_LSTM,BTC-USD,2026-06-15 19:15:00,0.0017472684,0.0017071287
CEEMDAN_LSTM,BTC-USD,2026-06-15 19:30:00,0.0017349761,0.0017148321
CEEMDAN_LSTM,BTC-USD,2026-06-15 19:45:00,0.001744512,0.0017166086
CEEMDAN_LSTM,BTC-USD,2026-06-15 20:00:00,0.0017642218,0.0017165395
CEEMDAN_LSTM,BTC-USD,2026-06-15 20:15:00,0.001772878,0.0017165538
CEEMDAN_LSTM,BTC-USD,2026-06-15 20:30:00,0.0017739533,0.0017165483
CEEMDAN_LSTM,BTC-USD,2026-06-15 20:45:00,0.0017690841,0.0017186138
CEEMDAN_LSTM,BTC-USD,2026-06-15 21:00:00,0.0017635588,0.0017185545
CEEMDAN_LSTM,BTC-USD,2026-06-15 21:15:00,0.0017666245,0.0017205698
CEEMDAN_LSTM,BTC-USD,2026-06-15 21:30:00,0.001768619,0.0017206477
CEEMDAN_LSTM,BTC-USD,2026-06-15 21:45:00,0.0017685844,0.0017217079
CEEMDAN_LSTM,BTC-USD,2026-06-15 22:00:00,0.0017700257,0.0017216129
CEEMDAN_LSTM,BTC-USD,2026-06-15 22:15:00,0.00177478,0.0017332825
CEEMDAN_LSTM,BTC-USD,2026-06-15 22:30:00,0.0017700915,0.0017370187
CEEMDAN_LSTM,BTC-USD,2026-06-15 22:45:00,0.0017707227,0.0017401245
CEEMDAN_LSTM,BTC-USD,2026-06-15 23:00:00,0.0017796502,0.0017398077
CEEMDAN_LSTM,BTC-USD,2026-06-15 23:15:00,0.001787735,0.0017401326
CEEMDAN_LSTM,BTC-USD,2026-06-15 23:30:00,0.0017873596,0.0017397983
CEEMDAN_LSTM,BTC-USD,2026-06-15 23:45:00,0.0017808691,0.0017381315
CEEMDAN_LSTM,BTC-USD,2026-06-16 00:00:00,0.001777072,0.001739179
CEEMDAN_LSTM,BTC-USD,2026-06-16 00:15:00,0.0017813549,0.0017448759
CEEMDAN_LSTM,BTC-USD,2026-06-16 00:30:00,0.0017818945,0.0017504534
CEEMDAN_LSTM,BTC-USD,2026-06-16 00:45:00,0.001782127,0.0017550378
CEEMDAN_LSTM,BTC-USD,2026-06-16 01:00:00,0.0017839618,0.0017548116
CEEMDAN_LSTM,BTC-USD,2026-06-16 01:15:00,0.001787555,0.0017562452
CEEMDAN_LSTM,BTC-USD,2026-06-16 01:30:00,0.0017890771,0.0017549663
CEEMDAN_LSTM,BTC-USD,2026-06-16 01:45:00,0.0017857841,0.0017548364
CEEMDAN_LSTM,BTC-USD,2026-06-16 02:00:00,0.0017877566,0.0017758767
CEEMDAN_LSTM,BTC-USD,2026-06-16 02:15:00,0.0017873711,0.001796018
CEEMDAN_LSTM,BTC-USD,2026-06-16 02:30:00,0.001795076,0.0017974637
CEEMDAN_LSTM,BTC-USD,2026-06-16 02:45:00,0.0018204125,0.0018023504
CEEMDAN_LSTM,BTC-USD,2026-06-16 03:00:00,0.0018303561,0.0018029234
CEEMDAN_LSTM,BTC-USD,2026-06-16 03:15:00,0.0018268127,0.0018092837
CEEMDAN_LSTM,BTC-USD,2026-06-16 03:30:00,0.0018236897,0.0018138842
CEEMDAN_LSTM,BTC-USD,2026-06-16 03:45:00,0.0018197662,0.0018099126
CEEMDAN_LSTM,BTC-USD,2026-06-16 04:00:00,0.0018158185,0.001809639
CEEMDAN_LSTM,BTC-USD,2026-06-16 04:15:00,0.001816464,0.001817081
CEEMDAN_LSTM,BTC-USD,2026-06-16 04:30:00,0.0018232799,0.0018180298
CEEMDAN_LSTM,BTC-USD,2026-06-16 04:45:00,0.0018379828,0.0018174287
CEEMDAN_LSTM,BTC-USD,2026-06-16 05:00:00,0.0018492931,0.0018244047
CEEMDAN_LSTM,BTC-USD,2026-06-16 05:15:00,0.0018485582,0.0018247538
CEEMDAN_LSTM,BTC-USD,2026-06-16 05:30:00,0.0018393528,0.0018242499
CEEMDAN_LSTM,BTC-USD,2026-06-16 05:45:00,0.0018317979,0.0018243726
CEEMDAN_LSTM,BTC-USD,2026-06-16 06:00:00,0.0018336694,0.0018272358
CEEMDAN_LSTM,BTC-USD,2026-06-16 06:15:00,0.0018397695,0.0018316484
CEEMDAN_LSTM,BTC-USD,2026-06-16 06:30:00,0.0018404135,0.0018316527
CEEMDAN_LSTM,BTC-USD,2026-06-16 06:45:00,0.0018367397,0.0018313584
CEEMDAN_LSTM,BTC-USD,2026-06-16 07:00:00,0.0018362718,0.0018218932
CEEMDAN_LSTM,BTC-USD,2026-06-16 07:15:00,0.001837005,0.001818446
CEEMDAN_LSTM,BTC-USD,2026-06-16 07:30:00,0.0018326883,0.0018173627
CEEMDAN_LSTM,BTC-USD,2026-06-16 07:45:00,0.0018283278,0.0018173229
CEEMDAN_LSTM,BTC-USD,2026-06-16 08:00:00,0.0018267377,0.0018178925
CEEMDAN_LSTM,BTC-USD,2026-06-16 08:15:00,0.0018240137,0.0018151483
CEEMDAN_LSTM,BTC-USD,2026-06-16 08:30:00,0.001819293,0.0018162436
CEEMDAN_LSTM,BTC-USD,2026-06-16 08:45:00,0.001817847,0.0018279436
CEEMDAN_LSTM,BTC-USD,2026-06-16 09:00:00,0.001821447,0.0018305518
CEEMDAN_LSTM,BTC-USD,2026-06-16 09:15:00,0.0018208075,0.001833105
CEEMDAN_LSTM,BTC-USD,2026-06-16 09:30:00,0.0018194761,0.0018329088
CEEMDAN_LSTM,BTC-USD,2026-06-16 09:45:00,0.0018282705,0.0018384685
CEEMDAN_LSTM,BTC-USD,2026-06-16 10:00:00,0.001830396,0.0018383218
CEEMDAN_LSTM,BTC-USD,2026-06-16 10:15:00,0.0018307982,0.0018413976
CEEMDAN_LSTM,BTC-USD,2026-06-16 10:30:00,0.0018321353,0.0018402694
CEEMDAN_LSTM,BTC-USD,2026-06-16 10:45:00,0.0018257515,0.0018437669
CEEMDAN_LSTM,BTC-USD,2026-06-16 11:00:00,0.0018197127,0.0018436023
CEEMDAN_LSTM,BTC-USD,2026-06-16 11:15:00,0.0018261715,0.0018437093
CEEMDAN_LSTM,BTC-USD,2026-06-16 11:30:00,0.001831541,0.0018451165
CEEMDAN_LSTM,BTC-USD,2026-06-16 11:45:00,0.0018292181,0.0018461539
CEEMDAN_LSTM,BTC-USD,2026-06-16 12:00:00,0.0018292012,0.0018459971
CEEMDAN_LSTM,BTC-USD,2026-06-16 12:15:00,0.0018298709,0.0018461526
CEEMDAN_LSTM,BTC-USD,2026-06-16 12:30:00,0.0018242132,0.0018217234
CEEMDAN_LSTM,BTC-USD,2026-06-16 12:45:00,0.0018147246,0.0018202881
CEEMDAN_LSTM,BTC-USD,2026-06-16 13:00:00,0.0018009981,0.0018315717
CEEMDAN_LSTM,BTC-USD,2026-06-16 13:15:00,0.0017938473,0.001839928
CEEMDAN_LSTM,BTC-USD,2026-06-16 13:30:00,0.0018032176,0.0018431323
CEEMDAN_LSTM,BTC-USD,2026-06-16 13:45:00,0.0018201352,0.0018431745
CEEMDAN_LSTM,BTC-USD,2026-06-16 14:00:00,0.0018212184,0.0018431162
CEEMDAN_LSTM,BTC-USD,2026-06-16 14:15:00,0.0018139937,0.00189818
CEEMDAN_LSTM,BTC-USD,2026-06-16 14:30:00,0.0018049632,0.0019015002
CEEMDAN_LSTM,BTC-USD,2026-06-16 14:45:00,0.0018275327,0.001901297
CEEMDAN_LSTM,BTC-USD,2026-06-16 15:00:00,0.0018544008,0.0019109084
CEEMDAN_LSTM,BTC-USD,2026-06-16 15:15:00,0.0018592373,0.0019113757
CEEMDAN_LSTM,BTC-USD,2026-06-16 15:30:00,0.001852454,0.0019091326
CEEMDAN_LSTM,BTC-USD,2026-06-16 15:45:00,0.0018517153,0.0019092053
CEEMDAN_LSTM,BTC-USD,2026-06-16 16:00:00,0.0018598954,0.0019108877
CEEMDAN_LSTM,BTC-USD,2026-06-16 16:15:00,0.001862592,0.0019107943
CEEMDAN_LSTM,BTC-USD,2026-06-16 16:30:00,0.0018632065,0.0019086387
CEEMDAN_LSTM,BTC-USD,2026-06-16 16:45:00,0.001864007,0.0019092078
CEEMDAN_LSTM,BTC-USD,2026-06-16 17:00:00,0.0018586994,0.0019093057
CEEMDAN_LSTM,BTC-USD,2026-06-16 17:15:00,0.0018527568,0.0019081575
CEEMDAN_LSTM,BTC-USD,2026-06-16 17:30:00,0.0018498288,0.0019078137
CEEMDAN_LSTM,BTC-USD,2026-06-16 17:45:00,0.0018511141,0.0019187594
CEEMDAN_LSTM,BTC-USD,2026-06-16 18:00:00,0.0018554747,0.0019247028
CEEMDAN_LSTM,BTC-USD,2026-06-16 18:15:00,0.0018560779,0.0019368505
CEEMDAN_LSTM,BTC-USD,2026-06-16 18:30:00,0.0018505598,0.0019378737
CEEMDAN_LSTM,BTC-USD,2026-06-16 18:45:00,0.0018574331,0.0019372229
CEEMDAN_LSTM,BTC-USD,2026-06-16 19:00:00,0.0018698011,0.0019445705
CEEMDAN_LSTM,BTC-USD,2026-06-16 19:15:00,0.0018696714,0.0019444727
CEEMDAN_LSTM,BTC-USD,2026-06-16 19:30:00,0.0018701307,0.0019438141
CEEMDAN_LSTM,BTC-USD,2026-06-16 19:45:00,0.0018737607,0.0019433785
CEEMDAN_LSTM,BTC-USD,2026-06-16 20:00:00,0.001873384,0.0019443891
CEEMDAN_LSTM,BTC-USD,2026-06-16 20:15:00,0.0018699303,0.0019433595
CEEMDAN_LSTM,BTC-USD,2026-06-16 20:30:00,0.0018659781,0.0019456452
CEEMDAN_LSTM,BTC-USD,2026-06-16 20:45:00,0.0018665474,0.0019456564
CEEMDAN_LSTM,BTC-USD,2026-06-16 21:00:00,0.0018692705,0.0019433595
CEEMDAN_LSTM,BTC-USD,2026-06-16 21:15:00,0.0018686847,0.0019494717
CEEMDAN_LSTM,BTC-USD,2026-06-16 21:30:00,0.001862521,0.0019452061
CEEMDAN_LSTM,BTC-USD,2026-06-16 21:45:00,0.0018580445,0.0019453166
CEEMDAN_LSTM,BTC-USD,2026-06-16 22:00:00,0.0018594956,0.001945309
CEEMDAN_LSTM,BTC-USD,2026-06-16 22:15:00,0.0018622217,0.0019433522
CEEMDAN_LSTM,BTC-USD,2026-06-16 22:30:00,0.0018602381,0.001943199
CEEMDAN_LSTM,BTC-USD,2026-06-16 22:45:00,0.0018554933,0.0019402349
CEEMDAN_LSTM,BTC-USD,2026-06-16 23:00:00,0.0018557667,0.001940271
CEEMDAN_LSTM,BTC-USD,2026-06-16 23:15:00,0.0018540762,0.001940161
CEEMDAN_LSTM,BTC-USD,2026-06-16 23:30:00,0.0018479755,0.0019398581
CEEMDAN_LSTM,BTC-USD,2026-06-16 23:45:00,0.0018438463,0.0019403024
CEEMDAN_LSTM,BTC-USD,2026-06-17 00:00:00,0.001843625,0.0019409622
CEEMDAN_LSTM,BTC-USD,2026-06-17 00:15:00,0.0018455529,0.0019396727
CEEMDAN_LSTM,BTC-USD,2026-06-17 00:30:00,0.0018447033,0.0019331531
CEEMDAN_LSTM,BTC-USD,2026-06-17 00:45:00,0.001839653,0.0019354558
CEEMDAN_LSTM,BTC-USD,2026-06-17 01:00:00,0.001830686,0.0019351572
CEEMDAN_LSTM,BTC-USD,2026-06-17 01:15:00,0.00182732,0.0019447476
CEEMDAN_LSTM,BTC-USD,2026-06-17 01:30:00,0.0018287379,0.0019514497
CEEMDAN_LSTM,BTC-USD,2026-06-17 01:45:00,0.0018347198,0.0019559516
CEEMDAN_LSTM,BTC-USD,2026-06-17 02:00:00,0.0018408959,0.0019560063
CEEMDAN_LSTM,BTC-USD,2026-06-17 02:15:00,0.0018395369,0.0019642413
CEEMDAN_LSTM,BTC-USD,2026-06-17 02:30:00,0.0018424654,0.0019777657
CEEMDAN_LSTM,BTC-USD,2026-06-17 02:45:00,0.0018469146,0.001976912
CEEMDAN_LSTM,BTC-USD,2026-06-17 03:00:00,0.0018516079,0.0019776525
CEEMDAN_LSTM,BTC-USD,2026-06-17 03:15:00,0.0018568565,0.0019779997
CEEMDAN_LSTM,BTC-USD,2026-06-17 03:30:00,0.0018592478,0.0019749894
CEEMDAN_LSTM,BTC-USD,2026-06-17 03:45:00,0.001862542,0.0019750234
CEEMDAN_LSTM,BTC-USD,2026-06-17 04:00:00,0.0018603322,0.0019748944
CEEMDAN_LSTM,BTC-USD,2026-06-17 04:15:00,0.0018556291,0.0019737305
CEEMDAN_LSTM,BTC-USD,2026-06-17 04:30:00,0.0018544445,0.0019724502
CEEMDAN_LSTM,BTC-USD,2026-06-17 04:45:00,0.0018527652,0.001971866
CEEMDAN_LSTM,BTC-USD,2026-06-17 05:00:00,0.0018467491,0.0019733657
CEEMDAN_LSTM,BTC-USD,2026-06-17 05:15:00,0.0018430487,0.0019678075
CEEMDAN_LSTM,BTC-USD,2026-06-17 05:30:00,0.0018462265,0.0019557432
CEEMDAN_LSTM,BTC-USD,2026-06-17 05:45:00,0.0018447862,0.0019571565
CEEMDAN_LSTM,BTC-USD,2026-06-17 06:00:00,0.0018313426,0.00195371
CEEMDAN_LSTM,BTC-USD,2026-06-17 06:15:00,0.0018238733,0.001962709
CEEMDAN_LSTM,BTC-USD,2026-06-17 06:30:00,0.0018230572,0.0019625893
CEEMDAN_LSTM,BTC-USD,2026-06-17 06:45:00,0.0018228795,0.0019626701
CEEMDAN_LSTM,BTC-USD,2026-06-17 07:00:00,0.0018225526,0.0019621735
CEEMDAN_LSTM,BTC-USD,2026-06-17 07:15:00,0.0018241978,0.0019666855
CEEMDAN_LSTM,BTC-USD,2026-06-17 07:30:00,0.0018235904,0.0019668203
CEEMDAN_LSTM,BTC-USD,2026-06-17 07:45:00,0.0018228259,0.0019549155
CEEMDAN_LSTM,BTC-USD,2026-06-17 08:00:00,0.0018248635,0.0019651419
CEEMDAN_LSTM,BTC-USD,2026-06-17 08:15:00,0.0018167999,0.0019641311
CEEMDAN_LSTM,BTC-USD,2026-06-17 08:30:00,0.001814638,0.0020018169
CEEMDAN_LSTM,BTC-USD,2026-06-17 08:45:00,0.0018153426,0.0019988224
CEEMDAN_LSTM,BTC-USD,2026-06-17 09:00:00,0.001832126,0.0019992797
CEEMDAN_LSTM,BTC-USD,2026-06-17 09:15:00,0.0018457302,0.0020003368
CEEMDAN_LSTM,BTC-USD,2026-06-17 09:30:00,0.0018409682,0.0020021927
CEEMDAN_LSTM,BTC-USD,2026-06-17 09:45:00,0.0018353224,0.0020023158
CEEMDAN_LSTM,BTC-USD,2026-06-17 10:00:00,0.0018443405,0.002002281
CEEMDAN_LSTM,BTC-USD,2026-06-17 10:15:00,0.0018544266,0.002002894
CEEMDAN_LSTM,BTC-USD,2026-06-17 10:30:00,0.0018509339,0.002002494
CEEMDAN_LSTM,BTC-USD,2026-06-17 10:45:00,0.0018411957,0.002006182
CEEMDAN_LSTM,BTC-USD,2026-06-17 11:00:00,0.0018356816,0.0020170386
CEEMDAN_LSTM,BTC-USD,2026-06-17 11:15:00,0.0018406848,0.0020172982
CEEMDAN_LSTM,BTC-USD,2026-06-17 11:30:00,0.0018549166,0.0020160268
CEEMDAN_LSTM,BTC-USD,2026-06-17 11:45:00,0.0018622327,0.0020156812
CEEMDAN_LSTM,BTC-USD,2026-06-17 12:00:00,0.0018581793,0.0020140724
CEEMDAN_LSTM,BTC-USD,2026-06-17 12:15:00,0.0018556205,0.0019096942
CEEMDAN_LSTM,BTC-USD,2026-06-17 12:30:00,0.0018535659,0.0018610542
CEEMDAN_LSTM,BTC-USD,2026-06-17 12:45:00,0.0018112999,0.0018646946
CEEMDAN_LSTM,BTC-USD,2026-06-17 13:00:00,0.0017484865,0.001854316
CEEMDAN_LSTM,BTC-USD,2026-06-17 13:15:00,0.0017037491,0.0018588991
CEEMDAN_LSTM,BTC-USD,2026-06-17 13:30:00,0.0016897717,0.0018788088
CEEMDAN_LSTM,BTC-USD,2026-06-17 13:45:00,0.0016941007,0.0018783697
CEEMDAN_LSTM,BTC-USD,2026-06-17 14:00:00,0.0016997372,0.001874205
CEEMDAN_LSTM,BTC-USD,2026-06-17 14:15:00,0.0016966783,0.0018728318
CEEMDAN_LSTM,BTC-USD,2026-06-17 14:30:00,0.0016870186,0.0018744632
CEEMDAN_LSTM,BTC-USD,2026-06-17 14:45:00,0.0016774675,0.0018665944
CEEMDAN_LSTM,BTC-USD,2026-06-17 15:00:00,0.0016811204,0.001866462
CEEMDAN_LSTM,BTC-USD,2026-06-17 15:15:00,0.0016830631,0.0018648768
CEEMDAN_LSTM,BTC-USD,2026-06-17 15:30:00,0.0016748777,0.0018600279
CEEMDAN_LSTM,BTC-USD,2026-06-17 15:45:00,0.001668172,0.0018751969
CEEMDAN_LSTM,BTC-USD,2026-06-17 16:00:00,0.0016689993,0.0018743759
CEEMDAN_LSTM,BTC-USD,2026-06-17 16:15:00,0.0016747396,0.0019143077
CEEMDAN_LSTM,BTC-USD,2026-06-17 16:30:00,0.0016823014,0.0019170014
CEEMDAN_LSTM,BTC-USD,2026-06-17 16:45:00,0.0016928513,0.0019109129
CEEMDAN_LSTM,BTC-USD,2026-06-17 17:00:00,0.0016978462,0.001906231
CEEMDAN_LSTM,BTC-USD,2026-06-17 17:15:00,0.001697053,0.0019091946
CEEMDAN_LSTM,BTC-USD,2026-06-17 17:30:00,0.0016863258,0.0019100163
CEEMDAN_LSTM,BTC-USD,2026-06-17 17:45:00,0.0016852804,0.0019183271
CEEMDAN_LSTM,BTC-USD,2026-06-17 18:00:00,0.0017068071,0.0020467297
CEEMDAN_LSTM,BTC-USD,2026-06-17 18:15:00,0.0017023326,0.002048595
CEEMDAN_LSTM,BTC-USD,2026-06-17 18:30:00,0.00174984,0.002130923
CEEMDAN_LSTM,BTC-USD,2026-06-17 18:45:00,0.0018229934,0.0021906227
CEEMDAN_LSTM,BTC-USD,2026-06-17 19:00:00,0.0018816596,0.002188363
CEEMDAN_LSTM,BTC-USD,2026-06-17 19:15:00,0.0019371625,0.002354624
CEEMDAN_LSTM,BTC-USD,2026-06-17 19:30:00,0.0019936468,0.0023720548
CEEMDAN_LSTM,BTC-USD,2026-06-17 19:45:00,0.002135748,0.0023761527
CEEMDAN_LSTM,BTC-USD,2026-06-17 20:00:00,0.0022401628,0.0023778684
CEEMDAN_LSTM,BTC-USD,2026-06-17 20:15:00,0.002209805,0.0023795534
CEEMDAN_LSTM,BTC-USD,2026-06-17 20:30:00,0.0021652814,0.002380839
CEEMDAN_LSTM,BTC-USD,2026-06-17 20:45:00,0.0021698044,0.0023850761
CEEMDAN_LSTM,BTC-USD,2026-06-17 21:00:00,0.0021806448,0.0023869902
CEEMDAN_LSTM,BTC-USD,2026-06-17 21:15:00,0.0021920474,0.0023868585
CEEMDAN_LSTM,BTC-USD,2026-06-17 21:30:00,0.002179935,0.0023843215
CEEMDAN_LSTM,BTC-USD,2026-06-17 21:45:00,0.002175412,0.0023847467
CEEMDAN_LSTM,BTC-USD,2026-06-17 22:00:00,0.0021648812,0.0023891896
CEEMDAN_LSTM,BTC-USD,2026-06-17 22:15:00,0.0021596628,0.0023997256
CEEMDAN_LSTM,BTC-USD,2026-06-17 22:30:00,0.0021651057,0.002393456
CEEMDAN_LSTM,BTC-USD,2026-06-17 22:45:00,0.0021951566,0.0023927502
CEEMDAN_LSTM,BTC-USD,2026-06-17 23:00:00,0.002183389,0.0023920888
CEEMDAN_LSTM,BTC-USD,2026-06-17 23:15:00,0.0021669324,0.0023989556
CEEMDAN_LSTM,BTC-USD,2026-06-17 23:30:00,0.0021626072,0.0023976532
CEEMDAN_LSTM,BTC-USD,2026-06-17 23:45:00,0.0021743472,0.0023965922
CEEMDAN_LSTM,BTC-USD,2026-06-18 00:00:00,0.0021746294,0.0023995852
CEEMDAN_LSTM,BTC-USD,2026-06-18 00:15:00,0.0021734764,0.0023996984
CEEMDAN_LSTM,BTC-USD,2026-06-18 00:30:00,0.002174448,0.0023987268
CEEMDAN_LSTM,BTC-USD,2026-06-18 00:45:00,0.0021758124,0.0024019172
CEEMDAN_LSTM,BTC-USD,2026-06-18 01:00:00,0.002172705,0.002413276
CEEMDAN_LSTM,BTC-USD,2026-06-18 01:15:00,0.002174437,0.0024141222
CEEMDAN_LSTM,BTC-USD,2026-06-18 01:30:00,0.0022108755,0.0024139383
CEEMDAN_LSTM,BTC-USD,2026-06-18 01:45:00,0.002212425,0.002409783
CEEMDAN_LSTM,BTC-USD,2026-06-18 02:00:00,0.0021960984,0.002409792
CEEMDAN_LSTM,BTC-USD,2026-06-18 02:15:00,0.0021891345,0.0023928778
CEEMDAN_LSTM,BTC-USD,2026-06-18 02:30:00,0.0021965522,0.0023917619
CEEMDAN_LSTM,BTC-USD,2026-06-18 02:45:00,0.0021733032,0.0023914848
CEEMDAN_LSTM,BTC-USD,2026-06-18 03:00:00,0.0021565459,0.002395549
CEEMDAN_LSTM,BTC-USD,2026-06-18 03:15:00,0.0021646877,0.002404112
CEEMDAN_LSTM,BTC-USD,2026-06-18 03:30:00,0.0021943294,0.002396592
CEEMDAN_LSTM,BTC-USD,2026-06-18 03:45:00,0.0022085295,0.0023948164
CEEMDAN_LSTM,BTC-USD,2026-06-18 04:00:00,0.002182277,0.0024164526
CEEMDAN_LSTM,BTC-USD,2026-06-18 04:15:00,0.0021613361,0.0024059424
CEEMDAN_LSTM,BTC-USD,2026-06-18 04:30:00,0.0021678016,0.0023943526
CEEMDAN_LSTM,BTC-USD,2026-06-18 04:45:00,0.0021770184,0.0023910396
CEEMDAN_LSTM,BTC-USD,2026-06-18 05:00:00,0.0021684936,0.002391488
CEEMDAN_LSTM,BTC-USD,2026-06-18 05:15:00,0.0021572383,0.0023885847
CEEMDAN_LSTM,BTC-USD,2026-06-18 05:30:00,0.0021467414,0.0023885474
CEEMDAN_LSTM,BTC-USD,2026-06-18 05:45:00,0.0021407239,0.0023888561
CEEMDAN_LSTM,BTC-USD,2026-06-18 06:00:00,0.002140908,0.0023884713
CEEMDAN_LSTM,BTC-USD,2026-06-18 06:15:00,0.0021429546,0.0023884636
CEEMDAN_LSTM,BTC-USD,2026-06-18 06:30:00,0.0021424151,0.0023787513
CEEMDAN_LSTM,BTC-USD,2026-06-18 06:45:00,0.002142254,0.0023516011
CEEMDAN_LSTM,BTC-USD,2026-06-18 07:00:00,0.0021341585,0.002351722
CEEMDAN_LSTM,BTC-USD,2026-06-18 07:15:00,0.0021132277,0.0023610021
CEEMDAN_LSTM,BTC-USD,2026-06-18 07:30:00,0.00210424,0.0023656543
CEEMDAN_LSTM,BTC-USD,2026-06-18 07:45:00,0.002108209,0.002366962
CEEMDAN_LSTM,BTC-USD,2026-06-18 08:00:00,0.0021119849,0.0023563432
CEEMDAN_LSTM,BTC-USD,2026-06-18 08:15:00,0.0021160073,0.0023559814
CEEMDAN_LSTM,BTC-USD,2026-06-18 08:30:00,0.002110936,0.002356004
CEEMDAN_LSTM,BTC-USD,2026-06-18 08:45:00,0.0021069932,0.002358417
CEEMDAN_LSTM,BTC-USD,2026-06-18 09:00:00,0.0021110303,0.0023582734
CEEMDAN_LSTM,BTC-USD,2026-06-18 09:15:00,0.0021192895,0.0023613793
CEEMDAN_LSTM,BTC-USD,2026-06-18 09:30:00,0.002121062,0.0023617875
CEEMDAN_LSTM,BTC-USD,2026-06-18 09:45:00,0.0021178504,0.0023628813
CEEMDAN_LSTM,BTC-USD,2026-06-18 10:00:00,0.0021189873,0.0023670408
CEEMDAN_LSTM,BTC-USD,2026-06-18 10:15:00,0.0021190336,0.002347047
CEEMDAN_LSTM,BTC-USD,2026-06-18 10:30:00,0.002123304,0.00233919
CEEMDAN_LSTM,BTC-USD,2026-06-18 10:45:00,0.0021102456,0.0023373463
CEEMDAN_LSTM,BTC-USD,2026-06-18 11:00:00,0.0020888092,0.0023375554
CEEMDAN_LSTM,BTC-USD,2026-06-18 11:15:00,0.002078811,0.0023379086
CEEMDAN_LSTM,BTC-USD,2026-06-18 11:30:00,0.0020829847,0.0023395438
CEEMDAN_LSTM,BTC-USD,2026-06-18 11:45:00,0.0020887756,0.002338701
CEEMDAN_LSTM,BTC-USD,2026-06-18 12:00:00,0.002085886,0.0023391866
CEEMDAN_LSTM,BTC-USD,2026-06-18 12:15:00,0.0020812606,0.0023452954
CEEMDAN_LSTM,BTC-USD,2026-06-18 12:30:00,0.0020780347,0.0023457606
CEEMDAN_LSTM,BTC-USD,2026-06-18 12:45:00,0.0020826878,0.0023486516
CEEMDAN_LSTM,BTC-USD,2026-06-18 13:00:00,0.0020830894,0.002348816
CEEMDAN_LSTM,BTC-USD,2026-06-18 13:15:00,0.0020885952,0.0023415647
CEEMDAN_LSTM,BTC-USD,2026-06-18 13:30:00,0.0020985648,0.002381451
CEEMDAN_LSTM,BTC-USD,2026-06-18 13:45:00,0.0020947778,0.0023824244
CEEMDAN_LSTM,BTC-USD,2026-06-18 14:00:00,0.0021025387,0.0023893612
CEEMDAN_LSTM,BTC-USD,2026-06-18 14:15:00,0.0021281822,0.0023895146
CEEMDAN_LSTM,BTC-USD,2026-06-18 14:30:00,0.0021390994,0.0023900026
CEEMDAN_LSTM,BTC-USD,2026-06-18 14:45:00,0.0021377753,0.0023899842
CEEMDAN_LSTM,BTC-USD,2026-06-18 15:00:00,0.0021212937,0.0023999666
CEEMDAN_LSTM,BTC-USD,2026-06-18 15:15:00,0.0021153158,0.0024185542
CEEMDAN_LSTM,BTC-USD,2026-06-18 15:30:00,0.0021336535,0.0024535295
CEEMDAN_LSTM,BTC-USD,2026-06-18 15:45:00,0.0021650142,0.0024817926
CEEMDAN_LSTM,BTC-USD,2026-06-18 16:00:00,0.0022164118,0.0024977336
CEEMDAN_LSTM,BTC-USD,2026-06-18 16:15:00,0.0022497054,0.0024959801
CEEMDAN_LSTM,BTC-USD,2026-06-18 16:30:00,0.0022531021,0.0024992966
CEEMDAN_LSTM,BTC-USD,2026-06-18 16:45:00,0.0022152874,0.0024993543
CEEMDAN_LSTM,BTC-USD,2026-06-18 17:00:00,0.0021960165,0.002491569
CEEMDAN_LSTM,BTC-USD,2026-06-18 17:15:00,0.0022015104,0.0024801728
CEEMDAN_LSTM,BTC-USD,2026-06-18 17:30:00,0.002214368,0.002479671
CEEMDAN_LSTM,BTC-USD,2026-06-18 17:45:00,0.0022037693,0.0024769788
CEEMDAN_LSTM,BTC-USD,2026-06-18 18:00:00,0.0021854336,0.002479065
CEEMDAN_LSTM,BTC-USD,2026-06-18 18:15:00,0.0021760294,0.0024776713
CEEMDAN_LSTM,BTC-USD,2026-06-18 18:30:00,0.002171191,0.002473895
CEEMDAN_LSTM,BTC-USD,2026-06-18 18:45:00,0.0021655697,0.0024739578
CEEMDAN_LSTM,BTC-USD,2026-06-18 19:00:00,0.0021668177,0.002473952
CEEMDAN_LSTM,BTC-USD,2026-06-18 19:15:00,0.0021780722,0.0024719185
CEEMDAN_LSTM,BTC-USD,2026-06-18 19:30:00,0.002180686,0.002478777
CEEMDAN_LSTM,BTC-USD,2026-06-18 19:45:00,0.0021700847,0.0024786422
CEEMDAN_LSTM,BTC-USD,2026-06-18 20:00:00,0.0021659862,0.0024849586
CEEMDAN_LSTM,BTC-USD,2026-06-18 20:15:00,0.0021658044,0.0024846238
CEEMDAN_LSTM,BTC-USD,2026-06-18 20:30:00,0.0021754962,0.0024847998
CEEMDAN_LSTM,BTC-USD,2026-06-18 20:45:00,0.0021744133,0.0024850587
CEEMDAN_LSTM,BTC-USD,2026-06-18 21:00:00,0.0021753013,0.0024862203
CEEMDAN_LSTM,BTC-USD,2026-06-18 21:15:00,0.0021777614,0.002482337
CEEMDAN_LSTM,BTC-USD,2026-06-18 21:30:00,0.0021832772,0.0024812159
CEEMDAN_LSTM,BTC-USD,2026-06-18 21:45:00,0.002185101,0.0024814273
CEEMDAN_LSTM,BTC-USD,2026-06-18 22:00:00,0.0021770268,0.0024801958
CEEMDAN_LSTM,BTC-USD,2026-06-18 22:15:00,0.002172705,0.002480952
CEEMDAN_LSTM,BTC-USD,2026-06-18 22:30:00,0.0021729507,0.0024809819
CEEMDAN_LSTM,BTC-USD,2026-06-18 22:45:00,0.0021787877,0.0024816808
CEEMDAN_LSTM,BTC-USD,2026-06-18 23:00:00,0.0021758752,0.002481986
CEEMDAN_LSTM,BTC-USD,2026-06-18 23:15:00,0.002169919,0.0024845775
CEEMDAN_LSTM,BTC-USD,2026-06-18 23:30:00,0.0021620255,0.0024834108
CEEMDAN_LSTM,BTC-USD,2026-06-18 23:45:00,0.0021678607,0.0024684847
CEEMDAN_LSTM,BTC-USD,2026-06-19 00:00:00,0.002171255,0.0024671277
CEEMDAN_LSTM,BTC-USD,2026-06-19 00:15:00,0.0021595375,0.0024661717
CEEMDAN_LSTM,BTC-USD,2026-06-19 00:30:00,0.0021491877,0.0024675934
CEEMDAN_LSTM,BTC-USD,2026-06-19 00:45:00,0.0021495076,0.0024620877
CEEMDAN_LSTM,BTC-USD,2026-06-19 01:00:00,0.002148039,0.0024618201
CEEMDAN_LSTM,BTC-USD,2026-06-19 01:15:00,0.0021436538,0.0024583784
CEEMDAN_LSTM,BTC-USD,2026-06-19 01:30:00,0.0021469032,0.0024580576
CEEMDAN_LSTM,BTC-USD,2026-06-19 01:45:00,0.0021488122,0.0024595312
CEEMDAN_LSTM,BTC-USD,2026-06-19 02:00:00,0.0021454536,0.0024594702
CEEMDAN_LSTM,BTC-USD,2026-06-19 02:15:00,0.0021409784,0.0024599463
CEEMDAN_LSTM,BTC-USD,2026-06-19 02:30:00,0.0021409509,0.002459436
CEEMDAN_LSTM,BTC-USD,2026-06-19 02:45:00,0.0021474715,0.0024589656
CEEMDAN_LSTM,BTC-USD,2026-06-19 03:00:00,0.0021439514,0.0024709075
CEEMDAN_LSTM,BTC-USD,2026-06-19 03:15:00,0.0021380507,0.0024729222
CEEMDAN_LSTM,BTC-USD,2026-06-19 03:30:00,0.0021452943,0.0024746978
CEEMDAN_LSTM,BTC-USD,2026-06-19 03:45:00,0.0021609417,0.0024755618
CEEMDAN_LSTM,BTC-USD,2026-06-19 04:00:00,0.0021557617,0.0024711364
CEEMDAN_LSTM,BTC-USD,2026-06-19 04:15:00,0.002146942,0.0024684141
CEEMDAN_LSTM,BTC-USD,2026-06-19 04:30:00,0.0021400684,0.002467063
CEEMDAN_LSTM,BTC-USD,2026-06-19 04:45:00,0.002140523,0.0024707257
CEEMDAN_LSTM,BTC-USD,2026-06-19 05:00:00,0.0021387772,0.002482007
CEEMDAN_LSTM,BTC-USD,2026-06-19 05:15:00,0.002139716,0.0024437208
CEEMDAN_LSTM,BTC-USD,2026-06-19 05:30:00,0.0021533922,0.0024408845
CEEMDAN_LSTM,BTC-USD,2026-06-19 05:45:00,0.0021250476,0.0024426768
CEEMDAN_LSTM,BTC-USD,2026-06-19 06:00:00,0.0021045352,0.002436974
CEEMDAN_LSTM,BTC-USD,2026-06-19 06:15:00,0.0021044689,0.0024367443
CEEMDAN_LSTM,BTC-USD,2026-06-19 06:30:00,0.0021061967,0.002436464
CEEMDAN_LSTM,BTC-USD,2026-06-19 06:45:00,0.0021052447,0.0024374546
CEEMDAN_LSTM,BTC-USD,2026-06-19 07:00:00,0.0021040123,0.0024381166
CEEMDAN_LSTM,BTC-USD,2026-06-19 07:15:00,0.002101054,0.0024380572
CEEMDAN_LSTM,BTC-USD,2026-06-19 07:30:00,0.002102183,0.0024492263
CEEMDAN_LSTM,BTC-USD,2026-06-19 07:45:00,0.0021087017,0.002452874
CEEMDAN_LSTM,BTC-USD,2026-06-19 08:00:00,0.0021134866,0.0024531246
CEEMDAN_LSTM,BTC-USD,2026-06-19 08:15:00,0.002120264,0.0024530492
CEEMDAN_LSTM,BTC-USD,2026-06-19 08:30:00,0.0021160124,0.002453024
CEEMDAN_LSTM,BTC-USD,2026-06-19 08:45:00,0.002112212,0.0024431937
CEEMDAN_LSTM,BTC-USD,2026-06-19 09:00:00,0.0021089357,0.0024420242
CEEMDAN_LSTM,BTC-USD,2026-06-19 09:15:00,0.0021035913,0.0024342753
CEEMDAN_LSTM,BTC-USD,2026-06-19 09:30:00,0.0021083863,0.0024342411
CEEMDAN_LSTM,BTC-USD,2026-06-19 09:45:00,0.0021080098,0.0024343152
CEEMDAN_LSTM,BTC-USD,2026-06-19 10:00:00,0.0020983994,0.0024360698
CEEMDAN_LSTM,BTC-USD,2026-06-19 10:15:00,0.0020881195,0.002435975
CEEMDAN_LSTM,BTC-USD,2026-06-19 10:30:00,0.0020857255,0.0024364511
CEEMDAN_LSTM,BTC-USD,2026-06-19 10:45:00,0.0020835039,0.002438712
CEEMDAN_LSTM,BTC-USD,2026-06-19 11:00:00,0.0020887486,0.0024371825
CEEMDAN_LSTM,BTC-USD,2026-06-19 11:15:00,0.0020934895,0.0024422626
CEEMDAN_LSTM,BTC-USD,2026-06-19 11:30:00,0.0020879675,0.002439474
CEEMDAN_LSTM,BTC-USD,2026-06-19 11:45:00,0.0020881358,0.00243942
CEEMDAN_LSTM,BTC-USD,2026-06-19 12:00:00,0.0020898012,0.0024385236
CEEMDAN_LSTM,BTC-USD,2026-06-19 12:15:00,0.0020905677,0.002433622
CEEMDAN_LSTM,BTC-USD,2026-06-19 12:30:00,0.0020852077,0.0024338448
CEEMDAN_LSTM,BTC-USD,2026-06-19 12:45:00,0.002084062,0.0024556068
CEEMDAN_LSTM,BTC-USD,2026-06-19 13:00:00,0.0020873111,0.002454633
CEEMDAN_LSTM,BTC-USD,2026-06-19 13:15:00,0.002095395,0.0024541595
CEEMDAN_LSTM,BTC-USD,2026-06-19 13:30:00,0.0020947787,0.0024737986
CEEMDAN_LSTM,BTC-USD,2026-06-19 13:45:00,0.002094784,0.0024762964
CEEMDAN_LSTM,BTC-USD,2026-06-19 14:00:00,0.0020961934,0.0024787816
CEEMDAN_LSTM,BTC-USD,2026-06-19 14:15:00,0.002095867,0.0024853665
CEEMDAN_LSTM,BTC-USD,2026-06-19 14:30:00,0.0021049024,0.002486007
CEEMDAN_LSTM,BTC-USD,2026-06-19 14:45:00,0.0021188657,0.0024876134
CEEMDAN_LSTM,BTC-USD,2026-06-19 15:00:00,0.0021256446,0.0024865053
CEEMDAN_LSTM,BTC-USD,2026-06-19 15:15:00,0.0021323531,0.0024888183
CEEMDAN_LSTM,BTC-USD,2026-06-19 15:30:00,0.0021268718,0.002494336
CEEMDAN_LSTM,BTC-USD,2026-06-19 15:45:00,0.0021207484,0.002492465
CEEMDAN_LSTM,BTC-USD,2026-06-19 16:00:00,0.002127961,0.002497462
CEEMDAN_LSTM,BTC-USD,2026-06-19 16:15:00,0.0021252888,0.0024909223
CEEMDAN_LSTM,BTC-USD,2026-06-19 16:30:00,0.0021310279,0.0024856867
CEEMDAN_LSTM,BTC-USD,2026-06-19 16:45:00,0.002131649,0.0024930404
CEEMDAN_LSTM,BTC-USD,2026-06-19 17:00:00,0.0021248595,0.0024931994
CEEMDAN_LSTM,BTC-USD,2026-06-19 17:15:00,0.002122759,0.0024860823
CEEMDAN_LSTM,BTC-USD,2026-06-19 17:30:00,0.0021306726,0.002483613
CEEMDAN_LSTM,BTC-USD,2026-06-19 17:45:00,0.0021220704,0.0024858608
CEEMDAN_LSTM,BTC-USD,2026-06-19 18:00:00,0.0021090806,0.0024848825
CEEMDAN_LSTM,BTC-USD,2026-06-19 18:15:00,0.0021003447,0.0024850743
CEEMDAN_LSTM,BTC-USD,2026-06-19 18:30:00,0.0021056253,0.0024852955
CEEMDAN_LSTM,BTC-USD,2026-06-19 18:45:00,0.0021160927,0.0024854369
CEEMDAN_LSTM,BTC-USD,2026-06-19 19:00:00,0.0021182704,0.0024857225
CEEMDAN_LSTM,BTC-USD,2026-06-19 19:15:00,0.0021144873,0.0024854415
CEEMDAN_LSTM,BTC-USD,2026-06-19 19:30:00,0.002112744,0.002485278
CEEMDAN_LSTM,BTC-USD,2026-06-19 19:45:00,0.0021160461,0.00248543
CEEMDAN_LSTM,BTC-USD,2026-06-19 20:00:00,0.0021167186,0.0024853041
CEEMDAN_LSTM,BTC-USD,2026-06-19 20:15:00,0.0021132675,0.0024849456
CEEMDAN_LSTM,BTC-USD,2026-06-19 20:30:00,0.0021081243,0.002484344
CEEMDAN_LSTM,BTC-USD,2026-06-19 20:45:00,0.0021060717,0.0024889347
CEEMDAN_LSTM,BTC-USD,2026-06-19 21:00:00,0.0021049492,0.0024889032
CEEMDAN_LSTM,BTC-USD,2026-06-19 21:15:00,0.0021059467,0.0024843316
CEEMDAN_LSTM,BTC-USD,2026-06-19 21:30:00,0.0021057236,0.0024850701
CEEMDAN_LSTM,BTC-USD,2026-06-19 21:45:00,0.0021061688,0.0024850569
CEEMDAN_LSTM,BTC-USD,2026-06-19 22:00:00,0.0021084037,0.0024840771
CEEMDAN_LSTM,BTC-USD,2026-06-19 22:15:00,0.0021079206,0.0024871964
CEEMDAN_LSTM,BTC-USD,2026-06-19 22:30:00,0.0021046386,0.0024878916
CEEMDAN_LSTM,BTC-USD,2026-06-19 22:45:00,0.0021010456,0.0024878818
CEEMDAN_LSTM,BTC-USD,2026-06-19 23:00:00,0.0020967328,0.00248092
CEEMDAN_LSTM,BTC-USD,2026-06-19 23:15:00,0.0020984577,0.0024811476
CEEMDAN_LSTM,BTC-USD,2026-06-19 23:30:00,0.0020968178,0.0024519602
CEEMDAN_LSTM,BTC-USD,2026-06-19 23:45:00,0.0020949724,0.0024607715
CEEMDAN_LSTM,BTC-USD,2026-06-20 00:00:00,0.002076429,0.002460198
CEEMDAN_LSTM,BTC-USD,2026-06-20 00:15:00,0.0020685797,0.0024611375
CEEMDAN_LSTM,BTC-USD,2026-06-20 00:30:00,0.0020643305,0.0024595403
CEEMDAN_LSTM,BTC-USD,2026-06-20 00:45:00,0.0020666867,0.0024605799
CEEMDAN_LSTM,BTC-USD,2026-06-20 01:00:00,0.002068965,0.0024612462
CEEMDAN_LSTM,BTC-USD,2026-06-20 01:15:00,0.0020784761,0.0024611766
CEEMDAN_LSTM,BTC-USD,2026-06-20 01:30:00,0.0020837686,0.0024619107
CEEMDAN_LSTM,BTC-USD,2026-06-20 01:45:00,0.0020760195,0.0024593137
CEEMDAN_LSTM,BTC-USD,2026-06-20 02:00:00,0.0020632113,0.002453357
CEEMDAN_LSTM,BTC-USD,2026-06-20 02:15:00,0.0020589088,0.0024519092
CEEMDAN_LSTM,BTC-USD,2026-06-20 02:30:00,0.0020619545,0.0024498238
CEEMDAN_LSTM,BTC-USD,2026-06-20 02:45:00,0.00206609,0.0024504787
CEEMDAN_LSTM,BTC-USD,2026-06-20 03:00:00,0.002063055,0.0024500708
CEEMDAN_LSTM,BTC-USD,2026-06-20 03:15:00,0.0020592269,0.0024478731
CEEMDAN_LSTM,BTC-USD,2026-06-20 03:30:00,0.0020563407,0.002438344
CEEMDAN_LSTM,BTC-USD,2026-06-20 03:45:00,0.002048302,0.0024348474
CEEMDAN_LSTM,BTC-USD,2026-06-20 04:00:00,0.0020362488,0.0024357869
CEEMDAN_LSTM,BTC-USD,2026-06-20 04:15:00,0.00203619,0.0024365163
CEEMDAN_LSTM,BTC-USD,2026-06-20 04:30:00,0.0020423473,0.00240832
CEEMDAN_LSTM,BTC-USD,2026-06-20 04:45:00,0.0020400868,0.0024083839
CEEMDAN_LSTM,BTC-USD,2026-06-20 05:00:00,0.0020154067,0.0024190904
CEEMDAN_LSTM,BTC-USD,2026-06-20 05:15:00,0.0020052593,0.0024236706
CEEMDAN_LSTM,BTC-USD,2026-06-20 05:30:00,0.002014883,0.0024200527
CEEMDAN_LSTM,BTC-USD,2026-06-20 05:45:00,0.0020191607,0.002420407
CEEMDAN_LSTM,BTC-USD,2026-06-20 06:00:00,0.002016346,0.0024160817
CEEMDAN_LSTM,BTC-USD,2026-06-20 06:15:00,0.0020131913,0.0024143015
CEEMDAN_LSTM,BTC-USD,2026-06-20 06:30:00,0.0020164945,0.0024099816
CEEMDAN_LSTM,BTC-USD,2026-06-20 06:45:00,0.0020152132,0.002396289
CEEMDAN_LSTM,BTC-USD,2026-06-20 07:00:00,0.0020033822,0.002394864
CEEMDAN_LSTM,BTC-USD,2026-06-20 07:15:00,0.0019904142,0.0023623453
CEEMDAN_LSTM,BTC-USD,2026-06-20 07:30:00,0.0019910221,0.0023432658
CEEMDAN_LSTM,BTC-USD,2026-06-20 07:45:00,0.0019728038,0.0023435596
CEEMDAN_LSTM,BTC-USD,2026-06-20 08:00:00,0.001953546,0.0023449506
CEEMDAN_LSTM,BTC-USD,2026-06-20 08:15:00,0.0019477673,0.0023428253
CEEMDAN_LSTM,BTC-USD,2026-06-20 08:30:00,0.0019527884,0.0023412686
CEEMDAN_LSTM,BTC-USD,2026-06-20 08:45:00,0.0019532,0.0023313167
CEEMDAN_LSTM,BTC-USD,2026-06-20 09:00:00,0.0019489148,0.0022129554
CEEMDAN_LSTM,BTC-USD,2026-06-20 09:15:00,0.0019431959,0.0022116785
CEEMDAN_LSTM,BTC-USD,2026-06-20 09:30:00,0.0018948384,0.0021280798
CEEMDAN_LSTM,BTC-USD,2026-06-20 09:45:00,0.0018488191,0.0020687128
CEEMDAN_LSTM,BTC-USD,2026-06-20 10:00:00,0.0018022951,0.0020642634
CEEMDAN_LSTM,BTC-USD,2026-06-20 10:15:00,0.0017502076,0.0018731916
CEEMDAN_LSTM,BTC-USD,2026-06-20 10:30:00,0.0017153946,0.0018516454
CEEMDAN_LSTM,BTC-USD,2026-06-20 10:45:00,0.0016366004,0.0018479535
CEEMDAN_LSTM,BTC-USD,2026-06-20 11:00:00,0.001542351,0.0018447934
CEEMDAN_LSTM,BTC-USD,2026-06-20 11:15:00,0.0015024501,0.0018384376
CEEMDAN_LSTM,BTC-USD,2026-06-20 11:30:00,0.0015020486,0.0018347065
CEEMDAN_LSTM,BTC-USD,2026-06-20 11:45:00,0.0014842784,0.0018247286
CEEMDAN_LSTM,BTC-USD,2026-06-20 12:00:00,0.0014529818,0.0018233729
CEEMDAN_LSTM,BTC-USD,2026-06-20 12:15:00,0.0014392184,0.0018225835
CEEMDAN_LSTM,BTC-USD,2026-06-20 12:30:00,0.0014351024,0.0018253243
CEEMDAN_LSTM,BTC-USD,2026-06-20 12:45:00,0.0014252914,0.0018251804
CEEMDAN_LSTM,BTC-USD,2026-06-20 13:00:00,0.0014207481,0.0018201639
CEEMDAN_LSTM,BTC-USD,2026-06-20 13:15:00,0.0014176448,0.0018168164
CEEMDAN_LSTM,BTC-USD,2026-06-20 13:30:00,0.0014082658,0.0018175788
CEEMDAN_LSTM,BTC-USD,2026-06-20 13:45:00,0.0014122195,0.0018178191
CEEMDAN_LSTM,BTC-USD,2026-06-20 14:00:00,0.0014144143,0.0018264004
CEEMDAN_LSTM,BTC-USD,2026-06-20 14:15:00,0.0014058877,0.0018235603
CEEMDAN_LSTM,BTC-USD,2026-06-20 14:30:00,0.0014120374,0.0018282969
CEEMDAN_LSTM,BTC-USD,2026-06-20 14:45:00,0.0014212435,0.0018773307
CEEMDAN_LSTM,BTC-USD,2026-06-20 15:00:00,0.0014297708,0.0018740724
CEEMDAN_LSTM,BTC-USD,2026-06-20 15:15:00,0.0014409065,0.0018836862
CEEMDAN_LSTM,BTC-USD,2026-06-20 15:30:00,0.0014541257,0.0018850013
CEEMDAN_LSTM,BTC-USD,2026-06-20 15:45:00,0.0014542536,0.0018809516
CEEMDAN_LSTM,BTC-USD,2026-06-20 16:00:00,0.0014554244,0.0018671534
CEEMDAN_LSTM,BTC-USD,2026-06-20 16:15:00,0.0014547479,0.0018659496
CEEMDAN_LSTM,BTC-USD,2026-06-20 16:30:00,0.0014514367,0.001865464
CEEMDAN_LSTM,BTC-USD,2026-06-20 16:45:00,0.0014506967,0.0018645355
CEEMDAN_LSTM,BTC-USD,2026-06-20 17:00:00,0.0014553558,0.0018661041
CEEMDAN_LSTM,BTC-USD,2026-06-20 17:15:00,0.0014547928,0.001861964
CEEMDAN_LSTM,BTC-USD,2026-06-20 17:30:00,0.0014523057,0.0018657064
CEEMDAN_LSTM,BTC-USD,2026-06-20 17:45:00,0.0014468972,0.0018648008
CEEMDAN_LSTM,BTC-USD,2026-06-20 18:00:00,0.001445614,0.0018583377
CEEMDAN_LSTM,BTC-USD,2026-06-20 18:15:00,0.0014463386,0.001847149
CEEMDAN_LSTM,BTC-USD,2026-06-20 18:30:00,0.0014409552,0.0018477087
CEEMDAN_LSTM,BTC-USD,2026-06-20 18:45:00,0.0014297568,0.0018474692
CEEMDAN_LSTM,BTC-USD,2026-06-20 19:00:00,0.0014279182,0.0018192589
CEEMDAN_LSTM,BTC-USD,2026-06-20 19:15:00,0.0014368487,0.0018194967
CEEMDAN_LSTM,BTC-USD,2026-06-20 19:30:00,0.0014256517,0.0018198822
CEEMDAN_LSTM,BTC-USD,2026-06-20 19:45:00,0.0014058277,0.0018198878
CEEMDAN_LSTM,BTC-USD,2026-06-20 20:00:00,0.0014020142,0.001819567
CEEMDAN_LSTM,BTC-USD,2026-06-20 20:15:00,0.0014069338,0.0018200419
CEEMDAN_LSTM,BTC-USD,2026-06-20 20:30:00,0.0014039689,0.0018203467
CEEMDAN_LSTM,BTC-USD,2026-06-20 20:45:00,0.001398155,0.0018200787
CEEMDAN_LSTM,BTC-USD,2026-06-20 21:00:00,0.0014002592,0.0018205368
CEEMDAN_LSTM,BTC-USD,2026-06-20 21:15:00,0.0014022103,0.0018210466
CEEMDAN_LSTM,BTC-USD,2026-06-20 21:30:00,0.0013969174,0.0018204841
CEEMDAN_LSTM,BTC-USD,2026-06-20 21:45:00,0.0013987756,0.0018205119
CEEMDAN_LSTM,BTC-USD,2026-06-20 22:00:00,0.001401871,0.0018245807
CEEMDAN_LSTM,BTC-USD,2026-06-20 22:15:00,0.0014046378,0.0018203962
CEEMDAN_LSTM,BTC-USD,2026-06-20 22:30:00,0.0014070206,0.0018153824
CEEMDAN_LSTM,BTC-USD,2026-06-20 22:45:00,0.0014004625,0.0018140621
CEEMDAN_LSTM,BTC-USD,2026-06-20 23:00:00,0.0013931389,0.0018135757
CEEMDAN_LSTM,BTC-USD,2026-06-20 23:15:00,0.0013908428,0.0018131594
CEEMDAN_LSTM,BTC-USD,2026-06-20 23:30:00,0.001392075,0.0018127927
CEEMDAN_LSTM,BTC-USD,2026-06-20 23:45:00,0.0013941239,0.0018090382
CEEMDAN_LSTM,BTC-USD,2026-06-21 00:00:00,0.0013910851,0.0018098297
CEEMDAN_LSTM,BTC-USD,2026-06-21 00:15:00,0.0013850556,0.0018049872
CEEMDAN_LSTM,BTC-USD,2026-06-21 00:30:00,0.0013851633,0.0018047054
CEEMDAN_LSTM,BTC-USD,2026-06-21 00:45:00,0.001387177,0.0018027318
CEEMDAN_LSTM,BTC-USD,2026-06-21 01:00:00,0.0013831691,0.0017936316
CEEMDAN_LSTM,BTC-USD,2026-06-21 01:15:00,0.0013767973,0.0017929284
CEEMDAN_LSTM,BTC-USD,2026-06-21 01:30:00,0.0013735557,0.0017926281
CEEMDAN_LSTM,BTC-USD,2026-06-21 01:45:00,0.0013728455,0.0017912989
CEEMDAN_LSTM,BTC-USD,2026-06-21 02:00:00,0.0013724765,0.0017907346
CEEMDAN_LSTM,BTC-USD,2026-06-21 02:15:00,0.0013710795,0.0017907502
CEEMDAN_LSTM,BTC-USD,2026-06-21 02:30:00,0.0013675049,0.0017879168
CEEMDAN_LSTM,BTC-USD,2026-06-21 02:45:00,0.0013659622,0.0017879003
CEEMDAN_LSTM,BTC-USD,2026-06-21 03:00:00,0.0013652894,0.0017886203
CEEMDAN_LSTM,BTC-USD,2026-06-21 03:15:00,0.0013659884,0.0017798367
CEEMDAN_LSTM,BTC-USD,2026-06-21 03:30:00,0.0013656432,0.0017812292
CEEMDAN_LSTM,BTC-USD,2026-06-21 03:45:00,0.0013632899,0.0017771488
CEEMDAN_LSTM,BTC-USD,2026-06-21 04:00:00,0.0013568331,0.0017770603
CEEMDAN_LSTM,BTC-USD,2026-06-21 04:15:00,0.0013549646,0.0017800791
CEEMDAN_LSTM,BTC-USD,2026-06-21 04:30:00,0.0013597165,0.0017187665
CEEMDAN_LSTM,BTC-USD,2026-06-21 04:45:00,0.0013561593,0.0017282757
CEEMDAN_LSTM,BTC-USD,2026-06-21 05:00:00,0.0013295772,0.0017163864
CEEMDAN_LSTM,BTC-USD,2026-06-21 05:15:00,0.0013042111,0.0017172324
CEEMDAN_LSTM,BTC-USD,2026-06-21 05:30:00,0.0013138268,0.001716225
CEEMDAN_LSTM,BTC-USD,2026-06-21 05:45:00,0.0013135347,0.0017156436
CEEMDAN_LSTM,BTC-USD,2026-06-21 06:00:00,0.0012986036,0.0016985276
CEEMDAN_LSTM,BTC-USD,2026-06-21 06:15:00,0.0012929183,0.0016658215
CEEMDAN_LSTM,BTC-USD,2026-06-21 06:30:00,0.0012962489,0.0016006228
CEEMDAN_LSTM,BTC-USD,2026-06-21 06:45:00,0.0012814509,0.0015453555
CEEMDAN_LSTM,BTC-USD,2026-06-21 07:00:00,0.0012427872,0.0015234877
CEEMDAN_LSTM,BTC-USD,2026-06-21 07:15:00,0.0011978438,0.0015255229
CEEMDAN_LSTM,BTC-USD,2026-06-21 07:30:00,0.001173456,0.001522266
CEEMDAN_LSTM,BTC-USD,2026-06-21 07:45:00,0.0011788988,0.0015220769
CEEMDAN_LSTM,BTC-USD,2026-06-21 08:00:00,0.0011775391,0.0015132516
CEEMDAN_LSTM,BTC-USD,2026-06-21 08:15:00,0.0011545114,0.001514012
CEEMDAN_LSTM,BTC-USD,2026-06-21 08:30:00,0.0011417445,0.0015138026
CEEMDAN_LSTM,BTC-USD,2026-06-21 08:45:00,0.0011409363,0.0015130701
CEEMDAN_LSTM,BTC-USD,2026-06-21 09:00:00,0.0011453086,0.0015099541
CEEMDAN_LSTM,BTC-USD,2026-06-21 09:15:00,0.0011391266,0.0015057427
CEEMDAN_LSTM,BTC-USD,2026-06-21 09:30:00,0.0011345866,0.0015046684
CEEMDAN_LSTM,BTC-USD,2026-06-21 09:45:00,0.0011341864,0.0015050868
CEEMDAN_LSTM,BTC-USD,2026-06-21 10:00:00,0.0011351473,0.0015063102
CEEMDAN_LSTM,BTC-USD,2026-06-21 10:15:00,0.0011343596,0.0015034238
CEEMDAN_LSTM,BTC-USD,2026-06-21 10:30:00,0.001130226,0.0014929092
CEEMDAN_LSTM,BTC-USD,2026-06-21 10:45:00,0.0011287166,0.0014926156
CEEMDAN_LSTM,BTC-USD,2026-06-21 11:00:00,0.0011275723,0.0014743814
CEEMDAN_LSTM,BTC-USD,2026-06-21 11:15:00,0.0011242254,0.0014732783
CEEMDAN_LSTM,BTC-USD,2026-06-21 11:30:00,0.0011199316,0.0014768733
CEEMDAN_LSTM,BTC-USD,2026-06-21 11:45:00,0.0011071104,0.0014806997
CEEMDAN_LSTM,BTC-USD,2026-06-21 12:00:00,0.001106014,0.0014730998
CEEMDAN_LSTM,BTC-USD,2026-06-21 12:15:00,0.0011111393,0.0014744238
CEEMDAN_LSTM,BTC-USD,2026-06-21 12:30:00,0.001109702,0.0014740047
CEEMDAN_LSTM,BTC-USD,2026-06-21 12:45:00,0.0011062241,0.0014787022
CEEMDAN_LSTM,BTC-USD,2026-06-21 13:00:00,0.0011128517,0.0014797272
CEEMDAN_LSTM,BTC-USD,2026-06-21 13:15:00,0.0011089086,0.0014781144
CEEMDAN_LSTM,BTC-USD,2026-06-21 13:30:00,0.0011099048,0.0014823317
CEEMDAN_LSTM,BTC-USD,2026-06-21 13:45:00,0.001106566,0.0014836459
CEEMDAN_LSTM,BTC-USD,2026-06-21 14:00:00,0.0011114248,0.001480204
CEEMDAN_LSTM,BTC-USD,2026-06-21 14:15:00,0.0011109962,0.0014758671
CEEMDAN_LSTM,BTC-USD,2026-06-21 14:30:00,0.0011081528,0.0014757243
CEEMDAN_LSTM,BTC-USD,2026-06-21 14:45:00,0.0011077673,0.0014774373
CEEMDAN_LSTM,BTC-USD,2026-06-21 15:00:00,0.0011112797,0.0014756805
CEEMDAN_LSTM,BTC-USD,2026-06-21 15:15:00,0.0011123205,0.001474158
CEEMDAN_LSTM,BTC-USD,2026-06-21 15:30:00,0.0011119267,0.0014707759
CEEMDAN_LSTM,BTC-USD,2026-06-21 15:45:00,0.0011101537,0.0014716972
CEEMDAN_LSTM,BTC-USD,2026-06-21 16:00:00,0.0011054338,0.0014735439
CEEMDAN_LSTM,BTC-USD,2026-06-21 16:15:00,0.0011011095,0.0014734522
CEEMDAN_LSTM,BTC-USD,2026-06-21 16:30:00,0.0011069058,0.0014755244
CEEMDAN_LSTM,BTC-USD,2026-06-21 16:45:00,0.0011051102,0.0014721291
CEEMDAN_LSTM,BTC-USD,2026-06-21 17:00:00,0.001104074,0.001473106
CEEMDAN_LSTM,BTC-USD,2026-06-21 17:15:00,0.0011055493,0.0014756132
CEEMDAN_LSTM,BTC-USD,2026-06-21 17:30:00,0.0010980505,0.0014757006
CEEMDAN_LSTM,BTC-USD,2026-06-21 17:45:00,0.0011008134,0.0014746892
CEEMDAN_LSTM,BTC-USD,2026-06-21 18:00:00,0.0011040858,0.0014568146
CEEMDAN_LSTM,BTC-USD,2026-06-21 18:15:00,0.0010936024,0.001454311
CEEMDAN_LSTM,BTC-USD,2026-06-21 18:30:00,0.0010934356,0.0014541071
CEEMDAN_LSTM,BTC-USD,2026-06-21 18:45:00,0.0010943399,0.0014529317
CEEMDAN_LSTM,BTC-USD,2026-06-21 19:00:00,0.0010934498,0.001449664
CEEMDAN_LSTM,BTC-USD,2026-06-21 19:15:00,0.0010891333,0.001441592
CEEMDAN_LSTM,BTC-USD,2026-06-21 19:30:00,0.0010869202,0.0014369423
CEEMDAN_LSTM,BTC-USD,2026-06-21 19:45:00,0.0010867836,0.0014270949
CEEMDAN_LSTM,BTC-USD,2026-06-21 20:00:00,0.0010824532,0.0014111323
CEEMDAN_LSTM,BTC-USD,2026-06-21 20:15:00,0.0010779622,0.0014107929
CEEMDAN_LSTM,BTC-USD,2026-06-21 20:30:00,0.0010708495,0.0014181202
CEEMDAN_LSTM,BTC-USD,2026-06-21 20:45:00,0.0010586922,0.0014228285
CEEMDAN_LSTM,BTC-USD,2026-06-21 21:00:00,0.0010610665,0.0014351784
CEEMDAN_LSTM,BTC-USD,2026-06-21 21:15:00,0.001065888,0.0014363653
CEEMDAN_LSTM,BTC-USD,2026-06-21 21:30:00,0.0010713593,0.0014494119
CEEMDAN_LSTM,BTC-USD,2026-06-21 21:45:00,0.0010812749,0.0014506868
CEEMDAN_LSTM,BTC-USD,2026-06-21 22:00:00,0.001071299,0.0014563542
CEEMDAN_LSTM,BTC-USD,2026-06-21 22:15:00,0.0010733962,0.0014580067
CEEMDAN_LSTM,BTC-USD,2026-06-21 22:30:00,0.0010886971,0.0014367289
CEEMDAN_LSTM,BTC-USD,2026-06-21 22:45:00,0.0010907362,0.0014370627
CEEMDAN_LSTM,BTC-USD,2026-06-21 23:00:00,0.0010909543,0.0014394989
CEEMDAN_LSTM,BTC-USD,2026-06-21 23:15:00,0.0010755102,0.0014414812
CEEMDAN_LSTM,BTC-USD,2026-06-21 23:30:00,0.0010821874,0.001477598
CEEMDAN_LSTM,BTC-USD,2026-06-21 23:45:00,0.0010847313,0.0014762982
CEEMDAN_LSTM,BTC-USD,2026-06-22 00:00:00,0.0010908805,0.001479709
CEEMDAN_LSTM,BTC-USD,2026-06-22 00:15:00,0.0011144662,0.0014933547
CEEMDAN_LSTM,BTC-USD,2026-06-22 00:30:00,0.001106163,0.0015044482
CEEMDAN_LSTM,BTC-USD,2026-06-22 00:45:00,0.0011009548,0.0015041563
CEEMDAN_LSTM,BTC-USD,2026-06-22 01:00:00,0.0011063145,0.0014953876
CEEMDAN_LSTM,BTC-USD,2026-06-22 01:15:00,0.0011250756,0.0016813787
CEEMDAN_LSTM,BTC-USD,2026-06-22 01:30:00,0.0011624224,0.0016855819
CEEMDAN_LSTM,BTC-USD,2026-06-22 01:45:00,0.0011510234,0.0016844989
CEEMDAN_LSTM,BTC-USD,2026-06-22 02:00:00,0.0012134355,0.0016847943
CEEMDAN_LSTM,BTC-USD,2026-06-22 02:15:00,0.0012112407,0.0016793497
CEEMDAN_LSTM,BTC-USD,2026-06-22 02:30:00,0.001197992,0.0016801974
CEEMDAN_LSTM,BTC-USD,2026-06-22 02:45:00,0.0012170625,0.0016957168
CEEMDAN_LSTM,BTC-USD,2026-06-22 03:00:00,0.001223726,0.0017091983
CEEMDAN_LSTM,BTC-USD,2026-06-22 03:15:00,0.0012264261,0.0017218222
CEEMDAN_LSTM,BTC-USD,2026-06-22 03:30:00,0.001257028,0.0017243305
CEEMDAN_LSTM,BTC-USD,2026-06-22 03:45:00,0.0012724318,0.0017090862
CEEMDAN_LSTM,BTC-USD,2026-06-22 04:00:00,0.0012694164,0.0017084937
CEEMDAN_LSTM,BTC-USD,2026-06-22 04:15:00,0.0012701767,0.0017085007
CEEMDAN_LSTM,BTC-USD,2026-06-22 04:30:00,0.001272197,0.0016823496
CEEMDAN_LSTM,BTC-USD,2026-06-22 04:45:00,0.0012754895,0.0016836678
CEEMDAN_LSTM,BTC-USD,2026-06-22 05:00:00,0.001281584,0.0016890683
CEEMDAN_LSTM,BTC-USD,2026-06-22 05:15:00,0.0012787565,0.001681411
CEEMDAN_LSTM,BTC-USD,2026-06-22 05:30:00,0.0012697823,0.0016810197
CEEMDAN_LSTM,BTC-USD,2026-06-22 05:45:00,0.0012681162,0.0016778009
CEEMDAN_LSTM,BTC-USD,2026-06-22 06:00:00,0.0012676417,0.0016776614
CEEMDAN_LSTM,BTC-USD,2026-06-22 06:15:00,0.0012673053,0.001676759
CEEMDAN_LSTM,BTC-USD,2026-06-22 06:30:00,0.0012600218,0.001670106
CEEMDAN_LSTM,BTC-USD,2026-06-22 06:45:00,0.0012547785,0.0016699499
CEEMDAN_LSTM,BTC-USD,2026-06-22 07:00:00,0.0012586978,0.00167484
CEEMDAN_LSTM,BTC-USD,2026-06-22 07:15:00,0.0012691395,0.0016741197
CEEMDAN_LSTM,BTC-USD,2026-06-22 07:30:00,0.0012682357,0.0016721803
CEEMDAN_LSTM,BTC-USD,2026-06-22 07:45:00,0.0012616408,0.0016502368
CEEMDAN_LSTM,BTC-USD,2026-06-22 08:00:00,0.0012601478,0.0016533085
CEEMDAN_LSTM,BTC-USD,2026-06-22 08:15:00,0.0012640853,0.0016565303
CEEMDAN_LSTM,BTC-USD,2026-06-22 08:30:00,0.001249013,0.0016494829
CEEMDAN_LSTM,BTC-USD,2026-06-22 08:45:00,0.0012464266,0.0016493236
CEEMDAN_LSTM,BTC-USD,2026-06-22 09:00:00,0.0012458399,0.0016489258
CEEMDAN_LSTM,BTC-USD,2026-06-22 09:15:00,0.0012427997,0.001649583
CEEMDAN_LSTM,BTC-USD,2026-06-22 09:30:00,0.0012391882,0.0016485458
CEEMDAN_LSTM,BTC-USD,2026-06-22 09:45:00,0.0012410133,0.0016480675
CEEMDAN_LSTM,BTC-USD,2026-06-22 10:00:00,0.0012452033,0.0016483774
CEEMDAN_LSTM,BTC-USD,2026-06-22 10:15:00,0.0012466015,0.0016476965
CEEMDAN_LSTM,BTC-USD,2026-06-22 10:30:00,0.0012422755,0.0016506296
CEEMDAN_LSTM,BTC-USD,2026-06-22 10:45:00,0.0012379277,0.0016514347
CEEMDAN_LSTM,BTC-USD,2026-06-22 11:00:00,0.0012428191,0.0016591444
CEEMDAN_LSTM,BTC-USD,2026-06-22 11:15:00,0.0012508003,0.0016598317
CEEMDAN_LSTM,BTC-USD,2026-06-22 11:30:00,0.0012496647,0.0016774003
CEEMDAN_LSTM,BTC-USD,2026-06-22 11:45:00,0.0012561395,0.0016711428
CEEMDAN_LSTM,BTC-USD,2026-06-22 12:00:00,0.0012583392,0.0016733251
CEEMDAN_LSTM,BTC-USD,2026-06-22 12:15:00,0.0012648033,0.0016799209
CEEMDAN_LSTM,BTC-USD,2026-06-22 12:30:00,0.001267605,0.001681395
CEEMDAN_LSTM,BTC-USD,2026-06-22 12:45:00,0.0012631421,0.0016829467
CEEMDAN_LSTM,BTC-USD,2026-06-22 13:00:00,0.0012591617,0.0016829359
CEEMDAN_LSTM,BTC-USD,2026-06-22 13:15:00,0.0012583912,0.0016827643
CEEMDAN_LSTM,BTC-USD,2026-06-22 13:30:00,0.0012603044,0.0017278201
CEEMDAN_LSTM,BTC-USD,2026-06-22 13:45:00,0.0012803812,0.0017346223
CEEMDAN_LSTM,BTC-USD,2026-06-22 14:00:00,0.0012873985,0.0017561658
CEEMDAN_LSTM,BTC-USD,2026-06-22 14:15:00,0.0012787525,0.0017878556
CEEMDAN_LSTM,BTC-USD,2026-06-22 14:30:00,0.0012793211,0.0017890575
CEEMDAN_LSTM,BTC-USD,2026-06-22 14:45:00,0.0013212705,0.0017792928
CEEMDAN_LSTM,BTC-USD,2026-06-22 15:00:00,0.001351627,0.0017820898
CEEMDAN_LSTM,BTC-USD,2026-06-22 15:15:00,0.0013366768,0.001780289
CEEMDAN_LSTM,BTC-USD,2026-06-22 15:30:00,0.0013165446,0.0017803196
CEEMDAN_LSTM,BTC-USD,2026-06-22 15:45:00,0.0013276868,0.0017923873
CEEMDAN_LSTM,BTC-USD,2026-06-22 16:00:00,0.0013365431,0.0017948416
CEEMDAN_LSTM,BTC-USD,2026-06-22 16:15:00,0.0013358033,0.0017947233
CEEMDAN_LSTM,BTC-USD,2026-06-22 16:30:00,0.0013413063,0.0017971601
CEEMDAN_LSTM,BTC-USD,2026-06-22 16:45:00,0.0013453874,0.0018017108
CEEMDAN_LSTM,BTC-USD,2026-06-22 17:00:00,0.0013531608,0.0017985745
CEEMDAN_LSTM,BTC-USD,2026-06-22 17:15:00,0.0013541365,0.0018024631
CEEMDAN_LSTM,BTC-USD,2026-06-22 17:30:00,0.0013471026,0.0018055512
CEEMDAN_LSTM,BTC-USD,2026-06-22 17:45:00,0.0013503496,0.0018122691
CEEMDAN_LSTM,BTC-USD,2026-06-22 18:00:00,0.0013713845,0.0018132029
CEEMDAN_LSTM,BTC-USD,2026-06-22 18:15:00,0.0013788136,0.0018122214
CEEMDAN_LSTM,BTC-USD,2026-06-22 18:30:00,0.0013686053,0.0018139291
CEEMDAN_LSTM,BTC-USD,2026-06-22 18:45:00,0.0013634191,0.0018223264
CEEMDAN_LSTM,BTC-USD,2026-06-22 19:00:00,0.0013650834,0.0018213311
CEEMDAN_LSTM,BTC-USD,2026-06-22 19:15:00,0.0013748785,0.0018157415
CEEMDAN_LSTM,BTC-USD,2026-06-22 19:30:00,0.0013792058,0.0018160101
CEEMDAN_LSTM,BTC-USD,2026-06-22 19:45:00,0.001376463,0.0018184367
CEEMDAN_LSTM,BTC-USD,2026-06-22 20:00:00,0.0013744279,0.0018042033
CEEMDAN_LSTM,BTC-USD,2026-06-22 20:15:00,0.0013738107,0.0017990535
CEEMDAN_LSTM,BTC-USD,2026-06-22 20:30:00,0.001367215,0.0018006763
CEEMDAN_LSTM,BTC-USD,2026-06-22 20:45:00,0.0013659023,0.0018015533
CEEMDAN_LSTM,BTC-USD,2026-06-22 21:00:00,0.0013666416,0.001801799
CEEMDAN_LSTM,BTC-USD,2026-06-22 21:15:00,0.0013671727,0.0018043403
CEEMDAN_LSTM,BTC-USD,2026-06-22 21:30:00,0.0013622096,0.0018073829
CEEMDAN_LSTM,BTC-USD,2026-06-22 21:45:00,0.0013581545,0.0018121792
CEEMDAN_LSTM,BTC-USD,2026-06-22 22:00:00,0.0013720273,0.0018105598
CEEMDAN_LSTM,BTC-USD,2026-06-22 22:15:00,0.0013788508,0.001826254
CEEMDAN_LSTM,BTC-USD,2026-06-22 22:30:00,0.0013653467,0.001835744
CEEMDAN_LSTM,BTC-USD,2026-06-22 22:45:00,0.0013656087,0.0018368168
CEEMDAN_LSTM,BTC-USD,2026-06-22 23:00:00,0.0013945804,0.0018346598
CEEMDAN_LSTM,BTC-USD,2026-06-22 23:15:00,0.0014046519,0.0018354164
CEEMDAN_LSTM,BTC-USD,2026-06-22 23:30:00,0.0013963728,0.0018358112
CEEMDAN_LSTM,BTC-USD,2026-06-22 23:45:00,0.0013892257,0.0018358036
CEEMDAN_LSTM,BTC-USD,2026-06-23 00:00:00,0.0013957769,0.001834503
CEEMDAN_LSTM,BTC-USD,2026-06-23 00:15:00,0.0014012732,0.0018366044
CEEMDAN_LSTM,BTC-USD,2026-06-23 00:30:00,0.00139855,0.001848483
CEEMDAN_LSTM,BTC-USD,2026-06-23 00:45:00,0.0014080184,0.0018486201
CEEMDAN_LSTM,BTC-USD,2026-06-23 01:00:00,0.0014168541,0.0018494425
CEEMDAN_LSTM,BTC-USD,2026-06-23 01:15:00,0.0014188504,0.0018494349
CEEMDAN_LSTM,BTC-USD,2026-06-23 01:30:00,0.0014118742,0.0018535296
CEEMDAN_LSTM,BTC-USD,2026-06-23 01:45:00,0.0014045156,0.0018543043
CEEMDAN_LSTM,BTC-USD,2026-06-23 02:00:00,0.0014166548,0.0018546612
CEEMDAN_LSTM,BTC-USD,2026-06-23 02:15:00,0.0014265343,0.0018551523
CEEMDAN_LSTM,BTC-USD,2026-06-23 02:30:00,0.0014260745,0.0018551128
CEEMDAN_LSTM,BTC-USD,2026-06-23 02:45:00,0.001422699,0.0018545437
CEEMDAN_LSTM,BTC-USD,2026-06-23 03:00:00,0.0014187435,0.0018616976
CEEMDAN_LSTM,BTC-USD,2026-06-23 03:15:00,0.0014117656,0.0018627915
CEEMDAN_LSTM,BTC-USD,2026-06-23 03:30:00,0.001419408,0.0018616293
CEEMDAN_LSTM,BTC-USD,2026-06-23 03:45:00,0.0014260297,0.0018625188
CEEMDAN_LSTM,BTC-USD,2026-06-23 04:00:00,0.0014268942,0.0018612891
CEEMDAN_LSTM,BTC-USD,2026-06-23 04:15:00,0.0014257986,0.0018471944
CEEMDAN_LSTM,BTC-USD,2026-06-23 04:30:00,0.0014261584,0.0018519073
CEEMDAN_LSTM,BTC-USD,2026-06-23 04:45:00,0.0014185843,0.001861374
CEEMDAN_LSTM,BTC-USD,2026-06-23 05:00:00,0.0014076529,0.0018523417
CEEMDAN_LSTM,BTC-USD,2026-06-23 05:15:00,0.0014168876,0.0018516771
CEEMDAN_LSTM,BTC-USD,2026-06-23 05:30:00,0.0014214312,0.001846987
CEEMDAN_LSTM,BTC-USD,2026-06-23 05:45:00,0.0014157395,0.0017968011
CEEMDAN_LSTM,BTC-USD,2026-06-23 06:00:00,0.0014126122,0.001806008
CEEMDAN_LSTM,BTC-USD,2026-06-23 06:15:00,0.0013897143,0.0018470205
CEEMDAN_LSTM,BTC-USD,2026-06-23 06:30:00,0.0013495998,0.0018547206
CEEMDAN_LSTM,BTC-USD,2026-06-23 06:45:00,0.0013775609,0.0018542993
CEEMDAN_LSTM,BTC-USD,2026-06-23 07:00:00,0.0014164188,0.0018510439
CEEMDAN_LSTM,BTC-USD,2026-06-23 07:15:00,0.001415685,0.0018511651
CEEMDAN_LSTM,BTC-USD,2026-06-23 07:30:00,0.0014006022,0.001854293
CEEMDAN_LSTM,BTC-USD,2026-06-23 07:45:00,0.0014045734,0.0018539431
CEEMDAN_LSTM,BTC-USD,2026-06-23 08:00:00,0.001427546,0.0018667027
CEEMDAN_LSTM,BTC-USD,2026-06-23 08:15:00,0.0014213517,0.0019582042
CEEMDAN_LSTM,BTC-USD,2026-06-23 08:30:00,0.0013851626,0.0019865145
CEEMDAN_LSTM,BTC-USD,2026-06-23 08:45:00,0.0014430629,0.0019862722
CEEMDAN_LSTM,BTC-USD,2026-06-23 09:00:00,0.0015208601,0.0019868854
CEEMDAN_LSTM,BTC-USD,2026-06-23 09:15:00,0.0015382782,0.0019885132
CEEMDAN_LSTM,BTC-USD,2026-06-23 09:30:00,0.0015327933,0.0019935565
CEEMDAN_LSTM,BTC-USD,2026-06-23 09:45:00,0.0015345165,0.0019937295
CEEMDAN_LSTM,BTC-USD,2026-06-23 10:00:00,0.0015573775,0.0019929074
CEEMDAN_LSTM,BTC-USD,2026-06-23 10:15:00,0.0015746626,0.0019949046
CEEMDAN_LSTM,BTC-USD,2026-06-23 10:30:00,0.0015678308,0.0019959237
CEEMDAN_LSTM,BTC-USD,2026-06-23 10:45:00,0.0015633744,0.0019969293
CEEMDAN_LSTM,BTC-USD,2026-06-23 11:00:00,0.0015818139,0.0019981645
CEEMDAN_LSTM,BTC-USD,2026-06-23 11:15:00,0.0015987506,0.0020047445
CEEMDAN_LSTM,BTC-USD,2026-06-23 11:30:00,0.0016010682,0.002004707
CEEMDAN_LSTM,BTC-USD,2026-06-23 11:45:00,0.0015954761,0.0020043117
CEEMDAN_LSTM,BTC-USD,2026-06-23 12:00:00,0.0015930621,0.0020049608
CEEMDAN_LSTM,BTC-USD,2026-06-23 12:15:00,0.001597676,0.002004606
CEEMDAN_LSTM,BTC-USD,2026-06-23 12:30:00,0.0016037017,0.0020029023
CEEMDAN_LSTM,BTC-USD,2026-06-23 12:45:00,0.0016042276,0.002004115
CEEMDAN_LSTM,BTC-USD,2026-06-23 13:00:00,0.0016023706,0.0020011498
CEEMDAN_LSTM,BTC-USD,2026-06-23 13:15:00,0.001605555,0.0019978501
CEEMDAN_LSTM,BTC-USD,2026-06-23 13:30:00,0.0016114253,0.0020306597
CEEMDAN_LSTM,BTC-USD,2026-06-23 13:45:00,0.0016232424,0.0020322464
CEEMDAN_LSTM,BTC-USD,2026-06-23 14:00:00,0.0016335348,0.0020513944
CEEMDAN_LSTM,BTC-USD,2026-06-23 14:15:00,0.0016381913,0.002058228
CEEMDAN_LSTM,BTC-USD,2026-06-23 14:30:00,0.0016390004,0.0020580417
CEEMDAN_LSTM,BTC-USD,2026-06-23 14:45:00,0.0016502035,0.0020580448
CEEMDAN_LSTM,BTC-USD,2026-06-23 15:00:00,0.0016671789,0.002060576
CEEMDAN_LSTM,BTC-USD,2026-06-23 15:15:00,0.0016723396,0.0020630779
CEEMDAN_LSTM,BTC-USD,2026-06-23 15:30:00,0.0016776785,0.0020632532
CEEMDAN_LSTM,BTC-USD,2026-06-23 15:45:00,0.0016929223,0.0020721636
CEEMDAN_LSTM,BTC-USD,2026-06-23 16:00:00,0.001702868,0.0020942048
CEEMDAN_LSTM,BTC-USD,2026-06-23 16:15:00,0.001701132,0.0021033043
CEEMDAN_LSTM,BTC-USD,2026-06-23 16:30:00,0.0016944637,0.0021037036
CEEMDAN_LSTM,BTC-USD,2026-06-23 16:45:00,0.0017057768,0.0021048265
CEEMDAN_LSTM,BTC-USD,2026-06-23 17:00:00,0.0017204355,0.002107599
CEEMDAN_LSTM,BTC-USD,2026-06-23 17:15:00,0.0017260808,0.0021186313
CEEMDAN_LSTM,BTC-USD,2026-06-23 17:30:00,0.0017365926,0.0021215857
CEEMDAN_LSTM,BTC-USD,2026-06-23 17:45:00,0.0017420261,0.0021278362
CEEMDAN_LSTM,BTC-USD,2026-06-23 18:00:00,0.0017426,0.0021266853
CEEMDAN_LSTM,BTC-USD,2026-06-23 18:15:00,0.0017532804,0.002125852
CEEMDAN_LSTM,BTC-USD,2026-06-23 18:30:00,0.0017588785,0.0021331967
CEEMDAN_LSTM,BTC-USD,2026-06-23 18:45:00,0.0017544485,0.0021357983
CEEMDAN_LSTM,BTC-USD,2026-06-23 19:00:00,0.0017624986,0.0021403795
CEEMDAN_LSTM,BTC-USD,2026-06-23 19:15:00,0.001771952,0.0021384247
CEEMDAN_LSTM,BTC-USD,2026-06-23 19:30:00,0.0017676142,0.0021423912
CEEMDAN_LSTM,BTC-USD,2026-06-23 19:45:00,0.0017569966,0.0021365588
CEEMDAN_LSTM,BTC-USD,2026-06-23 20:00:00,0.0017626405,0.0021366922
CEEMDAN_LSTM,BTC-USD,2026-06-23 20:15:00,0.001771592,0.002136462
CEEMDAN_LSTM,BTC-USD,2026-06-23 20:30:00,0.0017719846,0.0021364782
CEEMDAN_LSTM,BTC-USD,2026-06-23 20:45:00,0.001767897,0.0021362936
CEEMDAN_LSTM,BTC-USD,2026-06-23 21:00:00,0.00176844,0.0021366253
CEEMDAN_LSTM,BTC-USD,2026-06-23 21:15:00,0.001774071,0.0021364323
CEEMDAN_LSTM,BTC-USD,2026-06-23 21:30:00,0.0017763423,0.002137047
CEEMDAN_LSTM,BTC-USD,2026-06-23 21:45:00,0.0017739835,0.002137139
CEEMDAN_LSTM,BTC-USD,2026-06-23 22:00:00,0.0017723037,0.0021424484
CEEMDAN_LSTM,BTC-USD,2026-06-23 22:15:00,0.001776435,0.0021446818
CEEMDAN_LSTM,BTC-USD,2026-06-23 22:30:00,0.0017792372,0.0021446075
CEEMDAN_LSTM,BTC-USD,2026-06-23 22:45:00,0.0017809278,0.0021449917
CEEMDAN_LSTM,BTC-USD,2026-06-23 23:00:00,0.0017839095,0.002144766
CEEMDAN_LSTM,BTC-USD,2026-06-23 23:15:00,0.001782721,0.0021493991
CEEMDAN_LSTM,BTC-USD,2026-06-23 23:30:00,0.0017850983,0.0021490385
CEEMDAN_LSTM,BTC-USD,2026-06-23 23:45:00,0.0017879138,0.0021518175
CEEMDAN_LSTM,BTC-USD,2026-06-24 00:00:00,0.0017893049,0.0021592374
CEEMDAN_LSTM,BTC-USD,2026-06-24 00:15:00,0.001791526,0.0021582393
CEEMDAN_LSTM,BTC-USD,2026-06-24 00:30:00,0.0017909181,0.0021596109
CEEMDAN_LSTM,BTC-USD,2026-06-24 00:45:00,0.0017923674,0.002158841
CEEMDAN_LSTM,BTC-USD,2026-06-24 01:00:00,0.0017950495,0.002157615
CEEMDAN_LSTM,BTC-USD,2026-06-24 01:15:00,0.0017942985,0.0021583897
CEEMDAN_LSTM,BTC-USD,2026-06-24 01:30:00,0.0017956462,0.0021582132
CEEMDAN_LSTM,BTC-USD,2026-06-24 01:45:00,0.0018015866,0.0021580816
CEEMDAN_LSTM,BTC-USD,2026-06-24 02:00:00,0.001803779,0.0021576877
CEEMDAN_LSTM,BTC-USD,2026-06-24 02:15:00,0.0018015609,0.0021603785
CEEMDAN_LSTM,BTC-USD,2026-06-24 02:30:00,0.0018017595,0.002158545
CEEMDAN_LSTM,BTC-USD,2026-06-24 02:45:00,0.0018078135,0.0021576304
CEEMDAN_LSTM,BTC-USD,2026-06-24 03:00:00,0.0018110975,0.0021565037
CEEMDAN_LSTM,BTC-USD,2026-06-24 03:15:00,0.0018109195,0.0021571694
CEEMDAN_LSTM,BTC-USD,2026-06-24 03:30:00,0.0018116472,0.0021611573
CEEMDAN_LSTM,BTC-USD,2026-06-24 03:45:00,0.0018110236,0.0021577408
CEEMDAN_LSTM,BTC-USD,2026-06-24 04:00:00,0.0018076361,0.002157856
CEEMDAN_LSTM,BTC-USD,2026-06-24 04:15:00,0.0018035613,0.002158342
CEEMDAN_LSTM,BTC-USD,2026-06-24 04:30:00,0.0018033677,0.0021569133
CEEMDAN_LSTM,BTC-USD,2026-06-24 04:45:00,0.0018075492,0.0021568604
CEEMDAN_LSTM,BTC-USD,2026-06-24 05:00:00,0.001808942,0.0021561726
CEEMDAN_LSTM,BTC-USD,2026-06-24 05:15:00,0.0018040412,0.0021581654
CEEMDAN_LSTM,BTC-USD,2026-06-24 05:30:00,0.0017992122,0.0021587692
CEEMDAN_LSTM,BTC-USD,2026-06-24 05:45:00,0.0017980691,0.0021572912
CEEMDAN_LSTM,BTC-USD,2026-06-24 06:00:00,0.0017982349,0.0021568006
CEEMDAN_LSTM,BTC-USD,2026-06-24 06:15:00,0.0018004257,0.0021560295
CEEMDAN_LSTM,BTC-USD,2026-06-24 06:30:00,0.0018046449,0.002156264
CEEMDAN_LSTM,BTC-USD,2026-06-24 06:45:00,0.0018065755,0.0021555007
CEEMDAN_LSTM,BTC-USD,2026-06-24 07:00:00,0.0018088432,0.0021544183
CEEMDAN_LSTM,BTC-USD,2026-06-24 07:15:00,0.0018113822,0.0021581422
CEEMDAN_LSTM,BTC-USD,2026-06-24 07:30:00,0.0018086788,0.0021571356
CEEMDAN_LSTM,BTC-USD,2026-06-24 07:45:00,0.0018090593,0.0021570541
CEEMDAN_LSTM,BTC-USD,2026-06-24 08:00:00,0.0018119115,0.0021561228
CEEMDAN_LSTM,BTC-USD,2026-06-24 08:15:00,0.0018125565,0.0021545205
CEEMDAN_LSTM,BTC-USD,2026-06-24 08:30:00,0.0018114612,0.0021560106
CEEMDAN_LSTM,BTC-USD,2026-06-24 08:45:00,0.0018072767,0.002155916
CEEMDAN_LSTM,BTC-USD,2026-06-24 09:00:00,0.0018028478,0.0021516578
CEEMDAN_LSTM,BTC-USD,2026-06-24 09:15:00,0.0018024324,0.002153331
CEEMDAN_LSTM,BTC-USD,2026-06-24 09:30:00,0.0018030318,0.0021484452
CEEMDAN_LSTM,BTC-USD,2026-06-24 09:45:00,0.0018068599,0.0021481423
CEEMDAN_LSTM,BTC-USD,2026-06-24 10:00:00,0.0018094457,0.0021492061
CEEMDAN_LSTM,BTC-USD,2026-06-24 10:15:00,0.0018070709,0.0021500844
CEEMDAN_LSTM,BTC-USD,2026-06-24 10:30:00,0.0018043575,0.002150988
CEEMDAN_LSTM,BTC-USD,2026-06-24 10:45:00,0.0018046286,0.0021560758
CEEMDAN_LSTM,BTC-USD,2026-06-24 11:00:00,0.0018021151,0.0021570183
CEEMDAN_LSTM,BTC-USD,2026-06-24 11:15:00,0.0017999698,0.002156708
CEEMDAN_LSTM,BTC-USD,2026-06-24 11:30:00,0.0018005649,0.0021851414
CEEMDAN_LSTM,BTC-USD,2026-06-24 11:45:00,0.0018081537,0.0021887135
CEEMDAN_LSTM,BTC-USD,2026-06-24 12:00:00,0.0018211551,0.0021798005
CEEMDAN_LSTM,BTC-USD,2026-06-24 12:15:00,0.0018241156,0.002178852
CEEMDAN_LSTM,BTC-USD,2026-06-24 12:30:00,0.0018239104,0.0021696275
CEEMDAN_LSTM,BTC-USD,2026-06-24 12:45:00,0.0018282905,0.002181291
CEEMDAN_LSTM,BTC-USD,2026-06-24 13:00:00,0.0018261151,0.0022496774
CEEMDAN_LSTM,BTC-USD,2026-06-24 13:15:00,0.0018266316,0.0022537361
CEEMDAN_LSTM,BTC-USD,2026-06-24 13:30:00,0.0018745953,0.0022856165
CEEMDAN_LSTM,BTC-USD,2026-06-24 13:45:00,0.0019105121,0.0022882733
CEEMDAN_LSTM,BTC-USD,2026-06-24 14:00:00,0.0019233673,0.0022901942
CEEMDAN_LSTM,BTC-USD,2026-06-24 14:15:00,0.0019288558,0.0022897276
CEEMDAN_LSTM,BTC-USD,2026-06-24 14:30:00,0.0019350146,0.002268526
CEEMDAN_LSTM,BTC-USD,2026-06-24 14:45:00,0.0019364747,0.0022697048
CEEMDAN_LSTM,BTC-USD,2026-06-24 15:00:00,0.001922246,0.002270129
CEEMDAN_LSTM,BTC-USD,2026-06-24 15:15:00,0.0019084446,0.0022588982
CEEMDAN_LSTM,BTC-USD,2026-06-24 15:30:00,0.0019106205,0.0022682743
CEEMDAN_LSTM,BTC-USD,2026-06-24 15:45:00,0.0019107979,0.002288422
CEEMDAN_LSTM,BTC-USD,2026-06-24 16:00:00,0.0019107666,0.002306423
CEEMDAN_LSTM,BTC-USD,2026-06-24 16:15:00,0.0019274772,0.0021663022
CEEMDAN_LSTM,BTC-USD,2026-06-24 16:30:00,0.0019391323,0.0021826362
CEEMDAN_LSTM,BTC-USD,2026-06-24 16:45:00,0.0018832078,0.0022152988
CEEMDAN_LSTM,BTC-USD,2026-06-24 17:00:00,0.0018369714,0.0022151757
CEEMDAN_LSTM,BTC-USD,2026-06-24 17:15:00,0.0018752557,0.0022191654
CEEMDAN_LSTM,BTC-USD,2026-06-24 17:30:00,0.0018974696,0.0022483338
CEEMDAN_LSTM,BTC-USD,2026-06-24 17:45:00,0.0018863358,0.0022408525
CEEMDAN_LSTM,BTC-USD,2026-06-24 18:00:00,0.0018995184,0.0022434327
CEEMDAN_LSTM,BTC-USD,2026-06-24 18:15:00,0.0019144894,0.0022348298
CEEMDAN_LSTM,BTC-USD,2026-06-24 18:30:00,0.0019042426,0.002238101
CEEMDAN_LSTM,BTC-USD,2026-06-24 18:45:00,0.0018848979,0.0022306426
CEEMDAN_LSTM,BTC-USD,2026-06-24 19:00:00,0.0018862768,0.0022337006
CEEMDAN_LSTM,BTC-USD,2026-06-24 19:15:00,0.0018917489,0.0022400648
CEEMDAN_LSTM,BTC-USD,2026-06-24 19:30:00,0.0018867587,0.002240175
CEEMDAN_LSTM,BTC-USD,2026-06-24 19:45:00,0.0018838847,0.0022440003
CEEMDAN_LSTM,BTC-USD,2026-06-24 20:00:00,0.0018946633,0.0023658746
CEEMDAN_LSTM,BTC-USD,2026-06-24 20:15:00,0.001905086,0.0023679368
CEEMDAN_LSTM,BTC-USD,2026-06-24 20:30:00,0.0019367032,0.0023714043
CEEMDAN_LSTM,BTC-USD,2026-06-24 20:45:00,0.0019551844,0.00237272
CEEMDAN_LSTM,BTC-USD,2026-06-24 21:00:00,0.0019660671,0.00238411
CEEMDAN_LSTM,BTC-USD,2026-06-24 21:15:00,0.001978032,0.0023869856
CEEMDAN_LSTM,BTC-USD,2026-06-24 21:30:00,0.002013277,0.0023989857
CEEMDAN_LSTM,BTC-USD,2026-06-24 21:45:00,0.0020329256,0.0023994753
CEEMDAN_LSTM,BTC-USD,2026-06-24 22:00:00,0.0020284595,0.0023912268
CEEMDAN_LSTM,BTC-USD,2026-06-24 22:15:00,0.0020238291,0.0023928317
CEEMDAN_LSTM,BTC-USD,2026-06-24 22:30:00,0.0020312564,0.0023933572
CEEMDAN_LSTM,BTC-USD,2026-06-24 22:45:00,0.0020444372,0.0023934531
CEEMDAN_LSTM,BTC-USD,2026-06-24 23:00:00,0.002048365,0.002390526
CEEMDAN_LSTM,BTC-USD,2026-06-24 23:15:00,0.0020455257,0.0023906864
CEEMDAN_LSTM,BTC-USD,2026-06-24 23:30:00,0.0020406651,0.0023896631
CEEMDAN_LSTM,BTC-USD,2026-06-24 23:45:00,0.0020328402,0.0023892154
CEEMDAN_LSTM,BTC-USD,2026-06-25 00:00:00,0.0020279158,0.0023891176
CEEMDAN_LSTM,BTC-USD,2026-06-25 00:15:00,0.0020280315,0.0023940362
CEEMDAN_LSTM,BTC-USD,2026-06-25 00:30:00,0.0020299358,0.002394944
CEEMDAN_LSTM,BTC-USD,2026-06-25 00:45:00,0.0020351904,0.002394754
CEEMDAN_LSTM,BTC-USD,2026-06-25 01:00:00,0.002040922,0.0023936413
CEEMDAN_LSTM,BTC-USD,2026-06-25 01:15:00,0.0020422349,0.0023957677
CEEMDAN_LSTM,BTC-USD,2026-06-25 01:30:00,0.0020414568,0.0023944965
CEEMDAN_LSTM,BTC-USD,2026-06-25 01:45:00,0.0020435904,0.0023959985
CEEMDAN_LSTM,BTC-USD,2026-06-25 02:00:00,0.0020450305,0.002392289
CEEMDAN_LSTM,BTC-USD,2026-06-25 02:15:00,0.0020423126,0.0023974744
CEEMDAN_LSTM,BTC-USD,2026-06-25 02:30:00,0.002036236,0.0023882783
CEEMDAN_LSTM,BTC-USD,2026-06-25 02:45:00,0.0020486317,0.002388111
CEEMDAN_LSTM,BTC-USD,2026-06-25 03:00:00,0.0020457832,0.0023857367
CEEMDAN_LSTM,BTC-USD,2026-06-25 03:15:00,0.002039305,0.002376892
CEEMDAN_LSTM,BTC-USD,2026-06-25 03:30:00,0.0020377466,0.0023734728
CEEMDAN_LSTM,BTC-USD,2026-06-25 03:45:00,0.002034248,0.002376126
CEEMDAN_LSTM,BTC-USD,2026-06-25 04:00:00,0.0020295642,0.0023764395
CEEMDAN_LSTM,BTC-USD,2026-06-25 04:15:00,0.0020325878,0.0023745259
CEEMDAN_LSTM,BTC-USD,2026-06-25 04:30:00,0.0020294052,0.0023392586
CEEMDAN_LSTM,BTC-USD,2026-06-25 04:45:00,0.0020225057,0.0023685344
CEEMDAN_LSTM,BTC-USD,2026-06-25 05:00:00,0.0020013456,0.00237654
CEEMDAN_LSTM,BTC-USD,2026-06-25 05:15:00,0.0020051952,0.0023557546
CEEMDAN_LSTM,BTC-USD,2026-06-25 05:30:00,0.002014769,0.0023562815
CEEMDAN_LSTM,BTC-USD,2026-06-25 05:45:00,0.00201443,0.0023562775
CEEMDAN_LSTM,BTC-USD,2026-06-25 06:00:00,0.0020215209,0.002357034
CEEMDAN_LSTM,BTC-USD,2026-06-25 06:15:00,0.0020256073,0.002357142
CEEMDAN_LSTM,BTC-USD,2026-06-25 06:30:00,0.002021179,0.0023591255
CEEMDAN_LSTM,BTC-USD,2026-06-25 06:45:00,0.0020172477,0.0023500496
CEEMDAN_LSTM,BTC-USD,2026-06-25 07:00:00,0.002021021,0.0023482065
CEEMDAN_LSTM,BTC-USD,2026-06-25 07:15:00,0.0020224983,0.0023490647
CEEMDAN_LSTM,BTC-USD,2026-06-25 07:30:00,0.0020262585,0.0023505567
CEEMDAN_LSTM,BTC-USD,2026-06-25 07:45:00,0.0020278539,0.0023461184
CEEMDAN_LSTM,BTC-USD,2026-06-25 08:00:00,0.0020277647,0.002348318
CEEMDAN_LSTM,BTC-USD,2026-06-25 08:15:00,0.0020253789,0.0023447017
CEEMDAN_LSTM,BTC-USD,2026-06-25 08:30:00,0.0020282138,0.002342974
CEEMDAN_LSTM,BTC-USD,2026-06-25 08:45:00,0.0020300362,0.0023359708
CEEMDAN_LSTM,BTC-USD,2026-06-25 09:00:00,0.0020265891,0.002335177
CEEMDAN_LSTM,BTC-USD,2026-06-25 09:15:00,0.002019264,0.0023347072
CEEMDAN_LSTM,BTC-USD,2026-06-25 09:30:00,0.0020132868,0.0023346455
CEEMDAN_LSTM,BTC-USD,2026-06-25 09:45:00,0.0020123662,0.0023291325
CEEMDAN_LSTM,BTC-USD,2026-06-25 10:00:00,0.0020138815,0.002328214
CEEMDAN_LSTM,BTC-USD,2026-06-25 10:15:00,0.0020105396,0.0023295456
CEEMDAN_LSTM,BTC-USD,2026-06-25 10:30:00,0.0020133373,0.0023346867
CEEMDAN_LSTM,BTC-USD,2026-06-25 10:45:00,0.0020251516,0.0023347726
CEEMDAN_LSTM,BTC-USD,2026-06-25 11:00:00,0.0020424784,0.0023367552
CEEMDAN_LSTM,BTC-USD,2026-06-25 11:15:00,0.0020549605,0.0023375605
CEEMDAN_LSTM,BTC-USD,2026-06-25 11:30:00,0.0020566506,0.0023377517
CEEMDAN_LSTM,BTC-USD,2026-06-25 11:45:00,0.0020402144,0.00233744
CEEMDAN_LSTM,BTC-USD,2026-06-25 12:00:00,0.0020241025,0.0023379086
CEEMDAN_LSTM,BTC-USD,2026-06-25 12:15:00,0.0020138414,0.0023395687
CEEMDAN_LSTM,BTC-USD,2026-06-25 12:30:00,0.002030223,0.002357126
CEEMDAN_LSTM,BTC-USD,2026-06-25 12:45:00,0.0020640038,0.00235631
CEEMDAN_LSTM,BTC-USD,2026-06-25 13:00:00,0.0020817139,0.0023581467
CEEMDAN_LSTM,BTC-USD,2026-06-25 13:15:00,0.002100362,0.0023454754
CEEMDAN_LSTM,BTC-USD,2026-06-25 13:30:00,0.0021327261,0.0026311597
CEEMDAN_LSTM,BTC-USD,2026-06-25 13:45:00,0.002130838,0.0033421032
CEEMDAN_LSTM,BTC-USD,2026-06-25 14:00:00,0.002342152,0.0035512156
CEEMDAN_LSTM,BTC-USD,2026-06-25 14:15:00,0.0029974354,0.003551017
CEEMDAN_LSTM,BTC-USD,2026-06-25 14:30:00,0.003352325,0.0035557202
CEEMDAN_LSTM,BTC-USD,2026-06-25 14:45:00,0.0033507056,0.0035553116
CEEMDAN_LSTM,BTC-USD,2026-06-25 15:00:00,0.003167918,0.0035802678
CEEMDAN_LSTM,BTC-USD,2026-06-25 15:15:00,0.0030765075,0.003587411
CEEMDAN_LSTM,BTC-USD,2026-06-25 15:30:00,0.0031491818,0.003577898
CEEMDAN_LSTM,BTC-USD,2026-06-25 15:45:00,0.0032277096,0.0035990207
CEEMDAN_LSTM,BTC-USD,2026-06-25 16:00:00,0.00318479,0.003605411
CEEMDAN_LSTM,BTC-USD,2026-06-25 16:15:00,0.0031634935,0.0036054186
CEEMDAN_LSTM,BTC-USD,2026-06-25 16:30:00,0.0031802442,0.0036373523
CEEMDAN_LSTM,BTC-USD,2026-06-25 16:45:00,0.0032000015,0.0036362747
CEEMDAN_LSTM,BTC-USD,2026-06-25 17:00:00,0.0031964567,0.003637696
CEEMDAN_LSTM,BTC-USD,2026-06-25 17:15:00,0.003232749,0.0036418098
CEEMDAN_LSTM,BTC-USD,2026-06-25 17:30:00,0.0032537982,0.0036414925
CEEMDAN_LSTM,BTC-USD,2026-06-25 17:45:00,0.0032515798,0.003645654
CEEMDAN_LSTM,BTC-USD,2026-06-25 18:00:00,0.0032288954,0.0036535107
CEEMDAN_LSTM,BTC-USD,2026-06-25 18:15:00,0.0032244758,0.0036701518
CEEMDAN_LSTM,BTC-USD,2026-06-25 18:30:00,0.0031979226,0.0036806662
CEEMDAN_LSTM,BTC-USD,2026-06-25 18:45:00,0.0032580944,0.0036808702
CEEMDAN_LSTM,BTC-USD,2026-06-25 19:00:00,0.003277043,0.003689621
CEEMDAN_LSTM,BTC-USD,2026-06-25 19:15:00,0.0032754752,0.0036917455
CEEMDAN_LSTM,BTC-USD,2026-06-25 19:30:00,0.003261976,0.0036890171
CEEMDAN_LSTM,BTC-USD,2026-06-25 19:45:00,0.0032670393,0.003685072
CEEMDAN_LSTM,BTC-USD,2026-06-25 20:00:00,0.0032630938,0.0036959918
CEEMDAN_LSTM,BTC-USD,2026-06-25 20:15:00,0.0032507447,0.0036944526
CEEMDAN_LSTM,BTC-USD,2026-06-25 20:30:00,0.0032614626,0.0036955844
CEEMDAN_LSTM,BTC-USD,2026-06-25 20:45:00,0.0032778725,0.003695766
CEEMDAN_LSTM,BTC-USD,2026-06-25 21:00:00,0.0032965245,0.003696211
CEEMDAN_LSTM,BTC-USD,2026-06-25 21:15:00,0.0033062184,0.0036737004
CEEMDAN_LSTM,BTC-USD,2026-06-25 21:30:00,0.0033104948,0.003678879
CEEMDAN_LSTM,BTC-USD,2026-06-25 21:45:00,0.0032883869,0.0036910058
CEEMDAN_LSTM,BTC-USD,2026-06-25 22:00:00,0.003264437,0.003703483
CEEMDAN_LSTM,BTC-USD,2026-06-25 22:15:00,0.0032829745,0.0037052669
CEEMDAN_LSTM,BTC-USD,2026-06-25 22:30:00,0.003296368,0.0037040233
CEEMDAN_LSTM,BTC-USD,2026-06-25 22:45:00,0.0033052838,0.0037045365
CEEMDAN_LSTM,BTC-USD,2026-06-25 23:00:00,0.003316458,0.0036997972
CEEMDAN_LSTM,BTC-USD,2026-06-25 23:15:00,0.0033288621,0.0036562746
CEEMDAN_LSTM,BTC-USD,2026-06-25 23:30:00,0.0033130182,0.0036399649
CEEMDAN_LSTM,BTC-USD,2026-06-25 23:45:00,0.003259344,0.0036452464
CEEMDAN_LSTM,BTC-USD,2026-06-26 00:00:00,0.0032300663,0.0036464403
CEEMDAN_LSTM,BTC-USD,2026-06-26 00:15:00,0.003235933,0.00364682
CEEMDAN_LSTM,BTC-USD,2026-06-26 00:30:00,0.0032641501,0.003644177
CEEMDAN_LSTM,BTC-USD,2026-06-26 00:45:00,0.0032671525,0.0036459512
CEEMDAN_LSTM,BTC-USD,2026-06-26 01:00:00,0.0032672773,0.0036453744
CEEMDAN_LSTM,BTC-USD,2026-06-26 01:15:00,0.0032630446,0.0036572558
CEEMDAN_LSTM,BTC-USD,2026-06-26 01:30:00,0.0032576255,0.0036562034
CEEMDAN_LSTM,BTC-USD,2026-06-26 01:45:00,0.003259523,0.003658143
CEEMDAN_LSTM,BTC-USD,2026-06-26 02:00:00,0.0032637422,0.0037412697
CEEMDAN_LSTM,BTC-USD,2026-06-26 02:15:00,0.0032937215,0.003744042
CEEMDAN_LSTM,BTC-USD,2026-06-26 02:30:00,0.003298653,0.0037445456
CEEMDAN_LSTM,BTC-USD,2026-06-26 02:45:00,0.0033319,0.0037529522
CEEMDAN_LSTM,BTC-USD,2026-06-26 03:00:00,0.0033511817,0.0037722958
CEEMDAN_LSTM,BTC-USD,2026-06-26 03:15:00,0.0033410944,0.0037785517
CEEMDAN_LSTM,BTC-USD,2026-06-26 03:30:00,0.003350388,0.003803944
CEEMDAN_LSTM,BTC-USD,2026-06-26 03:45:00,0.0033718762,0.0038479331
CEEMDAN_LSTM,BTC-USD,2026-06-26 04:00:00,0.0033810362,0.0038492824
CEEMDAN_LSTM,BTC-USD,2026-06-26 04:15:00,0.0034035945,0.0038482933
CEEMDAN_LSTM,BTC-USD,2026-06-26 04:30:00,0.0033939506,0.0038308855
CEEMDAN_LSTM,BTC-USD,2026-06-26 04:45:00,0.0033948007,0.0038301998
CEEMDAN_LSTM,BTC-USD,2026-06-26 05:00:00,0.003401145,0.0038202263
CEEMDAN_LSTM,BTC-USD,2026-06-26 05:15:00,0.0034028536,0.003816712
CEEMDAN_LSTM,BTC-USD,2026-06-26 05:30:00,0.0034036953,0.0038171252
CEEMDAN_LSTM,BTC-USD,2026-06-26 05:45:00,0.0034097922,0.003818159
CEEMDAN_LSTM,BTC-USD,2026-06-26 06:00:00,0.0034088856,0.0038238845
CEEMDAN_LSTM,BTC-USD,2026-06-26 06:15:00,0.0034112176,0.0038393983
CEEMDAN_LSTM,BTC-USD,2026-06-26 06:30:00,0.0033899585,0.003855938
CEEMDAN_LSTM,BTC-USD,2026-06-26 06:45:00,0.0034025344,0.0038514454
CEEMDAN_LSTM,BTC-USD,2026-06-26 07:00:00,0.0034448623,0.0038448316
CEEMDAN_LSTM,BTC-USD,2026-06-26 07:15:00,0.0034482463,0.003840881
CEEMDAN_LSTM,BTC-USD,2026-06-26 07:30:00,0.0034202957,0.0038405566
CEEMDAN_LSTM,BTC-USD,2026-06-26 07:45:00,0.003399854,0.0038403142
CEEMDAN_LSTM,BTC-USD,2026-06-26 08:00:00,0.0034063067,0.0038477085
CEEMDAN_LSTM,BTC-USD,2026-06-26 08:15:00,0.0034382055,0.0038417692
CEEMDAN_LSTM,BTC-USD,2026-06-26 08:30:00,0.0034590475,0.0038414323
CEEMDAN_LSTM,BTC-USD,2026-06-26 08:45:00,0.0034699386,0.0038382758
CEEMDAN_LSTM,BTC-USD,2026-06-26 09:00:00,0.0034591807,0.003838717
CEEMDAN_LSTM,BTC-USD,2026-06-26 09:15:00,0.00345338,0.0038389016
CEEMDAN_LSTM,BTC-USD,2026-06-26 09:30:00,0.0034528694,0.0038355174
CEEMDAN_LSTM,BTC-USD,2026-06-26 09:45:00,0.0034485636,0.0038437338
CEEMDAN_LSTM,BTC-USD,2026-06-26 10:00:00,0.003448616,0.0038411357
CEEMDAN_LSTM,BTC-USD,2026-06-26 10:15:00,0.003450738,0.0038401654
CEEMDAN_LSTM,BTC-USD,2026-06-26 10:30:00,0.0034577446,0.0038420318
CEEMDAN_LSTM,BTC-USD,2026-06-26 10:45:00,0.0034584063,0.0038472442
CEEMDAN_LSTM,BTC-USD,2026-06-26 11:00:00,0.003458279,0.0038517308
CEEMDAN_LSTM,BTC-USD,2026-06-26 11:15:00,0.0034465557,0.0038515306
CEEMDAN_LSTM,BTC-USD,2026-06-26 11:30:00,0.003458223,0.003851762
CEEMDAN_LSTM,BTC-USD,2026-06-26 11:45:00,0.0034503844,0.0038518661
CEEMDAN_LSTM,BTC-USD,2026-06-26 12:00:00,0.0034319756,0.0038519383
CEEMDAN_LSTM,BTC-USD,2026-06-26 12:15:00,0.0034397359,0.0038629752
CEEMDAN_LSTM,BTC-USD,2026-06-26 12:30:00,0.0034409326,0.0039100256
CEEMDAN_LSTM,BTC-USD,2026-06-26 12:45:00,0.00347295,0.003910281
CEEMDAN_LSTM,BTC-USD,2026-06-26 13:00:00,0.0034869162,0.0039078067
CEEMDAN_LSTM,BTC-USD,2026-06-26 13:15:00,0.003506998,0.003910474
CEEMDAN_LSTM,BTC-USD,2026-06-26 13:30:00,0.0035298883,0.003961275
CEEMDAN_LSTM,BTC-USD,2026-06-26 13:45:00,0.0035115683,0.0040251743
CEEMDAN_LSTM,BTC-USD,2026-06-26 14:00:00,0.0034949225,0.004028142
CEEMDAN_LSTM,BTC-USD,2026-06-26 14:15:00,0.0035436829,0.00402614
CEEMDAN_LSTM,BTC-USD,2026-06-26 14:30:00,0.0035674584,0.004055193
CEEMDAN_LSTM,BTC-USD,2026-06-26 14:45:00,0.0035993988,0.0040533827
CEEMDAN_LSTM,BTC-USD,2026-06-26 15:00:00,0.0036353942,0.0040572374
CEEMDAN_LSTM,BTC-USD,2026-06-26 15:15:00,0.0036461412,0.0040751398
CEEMDAN_LSTM,BTC-USD,2026-06-26 15:30:00,0.0036198455,0.0040820353
CEEMDAN_LSTM,BTC-USD,2026-06-26 15:45:00,0.003596246,0.0040824856
CEEMDAN_LSTM,BTC-USD,2026-06-26 16:00:00,0.0036063099,0.0040852656
CEEMDAN_LSTM,BTC-USD,2026-06-26 16:15:00,0.003633205,0.0040868283
CEEMDAN_LSTM,BTC-USD,2026-06-26 16:30:00,0.0036632938,0.0040867594
CEEMDAN_LSTM,BTC-USD,2026-06-26 16:45:00,0.003676384,0.0040867683
CEEMDAN_LSTM,BTC-USD,2026-06-26 17:00:00,0.0036701667,0.004090679
CEEMDAN_LSTM,BTC-USD,2026-06-26 17:15:00,0.0036443833,0.0040893387
CEEMDAN_LSTM,BTC-USD,2026-06-26 17:30:00,0.0036323552,0.0040905857
CEEMDAN_LSTM,BTC-USD,2026-06-26 17:45:00,0.0036332782,0.0040898575
CEEMDAN_LSTM,BTC-USD,2026-06-26 18:00:00,0.0036376696,0.0040903357
CEEMDAN_LSTM,BTC-USD,2026-06-26 18:15:00,0.0036425132,0.0040970924
CEEMDAN_LSTM,BTC-USD,2026-06-26 18:30:00,0.0036638847,0.0040949406
CEEMDAN_LSTM,BTC-USD,2026-06-26 18:45:00,0.0036718515,0.00409571
CEEMDAN_LSTM,BTC-USD,2026-06-26 19:00:00,0.0036683807,0.004112801
CEEMDAN_LSTM,BTC-USD,2026-06-26 19:15:00,0.0036569084,0.004112976
CEEMDAN_LSTM,BTC-USD,2026-06-26 19:30:00,0.0036886593,0.004112482
CEEMDAN_LSTM,BTC-USD,2026-06-26 19:45:00,0.003690664,0.004111473
CEEMDAN_LSTM,BTC-USD,2026-06-26 20:00:00,0.0036546595,0.0041119945
CEEMDAN_LSTM,BTC-USD,2026-06-26 20:15:00,0.0036442631,0.004111297
CEEMDAN_LSTM,BTC-USD,2026-06-26 20:30:00,0.0036590276,0.0041125803
CEEMDAN_LSTM,BTC-USD,2026-06-26 20:45:00,0.0036808925,0.0041133957
CEEMDAN_LSTM,BTC-USD,2026-06-26 21:00:00,0.0036818404,0.0041136025
CEEMDAN_LSTM,BTC-USD,2026-06-26 21:15:00,0.0036825216,0.004115836
CEEMDAN_LSTM,BTC-USD,2026-06-26 21:30:00,0.0036796178,0.004118214
CEEMDAN_LSTM,BTC-USD,2026-06-26 21:45:00,0.0036677467,0.004118841
CEEMDAN_LSTM,BTC-USD,2026-06-26 22:00:00,0.0036662782,0.004118536
CEEMDAN_LSTM,BTC-USD,2026-06-26 22:15:00,0.0036664598,0.0041164593
CEEMDAN_LSTM,BTC-USD,2026-06-26 22:30:00,0.0036734845,0.0041172267
CEEMDAN_LSTM,BTC-USD,2026-06-26 22:45:00,0.003682334,0.0041183387
CEEMDAN_LSTM,BTC-USD,2026-06-26 23:00:00,0.0036823628,0.004118567
CEEMDAN_LSTM,BTC-USD,2026-06-26 23:15:00,0.0036749449,0.004119493
CEEMDAN_LSTM,BTC-USD,2026-06-26 23:30:00,0.0036749088,0.0041199047
CEEMDAN_LSTM,BTC-USD,2026-06-26 23:45:00,0.0036711954,0.0041200477
CEEMDAN_LSTM,BTC-USD,2026-06-27 00:00:00,0.0036797046,0.0041202437
CEEMDAN_LSTM,BTC-USD,2026-06-27 00:15:00,0.003688747,0.0041198
CEEMDAN_LSTM,BTC-USD,2026-06-27 00:30:00,0.003690695,0.0041202055
CEEMDAN_LSTM,BTC-USD,2026-06-27 00:45:00,0.0036933676,0.0041213604
CEEMDAN_LSTM,BTC-USD,2026-06-27 01:00:00,0.0036912325,0.0041220887
CEEMDAN_LSTM,BTC-USD,2026-06-27 01:15:00,0.0036948342,0.0041219885
CEEMDAN_LSTM,BTC-USD,2026-06-27 01:30:00,0.0036882344,0.004121494
CEEMDAN_LSTM,BTC-USD,2026-06-27 01:45:00,0.0036895603,0.0041189957
CEEMDAN_LSTM,BTC-USD,2026-06-27 02:00:00,0.0037016317,0.0041225036
CEEMDAN_LSTM,BTC-USD,2026-06-27 02:15:00,0.0037007844,0.0041274526
CEEMDAN_LSTM,BTC-USD,2026-06-27 02:30:00,0.003690349,0.0041098758
CEEMDAN_LSTM,BTC-USD,2026-06-27 02:45:00,0.0036944237,0.0041056513
CEEMDAN_LSTM,BTC-USD,2026-06-27 03:00:00,0.0036836832,0.00410664
CEEMDAN_LSTM,BTC-USD,2026-06-27 03:15:00,0.0036746557,0.0041098455
CEEMDAN_LSTM,BTC-USD,2026-06-27 03:30:00,0.0036739158,0.004109686
CEEMDAN_LSTM,BTC-USD,2026-06-27 03:45:00,0.003697423,0.0041031186
CEEMDAN_LSTM,BTC-USD,2026-06-27 04:00:00,0.0037125621,0.004064975
CEEMDAN_LSTM,BTC-USD,2026-06-27 04:15:00,0.0037019316,0.004061738
CEEMDAN_LSTM,BTC-USD,2026-06-27 04:30:00,0.0036646912,0.0040435726
CEEMDAN_LSTM,BTC-USD,2026-06-27 04:45:00,0.003641519,0.0040415847
CEEMDAN_LSTM,BTC-USD,2026-06-27 05:00:00,0.0036379797,0.0040402086
CEEMDAN_LSTM,BTC-USD,2026-06-27 05:15:00,0.0036448555,0.0040428205
CEEMDAN_LSTM,BTC-USD,2026-06-27 05:30:00,0.0036713288,0.0040434245
CEEMDAN_LSTM,BTC-USD,2026-06-27 05:45:00,0.0036751123,0.0040426906
CEEMDAN_LSTM,BTC-USD,2026-06-27 06:00:00,0.0036637362,0.004037514
CEEMDAN_LSTM,BTC-USD,2026-06-27 06:15:00,0.003663005,0.0040377867
CEEMDAN_LSTM,BTC-USD,2026-06-27 06:30:00,0.0036607266,0.0040327245
CEEMDAN_LSTM,BTC-USD,2026-06-27 06:45:00,0.0036454669,0.0040204776
CEEMDAN_LSTM,BTC-USD,2026-06-27 07:00:00,0.0036369401,0.0040114406
CEEMDAN_LSTM,BTC-USD,2026-06-27 07:15:00,0.003631213,0.0040129772
CEEMDAN_LSTM,BTC-USD,2026-06-27 07:30:00,0.003621647,0.0040010363
CEEMDAN_LSTM,BTC-USD,2026-06-27 07:45:00,0.0036268947,0.003981224
CEEMDAN_LSTM,BTC-USD,2026-06-27 08:00:00,0.003620866,0.003981835
CEEMDAN_LSTM,BTC-USD,2026-06-27 08:15:00,0.0036082326,0.0039789323
CEEMDAN_LSTM,BTC-USD,2026-06-27 08:30:00,0.0036038887,0.003961022
CEEMDAN_LSTM,BTC-USD,2026-06-27 08:45:00,0.0036136974,0.0039611408
CEEMDAN_LSTM,BTC-USD,2026-06-27 09:00:00,0.0036106205,0.003957523
CEEMDAN_LSTM,BTC-USD,2026-06-27 09:15:00,0.003615864,0.0039554858
CEEMDAN_LSTM,BTC-USD,2026-06-27 09:30:00,0.003610089,0.003952013
CEEMDAN_LSTM,BTC-USD,2026-06-27 09:45:00,0.0035993718,0.0039519323
CEEMDAN_LSTM,BTC-USD,2026-06-27 10:00:00,0.0035972246,0.0039512105
CEEMDAN_LSTM,BTC-USD,2026-06-27 10:15:00,0.003599526,0.0039483937
CEEMDAN_LSTM,BTC-USD,2026-06-27 10:30:00,0.0036011797,0.003948346
CEEMDAN_LSTM,BTC-USD,2026-06-27 10:45:00,0.0035994668,0.003944178
CEEMDAN_LSTM,BTC-USD,2026-06-27 11:00:00,0.0035959347,0.003870077
CEEMDAN_LSTM,BTC-USD,2026-06-27 11:15:00,0.00359174,0.0038714614
CEEMDAN_LSTM,BTC-USD,2026-06-27 11:30:00,0.0035423145,0.003869498
CEEMDAN_LSTM,BTC-USD,2026-06-27 11:45:00,0.003514732,0.0038701955
CEEMDAN_LSTM,BTC-USD,2026-06-27 12:00:00,0.0035314471,0.0038631777
CEEMDAN_LSTM,BTC-USD,2026-06-27 12:15:00,0.0035617254,0.0038610348
CEEMDAN_LSTM,BTC-USD,2026-06-27 12:30:00,0.0035557218,0.0038532685
CEEMDAN_LSTM,BTC-USD,2026-06-27 12:45:00,0.0035375874,0.0038544436
CEEMDAN_LSTM,BTC-USD,2026-06-27 13:00:00,0.0035256068,0.003852484
CEEMDAN_LSTM,BTC-USD,2026-06-27 13:15:00,0.0035350274,0.0038508242
CEEMDAN_LSTM,BTC-USD,2026-06-27 13:30:00,0.0035477022,0.0038529788
CEEMDAN_LSTM,BTC-USD,2026-06-27 13:45:00,0.0035448128,0.003852703
CEEMDAN_LSTM,BTC-USD,2026-06-27 14:00:00,0.0035403604,0.0038537607
CEEMDAN_LSTM,BTC-USD,2026-06-27 14:15:00,0.0035313333,0.003853162
CEEMDAN_LSTM,BTC-USD,2026-06-27 14:30:00,0.0035399331,0.0038532172
CEEMDAN_LSTM,BTC-USD,2026-06-27 14:45:00,0.0035486969,0.0038528182
CEEMDAN_LSTM,BTC-USD,2026-06-27 15:00:00,0.0035528087,0.0038631621
CEEMDAN_LSTM,BTC-USD,2026-06-27 15:15:00,0.0035447562,0.0038599556
CEEMDAN_LSTM,BTC-USD,2026-06-27 15:30:00,0.0035642944,0.0038591165
CEEMDAN_LSTM,BTC-USD,2026-06-27 15:45:00,0.0035662274,0.0038594396
CEEMDAN_LSTM,BTC-USD,2026-06-27 16:00:00,0.0035491218,0.0038602191
CEEMDAN_LSTM,BTC-USD,2026-06-27 16:15:00,0.0035538096,0.0038592855
CEEMDAN_LSTM,BTC-USD,2026-06-27 16:30:00,0.0035730263,0.0038598345
CEEMDAN_LSTM,BTC-USD,2026-06-27 16:45:00,0.003575275,0.0038586468
CEEMDAN_LSTM,BTC-USD,2026-06-27 17:00:00,0.0035595377,0.0038644013
CEEMDAN_LSTM,BTC-USD,2026-06-27 17:15:00,0.0035596301,0.00386117
CEEMDAN_LSTM,BTC-USD,2026-06-27 17:30:00,0.0035698176,0.0038574236
CEEMDAN_LSTM,BTC-USD,2026-06-27 17:45:00,0.0035838867,0.0038580871
CEEMDAN_LSTM,BTC-USD,2026-06-27 18:00:00,0.0035848129,0.0038579507
CEEMDAN_LSTM,BTC-USD,2026-06-27 18:15:00,0.0035691378,0.0038578454
CEEMDAN_LSTM,BTC-USD,2026-06-27 18:30:00,0.0035596555,0.0038579132
CEEMDAN_LSTM,BTC-USD,2026-06-27 18:45:00,0.003558693,0.0038556012
CEEMDAN_LSTM,BTC-USD,2026-06-27 19:00:00,0.003559206,0.0038552808
CEEMDAN_LSTM,BTC-USD,2026-06-27 19:15:00,0.0035589517,0.0038653866
CEEMDAN_LSTM,BTC-USD,2026-06-27 19:30:00,0.00357461,0.0038666686
CEEMDAN_LSTM,BTC-USD,2026-06-27 19:45:00,0.0035856015,0.003846013
CEEMDAN_LSTM,BTC-USD,2026-06-27 20:00:00,0.0035912155,0.0038348464
CEEMDAN_LSTM,BTC-USD,2026-06-27 20:15:00,0.0035740614,0.0038347684
CEEMDAN_LSTM,BTC-USD,2026-06-27 20:30:00,0.0035527938,0.003834049
CEEMDAN_LSTM,BTC-USD,2026-06-27 20:45:00,0.0035489905,0.0038335782
CEEMDAN_LSTM,BTC-USD,2026-06-27 21:00:00,0.0035537425,0.0038328976
CEEMDAN_LSTM,BTC-USD,2026-06-27 21:15:00,0.0035500664,0.0038333102
CEEMDAN_LSTM,BTC-USD,2026-06-27 21:30:00,0.003540982,0.003837462
CEEMDAN_LSTM,BTC-USD,2026-06-27 21:45:00,0.003550443,0.0038376225
CEEMDAN_LSTM,BTC-USD,2026-06-27 22:00:00,0.0035619007,0.0038383028
CEEMDAN_LSTM,BTC-USD,2026-06-27 22:15:00,0.0035765877,0.0038378327
CEEMDAN_LSTM,BTC-USD,2026-06-27 22:30:00,0.0035846757,0.0038363305
CEEMDAN_LSTM,BTC-USD,2026-06-27 22:45:00,0.003574244,0.0038368828
CEEMDAN_LSTM,BTC-USD,2026-06-27 23:00:00,0.003553096,0.0038396479
CEEMDAN_LSTM,BTC-USD,2026-06-27 23:15:00,0.0035545568,0.0038400611
CEEMDAN_LSTM,BTC-USD,2026-06-27 23:30:00,0.0035664227,0.0038408376
CEEMDAN_LSTM,BTC-USD,2026-06-27 23:45:00,0.0035757408,0.0038405969
CEEMDAN_LSTM,BTC-USD,2026-06-28 00:00:00,0.0035825507,0.003842236
CEEMDAN_LSTM,BTC-USD,2026-06-28 00:15:00,0.0035683925,0.0038421915
CEEMDAN_LSTM,BTC-USD,2026-06-28 00:30:00,0.0035598695,0.003841763
CEEMDAN_LSTM,BTC-USD,2026-06-28 00:45:00,0.0035627505,0.0038419354
CEEMDAN_LSTM,BTC-USD,2026-06-28 01:00:00,0.0035698023,0.0038419785
CEEMDAN_LSTM,BTC-USD,2026-06-28 01:15:00,0.003580031,0.0038431843
CEEMDAN_LSTM,BTC-USD,2026-06-28 01:30:00,0.003581556,0.003839785
CEEMDAN_LSTM,BTC-USD,2026-06-28 01:45:00,0.0035792273,0.0038379878
CEEMDAN_LSTM,BTC-USD,2026-06-28 02:00:00,0.0035749571,0.00383741
CEEMDAN_LSTM,BTC-USD,2026-06-28 02:15:00,0.0035652588,0.0038390916
CEEMDAN_LSTM,BTC-USD,2026-06-28 02:30:00,0.003574139,0.0038381806
CEEMDAN_LSTM,BTC-USD,2026-06-28 02:45:00,0.003577742,0.0038379906
CEEMDAN_LSTM,BTC-USD,2026-06-28 03:00:00,0.003583341,0.0038397966
CEEMDAN_LSTM,BTC-USD,2026-06-28 03:15:00,0.003580828,0.003837586
CEEMDAN_LSTM,BTC-USD,2026-06-28 03:30:00,0.0035752605,0.0038265612
CEEMDAN_LSTM,BTC-USD,2026-06-28 03:45:00,0.0035706318,0.0038240163
CEEMDAN_LSTM,BTC-USD,2026-06-28 04:00:00,0.0035629384,0.0038231416
CEEMDAN_LSTM,BTC-USD,2026-06-28 04:15:00,0.0035599992,0.0038222848
CEEMDAN_LSTM,BTC-USD,2026-06-28 04:30:00,0.0035635214,0.0036235796
CEEMDAN_LSTM,BTC-USD,2026-06-28 04:45:00,0.0035657873,0.002960659
CEEMDAN_LSTM,BTC-USD,2026-06-28 05:00:00,0.0034105242,0.0027214698
CEEMDAN_LSTM,BTC-USD,2026-06-28 05:15:00,0.0026791662,0.0027266094
CEEMDAN_LSTM,BTC-USD,2026-06-28 05:30:00,0.0024230974,0.0027227735
CEEMDAN_LSTM,BTC-USD,2026-06-28 05:45:00,0.0025774415,0.0027234296
CEEMDAN_LSTM,BTC-USD,2026-06-28 06:00:00,0.0026665395,0.0026905972
CEEMDAN_LSTM,BTC-USD,2026-06-28 06:15:00,0.0026325393,0.002683085
CEEMDAN_LSTM,BTC-USD,2026-06-28 06:30:00,0.0025871904,0.002682563
CEEMDAN_LSTM,BTC-USD,2026-06-28 06:45:00,0.0025978498,0.0026569483
CEEMDAN_LSTM,BTC-USD,2026-06-28 07:00:00,0.0026095167,0.0026524179
CEEMDAN_LSTM,BTC-USD,2026-06-28 07:15:00,0.0025858,0.0026526407
CEEMDAN_LSTM,BTC-USD,2026-06-28 07:30:00,0.0025723374,0.0026041411
CEEMDAN_LSTM,BTC-USD,2026-06-28 07:45:00,0.0025753104,0.0026037127
CEEMDAN_LSTM,BTC-USD,2026-06-28 08:00:00,0.0025511084,0.0026028445
CEEMDAN_LSTM,BTC-USD,2026-06-28 08:15:00,0.0025438091,0.0025979853
CEEMDAN_LSTM,BTC-USD,2026-06-28 08:30:00,0.0025556646,0.002608296
CEEMDAN_LSTM,BTC-USD,2026-06-28 08:45:00,0.0025506204,0.0026053584
CEEMDAN_LSTM,BTC-USD,2026-06-28 09:00:00,0.0025536278,0.0025869834
CEEMDAN_LSTM,BTC-USD,2026-06-28 09:15:00,0.0025460806,0.002565595
CEEMDAN_LSTM,BTC-USD,2026-06-28 09:30:00,0.0025404023,0.0025473866
CEEMDAN_LSTM,BTC-USD,2026-06-28 09:45:00,0.0025261496,0.002549261
CEEMDAN_LSTM,BTC-USD,2026-06-28 10:00:00,0.0025125768,0.0025341532
CEEMDAN_LSTM,BTC-USD,2026-06-28 10:15:00,0.0025064067,0.0025374338
CEEMDAN_LSTM,BTC-USD,2026-06-28 10:30:00,0.0025097288,0.0025369625
CEEMDAN_LSTM,BTC-USD,2026-06-28 10:45:00,0.0025105386,0.0025371755
CEEMDAN_LSTM,BTC-USD,2026-06-28 11:00:00,0.0025118024,0.0025238097
CEEMDAN_LSTM,BTC-USD,2026-06-28 11:15:00,0.0025086412,0.0025312675
CEEMDAN_LSTM,BTC-USD,2026-06-28 11:30:00,0.00249672,0.0025288437
CEEMDAN_LSTM,BTC-USD,2026-06-28 11:45:00,0.0025099614,0.0025282213
CEEMDAN_LSTM,BTC-USD,2026-06-28 12:00:00,0.0025043008,0.0025231394
CEEMDAN_LSTM,BTC-USD,2026-06-28 12:15:00,0.0024983431,0.0025213081
CEEMDAN_LSTM,BTC-USD,2026-06-28 12:30:00,0.002497209,0.002510321
CEEMDAN_LSTM,BTC-USD,2026-06-28 12:45:00,0.002506607,0.0024945843
CEEMDAN_LSTM,BTC-USD,2026-06-28 13:00:00,0.0024983739,0.0024792869
CEEMDAN_LSTM,BTC-USD,2026-06-28 13:15:00,0.0024911347,0.002475879
CEEMDAN_LSTM,BTC-USD,2026-06-28 13:30:00,0.0024683762,0.0024758596
CEEMDAN_LSTM,BTC-USD,2026-06-28 13:45:00,0.002465495,0.0024761518
CEEMDAN_LSTM,BTC-USD,2026-06-28 14:00:00,0.002468774,0.0024762913
CEEMDAN_LSTM,BTC-USD,2026-06-28 14:15:00,0.0024703853,0.0024713704
CEEMDAN_LSTM,BTC-USD,2026-06-28 14:30:00,0.0024733832,0.0024692207
CEEMDAN_LSTM,BTC-USD,2026-06-28 14:45:00,0.002466769,0.0024619543
CEEMDAN_LSTM,BTC-USD,2026-06-28 15:00:00,0.002464477,0.002460451
CEEMDAN_LSTM,BTC-USD,2026-06-28 15:15:00,0.0024609596,0.0024575675
CEEMDAN_LSTM,BTC-USD,2026-06-28 15:30:00,0.0024647685,0.002458623
CEEMDAN_LSTM,BTC-USD,2026-06-28 15:45:00,0.0024625973,0.002456643
CEEMDAN_LSTM,BTC-USD,2026-06-28 16:00:00,0.0024659869,0.002456305
CEEMDAN_LSTM,BTC-USD,2026-06-28 16:15:00,0.0024675294,0.0024366584
CEEMDAN_LSTM,BTC-USD,2026-06-28 16:30:00,0.0024686866,0.0024406454
CEEMDAN_LSTM,BTC-USD,2026-06-28 16:45:00,0.0024560567,0.0024384148
CEEMDAN_LSTM,BTC-USD,2026-06-28 17:00:00,0.002453048,0.002302322
CEEMDAN_LSTM,BTC-USD,2026-06-28 17:15:00,0.002458656,0.0022933204
CEEMDAN_LSTM,BTC-USD,2026-06-28 17:30:00,0.0023367843,0.0022928175
CEEMDAN_LSTM,BTC-USD,2026-06-28 17:45:00,0.0022645292,0.0022770246
CEEMDAN_LSTM,BTC-USD,2026-06-28 18:00:00,0.002284289,0.0022479922
CEEMDAN_LSTM,BTC-USD,2026-06-28 18:15:00,0.0022975423,0.002239411
CEEMDAN_LSTM,BTC-USD,2026-06-28 18:30:00,0.0022526025,0.0021983183
CEEMDAN_LSTM,BTC-USD,2026-06-28 18:45:00,0.0022232125,0.0021221158
CEEMDAN_LSTM,BTC-USD,2026-06-28 19:00:00,0.0021989155,0.0021208741
CEEMDAN_LSTM,BTC-USD,2026-06-28 19:15:00,0.002140685,0.0021198113
CEEMDAN_LSTM,BTC-USD,2026-06-28 19:30:00,0.0021116785,0.0021228269
CEEMDAN_LSTM,BTC-USD,2026-06-28 19:45:00,0.0021220841,0.0021227195
CEEMDAN_LSTM,BTC-USD,2026-06-28 20:00:00,0.0021319438,0.0021298116
CEEMDAN_LSTM,BTC-USD,2026-06-28 20:15:00,0.0021264742,0.0021306807
CEEMDAN_LSTM,BTC-USD,2026-06-28 20:30:00,0.0021196937,0.0021294719
CEEMDAN_LSTM,BTC-USD,2026-06-28 20:45:00,0.0021251629,0.0021280625
CEEMDAN_LSTM,BTC-USD,2026-06-28 21:00:00,0.0021392738,0.002114174
CEEMDAN_LSTM,BTC-USD,2026-06-28 21:15:00,0.0021404878,0.0020852028
CEEMDAN_LSTM,BTC-USD,2026-06-28 21:30:00,0.002119631,0.0020558327
CEEMDAN_LSTM,BTC-USD,2026-06-28 21:45:00,0.002089881,0.0020684774
CEEMDAN_LSTM,BTC-USD,2026-06-28 22:00:00,0.0020721054,0.0020689697
CEEMDAN_LSTM,BTC-USD,2026-06-28 22:15:00,0.002086233,0.0020837649
CEEMDAN_LSTM,BTC-USD,2026-06-28 22:30:00,0.0020980784,0.0021018917
CEEMDAN_LSTM,BTC-USD,2026-06-28 22:45:00,0.0021052668,0.0021017275
CEEMDAN_LSTM,BTC-USD,2026-06-28 23:00:00,0.0021407048,0.0020959382
CEEMDAN_LSTM,BTC-USD,2026-06-28 23:15:00,0.0021482923,0.0021175828
CEEMDAN_LSTM,BTC-USD,2026-06-28 23:30:00,0.0021143565,0.0021236232
CEEMDAN_LSTM,BTC-USD,2026-06-28 23:45:00,0.0020924779,0.002129759
CEEMDAN_LSTM,BTC-USD,2026-06-29 00:00:00,0.0021065057,0.002128687
CEEMDAN_LSTM,BTC-USD,2026-06-29 00:15:00,0.002135322,0.0021635697
CEEMDAN_LSTM,BTC-USD,2026-06-29 00:30:00,0.0021538588,0.0021681255
CEEMDAN_LSTM,BTC-USD,2026-06-29 00:45:00,0.002184714,0.0021719965
CEEMDAN_LSTM,BTC-USD,2026-06-29 01:00:00,0.0022059297,0.0021812557
CEEMDAN_LSTM,BTC-USD,2026-06-29 01:15:00,0.0021937916,0.0021898127
CEEMDAN_LSTM,BTC-USD,2026-06-29 01:30:00,0.002212018,0.002197372
CEEMDAN_LSTM,BTC-USD,2026-06-29 01:45:00,0.002245437,0.002186327
CEEMDAN_LSTM,BTC-USD,2026-06-29 02:00:00,0.00224132,0.0022244381
CEEMDAN_LSTM,BTC-USD,2026-06-29 02:15:00,0.0022269932,0.0022892826
CEEMDAN_LSTM,BTC-USD,2026-06-29 02:30:00,0.002283063,0.0023021984
CEEMDAN_LSTM,BTC-USD,2026-06-29 02:45:00,0.0023545227,0.0023018618
CEEMDAN_LSTM,BTC-USD,2026-06-29 03:00:00,0.0023537131,0.002315963
CEEMDAN_LSTM,BTC-USD,2026-06-29 03:15:00,0.0023447408,0.0023048113
CEEMDAN_LSTM,BTC-USD,2026-06-29 03:30:00,0.0023475077,0.002233631
CEEMDAN_LSTM,BTC-USD,2026-06-29 03:45:00,0.0023419168,0.0022366901
CEEMDAN_LSTM,BTC-USD,2026-06-29 04:00:00,0.0022825683,0.0022382645
CEEMDAN_LSTM,BTC-USD,2026-06-29 04:15:00,0.0022788367,0.002228979
CEEMDAN_LSTM,BTC-USD,2026-06-29 04:30:00,0.0022942456,0.0021449449
CEEMDAN_LSTM,BTC-USD,2026-06-29 04:45:00,0.00230423,0.002026095
CEEMDAN_LSTM,BTC-USD,2026-06-29 05:00:00,0.0022317092,0.0020426193
CEEMDAN_LSTM,BTC-USD,2026-06-29 05:15:00,0.002113739,0.0020475734
CEEMDAN_LSTM,BTC-USD,2026-06-29 05:30:00,0.0020610066,0.0020016404
CEEMDAN_LSTM,BTC-USD,2026-06-29 05:45:00,0.0020880867,0.0020103543
CEEMDAN_LSTM,BTC-USD,2026-06-29 06:00:00,0.0020701685,0.0019965153
CEEMDAN_LSTM,BTC-USD,2026-06-29 06:15:00,0.0020440645,0.001961825
CEEMDAN_LSTM,BTC-USD,2026-06-29 06:30:00,0.0020341221,0.0019472628
CEEMDAN_LSTM,BTC-USD,2026-06-29 06:45:00,0.0020199826,0.0019447443
CEEMDAN_LSTM,BTC-USD,2026-06-29 07:00:00,0.0020057452,0.0019378983
CEEMDAN_LSTM,BTC-USD,2026-06-29 07:15:00,0.002007317,0.0019331046
CEEMDAN_LSTM,BTC-USD,2026-06-29 07:30:00,0.0020060057,0.0019336939
CEEMDAN_LSTM,BTC-USD,2026-06-29 07:45:00,0.0019954606,0.0019338029
CEEMDAN_LSTM,BTC-USD,2026-06-29 08:00:00,0.0019914606,0.0019275174
CEEMDAN_LSTM,BTC-USD,2026-06-29 08:15:00,0.0019988008,0.0019314082
CEEMDAN_LSTM,BTC-USD,2026-06-29 08:30:00,0.0020032693,0.001928393
CEEMDAN_LSTM,BTC-USD,2026-06-29 08:45:00,0.0020103562,0.0019281909
CEEMDAN_LSTM,BTC-USD,2026-06-29 09:00:00,0.002011384,0.0019311453
CEEMDAN_LSTM,BTC-USD,2026-06-29 09:15:00,0.002001575,0.0019133199
CEEMDAN_LSTM,BTC-USD,2026-06-29 09:30:00,0.0019920059,0.0019121111
CEEMDAN_LSTM,BTC-USD,2026-06-29 09:45:00,0.0019743103,0.0019119094
CEEMDAN_LSTM,BTC-USD,2026-06-29 10:00:00,0.001969796,0.0018854061
CEEMDAN_LSTM,BTC-USD,2026-06-29 10:15:00,0.001971338,0.0018835347
CEEMDAN_LSTM,BTC-USD,2026-06-29 10:30:00,0.0019614876,0.0018847508
CEEMDAN_LSTM,BTC-USD,2026-06-29 10:45:00,0.0019534423,0.001884031
CEEMDAN_LSTM,BTC-USD,2026-06-29 11:00:00,0.0019586736,0.0018871045
CEEMDAN_LSTM,BTC-USD,2026-06-29 11:15:00,0.0019642795,0.0018867294
CEEMDAN_LSTM,BTC-USD,2026-06-29 11:30:00,0.0019629109,0.0018866552
CEEMDAN_LSTM,BTC-USD,2026-06-29 11:45:00,0.001958217,0.00188775
CEEMDAN_LSTM,BTC-USD,2026-06-29 12:00:00,0.0019653684,0.002026126
CEEMDAN_LSTM,BTC-USD,2026-06-29 12:15:00,0.0019881523,0.0020372814
CEEMDAN_LSTM,BTC-USD,2026-06-29 12:30:00,0.0020689229,0.002098137
CEEMDAN_LSTM,BTC-USD,2026-06-29 12:45:00,0.0021278863,0.0020964618
CEEMDAN_LSTM,BTC-USD,2026-06-29 13:00:00,0.0022068669,0.0021134454
CEEMDAN_LSTM,BTC-USD,2026-06-29 13:15:00,0.002209383,0.0021267023
CEEMDAN_LSTM,BTC-USD,2026-06-29 13:30:00,0.0021857435,0.002186255
CEEMDAN_LSTM,BTC-USD,2026-06-29 13:45:00,0.0022182916,0.0021850017
CEEMDAN_LSTM,BTC-USD,2026-06-29 14:00:00,0.002326052,0.0022444043
CEEMDAN_LSTM,BTC-USD,2026-06-29 14:15:00,0.0023361032,0.0022845592
CEEMDAN_LSTM,BTC-USD,2026-06-29 14:30:00,0.0023343617,0.0022887609
CEEMDAN_LSTM,BTC-USD,2026-06-29 14:45:00,0.002397958,0.002292793
CEEMDAN_LSTM,BTC-USD,2026-06-29 15:00:00,0.0023954331,0.0023031682
CEEMDAN_LSTM,BTC-USD,2026-06-29 15:15:00,0.0023822875,0.0023168612
CEEMDAN_LSTM,BTC-USD,2026-06-29 15:30:00,0.002389184,0.0023417277
CEEMDAN_LSTM,BTC-USD,2026-06-29 15:45:00,0.002404245,0.0023399189
CEEMDAN_LSTM,BTC-USD,2026-06-29 16:00:00,0.002415114,0.0023391529
CEEMDAN_LSTM,BTC-USD,2026-06-29 16:15:00,0.0024301596,0.0023422653
CEEMDAN_LSTM,BTC-USD,2026-06-29 16:30:00,0.0024590625,0.0023589723
CEEMDAN_LSTM,BTC-USD,2026-06-29 16:45:00,0.0024673773,0.0023590152
CEEMDAN_LSTM,BTC-USD,2026-06-29 17:00:00,0.0024687473,0.002428189
CEEMDAN_LSTM,BTC-USD,2026-06-29 17:15:00,0.002450963,0.0024222105
CEEMDAN_LSTM,BTC-USD,2026-06-29 17:30:00,0.0024990644,0.0024238692
CEEMDAN_LSTM,BTC-USD,2026-06-29 17:45:00,0.0025071874,0.002434586
CEEMDAN_LSTM,BTC-USD,2026-06-29 18:00:00,0.0025079441,0.0024339724
CEEMDAN_LSTM,BTC-USD,2026-06-29 18:15:00,0.0025204364,0.002442621
CEEMDAN_LSTM,BTC-USD,2026-06-29 18:30:00,0.0025454347,0.00244257
CEEMDAN_LSTM,BTC-USD,2026-06-29 18:45:00,0.0025445833,0.0024426465
CEEMDAN_LSTM,BTC-USD,2026-06-29 19:00:00,0.0025382962,0.002442033
CEEMDAN_LSTM,BTC-USD,2026-06-29 19:15:00,0.002539378,0.002458347
CEEMDAN_LSTM,BTC-USD,2026-06-29 19:30:00,0.0025408566,0.0024582264
CEEMDAN_LSTM,BTC-USD,2026-06-29 19:45:00,0.0025559075,0.0024549258
CEEMDAN_LSTM,BTC-USD,2026-06-29 20:00:00,0.0025550164,0.0024540534
CEEMDAN_LSTM,BTC-USD,2026-06-29 20:15:00,0.00255112,0.002449384
CEEMDAN_LSTM,BTC-USD,2026-06-29 20:30:00,0.0025526115,0.0024483802
CEEMDAN_LSTM,BTC-USD,2026-06-29 20:45:00,0.002560204,0.0024518715
CEEMDAN_LSTM,BTC-USD,2026-06-29 21:00:00,0.0025619734,0.0024534916
CEEMDAN_LSTM,BTC-USD,2026-06-29 21:15:00,0.00255597,0.002453916
CEEMDAN_LSTM,BTC-USD,2026-06-29 21:30:00,0.002565955,0.002446729
CEEMDAN_LSTM,BTC-USD,2026-06-29 21:45:00,0.0025636554,0.002446461
CEEMDAN_LSTM,BTC-USD,2026-06-29 22:00:00,0.0025572288,0.002446084
CEEMDAN_LSTM,BTC-USD,2026-06-29 22:15:00,0.0025548819,0.0024435336
CEEMDAN_LSTM,BTC-USD,2026-06-29 22:30:00,0.002559905,0.0024441264
CEEMDAN_LSTM,BTC-USD,2026-06-29 22:45:00,0.0025590535,0.0024417639
CEEMDAN_LSTM,BTC-USD,2026-06-29 23:00:00,0.0025615124,0.0024406798
CEEMDAN_LSTM,BTC-USD,2026-06-29 23:15:00,0.0025618756,0.0024432528
CEEMDAN_LSTM,BTC-USD,2026-06-29 23:30:00,0.0025608428,0.0024421108
CEEMDAN_LSTM,BTC-USD,2026-06-29 23:45:00,0.0025573103,0.0024408323
CEEMDAN_LSTM,BTC-USD,2026-06-30 00:00:00,0.0025603788,0.002439765
CEEMDAN_LSTM,BTC-USD,2026-06-30 00:15:00,0.0025653457,0.0024550378
CEEMDAN_LSTM,BTC-USD,2026-06-30 00:30:00,0.0025679169,0.0024606583
CEEMDAN_LSTM,BTC-USD,2026-06-30 00:45:00,0.002574761,0.0024615547
CEEMDAN_LSTM,BTC-USD,2026-06-30 01:00:00,0.0025784974,0.0024606658
CEEMDAN_LSTM,BTC-USD,2026-06-30 01:15:00,0.0025796965,0.0024706246
CEEMDAN_LSTM,BTC-USD,2026-06-30 01:30:00,0.0025752366,0.0024795718
CEEMDAN_LSTM,BTC-USD,2026-06-30 01:45:00,0.0025858097,0.0024821553
CEEMDAN_LSTM,BTC-USD,2026-06-30 02:00:00,0.0025879273,0.0024872564
CEEMDAN_LSTM,BTC-USD,2026-06-30 02:15:00,0.00260389,0.0024906737
CEEMDAN_LSTM,BTC-USD,2026-06-30 02:30:00,0.0026047977,0.0024909142
CEEMDAN_LSTM,BTC-USD,2026-06-30 02:45:00,0.0026046087,0.0024896725
CEEMDAN_LSTM,BTC-USD,2026-06-30 03:00:00,0.0026010538,0.0024891018
CEEMDAN_LSTM,BTC-USD,2026-06-30 03:15:00,0.0026038834,0.0024890152
CEEMDAN_LSTM,BTC-USD,2026-06-30 03:30:00,0.0026043258,0.002492137
CEEMDAN_LSTM,BTC-USD,2026-06-30 03:45:00,0.0026043279,0.0024928246
CEEMDAN_LSTM,BTC-USD,2026-06-30 04:00:00,0.0026119486,0.002493651
CEEMDAN_LSTM,BTC-USD,2026-06-30 04:15:00,0.0026203815,0.0024933508
CEEMDAN_LSTM,BTC-USD,2026-06-30 04:30:00,0.0026182944,0.0024906006
CEEMDAN_LSTM,BTC-USD,2026-06-30 04:45:00,0.0026088797,0.002493573
CEEMDAN_LSTM,BTC-USD,2026-06-30 05:00:00,0.0026048312,0.0024924774
CEEMDAN_LSTM,BTC-USD,2026-06-30 05:15:00,0.0026021025,0.002491638
CEEMDAN_LSTM,BTC-USD,2026-06-30 05:30:00,0.0026017562,0.0024976067
CEEMDAN_LSTM,BTC-USD,2026-06-30 05:45:00,0.002599613,0.002499551
CEEMDAN_LSTM,BTC-USD,2026-06-30 06:00:00,0.0025993215,0.0024842792
CEEMDAN_LSTM,BTC-USD,2026-06-30 06:15:00,0.0025997465,0.0024871982
CEEMDAN_LSTM,BTC-USD,2026-06-30 06:30:00,0.0025871345,0.0024909473
CEEMDAN_LSTM,BTC-USD,2026-06-30 06:45:00,0.0025940207,0.0024904858
CEEMDAN_LSTM,BTC-USD,2026-06-30 07:00:00,0.0026000664,0.0024909426
CEEMDAN_LSTM,BTC-USD,2026-06-30 07:15:00,0.0026082143,0.0024908416
CEEMDAN_LSTM,BTC-USD,2026-06-30 07:30:00,0.0026121049,0.0024900383
CEEMDAN_LSTM,BTC-USD,2026-06-30 07:45:00,0.002612774,0.0024900024
CEEMDAN_LSTM,BTC-USD,2026-06-30 08:00:00,0.0026081104,0.0024798797
CEEMDAN_LSTM,BTC-USD,2026-06-30 08:15:00,0.0026108017,0.002479928
CEEMDAN_LSTM,BTC-USD,2026-06-30 08:30:00,0.0026110471,0.0024833877
CEEMDAN_LSTM,BTC-USD,2026-06-30 08:45:00,0.0026158723,0.0024827758
CEEMDAN_LSTM,BTC-USD,2026-06-30 09:00:00,0.0026182057,0.0024831127
CEEMDAN_LSTM,BTC-USD,2026-06-30 09:15:00,0.0026214407,0.0024834864
CEEMDAN_LSTM,BTC-USD,2026-06-30 09:30:00,0.0026224558,0.0024839973
CEEMDAN_LSTM,BTC-USD,2026-06-30 09:45:00,0.0026225501,0.0024839854
CEEMDAN_LSTM,BTC-USD,2026-06-30 10:00:00,0.002624685,0.0024838094
CEEMDAN_LSTM,BTC-USD,2026-06-30 10:15:00,0.0026261637,0.002467241
CEEMDAN_LSTM,BTC-USD,2026-06-30 10:30:00,0.0026268647,0.002464143
CEEMDAN_LSTM,BTC-USD,2026-06-30 10:45:00,0.0026148467,0.002464109
CEEMDAN_LSTM,BTC-USD,2026-06-30 11:00:00,0.0026056978,0.0024629764
CEEMDAN_LSTM,BTC-USD,2026-06-30 11:15:00,0.0025993423,0.0024691634
CEEMDAN_LSTM,BTC-USD,2026-06-30 11:30:00,0.0025991062,0.0024692775
CEEMDAN_LSTM,BTC-USD,2026-06-30 11:45:00,0.002599445,0.0024698158
CEEMDAN_LSTM,BTC-USD,2026-06-30 12:00:00,0.00260159,0.0024747527
CEEMDAN_LSTM,BTC-USD,2026-06-30 12:15:00,0.0026090418,0.0024780985
CEEMDAN_LSTM,BTC-USD,2026-06-30 12:30:00,0.0026274975,0.0024699077
CEEMDAN_LSTM,BTC-USD,2026-06-30 12:45:00,0.0026321344,0.0025149393
CEEMDAN_LSTM,BTC-USD,2026-06-30 13:00:00,0.0026333195,0.0025149253
CEEMDAN_LSTM,BTC-USD,2026-06-30 13:15:00,0.002647214,0.002515681
CEEMDAN_LSTM,BTC-USD,2026-06-30 13:30:00,0.0026598296,0.002516189
CEEMDAN_LSTM,BTC-USD,2026-06-30 13:45:00,0.0026560873,0.002522036
CEEMDAN_LSTM,BTC-USD,2026-06-30 14:00:00,0.002650937,0.0025312065
CEEMDAN_LSTM,BTC-USD,2026-06-30 14:15:00,0.002647641,0.0025308582
CEEMDAN_LSTM,BTC-USD,2026-06-30 14:30:00,0.0026535538,0.0025329005
CEEMDAN_LSTM,BTC-USD,2026-06-30 14:45:00,0.0026668303,0.0025748448
CEEMDAN_LSTM,BTC-USD,2026-06-30 15:00:00,0.0026727207,0.0025724273
CEEMDAN_LSTM,BTC-USD,2026-06-30 15:15:00,0.0026648017,0.002572754
CEEMDAN_LSTM,BTC-USD,2026-06-30 15:30:00,0.002677223,0.002573602
CEEMDAN_LSTM,BTC-USD,2026-06-30 15:45:00,0.0026906934,0.0025739626
CEEMDAN_LSTM,BTC-USD,2026-06-30 16:00:00,0.0027005526,0.0025737183
CEEMDAN_LSTM,BTC-USD,2026-06-30 16:15:00,0.0026929595,0.0025719146
CEEMDAN_LSTM,BTC-USD,2026-06-30 16:30:00,0.0026847518,0.0025711004
CEEMDAN_LSTM,BTC-USD,2026-06-30 16:45:00,0.0026808917,0.0025790518
CEEMDAN_LSTM,BTC-USD,2026-06-30 17:00:00,0.002684521,0.0025793682
CEEMDAN_LSTM,BTC-USD,2026-06-30 17:15:00,0.0027001174,0.00257383
CEEMDAN_LSTM,BTC-USD,2026-06-30 17:30:00,0.0027000003,0.002573615
CEEMDAN_LSTM,BTC-USD,2026-06-30 17:45:00,0.0026908244,0.002574244
CEEMDAN_LSTM,BTC-USD,2026-06-30 18:00:00,0.002686304,0.0025713048
CEEMDAN_LSTM,BTC-USD,2026-06-30 18:15:00,0.0026892107,0.0025722797
CEEMDAN_LSTM,BTC-USD,2026-06-30 18:30:00,0.002689219,0.002572633
CEEMDAN_LSTM,BTC-USD,2026-06-30 18:45:00,0.002692887,0.0025851012
CEEMDAN_LSTM,BTC-USD,2026-06-30 19:00:00,0.0026914305,0.0025850346
CEEMDAN_LSTM,BTC-USD,2026-06-30 19:15:00,0.0027053468,0.0025851459
CEEMDAN_LSTM,BTC-USD,2026-06-30 19:30:00,0.0027073082,0.0025869939
CEEMDAN_LSTM,BTC-USD,2026-06-30 19:45:00,0.002705209,0.0025879077
CEEMDAN_LSTM,BTC-USD,2026-06-30 20:00:00,0.0027015496,0.0025859168
CEEMDAN_LSTM,BTC-USD,2026-06-30 20:15:00,0.0027017985,0.0025837538
CEEMDAN_LSTM,BTC-USD,2026-06-30 20:30:00,0.002709972,0.0025836425
CEEMDAN_LSTM,BTC-USD,2026-06-30 20:45:00,0.0027179022,0.0025839256
CEEMDAN_LSTM,BTC-USD,2026-06-30 21:00:00,0.002717719,0.002584209
CEEMDAN_LSTM,BTC-USD,2026-06-30 21:15:00,0.0027187492,0.0025825377
CEEMDAN_LSTM,BTC-USD,2026-06-30 21:30:00,0.002714969,0.0025821803
CEEMDAN_LSTM,BTC-USD,2026-06-30 21:45:00,0.002715671,0.0025823468
CEEMDAN_LSTM,BTC-USD,2026-06-30 22:00:00,0.002720147,0.0025799116
CEEMDAN_LSTM,BTC-USD,2026-06-30 22:15:00,0.0027219476,0.0025810725
CEEMDAN_LSTM,BTC-USD,2026-06-30 22:30:00,0.0027222342,0.002578457
CEEMDAN_LSTM,BTC-USD,2026-06-30 22:45:00,0.0027206785,0.002578509
CEEMDAN_LSTM,BTC-USD,2026-06-30 23:00:00,0.0027195648,0.002578315
CEEMDAN_LSTM,BTC-USD,2026-06-30 23:15:00,0.0027203485,0.0025778443
CEEMDAN_LSTM,BTC-USD,2026-06-30 23:30:00,0.0027196915,0.002566326
CEEMDAN_LSTM,BTC-USD,2026-06-30 23:45:00,0.0027187017,0.0025652794
CEEMDAN_LSTM,BTC-USD,2026-07-01 00:00:00,0.0027081375,0.002565437
CEEMDAN_LSTM,BTC-USD,2026-07-01 00:15:00,0.0026996182,0.0025783135
CEEMDAN_LSTM,BTC-USD,2026-07-01 00:30:00,0.0027084337,0.0025796825
CEEMDAN_LSTM,BTC-USD,2026-07-01 00:45:00,0.0027155306,0.0025799533
CEEMDAN_LSTM,BTC-USD,2026-07-01 01:00:00,0.0027087366,0.0026207573
CEEMDAN_LSTM,BTC-USD,2026-07-01 01:15:00,0.0027159392,0.0026259657
CEEMDAN_LSTM,BTC-USD,2026-07-01 01:30:00,0.0027388865,0.0026923048
CEEMDAN_LSTM,BTC-USD,2026-07-01 01:45:00,0.0027408537,0.0026951947
CEEMDAN_LSTM,BTC-USD,2026-07-01 02:00:00,0.0027961282,0.0026950252
CEEMDAN_LSTM,BTC-USD,2026-07-01 02:15:00,0.0028342942,0.0026921239
CEEMDAN_LSTM,BTC-USD,2026-07-01 02:30:00,0.0028339408,0.002700442
CEEMDAN_LSTM,BTC-USD,2026-07-01 02:45:00,0.0028004209,0.0027004112
CEEMDAN_LSTM,BTC-USD,2026-07-01 03:00:00,0.002801345,0.0027016595
CEEMDAN_LSTM,BTC-USD,2026-07-01 03:15:00,0.0028327045,0.0027026234
CEEMDAN_LSTM,BTC-USD,2026-07-01 03:30:00,0.0028744193,0.0027010993
CEEMDAN_LSTM,BTC-USD,2026-07-01 03:45:00,0.002892264,0.002714921
CEEMDAN_LSTM,BTC-USD,2026-07-01 04:00:00,0.0028676377,0.002709974
CEEMDAN_LSTM,BTC-USD,2026-07-01 04:15:00,0.002864486,0.0027155988
CEEMDAN_LSTM,BTC-USD,2026-07-01 04:30:00,0.0028579093,0.0027171704
CEEMDAN_LSTM,BTC-USD,2026-07-01 04:45:00,0.002866051,0.0027167343
CEEMDAN_LSTM,BTC-USD,2026-07-01 05:00:00,0.0028724517,0.0027144859
CEEMDAN_LSTM,BTC-USD,2026-07-01 05:15:00,0.0028756359,0.002717122
CEEMDAN_LSTM,BTC-USD,2026-07-01 05:30:00,0.002875803,0.0027168733
CEEMDAN_LSTM,BTC-USD,2026-07-01 05:45:00,0.0028825942,0.002715923
CEEMDAN_LSTM,BTC-USD,2026-07-01 06:00:00,0.0028938947,0.0027237216
CEEMDAN_LSTM,BTC-USD,2026-07-01 06:15:00,0.0028966481,0.002728619
CEEMDAN_LSTM,BTC-USD,2026-07-01 06:30:00,0.0028992302,0.0027292995
CEEMDAN_LSTM,BTC-USD,2026-07-01 06:45:00,0.0029083963,0.002728944
CEEMDAN_LSTM,BTC-USD,2026-07-01 07:00:00,0.002912131,0.0027294783
CEEMDAN_LSTM,BTC-USD,2026-07-01 07:15:00,0.0029171642,0.0027293318
CEEMDAN_LSTM,BTC-USD,2026-07-01 07:30:00,0.0029103165,0.0027263495
CEEMDAN_LSTM,BTC-USD,2026-07-01 07:45:00,0.0029118583,0.002726965
CEEMDAN_LSTM,BTC-USD,2026-07-01 08:00:00,0.002903935,0.0027275751
CEEMDAN_LSTM,BTC-USD,2026-07-01 08:15:00,0.002901087,0.0027285153
CEEMDAN_LSTM,BTC-USD,2026-07-01 08:30:00,0.002904265,0.0027306403
CEEMDAN_LSTM,BTC-USD,2026-07-01 08:45:00,0.0029073171,0.0027428218
CEEMDAN_LSTM,BTC-USD,2026-07-01 09:00:00,0.00289655,0.0027420223
CEEMDAN_LSTM,BTC-USD,2026-07-01 09:15:00,0.0029027774,0.002742574
CEEMDAN_LSTM,BTC-USD,2026-07-01 09:30:00,0.0029132294,0.0027425778
CEEMDAN_LSTM,BTC-USD,2026-07-01 09:45:00,0.002923046,0.002743344
CEEMDAN_LSTM,BTC-USD,2026-07-01 10:00:00,0.0029164983,0.0027481506
CEEMDAN_LSTM,BTC-USD,2026-07-01 10:15:00,0.0029195976,0.0027477632
CEEMDAN_LSTM,BTC-USD,2026-07-01 10:30:00,0.0029267848,0.0027487504
CEEMDAN_LSTM,BTC-USD,2026-07-01 10:45:00,0.0029389532,0.0027487436
CEEMDAN_LSTM,BTC-USD,2026-07-01 11:00:00,0.002933369,0.0027430702
CEEMDAN_LSTM,BTC-USD,2026-07-01 11:15:00,0.0029248246,0.0027422945
CEEMDAN_LSTM,BTC-USD,2026-07-01 11:30:00,0.0029142057,0.0027419548
CEEMDAN_LSTM,BTC-USD,2026-07-01 11:45:00,0.0029120983,0.0027427208
CEEMDAN_LSTM,BTC-USD,2026-07-01 12:00:00,0.0029101542,0.002748056
CEEMDAN_LSTM,BTC-USD,2026-07-01 12:15:00,0.0029249948,0.0027507963
CEEMDAN_LSTM,BTC-USD,2026-07-01 12:30:00,0.0029356568,0.0027552522
CEEMDAN_LSTM,BTC-USD,2026-07-01 12:45:00,0.0029550237,0.0027489713
CEEMDAN_LSTM,BTC-USD,2026-07-01 13:00:00,0.002951245,0.00274522
CEEMDAN_LSTM,BTC-USD,2026-07-01 13:15:00,0.0029414434,0.0027389303
CEEMDAN_LSTM,BTC-USD,2026-07-01 13:30:00,0.0029419968,0.0027327507
CEEMDAN_LSTM,BTC-USD,2026-07-01 13:45:00,0.0029474187,0.0027796554
CEEMDAN_LSTM,BTC-USD,2026-07-01 14:00:00,0.0029194148,0.0028157767
CEEMDAN_LSTM,BTC-USD,2026-07-01 14:15:00,0.0029124955,0.0028059704
CEEMDAN_LSTM,BTC-USD,2026-07-01 14:30:00,0.002965748,0.0028069024
CEEMDAN_LSTM,BTC-USD,2026-07-01 14:45:00,0.0030223313,0.0028030167
CEEMDAN_LSTM,BTC-USD,2026-07-01 15:00:00,0.0030699458,0.0028331606
CEEMDAN_LSTM,BTC-USD,2026-07-01 15:15:00,0.0030543823,0.0028345208
CEEMDAN_LSTM,BTC-USD,2026-07-01 15:30:00,0.003027769,0.0028299338
CEEMDAN_LSTM,BTC-USD,2026-07-01 15:45:00,0.0030248864,0.002814804
CEEMDAN_LSTM,BTC-USD,2026-07-01 16:00:00,0.0030431913,0.002807451
CEEMDAN_LSTM,BTC-USD,2026-07-01 16:15:00,0.0030459035,0.0028004185
CEEMDAN_LSTM,BTC-USD,2026-07-01 16:30:00,0.0030284165,0.0027893023
CEEMDAN_LSTM,BTC-USD,2026-07-01 16:45:00,0.003017836,0.0027924923
CEEMDAN_LSTM,BTC-USD,2026-07-01 17:00:00,0.0030262608,0.002755913
CEEMDAN_LSTM,BTC-USD,2026-07-01 17:15:00,0.0030478474,0.0027144537
CEEMDAN_LSTM,BTC-USD,2026-07-01 17:30:00,0.003004708,0.0027034846
CEEMDAN_LSTM,BTC-USD,2026-07-01 17:45:00,0.0029259196,0.0027037037
CEEMDAN_LSTM,BTC-USD,2026-07-01 18:00:00,0.0028842408,0.0026937304
CEEMDAN_LSTM,BTC-USD,2026-07-01 18:15:00,0.0029021213,0.0026888696
CEEMDAN_LSTM,BTC-USD,2026-07-01 18:30:00,0.002913423,0.0026777412
CEEMDAN_LSTM,BTC-USD,2026-07-01 18:45:00,0.0029099542,0.0026752965
CEEMDAN_LSTM,BTC-USD,2026-07-01 19:00:00,0.0028983767,0.0026742301
CEEMDAN_LSTM,BTC-USD,2026-07-01 19:15:00,0.002890389,0.0026771158
CEEMDAN_LSTM,BTC-USD,2026-07-01 19:30:00,0.0028994777,0.0026753694
CEEMDAN_LSTM,BTC-USD,2026-07-01 19:45:00,0.0029060598,0.002682405
CEEMDAN_LSTM,BTC-USD,2026-07-01 20:00:00,0.0029209945,0.0026640084
CEEMDAN_LSTM,BTC-USD,2026-07-01 20:15:00,0.0029175102,0.0026591602
CEEMDAN_LSTM,BTC-USD,2026-07-01 20:30:00,0.0029067835,0.0026485994
CEEMDAN_LSTM,BTC-USD,2026-07-01 20:45:00,0.0029082266,0.0026434984
CEEMDAN_LSTM,BTC-USD,2026-07-01 21:00:00,0.0028908874,0.0026614878
CEEMDAN_LSTM,BTC-USD,2026-07-01 21:15:00,0.0028679466,0.0026627576
CEEMDAN_LSTM,BTC-USD,2026-07-01 21:30:00,0.002880492,0.0026784784
CEEMDAN_LSTM,BTC-USD,2026-07-01 21:45:00,0.00287184,0.0026784805
CEEMDAN_LSTM,BTC-USD,2026-07-01 22:00:00,0.0028945361,0.0026784837
CEEMDAN_LSTM,BTC-USD,2026-07-01 22:15:00,0.002906141,0.002692345
CEEMDAN_LSTM,BTC-USD,2026-07-01 22:30:00,0.0029113847,0.0026927905
CEEMDAN_LSTM,BTC-USD,2026-07-01 22:45:00,0.002927366,0.0026926189
CEEMDAN_LSTM,BTC-USD,2026-07-01 23:00:00,0.0029377446,0.0027032136
CEEMDAN_LSTM,BTC-USD,2026-07-01 23:15:00,0.0029412692,0.002700418
CEEMDAN_LSTM,BTC-USD,2026-07-01 23:30:00,0.0029461952,0.00270089
CEEMDAN_LSTM,BTC-USD,2026-07-01 23:45:00,0.0029493978,0.0027037212
CEEMDAN_LSTM,BTC-USD,2026-07-02 00:00:00,0.0029494562,0.002702508
CEEMDAN_LSTM,BTC-USD,2026-07-02 00:15:00,0.002952044,0.002707974
CEEMDAN_LSTM,BTC-USD,2026-07-02 00:30:00,0.0029460844,0.002712903
CEEMDAN_LSTM,BTC-USD,2026-07-02 00:45:00,0.0029521505,0.002713853
CEEMDAN_LSTM,BTC-USD,2026-07-02 01:00:00,0.0029606863,0.002713675
CEEMDAN_LSTM,BTC-USD,2026-07-02 01:15:00,0.0029569366,0.0027155501
CEEMDAN_LSTM,BTC-USD,2026-07-02 01:30:00,0.002940159,0.002720856
CEEMDAN_LSTM,BTC-USD,2026-07-02 01:45:00,0.0029222944,0.002720557
CEEMDAN_LSTM,BTC-USD,2026-07-02 02:00:00,0.002926183,0.0027169888
CEEMDAN_LSTM,BTC-USD,2026-07-02 02:15:00,0.002945866,0.0027173883
CEEMDAN_LSTM,BTC-USD,2026-07-02 02:30:00,0.002960351,0.0027219865
CEEMDAN_LSTM,BTC-USD,2026-07-02 02:45:00,0.0029550497,0.0027203797
CEEMDAN_LSTM,BTC-USD,2026-07-02 03:00:00,0.0029504467,0.0026188008
CEEMDAN_LSTM,BTC-USD,2026-07-02 03:15:00,0.0029451288,0.002609049
CEEMDAN_LSTM,BTC-USD,2026-07-02 03:30:00,0.002844097,0.002568698
CEEMDAN_LSTM,BTC-USD,2026-07-02 03:45:00,0.0028053343,0.0025813794
CEEMDAN_LSTM,BTC-USD,2026-07-02 04:00:00,0.0027763895,0.0025709332
CEEMDAN_LSTM,BTC-USD,2026-07-02 04:15:00,0.0027936492,0.0025611229
CEEMDAN_LSTM,BTC-USD,2026-07-02 04:30:00,0.002796916,0.0025101542
