model_name,asset_symbol,timestamp,predicted_value,real_value
CEEMDAN_LSTM,ETH-USD,2026-06-03 12:45:00,0.003582364,0.0032992577
CEEMDAN_LSTM,ETH-USD,2026-06-03 13:00:00,0.0035715862,0.0032998007
CEEMDAN_LSTM,ETH-USD,2026-06-03 13:15:00,0.0035758037,0.0033041292
CEEMDAN_LSTM,ETH-USD,2026-06-03 13:30:00,0.0035938353,0.0033059146
CEEMDAN_LSTM,ETH-USD,2026-06-03 13:45:00,0.0036019122,0.0033072343
CEEMDAN_LSTM,ETH-USD,2026-06-03 14:00:00,0.0035861193,0.0033066953
CEEMDAN_LSTM,ETH-USD,2026-06-03 14:15:00,0.0035802335,0.003312969
CEEMDAN_LSTM,ETH-USD,2026-06-03 14:30:00,0.0035965862,0.0033115689
CEEMDAN_LSTM,ETH-USD,2026-06-03 14:45:00,0.003605408,0.0033140301
CEEMDAN_LSTM,ETH-USD,2026-06-03 15:00:00,0.0035813693,0.0033183827
CEEMDAN_LSTM,ETH-USD,2026-06-03 15:15:00,0.0035889,0.0033133698
CEEMDAN_LSTM,ETH-USD,2026-06-03 15:30:00,0.003594809,0.0033253094
CEEMDAN_LSTM,ETH-USD,2026-06-03 15:45:00,0.0035986295,0.0033341353
CEEMDAN_LSTM,ETH-USD,2026-06-03 16:00:00,0.0036120804,0.0033205538
CEEMDAN_LSTM,ETH-USD,2026-06-03 16:15:00,0.003603275,0.0033723975
CEEMDAN_LSTM,ETH-USD,2026-06-03 16:30:00,0.0036082175,0.0033898265
CEEMDAN_LSTM,ETH-USD,2026-06-03 16:45:00,0.0036106503,0.0033880495
CEEMDAN_LSTM,ETH-USD,2026-06-03 17:00:00,0.003614707,0.003393872
CEEMDAN_LSTM,ETH-USD,2026-06-03 17:15:00,0.003653352,0.0034109806
CEEMDAN_LSTM,ETH-USD,2026-06-03 17:30:00,0.0036406533,0.003408857
CEEMDAN_LSTM,ETH-USD,2026-06-03 17:45:00,0.0036288525,0.0034174323
CEEMDAN_LSTM,ETH-USD,2026-06-03 18:00:00,0.003663616,0.0034170276
CEEMDAN_LSTM,ETH-USD,2026-06-03 18:15:00,0.0036815652,0.0034176218
CEEMDAN_LSTM,ETH-USD,2026-06-03 18:30:00,0.003680935,0.003422669
CEEMDAN_LSTM,ETH-USD,2026-06-03 18:45:00,0.0036672293,0.0034230216
CEEMDAN_LSTM,ETH-USD,2026-06-03 19:00:00,0.0036683427,0.003421863
CEEMDAN_LSTM,ETH-USD,2026-06-03 19:15:00,0.0036889927,0.0034378474
CEEMDAN_LSTM,ETH-USD,2026-06-03 19:30:00,0.003711093,0.0034385305
CEEMDAN_LSTM,ETH-USD,2026-06-03 19:45:00,0.0036982233,0.0034795355
CEEMDAN_LSTM,ETH-USD,2026-06-03 20:00:00,0.0037139198,0.0034911432
CEEMDAN_LSTM,ETH-USD,2026-06-03 20:15:00,0.003716908,0.0034861062
CEEMDAN_LSTM,ETH-USD,2026-06-03 20:30:00,0.0037248323,0.0035269987
CEEMDAN_LSTM,ETH-USD,2026-06-03 20:45:00,0.0037653325,0.0035484426
CEEMDAN_LSTM,ETH-USD,2026-06-03 21:00:00,0.0038156933,0.0035955783
CEEMDAN_LSTM,ETH-USD,2026-06-03 21:15:00,0.003793831,0.0035971177
CEEMDAN_LSTM,ETH-USD,2026-06-03 21:30:00,0.0038261828,0.0037157137
CEEMDAN_LSTM,ETH-USD,2026-06-03 21:45:00,0.0038212233,0.0037788262
CEEMDAN_LSTM,ETH-USD,2026-06-03 22:00:00,0.003899659,0.0037949188
CEEMDAN_LSTM,ETH-USD,2026-06-03 22:15:00,0.0040569557,0.0038030634
CEEMDAN_LSTM,ETH-USD,2026-06-03 22:30:00,0.0041097016,0.0038028196
CEEMDAN_LSTM,ETH-USD,2026-06-03 22:45:00,0.0040734964,0.0037983556
CEEMDAN_LSTM,ETH-USD,2026-06-03 23:00:00,0.004050575,0.0038006515
CEEMDAN_LSTM,ETH-USD,2026-06-03 23:15:00,0.0040551694,0.0038002469
CEEMDAN_LSTM,ETH-USD,2026-06-03 23:30:00,0.0040575746,0.0038022816
CEEMDAN_LSTM,ETH-USD,2026-06-03 23:45:00,0.0040577087,0.0037989374
CEEMDAN_LSTM,ETH-USD,2026-06-04 00:00:00,0.004047798,0.0038016147
CEEMDAN_LSTM,ETH-USD,2026-06-04 00:15:00,0.004024105,0.0039295787
CEEMDAN_LSTM,ETH-USD,2026-06-04 00:30:00,0.004100513,0.00395621
CEEMDAN_LSTM,ETH-USD,2026-06-04 00:45:00,0.0041134167,0.0039620725
CEEMDAN_LSTM,ETH-USD,2026-06-04 01:00:00,0.0041599334,0.0039674356
CEEMDAN_LSTM,ETH-USD,2026-06-04 01:15:00,0.004195527,0.0039931783
CEEMDAN_LSTM,ETH-USD,2026-06-04 01:30:00,0.004200456,0.0040069
CEEMDAN_LSTM,ETH-USD,2026-06-04 01:45:00,0.004155188,0.0040809913
CEEMDAN_LSTM,ETH-USD,2026-06-04 02:00:00,0.0042374944,0.004102234
CEEMDAN_LSTM,ETH-USD,2026-06-04 02:15:00,0.004310088,0.0041650543
CEEMDAN_LSTM,ETH-USD,2026-06-04 02:30:00,0.004255327,0.004174636
CEEMDAN_LSTM,ETH-USD,2026-06-04 02:45:00,0.0043022344,0.004179471
CEEMDAN_LSTM,ETH-USD,2026-06-04 03:00:00,0.0043871263,0.0042877556
CEEMDAN_LSTM,ETH-USD,2026-06-04 03:15:00,0.0043478296,0.0042740107
CEEMDAN_LSTM,ETH-USD,2026-06-04 03:30:00,0.004454551,0.00429808
CEEMDAN_LSTM,ETH-USD,2026-06-04 03:45:00,0.004473816,0.0042974846
CEEMDAN_LSTM,ETH-USD,2026-06-04 04:00:00,0.004508193,0.0042791027
CEEMDAN_LSTM,ETH-USD,2026-06-04 04:15:00,0.004507647,0.0042792712
CEEMDAN_LSTM,ETH-USD,2026-06-04 04:30:00,0.004503579,0.004280053
CEEMDAN_LSTM,ETH-USD,2026-06-04 04:45:00,0.0044974987,0.004279248
CEEMDAN_LSTM,ETH-USD,2026-06-04 05:00:00,0.00448416,0.0043001757
CEEMDAN_LSTM,ETH-USD,2026-06-04 05:15:00,0.0044954657,0.0043077865
CEEMDAN_LSTM,ETH-USD,2026-06-04 05:30:00,0.0044919583,0.004321931
CEEMDAN_LSTM,ETH-USD,2026-06-04 05:45:00,0.0044464422,0.004333364
CEEMDAN_LSTM,ETH-USD,2026-06-04 06:00:00,0.004486021,0.004340251
CEEMDAN_LSTM,ETH-USD,2026-06-04 06:15:00,0.004480936,0.004341816
CEEMDAN_LSTM,ETH-USD,2026-06-04 06:30:00,0.0044781547,0.0043216324
CEEMDAN_LSTM,ETH-USD,2026-06-04 06:45:00,0.0044954605,0.0043264544
CEEMDAN_LSTM,ETH-USD,2026-06-04 07:00:00,0.004512584,0.0043321317
CEEMDAN_LSTM,ETH-USD,2026-06-04 07:15:00,0.0045168633,0.0043322304
CEEMDAN_LSTM,ETH-USD,2026-06-04 07:30:00,0.0045182374,0.004339531
CEEMDAN_LSTM,ETH-USD,2026-06-04 07:45:00,0.004496122,0.0043403567
CEEMDAN_LSTM,ETH-USD,2026-06-04 08:00:00,0.0045326035,0.004346326
CEEMDAN_LSTM,ETH-USD,2026-06-04 08:15:00,0.0045608673,0.0043389695
CEEMDAN_LSTM,ETH-USD,2026-06-04 08:30:00,0.004530074,0.0043390687
CEEMDAN_LSTM,ETH-USD,2026-06-04 08:45:00,0.004519994,0.0043426338
CEEMDAN_LSTM,ETH-USD,2026-06-04 09:00:00,0.00450846,0.004356202
CEEMDAN_LSTM,ETH-USD,2026-06-04 09:15:00,0.004547635,0.00436754
CEEMDAN_LSTM,ETH-USD,2026-06-04 09:30:00,0.004573513,0.0043698256
CEEMDAN_LSTM,ETH-USD,2026-06-04 09:45:00,0.0045378436,0.0043994715
CEEMDAN_LSTM,ETH-USD,2026-06-04 10:00:00,0.0044915685,0.0044123325
CEEMDAN_LSTM,ETH-USD,2026-06-04 10:15:00,0.0045556966,0.0044048545
CEEMDAN_LSTM,ETH-USD,2026-06-04 10:30:00,0.004571788,0.0044011096
CEEMDAN_LSTM,ETH-USD,2026-06-04 10:45:00,0.004557959,0.0044356287
CEEMDAN_LSTM,ETH-USD,2026-06-04 11:00:00,0.0045755934,0.00443561
CEEMDAN_LSTM,ETH-USD,2026-06-04 11:15:00,0.0045589893,0.004457647
CEEMDAN_LSTM,ETH-USD,2026-06-04 11:30:00,0.0045174733,0.0044608223
CEEMDAN_LSTM,ETH-USD,2026-06-04 11:45:00,0.004564521,0.004477692
CEEMDAN_LSTM,ETH-USD,2026-06-04 12:00:00,0.0045594466,0.004476312
CEEMDAN_LSTM,ETH-USD,2026-06-04 12:15:00,0.0045952094,0.0045385878
CEEMDAN_LSTM,ETH-USD,2026-06-04 12:30:00,0.004555479,0.0045477794
CEEMDAN_LSTM,ETH-USD,2026-06-04 12:45:00,0.004600321,0.0045499094
CEEMDAN_LSTM,ETH-USD,2026-06-04 13:00:00,0.0046421173,0.004551147
CEEMDAN_LSTM,ETH-USD,2026-06-04 13:15:00,0.0046765683,0.0045526405
CEEMDAN_LSTM,ETH-USD,2026-06-04 13:30:00,0.004706155,0.0045875884
CEEMDAN_LSTM,ETH-USD,2026-06-04 13:45:00,0.0046620145,0.0045859576
CEEMDAN_LSTM,ETH-USD,2026-06-04 14:00:00,0.0046790666,0.004589343
CEEMDAN_LSTM,ETH-USD,2026-06-04 14:15:00,0.0046938574,0.004593565
CEEMDAN_LSTM,ETH-USD,2026-06-04 14:30:00,0.004721178,0.0045990376
CEEMDAN_LSTM,ETH-USD,2026-06-04 14:45:00,0.0047343876,0.0045996024
CEEMDAN_LSTM,ETH-USD,2026-06-04 15:00:00,0.0047079627,0.004631589
CEEMDAN_LSTM,ETH-USD,2026-06-04 15:15:00,0.004666661,0.004643768
CEEMDAN_LSTM,ETH-USD,2026-06-04 15:30:00,0.0047248076,0.004644298
CEEMDAN_LSTM,ETH-USD,2026-06-04 15:45:00,0.004744362,0.0046449336
CEEMDAN_LSTM,ETH-USD,2026-06-04 16:00:00,0.0047330284,0.004646047
CEEMDAN_LSTM,ETH-USD,2026-06-04 16:15:00,0.004733488,0.004643342
CEEMDAN_LSTM,ETH-USD,2026-06-04 16:30:00,0.004723942,0.004650797
CEEMDAN_LSTM,ETH-USD,2026-06-04 16:45:00,0.00469368,0.0046507563
CEEMDAN_LSTM,ETH-USD,2026-06-04 17:00:00,0.004717883,0.004646353
CEEMDAN_LSTM,ETH-USD,2026-06-04 17:15:00,0.004715929,0.004620924
CEEMDAN_LSTM,ETH-USD,2026-06-04 17:30:00,0.00472077,0.0046249805
CEEMDAN_LSTM,ETH-USD,2026-06-04 17:45:00,0.0046996893,0.0046268613
CEEMDAN_LSTM,ETH-USD,2026-06-04 18:00:00,0.0046594976,0.0046310797
CEEMDAN_LSTM,ETH-USD,2026-06-04 18:15:00,0.0046863263,0.0046798782
CEEMDAN_LSTM,ETH-USD,2026-06-04 18:30:00,0.00464458,0.0046792217
CEEMDAN_LSTM,ETH-USD,2026-06-04 18:45:00,0.004700585,0.004679819
CEEMDAN_LSTM,ETH-USD,2026-06-04 19:00:00,0.0047213216,0.0046782475
CEEMDAN_LSTM,ETH-USD,2026-06-04 19:15:00,0.004711084,0.00468177
CEEMDAN_LSTM,ETH-USD,2026-06-04 19:30:00,0.0046891407,0.0046859155
CEEMDAN_LSTM,ETH-USD,2026-06-04 19:45:00,0.00472152,0.0046836925
CEEMDAN_LSTM,ETH-USD,2026-06-04 20:00:00,0.0047261068,0.0046836566
CEEMDAN_LSTM,ETH-USD,2026-06-04 20:15:00,0.004727415,0.0046788114
CEEMDAN_LSTM,ETH-USD,2026-06-04 20:30:00,0.0047203638,0.004680315
CEEMDAN_LSTM,ETH-USD,2026-06-04 20:45:00,0.004701807,0.0046776193
CEEMDAN_LSTM,ETH-USD,2026-06-04 21:00:00,0.004689844,0.004679923
CEEMDAN_LSTM,ETH-USD,2026-06-04 21:15:00,0.0046822075,0.004685282
CEEMDAN_LSTM,ETH-USD,2026-06-04 21:30:00,0.0047101304,0.004685379
CEEMDAN_LSTM,ETH-USD,2026-06-04 21:45:00,0.004709255,0.0046902597
CEEMDAN_LSTM,ETH-USD,2026-06-04 22:00:00,0.00471363,0.0046921
CEEMDAN_LSTM,ETH-USD,2026-06-04 22:15:00,0.0047101444,0.0046940446
CEEMDAN_LSTM,ETH-USD,2026-06-04 22:30:00,0.0046878923,0.0046866923
CEEMDAN_LSTM,ETH-USD,2026-06-04 22:45:00,0.0046803886,0.0046975217
CEEMDAN_LSTM,ETH-USD,2026-06-04 23:00:00,0.004656574,0.0046972474
CEEMDAN_LSTM,ETH-USD,2026-06-04 23:15:00,0.0046698144,0.0047065364
CEEMDAN_LSTM,ETH-USD,2026-06-04 23:30:00,0.004700085,0.004717055
CEEMDAN_LSTM,ETH-USD,2026-06-04 23:45:00,0.004671492,0.0047175316
CEEMDAN_LSTM,ETH-USD,2026-06-05 00:00:00,0.0046759383,0.0047188983
CEEMDAN_LSTM,ETH-USD,2026-06-05 00:15:00,0.0046953126,0.0047294945
CEEMDAN_LSTM,ETH-USD,2026-06-05 00:30:00,0.004670009,0.0047292127
CEEMDAN_LSTM,ETH-USD,2026-06-05 00:45:00,0.0046878876,0.004736325
CEEMDAN_LSTM,ETH-USD,2026-06-05 01:00:00,0.0047041867,0.004735973
CEEMDAN_LSTM,ETH-USD,2026-06-05 01:15:00,0.0046954807,0.004735153
CEEMDAN_LSTM,ETH-USD,2026-06-05 01:30:00,0.0046825195,0.004735948
CEEMDAN_LSTM,ETH-USD,2026-06-05 01:45:00,0.004664746,0.004729046
CEEMDAN_LSTM,ETH-USD,2026-06-05 02:00:00,0.004668202,0.0047326502
CEEMDAN_LSTM,ETH-USD,2026-06-05 02:15:00,0.0046666334,0.0047438634
CEEMDAN_LSTM,ETH-USD,2026-06-05 02:30:00,0.004668852,0.00474364
CEEMDAN_LSTM,ETH-USD,2026-06-05 02:45:00,0.0046496294,0.004746452
CEEMDAN_LSTM,ETH-USD,2026-06-05 03:00:00,0.0046460363,0.0047509097
CEEMDAN_LSTM,ETH-USD,2026-06-05 03:15:00,0.004643126,0.0047566127
CEEMDAN_LSTM,ETH-USD,2026-06-05 03:30:00,0.0046131923,0.004757212
CEEMDAN_LSTM,ETH-USD,2026-06-05 03:45:00,0.0046113627,0.0047570965
CEEMDAN_LSTM,ETH-USD,2026-06-05 04:00:00,0.0046174973,0.0047569987
CEEMDAN_LSTM,ETH-USD,2026-06-05 04:15:00,0.004621153,0.004765771
CEEMDAN_LSTM,ETH-USD,2026-06-05 04:30:00,0.004597793,0.004768863
CEEMDAN_LSTM,ETH-USD,2026-06-05 04:45:00,0.004619674,0.004800659
CEEMDAN_LSTM,ETH-USD,2026-06-05 05:00:00,0.0045823804,0.0048139137
CEEMDAN_LSTM,ETH-USD,2026-06-05 05:15:00,0.0046287966,0.0047152922
CEEMDAN_LSTM,ETH-USD,2026-06-05 05:30:00,0.004624471,0.004886466
CEEMDAN_LSTM,ETH-USD,2026-06-05 05:45:00,0.0046568285,0.0049107666
CEEMDAN_LSTM,ETH-USD,2026-06-05 06:00:00,0.0046889065,0.0049291733
CEEMDAN_LSTM,ETH-USD,2026-06-05 06:15:00,0.0046956176,0.0049832594
CEEMDAN_LSTM,ETH-USD,2026-06-05 06:30:00,0.0047123125,0.0050506294
CEEMDAN_LSTM,ETH-USD,2026-06-05 06:45:00,0.004625981,0.005053613
CEEMDAN_LSTM,ETH-USD,2026-06-05 07:00:00,0.004693913,0.0050556595
CEEMDAN_LSTM,ETH-USD,2026-06-05 07:15:00,0.0047530034,0.005116889
CEEMDAN_LSTM,ETH-USD,2026-06-05 07:30:00,0.0046941726,0.005156015
CEEMDAN_LSTM,ETH-USD,2026-06-05 07:45:00,0.0047012437,0.005160379
CEEMDAN_LSTM,ETH-USD,2026-06-05 08:00:00,0.004740936,0.0051681707
CEEMDAN_LSTM,ETH-USD,2026-06-05 08:15:00,0.0047893417,0.0051691425
CEEMDAN_LSTM,ETH-USD,2026-06-05 08:30:00,0.004790937,0.005171038
CEEMDAN_LSTM,ETH-USD,2026-06-05 08:45:00,0.004807819,0.005171628
CEEMDAN_LSTM,ETH-USD,2026-06-05 09:00:00,0.0048019364,0.0052402723
CEEMDAN_LSTM,ETH-USD,2026-06-05 09:15:00,0.004751048,0.0052332697
CEEMDAN_LSTM,ETH-USD,2026-06-05 09:30:00,0.004804166,0.0052371663
CEEMDAN_LSTM,ETH-USD,2026-06-05 09:45:00,0.0048423,0.0052402234
CEEMDAN_LSTM,ETH-USD,2026-06-05 10:00:00,0.004839709,0.005241582
CEEMDAN_LSTM,ETH-USD,2026-06-05 10:15:00,0.004851659,0.005232714
CEEMDAN_LSTM,ETH-USD,2026-06-05 10:30:00,0.0048485524,0.005234747
CEEMDAN_LSTM,ETH-USD,2026-06-05 10:45:00,0.004840974,0.0052232584
CEEMDAN_LSTM,ETH-USD,2026-06-05 11:00:00,0.004852418,0.0052267173
CEEMDAN_LSTM,ETH-USD,2026-06-05 11:15:00,0.0048552756,0.005206128
CEEMDAN_LSTM,ETH-USD,2026-06-05 11:30:00,0.004823035,0.005214152
CEEMDAN_LSTM,ETH-USD,2026-06-05 11:45:00,0.0048373924,0.0052109966
CEEMDAN_LSTM,ETH-USD,2026-06-05 12:00:00,0.0048384033,0.0052100397
CEEMDAN_LSTM,ETH-USD,2026-06-05 12:15:00,0.004835373,0.005204151
CEEMDAN_LSTM,ETH-USD,2026-06-05 12:30:00,0.0048198844,0.005207252
CEEMDAN_LSTM,ETH-USD,2026-06-05 12:45:00,0.004821336,0.0052062003
CEEMDAN_LSTM,ETH-USD,2026-06-05 13:00:00,0.0048063025,0.005209475
CEEMDAN_LSTM,ETH-USD,2026-06-05 13:15:00,0.0047891033,0.005190448
CEEMDAN_LSTM,ETH-USD,2026-06-05 13:30:00,0.004818698,0.0051975073
CEEMDAN_LSTM,ETH-USD,2026-06-05 13:45:00,0.0048586074,0.0053457096
CEEMDAN_LSTM,ETH-USD,2026-06-05 14:00:00,0.0049366816,0.005343865
CEEMDAN_LSTM,ETH-USD,2026-06-05 14:15:00,0.0049077715,0.00530695
CEEMDAN_LSTM,ETH-USD,2026-06-05 14:30:00,0.004907088,0.005305391
CEEMDAN_LSTM,ETH-USD,2026-06-05 14:45:00,0.0048655854,0.005310008
CEEMDAN_LSTM,ETH-USD,2026-06-05 15:00:00,0.00488908,0.0053457753
CEEMDAN_LSTM,ETH-USD,2026-06-05 15:15:00,0.004922121,0.0053715343
CEEMDAN_LSTM,ETH-USD,2026-06-05 15:30:00,0.0048709447,0.0053769434
CEEMDAN_LSTM,ETH-USD,2026-06-05 15:45:00,0.0049070683,0.005376807
CEEMDAN_LSTM,ETH-USD,2026-06-05 16:00:00,0.004914536,0.005374009
CEEMDAN_LSTM,ETH-USD,2026-06-05 16:15:00,0.004919682,0.005371619
CEEMDAN_LSTM,ETH-USD,2026-06-05 16:30:00,0.004916097,0.0053593838
CEEMDAN_LSTM,ETH-USD,2026-06-05 16:45:00,0.0049372455,0.0054387497
CEEMDAN_LSTM,ETH-USD,2026-06-05 17:00:00,0.004861375,0.0054465197
CEEMDAN_LSTM,ETH-USD,2026-06-05 17:15:00,0.0049312487,0.005456213
CEEMDAN_LSTM,ETH-USD,2026-06-05 17:30:00,0.0049714446,0.0054580737
CEEMDAN_LSTM,ETH-USD,2026-06-05 17:45:00,0.004969406,0.005458971
CEEMDAN_LSTM,ETH-USD,2026-06-05 18:00:00,0.004974523,0.0054619364
CEEMDAN_LSTM,ETH-USD,2026-06-05 18:15:00,0.00499115,0.005530997
CEEMDAN_LSTM,ETH-USD,2026-06-05 18:30:00,0.0050331554,0.00549814
CEEMDAN_LSTM,ETH-USD,2026-06-05 18:45:00,0.0050152843,0.005511978
CEEMDAN_LSTM,ETH-USD,2026-06-05 19:00:00,0.005008696,0.005493357
CEEMDAN_LSTM,ETH-USD,2026-06-05 19:15:00,0.004980157,0.005503925
CEEMDAN_LSTM,ETH-USD,2026-06-05 19:30:00,0.0049450328,0.005510333
CEEMDAN_LSTM,ETH-USD,2026-06-05 19:45:00,0.004961766,0.005573071
CEEMDAN_LSTM,ETH-USD,2026-06-05 20:00:00,0.00490467,0.005552187
CEEMDAN_LSTM,ETH-USD,2026-06-05 20:15:00,0.0049241013,0.0055759717
CEEMDAN_LSTM,ETH-USD,2026-06-05 20:30:00,0.0049287477,0.0055784876
CEEMDAN_LSTM,ETH-USD,2026-06-05 20:45:00,0.0049582417,0.0055745756
CEEMDAN_LSTM,ETH-USD,2026-06-05 21:00:00,0.0049693626,0.0055882772
CEEMDAN_LSTM,ETH-USD,2026-06-05 21:15:00,0.0049697463,0.005588229
CEEMDAN_LSTM,ETH-USD,2026-06-05 21:30:00,0.0050017554,0.0055803675
CEEMDAN_LSTM,ETH-USD,2026-06-05 21:45:00,0.00501745,0.0055755293
CEEMDAN_LSTM,ETH-USD,2026-06-05 22:00:00,0.005043414,0.005604992
CEEMDAN_LSTM,ETH-USD,2026-06-05 22:15:00,0.005083306,0.0056028306
CEEMDAN_LSTM,ETH-USD,2026-06-05 22:30:00,0.0050809444,0.0056071184
CEEMDAN_LSTM,ETH-USD,2026-06-05 22:45:00,0.0050762324,0.0056064497
CEEMDAN_LSTM,ETH-USD,2026-06-05 23:00:00,0.0050905296,0.0056081023
CEEMDAN_LSTM,ETH-USD,2026-06-05 23:15:00,0.0051073786,0.005648586
CEEMDAN_LSTM,ETH-USD,2026-06-05 23:30:00,0.005144074,0.0056450944
CEEMDAN_LSTM,ETH-USD,2026-06-05 23:45:00,0.0051331283,0.005665098
CEEMDAN_LSTM,ETH-USD,2026-06-06 00:00:00,0.0050953384,0.0057008862
CEEMDAN_LSTM,ETH-USD,2026-06-06 00:15:00,0.0050698966,0.005701273
CEEMDAN_LSTM,ETH-USD,2026-06-06 00:30:00,0.0051057213,0.0057004634
CEEMDAN_LSTM,ETH-USD,2026-06-06 00:45:00,0.005129599,0.005698056
CEEMDAN_LSTM,ETH-USD,2026-06-06 01:00:00,0.0051403446,0.005692394
CEEMDAN_LSTM,ETH-USD,2026-06-06 01:15:00,0.0051528346,0.005700202
CEEMDAN_LSTM,ETH-USD,2026-06-06 01:30:00,0.0051272535,0.0057067
CEEMDAN_LSTM,ETH-USD,2026-06-06 01:45:00,0.0051550553,0.0057060453
CEEMDAN_LSTM,ETH-USD,2026-06-06 02:00:00,0.0051602926,0.0057112095
CEEMDAN_LSTM,ETH-USD,2026-06-06 02:15:00,0.005182362,0.0057116826
CEEMDAN_LSTM,ETH-USD,2026-06-06 02:30:00,0.0051768925,0.0057142265
CEEMDAN_LSTM,ETH-USD,2026-06-06 02:45:00,0.0051544667,0.0057139075
CEEMDAN_LSTM,ETH-USD,2026-06-06 03:00:00,0.005156041,0.0057165055
CEEMDAN_LSTM,ETH-USD,2026-06-06 03:15:00,0.005173327,0.005717552
CEEMDAN_LSTM,ETH-USD,2026-06-06 03:30:00,0.0051762755,0.0057187844
CEEMDAN_LSTM,ETH-USD,2026-06-06 03:45:00,0.0051628114,0.0057166074
CEEMDAN_LSTM,ETH-USD,2026-06-06 04:00:00,0.005144982,0.0057803793
CEEMDAN_LSTM,ETH-USD,2026-06-06 04:15:00,0.005196019,0.0057847505
CEEMDAN_LSTM,ETH-USD,2026-06-06 04:30:00,0.005192621,0.0058029266
CEEMDAN_LSTM,ETH-USD,2026-06-06 04:45:00,0.005185298,0.0058021434
CEEMDAN_LSTM,ETH-USD,2026-06-06 05:00:00,0.005149423,0.005802935
CEEMDAN_LSTM,ETH-USD,2026-06-06 05:15:00,0.0051313876,0.0059409617
CEEMDAN_LSTM,ETH-USD,2026-06-06 05:30:00,0.005041767,0.0059599723
CEEMDAN_LSTM,ETH-USD,2026-06-06 05:45:00,0.005078151,0.005963845
CEEMDAN_LSTM,ETH-USD,2026-06-06 06:00:00,0.0051164636,0.005974845
CEEMDAN_LSTM,ETH-USD,2026-06-06 06:15:00,0.005149162,0.005973622
CEEMDAN_LSTM,ETH-USD,2026-06-06 06:30:00,0.0051885815,0.0059796334
CEEMDAN_LSTM,ETH-USD,2026-06-06 06:45:00,0.005220022,0.00597655
CEEMDAN_LSTM,ETH-USD,2026-06-06 07:00:00,0.005222634,0.0060074762
CEEMDAN_LSTM,ETH-USD,2026-06-06 07:15:00,0.00519172,0.005984386
CEEMDAN_LSTM,ETH-USD,2026-06-06 07:30:00,0.0052283485,0.0059854886
CEEMDAN_LSTM,ETH-USD,2026-06-06 07:45:00,0.005211873,0.0059827976
CEEMDAN_LSTM,ETH-USD,2026-06-06 08:00:00,0.005219113,0.005972061
CEEMDAN_LSTM,ETH-USD,2026-06-06 08:15:00,0.005208053,0.005972353
CEEMDAN_LSTM,ETH-USD,2026-06-06 08:30:00,0.005195775,0.0059672445
CEEMDAN_LSTM,ETH-USD,2026-06-06 08:45:00,0.0052090427,0.005964899
CEEMDAN_LSTM,ETH-USD,2026-06-06 09:00:00,0.005232107,0.0059645264
CEEMDAN_LSTM,ETH-USD,2026-06-06 09:15:00,0.005241203,0.0059702285
CEEMDAN_LSTM,ETH-USD,2026-06-06 09:30:00,0.0052362545,0.0059720683
CEEMDAN_LSTM,ETH-USD,2026-06-06 09:45:00,0.005274727,0.0059803617
CEEMDAN_LSTM,ETH-USD,2026-06-06 10:00:00,0.0053136665,0.006002809
CEEMDAN_LSTM,ETH-USD,2026-06-06 10:15:00,0.0053438405,0.0059914235
CEEMDAN_LSTM,ETH-USD,2026-06-06 10:30:00,0.005326265,0.0060004443
CEEMDAN_LSTM,ETH-USD,2026-06-06 10:45:00,0.005330261,0.005981461
CEEMDAN_LSTM,ETH-USD,2026-06-06 11:00:00,0.0052925465,0.0059813466
CEEMDAN_LSTM,ETH-USD,2026-06-06 11:15:00,0.0052542835,0.0059964056
CEEMDAN_LSTM,ETH-USD,2026-06-06 11:30:00,0.0052321986,0.00597338
CEEMDAN_LSTM,ETH-USD,2026-06-06 11:45:00,0.0052594272,0.0059611415
CEEMDAN_LSTM,ETH-USD,2026-06-06 12:00:00,0.005266075,0.005936321
CEEMDAN_LSTM,ETH-USD,2026-06-06 12:15:00,0.0052524623,0.0059411363
CEEMDAN_LSTM,ETH-USD,2026-06-06 12:30:00,0.005261076,0.005872508
CEEMDAN_LSTM,ETH-USD,2026-06-06 12:45:00,0.0052308096,0.005839514
CEEMDAN_LSTM,ETH-USD,2026-06-06 13:00:00,0.0051896917,0.0058305985
CEEMDAN_LSTM,ETH-USD,2026-06-06 13:15:00,0.005173244,0.00582944
CEEMDAN_LSTM,ETH-USD,2026-06-06 13:30:00,0.005164278,0.005830219
CEEMDAN_LSTM,ETH-USD,2026-06-06 13:45:00,0.0051431097,0.0058351364
CEEMDAN_LSTM,ETH-USD,2026-06-06 14:00:00,0.0051436764,0.005837539
CEEMDAN_LSTM,ETH-USD,2026-06-06 14:15:00,0.00511141,0.005837807
CEEMDAN_LSTM,ETH-USD,2026-06-06 14:30:00,0.0050977604,0.0058369595
CEEMDAN_LSTM,ETH-USD,2026-06-06 14:45:00,0.0050858185,0.0058395336
CEEMDAN_LSTM,ETH-USD,2026-06-06 15:00:00,0.0050962614,0.0058402168
CEEMDAN_LSTM,ETH-USD,2026-06-06 15:15:00,0.005098712,0.005759759
CEEMDAN_LSTM,ETH-USD,2026-06-06 15:30:00,0.005078789,0.0057516648
CEEMDAN_LSTM,ETH-USD,2026-06-06 15:45:00,0.0050380793,0.005748654
CEEMDAN_LSTM,ETH-USD,2026-06-06 16:00:00,0.0050382414,0.0057452316
CEEMDAN_LSTM,ETH-USD,2026-06-06 16:15:00,0.0050309785,0.005729634
CEEMDAN_LSTM,ETH-USD,2026-06-06 16:30:00,0.0050323717,0.005725885
CEEMDAN_LSTM,ETH-USD,2026-06-06 16:45:00,0.0050025713,0.0056743305
CEEMDAN_LSTM,ETH-USD,2026-06-06 17:00:00,0.004995122,0.0056588766
CEEMDAN_LSTM,ETH-USD,2026-06-06 17:15:00,0.0049791,0.005613272
CEEMDAN_LSTM,ETH-USD,2026-06-06 17:30:00,0.004970734,0.005606551
CEEMDAN_LSTM,ETH-USD,2026-06-06 17:45:00,0.0049552065,0.005602563
CEEMDAN_LSTM,ETH-USD,2026-06-06 18:00:00,0.004942486,0.0055174753
CEEMDAN_LSTM,ETH-USD,2026-06-06 18:15:00,0.0049320986,0.0055423183
CEEMDAN_LSTM,ETH-USD,2026-06-06 18:30:00,0.0048808744,0.0055230055
CEEMDAN_LSTM,ETH-USD,2026-06-06 18:45:00,0.0048981295,0.005522746
CEEMDAN_LSTM,ETH-USD,2026-06-06 19:00:00,0.0048852363,0.0055218977
CEEMDAN_LSTM,ETH-USD,2026-06-06 19:15:00,0.0048730173,0.0055232933
CEEMDAN_LSTM,ETH-USD,2026-06-06 19:30:00,0.0048757847,0.0055225133
CEEMDAN_LSTM,ETH-USD,2026-06-06 19:45:00,0.0048695775,0.005522472
CEEMDAN_LSTM,ETH-USD,2026-06-06 20:00:00,0.0048651607,0.0055072233
CEEMDAN_LSTM,ETH-USD,2026-06-06 20:15:00,0.0048591206,0.0055018137
CEEMDAN_LSTM,ETH-USD,2026-06-06 20:30:00,0.0048466427,0.005498867
CEEMDAN_LSTM,ETH-USD,2026-06-06 20:45:00,0.004825661,0.0054905466
CEEMDAN_LSTM,ETH-USD,2026-06-06 21:00:00,0.0048318286,0.00548676
CEEMDAN_LSTM,ETH-USD,2026-06-06 21:15:00,0.0048190053,0.0054804217
CEEMDAN_LSTM,ETH-USD,2026-06-06 21:30:00,0.0048170257,0.0054801893
CEEMDAN_LSTM,ETH-USD,2026-06-06 21:45:00,0.004814764,0.0054750317
CEEMDAN_LSTM,ETH-USD,2026-06-06 22:00:00,0.0048179673,0.005471238
CEEMDAN_LSTM,ETH-USD,2026-06-06 22:15:00,0.004815102,0.005469774
CEEMDAN_LSTM,ETH-USD,2026-06-06 22:30:00,0.0048106774,0.0054665003
CEEMDAN_LSTM,ETH-USD,2026-06-06 22:45:00,0.004794248,0.005463299
CEEMDAN_LSTM,ETH-USD,2026-06-06 23:00:00,0.0047883294,0.0054565337
CEEMDAN_LSTM,ETH-USD,2026-06-06 23:15:00,0.0047844253,0.005454628
CEEMDAN_LSTM,ETH-USD,2026-06-06 23:30:00,0.004790625,0.005464727
CEEMDAN_LSTM,ETH-USD,2026-06-06 23:45:00,0.00477051,0.005462683
CEEMDAN_LSTM,ETH-USD,2026-06-07 00:00:00,0.004773284,0.0054505044
CEEMDAN_LSTM,ETH-USD,2026-06-07 00:15:00,0.004780107,0.005434787
CEEMDAN_LSTM,ETH-USD,2026-06-07 00:30:00,0.004777107,0.005432868
CEEMDAN_LSTM,ETH-USD,2026-06-07 00:45:00,0.0047716736,0.0054089427
CEEMDAN_LSTM,ETH-USD,2026-06-07 01:00:00,0.0047608293,0.00547164
CEEMDAN_LSTM,ETH-USD,2026-06-07 01:15:00,0.0047112377,0.005484301
CEEMDAN_LSTM,ETH-USD,2026-06-07 01:30:00,0.0047329008,0.0054901782
CEEMDAN_LSTM,ETH-USD,2026-06-07 01:45:00,0.004767107,0.0054615303
CEEMDAN_LSTM,ETH-USD,2026-06-07 02:00:00,0.0047746827,0.005461499
CEEMDAN_LSTM,ETH-USD,2026-06-07 02:15:00,0.0047726827,0.0054454273
CEEMDAN_LSTM,ETH-USD,2026-06-07 02:30:00,0.004770252,0.0054418663
CEEMDAN_LSTM,ETH-USD,2026-06-07 02:45:00,0.0047510364,0.005435365
CEEMDAN_LSTM,ETH-USD,2026-06-07 03:00:00,0.004733819,0.0054341136
CEEMDAN_LSTM,ETH-USD,2026-06-07 03:15:00,0.004731375,0.0053837462
CEEMDAN_LSTM,ETH-USD,2026-06-07 03:30:00,0.0047255256,0.005376134
CEEMDAN_LSTM,ETH-USD,2026-06-07 03:45:00,0.0047169942,0.0053742127
CEEMDAN_LSTM,ETH-USD,2026-06-07 04:00:00,0.0047089057,0.0053761513
CEEMDAN_LSTM,ETH-USD,2026-06-07 04:15:00,0.004715355,0.0053654755
CEEMDAN_LSTM,ETH-USD,2026-06-07 04:30:00,0.004707908,0.0053490945
CEEMDAN_LSTM,ETH-USD,2026-06-07 04:45:00,0.0046837544,0.0053426186
CEEMDAN_LSTM,ETH-USD,2026-06-07 05:00:00,0.004681162,0.005341755
CEEMDAN_LSTM,ETH-USD,2026-06-07 05:15:00,0.004674197,0.0053397557
CEEMDAN_LSTM,ETH-USD,2026-06-07 05:30:00,0.0046751583,0.0053332467
CEEMDAN_LSTM,ETH-USD,2026-06-07 05:45:00,0.0046740677,0.0053338325
CEEMDAN_LSTM,ETH-USD,2026-06-07 06:00:00,0.004681662,0.005307269
CEEMDAN_LSTM,ETH-USD,2026-06-07 06:15:00,0.0046779783,0.005346334
CEEMDAN_LSTM,ETH-USD,2026-06-07 06:30:00,0.004639797,0.005346986
CEEMDAN_LSTM,ETH-USD,2026-06-07 06:45:00,0.0046718623,0.0053467792
CEEMDAN_LSTM,ETH-USD,2026-06-07 07:00:00,0.0046774275,0.0053449967
CEEMDAN_LSTM,ETH-USD,2026-06-07 07:15:00,0.0046835807,0.005346366
CEEMDAN_LSTM,ETH-USD,2026-06-07 07:30:00,0.004675641,0.005337948
CEEMDAN_LSTM,ETH-USD,2026-06-07 07:45:00,0.004675988,0.005336271
CEEMDAN_LSTM,ETH-USD,2026-06-07 08:00:00,0.004665318,0.005336308
CEEMDAN_LSTM,ETH-USD,2026-06-07 08:15:00,0.0046682395,0.0053346683
CEEMDAN_LSTM,ETH-USD,2026-06-07 08:30:00,0.004658823,0.0053326082
CEEMDAN_LSTM,ETH-USD,2026-06-07 08:45:00,0.004656175,0.005374746
CEEMDAN_LSTM,ETH-USD,2026-06-07 09:00:00,0.004628835,0.005369806
CEEMDAN_LSTM,ETH-USD,2026-06-07 09:15:00,0.0046590962,0.005327981
CEEMDAN_LSTM,ETH-USD,2026-06-07 09:30:00,0.0046725348,0.005334077
CEEMDAN_LSTM,ETH-USD,2026-06-07 09:45:00,0.004677456,0.0053336374
CEEMDAN_LSTM,ETH-USD,2026-06-07 10:00:00,0.0046644947,0.0053355196
CEEMDAN_LSTM,ETH-USD,2026-06-07 10:15:00,0.0046636295,0.005332079
CEEMDAN_LSTM,ETH-USD,2026-06-07 10:30:00,0.0046456447,0.005329204
CEEMDAN_LSTM,ETH-USD,2026-06-07 10:45:00,0.0046487963,0.00533132
CEEMDAN_LSTM,ETH-USD,2026-06-07 11:00:00,0.004644778,0.0053300047
CEEMDAN_LSTM,ETH-USD,2026-06-07 11:15:00,0.004635933,0.0053304103
CEEMDAN_LSTM,ETH-USD,2026-06-07 11:30:00,0.004633014,0.0053319084
CEEMDAN_LSTM,ETH-USD,2026-06-07 11:45:00,0.004630879,0.0053315572
CEEMDAN_LSTM,ETH-USD,2026-06-07 12:00:00,0.0046419594,0.0053719464
CEEMDAN_LSTM,ETH-USD,2026-06-07 12:15:00,0.0046650856,0.005365916
CEEMDAN_LSTM,ETH-USD,2026-06-07 12:30:00,0.004654998,0.005369887
CEEMDAN_LSTM,ETH-USD,2026-06-07 12:45:00,0.0046423227,0.005368593
CEEMDAN_LSTM,ETH-USD,2026-06-07 13:00:00,0.0046356227,0.0053668455
CEEMDAN_LSTM,ETH-USD,2026-06-07 13:15:00,0.0046385773,0.0053654667
CEEMDAN_LSTM,ETH-USD,2026-06-07 13:30:00,0.0046396516,0.005366488
CEEMDAN_LSTM,ETH-USD,2026-06-07 13:45:00,0.0046492205,0.0053562443
CEEMDAN_LSTM,ETH-USD,2026-06-07 14:00:00,0.0046495055,0.0053561083
CEEMDAN_LSTM,ETH-USD,2026-06-07 14:15:00,0.004645201,0.0053694113
CEEMDAN_LSTM,ETH-USD,2026-06-07 14:30:00,0.004627433,0.005361172
CEEMDAN_LSTM,ETH-USD,2026-06-07 14:45:00,0.0046521416,0.0053616352
CEEMDAN_LSTM,ETH-USD,2026-06-07 15:00:00,0.0046475753,0.0053571723
CEEMDAN_LSTM,ETH-USD,2026-06-07 15:15:00,0.004650756,0.005351503
CEEMDAN_LSTM,ETH-USD,2026-06-07 15:30:00,0.004638598,0.005350499
CEEMDAN_LSTM,ETH-USD,2026-06-07 15:45:00,0.004640424,0.005343155
CEEMDAN_LSTM,ETH-USD,2026-06-07 16:00:00,0.004643686,0.0053421897
CEEMDAN_LSTM,ETH-USD,2026-06-07 16:15:00,0.0046369266,0.005342317
CEEMDAN_LSTM,ETH-USD,2026-06-07 16:30:00,0.0046344153,0.0053417166
CEEMDAN_LSTM,ETH-USD,2026-06-07 16:45:00,0.004625803,0.005340203
CEEMDAN_LSTM,ETH-USD,2026-06-07 17:00:00,0.004624618,0.0053435187
CEEMDAN_LSTM,ETH-USD,2026-06-07 17:15:00,0.004608917,0.0053321905
CEEMDAN_LSTM,ETH-USD,2026-06-07 17:30:00,0.004613579,0.0053323694
CEEMDAN_LSTM,ETH-USD,2026-06-07 17:45:00,0.004612884,0.0053297174
CEEMDAN_LSTM,ETH-USD,2026-06-07 18:00:00,0.004613295,0.005327264
CEEMDAN_LSTM,ETH-USD,2026-06-07 18:15:00,0.0046006716,0.005322347
CEEMDAN_LSTM,ETH-USD,2026-06-07 18:30:00,0.004599876,0.0053223046
CEEMDAN_LSTM,ETH-USD,2026-06-07 18:45:00,0.0045919237,0.0053239735
CEEMDAN_LSTM,ETH-USD,2026-06-07 19:00:00,0.004598542,0.0053470493
CEEMDAN_LSTM,ETH-USD,2026-06-07 19:15:00,0.0046129,0.005339832
CEEMDAN_LSTM,ETH-USD,2026-06-07 19:30:00,0.0046093883,0.00533695
CEEMDAN_LSTM,ETH-USD,2026-06-07 19:45:00,0.004598627,0.005314799
CEEMDAN_LSTM,ETH-USD,2026-06-07 20:00:00,0.004577267,0.0053086914
CEEMDAN_LSTM,ETH-USD,2026-06-07 20:15:00,0.0045589404,0.005310336
CEEMDAN_LSTM,ETH-USD,2026-06-07 20:30:00,0.004556608,0.0051492397
CEEMDAN_LSTM,ETH-USD,2026-06-07 20:45:00,0.004566903,0.0051212814
CEEMDAN_LSTM,ETH-USD,2026-06-07 21:00:00,0.004535766,0.0050991406
CEEMDAN_LSTM,ETH-USD,2026-06-07 21:15:00,0.0045229495,0.0049934643
CEEMDAN_LSTM,ETH-USD,2026-06-07 21:30:00,0.004514005,0.004930802
CEEMDAN_LSTM,ETH-USD,2026-06-07 21:45:00,0.0044822055,0.004932099
CEEMDAN_LSTM,ETH-USD,2026-06-07 22:00:00,0.0044401637,0.0053736777
CEEMDAN_LSTM,ETH-USD,2026-06-07 22:15:00,0.0043645864,0.0053722467
CEEMDAN_LSTM,ETH-USD,2026-06-07 22:30:00,0.004545585,0.00534037
CEEMDAN_LSTM,ETH-USD,2026-06-07 22:45:00,0.0045573097,0.005347522
CEEMDAN_LSTM,ETH-USD,2026-06-07 23:00:00,0.0045839353,0.005343269
CEEMDAN_LSTM,ETH-USD,2026-06-07 23:15:00,0.004556582,0.005345218
CEEMDAN_LSTM,ETH-USD,2026-06-07 23:30:00,0.0045544077,0.00534111
CEEMDAN_LSTM,ETH-USD,2026-06-07 23:45:00,0.0045555485,0.00534427
CEEMDAN_LSTM,ETH-USD,2026-06-08 00:00:00,0.0045485618,0.0052848784
CEEMDAN_LSTM,ETH-USD,2026-06-08 00:15:00,0.0045600943,0.005303579
CEEMDAN_LSTM,ETH-USD,2026-06-08 00:30:00,0.0045290827,0.005300519
CEEMDAN_LSTM,ETH-USD,2026-06-08 00:45:00,0.004535394,0.005301394
CEEMDAN_LSTM,ETH-USD,2026-06-08 01:00:00,0.0045417473,0.0053241747
CEEMDAN_LSTM,ETH-USD,2026-06-08 01:15:00,0.0045539564,0.0053346255
CEEMDAN_LSTM,ETH-USD,2026-06-08 01:30:00,0.004552957,0.005341684
CEEMDAN_LSTM,ETH-USD,2026-06-08 01:45:00,0.004534866,0.005342946
CEEMDAN_LSTM,ETH-USD,2026-06-08 02:00:00,0.0045375824,0.0053373096
CEEMDAN_LSTM,ETH-USD,2026-06-08 02:15:00,0.0045441044,0.0053299563
CEEMDAN_LSTM,ETH-USD,2026-06-08 02:30:00,0.004543406,0.005317326
CEEMDAN_LSTM,ETH-USD,2026-06-08 02:45:00,0.0045402604,0.0053142263
CEEMDAN_LSTM,ETH-USD,2026-06-08 03:00:00,0.0045326757,0.005314632
CEEMDAN_LSTM,ETH-USD,2026-06-08 03:15:00,0.0045260265,0.00532048
CEEMDAN_LSTM,ETH-USD,2026-06-08 03:30:00,0.004535274,0.0053156437
CEEMDAN_LSTM,ETH-USD,2026-06-08 03:45:00,0.0045298766,0.0053158095
CEEMDAN_LSTM,ETH-USD,2026-06-08 04:00:00,0.0045208107,0.005319596
CEEMDAN_LSTM,ETH-USD,2026-06-08 04:15:00,0.0045298487,0.005320289
CEEMDAN_LSTM,ETH-USD,2026-06-08 04:30:00,0.0045180228,0.005316407
CEEMDAN_LSTM,ETH-USD,2026-06-08 04:45:00,0.0045211683,0.0050958833
CEEMDAN_LSTM,ETH-USD,2026-06-08 05:00:00,0.0045033908,0.0051066703
CEEMDAN_LSTM,ETH-USD,2026-06-08 05:15:00,0.0044633066,0.0050939955
CEEMDAN_LSTM,ETH-USD,2026-06-08 05:30:00,0.0044301073,0.0051019182
CEEMDAN_LSTM,ETH-USD,2026-06-08 05:45:00,0.004437088,0.005096867
CEEMDAN_LSTM,ETH-USD,2026-06-08 06:00:00,0.004417669,0.005057752
CEEMDAN_LSTM,ETH-USD,2026-06-08 06:15:00,0.0044081677,0.0050370423
CEEMDAN_LSTM,ETH-USD,2026-06-08 06:30:00,0.0044008153,0.005021189
CEEMDAN_LSTM,ETH-USD,2026-06-08 06:45:00,0.0043995804,0.005020751
CEEMDAN_LSTM,ETH-USD,2026-06-08 07:00:00,0.004392204,0.005019658
CEEMDAN_LSTM,ETH-USD,2026-06-08 07:15:00,0.0043880367,0.0050165355
CEEMDAN_LSTM,ETH-USD,2026-06-08 07:30:00,0.0043815942,0.0049977484
CEEMDAN_LSTM,ETH-USD,2026-06-08 07:45:00,0.004384883,0.0048990557
CEEMDAN_LSTM,ETH-USD,2026-06-08 08:00:00,0.0043767914,0.004888911
CEEMDAN_LSTM,ETH-USD,2026-06-08 08:15:00,0.004358372,0.0048719
CEEMDAN_LSTM,ETH-USD,2026-06-08 08:30:00,0.00434524,0.0048711495
CEEMDAN_LSTM,ETH-USD,2026-06-08 08:45:00,0.0043368344,0.0048739654
CEEMDAN_LSTM,ETH-USD,2026-06-08 09:00:00,0.004334022,0.004870401
CEEMDAN_LSTM,ETH-USD,2026-06-08 09:15:00,0.0043220837,0.004775699
CEEMDAN_LSTM,ETH-USD,2026-06-08 09:30:00,0.004324668,0.0047753863
CEEMDAN_LSTM,ETH-USD,2026-06-08 09:45:00,0.004297556,0.0047598826
CEEMDAN_LSTM,ETH-USD,2026-06-08 10:00:00,0.004281641,0.0047598993
CEEMDAN_LSTM,ETH-USD,2026-06-08 10:15:00,0.0042845323,0.0047506625
CEEMDAN_LSTM,ETH-USD,2026-06-08 10:30:00,0.004288128,0.00474342
CEEMDAN_LSTM,ETH-USD,2026-06-08 10:45:00,0.004275268,0.0046724756
CEEMDAN_LSTM,ETH-USD,2026-06-08 11:00:00,0.004273744,0.0046685124
CEEMDAN_LSTM,ETH-USD,2026-06-08 11:15:00,0.004245924,0.004654787
CEEMDAN_LSTM,ETH-USD,2026-06-08 11:30:00,0.004238225,0.0046521686
CEEMDAN_LSTM,ETH-USD,2026-06-08 11:45:00,0.0042437315,0.004652517
CEEMDAN_LSTM,ETH-USD,2026-06-08 12:00:00,0.004249613,0.0046785916
CEEMDAN_LSTM,ETH-USD,2026-06-08 12:15:00,0.0042629014,0.004697552
CEEMDAN_LSTM,ETH-USD,2026-06-08 12:30:00,0.004237276,0.0047203675
CEEMDAN_LSTM,ETH-USD,2026-06-08 12:45:00,0.0042340555,0.004718209
CEEMDAN_LSTM,ETH-USD,2026-06-08 13:00:00,0.0042499625,0.004676297
CEEMDAN_LSTM,ETH-USD,2026-06-08 13:15:00,0.0042596073,0.0046780445
CEEMDAN_LSTM,ETH-USD,2026-06-08 13:30:00,0.0042558215,0.004684006
CEEMDAN_LSTM,ETH-USD,2026-06-08 13:45:00,0.004260983,0.0046832073
CEEMDAN_LSTM,ETH-USD,2026-06-08 14:00:00,0.004253238,0.0046830205
CEEMDAN_LSTM,ETH-USD,2026-06-08 14:15:00,0.0042439383,0.0046265093
CEEMDAN_LSTM,ETH-USD,2026-06-08 14:30:00,0.0042496566,0.0046262485
CEEMDAN_LSTM,ETH-USD,2026-06-08 14:45:00,0.004228704,0.004609902
CEEMDAN_LSTM,ETH-USD,2026-06-08 15:00:00,0.004220479,0.0045962194
CEEMDAN_LSTM,ETH-USD,2026-06-08 15:15:00,0.0042023486,0.004605048
CEEMDAN_LSTM,ETH-USD,2026-06-08 15:30:00,0.0042182095,0.004604511
CEEMDAN_LSTM,ETH-USD,2026-06-08 15:45:00,0.0042160633,0.004605578
CEEMDAN_LSTM,ETH-USD,2026-06-08 16:00:00,0.00421649,0.004597409
CEEMDAN_LSTM,ETH-USD,2026-06-08 16:15:00,0.0042086393,0.004591576
CEEMDAN_LSTM,ETH-USD,2026-06-08 16:30:00,0.0042038597,0.0045846
CEEMDAN_LSTM,ETH-USD,2026-06-08 16:45:00,0.004208404,0.0045991363
CEEMDAN_LSTM,ETH-USD,2026-06-08 17:00:00,0.0042095673,0.0045893313
CEEMDAN_LSTM,ETH-USD,2026-06-08 17:15:00,0.0042063687,0.004595705
CEEMDAN_LSTM,ETH-USD,2026-06-08 17:30:00,0.004188755,0.004599137
CEEMDAN_LSTM,ETH-USD,2026-06-08 17:45:00,0.004202045,0.004603811
CEEMDAN_LSTM,ETH-USD,2026-06-08 18:00:00,0.0041889623,0.004597302
CEEMDAN_LSTM,ETH-USD,2026-06-08 18:15:00,0.0041920636,0.0045940685
CEEMDAN_LSTM,ETH-USD,2026-06-08 18:30:00,0.004190898,0.004594553
CEEMDAN_LSTM,ETH-USD,2026-06-08 18:45:00,0.004196,0.0045946357
CEEMDAN_LSTM,ETH-USD,2026-06-08 19:00:00,0.004187851,0.004500799
CEEMDAN_LSTM,ETH-USD,2026-06-08 19:15:00,0.004186215,0.004489098
CEEMDAN_LSTM,ETH-USD,2026-06-08 19:30:00,0.0041549364,0.0044567
CEEMDAN_LSTM,ETH-USD,2026-06-08 19:45:00,0.00414327,0.004462337
CEEMDAN_LSTM,ETH-USD,2026-06-08 20:00:00,0.0041405205,0.004459823
CEEMDAN_LSTM,ETH-USD,2026-06-08 20:15:00,0.0041363216,0.0042927223
CEEMDAN_LSTM,ETH-USD,2026-06-08 20:30:00,0.0041358527,0.004281005
CEEMDAN_LSTM,ETH-USD,2026-06-08 20:45:00,0.0040740403,0.0042747688
CEEMDAN_LSTM,ETH-USD,2026-06-08 21:00:00,0.0040582484,0.0043183016
CEEMDAN_LSTM,ETH-USD,2026-06-08 21:15:00,0.0040288907,0.004317462
CEEMDAN_LSTM,ETH-USD,2026-06-08 21:30:00,0.004054468,0.00429767
CEEMDAN_LSTM,ETH-USD,2026-06-08 21:45:00,0.004056755,0.004312646
CEEMDAN_LSTM,ETH-USD,2026-06-08 22:00:00,0.00407086,0.0043052537
CEEMDAN_LSTM,ETH-USD,2026-06-08 22:15:00,0.0040816,0.0042975247
CEEMDAN_LSTM,ETH-USD,2026-06-08 22:30:00,0.004062203,0.004285699
CEEMDAN_LSTM,ETH-USD,2026-06-08 22:45:00,0.0040543894,0.004290455
CEEMDAN_LSTM,ETH-USD,2026-06-08 23:00:00,0.004042216,0.004301692
CEEMDAN_LSTM,ETH-USD,2026-06-08 23:15:00,0.004037449,0.004328118
CEEMDAN_LSTM,ETH-USD,2026-06-08 23:30:00,0.0040687337,0.0043282555
CEEMDAN_LSTM,ETH-USD,2026-06-08 23:45:00,0.0040677227,0.0043303887
CEEMDAN_LSTM,ETH-USD,2026-06-09 00:00:00,0.0040722974,0.004334475
CEEMDAN_LSTM,ETH-USD,2026-06-09 00:15:00,0.004072832,0.004347659
CEEMDAN_LSTM,ETH-USD,2026-06-09 00:30:00,0.004079905,0.0043391604
CEEMDAN_LSTM,ETH-USD,2026-06-09 00:45:00,0.004074947,0.004334087
CEEMDAN_LSTM,ETH-USD,2026-06-09 01:00:00,0.004074662,0.0042941
CEEMDAN_LSTM,ETH-USD,2026-06-09 01:15:00,0.0040606344,0.004297297
CEEMDAN_LSTM,ETH-USD,2026-06-09 01:30:00,0.0040396354,0.004275971
CEEMDAN_LSTM,ETH-USD,2026-06-09 01:45:00,0.004041345,0.0042739348
CEEMDAN_LSTM,ETH-USD,2026-06-09 02:00:00,0.004035713,0.0042676106
CEEMDAN_LSTM,ETH-USD,2026-06-09 02:15:00,0.0040337634,0.004252586
CEEMDAN_LSTM,ETH-USD,2026-06-09 02:30:00,0.00403073,0.004251912
CEEMDAN_LSTM,ETH-USD,2026-06-09 02:45:00,0.0040252726,0.004256456
CEEMDAN_LSTM,ETH-USD,2026-06-09 03:00:00,0.0040097786,0.004252696
CEEMDAN_LSTM,ETH-USD,2026-06-09 03:15:00,0.0040098294,0.004237446
CEEMDAN_LSTM,ETH-USD,2026-06-09 03:30:00,0.0040093097,0.00422927
CEEMDAN_LSTM,ETH-USD,2026-06-09 03:45:00,0.0040044645,0.0042153625
CEEMDAN_LSTM,ETH-USD,2026-06-09 04:00:00,0.0039997036,0.004213278
CEEMDAN_LSTM,ETH-USD,2026-06-09 04:15:00,0.0039930292,0.00420848
CEEMDAN_LSTM,ETH-USD,2026-06-09 04:30:00,0.003995014,0.004268956
CEEMDAN_LSTM,ETH-USD,2026-06-09 04:45:00,0.003965526,0.004258258
CEEMDAN_LSTM,ETH-USD,2026-06-09 05:00:00,0.003993169,0.004255354
CEEMDAN_LSTM,ETH-USD,2026-06-09 05:15:00,0.0040004184,0.004255355
CEEMDAN_LSTM,ETH-USD,2026-06-09 05:30:00,0.004003397,0.004255676
CEEMDAN_LSTM,ETH-USD,2026-06-09 05:45:00,0.004002013,0.0042498116
CEEMDAN_LSTM,ETH-USD,2026-06-09 06:00:00,0.0040064775,0.0042418563
CEEMDAN_LSTM,ETH-USD,2026-06-09 06:15:00,0.004001579,0.0042408425
CEEMDAN_LSTM,ETH-USD,2026-06-09 06:30:00,0.0039951014,0.0042324816
CEEMDAN_LSTM,ETH-USD,2026-06-09 06:45:00,0.003999224,0.0042314287
CEEMDAN_LSTM,ETH-USD,2026-06-09 07:00:00,0.0039974614,0.004231434
CEEMDAN_LSTM,ETH-USD,2026-06-09 07:15:00,0.0039936854,0.0042464216
CEEMDAN_LSTM,ETH-USD,2026-06-09 07:30:00,0.004004547,0.0042437003
CEEMDAN_LSTM,ETH-USD,2026-06-09 07:45:00,0.003993914,0.004243908
CEEMDAN_LSTM,ETH-USD,2026-06-09 08:00:00,0.003994569,0.004247502
CEEMDAN_LSTM,ETH-USD,2026-06-09 08:15:00,0.0039990814,0.0042457883
CEEMDAN_LSTM,ETH-USD,2026-06-09 08:30:00,0.003996492,0.0042428505
CEEMDAN_LSTM,ETH-USD,2026-06-09 08:45:00,0.0039924337,0.0042422963
CEEMDAN_LSTM,ETH-USD,2026-06-09 09:00:00,0.003994161,0.0042415885
CEEMDAN_LSTM,ETH-USD,2026-06-09 09:15:00,0.003989108,0.0042156866
CEEMDAN_LSTM,ETH-USD,2026-06-09 09:30:00,0.0039912746,0.0042126095
CEEMDAN_LSTM,ETH-USD,2026-06-09 09:45:00,0.0039882846,0.0042123934
CEEMDAN_LSTM,ETH-USD,2026-06-09 10:00:00,0.0039776643,0.0042111017
CEEMDAN_LSTM,ETH-USD,2026-06-09 10:15:00,0.0039716135,0.004206783
CEEMDAN_LSTM,ETH-USD,2026-06-09 10:30:00,0.0039706333,0.0042071207
CEEMDAN_LSTM,ETH-USD,2026-06-09 10:45:00,0.003970679,0.004208198
CEEMDAN_LSTM,ETH-USD,2026-06-09 11:00:00,0.003965207,0.0042163394
CEEMDAN_LSTM,ETH-USD,2026-06-09 11:15:00,0.0039741537,0.004216102
CEEMDAN_LSTM,ETH-USD,2026-06-09 11:30:00,0.0039717304,0.004208664
CEEMDAN_LSTM,ETH-USD,2026-06-09 11:45:00,0.0039673843,0.004207572
CEEMDAN_LSTM,ETH-USD,2026-06-09 12:00:00,0.003964062,0.0042201043
CEEMDAN_LSTM,ETH-USD,2026-06-09 12:15:00,0.003952626,0.00422433
CEEMDAN_LSTM,ETH-USD,2026-06-09 12:30:00,0.0039679105,0.0042264992
CEEMDAN_LSTM,ETH-USD,2026-06-09 12:45:00,0.0039740736,0.004225105
CEEMDAN_LSTM,ETH-USD,2026-06-09 13:00:00,0.003969762,0.004223984
CEEMDAN_LSTM,ETH-USD,2026-06-09 13:15:00,0.0039705853,0.004227987
CEEMDAN_LSTM,ETH-USD,2026-06-09 13:30:00,0.0039739204,0.004226374
CEEMDAN_LSTM,ETH-USD,2026-06-09 13:45:00,0.003967944,0.004234454
CEEMDAN_LSTM,ETH-USD,2026-06-09 14:00:00,0.0039756373,0.0042499774
CEEMDAN_LSTM,ETH-USD,2026-06-09 14:15:00,0.00398427,0.0043099336
CEEMDAN_LSTM,ETH-USD,2026-06-09 14:30:00,0.004000859,0.0043002847
CEEMDAN_LSTM,ETH-USD,2026-06-09 14:45:00,0.004000626,0.0043120733
CEEMDAN_LSTM,ETH-USD,2026-06-09 15:00:00,0.003982982,0.0043145423
CEEMDAN_LSTM,ETH-USD,2026-06-09 15:15:00,0.0039823363,0.0043383064
CEEMDAN_LSTM,ETH-USD,2026-06-09 15:30:00,0.0040023224,0.0043381955
CEEMDAN_LSTM,ETH-USD,2026-06-09 15:45:00,0.004001162,0.004342489
CEEMDAN_LSTM,ETH-USD,2026-06-09 16:00:00,0.004006117,0.0042669587
CEEMDAN_LSTM,ETH-USD,2026-06-09 16:15:00,0.004011144,0.0042534503
CEEMDAN_LSTM,ETH-USD,2026-06-09 16:30:00,0.003980863,0.0042444575
CEEMDAN_LSTM,ETH-USD,2026-06-09 16:45:00,0.003969555,0.0042466396
CEEMDAN_LSTM,ETH-USD,2026-06-09 17:00:00,0.0039570285,0.0042599966
CEEMDAN_LSTM,ETH-USD,2026-06-09 17:15:00,0.003946105,0.0042576813
CEEMDAN_LSTM,ETH-USD,2026-06-09 17:30:00,0.003951205,0.0042576687
CEEMDAN_LSTM,ETH-USD,2026-06-09 17:45:00,0.0039566723,0.004251329
CEEMDAN_LSTM,ETH-USD,2026-06-09 18:00:00,0.0039581005,0.0042523714
CEEMDAN_LSTM,ETH-USD,2026-06-09 18:15:00,0.0039521786,0.0042528035
CEEMDAN_LSTM,ETH-USD,2026-06-09 18:30:00,0.0039489157,0.004253237
CEEMDAN_LSTM,ETH-USD,2026-06-09 18:45:00,0.0039517344,0.0042581097
CEEMDAN_LSTM,ETH-USD,2026-06-09 19:00:00,0.003943912,0.0042534494
CEEMDAN_LSTM,ETH-USD,2026-06-09 19:15:00,0.003950609,0.004253053
CEEMDAN_LSTM,ETH-USD,2026-06-09 19:30:00,0.0039464617,0.00423873
CEEMDAN_LSTM,ETH-USD,2026-06-09 19:45:00,0.0039446037,0.0042429813
CEEMDAN_LSTM,ETH-USD,2026-06-09 20:00:00,0.003934791,0.0042438265
CEEMDAN_LSTM,ETH-USD,2026-06-09 20:15:00,0.0039336844,0.0042442526
CEEMDAN_LSTM,ETH-USD,2026-06-09 20:30:00,0.0039414056,0.0042417194
CEEMDAN_LSTM,ETH-USD,2026-06-09 20:45:00,0.0039379,0.0042384854
CEEMDAN_LSTM,ETH-USD,2026-06-09 21:00:00,0.003936395,0.004236013
CEEMDAN_LSTM,ETH-USD,2026-06-09 21:15:00,0.0039363587,0.004191053
CEEMDAN_LSTM,ETH-USD,2026-06-09 21:30:00,0.003943865,0.0041879755
CEEMDAN_LSTM,ETH-USD,2026-06-09 21:45:00,0.0039249575,0.0041873585
CEEMDAN_LSTM,ETH-USD,2026-06-09 22:00:00,0.003916617,0.004187831
CEEMDAN_LSTM,ETH-USD,2026-06-09 22:15:00,0.0039103427,0.00418929
CEEMDAN_LSTM,ETH-USD,2026-06-09 22:30:00,0.003915047,0.0041899583
CEEMDAN_LSTM,ETH-USD,2026-06-09 22:45:00,0.00391677,0.0041949837
CEEMDAN_LSTM,ETH-USD,2026-06-09 23:00:00,0.0039208643,0.004194545
CEEMDAN_LSTM,ETH-USD,2026-06-09 23:15:00,0.0039185113,0.0041926354
CEEMDAN_LSTM,ETH-USD,2026-06-09 23:30:00,0.0039193598,0.004191262
CEEMDAN_LSTM,ETH-USD,2026-06-09 23:45:00,0.0039122542,0.0041249166
CEEMDAN_LSTM,ETH-USD,2026-06-10 00:00:00,0.003907944,0.004125878
CEEMDAN_LSTM,ETH-USD,2026-06-10 00:15:00,0.003887605,0.0041257744
CEEMDAN_LSTM,ETH-USD,2026-06-10 00:30:00,0.003885104,0.004136801
CEEMDAN_LSTM,ETH-USD,2026-06-10 00:45:00,0.0038979182,0.004169189
CEEMDAN_LSTM,ETH-USD,2026-06-10 01:00:00,0.0038791243,0.0041669724
CEEMDAN_LSTM,ETH-USD,2026-06-10 01:15:00,0.0038961538,0.0041631027
CEEMDAN_LSTM,ETH-USD,2026-06-10 01:30:00,0.0039033089,0.0041694846
CEEMDAN_LSTM,ETH-USD,2026-06-10 01:45:00,0.003910086,0.004168049
CEEMDAN_LSTM,ETH-USD,2026-06-10 02:00:00,0.0039019368,0.004171758
CEEMDAN_LSTM,ETH-USD,2026-06-10 02:15:00,0.003906329,0.0041726027
CEEMDAN_LSTM,ETH-USD,2026-06-10 02:30:00,0.0039097643,0.004175641
CEEMDAN_LSTM,ETH-USD,2026-06-10 02:45:00,0.0039140685,0.0041750614
CEEMDAN_LSTM,ETH-USD,2026-06-10 03:00:00,0.0039123646,0.004119144
CEEMDAN_LSTM,ETH-USD,2026-06-10 03:15:00,0.003904296,0.0041298275
CEEMDAN_LSTM,ETH-USD,2026-06-10 03:30:00,0.0038812882,0.0041309013
CEEMDAN_LSTM,ETH-USD,2026-06-10 03:45:00,0.0038924895,0.0041275085
CEEMDAN_LSTM,ETH-USD,2026-06-10 04:00:00,0.003893221,0.004127565
CEEMDAN_LSTM,ETH-USD,2026-06-10 04:15:00,0.0038910832,0.0041274414
CEEMDAN_LSTM,ETH-USD,2026-06-10 04:30:00,0.003889754,0.0041324105
CEEMDAN_LSTM,ETH-USD,2026-06-10 04:45:00,0.003896529,0.004132842
CEEMDAN_LSTM,ETH-USD,2026-06-10 05:00:00,0.0038919575,0.0041352883
CEEMDAN_LSTM,ETH-USD,2026-06-10 05:15:00,0.0038949575,0.0041107438
CEEMDAN_LSTM,ETH-USD,2026-06-10 05:30:00,0.0038893179,0.004107221
CEEMDAN_LSTM,ETH-USD,2026-06-10 05:45:00,0.0038845495,0.0041080206
CEEMDAN_LSTM,ETH-USD,2026-06-10 06:00:00,0.0038786503,0.0041078446
CEEMDAN_LSTM,ETH-USD,2026-06-10 06:15:00,0.0038791606,0.004103669
CEEMDAN_LSTM,ETH-USD,2026-06-10 06:30:00,0.003879825,0.0041051335
CEEMDAN_LSTM,ETH-USD,2026-06-10 06:45:00,0.0038752682,0.0041037304
CEEMDAN_LSTM,ETH-USD,2026-06-10 07:00:00,0.003876328,0.004104285
CEEMDAN_LSTM,ETH-USD,2026-06-10 07:15:00,0.003875524,0.004105136
CEEMDAN_LSTM,ETH-USD,2026-06-10 07:30:00,0.0038736819,0.0041080946
CEEMDAN_LSTM,ETH-USD,2026-06-10 07:45:00,0.0038709268,0.0041079647
CEEMDAN_LSTM,ETH-USD,2026-06-10 08:00:00,0.0038756102,0.0041017504
CEEMDAN_LSTM,ETH-USD,2026-06-10 08:15:00,0.003879862,0.004103381
CEEMDAN_LSTM,ETH-USD,2026-06-10 08:30:00,0.0038799273,0.004128049
CEEMDAN_LSTM,ETH-USD,2026-06-10 08:45:00,0.0038890226,0.0041269576
CEEMDAN_LSTM,ETH-USD,2026-06-10 09:00:00,0.0038878263,0.004135058
CEEMDAN_LSTM,ETH-USD,2026-06-10 09:15:00,0.0038917707,0.0041401847
CEEMDAN_LSTM,ETH-USD,2026-06-10 09:30:00,0.0038810044,0.0041408734
CEEMDAN_LSTM,ETH-USD,2026-06-10 09:45:00,0.0038793168,0.0041392227
CEEMDAN_LSTM,ETH-USD,2026-06-10 10:00:00,0.0038792586,0.0041080057
CEEMDAN_LSTM,ETH-USD,2026-06-10 10:15:00,0.0038847283,0.004103474
CEEMDAN_LSTM,ETH-USD,2026-06-10 10:30:00,0.0038697037,0.0041021504
CEEMDAN_LSTM,ETH-USD,2026-06-10 10:45:00,0.0038634306,0.0040971176
CEEMDAN_LSTM,ETH-USD,2026-06-10 11:00:00,0.0038602995,0.0040941695
CEEMDAN_LSTM,ETH-USD,2026-06-10 11:15:00,0.0038668206,0.0040949597
CEEMDAN_LSTM,ETH-USD,2026-06-10 11:30:00,0.003866254,0.004096464
CEEMDAN_LSTM,ETH-USD,2026-06-10 11:45:00,0.0038567295,0.0040945234
CEEMDAN_LSTM,ETH-USD,2026-06-10 12:00:00,0.0038559549,0.004095046
CEEMDAN_LSTM,ETH-USD,2026-06-10 12:15:00,0.003853571,0.0040944517
CEEMDAN_LSTM,ETH-USD,2026-06-10 12:30:00,0.0038536608,0.004129661
CEEMDAN_LSTM,ETH-USD,2026-06-10 12:45:00,0.003840468,0.0041189487
CEEMDAN_LSTM,ETH-USD,2026-06-10 13:00:00,0.0038646702,0.003445589
CEEMDAN_LSTM,ETH-USD,2026-06-10 13:15:00,0.0038707075,0.003371625
CEEMDAN_LSTM,ETH-USD,2026-06-10 13:30:00,0.0036441912,0.0035449548
CEEMDAN_LSTM,ETH-USD,2026-06-10 13:45:00,0.0034858836,0.0035716933
CEEMDAN_LSTM,ETH-USD,2026-06-10 14:00:00,0.0035466852,0.0035630886
CEEMDAN_LSTM,ETH-USD,2026-06-10 14:15:00,0.003594882,0.0035578485
CEEMDAN_LSTM,ETH-USD,2026-06-10 14:30:00,0.0035909505,0.003560182
CEEMDAN_LSTM,ETH-USD,2026-06-10 14:45:00,0.0035854743,0.0035551118
CEEMDAN_LSTM,ETH-USD,2026-06-10 15:00:00,0.0035807968,0.0035623081
CEEMDAN_LSTM,ETH-USD,2026-06-10 15:15:00,0.0035908525,0.0035527085
CEEMDAN_LSTM,ETH-USD,2026-06-10 15:30:00,0.0035852117,0.0035559228
CEEMDAN_LSTM,ETH-USD,2026-06-10 15:45:00,0.0035750393,0.0035545263
CEEMDAN_LSTM,ETH-USD,2026-06-10 16:00:00,0.0035779914,0.0035264571
CEEMDAN_LSTM,ETH-USD,2026-06-10 16:15:00,0.0035932648,0.003511494
CEEMDAN_LSTM,ETH-USD,2026-06-10 16:30:00,0.003585308,0.0035019252
CEEMDAN_LSTM,ETH-USD,2026-06-10 16:45:00,0.0035728565,0.003499187
CEEMDAN_LSTM,ETH-USD,2026-06-10 17:00:00,0.0035642155,0.003499515
CEEMDAN_LSTM,ETH-USD,2026-06-10 17:15:00,0.0035605833,0.003525395
CEEMDAN_LSTM,ETH-USD,2026-06-10 17:30:00,0.0035698612,0.0035284243
CEEMDAN_LSTM,ETH-USD,2026-06-10 17:45:00,0.0035799018,0.0035427979
CEEMDAN_LSTM,ETH-USD,2026-06-10 18:00:00,0.0035681408,0.0035406211
CEEMDAN_LSTM,ETH-USD,2026-06-10 18:15:00,0.0035715355,0.0035371706
CEEMDAN_LSTM,ETH-USD,2026-06-10 18:30:00,0.0035702165,0.0035568052
CEEMDAN_LSTM,ETH-USD,2026-06-10 18:45:00,0.0035806485,0.0035614788
CEEMDAN_LSTM,ETH-USD,2026-06-10 19:00:00,0.0035804918,0.0035419683
CEEMDAN_LSTM,ETH-USD,2026-06-10 19:15:00,0.0035827574,0.0035409878
CEEMDAN_LSTM,ETH-USD,2026-06-10 19:30:00,0.003574553,0.0035290606
CEEMDAN_LSTM,ETH-USD,2026-06-10 19:45:00,0.003565369,0.0035298099
CEEMDAN_LSTM,ETH-USD,2026-06-10 20:00:00,0.0035647994,0.0035158019
CEEMDAN_LSTM,ETH-USD,2026-06-10 20:15:00,0.0035682814,0.0035126437
CEEMDAN_LSTM,ETH-USD,2026-06-10 20:30:00,0.0035537502,0.0034970425
CEEMDAN_LSTM,ETH-USD,2026-06-10 20:45:00,0.0035509435,0.003489134
CEEMDAN_LSTM,ETH-USD,2026-06-10 21:00:00,0.0035453408,0.0034978164
CEEMDAN_LSTM,ETH-USD,2026-06-10 21:15:00,0.0035514126,0.0034936336
CEEMDAN_LSTM,ETH-USD,2026-06-10 21:30:00,0.0035483688,0.0034990113
CEEMDAN_LSTM,ETH-USD,2026-06-10 21:45:00,0.0035342837,0.0035331058
CEEMDAN_LSTM,ETH-USD,2026-06-10 22:00:00,0.0035471197,0.0035322416
CEEMDAN_LSTM,ETH-USD,2026-06-10 22:15:00,0.0035612097,0.003526729
CEEMDAN_LSTM,ETH-USD,2026-06-10 22:30:00,0.0035585074,0.0035470831
CEEMDAN_LSTM,ETH-USD,2026-06-10 22:45:00,0.0035441762,0.0035486866
CEEMDAN_LSTM,ETH-USD,2026-06-10 23:00:00,0.0035565433,0.00354865
CEEMDAN_LSTM,ETH-USD,2026-06-10 23:15:00,0.0035691715,0.0035679792
CEEMDAN_LSTM,ETH-USD,2026-06-10 23:30:00,0.0035585715,0.003567499
CEEMDAN_LSTM,ETH-USD,2026-06-10 23:45:00,0.003561744,0.00356432
CEEMDAN_LSTM,ETH-USD,2026-06-11 00:00:00,0.0035683964,0.0035655603
CEEMDAN_LSTM,ETH-USD,2026-06-11 00:15:00,0.0035651065,0.0035697117
CEEMDAN_LSTM,ETH-USD,2026-06-11 00:30:00,0.0035638544,0.0035719443
CEEMDAN_LSTM,ETH-USD,2026-06-11 00:45:00,0.0035736393,0.003559417
CEEMDAN_LSTM,ETH-USD,2026-06-11 01:00:00,0.0035757325,0.0035796973
CEEMDAN_LSTM,ETH-USD,2026-06-11 01:15:00,0.0035610376,0.0035777555
CEEMDAN_LSTM,ETH-USD,2026-06-11 01:30:00,0.0035667638,0.003574963
CEEMDAN_LSTM,ETH-USD,2026-06-11 01:45:00,0.003570839,0.0035752202
CEEMDAN_LSTM,ETH-USD,2026-06-11 02:00:00,0.003575099,0.0035626863
CEEMDAN_LSTM,ETH-USD,2026-06-11 02:15:00,0.0035798294,0.0035545889
CEEMDAN_LSTM,ETH-USD,2026-06-11 02:30:00,0.0035811425,0.0035546233
CEEMDAN_LSTM,ETH-USD,2026-06-11 02:45:00,0.0035728102,0.003557712
CEEMDAN_LSTM,ETH-USD,2026-06-11 03:00:00,0.0035623205,0.0035113678
CEEMDAN_LSTM,ETH-USD,2026-06-11 03:15:00,0.0035686358,0.003484801
CEEMDAN_LSTM,ETH-USD,2026-06-11 03:30:00,0.0035533803,0.003457929
CEEMDAN_LSTM,ETH-USD,2026-06-11 03:45:00,0.0035318453,0.0034711442
CEEMDAN_LSTM,ETH-USD,2026-06-11 04:00:00,0.0035115646,0.0034706206
CEEMDAN_LSTM,ETH-USD,2026-06-11 04:15:00,0.0035173448,0.0034691244
CEEMDAN_LSTM,ETH-USD,2026-06-11 04:30:00,0.0035244618,0.0034630077
CEEMDAN_LSTM,ETH-USD,2026-06-11 04:45:00,0.0035212263,0.0034633302
CEEMDAN_LSTM,ETH-USD,2026-06-11 05:00:00,0.0035189656,0.0034619765
CEEMDAN_LSTM,ETH-USD,2026-06-11 05:15:00,0.0035260222,0.0034612652
CEEMDAN_LSTM,ETH-USD,2026-06-11 05:30:00,0.003528246,0.003460839
CEEMDAN_LSTM,ETH-USD,2026-06-11 05:45:00,0.0035249945,0.0034587714
CEEMDAN_LSTM,ETH-USD,2026-06-11 06:00:00,0.0035282655,0.0034425948
CEEMDAN_LSTM,ETH-USD,2026-06-11 06:15:00,0.0035198296,0.0034313647
CEEMDAN_LSTM,ETH-USD,2026-06-11 06:30:00,0.0035116095,0.0034308408
CEEMDAN_LSTM,ETH-USD,2026-06-11 06:45:00,0.0035092265,0.0034359987
CEEMDAN_LSTM,ETH-USD,2026-06-11 07:00:00,0.0035167786,0.0034336194
CEEMDAN_LSTM,ETH-USD,2026-06-11 07:15:00,0.003519484,0.0034339076
CEEMDAN_LSTM,ETH-USD,2026-06-11 07:30:00,0.0035138505,0.0034316701
CEEMDAN_LSTM,ETH-USD,2026-06-11 07:45:00,0.0035185167,0.0034149045
CEEMDAN_LSTM,ETH-USD,2026-06-11 08:00:00,0.0035190815,0.0034147478
CEEMDAN_LSTM,ETH-USD,2026-06-11 08:15:00,0.0035081068,0.003403501
CEEMDAN_LSTM,ETH-USD,2026-06-11 08:30:00,0.0035036262,0.0033964592
CEEMDAN_LSTM,ETH-USD,2026-06-11 08:45:00,0.0035023096,0.0033883997
CEEMDAN_LSTM,ETH-USD,2026-06-11 09:00:00,0.0035007151,0.0033883115
CEEMDAN_LSTM,ETH-USD,2026-06-11 09:15:00,0.0034975342,0.0033887117
CEEMDAN_LSTM,ETH-USD,2026-06-11 09:30:00,0.003496995,0.0033857706
CEEMDAN_LSTM,ETH-USD,2026-06-11 09:45:00,0.0034937316,0.0033853624
CEEMDAN_LSTM,ETH-USD,2026-06-11 10:00:00,0.0034929186,0.0033855028
CEEMDAN_LSTM,ETH-USD,2026-06-11 10:15:00,0.0034952918,0.0033833643
CEEMDAN_LSTM,ETH-USD,2026-06-11 10:30:00,0.0034980986,0.0033815901
CEEMDAN_LSTM,ETH-USD,2026-06-11 10:45:00,0.0034992136,0.0033771305
CEEMDAN_LSTM,ETH-USD,2026-06-11 11:00:00,0.0034971386,0.0033796083
CEEMDAN_LSTM,ETH-USD,2026-06-11 11:15:00,0.003492107,0.003377057
CEEMDAN_LSTM,ETH-USD,2026-06-11 11:30:00,0.003492873,0.0033636265
CEEMDAN_LSTM,ETH-USD,2026-06-11 11:45:00,0.0034946888,0.0033659937
CEEMDAN_LSTM,ETH-USD,2026-06-11 12:00:00,0.00348698,0.0032913494
CEEMDAN_LSTM,ETH-USD,2026-06-11 12:15:00,0.003493258,0.0033284717
CEEMDAN_LSTM,ETH-USD,2026-06-11 12:30:00,0.0034787997,0.0033287744
CEEMDAN_LSTM,ETH-USD,2026-06-11 12:45:00,0.0034717908,0.0033081907
CEEMDAN_LSTM,ETH-USD,2026-06-11 13:00:00,0.0034697717,0.003276897
CEEMDAN_LSTM,ETH-USD,2026-06-11 13:15:00,0.0034637277,0.0032736266
CEEMDAN_LSTM,ETH-USD,2026-06-11 13:30:00,0.003447806,0.0032734692
CEEMDAN_LSTM,ETH-USD,2026-06-11 13:45:00,0.0034393957,0.003266797
CEEMDAN_LSTM,ETH-USD,2026-06-11 14:00:00,0.0034365042,0.003263773
CEEMDAN_LSTM,ETH-USD,2026-06-11 14:15:00,0.0034425966,0.0032257768
CEEMDAN_LSTM,ETH-USD,2026-06-11 14:30:00,0.003434183,0.0032261685
CEEMDAN_LSTM,ETH-USD,2026-06-11 14:45:00,0.0034117817,0.0032320397
CEEMDAN_LSTM,ETH-USD,2026-06-11 15:00:00,0.0034154917,0.0032283587
CEEMDAN_LSTM,ETH-USD,2026-06-11 15:15:00,0.003418231,0.003205767
CEEMDAN_LSTM,ETH-USD,2026-06-11 15:30:00,0.0034122735,0.003204112
CEEMDAN_LSTM,ETH-USD,2026-06-11 15:45:00,0.0034000536,0.0031898918
CEEMDAN_LSTM,ETH-USD,2026-06-11 16:00:00,0.003391113,0.003192242
CEEMDAN_LSTM,ETH-USD,2026-06-11 16:15:00,0.0033792998,0.003197758
CEEMDAN_LSTM,ETH-USD,2026-06-11 16:30:00,0.003384247,0.0031982264
CEEMDAN_LSTM,ETH-USD,2026-06-11 16:45:00,0.003387923,0.0032007864
CEEMDAN_LSTM,ETH-USD,2026-06-11 17:00:00,0.0033887217,0.0032020654
CEEMDAN_LSTM,ETH-USD,2026-06-11 17:15:00,0.0033907422,0.003270293
CEEMDAN_LSTM,ETH-USD,2026-06-11 17:30:00,0.0033726823,0.0033842006
CEEMDAN_LSTM,ETH-USD,2026-06-11 17:45:00,0.0033786227,0.0034007852
CEEMDAN_LSTM,ETH-USD,2026-06-11 18:00:00,0.0034421305,0.003405537
CEEMDAN_LSTM,ETH-USD,2026-06-11 18:15:00,0.0034957398,0.003407389
CEEMDAN_LSTM,ETH-USD,2026-06-11 18:30:00,0.0035170098,0.003415331
CEEMDAN_LSTM,ETH-USD,2026-06-11 18:45:00,0.003514298,0.0034168982
CEEMDAN_LSTM,ETH-USD,2026-06-11 19:00:00,0.003521393,0.0034224766
CEEMDAN_LSTM,ETH-USD,2026-06-11 19:15:00,0.0035302213,0.00341885
CEEMDAN_LSTM,ETH-USD,2026-06-11 19:30:00,0.0035272655,0.0033470502
CEEMDAN_LSTM,ETH-USD,2026-06-11 19:45:00,0.0035173076,0.0033504898
CEEMDAN_LSTM,ETH-USD,2026-06-11 20:00:00,0.0034943738,0.0033518749
CEEMDAN_LSTM,ETH-USD,2026-06-11 20:15:00,0.0034924464,0.003367082
CEEMDAN_LSTM,ETH-USD,2026-06-11 20:30:00,0.0035029843,0.0033666738
CEEMDAN_LSTM,ETH-USD,2026-06-11 20:45:00,0.003509672,0.0033691905
CEEMDAN_LSTM,ETH-USD,2026-06-11 21:00:00,0.0035016213,0.0033874752
CEEMDAN_LSTM,ETH-USD,2026-06-11 21:15:00,0.003491529,0.003387144
CEEMDAN_LSTM,ETH-USD,2026-06-11 21:30:00,0.003507048,0.003385292
CEEMDAN_LSTM,ETH-USD,2026-06-11 21:45:00,0.0035171385,0.0033865059
CEEMDAN_LSTM,ETH-USD,2026-06-11 22:00:00,0.003520375,0.0033897108
CEEMDAN_LSTM,ETH-USD,2026-06-11 22:15:00,0.0035153527,0.0033695763
CEEMDAN_LSTM,ETH-USD,2026-06-11 22:30:00,0.0035185986,0.0033651579
CEEMDAN_LSTM,ETH-USD,2026-06-11 22:45:00,0.0035153618,0.003364962
CEEMDAN_LSTM,ETH-USD,2026-06-11 23:00:00,0.0035111606,0.0033622594
CEEMDAN_LSTM,ETH-USD,2026-06-11 23:15:00,0.0035133685,0.0033641907
CEEMDAN_LSTM,ETH-USD,2026-06-11 23:30:00,0.0035151846,0.0033720387
CEEMDAN_LSTM,ETH-USD,2026-06-11 23:45:00,0.003507331,0.0033734841
CEEMDAN_LSTM,ETH-USD,2026-06-12 00:00:00,0.0035149679,0.0033743905
CEEMDAN_LSTM,ETH-USD,2026-06-12 00:15:00,0.0035187143,0.003375929
CEEMDAN_LSTM,ETH-USD,2026-06-12 00:30:00,0.0035230569,0.0033697218
CEEMDAN_LSTM,ETH-USD,2026-06-12 00:45:00,0.003521337,0.0033699158
CEEMDAN_LSTM,ETH-USD,2026-06-12 01:00:00,0.0035180752,0.0033718366
CEEMDAN_LSTM,ETH-USD,2026-06-12 01:15:00,0.0035209544,0.0033783144
CEEMDAN_LSTM,ETH-USD,2026-06-12 01:30:00,0.0035261393,0.0033780904
CEEMDAN_LSTM,ETH-USD,2026-06-12 01:45:00,0.0035254704,0.003377205
CEEMDAN_LSTM,ETH-USD,2026-06-12 02:00:00,0.003520945,0.0033803454
CEEMDAN_LSTM,ETH-USD,2026-06-12 02:15:00,0.0035127136,0.0033811387
CEEMDAN_LSTM,ETH-USD,2026-06-12 02:30:00,0.0035196997,0.003383915
CEEMDAN_LSTM,ETH-USD,2026-06-12 02:45:00,0.0035207053,0.0033844335
CEEMDAN_LSTM,ETH-USD,2026-06-12 03:00:00,0.0035231959,0.003365237
CEEMDAN_LSTM,ETH-USD,2026-06-12 03:15:00,0.0035280413,0.0033622375
CEEMDAN_LSTM,ETH-USD,2026-06-12 03:30:00,0.0035225882,0.0033600861
CEEMDAN_LSTM,ETH-USD,2026-06-12 03:45:00,0.0035154517,0.0033587315
CEEMDAN_LSTM,ETH-USD,2026-06-12 04:00:00,0.0035116903,0.003360073
CEEMDAN_LSTM,ETH-USD,2026-06-12 04:15:00,0.0035158645,0.0033650063
CEEMDAN_LSTM,ETH-USD,2026-06-12 04:30:00,0.003510462,0.0033639106
CEEMDAN_LSTM,ETH-USD,2026-06-12 04:45:00,0.0035117536,0.0033546533
CEEMDAN_LSTM,ETH-USD,2026-06-12 05:00:00,0.0035196403,0.003354257
CEEMDAN_LSTM,ETH-USD,2026-06-12 05:15:00,0.0035294304,0.0032775688
CEEMDAN_LSTM,ETH-USD,2026-06-12 05:30:00,0.003523719,0.003280472
CEEMDAN_LSTM,ETH-USD,2026-06-12 05:45:00,0.003488798,0.003263857
CEEMDAN_LSTM,ETH-USD,2026-06-12 06:00:00,0.0034759576,0.0032569747
CEEMDAN_LSTM,ETH-USD,2026-06-12 06:15:00,0.0034700348,0.0032280318
CEEMDAN_LSTM,ETH-USD,2026-06-12 06:30:00,0.0034663177,0.0032343518
CEEMDAN_LSTM,ETH-USD,2026-06-12 06:45:00,0.0034538337,0.0032303082
CEEMDAN_LSTM,ETH-USD,2026-06-12 07:00:00,0.0034422376,0.0032164338
CEEMDAN_LSTM,ETH-USD,2026-06-12 07:15:00,0.003435232,0.0032167297
CEEMDAN_LSTM,ETH-USD,2026-06-12 07:30:00,0.0034279637,0.0032166624
CEEMDAN_LSTM,ETH-USD,2026-06-12 07:45:00,0.0034248193,0.0032139348
CEEMDAN_LSTM,ETH-USD,2026-06-12 08:00:00,0.0034234906,0.0032023052
CEEMDAN_LSTM,ETH-USD,2026-06-12 08:15:00,0.003416539,0.003211618
CEEMDAN_LSTM,ETH-USD,2026-06-12 08:30:00,0.0034051237,0.0032147635
CEEMDAN_LSTM,ETH-USD,2026-06-12 08:45:00,0.0034158188,0.00321555
CEEMDAN_LSTM,ETH-USD,2026-06-12 09:00:00,0.003424266,0.0032147877
CEEMDAN_LSTM,ETH-USD,2026-06-12 09:15:00,0.003423234,0.0032177856
CEEMDAN_LSTM,ETH-USD,2026-06-12 09:30:00,0.0034198563,0.003218075
CEEMDAN_LSTM,ETH-USD,2026-06-12 09:45:00,0.003421998,0.003212905
CEEMDAN_LSTM,ETH-USD,2026-06-12 10:00:00,0.0034301062,0.0032107735
CEEMDAN_LSTM,ETH-USD,2026-06-12 10:15:00,0.0034326047,0.0032194417
CEEMDAN_LSTM,ETH-USD,2026-06-12 10:30:00,0.003438158,0.0032200792
CEEMDAN_LSTM,ETH-USD,2026-06-12 10:45:00,0.0034385931,0.0032140054
CEEMDAN_LSTM,ETH-USD,2026-06-12 11:00:00,0.0034371607,0.0032111006
CEEMDAN_LSTM,ETH-USD,2026-06-12 11:15:00,0.0034359947,0.0032081667
CEEMDAN_LSTM,ETH-USD,2026-06-12 11:30:00,0.003437669,0.0032075292
CEEMDAN_LSTM,ETH-USD,2026-06-12 11:45:00,0.0034403743,0.0032080472
CEEMDAN_LSTM,ETH-USD,2026-06-12 12:00:00,0.003442647,0.0032098182
CEEMDAN_LSTM,ETH-USD,2026-06-12 12:15:00,0.0034449187,0.0031972888
CEEMDAN_LSTM,ETH-USD,2026-06-12 12:30:00,0.0034476118,0.0031974656
CEEMDAN_LSTM,ETH-USD,2026-06-12 12:45:00,0.0034396444,0.0031973377
CEEMDAN_LSTM,ETH-USD,2026-06-12 13:00:00,0.003431993,0.0031963054
CEEMDAN_LSTM,ETH-USD,2026-06-12 13:15:00,0.0034291006,0.0031934546
CEEMDAN_LSTM,ETH-USD,2026-06-12 13:30:00,0.003430975,0.0032120782
CEEMDAN_LSTM,ETH-USD,2026-06-12 13:45:00,0.0034401813,0.0032040167
CEEMDAN_LSTM,ETH-USD,2026-06-12 14:00:00,0.0034464286,0.0032236115
CEEMDAN_LSTM,ETH-USD,2026-06-12 14:15:00,0.003431085,0.0032238287
CEEMDAN_LSTM,ETH-USD,2026-06-12 14:30:00,0.0034316343,0.0032234362
CEEMDAN_LSTM,ETH-USD,2026-06-12 14:45:00,0.0034410208,0.0032855133
CEEMDAN_LSTM,ETH-USD,2026-06-12 15:00:00,0.0034273504,0.0032871957
CEEMDAN_LSTM,ETH-USD,2026-06-12 15:15:00,0.003451444,0.0032993464
CEEMDAN_LSTM,ETH-USD,2026-06-12 15:30:00,0.0034826295,0.0033005956
CEEMDAN_LSTM,ETH-USD,2026-06-12 15:45:00,0.0035054476,0.0032890972
CEEMDAN_LSTM,ETH-USD,2026-06-12 16:00:00,0.0035149439,0.0033160623
CEEMDAN_LSTM,ETH-USD,2026-06-12 16:15:00,0.0034896724,0.0033159482
CEEMDAN_LSTM,ETH-USD,2026-06-12 16:30:00,0.003493086,0.0033056126
CEEMDAN_LSTM,ETH-USD,2026-06-12 16:45:00,0.0035051545,0.0033062964
CEEMDAN_LSTM,ETH-USD,2026-06-12 17:00:00,0.0035000634,0.0033021786
CEEMDAN_LSTM,ETH-USD,2026-06-12 17:15:00,0.0035012728,0.0033001327
CEEMDAN_LSTM,ETH-USD,2026-06-12 17:30:00,0.0035010977,0.0032930265
CEEMDAN_LSTM,ETH-USD,2026-06-12 17:45:00,0.003499909,0.0032924202
CEEMDAN_LSTM,ETH-USD,2026-06-12 18:00:00,0.003496594,0.0032890954
CEEMDAN_LSTM,ETH-USD,2026-06-12 18:15:00,0.0034964364,0.0032757123
CEEMDAN_LSTM,ETH-USD,2026-06-12 18:30:00,0.0034968127,0.0032734058
CEEMDAN_LSTM,ETH-USD,2026-06-12 18:45:00,0.0034859017,0.0032796408
CEEMDAN_LSTM,ETH-USD,2026-06-12 19:00:00,0.003487915,0.003281077
CEEMDAN_LSTM,ETH-USD,2026-06-12 19:15:00,0.003488951,0.003281085
CEEMDAN_LSTM,ETH-USD,2026-06-12 19:30:00,0.0034887497,0.0032739039
CEEMDAN_LSTM,ETH-USD,2026-06-12 19:45:00,0.0034932191,0.0032737937
CEEMDAN_LSTM,ETH-USD,2026-06-12 20:00:00,0.0034920797,0.0032709928
CEEMDAN_LSTM,ETH-USD,2026-06-12 20:15:00,0.003487599,0.003268338
CEEMDAN_LSTM,ETH-USD,2026-06-12 20:30:00,0.003487396,0.0032681895
CEEMDAN_LSTM,ETH-USD,2026-06-12 20:45:00,0.0034883355,0.00326706
CEEMDAN_LSTM,ETH-USD,2026-06-12 21:00:00,0.0034898764,0.0032679087
CEEMDAN_LSTM,ETH-USD,2026-06-12 21:15:00,0.0034865895,0.003268075
CEEMDAN_LSTM,ETH-USD,2026-06-12 21:30:00,0.0034866484,0.0032663133
CEEMDAN_LSTM,ETH-USD,2026-06-12 21:45:00,0.0034892028,0.003267008
CEEMDAN_LSTM,ETH-USD,2026-06-12 22:00:00,0.0034902666,0.0032664144
CEEMDAN_LSTM,ETH-USD,2026-06-12 22:15:00,0.00348934,0.00326484
CEEMDAN_LSTM,ETH-USD,2026-06-12 22:30:00,0.0034864205,0.0032622062
CEEMDAN_LSTM,ETH-USD,2026-06-12 22:45:00,0.0034886138,0.0032619887
CEEMDAN_LSTM,ETH-USD,2026-06-12 23:00:00,0.0034881083,0.0032599333
CEEMDAN_LSTM,ETH-USD,2026-06-12 23:15:00,0.0034881928,0.0032578865
CEEMDAN_LSTM,ETH-USD,2026-06-12 23:30:00,0.0034860333,0.0032252262
CEEMDAN_LSTM,ETH-USD,2026-06-12 23:45:00,0.0034833944,0.003227576
CEEMDAN_LSTM,ETH-USD,2026-06-13 00:00:00,0.0034658078,0.0032131413
CEEMDAN_LSTM,ETH-USD,2026-06-13 00:15:00,0.0034605018,0.0032071704
CEEMDAN_LSTM,ETH-USD,2026-06-13 00:30:00,0.003458496,0.0032062822
CEEMDAN_LSTM,ETH-USD,2026-06-13 00:45:00,0.0034553132,0.003204879
CEEMDAN_LSTM,ETH-USD,2026-06-13 01:00:00,0.0034538633,0.003203136
CEEMDAN_LSTM,ETH-USD,2026-06-13 01:15:00,0.0034522929,0.0031997752
CEEMDAN_LSTM,ETH-USD,2026-06-13 01:30:00,0.0034529842,0.0032035199
CEEMDAN_LSTM,ETH-USD,2026-06-13 01:45:00,0.003447401,0.0032027748
CEEMDAN_LSTM,ETH-USD,2026-06-13 02:00:00,0.0034482037,0.003191908
CEEMDAN_LSTM,ETH-USD,2026-06-13 02:15:00,0.0034529613,0.0031884578
CEEMDAN_LSTM,ETH-USD,2026-06-13 02:30:00,0.0034536975,0.0031888236
CEEMDAN_LSTM,ETH-USD,2026-06-13 02:45:00,0.0034538992,0.00318892
CEEMDAN_LSTM,ETH-USD,2026-06-13 03:00:00,0.003451161,0.0031865274
CEEMDAN_LSTM,ETH-USD,2026-06-13 03:15:00,0.0034502468,0.0031886608
CEEMDAN_LSTM,ETH-USD,2026-06-13 03:30:00,0.0034535262,0.0031420384
CEEMDAN_LSTM,ETH-USD,2026-06-13 03:45:00,0.0034536237,0.0031383063
CEEMDAN_LSTM,ETH-USD,2026-06-13 04:00:00,0.0034331724,0.0031377838
CEEMDAN_LSTM,ETH-USD,2026-06-13 04:15:00,0.0034228961,0.0031357992
CEEMDAN_LSTM,ETH-USD,2026-06-13 04:30:00,0.003420194,0.0029348244
CEEMDAN_LSTM,ETH-USD,2026-06-13 04:45:00,0.003417209,0.0028840168
CEEMDAN_LSTM,ETH-USD,2026-06-13 05:00:00,0.0033351276,0.0028779258
CEEMDAN_LSTM,ETH-USD,2026-06-13 05:15:00,0.003268804,0.002877899
CEEMDAN_LSTM,ETH-USD,2026-06-13 05:30:00,0.0032466631,0.0028746214
CEEMDAN_LSTM,ETH-USD,2026-06-13 05:45:00,0.003244952,0.0028721148
CEEMDAN_LSTM,ETH-USD,2026-06-13 06:00:00,0.003243034,0.002858818
CEEMDAN_LSTM,ETH-USD,2026-06-13 06:15:00,0.003242336,0.002837131
CEEMDAN_LSTM,ETH-USD,2026-06-13 06:30:00,0.0032353483,0.0028290877
CEEMDAN_LSTM,ETH-USD,2026-06-13 06:45:00,0.0032212825,0.002827999
CEEMDAN_LSTM,ETH-USD,2026-06-13 07:00:00,0.0032111355,0.0028145008
CEEMDAN_LSTM,ETH-USD,2026-06-13 07:15:00,0.0032093422,0.002817142
CEEMDAN_LSTM,ETH-USD,2026-06-13 07:30:00,0.0032024793,0.0028121164
CEEMDAN_LSTM,ETH-USD,2026-06-13 07:45:00,0.003201248,0.002811119
CEEMDAN_LSTM,ETH-USD,2026-06-13 08:00:00,0.0032006907,0.0028099222
CEEMDAN_LSTM,ETH-USD,2026-06-13 08:15:00,0.003201261,0.002775127
CEEMDAN_LSTM,ETH-USD,2026-06-13 08:30:00,0.0032033955,0.002770597
CEEMDAN_LSTM,ETH-USD,2026-06-13 08:45:00,0.003187233,0.0027551705
CEEMDAN_LSTM,ETH-USD,2026-06-13 09:00:00,0.0031781655,0.0027544573
CEEMDAN_LSTM,ETH-USD,2026-06-13 09:15:00,0.003170535,0.002748441
CEEMDAN_LSTM,ETH-USD,2026-06-13 09:30:00,0.0031672465,0.0027196864
CEEMDAN_LSTM,ETH-USD,2026-06-13 09:45:00,0.0031636332,0.0027144225
CEEMDAN_LSTM,ETH-USD,2026-06-13 10:00:00,0.0031493716,0.0027095433
CEEMDAN_LSTM,ETH-USD,2026-06-13 10:15:00,0.0031400074,0.0027096146
CEEMDAN_LSTM,ETH-USD,2026-06-13 10:30:00,0.0031358374,0.0027038243
CEEMDAN_LSTM,ETH-USD,2026-06-13 10:45:00,0.0031340474,0.002702394
CEEMDAN_LSTM,ETH-USD,2026-06-13 11:00:00,0.0031325056,0.0027021908
CEEMDAN_LSTM,ETH-USD,2026-06-13 11:15:00,0.003129699,0.0026928042
CEEMDAN_LSTM,ETH-USD,2026-06-13 11:30:00,0.0031279235,0.002689982
CEEMDAN_LSTM,ETH-USD,2026-06-13 11:45:00,0.0031265887,0.0026900426
CEEMDAN_LSTM,ETH-USD,2026-06-13 12:00:00,0.0031248122,0.002646229
CEEMDAN_LSTM,ETH-USD,2026-06-13 12:15:00,0.0031251493,0.0026463112
CEEMDAN_LSTM,ETH-USD,2026-06-13 12:30:00,0.0031060001,0.00263996
CEEMDAN_LSTM,ETH-USD,2026-06-13 12:45:00,0.0030932876,0.0025918335
CEEMDAN_LSTM,ETH-USD,2026-06-13 13:00:00,0.0030867502,0.002592071
CEEMDAN_LSTM,ETH-USD,2026-06-13 13:15:00,0.00306326,0.0025922002
CEEMDAN_LSTM,ETH-USD,2026-06-13 13:30:00,0.003050389,0.0025673204
CEEMDAN_LSTM,ETH-USD,2026-06-13 13:45:00,0.0030501033,0.00256471
CEEMDAN_LSTM,ETH-USD,2026-06-13 14:00:00,0.0030411666,0.0025598216
CEEMDAN_LSTM,ETH-USD,2026-06-13 14:15:00,0.0030315474,0.0025356715
CEEMDAN_LSTM,ETH-USD,2026-06-13 14:30:00,0.003026993,0.002535533
CEEMDAN_LSTM,ETH-USD,2026-06-13 14:45:00,0.0030160178,0.0025348687
CEEMDAN_LSTM,ETH-USD,2026-06-13 15:00:00,0.0030082446,0.0025296987
CEEMDAN_LSTM,ETH-USD,2026-06-13 15:15:00,0.0030071973,0.002524703
CEEMDAN_LSTM,ETH-USD,2026-06-13 15:30:00,0.003005596,0.0025244944
CEEMDAN_LSTM,ETH-USD,2026-06-13 15:45:00,0.0030061165,0.002525618
CEEMDAN_LSTM,ETH-USD,2026-06-13 16:00:00,0.0030065898,0.0025112864
CEEMDAN_LSTM,ETH-USD,2026-06-13 16:15:00,0.00301122,0.0025120198
CEEMDAN_LSTM,ETH-USD,2026-06-13 16:30:00,0.0030113664,0.0025076377
CEEMDAN_LSTM,ETH-USD,2026-06-13 16:45:00,0.0030054061,0.0025085236
CEEMDAN_LSTM,ETH-USD,2026-06-13 17:00:00,0.0029966326,0.002507764
CEEMDAN_LSTM,ETH-USD,2026-06-13 17:15:00,0.0029953157,0.0024980777
CEEMDAN_LSTM,ETH-USD,2026-06-13 17:30:00,0.0029971132,0.0024980751
CEEMDAN_LSTM,ETH-USD,2026-06-13 17:45:00,0.0029920307,0.0024924132
CEEMDAN_LSTM,ETH-USD,2026-06-13 18:00:00,0.002992505,0.002489638
CEEMDAN_LSTM,ETH-USD,2026-06-13 18:15:00,0.0029894693,0.0024908206
CEEMDAN_LSTM,ETH-USD,2026-06-13 18:30:00,0.0029809992,0.002482406
CEEMDAN_LSTM,ETH-USD,2026-06-13 18:45:00,0.0029789738,0.0024680595
CEEMDAN_LSTM,ETH-USD,2026-06-13 19:00:00,0.0029822616,0.0024674207
CEEMDAN_LSTM,ETH-USD,2026-06-13 19:15:00,0.0029790031,0.0024678896
CEEMDAN_LSTM,ETH-USD,2026-06-13 19:30:00,0.0029740124,0.0024639568
CEEMDAN_LSTM,ETH-USD,2026-06-13 19:45:00,0.0029696894,0.0024640039
CEEMDAN_LSTM,ETH-USD,2026-06-13 20:00:00,0.0029653402,0.0024553104
CEEMDAN_LSTM,ETH-USD,2026-06-13 20:15:00,0.002965937,0.0024547765
CEEMDAN_LSTM,ETH-USD,2026-06-13 20:30:00,0.002963221,0.0024535847
CEEMDAN_LSTM,ETH-USD,2026-06-13 20:45:00,0.002961231,0.0024499735
CEEMDAN_LSTM,ETH-USD,2026-06-13 21:00:00,0.0029590856,0.0024273414
CEEMDAN_LSTM,ETH-USD,2026-06-13 21:15:00,0.0029568574,0.0024263992
CEEMDAN_LSTM,ETH-USD,2026-06-13 21:30:00,0.0029456588,0.0024623573
CEEMDAN_LSTM,ETH-USD,2026-06-13 21:45:00,0.0029299934,0.0024535079
CEEMDAN_LSTM,ETH-USD,2026-06-13 22:00:00,0.00294262,0.0024558506
CEEMDAN_LSTM,ETH-USD,2026-06-13 22:15:00,0.0029619222,0.0024537481
CEEMDAN_LSTM,ETH-USD,2026-06-13 22:30:00,0.0029684112,0.0024487916
CEEMDAN_LSTM,ETH-USD,2026-06-13 22:45:00,0.002966612,0.0024488014
CEEMDAN_LSTM,ETH-USD,2026-06-13 23:00:00,0.0029651145,0.0024449863
CEEMDAN_LSTM,ETH-USD,2026-06-13 23:15:00,0.0029654566,0.00244327
CEEMDAN_LSTM,ETH-USD,2026-06-13 23:30:00,0.0029652396,0.0024432086
CEEMDAN_LSTM,ETH-USD,2026-06-13 23:45:00,0.0029653672,0.0024430638
CEEMDAN_LSTM,ETH-USD,2026-06-14 00:00:00,0.002965599,0.0024426125
CEEMDAN_LSTM,ETH-USD,2026-06-14 00:15:00,0.0029669246,0.0024417855
CEEMDAN_LSTM,ETH-USD,2026-06-14 00:30:00,0.0029682477,0.0024422223
CEEMDAN_LSTM,ETH-USD,2026-06-14 00:45:00,0.0029669185,0.002442343
CEEMDAN_LSTM,ETH-USD,2026-06-14 01:00:00,0.0029672955,0.0024436244
CEEMDAN_LSTM,ETH-USD,2026-06-14 01:15:00,0.00296898,0.0024445397
CEEMDAN_LSTM,ETH-USD,2026-06-14 01:30:00,0.002968963,0.0024460084
CEEMDAN_LSTM,ETH-USD,2026-06-14 01:45:00,0.0029727868,0.0024447262
CEEMDAN_LSTM,ETH-USD,2026-06-14 02:00:00,0.0029788078,0.0024412216
CEEMDAN_LSTM,ETH-USD,2026-06-14 02:15:00,0.0029793398,0.0024423897
CEEMDAN_LSTM,ETH-USD,2026-06-14 02:30:00,0.0029788972,0.002442567
CEEMDAN_LSTM,ETH-USD,2026-06-14 02:45:00,0.0029823151,0.0024379494
CEEMDAN_LSTM,ETH-USD,2026-06-14 03:00:00,0.0029835214,0.0024291652
CEEMDAN_LSTM,ETH-USD,2026-06-14 03:15:00,0.0029801968,0.0023753701
CEEMDAN_LSTM,ETH-USD,2026-06-14 03:30:00,0.0029741945,0.0023716928
CEEMDAN_LSTM,ETH-USD,2026-06-14 03:45:00,0.0029464758,0.0023721678
CEEMDAN_LSTM,ETH-USD,2026-06-14 04:00:00,0.0029262581,0.002370463
CEEMDAN_LSTM,ETH-USD,2026-06-14 04:15:00,0.0029212064,0.0023702316
CEEMDAN_LSTM,ETH-USD,2026-06-14 04:30:00,0.002924291,0.0023730977
CEEMDAN_LSTM,ETH-USD,2026-06-14 04:45:00,0.002928598,0.0023708167
CEEMDAN_LSTM,ETH-USD,2026-06-14 05:00:00,0.0029315364,0.0023466093
CEEMDAN_LSTM,ETH-USD,2026-06-14 05:15:00,0.0029294414,0.002340133
CEEMDAN_LSTM,ETH-USD,2026-06-14 05:30:00,0.002917427,0.0023410004
CEEMDAN_LSTM,ETH-USD,2026-06-14 05:45:00,0.0029053553,0.0023203318
CEEMDAN_LSTM,ETH-USD,2026-06-14 06:00:00,0.0028991692,0.0023224128
CEEMDAN_LSTM,ETH-USD,2026-06-14 06:15:00,0.0028866217,0.0023236268
CEEMDAN_LSTM,ETH-USD,2026-06-14 06:30:00,0.0028808003,0.0023244505
CEEMDAN_LSTM,ETH-USD,2026-06-14 06:45:00,0.0028874709,0.002324345
CEEMDAN_LSTM,ETH-USD,2026-06-14 07:00:00,0.0028928153,0.0023222072
CEEMDAN_LSTM,ETH-USD,2026-06-14 07:15:00,0.002894228,0.0023051472
CEEMDAN_LSTM,ETH-USD,2026-06-14 07:30:00,0.0028929594,0.002307125
CEEMDAN_LSTM,ETH-USD,2026-06-14 07:45:00,0.0028842757,0.0023035896
CEEMDAN_LSTM,ETH-USD,2026-06-14 08:00:00,0.0028803146,0.0023009751
CEEMDAN_LSTM,ETH-USD,2026-06-14 08:15:00,0.0028752727,0.002204915
CEEMDAN_LSTM,ETH-USD,2026-06-14 08:30:00,0.0028706864,0.002022258
CEEMDAN_LSTM,ETH-USD,2026-06-14 08:45:00,0.0028159188,0.0019818572
CEEMDAN_LSTM,ETH-USD,2026-06-14 09:00:00,0.0026906498,0.001973792
CEEMDAN_LSTM,ETH-USD,2026-06-14 09:15:00,0.0026009923,0.0019755452
CEEMDAN_LSTM,ETH-USD,2026-06-14 09:30:00,0.0025596735,0.001975065
CEEMDAN_LSTM,ETH-USD,2026-06-14 09:45:00,0.002553724,0.0019725095
CEEMDAN_LSTM,ETH-USD,2026-06-14 10:00:00,0.002551448,0.0019647605
CEEMDAN_LSTM,ETH-USD,2026-06-14 10:15:00,0.002553358,0.0019642673
CEEMDAN_LSTM,ETH-USD,2026-06-14 10:30:00,0.0025542863,0.0019503285
CEEMDAN_LSTM,ETH-USD,2026-06-14 10:45:00,0.002550549,0.0019472888
CEEMDAN_LSTM,ETH-USD,2026-06-14 11:00:00,0.0025418652,0.0019453176
CEEMDAN_LSTM,ETH-USD,2026-06-14 11:15:00,0.0025343278,0.0019183535
CEEMDAN_LSTM,ETH-USD,2026-06-14 11:30:00,0.0025272763,0.0019163439
CEEMDAN_LSTM,ETH-USD,2026-06-14 11:45:00,0.0025123635,0.0019120156
CEEMDAN_LSTM,ETH-USD,2026-06-14 12:00:00,0.0025021972,0.0018794875
CEEMDAN_LSTM,ETH-USD,2026-06-14 12:15:00,0.0025005664,0.0018769858
CEEMDAN_LSTM,ETH-USD,2026-06-14 12:30:00,0.0024892124,0.0018836007
CEEMDAN_LSTM,ETH-USD,2026-06-14 12:45:00,0.0024778526,0.0018805471
CEEMDAN_LSTM,ETH-USD,2026-06-14 13:00:00,0.002478846,0.0018753101
CEEMDAN_LSTM,ETH-USD,2026-06-14 13:15:00,0.002479935,0.0018728924
CEEMDAN_LSTM,ETH-USD,2026-06-14 13:30:00,0.0024745385,0.0018736633
CEEMDAN_LSTM,ETH-USD,2026-06-14 13:45:00,0.002469526,0.0018749209
CEEMDAN_LSTM,ETH-USD,2026-06-14 14:00:00,0.0024657971,0.0018722316
CEEMDAN_LSTM,ETH-USD,2026-06-14 14:15:00,0.0024678875,0.0018694721
CEEMDAN_LSTM,ETH-USD,2026-06-14 14:30:00,0.0024691154,0.0018830508
CEEMDAN_LSTM,ETH-USD,2026-06-14 14:45:00,0.0024707736,0.0018836069
CEEMDAN_LSTM,ETH-USD,2026-06-14 15:00:00,0.0024799337,0.001884364
CEEMDAN_LSTM,ETH-USD,2026-06-14 15:15:00,0.002478996,0.0018802825
CEEMDAN_LSTM,ETH-USD,2026-06-14 15:30:00,0.0024745415,0.0018792158
CEEMDAN_LSTM,ETH-USD,2026-06-14 15:45:00,0.0024729362,0.0018783741
CEEMDAN_LSTM,ETH-USD,2026-06-14 16:00:00,0.002472755,0.0018747972
CEEMDAN_LSTM,ETH-USD,2026-06-14 16:15:00,0.0024716863,0.0018642554
CEEMDAN_LSTM,ETH-USD,2026-06-14 16:30:00,0.0024672586,0.0018639257
CEEMDAN_LSTM,ETH-USD,2026-06-14 16:45:00,0.002460656,0.001875671
CEEMDAN_LSTM,ETH-USD,2026-06-14 17:00:00,0.0024603456,0.0018573646
CEEMDAN_LSTM,ETH-USD,2026-06-14 17:15:00,0.0024701727,0.0018559024
CEEMDAN_LSTM,ETH-USD,2026-06-14 17:30:00,0.0024658968,0.0018486414
CEEMDAN_LSTM,ETH-USD,2026-06-14 17:45:00,0.0024587454,0.00184911
CEEMDAN_LSTM,ETH-USD,2026-06-14 18:00:00,0.0024527845,0.0018480201
CEEMDAN_LSTM,ETH-USD,2026-06-14 18:15:00,0.0024515355,0.0018480892
CEEMDAN_LSTM,ETH-USD,2026-06-14 18:30:00,0.0024530403,0.0018487985
CEEMDAN_LSTM,ETH-USD,2026-06-14 18:45:00,0.002457151,0.0018483344
CEEMDAN_LSTM,ETH-USD,2026-06-14 19:00:00,0.0024588632,0.0018497487
CEEMDAN_LSTM,ETH-USD,2026-06-14 19:15:00,0.0024591396,0.0018307843
CEEMDAN_LSTM,ETH-USD,2026-06-14 19:30:00,0.0024583386,0.0018304312
CEEMDAN_LSTM,ETH-USD,2026-06-14 19:45:00,0.0024502228,0.0018299405
CEEMDAN_LSTM,ETH-USD,2026-06-14 20:00:00,0.0024401317,0.0017954024
CEEMDAN_LSTM,ETH-USD,2026-06-14 20:15:00,0.0024315645,0.0018017187
CEEMDAN_LSTM,ETH-USD,2026-06-14 20:30:00,0.0024167483,0.0018037993
CEEMDAN_LSTM,ETH-USD,2026-06-14 20:45:00,0.0024025594,0.0018042607
CEEMDAN_LSTM,ETH-USD,2026-06-14 21:00:00,0.00239839,0.0018051247
CEEMDAN_LSTM,ETH-USD,2026-06-14 21:15:00,0.002404964,0.002095795
CEEMDAN_LSTM,ETH-USD,2026-06-14 21:30:00,0.0024073084,0.0021581333
CEEMDAN_LSTM,ETH-USD,2026-06-14 21:45:00,0.0024961475,0.00215748
CEEMDAN_LSTM,ETH-USD,2026-06-14 22:00:00,0.0026492823,0.0021584975
CEEMDAN_LSTM,ETH-USD,2026-06-14 22:15:00,0.0027230254,0.0021577443
CEEMDAN_LSTM,ETH-USD,2026-06-14 22:30:00,0.0027373296,0.002163175
CEEMDAN_LSTM,ETH-USD,2026-06-14 22:45:00,0.0027351573,0.0021663373
CEEMDAN_LSTM,ETH-USD,2026-06-14 23:00:00,0.002740655,0.0021579338
CEEMDAN_LSTM,ETH-USD,2026-06-14 23:15:00,0.0027578396,0.0021411276
CEEMDAN_LSTM,ETH-USD,2026-06-14 23:30:00,0.0027635582,0.0021420356
CEEMDAN_LSTM,ETH-USD,2026-06-14 23:45:00,0.0027579092,0.002151586
CEEMDAN_LSTM,ETH-USD,2026-06-15 00:00:00,0.0027494489,0.002160659
CEEMDAN_LSTM,ETH-USD,2026-06-15 00:15:00,0.0027409564,0.0021637864
CEEMDAN_LSTM,ETH-USD,2026-06-15 00:30:00,0.0027490281,0.0021694964
CEEMDAN_LSTM,ETH-USD,2026-06-15 00:45:00,0.0027746225,0.0021672691
CEEMDAN_LSTM,ETH-USD,2026-06-15 01:00:00,0.002789667,0.002170401
CEEMDAN_LSTM,ETH-USD,2026-06-15 01:15:00,0.0027901686,0.002167202
CEEMDAN_LSTM,ETH-USD,2026-06-15 01:30:00,0.0027960776,0.0021941068
CEEMDAN_LSTM,ETH-USD,2026-06-15 01:45:00,0.002791864,0.0022042373
CEEMDAN_LSTM,ETH-USD,2026-06-15 02:00:00,0.002798097,0.0022098362
CEEMDAN_LSTM,ETH-USD,2026-06-15 02:15:00,0.002818892,0.0022098357
CEEMDAN_LSTM,ETH-USD,2026-06-15 02:30:00,0.0028254117,0.0022095898
CEEMDAN_LSTM,ETH-USD,2026-06-15 02:45:00,0.0028265507,0.0022120653
CEEMDAN_LSTM,ETH-USD,2026-06-15 03:00:00,0.002827594,0.0022190688
CEEMDAN_LSTM,ETH-USD,2026-06-15 03:15:00,0.00282518,0.0022141917
CEEMDAN_LSTM,ETH-USD,2026-06-15 03:30:00,0.0028241293,0.0022147647
CEEMDAN_LSTM,ETH-USD,2026-06-15 03:45:00,0.0028275119,0.0022171035
CEEMDAN_LSTM,ETH-USD,2026-06-15 04:00:00,0.0028300437,0.0022182753
CEEMDAN_LSTM,ETH-USD,2026-06-15 04:15:00,0.0028367958,0.0022173894
CEEMDAN_LSTM,ETH-USD,2026-06-15 04:30:00,0.0028401746,0.002188305
CEEMDAN_LSTM,ETH-USD,2026-06-15 04:45:00,0.0028387378,0.0021883452
CEEMDAN_LSTM,ETH-USD,2026-06-15 05:00:00,0.0028203677,0.0021599813
CEEMDAN_LSTM,ETH-USD,2026-06-15 05:15:00,0.0028045282,0.0021572812
CEEMDAN_LSTM,ETH-USD,2026-06-15 05:30:00,0.002781556,0.0021615895
CEEMDAN_LSTM,ETH-USD,2026-06-15 05:45:00,0.002768081,0.002068031
CEEMDAN_LSTM,ETH-USD,2026-06-15 06:00:00,0.002770377,0.0020629414
CEEMDAN_LSTM,ETH-USD,2026-06-15 06:15:00,0.0027179809,0.0020436284
CEEMDAN_LSTM,ETH-USD,2026-06-15 06:30:00,0.0026826884,0.0019999028
CEEMDAN_LSTM,ETH-USD,2026-06-15 06:45:00,0.002665236,0.001950945
CEEMDAN_LSTM,ETH-USD,2026-06-15 07:00:00,0.0026426918,0.0019026411
CEEMDAN_LSTM,ETH-USD,2026-06-15 07:15:00,0.0026010682,0.0019025608
CEEMDAN_LSTM,ETH-USD,2026-06-15 07:30:00,0.0025497186,0.0019053052
CEEMDAN_LSTM,ETH-USD,2026-06-15 07:45:00,0.0025211796,0.0019015097
CEEMDAN_LSTM,ETH-USD,2026-06-15 08:00:00,0.00252099,0.0019030448
CEEMDAN_LSTM,ETH-USD,2026-06-15 08:15:00,0.0025233133,0.0019035718
CEEMDAN_LSTM,ETH-USD,2026-06-15 08:30:00,0.002520879,0.0019042108
CEEMDAN_LSTM,ETH-USD,2026-06-15 08:45:00,0.0025227827,0.0019044096
CEEMDAN_LSTM,ETH-USD,2026-06-15 09:00:00,0.0025224409,0.0019042152
CEEMDAN_LSTM,ETH-USD,2026-06-15 09:15:00,0.0025227512,0.0019048596
CEEMDAN_LSTM,ETH-USD,2026-06-15 09:30:00,0.0025223058,0.0019127936
CEEMDAN_LSTM,ETH-USD,2026-06-15 09:45:00,0.002523594,0.0019042984
CEEMDAN_LSTM,ETH-USD,2026-06-15 10:00:00,0.0025341667,0.0019081442
CEEMDAN_LSTM,ETH-USD,2026-06-15 10:15:00,0.002529005,0.001909253
CEEMDAN_LSTM,ETH-USD,2026-06-15 10:30:00,0.0025218534,0.001909122
CEEMDAN_LSTM,ETH-USD,2026-06-15 10:45:00,0.0025250928,0.0019353041
CEEMDAN_LSTM,ETH-USD,2026-06-15 11:00:00,0.002526752,0.0019378114
CEEMDAN_LSTM,ETH-USD,2026-06-15 11:15:00,0.0025362608,0.0020738123
CEEMDAN_LSTM,ETH-USD,2026-06-15 11:30:00,0.0025452585,0.0020739608
CEEMDAN_LSTM,ETH-USD,2026-06-15 11:45:00,0.0026062136,0.0020754212
CEEMDAN_LSTM,ETH-USD,2026-06-15 12:00:00,0.0026695435,0.0020743706
CEEMDAN_LSTM,ETH-USD,2026-06-15 12:15:00,0.0026861418,0.002073968
CEEMDAN_LSTM,ETH-USD,2026-06-15 12:30:00,0.002685524,0.0020961773
CEEMDAN_LSTM,ETH-USD,2026-06-15 12:45:00,0.0026869245,0.0020962355
CEEMDAN_LSTM,ETH-USD,2026-06-15 13:00:00,0.0026977283,0.0021718855
CEEMDAN_LSTM,ETH-USD,2026-06-15 13:15:00,0.002705783,0.0023347451
CEEMDAN_LSTM,ETH-USD,2026-06-15 13:30:00,0.0027262806,0.0023437822
CEEMDAN_LSTM,ETH-USD,2026-06-15 13:45:00,0.0028620583,0.0023437953
CEEMDAN_LSTM,ETH-USD,2026-06-15 14:00:00,0.0029700194,0.0023476372
CEEMDAN_LSTM,ETH-USD,2026-06-15 14:15:00,0.0029894179,0.002348555
CEEMDAN_LSTM,ETH-USD,2026-06-15 14:30:00,0.002986018,0.0023492204
CEEMDAN_LSTM,ETH-USD,2026-06-15 14:45:00,0.0029878283,0.0023473063
CEEMDAN_LSTM,ETH-USD,2026-06-15 15:00:00,0.0029941504,0.0023473303
CEEMDAN_LSTM,ETH-USD,2026-06-15 15:15:00,0.0029979178,0.002346381
CEEMDAN_LSTM,ETH-USD,2026-06-15 15:30:00,0.0030027926,0.002386547
CEEMDAN_LSTM,ETH-USD,2026-06-15 15:45:00,0.002994216,0.002441295
CEEMDAN_LSTM,ETH-USD,2026-06-15 16:00:00,0.002997691,0.002442178
CEEMDAN_LSTM,ETH-USD,2026-06-15 16:15:00,0.003051321,0.002442874
CEEMDAN_LSTM,ETH-USD,2026-06-15 16:30:00,0.003097472,0.0024388684
CEEMDAN_LSTM,ETH-USD,2026-06-15 16:45:00,0.0031068223,0.0024393846
CEEMDAN_LSTM,ETH-USD,2026-06-15 17:00:00,0.0031017996,0.0024720344
CEEMDAN_LSTM,ETH-USD,2026-06-15 17:15:00,0.0031109892,0.0024702135
CEEMDAN_LSTM,ETH-USD,2026-06-15 17:30:00,0.0031356742,0.0024669354
CEEMDAN_LSTM,ETH-USD,2026-06-15 17:45:00,0.0031366653,0.0024679045
CEEMDAN_LSTM,ETH-USD,2026-06-15 18:00:00,0.0031284818,0.002467959
CEEMDAN_LSTM,ETH-USD,2026-06-15 18:15:00,0.0031239497,0.0024647163
CEEMDAN_LSTM,ETH-USD,2026-06-15 18:30:00,0.0031248562,0.0024648
CEEMDAN_LSTM,ETH-USD,2026-06-15 18:45:00,0.0031248569,0.002465652
CEEMDAN_LSTM,ETH-USD,2026-06-15 19:00:00,0.0031214277,0.0024688775
CEEMDAN_LSTM,ETH-USD,2026-06-15 19:15:00,0.0031161073,0.0025184604
CEEMDAN_LSTM,ETH-USD,2026-06-15 19:30:00,0.00312976,0.0025410694
CEEMDAN_LSTM,ETH-USD,2026-06-15 19:45:00,0.0031567991,0.0025561354
CEEMDAN_LSTM,ETH-USD,2026-06-15 20:00:00,0.0031828354,0.0025564826
CEEMDAN_LSTM,ETH-USD,2026-06-15 20:15:00,0.0032047702,0.002558029
CEEMDAN_LSTM,ETH-USD,2026-06-15 20:30:00,0.0032084873,0.0025597094
CEEMDAN_LSTM,ETH-USD,2026-06-15 20:45:00,0.0032072896,0.002562028
CEEMDAN_LSTM,ETH-USD,2026-06-15 21:00:00,0.0032067955,0.002563553
CEEMDAN_LSTM,ETH-USD,2026-06-15 21:15:00,0.0032044204,0.0025708477
CEEMDAN_LSTM,ETH-USD,2026-06-15 21:30:00,0.0032115104,0.0025708466
CEEMDAN_LSTM,ETH-USD,2026-06-15 21:45:00,0.0032218385,0.0025763363
CEEMDAN_LSTM,ETH-USD,2026-06-15 22:00:00,0.0032266565,0.0025781533
CEEMDAN_LSTM,ETH-USD,2026-06-15 22:15:00,0.0032337462,0.00264672
CEEMDAN_LSTM,ETH-USD,2026-06-15 22:30:00,0.003252419,0.0026467924
CEEMDAN_LSTM,ETH-USD,2026-06-15 22:45:00,0.0032854187,0.0026496968
CEEMDAN_LSTM,ETH-USD,2026-06-15 23:00:00,0.0032915152,0.0026492635
CEEMDAN_LSTM,ETH-USD,2026-06-15 23:15:00,0.0032869456,0.0026494057
CEEMDAN_LSTM,ETH-USD,2026-06-15 23:30:00,0.0032809435,0.0026492695
CEEMDAN_LSTM,ETH-USD,2026-06-15 23:45:00,0.0032752326,0.002652855
CEEMDAN_LSTM,ETH-USD,2026-06-16 00:00:00,0.0032671103,0.00265291
CEEMDAN_LSTM,ETH-USD,2026-06-16 00:15:00,0.003269105,0.002657893
CEEMDAN_LSTM,ETH-USD,2026-06-16 00:30:00,0.003282898,0.0026642112
CEEMDAN_LSTM,ETH-USD,2026-06-16 00:45:00,0.0032867698,0.0026830852
CEEMDAN_LSTM,ETH-USD,2026-06-16 01:00:00,0.0032994011,0.0026836505
CEEMDAN_LSTM,ETH-USD,2026-06-16 01:15:00,0.0033146632,0.0026862752
CEEMDAN_LSTM,ETH-USD,2026-06-16 01:30:00,0.0033121116,0.0026860682
CEEMDAN_LSTM,ETH-USD,2026-06-16 01:45:00,0.003312577,0.0026888726
CEEMDAN_LSTM,ETH-USD,2026-06-16 02:00:00,0.003320908,0.0027026746
CEEMDAN_LSTM,ETH-USD,2026-06-16 02:15:00,0.003334539,0.002729932
CEEMDAN_LSTM,ETH-USD,2026-06-16 02:30:00,0.0033542765,0.0027293824
CEEMDAN_LSTM,ETH-USD,2026-06-16 02:45:00,0.0033666869,0.0027345973
CEEMDAN_LSTM,ETH-USD,2026-06-16 03:00:00,0.0033682613,0.0027374888
CEEMDAN_LSTM,ETH-USD,2026-06-16 03:15:00,0.0033635758,0.0027395147
CEEMDAN_LSTM,ETH-USD,2026-06-16 03:30:00,0.0033587578,0.0027403175
CEEMDAN_LSTM,ETH-USD,2026-06-16 03:45:00,0.0033601597,0.0027401762
CEEMDAN_LSTM,ETH-USD,2026-06-16 04:00:00,0.0033672582,0.00274117
CEEMDAN_LSTM,ETH-USD,2026-06-16 04:15:00,0.0033745256,0.0027589896
CEEMDAN_LSTM,ETH-USD,2026-06-16 04:30:00,0.0033859024,0.0027655743
CEEMDAN_LSTM,ETH-USD,2026-06-16 04:45:00,0.0034001863,0.002766546
CEEMDAN_LSTM,ETH-USD,2026-06-16 05:00:00,0.0034023905,0.0027663212
CEEMDAN_LSTM,ETH-USD,2026-06-16 05:15:00,0.003393692,0.0027654304
CEEMDAN_LSTM,ETH-USD,2026-06-16 05:30:00,0.003388576,0.0027656374
CEEMDAN_LSTM,ETH-USD,2026-06-16 05:45:00,0.0033908158,0.0027659053
CEEMDAN_LSTM,ETH-USD,2026-06-16 06:00:00,0.0033932985,0.0027690532
CEEMDAN_LSTM,ETH-USD,2026-06-16 06:15:00,0.0033871543,0.0027690309
CEEMDAN_LSTM,ETH-USD,2026-06-16 06:30:00,0.0033836686,0.002766243
CEEMDAN_LSTM,ETH-USD,2026-06-16 06:45:00,0.0033844484,0.0027652849
CEEMDAN_LSTM,ETH-USD,2026-06-16 07:00:00,0.0033847897,0.002753805
CEEMDAN_LSTM,ETH-USD,2026-06-16 07:15:00,0.0033871257,0.0027532256
CEEMDAN_LSTM,ETH-USD,2026-06-16 07:30:00,0.0033763633,0.002753289
CEEMDAN_LSTM,ETH-USD,2026-06-16 07:45:00,0.0033707642,0.0027524855
CEEMDAN_LSTM,ETH-USD,2026-06-16 08:00:00,0.0033715656,0.00275308
CEEMDAN_LSTM,ETH-USD,2026-06-16 08:15:00,0.0033693707,0.00275778
CEEMDAN_LSTM,ETH-USD,2026-06-16 08:30:00,0.003364576,0.0027602906
CEEMDAN_LSTM,ETH-USD,2026-06-16 08:45:00,0.0033647206,0.0028084891
CEEMDAN_LSTM,ETH-USD,2026-06-16 09:00:00,0.0033532057,0.0028090973
CEEMDAN_LSTM,ETH-USD,2026-06-16 09:15:00,0.0033869077,0.0028294304
CEEMDAN_LSTM,ETH-USD,2026-06-16 09:30:00,0.0034275176,0.0028291123
CEEMDAN_LSTM,ETH-USD,2026-06-16 09:45:00,0.003438416,0.0028280802
CEEMDAN_LSTM,ETH-USD,2026-06-16 10:00:00,0.0034352418,0.002828099
CEEMDAN_LSTM,ETH-USD,2026-06-16 10:15:00,0.0034294892,0.0028459956
CEEMDAN_LSTM,ETH-USD,2026-06-16 10:30:00,0.0034135235,0.002846767
CEEMDAN_LSTM,ETH-USD,2026-06-16 10:45:00,0.0034266477,0.0028491528
CEEMDAN_LSTM,ETH-USD,2026-06-16 11:00:00,0.003447465,0.0028488843
CEEMDAN_LSTM,ETH-USD,2026-06-16 11:15:00,0.0034507145,0.0028487304
CEEMDAN_LSTM,ETH-USD,2026-06-16 11:30:00,0.003449786,0.002849167
CEEMDAN_LSTM,ETH-USD,2026-06-16 11:45:00,0.0034447603,0.0028513265
CEEMDAN_LSTM,ETH-USD,2026-06-16 12:00:00,0.003435892,0.0028690544
CEEMDAN_LSTM,ETH-USD,2026-06-16 12:15:00,0.0034244813,0.0028927512
CEEMDAN_LSTM,ETH-USD,2026-06-16 12:30:00,0.0034255814,0.0028662102
CEEMDAN_LSTM,ETH-USD,2026-06-16 12:45:00,0.0034604825,0.0028688412
CEEMDAN_LSTM,ETH-USD,2026-06-16 13:00:00,0.0034759806,0.0029001322
CEEMDAN_LSTM,ETH-USD,2026-06-16 13:15:00,0.0034918038,0.0029001238
CEEMDAN_LSTM,ETH-USD,2026-06-16 13:30:00,0.0035047207,0.0028997094
CEEMDAN_LSTM,ETH-USD,2026-06-16 13:45:00,0.0034943747,0.0029101365
CEEMDAN_LSTM,ETH-USD,2026-06-16 14:00:00,0.0034924878,0.0029107502
CEEMDAN_LSTM,ETH-USD,2026-06-16 14:15:00,0.0035003012,0.0030351637
CEEMDAN_LSTM,ETH-USD,2026-06-16 14:30:00,0.0035300774,0.0030449606
CEEMDAN_LSTM,ETH-USD,2026-06-16 14:45:00,0.003572266,0.0030450039
CEEMDAN_LSTM,ETH-USD,2026-06-16 15:00:00,0.0035798366,0.0030496984
CEEMDAN_LSTM,ETH-USD,2026-06-16 15:15:00,0.0035764228,0.003058469
CEEMDAN_LSTM,ETH-USD,2026-06-16 15:30:00,0.0035910753,0.0030570985
CEEMDAN_LSTM,ETH-USD,2026-06-16 15:45:00,0.0035976525,0.0030578573
CEEMDAN_LSTM,ETH-USD,2026-06-16 16:00:00,0.0035885922,0.00306161
CEEMDAN_LSTM,ETH-USD,2026-06-16 16:15:00,0.003592848,0.0030610764
CEEMDAN_LSTM,ETH-USD,2026-06-16 16:30:00,0.0035931831,0.0030597157
CEEMDAN_LSTM,ETH-USD,2026-06-16 16:45:00,0.0035891887,0.0030601656
CEEMDAN_LSTM,ETH-USD,2026-06-16 17:00:00,0.0035866,0.0030608133
CEEMDAN_LSTM,ETH-USD,2026-06-16 17:15:00,0.0035815397,0.0030595982
CEEMDAN_LSTM,ETH-USD,2026-06-16 17:30:00,0.0035797898,0.0030606391
CEEMDAN_LSTM,ETH-USD,2026-06-16 17:45:00,0.0035777425,0.0030808835
CEEMDAN_LSTM,ETH-USD,2026-06-16 18:00:00,0.0035692435,0.003095935
CEEMDAN_LSTM,ETH-USD,2026-06-16 18:15:00,0.0035749013,0.0031124784
CEEMDAN_LSTM,ETH-USD,2026-06-16 18:30:00,0.0036109278,0.0031103091
CEEMDAN_LSTM,ETH-USD,2026-06-16 18:45:00,0.0036295082,0.0031117767
CEEMDAN_LSTM,ETH-USD,2026-06-16 19:00:00,0.00362163,0.003117014
CEEMDAN_LSTM,ETH-USD,2026-06-16 19:15:00,0.003626042,0.0031181993
CEEMDAN_LSTM,ETH-USD,2026-06-16 19:30:00,0.003626522,0.0031150912
CEEMDAN_LSTM,ETH-USD,2026-06-16 19:45:00,0.00362563,0.0031175455
CEEMDAN_LSTM,ETH-USD,2026-06-16 20:00:00,0.0036293552,0.0031178163
CEEMDAN_LSTM,ETH-USD,2026-06-16 20:15:00,0.0036338822,0.0031212207
CEEMDAN_LSTM,ETH-USD,2026-06-16 20:30:00,0.0036409306,0.0031315763
CEEMDAN_LSTM,ETH-USD,2026-06-16 20:45:00,0.0036314365,0.0031315887
CEEMDAN_LSTM,ETH-USD,2026-06-16 21:00:00,0.0036377204,0.003129687
CEEMDAN_LSTM,ETH-USD,2026-06-16 21:15:00,0.0036465062,0.0031346886
CEEMDAN_LSTM,ETH-USD,2026-06-16 21:30:00,0.0036559026,0.0031329503
CEEMDAN_LSTM,ETH-USD,2026-06-16 21:45:00,0.003656602,0.0031328765
CEEMDAN_LSTM,ETH-USD,2026-06-16 22:00:00,0.0036508243,0.003131976
CEEMDAN_LSTM,ETH-USD,2026-06-16 22:15:00,0.003649078,0.0031348637
CEEMDAN_LSTM,ETH-USD,2026-06-16 22:30:00,0.0036580937,0.0031336537
CEEMDAN_LSTM,ETH-USD,2026-06-16 22:45:00,0.0036639366,0.0031358397
CEEMDAN_LSTM,ETH-USD,2026-06-16 23:00:00,0.0036554304,0.0031359424
CEEMDAN_LSTM,ETH-USD,2026-06-16 23:15:00,0.0036559373,0.0031359259
CEEMDAN_LSTM,ETH-USD,2026-06-16 23:30:00,0.003661825,0.0031364555
CEEMDAN_LSTM,ETH-USD,2026-06-16 23:45:00,0.0036656293,0.0031357235
CEEMDAN_LSTM,ETH-USD,2026-06-17 00:00:00,0.003665757,0.0031355857
CEEMDAN_LSTM,ETH-USD,2026-06-17 00:15:00,0.0036605613,0.0031316848
CEEMDAN_LSTM,ETH-USD,2026-06-17 00:30:00,0.0036580302,0.0031256508
CEEMDAN_LSTM,ETH-USD,2026-06-17 00:45:00,0.0036524972,0.0031282627
CEEMDAN_LSTM,ETH-USD,2026-06-17 01:00:00,0.0036548546,0.0031264473
CEEMDAN_LSTM,ETH-USD,2026-06-17 01:15:00,0.003657735,0.0031417953
CEEMDAN_LSTM,ETH-USD,2026-06-17 01:30:00,0.0036688258,0.0031457304
CEEMDAN_LSTM,ETH-USD,2026-06-17 01:45:00,0.003666396,0.0031509046
CEEMDAN_LSTM,ETH-USD,2026-06-17 02:00:00,0.0036566562,0.0031507753
CEEMDAN_LSTM,ETH-USD,2026-06-17 02:15:00,0.0036633376,0.0031616632
CEEMDAN_LSTM,ETH-USD,2026-06-17 02:30:00,0.0036604097,0.0031864974
CEEMDAN_LSTM,ETH-USD,2026-06-17 02:45:00,0.0036868101,0.003185117
CEEMDAN_LSTM,ETH-USD,2026-06-17 03:00:00,0.003702125,0.0031891076
CEEMDAN_LSTM,ETH-USD,2026-06-17 03:15:00,0.0037032156,0.0031891835
CEEMDAN_LSTM,ETH-USD,2026-06-17 03:30:00,0.0037005732,0.0031845751
CEEMDAN_LSTM,ETH-USD,2026-06-17 03:45:00,0.0036959217,0.0031834068
CEEMDAN_LSTM,ETH-USD,2026-06-17 04:00:00,0.0036960833,0.0031833523
CEEMDAN_LSTM,ETH-USD,2026-06-17 04:15:00,0.0036980724,0.003182092
CEEMDAN_LSTM,ETH-USD,2026-06-17 04:30:00,0.003697153,0.0031815579
CEEMDAN_LSTM,ETH-USD,2026-06-17 04:45:00,0.0036965213,0.0031808175
CEEMDAN_LSTM,ETH-USD,2026-06-17 05:00:00,0.0036985432,0.0031824505
CEEMDAN_LSTM,ETH-USD,2026-06-17 05:15:00,0.003702642,0.0031820296
CEEMDAN_LSTM,ETH-USD,2026-06-17 05:30:00,0.0037003404,0.0031631899
CEEMDAN_LSTM,ETH-USD,2026-06-17 05:45:00,0.00369595,0.003162848
CEEMDAN_LSTM,ETH-USD,2026-06-17 06:00:00,0.0036927124,0.0031615305
CEEMDAN_LSTM,ETH-USD,2026-06-17 06:15:00,0.0036894826,0.003170556
CEEMDAN_LSTM,ETH-USD,2026-06-17 06:30:00,0.0036962053,0.0031705336
CEEMDAN_LSTM,ETH-USD,2026-06-17 06:45:00,0.0036979893,0.003170607
CEEMDAN_LSTM,ETH-USD,2026-06-17 07:00:00,0.0036926426,0.003169827
CEEMDAN_LSTM,ETH-USD,2026-06-17 07:15:00,0.003690519,0.0031786475
CEEMDAN_LSTM,ETH-USD,2026-06-17 07:30:00,0.0037021798,0.0031787597
CEEMDAN_LSTM,ETH-USD,2026-06-17 07:45:00,0.0037046873,0.003170353
CEEMDAN_LSTM,ETH-USD,2026-06-17 08:00:00,0.0037032298,0.0031760617
CEEMDAN_LSTM,ETH-USD,2026-06-17 08:15:00,0.0037036159,0.003178191
CEEMDAN_LSTM,ETH-USD,2026-06-17 08:30:00,0.0037049253,0.0032163404
CEEMDAN_LSTM,ETH-USD,2026-06-17 08:45:00,0.0037204768,0.003215617
CEEMDAN_LSTM,ETH-USD,2026-06-17 09:00:00,0.0037255574,0.0032180438
CEEMDAN_LSTM,ETH-USD,2026-06-17 09:15:00,0.0037142884,0.0032215836
CEEMDAN_LSTM,ETH-USD,2026-06-17 09:30:00,0.0037106222,0.003222859
CEEMDAN_LSTM,ETH-USD,2026-06-17 09:45:00,0.0037264891,0.0032228397
CEEMDAN_LSTM,ETH-USD,2026-06-17 10:00:00,0.0037336354,0.0032211167
CEEMDAN_LSTM,ETH-USD,2026-06-17 10:15:00,0.0037313404,0.0032210997
CEEMDAN_LSTM,ETH-USD,2026-06-17 10:30:00,0.0037271278,0.0032208315
CEEMDAN_LSTM,ETH-USD,2026-06-17 10:45:00,0.0037243534,0.0032252735
CEEMDAN_LSTM,ETH-USD,2026-06-17 11:00:00,0.0037328817,0.0032273808
CEEMDAN_LSTM,ETH-USD,2026-06-17 11:15:00,0.0037412085,0.003224662
CEEMDAN_LSTM,ETH-USD,2026-06-17 11:30:00,0.0037361651,0.0032215333
CEEMDAN_LSTM,ETH-USD,2026-06-17 11:45:00,0.0037301995,0.0032213577
CEEMDAN_LSTM,ETH-USD,2026-06-17 12:00:00,0.0037276999,0.0032206958
CEEMDAN_LSTM,ETH-USD,2026-06-17 12:15:00,0.0037269334,0.003107185
CEEMDAN_LSTM,ETH-USD,2026-06-17 12:30:00,0.0037497086,0.003073106
CEEMDAN_LSTM,ETH-USD,2026-06-17 12:45:00,0.003675115,0.0030747752
CEEMDAN_LSTM,ETH-USD,2026-06-17 13:00:00,0.0036133889,0.003074699
CEEMDAN_LSTM,ETH-USD,2026-06-17 13:15:00,0.0036098938,0.0030774388
CEEMDAN_LSTM,ETH-USD,2026-06-17 13:30:00,0.0036256143,0.0030889667
CEEMDAN_LSTM,ETH-USD,2026-06-17 13:45:00,0.0036201503,0.003093381
CEEMDAN_LSTM,ETH-USD,2026-06-17 14:00:00,0.0036357,0.003092828
CEEMDAN_LSTM,ETH-USD,2026-06-17 14:15:00,0.003647632,0.0030980827
CEEMDAN_LSTM,ETH-USD,2026-06-17 14:30:00,0.0036519638,0.0030940464
CEEMDAN_LSTM,ETH-USD,2026-06-17 14:45:00,0.0036521568,0.0030862994
CEEMDAN_LSTM,ETH-USD,2026-06-17 15:00:00,0.0036477463,0.003082339
CEEMDAN_LSTM,ETH-USD,2026-06-17 15:15:00,0.0036362642,0.0030782907
CEEMDAN_LSTM,ETH-USD,2026-06-17 15:30:00,0.0036296092,0.0030763273
CEEMDAN_LSTM,ETH-USD,2026-06-17 15:45:00,0.0036312446,0.0030831224
CEEMDAN_LSTM,ETH-USD,2026-06-17 16:00:00,0.0036323469,0.0030812682
CEEMDAN_LSTM,ETH-USD,2026-06-17 16:15:00,0.0036394126,0.0030923167
CEEMDAN_LSTM,ETH-USD,2026-06-17 16:30:00,0.0036318793,0.0030962243
CEEMDAN_LSTM,ETH-USD,2026-06-17 16:45:00,0.0036585992,0.0030909923
CEEMDAN_LSTM,ETH-USD,2026-06-17 17:00:00,0.0036792464,0.0030866822
CEEMDAN_LSTM,ETH-USD,2026-06-17 17:15:00,0.003672524,0.0030927705
CEEMDAN_LSTM,ETH-USD,2026-06-17 17:30:00,0.003654321,0.003094731
CEEMDAN_LSTM,ETH-USD,2026-06-17 17:45:00,0.0036580027,0.00313009
CEEMDAN_LSTM,ETH-USD,2026-06-17 18:00:00,0.0036526998,0.003238998
CEEMDAN_LSTM,ETH-USD,2026-06-17 18:15:00,0.0037170101,0.0032386186
CEEMDAN_LSTM,ETH-USD,2026-06-17 18:30:00,0.0037728387,0.0033016598
CEEMDAN_LSTM,ETH-USD,2026-06-17 18:45:00,0.0037497296,0.003341896
CEEMDAN_LSTM,ETH-USD,2026-06-17 19:00:00,0.0037922277,0.0033412657
CEEMDAN_LSTM,ETH-USD,2026-06-17 19:15:00,0.0038309814,0.0035273526
CEEMDAN_LSTM,ETH-USD,2026-06-17 19:30:00,0.0038802123,0.0035355412
CEEMDAN_LSTM,ETH-USD,2026-06-17 19:45:00,0.003950059,0.0035357575
CEEMDAN_LSTM,ETH-USD,2026-06-17 20:00:00,0.00395443,0.0035372074
CEEMDAN_LSTM,ETH-USD,2026-06-17 20:15:00,0.0039410037,0.0035355273
CEEMDAN_LSTM,ETH-USD,2026-06-17 20:30:00,0.0039411704,0.0035343496
CEEMDAN_LSTM,ETH-USD,2026-06-17 20:45:00,0.003951834,0.0035534995
CEEMDAN_LSTM,ETH-USD,2026-06-17 21:00:00,0.0039402777,0.0035575647
CEEMDAN_LSTM,ETH-USD,2026-06-17 21:15:00,0.003968489,0.0035575083
CEEMDAN_LSTM,ETH-USD,2026-06-17 21:30:00,0.003979887,0.0035575072
CEEMDAN_LSTM,ETH-USD,2026-06-17 21:45:00,0.003984144,0.0035577724
CEEMDAN_LSTM,ETH-USD,2026-06-17 22:00:00,0.0039828643,0.0035596876
CEEMDAN_LSTM,ETH-USD,2026-06-17 22:15:00,0.003985479,0.0035710705
CEEMDAN_LSTM,ETH-USD,2026-06-17 22:30:00,0.0039729956,0.0035689853
CEEMDAN_LSTM,ETH-USD,2026-06-17 22:45:00,0.0039857863,0.00356975
CEEMDAN_LSTM,ETH-USD,2026-06-17 23:00:00,0.0039992356,0.0035697187
CEEMDAN_LSTM,ETH-USD,2026-06-17 23:15:00,0.003994323,0.0035771853
CEEMDAN_LSTM,ETH-USD,2026-06-17 23:30:00,0.003985489,0.0035772708
CEEMDAN_LSTM,ETH-USD,2026-06-17 23:45:00,0.003999433,0.0035785392
CEEMDAN_LSTM,ETH-USD,2026-06-18 00:00:00,0.003999305,0.0035826212
CEEMDAN_LSTM,ETH-USD,2026-06-18 00:15:00,0.0039915913,0.0035819693
CEEMDAN_LSTM,ETH-USD,2026-06-18 00:30:00,0.003997271,0.0035740177
CEEMDAN_LSTM,ETH-USD,2026-06-18 00:45:00,0.0039993897,0.003574075
CEEMDAN_LSTM,ETH-USD,2026-06-18 01:00:00,0.0039983112,0.0035832378
CEEMDAN_LSTM,ETH-USD,2026-06-18 01:15:00,0.003980557,0.00358663
CEEMDAN_LSTM,ETH-USD,2026-06-18 01:30:00,0.00399837,0.0035845235
CEEMDAN_LSTM,ETH-USD,2026-06-18 01:45:00,0.0040036743,0.0035710265
CEEMDAN_LSTM,ETH-USD,2026-06-18 02:00:00,0.004002811,0.003568804
CEEMDAN_LSTM,ETH-USD,2026-06-18 02:15:00,0.003990593,0.0034905677
CEEMDAN_LSTM,ETH-USD,2026-06-18 02:30:00,0.0039796038,0.0034905362
CEEMDAN_LSTM,ETH-USD,2026-06-18 02:45:00,0.003947093,0.0034891043
CEEMDAN_LSTM,ETH-USD,2026-06-18 03:00:00,0.0039396347,0.0034923719
CEEMDAN_LSTM,ETH-USD,2026-06-18 03:15:00,0.003945443,0.0035005105
CEEMDAN_LSTM,ETH-USD,2026-06-18 03:30:00,0.003952178,0.003486109
CEEMDAN_LSTM,ETH-USD,2026-06-18 03:45:00,0.0039504245,0.0034850459
CEEMDAN_LSTM,ETH-USD,2026-06-18 04:00:00,0.003935005,0.0034492353
CEEMDAN_LSTM,ETH-USD,2026-06-18 04:15:00,0.003944575,0.0033331383
CEEMDAN_LSTM,ETH-USD,2026-06-18 04:30:00,0.0039218054,0.0033283297
CEEMDAN_LSTM,ETH-USD,2026-06-18 04:45:00,0.0038598736,0.0033284177
CEEMDAN_LSTM,ETH-USD,2026-06-18 05:00:00,0.0038381326,0.0033266288
CEEMDAN_LSTM,ETH-USD,2026-06-18 05:15:00,0.0038404893,0.0033250977
CEEMDAN_LSTM,ETH-USD,2026-06-18 05:30:00,0.0038397543,0.0033250279
CEEMDAN_LSTM,ETH-USD,2026-06-18 05:45:00,0.003838185,0.0033249173
CEEMDAN_LSTM,ETH-USD,2026-06-18 06:00:00,0.0038358283,0.0033250265
CEEMDAN_LSTM,ETH-USD,2026-06-18 06:15:00,0.0038419985,0.0033255653
CEEMDAN_LSTM,ETH-USD,2026-06-18 06:30:00,0.0038424777,0.003299351
CEEMDAN_LSTM,ETH-USD,2026-06-18 06:45:00,0.0038366024,0.003252677
CEEMDAN_LSTM,ETH-USD,2026-06-18 07:00:00,0.0038314569,0.0032525992
CEEMDAN_LSTM,ETH-USD,2026-06-18 07:15:00,0.0038139303,0.0032768985
CEEMDAN_LSTM,ETH-USD,2026-06-18 07:30:00,0.0037947753,0.0032795598
CEEMDAN_LSTM,ETH-USD,2026-06-18 07:45:00,0.0038083526,0.0032797295
CEEMDAN_LSTM,ETH-USD,2026-06-18 08:00:00,0.0038263893,0.0032591508
CEEMDAN_LSTM,ETH-USD,2026-06-18 08:15:00,0.00383532,0.0032597778
CEEMDAN_LSTM,ETH-USD,2026-06-18 08:30:00,0.0038233183,0.003259979
CEEMDAN_LSTM,ETH-USD,2026-06-18 08:45:00,0.003817629,0.0032611012
CEEMDAN_LSTM,ETH-USD,2026-06-18 09:00:00,0.0038226503,0.0032604216
CEEMDAN_LSTM,ETH-USD,2026-06-18 09:15:00,0.0038242221,0.0032628542
CEEMDAN_LSTM,ETH-USD,2026-06-18 09:30:00,0.0038288243,0.003266246
CEEMDAN_LSTM,ETH-USD,2026-06-18 09:45:00,0.003821963,0.0032661422
CEEMDAN_LSTM,ETH-USD,2026-06-18 10:00:00,0.0038248098,0.0032656216
CEEMDAN_LSTM,ETH-USD,2026-06-18 10:15:00,0.0038370106,0.003232861
CEEMDAN_LSTM,ETH-USD,2026-06-18 10:30:00,0.0038369629,0.0032109695
CEEMDAN_LSTM,ETH-USD,2026-06-18 10:45:00,0.003820537,0.0032084608
CEEMDAN_LSTM,ETH-USD,2026-06-18 11:00:00,0.003794998,0.0032075208
CEEMDAN_LSTM,ETH-USD,2026-06-18 11:15:00,0.003795397,0.0032070305
CEEMDAN_LSTM,ETH-USD,2026-06-18 11:30:00,0.0038038443,0.0032074915
CEEMDAN_LSTM,ETH-USD,2026-06-18 11:45:00,0.0038083142,0.0032065564
CEEMDAN_LSTM,ETH-USD,2026-06-18 12:00:00,0.0038060013,0.0032049827
CEEMDAN_LSTM,ETH-USD,2026-06-18 12:15:00,0.003799328,0.0032099828
CEEMDAN_LSTM,ETH-USD,2026-06-18 12:30:00,0.0037918228,0.0032111022
CEEMDAN_LSTM,ETH-USD,2026-06-18 12:45:00,0.0038077421,0.0032075762
CEEMDAN_LSTM,ETH-USD,2026-06-18 13:00:00,0.003815173,0.0032067858
CEEMDAN_LSTM,ETH-USD,2026-06-18 13:15:00,0.003809039,0.003152825
CEEMDAN_LSTM,ETH-USD,2026-06-18 13:30:00,0.0038058446,0.0032172706
CEEMDAN_LSTM,ETH-USD,2026-06-18 13:45:00,0.003807438,0.0032192636
CEEMDAN_LSTM,ETH-USD,2026-06-18 14:00:00,0.0038121236,0.0032230807
CEEMDAN_LSTM,ETH-USD,2026-06-18 14:15:00,0.0038146237,0.0032235507
CEEMDAN_LSTM,ETH-USD,2026-06-18 14:30:00,0.0038113373,0.003230122
CEEMDAN_LSTM,ETH-USD,2026-06-18 14:45:00,0.0038047063,0.003224606
CEEMDAN_LSTM,ETH-USD,2026-06-18 15:00:00,0.0038129336,0.0032332363
CEEMDAN_LSTM,ETH-USD,2026-06-18 15:15:00,0.0038267504,0.0032633767
CEEMDAN_LSTM,ETH-USD,2026-06-18 15:30:00,0.0038440197,0.003341871
CEEMDAN_LSTM,ETH-USD,2026-06-18 15:45:00,0.0038718625,0.0033879336
CEEMDAN_LSTM,ETH-USD,2026-06-18 16:00:00,0.003909842,0.003399825
CEEMDAN_LSTM,ETH-USD,2026-06-18 16:15:00,0.0039005526,0.0033974492
CEEMDAN_LSTM,ETH-USD,2026-06-18 16:30:00,0.0039045177,0.0033974487
CEEMDAN_LSTM,ETH-USD,2026-06-18 16:45:00,0.003913773,0.0033959623
CEEMDAN_LSTM,ETH-USD,2026-06-18 17:00:00,0.0039203838,0.003387281
CEEMDAN_LSTM,ETH-USD,2026-06-18 17:15:00,0.003926215,0.003370338
CEEMDAN_LSTM,ETH-USD,2026-06-18 17:30:00,0.003924053,0.0033709828
CEEMDAN_LSTM,ETH-USD,2026-06-18 17:45:00,0.0039082374,0.0033689016
CEEMDAN_LSTM,ETH-USD,2026-06-18 18:00:00,0.0039130566,0.0033651905
CEEMDAN_LSTM,ETH-USD,2026-06-18 18:15:00,0.0039147944,0.003373282
CEEMDAN_LSTM,ETH-USD,2026-06-18 18:30:00,0.0039017187,0.0033719258
CEEMDAN_LSTM,ETH-USD,2026-06-18 18:45:00,0.0039127143,0.003371848
CEEMDAN_LSTM,ETH-USD,2026-06-18 19:00:00,0.0039200913,0.0033717332
CEEMDAN_LSTM,ETH-USD,2026-06-18 19:15:00,0.0039184717,0.0033653304
CEEMDAN_LSTM,ETH-USD,2026-06-18 19:30:00,0.0039117094,0.0033904728
CEEMDAN_LSTM,ETH-USD,2026-06-18 19:45:00,0.00389839,0.0033909467
CEEMDAN_LSTM,ETH-USD,2026-06-18 20:00:00,0.003923538,0.0033991707
CEEMDAN_LSTM,ETH-USD,2026-06-18 20:15:00,0.003932666,0.0033993144
CEEMDAN_LSTM,ETH-USD,2026-06-18 20:30:00,0.003940535,0.0033992694
CEEMDAN_LSTM,ETH-USD,2026-06-18 20:45:00,0.003944223,0.0034004252
CEEMDAN_LSTM,ETH-USD,2026-06-18 21:00:00,0.0039476133,0.0034039463
CEEMDAN_LSTM,ETH-USD,2026-06-18 21:15:00,0.003953856,0.0034035963
CEEMDAN_LSTM,ETH-USD,2026-06-18 21:30:00,0.0039432724,0.003402595
CEEMDAN_LSTM,ETH-USD,2026-06-18 21:45:00,0.0039373143,0.0034032294
CEEMDAN_LSTM,ETH-USD,2026-06-18 22:00:00,0.0039374605,0.0034032129
CEEMDAN_LSTM,ETH-USD,2026-06-18 22:15:00,0.00394438,0.0034034064
CEEMDAN_LSTM,ETH-USD,2026-06-18 22:30:00,0.003950854,0.0034041938
CEEMDAN_LSTM,ETH-USD,2026-06-18 22:45:00,0.0039447704,0.0034043374
CEEMDAN_LSTM,ETH-USD,2026-06-18 23:00:00,0.0039413767,0.003404632
CEEMDAN_LSTM,ETH-USD,2026-06-18 23:15:00,0.0039528594,0.0034068201
CEEMDAN_LSTM,ETH-USD,2026-06-18 23:30:00,0.003944975,0.003403785
CEEMDAN_LSTM,ETH-USD,2026-06-18 23:45:00,0.003950431,0.0033569261
CEEMDAN_LSTM,ETH-USD,2026-06-19 00:00:00,0.003956362,0.0033562847
CEEMDAN_LSTM,ETH-USD,2026-06-19 00:15:00,0.003938946,0.0033418112
CEEMDAN_LSTM,ETH-USD,2026-06-19 00:30:00,0.003928613,0.003343437
CEEMDAN_LSTM,ETH-USD,2026-06-19 00:45:00,0.0039210645,0.003342622
CEEMDAN_LSTM,ETH-USD,2026-06-19 01:00:00,0.003932034,0.003343159
CEEMDAN_LSTM,ETH-USD,2026-06-19 01:15:00,0.003941344,0.003324792
CEEMDAN_LSTM,ETH-USD,2026-06-19 01:30:00,0.0039426736,0.0033240719
CEEMDAN_LSTM,ETH-USD,2026-06-19 01:45:00,0.0039284066,0.0033261746
CEEMDAN_LSTM,ETH-USD,2026-06-19 02:00:00,0.0039160764,0.0033267876
CEEMDAN_LSTM,ETH-USD,2026-06-19 02:15:00,0.003925928,0.0033351646
CEEMDAN_LSTM,ETH-USD,2026-06-19 02:30:00,0.0039423783,0.0033338454
CEEMDAN_LSTM,ETH-USD,2026-06-19 02:45:00,0.0039441925,0.0033328242
CEEMDAN_LSTM,ETH-USD,2026-06-19 03:00:00,0.003938294,0.003339451
CEEMDAN_LSTM,ETH-USD,2026-06-19 03:15:00,0.003960751,0.0033193838
CEEMDAN_LSTM,ETH-USD,2026-06-19 03:30:00,0.003952423,0.0033198716
CEEMDAN_LSTM,ETH-USD,2026-06-19 03:45:00,0.0039410056,0.0033186185
CEEMDAN_LSTM,ETH-USD,2026-06-19 04:00:00,0.00393577,0.0032953748
CEEMDAN_LSTM,ETH-USD,2026-06-19 04:15:00,0.0039323424,0.0032999844
CEEMDAN_LSTM,ETH-USD,2026-06-19 04:30:00,0.0039361366,0.0033000587
CEEMDAN_LSTM,ETH-USD,2026-06-19 04:45:00,0.0039421055,0.0032930824
CEEMDAN_LSTM,ETH-USD,2026-06-19 05:00:00,0.003939748,0.003306429
CEEMDAN_LSTM,ETH-USD,2026-06-19 05:15:00,0.0039169374,0.0032018872
CEEMDAN_LSTM,ETH-USD,2026-06-19 05:30:00,0.003933249,0.0031916865
CEEMDAN_LSTM,ETH-USD,2026-06-19 05:45:00,0.0038899942,0.003192408
CEEMDAN_LSTM,ETH-USD,2026-06-19 06:00:00,0.0038601374,0.0031878166
CEEMDAN_LSTM,ETH-USD,2026-06-19 06:15:00,0.003857148,0.003181656
CEEMDAN_LSTM,ETH-USD,2026-06-19 06:30:00,0.0038577355,0.0031816128
CEEMDAN_LSTM,ETH-USD,2026-06-19 06:45:00,0.0038575903,0.0031798626
CEEMDAN_LSTM,ETH-USD,2026-06-19 07:00:00,0.0038603437,0.0031797523
CEEMDAN_LSTM,ETH-USD,2026-06-19 07:15:00,0.0038679182,0.0031791332
CEEMDAN_LSTM,ETH-USD,2026-06-19 07:30:00,0.0038653978,0.0031816238
CEEMDAN_LSTM,ETH-USD,2026-06-19 07:45:00,0.0038675324,0.0031840429
CEEMDAN_LSTM,ETH-USD,2026-06-19 08:00:00,0.0038608643,0.0031830762
CEEMDAN_LSTM,ETH-USD,2026-06-19 08:15:00,0.0038592408,0.0031825716
CEEMDAN_LSTM,ETH-USD,2026-06-19 08:30:00,0.0038629938,0.0031802545
CEEMDAN_LSTM,ETH-USD,2026-06-19 08:45:00,0.0038638713,0.0031580643
CEEMDAN_LSTM,ETH-USD,2026-06-19 09:00:00,0.0038599868,0.0031460845
CEEMDAN_LSTM,ETH-USD,2026-06-19 09:15:00,0.0038580108,0.0031328718
CEEMDAN_LSTM,ETH-USD,2026-06-19 09:30:00,0.0038459415,0.0031334173
CEEMDAN_LSTM,ETH-USD,2026-06-19 09:45:00,0.0038306874,0.0031324695
CEEMDAN_LSTM,ETH-USD,2026-06-19 10:00:00,0.0038346215,0.0031304725
CEEMDAN_LSTM,ETH-USD,2026-06-19 10:15:00,0.0038329978,0.0031282865
CEEMDAN_LSTM,ETH-USD,2026-06-19 10:30:00,0.0038341375,0.0031285495
CEEMDAN_LSTM,ETH-USD,2026-06-19 10:45:00,0.0038368097,0.0031336253
CEEMDAN_LSTM,ETH-USD,2026-06-19 11:00:00,0.0038283737,0.0031352944
CEEMDAN_LSTM,ETH-USD,2026-06-19 11:15:00,0.0038378472,0.003134458
CEEMDAN_LSTM,ETH-USD,2026-06-19 11:30:00,0.0038393321,0.0031208205
CEEMDAN_LSTM,ETH-USD,2026-06-19 11:45:00,0.0038373882,0.0031211053
CEEMDAN_LSTM,ETH-USD,2026-06-19 12:00:00,0.0038355056,0.0031205025
CEEMDAN_LSTM,ETH-USD,2026-06-19 12:15:00,0.0038375366,0.0031160917
CEEMDAN_LSTM,ETH-USD,2026-06-19 12:30:00,0.0038396653,0.0031168328
CEEMDAN_LSTM,ETH-USD,2026-06-19 12:45:00,0.0038392697,0.003133762
CEEMDAN_LSTM,ETH-USD,2026-06-19 13:00:00,0.0038239222,0.0031331782
CEEMDAN_LSTM,ETH-USD,2026-06-19 13:15:00,0.0038370742,0.0031316727
CEEMDAN_LSTM,ETH-USD,2026-06-19 13:30:00,0.0038528088,0.0031532538
CEEMDAN_LSTM,ETH-USD,2026-06-19 13:45:00,0.0038391356,0.003150626
CEEMDAN_LSTM,ETH-USD,2026-06-19 14:00:00,0.0038503448,0.0031546298
CEEMDAN_LSTM,ETH-USD,2026-06-19 14:15:00,0.0038735708,0.003161441
CEEMDAN_LSTM,ETH-USD,2026-06-19 14:30:00,0.0038667838,0.0031616492
CEEMDAN_LSTM,ETH-USD,2026-06-19 14:45:00,0.0038634941,0.0031629056
CEEMDAN_LSTM,ETH-USD,2026-06-19 15:00:00,0.0038669715,0.0031625647
CEEMDAN_LSTM,ETH-USD,2026-06-19 15:15:00,0.0038758258,0.0031704518
CEEMDAN_LSTM,ETH-USD,2026-06-19 15:30:00,0.003887293,0.0031873374
CEEMDAN_LSTM,ETH-USD,2026-06-19 15:45:00,0.0038698246,0.0031858678
CEEMDAN_LSTM,ETH-USD,2026-06-19 16:00:00,0.0038788335,0.0031900494
CEEMDAN_LSTM,ETH-USD,2026-06-19 16:15:00,0.003883422,0.0031798538
CEEMDAN_LSTM,ETH-USD,2026-06-19 16:30:00,0.0038935866,0.003175769
CEEMDAN_LSTM,ETH-USD,2026-06-19 16:45:00,0.003894655,0.003181065
CEEMDAN_LSTM,ETH-USD,2026-06-19 17:00:00,0.0038994444,0.003181248
CEEMDAN_LSTM,ETH-USD,2026-06-19 17:15:00,0.00389056,0.0031675063
CEEMDAN_LSTM,ETH-USD,2026-06-19 17:30:00,0.0038839423,0.0031541626
CEEMDAN_LSTM,ETH-USD,2026-06-19 17:45:00,0.00386944,0.003156286
CEEMDAN_LSTM,ETH-USD,2026-06-19 18:00:00,0.0038612178,0.0031535823
CEEMDAN_LSTM,ETH-USD,2026-06-19 18:15:00,0.003868982,0.003153994
CEEMDAN_LSTM,ETH-USD,2026-06-19 18:30:00,0.0038772475,0.0031532005
CEEMDAN_LSTM,ETH-USD,2026-06-19 18:45:00,0.0038815928,0.0031540552
CEEMDAN_LSTM,ETH-USD,2026-06-19 19:00:00,0.0038751904,0.0031540573
CEEMDAN_LSTM,ETH-USD,2026-06-19 19:15:00,0.003875772,0.0031542503
CEEMDAN_LSTM,ETH-USD,2026-06-19 19:30:00,0.0038825218,0.0031541977
CEEMDAN_LSTM,ETH-USD,2026-06-19 19:45:00,0.003882209,0.0031542643
CEEMDAN_LSTM,ETH-USD,2026-06-19 20:00:00,0.003879979,0.0031548191
CEEMDAN_LSTM,ETH-USD,2026-06-19 20:15:00,0.003878404,0.003153824
CEEMDAN_LSTM,ETH-USD,2026-06-19 20:30:00,0.0038829658,0.0031519781
CEEMDAN_LSTM,ETH-USD,2026-06-19 20:45:00,0.0038858152,0.0031595472
CEEMDAN_LSTM,ETH-USD,2026-06-19 21:00:00,0.0038748435,0.0031589705
CEEMDAN_LSTM,ETH-USD,2026-06-19 21:15:00,0.0038815683,0.0031544368
CEEMDAN_LSTM,ETH-USD,2026-06-19 21:30:00,0.0038963403,0.0031552687
CEEMDAN_LSTM,ETH-USD,2026-06-19 21:45:00,0.0038983098,0.0031547833
CEEMDAN_LSTM,ETH-USD,2026-06-19 22:00:00,0.0038928045,0.003154463
CEEMDAN_LSTM,ETH-USD,2026-06-19 22:15:00,0.0038869423,0.0031550133
CEEMDAN_LSTM,ETH-USD,2026-06-19 22:30:00,0.0038777888,0.003154112
CEEMDAN_LSTM,ETH-USD,2026-06-19 22:45:00,0.0038858189,0.0031535993
CEEMDAN_LSTM,ETH-USD,2026-06-19 23:00:00,0.0038963733,0.0031479807
CEEMDAN_LSTM,ETH-USD,2026-06-19 23:15:00,0.003899181,0.0031481062
CEEMDAN_LSTM,ETH-USD,2026-06-19 23:30:00,0.0038894692,0.0031128395
CEEMDAN_LSTM,ETH-USD,2026-06-19 23:45:00,0.0038875362,0.0031143406
CEEMDAN_LSTM,ETH-USD,2026-06-20 00:00:00,0.0038659405,0.0031110602
CEEMDAN_LSTM,ETH-USD,2026-06-20 00:15:00,0.0038641698,0.0031049263
CEEMDAN_LSTM,ETH-USD,2026-06-20 00:30:00,0.0038654106,0.0031041421
CEEMDAN_LSTM,ETH-USD,2026-06-20 00:45:00,0.0038658918,0.0031049573
CEEMDAN_LSTM,ETH-USD,2026-06-20 01:00:00,0.0038702083,0.0031049878
CEEMDAN_LSTM,ETH-USD,2026-06-20 01:15:00,0.003871264,0.003105346
CEEMDAN_LSTM,ETH-USD,2026-06-20 01:30:00,0.0038671424,0.0031051894
CEEMDAN_LSTM,ETH-USD,2026-06-20 01:45:00,0.0038661016,0.0031021058
CEEMDAN_LSTM,ETH-USD,2026-06-20 02:00:00,0.003865638,0.0031010846
CEEMDAN_LSTM,ETH-USD,2026-06-20 02:15:00,0.003871341,0.0031017268
CEEMDAN_LSTM,ETH-USD,2026-06-20 02:30:00,0.0038758297,0.00310197
CEEMDAN_LSTM,ETH-USD,2026-06-20 02:45:00,0.0038699484,0.0031019766
CEEMDAN_LSTM,ETH-USD,2026-06-20 03:00:00,0.003869573,0.003103115
CEEMDAN_LSTM,ETH-USD,2026-06-20 03:15:00,0.0038667056,0.003039699
CEEMDAN_LSTM,ETH-USD,2026-06-20 03:30:00,0.0038652597,0.0030217038
CEEMDAN_LSTM,ETH-USD,2026-06-20 03:45:00,0.003835606,0.00301863
CEEMDAN_LSTM,ETH-USD,2026-06-20 04:00:00,0.0038164693,0.0030175154
CEEMDAN_LSTM,ETH-USD,2026-06-20 04:15:00,0.0038186894,0.003022466
CEEMDAN_LSTM,ETH-USD,2026-06-20 04:30:00,0.003816883,0.0030057463
CEEMDAN_LSTM,ETH-USD,2026-06-20 04:45:00,0.0038198198,0.0029998266
CEEMDAN_LSTM,ETH-USD,2026-06-20 05:00:00,0.0038185928,0.0030589458
CEEMDAN_LSTM,ETH-USD,2026-06-20 05:15:00,0.0037897665,0.0030654853
CEEMDAN_LSTM,ETH-USD,2026-06-20 05:30:00,0.0038376006,0.0030657419
CEEMDAN_LSTM,ETH-USD,2026-06-20 05:45:00,0.003865755,0.003067161
CEEMDAN_LSTM,ETH-USD,2026-06-20 06:00:00,0.003855497,0.0030633407
CEEMDAN_LSTM,ETH-USD,2026-06-20 06:15:00,0.003849174,0.0030605292
CEEMDAN_LSTM,ETH-USD,2026-06-20 06:30:00,0.0038471834,0.0030566773
CEEMDAN_LSTM,ETH-USD,2026-06-20 06:45:00,0.0038497709,0.003049159
CEEMDAN_LSTM,ETH-USD,2026-06-20 07:00:00,0.003848562,0.0030492267
CEEMDAN_LSTM,ETH-USD,2026-06-20 07:15:00,0.0038488898,0.003029444
CEEMDAN_LSTM,ETH-USD,2026-06-20 07:30:00,0.0038434109,0.0030074026
CEEMDAN_LSTM,ETH-USD,2026-06-20 07:45:00,0.0038336993,0.0030063582
CEEMDAN_LSTM,ETH-USD,2026-06-20 08:00:00,0.0038242943,0.0030063973
CEEMDAN_LSTM,ETH-USD,2026-06-20 08:15:00,0.003822191,0.0029993462
CEEMDAN_LSTM,ETH-USD,2026-06-20 08:30:00,0.0038238806,0.0029976482
CEEMDAN_LSTM,ETH-USD,2026-06-20 08:45:00,0.0038207297,0.0029552102
CEEMDAN_LSTM,ETH-USD,2026-06-20 09:00:00,0.003818764,0.0028345885
CEEMDAN_LSTM,ETH-USD,2026-06-20 09:15:00,0.003794971,0.0028345329
CEEMDAN_LSTM,ETH-USD,2026-06-20 09:30:00,0.003731238,0.0027628706
CEEMDAN_LSTM,ETH-USD,2026-06-20 09:45:00,0.00370172,0.0027149494
CEEMDAN_LSTM,ETH-USD,2026-06-20 10:00:00,0.00367303,0.0027145674
CEEMDAN_LSTM,ETH-USD,2026-06-20 10:15:00,0.0036387693,0.0024723418
CEEMDAN_LSTM,ETH-USD,2026-06-20 10:30:00,0.0036301913,0.0024612225
CEEMDAN_LSTM,ETH-USD,2026-06-20 10:45:00,0.003503973,0.0024613217
CEEMDAN_LSTM,ETH-USD,2026-06-20 11:00:00,0.00342386,0.0024591654
CEEMDAN_LSTM,ETH-USD,2026-06-20 11:15:00,0.0034393468,0.0024587451
CEEMDAN_LSTM,ETH-USD,2026-06-20 11:30:00,0.003454616,0.002456813
CEEMDAN_LSTM,ETH-USD,2026-06-20 11:45:00,0.0034492607,0.0024254203
CEEMDAN_LSTM,ETH-USD,2026-06-20 12:00:00,0.003448194,0.0024221074
CEEMDAN_LSTM,ETH-USD,2026-06-20 12:15:00,0.0034319595,0.0024219446
CEEMDAN_LSTM,ETH-USD,2026-06-20 12:30:00,0.0034203383,0.0024226299
CEEMDAN_LSTM,ETH-USD,2026-06-20 12:45:00,0.0034289078,0.0024227297
CEEMDAN_LSTM,ETH-USD,2026-06-20 13:00:00,0.0034344739,0.0024216368
CEEMDAN_LSTM,ETH-USD,2026-06-20 13:15:00,0.0034334688,0.0024289193
CEEMDAN_LSTM,ETH-USD,2026-06-20 13:30:00,0.003442572,0.002433176
CEEMDAN_LSTM,ETH-USD,2026-06-20 13:45:00,0.0034412744,0.0024312267
CEEMDAN_LSTM,ETH-USD,2026-06-20 14:00:00,0.0034321868,0.0024472945
CEEMDAN_LSTM,ETH-USD,2026-06-20 14:15:00,0.003443347,0.002439806
CEEMDAN_LSTM,ETH-USD,2026-06-20 14:30:00,0.0034520237,0.0024531584
CEEMDAN_LSTM,ETH-USD,2026-06-20 14:45:00,0.0034287344,0.0024964318
CEEMDAN_LSTM,ETH-USD,2026-06-20 15:00:00,0.003413274,0.0024915726
CEEMDAN_LSTM,ETH-USD,2026-06-20 15:15:00,0.0034472807,0.0025036158
CEEMDAN_LSTM,ETH-USD,2026-06-20 15:30:00,0.0034668762,0.0025061883
CEEMDAN_LSTM,ETH-USD,2026-06-20 15:45:00,0.0034788556,0.0025049576
CEEMDAN_LSTM,ETH-USD,2026-06-20 16:00:00,0.0034914198,0.0024901165
CEEMDAN_LSTM,ETH-USD,2026-06-20 16:15:00,0.0034953211,0.0024863877
CEEMDAN_LSTM,ETH-USD,2026-06-20 16:30:00,0.0034883695,0.002486677
CEEMDAN_LSTM,ETH-USD,2026-06-20 16:45:00,0.0034800696,0.0024854036
CEEMDAN_LSTM,ETH-USD,2026-06-20 17:00:00,0.0034757487,0.002488364
CEEMDAN_LSTM,ETH-USD,2026-06-20 17:15:00,0.0034800535,0.002485534
CEEMDAN_LSTM,ETH-USD,2026-06-20 17:30:00,0.003488747,0.0024892557
CEEMDAN_LSTM,ETH-USD,2026-06-20 17:45:00,0.0034935793,0.002488767
CEEMDAN_LSTM,ETH-USD,2026-06-20 18:00:00,0.003493535,0.002484291
CEEMDAN_LSTM,ETH-USD,2026-06-20 18:15:00,0.0034883858,0.0024742393
CEEMDAN_LSTM,ETH-USD,2026-06-20 18:30:00,0.0034825546,0.0024738829
CEEMDAN_LSTM,ETH-USD,2026-06-20 18:45:00,0.0034810384,0.0024734812
CEEMDAN_LSTM,ETH-USD,2026-06-20 19:00:00,0.0034849183,0.0024521407
CEEMDAN_LSTM,ETH-USD,2026-06-20 19:15:00,0.0034843367,0.0024525071
CEEMDAN_LSTM,ETH-USD,2026-06-20 19:30:00,0.0034721533,0.0024525644
CEEMDAN_LSTM,ETH-USD,2026-06-20 19:45:00,0.00346323,0.0024516021
CEEMDAN_LSTM,ETH-USD,2026-06-20 20:00:00,0.0034633707,0.0024508801
CEEMDAN_LSTM,ETH-USD,2026-06-20 20:15:00,0.0034663195,0.0024511511
CEEMDAN_LSTM,ETH-USD,2026-06-20 20:30:00,0.0034673344,0.0024513614
CEEMDAN_LSTM,ETH-USD,2026-06-20 20:45:00,0.0034688422,0.0024519747
CEEMDAN_LSTM,ETH-USD,2026-06-20 21:00:00,0.0034655407,0.0024554895
CEEMDAN_LSTM,ETH-USD,2026-06-20 21:15:00,0.0034591327,0.0024562427
CEEMDAN_LSTM,ETH-USD,2026-06-20 21:30:00,0.003466596,0.002451186
CEEMDAN_LSTM,ETH-USD,2026-06-20 21:45:00,0.003472546,0.0024514971
CEEMDAN_LSTM,ETH-USD,2026-06-20 22:00:00,0.00346927,0.002454477
CEEMDAN_LSTM,ETH-USD,2026-06-20 22:15:00,0.0034662983,0.0024290034
CEEMDAN_LSTM,ETH-USD,2026-06-20 22:30:00,0.0034626548,0.0024252632
CEEMDAN_LSTM,ETH-USD,2026-06-20 22:45:00,0.0034517783,0.0024251502
CEEMDAN_LSTM,ETH-USD,2026-06-20 23:00:00,0.0034498877,0.0024253025
CEEMDAN_LSTM,ETH-USD,2026-06-20 23:15:00,0.0034552575,0.002424565
CEEMDAN_LSTM,ETH-USD,2026-06-20 23:30:00,0.0034568782,0.0024246895
CEEMDAN_LSTM,ETH-USD,2026-06-20 23:45:00,0.0034527145,0.0024230704
CEEMDAN_LSTM,ETH-USD,2026-06-21 00:00:00,0.0034522875,0.0024241249
CEEMDAN_LSTM,ETH-USD,2026-06-21 00:15:00,0.0034562754,0.0024204976
CEEMDAN_LSTM,ETH-USD,2026-06-21 00:30:00,0.0034585663,0.0024166447
CEEMDAN_LSTM,ETH-USD,2026-06-21 00:45:00,0.0034541187,0.0024164745
CEEMDAN_LSTM,ETH-USD,2026-06-21 01:00:00,0.0034492747,0.0024111771
CEEMDAN_LSTM,ETH-USD,2026-06-21 01:15:00,0.0034510305,0.002411133
CEEMDAN_LSTM,ETH-USD,2026-06-21 01:30:00,0.0034489129,0.002411997
CEEMDAN_LSTM,ETH-USD,2026-06-21 01:45:00,0.0034419072,0.0024007608
CEEMDAN_LSTM,ETH-USD,2026-06-21 02:00:00,0.0034410332,0.0024005475
CEEMDAN_LSTM,ETH-USD,2026-06-21 02:15:00,0.0034390404,0.0024006215
CEEMDAN_LSTM,ETH-USD,2026-06-21 02:30:00,0.0034381228,0.0023987235
CEEMDAN_LSTM,ETH-USD,2026-06-21 02:45:00,0.0034400146,0.0023988152
CEEMDAN_LSTM,ETH-USD,2026-06-21 03:00:00,0.0034401452,0.0023974688
CEEMDAN_LSTM,ETH-USD,2026-06-21 03:15:00,0.0034393636,0.002385768
CEEMDAN_LSTM,ETH-USD,2026-06-21 03:30:00,0.0034370762,0.0023856005
CEEMDAN_LSTM,ETH-USD,2026-06-21 03:45:00,0.0034272994,0.002385661
CEEMDAN_LSTM,ETH-USD,2026-06-21 04:00:00,0.0034246969,0.0023861849
CEEMDAN_LSTM,ETH-USD,2026-06-21 04:15:00,0.0034313921,0.0023886443
CEEMDAN_LSTM,ETH-USD,2026-06-21 04:30:00,0.0034308075,0.0022993113
CEEMDAN_LSTM,ETH-USD,2026-06-21 04:45:00,0.0034316296,0.0023007798
CEEMDAN_LSTM,ETH-USD,2026-06-21 05:00:00,0.0033965441,0.002294971
CEEMDAN_LSTM,ETH-USD,2026-06-21 05:15:00,0.003375077,0.0022976107
CEEMDAN_LSTM,ETH-USD,2026-06-21 05:30:00,0.0033697174,0.0022888058
CEEMDAN_LSTM,ETH-USD,2026-06-21 05:45:00,0.0033675707,0.0022887888
CEEMDAN_LSTM,ETH-USD,2026-06-21 06:00:00,0.0033664862,0.0022755666
CEEMDAN_LSTM,ETH-USD,2026-06-21 06:15:00,0.0033646752,0.0022255785
CEEMDAN_LSTM,ETH-USD,2026-06-21 06:30:00,0.0033552556,0.0020891381
CEEMDAN_LSTM,ETH-USD,2026-06-21 06:45:00,0.0033250833,0.0019858761
CEEMDAN_LSTM,ETH-USD,2026-06-21 07:00:00,0.0032433171,0.0019670147
CEEMDAN_LSTM,ETH-USD,2026-06-21 07:15:00,0.0031480927,0.0019658422
CEEMDAN_LSTM,ETH-USD,2026-06-21 07:30:00,0.003114699,0.0019660003
CEEMDAN_LSTM,ETH-USD,2026-06-21 07:45:00,0.0031221367,0.0019674837
CEEMDAN_LSTM,ETH-USD,2026-06-21 08:00:00,0.003119795,0.0019644282
CEEMDAN_LSTM,ETH-USD,2026-06-21 08:15:00,0.0031178766,0.001961061
CEEMDAN_LSTM,ETH-USD,2026-06-21 08:30:00,0.003118808,0.0019606128
CEEMDAN_LSTM,ETH-USD,2026-06-21 08:45:00,0.0031165169,0.001958014
CEEMDAN_LSTM,ETH-USD,2026-06-21 09:00:00,0.0031130097,0.0019590089
CEEMDAN_LSTM,ETH-USD,2026-06-21 09:15:00,0.0031116789,0.00194346
CEEMDAN_LSTM,ETH-USD,2026-06-21 09:30:00,0.003112583,0.0019440496
CEEMDAN_LSTM,ETH-USD,2026-06-21 09:45:00,0.0030991845,0.0019446224
CEEMDAN_LSTM,ETH-USD,2026-06-21 10:00:00,0.003088124,0.0019448585
CEEMDAN_LSTM,ETH-USD,2026-06-21 10:15:00,0.0030903313,0.0019363785
CEEMDAN_LSTM,ETH-USD,2026-06-21 10:30:00,0.0030934527,0.0018890585
CEEMDAN_LSTM,ETH-USD,2026-06-21 10:45:00,0.0030914273,0.0018874707
CEEMDAN_LSTM,ETH-USD,2026-06-21 11:00:00,0.0030663733,0.0018728244
CEEMDAN_LSTM,ETH-USD,2026-06-21 11:15:00,0.0030460507,0.001881163
CEEMDAN_LSTM,ETH-USD,2026-06-21 11:30:00,0.003042124,0.0018816482
CEEMDAN_LSTM,ETH-USD,2026-06-21 11:45:00,0.0030516698,0.0018793766
CEEMDAN_LSTM,ETH-USD,2026-06-21 12:00:00,0.003052606,0.0018687715
CEEMDAN_LSTM,ETH-USD,2026-06-21 12:15:00,0.0030472882,0.0018721962
CEEMDAN_LSTM,ETH-USD,2026-06-21 12:30:00,0.00304301,0.0018730212
CEEMDAN_LSTM,ETH-USD,2026-06-21 12:45:00,0.0030364417,0.0018812998
CEEMDAN_LSTM,ETH-USD,2026-06-21 13:00:00,0.00301996,0.0018804622
CEEMDAN_LSTM,ETH-USD,2026-06-21 13:15:00,0.003013895,0.001875544
CEEMDAN_LSTM,ETH-USD,2026-06-21 13:30:00,0.0030255066,0.0018786323
CEEMDAN_LSTM,ETH-USD,2026-06-21 13:45:00,0.0030298864,0.001879144
CEEMDAN_LSTM,ETH-USD,2026-06-21 14:00:00,0.0030289085,0.0018745445
CEEMDAN_LSTM,ETH-USD,2026-06-21 14:15:00,0.0030265404,0.0018613884
CEEMDAN_LSTM,ETH-USD,2026-06-21 14:30:00,0.0030271318,0.0018644887
CEEMDAN_LSTM,ETH-USD,2026-06-21 14:45:00,0.0030167957,0.0018668007
CEEMDAN_LSTM,ETH-USD,2026-06-21 15:00:00,0.0030029942,0.0018667581
CEEMDAN_LSTM,ETH-USD,2026-06-21 15:15:00,0.0030046862,0.0018671436
CEEMDAN_LSTM,ETH-USD,2026-06-21 15:30:00,0.003012739,0.001863716
CEEMDAN_LSTM,ETH-USD,2026-06-21 15:45:00,0.0030157096,0.0018619164
CEEMDAN_LSTM,ETH-USD,2026-06-21 16:00:00,0.0030215771,0.0018640417
CEEMDAN_LSTM,ETH-USD,2026-06-21 16:15:00,0.0030295986,0.0018625759
CEEMDAN_LSTM,ETH-USD,2026-06-21 16:30:00,0.0030361873,0.0018630653
CEEMDAN_LSTM,ETH-USD,2026-06-21 16:45:00,0.003033186,0.0018603972
CEEMDAN_LSTM,ETH-USD,2026-06-21 17:00:00,0.0030241567,0.0018592123
CEEMDAN_LSTM,ETH-USD,2026-06-21 17:15:00,0.0030127661,0.0018465491
CEEMDAN_LSTM,ETH-USD,2026-06-21 17:30:00,0.0030136255,0.0018466546
CEEMDAN_LSTM,ETH-USD,2026-06-21 17:45:00,0.0030179361,0.0018438132
CEEMDAN_LSTM,ETH-USD,2026-06-21 18:00:00,0.0030119822,0.0017979019
CEEMDAN_LSTM,ETH-USD,2026-06-21 18:15:00,0.0030111652,0.0017925899
CEEMDAN_LSTM,ETH-USD,2026-06-21 18:30:00,0.0029870383,0.0018154271
CEEMDAN_LSTM,ETH-USD,2026-06-21 18:45:00,0.0029473852,0.001815608
CEEMDAN_LSTM,ETH-USD,2026-06-21 19:00:00,0.0029457896,0.0018133715
CEEMDAN_LSTM,ETH-USD,2026-06-21 19:15:00,0.00297231,0.0018052878
CEEMDAN_LSTM,ETH-USD,2026-06-21 19:30:00,0.002980075,0.0018013711
CEEMDAN_LSTM,ETH-USD,2026-06-21 19:45:00,0.0029760723,0.001799587
CEEMDAN_LSTM,ETH-USD,2026-06-21 20:00:00,0.002971803,0.001780457
CEEMDAN_LSTM,ETH-USD,2026-06-21 20:15:00,0.0029734052,0.0017751077
CEEMDAN_LSTM,ETH-USD,2026-06-21 20:30:00,0.0029690482,0.001776772
CEEMDAN_LSTM,ETH-USD,2026-06-21 20:45:00,0.0029621136,0.0017922918
CEEMDAN_LSTM,ETH-USD,2026-06-21 21:00:00,0.0029720187,0.0018369954
CEEMDAN_LSTM,ETH-USD,2026-06-21 21:15:00,0.003003538,0.0018425073
CEEMDAN_LSTM,ETH-USD,2026-06-21 21:30:00,0.003039022,0.0018561821
CEEMDAN_LSTM,ETH-USD,2026-06-21 21:45:00,0.0030282694,0.0018578259
CEEMDAN_LSTM,ETH-USD,2026-06-21 22:00:00,0.0030199653,0.001853021
CEEMDAN_LSTM,ETH-USD,2026-06-21 22:15:00,0.0030475948,0.0018540805
CEEMDAN_LSTM,ETH-USD,2026-06-21 22:30:00,0.0030585213,0.0018487067
CEEMDAN_LSTM,ETH-USD,2026-06-21 22:45:00,0.0030504551,0.0018478489
CEEMDAN_LSTM,ETH-USD,2026-06-21 23:00:00,0.0030418613,0.0018599334
CEEMDAN_LSTM,ETH-USD,2026-06-21 23:15:00,0.0030393903,0.0018602259
CEEMDAN_LSTM,ETH-USD,2026-06-21 23:30:00,0.0030487454,0.0018789795
CEEMDAN_LSTM,ETH-USD,2026-06-21 23:45:00,0.003045306,0.0018784134
CEEMDAN_LSTM,ETH-USD,2026-06-22 00:00:00,0.003051955,0.0018781973
CEEMDAN_LSTM,ETH-USD,2026-06-22 00:15:00,0.0030441931,0.0018975309
CEEMDAN_LSTM,ETH-USD,2026-06-22 00:30:00,0.0030175983,0.0019073109
CEEMDAN_LSTM,ETH-USD,2026-06-22 00:45:00,0.0030147887,0.0019027785
CEEMDAN_LSTM,ETH-USD,2026-06-22 01:00:00,0.0030322068,0.0019017296
CEEMDAN_LSTM,ETH-USD,2026-06-22 01:15:00,0.0030376886,0.0021320528
CEEMDAN_LSTM,ETH-USD,2026-06-22 01:30:00,0.0030104201,0.0021519922
CEEMDAN_LSTM,ETH-USD,2026-06-22 01:45:00,0.0031366318,0.0021448685
CEEMDAN_LSTM,ETH-USD,2026-06-22 02:00:00,0.0032754308,0.002144548
CEEMDAN_LSTM,ETH-USD,2026-06-22 02:15:00,0.0032723986,0.002142134
CEEMDAN_LSTM,ETH-USD,2026-06-22 02:30:00,0.0032556474,0.0021423053
CEEMDAN_LSTM,ETH-USD,2026-06-22 02:45:00,0.0032743101,0.0021503915
CEEMDAN_LSTM,ETH-USD,2026-06-22 03:00:00,0.0032927515,0.002160641
CEEMDAN_LSTM,ETH-USD,2026-06-22 03:15:00,0.00330948,0.002166305
CEEMDAN_LSTM,ETH-USD,2026-06-22 03:30:00,0.0033118094,0.0021649566
CEEMDAN_LSTM,ETH-USD,2026-06-22 03:45:00,0.0033052564,0.0021502974
CEEMDAN_LSTM,ETH-USD,2026-06-22 04:00:00,0.0033149952,0.002150636
CEEMDAN_LSTM,ETH-USD,2026-06-22 04:15:00,0.0033154988,0.0021498294
CEEMDAN_LSTM,ETH-USD,2026-06-22 04:30:00,0.0033034005,0.0021223086
CEEMDAN_LSTM,ETH-USD,2026-06-22 04:45:00,0.0033045341,0.0021242048
CEEMDAN_LSTM,ETH-USD,2026-06-22 05:00:00,0.0032944481,0.002117597
CEEMDAN_LSTM,ETH-USD,2026-06-22 05:15:00,0.003278946,0.0021091907
CEEMDAN_LSTM,ETH-USD,2026-06-22 05:30:00,0.0032753753,0.0021088333
CEEMDAN_LSTM,ETH-USD,2026-06-22 05:45:00,0.0032725353,0.0021076533
CEEMDAN_LSTM,ETH-USD,2026-06-22 06:00:00,0.0032691872,0.002107428
CEEMDAN_LSTM,ETH-USD,2026-06-22 06:15:00,0.0032663315,0.0020945333
CEEMDAN_LSTM,ETH-USD,2026-06-22 06:30:00,0.0032640602,0.002069072
CEEMDAN_LSTM,ETH-USD,2026-06-22 06:45:00,0.003257201,0.0020687252
CEEMDAN_LSTM,ETH-USD,2026-06-22 07:00:00,0.0032357576,0.0020902383
CEEMDAN_LSTM,ETH-USD,2026-06-22 07:15:00,0.0032123253,0.0020901111
CEEMDAN_LSTM,ETH-USD,2026-06-22 07:30:00,0.0032100603,0.0020870217
CEEMDAN_LSTM,ETH-USD,2026-06-22 07:45:00,0.0032231202,0.00206139
CEEMDAN_LSTM,ETH-USD,2026-06-22 08:00:00,0.0032310963,0.0020710072
CEEMDAN_LSTM,ETH-USD,2026-06-22 08:15:00,0.0032146252,0.0020824329
CEEMDAN_LSTM,ETH-USD,2026-06-22 08:30:00,0.0032126238,0.0020761946
CEEMDAN_LSTM,ETH-USD,2026-06-22 08:45:00,0.0032346437,0.0020747404
CEEMDAN_LSTM,ETH-USD,2026-06-22 09:00:00,0.0032338959,0.002074969
CEEMDAN_LSTM,ETH-USD,2026-06-22 09:15:00,0.0032312924,0.002075988
CEEMDAN_LSTM,ETH-USD,2026-06-22 09:30:00,0.003239487,0.0020739916
CEEMDAN_LSTM,ETH-USD,2026-06-22 09:45:00,0.0032457162,0.0020735539
CEEMDAN_LSTM,ETH-USD,2026-06-22 10:00:00,0.0032421153,0.0020767848
CEEMDAN_LSTM,ETH-USD,2026-06-22 10:15:00,0.003235013,0.0020768035
CEEMDAN_LSTM,ETH-USD,2026-06-22 10:30:00,0.0032335327,0.0020768775
CEEMDAN_LSTM,ETH-USD,2026-06-22 10:45:00,0.003238887,0.0020775055
CEEMDAN_LSTM,ETH-USD,2026-06-22 11:00:00,0.0032367692,0.0020790314
CEEMDAN_LSTM,ETH-USD,2026-06-22 11:15:00,0.0032286998,0.0020790359
CEEMDAN_LSTM,ETH-USD,2026-06-22 11:30:00,0.0032259682,0.0021148885
CEEMDAN_LSTM,ETH-USD,2026-06-22 11:45:00,0.0032190955,0.0021088687
CEEMDAN_LSTM,ETH-USD,2026-06-22 12:00:00,0.003226744,0.0021106387
CEEMDAN_LSTM,ETH-USD,2026-06-22 12:15:00,0.0032467083,0.0021062058
CEEMDAN_LSTM,ETH-USD,2026-06-22 12:30:00,0.003255909,0.0021070603
CEEMDAN_LSTM,ETH-USD,2026-06-22 12:45:00,0.0032547934,0.002106842
CEEMDAN_LSTM,ETH-USD,2026-06-22 13:00:00,0.0032618137,0.0021067571
CEEMDAN_LSTM,ETH-USD,2026-06-22 13:15:00,0.0032662314,0.0020972088
CEEMDAN_LSTM,ETH-USD,2026-06-22 13:30:00,0.0032659965,0.002124071
CEEMDAN_LSTM,ETH-USD,2026-06-22 13:45:00,0.0032542243,0.002126782
CEEMDAN_LSTM,ETH-USD,2026-06-22 14:00:00,0.0032580222,0.002154258
CEEMDAN_LSTM,ETH-USD,2026-06-22 14:15:00,0.0032908402,0.0022017343
CEEMDAN_LSTM,ETH-USD,2026-06-22 14:30:00,0.0033396631,0.0022030377
CEEMDAN_LSTM,ETH-USD,2026-06-22 14:45:00,0.003377133,0.0022003276
CEEMDAN_LSTM,ETH-USD,2026-06-22 15:00:00,0.0033766264,0.0021997448
CEEMDAN_LSTM,ETH-USD,2026-06-22 15:15:00,0.0033663244,0.0021993485
CEEMDAN_LSTM,ETH-USD,2026-06-22 15:30:00,0.0033712361,0.0021991273
CEEMDAN_LSTM,ETH-USD,2026-06-22 15:45:00,0.003381054,0.0022269497
CEEMDAN_LSTM,ETH-USD,2026-06-22 16:00:00,0.003392244,0.0022289788
CEEMDAN_LSTM,ETH-USD,2026-06-22 16:15:00,0.0034128116,0.0022287457
CEEMDAN_LSTM,ETH-USD,2026-06-22 16:30:00,0.003412444,0.0022332475
CEEMDAN_LSTM,ETH-USD,2026-06-22 16:45:00,0.003403305,0.0022339611
CEEMDAN_LSTM,ETH-USD,2026-06-22 17:00:00,0.0034034962,0.002232039
CEEMDAN_LSTM,ETH-USD,2026-06-22 17:15:00,0.0034013335,0.0022458453
CEEMDAN_LSTM,ETH-USD,2026-06-22 17:30:00,0.003405402,0.0022455205
CEEMDAN_LSTM,ETH-USD,2026-06-22 17:45:00,0.0034152123,0.0022558733
CEEMDAN_LSTM,ETH-USD,2026-06-22 18:00:00,0.0034033924,0.002260473
CEEMDAN_LSTM,ETH-USD,2026-06-22 18:15:00,0.0033913045,0.0022651185
CEEMDAN_LSTM,ETH-USD,2026-06-22 18:30:00,0.003401303,0.0022661984
CEEMDAN_LSTM,ETH-USD,2026-06-22 18:45:00,0.003416121,0.0022798623
CEEMDAN_LSTM,ETH-USD,2026-06-22 19:00:00,0.0034197539,0.0022804171
CEEMDAN_LSTM,ETH-USD,2026-06-22 19:15:00,0.0034204717,0.0022762709
CEEMDAN_LSTM,ETH-USD,2026-06-22 19:30:00,0.0034197469,0.002276651
CEEMDAN_LSTM,ETH-USD,2026-06-22 19:45:00,0.003413364,0.0022766478
CEEMDAN_LSTM,ETH-USD,2026-06-22 20:00:00,0.0034019905,0.0021999024
CEEMDAN_LSTM,ETH-USD,2026-06-22 20:15:00,0.0033970973,0.0021863657
CEEMDAN_LSTM,ETH-USD,2026-06-22 20:30:00,0.0033631355,0.0021877023
CEEMDAN_LSTM,ETH-USD,2026-06-22 20:45:00,0.0033329213,0.0021865927
CEEMDAN_LSTM,ETH-USD,2026-06-22 21:00:00,0.0033316219,0.0021869785
CEEMDAN_LSTM,ETH-USD,2026-06-22 21:15:00,0.003338267,0.0021868106
CEEMDAN_LSTM,ETH-USD,2026-06-22 21:30:00,0.0033382697,0.0021937587
CEEMDAN_LSTM,ETH-USD,2026-06-22 21:45:00,0.0033432392,0.0021973676
CEEMDAN_LSTM,ETH-USD,2026-06-22 22:00:00,0.0033477042,0.002195732
CEEMDAN_LSTM,ETH-USD,2026-06-22 22:15:00,0.0033447433,0.0022340312
CEEMDAN_LSTM,ETH-USD,2026-06-22 22:30:00,0.003354377,0.0022360887
CEEMDAN_LSTM,ETH-USD,2026-06-22 22:45:00,0.0033818018,0.0022428492
CEEMDAN_LSTM,ETH-USD,2026-06-22 23:00:00,0.003377578,0.0022428392
CEEMDAN_LSTM,ETH-USD,2026-06-22 23:15:00,0.003364947,0.0022452397
CEEMDAN_LSTM,ETH-USD,2026-06-22 23:30:00,0.0033655947,0.002245262
CEEMDAN_LSTM,ETH-USD,2026-06-22 23:45:00,0.0033625916,0.0022455363
CEEMDAN_LSTM,ETH-USD,2026-06-23 00:00:00,0.0033593362,0.0022450252
CEEMDAN_LSTM,ETH-USD,2026-06-23 00:15:00,0.0033623467,0.0022481163
CEEMDAN_LSTM,ETH-USD,2026-06-23 00:30:00,0.0033686315,0.002258221
CEEMDAN_LSTM,ETH-USD,2026-06-23 00:45:00,0.0033611523,0.0022592787
CEEMDAN_LSTM,ETH-USD,2026-06-23 01:00:00,0.003353369,0.0022594216
CEEMDAN_LSTM,ETH-USD,2026-06-23 01:15:00,0.003359707,0.0022599304
CEEMDAN_LSTM,ETH-USD,2026-06-23 01:30:00,0.003364512,0.0022687148
CEEMDAN_LSTM,ETH-USD,2026-06-23 01:45:00,0.003368641,0.002269942
CEEMDAN_LSTM,ETH-USD,2026-06-23 02:00:00,0.0033732639,0.0022701586
CEEMDAN_LSTM,ETH-USD,2026-06-23 02:15:00,0.0033698785,0.002270856
CEEMDAN_LSTM,ETH-USD,2026-06-23 02:30:00,0.003369632,0.0022706867
CEEMDAN_LSTM,ETH-USD,2026-06-23 02:45:00,0.0033735253,0.0022705088
CEEMDAN_LSTM,ETH-USD,2026-06-23 03:00:00,0.0033806998,0.0022727156
CEEMDAN_LSTM,ETH-USD,2026-06-23 03:15:00,0.0033924293,0.0022729032
CEEMDAN_LSTM,ETH-USD,2026-06-23 03:30:00,0.0034016978,0.0022697279
CEEMDAN_LSTM,ETH-USD,2026-06-23 03:45:00,0.0034044273,0.0022705423
CEEMDAN_LSTM,ETH-USD,2026-06-23 04:00:00,0.0034040224,0.002268608
CEEMDAN_LSTM,ETH-USD,2026-06-23 04:15:00,0.0034033742,0.002243191
CEEMDAN_LSTM,ETH-USD,2026-06-23 04:30:00,0.003407882,0.0022457053
CEEMDAN_LSTM,ETH-USD,2026-06-23 04:45:00,0.0034062176,0.0022503766
CEEMDAN_LSTM,ETH-USD,2026-06-23 05:00:00,0.0034076334,0.0022285543
CEEMDAN_LSTM,ETH-USD,2026-06-23 05:15:00,0.0034112886,0.002234227
CEEMDAN_LSTM,ETH-USD,2026-06-23 05:30:00,0.0034058988,0.0022189107
CEEMDAN_LSTM,ETH-USD,2026-06-23 05:45:00,0.0034090164,0.0021679495
CEEMDAN_LSTM,ETH-USD,2026-06-23 06:00:00,0.0034108073,0.002179107
CEEMDAN_LSTM,ETH-USD,2026-06-23 06:15:00,0.0034018965,0.0022841445
CEEMDAN_LSTM,ETH-USD,2026-06-23 06:30:00,0.0034213867,0.0022846537
CEEMDAN_LSTM,ETH-USD,2026-06-23 06:45:00,0.003473106,0.0022852288
CEEMDAN_LSTM,ETH-USD,2026-06-23 07:00:00,0.0034708104,0.002282379
CEEMDAN_LSTM,ETH-USD,2026-06-23 07:15:00,0.0034471757,0.0022809454
CEEMDAN_LSTM,ETH-USD,2026-06-23 07:30:00,0.0034448854,0.0022900698
CEEMDAN_LSTM,ETH-USD,2026-06-23 07:45:00,0.0034566538,0.0022960673
CEEMDAN_LSTM,ETH-USD,2026-06-23 08:00:00,0.003473354,0.002313427
CEEMDAN_LSTM,ETH-USD,2026-06-23 08:15:00,0.0034883278,0.0026093463
CEEMDAN_LSTM,ETH-USD,2026-06-23 08:30:00,0.0035202869,0.0026260016
CEEMDAN_LSTM,ETH-USD,2026-06-23 08:45:00,0.0036356635,0.0026268796
CEEMDAN_LSTM,ETH-USD,2026-06-23 09:00:00,0.0036769658,0.0026283953
CEEMDAN_LSTM,ETH-USD,2026-06-23 09:15:00,0.0036701993,0.0026300647
CEEMDAN_LSTM,ETH-USD,2026-06-23 09:30:00,0.003668589,0.002633717
CEEMDAN_LSTM,ETH-USD,2026-06-23 09:45:00,0.003674973,0.0026343316
CEEMDAN_LSTM,ETH-USD,2026-06-23 10:00:00,0.0036733637,0.0026424737
CEEMDAN_LSTM,ETH-USD,2026-06-23 10:15:00,0.0036585259,0.0026432583
CEEMDAN_LSTM,ETH-USD,2026-06-23 10:30:00,0.003663329,0.002643358
CEEMDAN_LSTM,ETH-USD,2026-06-23 10:45:00,0.0036788122,0.0026448553
CEEMDAN_LSTM,ETH-USD,2026-06-23 11:00:00,0.0036765095,0.002648038
CEEMDAN_LSTM,ETH-USD,2026-06-23 11:15:00,0.0036655248,0.0026542605
CEEMDAN_LSTM,ETH-USD,2026-06-23 11:30:00,0.0036593508,0.0026545136
CEEMDAN_LSTM,ETH-USD,2026-06-23 11:45:00,0.0036651273,0.0026522488
CEEMDAN_LSTM,ETH-USD,2026-06-23 12:00:00,0.003671169,0.0026484304
CEEMDAN_LSTM,ETH-USD,2026-06-23 12:15:00,0.0036723574,0.0026474902
CEEMDAN_LSTM,ETH-USD,2026-06-23 12:30:00,0.0036662074,0.002643435
CEEMDAN_LSTM,ETH-USD,2026-06-23 12:45:00,0.0036594565,0.0026459654
CEEMDAN_LSTM,ETH-USD,2026-06-23 13:00:00,0.0036610614,0.002643085
CEEMDAN_LSTM,ETH-USD,2026-06-23 13:15:00,0.0036683844,0.002640442
CEEMDAN_LSTM,ETH-USD,2026-06-23 13:30:00,0.0036705998,0.002670846
CEEMDAN_LSTM,ETH-USD,2026-06-23 13:45:00,0.0036506655,0.002674439
CEEMDAN_LSTM,ETH-USD,2026-06-23 14:00:00,0.0036570088,0.0026804751
CEEMDAN_LSTM,ETH-USD,2026-06-23 14:15:00,0.003676081,0.0026875844
CEEMDAN_LSTM,ETH-USD,2026-06-23 14:30:00,0.0036956784,0.002687581
CEEMDAN_LSTM,ETH-USD,2026-06-23 14:45:00,0.0037051048,0.0026873006
CEEMDAN_LSTM,ETH-USD,2026-06-23 15:00:00,0.00370363,0.0026935989
CEEMDAN_LSTM,ETH-USD,2026-06-23 15:15:00,0.0037088417,0.0026951816
CEEMDAN_LSTM,ETH-USD,2026-06-23 15:30:00,0.0037144183,0.0026961393
CEEMDAN_LSTM,ETH-USD,2026-06-23 15:45:00,0.003707092,0.0027010327
CEEMDAN_LSTM,ETH-USD,2026-06-23 16:00:00,0.0036967024,0.002719889
CEEMDAN_LSTM,ETH-USD,2026-06-23 16:15:00,0.0036901042,0.002728128
CEEMDAN_LSTM,ETH-USD,2026-06-23 16:30:00,0.003715299,0.0027267109
CEEMDAN_LSTM,ETH-USD,2026-06-23 16:45:00,0.003734769,0.002728533
CEEMDAN_LSTM,ETH-USD,2026-06-23 17:00:00,0.0037346068,0.002729049
CEEMDAN_LSTM,ETH-USD,2026-06-23 17:15:00,0.0037325455,0.00273587
CEEMDAN_LSTM,ETH-USD,2026-06-23 17:30:00,0.0037245452,0.002738114
CEEMDAN_LSTM,ETH-USD,2026-06-23 17:45:00,0.0037310834,0.0027395864
CEEMDAN_LSTM,ETH-USD,2026-06-23 18:00:00,0.0037434215,0.0027403396
CEEMDAN_LSTM,ETH-USD,2026-06-23 18:15:00,0.0037421833,0.0027400998
CEEMDAN_LSTM,ETH-USD,2026-06-23 18:30:00,0.003739319,0.0027480202
CEEMDAN_LSTM,ETH-USD,2026-06-23 18:45:00,0.003747633,0.0027542706
CEEMDAN_LSTM,ETH-USD,2026-06-23 19:00:00,0.003744563,0.0027593684
CEEMDAN_LSTM,ETH-USD,2026-06-23 19:15:00,0.0037371994,0.0027584222
CEEMDAN_LSTM,ETH-USD,2026-06-23 19:30:00,0.0037414585,0.0027615335
CEEMDAN_LSTM,ETH-USD,2026-06-23 19:45:00,0.0037542726,0.0027646031
CEEMDAN_LSTM,ETH-USD,2026-06-23 20:00:00,0.0037522737,0.0027649163
CEEMDAN_LSTM,ETH-USD,2026-06-23 20:15:00,0.0037500216,0.0027618487
CEEMDAN_LSTM,ETH-USD,2026-06-23 20:30:00,0.0037556344,0.0027618732
CEEMDAN_LSTM,ETH-USD,2026-06-23 20:45:00,0.0037589623,0.0027623472
CEEMDAN_LSTM,ETH-USD,2026-06-23 21:00:00,0.003756365,0.0027623158
CEEMDAN_LSTM,ETH-USD,2026-06-23 21:15:00,0.0037541648,0.0027627023
CEEMDAN_LSTM,ETH-USD,2026-06-23 21:30:00,0.0037536835,0.002762284
CEEMDAN_LSTM,ETH-USD,2026-06-23 21:45:00,0.0037555418,0.0027621556
CEEMDAN_LSTM,ETH-USD,2026-06-23 22:00:00,0.0037571257,0.0027682257
CEEMDAN_LSTM,ETH-USD,2026-06-23 22:15:00,0.0037503748,0.0027753224
CEEMDAN_LSTM,ETH-USD,2026-06-23 22:30:00,0.0037600084,0.0027754789
CEEMDAN_LSTM,ETH-USD,2026-06-23 22:45:00,0.003768958,0.0027752086
CEEMDAN_LSTM,ETH-USD,2026-06-23 23:00:00,0.0037615339,0.0027772177
CEEMDAN_LSTM,ETH-USD,2026-06-23 23:15:00,0.0037595779,0.0027788111
CEEMDAN_LSTM,ETH-USD,2026-06-23 23:30:00,0.003759348,0.0027790943
CEEMDAN_LSTM,ETH-USD,2026-06-23 23:45:00,0.0037621693,0.0027848918
CEEMDAN_LSTM,ETH-USD,2026-06-24 00:00:00,0.0037584063,0.0027890343
CEEMDAN_LSTM,ETH-USD,2026-06-24 00:15:00,0.0037562195,0.0027895381
CEEMDAN_LSTM,ETH-USD,2026-06-24 00:30:00,0.0037693295,0.0027890205
CEEMDAN_LSTM,ETH-USD,2026-06-24 00:45:00,0.0037738215,0.002788518
CEEMDAN_LSTM,ETH-USD,2026-06-24 01:00:00,0.0037709384,0.0027883297
CEEMDAN_LSTM,ETH-USD,2026-06-24 01:15:00,0.0037707838,0.0027883938
CEEMDAN_LSTM,ETH-USD,2026-06-24 01:30:00,0.003772873,0.0027905484
CEEMDAN_LSTM,ETH-USD,2026-06-24 01:45:00,0.0037671505,0.0027910988
CEEMDAN_LSTM,ETH-USD,2026-06-24 02:00:00,0.0037682727,0.0027906767
CEEMDAN_LSTM,ETH-USD,2026-06-24 02:15:00,0.0037710208,0.0027895698
CEEMDAN_LSTM,ETH-USD,2026-06-24 02:30:00,0.0037724334,0.0027894196
CEEMDAN_LSTM,ETH-USD,2026-06-24 02:45:00,0.003766765,0.0027926962
CEEMDAN_LSTM,ETH-USD,2026-06-24 03:00:00,0.0037669872,0.0027906
CEEMDAN_LSTM,ETH-USD,2026-06-24 03:15:00,0.0037694005,0.002788293
CEEMDAN_LSTM,ETH-USD,2026-06-24 03:30:00,0.0037657514,0.0027923256
CEEMDAN_LSTM,ETH-USD,2026-06-24 03:45:00,0.0037565771,0.002785544
CEEMDAN_LSTM,ETH-USD,2026-06-24 04:00:00,0.0037608538,0.002786313
CEEMDAN_LSTM,ETH-USD,2026-06-24 04:15:00,0.0037673216,0.0027925482
CEEMDAN_LSTM,ETH-USD,2026-06-24 04:30:00,0.0037718841,0.002797125
CEEMDAN_LSTM,ETH-USD,2026-06-24 04:45:00,0.0037630657,0.0028008716
CEEMDAN_LSTM,ETH-USD,2026-06-24 05:00:00,0.0037554065,0.0028004858
CEEMDAN_LSTM,ETH-USD,2026-06-24 05:15:00,0.0037634978,0.002804516
CEEMDAN_LSTM,ETH-USD,2026-06-24 05:30:00,0.0037677016,0.0028039634
CEEMDAN_LSTM,ETH-USD,2026-06-24 05:45:00,0.0037699093,0.0028017897
CEEMDAN_LSTM,ETH-USD,2026-06-24 06:00:00,0.0037771587,0.0028016493
CEEMDAN_LSTM,ETH-USD,2026-06-24 06:15:00,0.0037809645,0.002800404
CEEMDAN_LSTM,ETH-USD,2026-06-24 06:30:00,0.0037772148,0.0028004323
CEEMDAN_LSTM,ETH-USD,2026-06-24 06:45:00,0.0037741382,0.002800496
CEEMDAN_LSTM,ETH-USD,2026-06-24 07:00:00,0.0037725875,0.0028018982
CEEMDAN_LSTM,ETH-USD,2026-06-24 07:15:00,0.0037672927,0.0028073124
CEEMDAN_LSTM,ETH-USD,2026-06-24 07:30:00,0.0037760262,0.002807177
CEEMDAN_LSTM,ETH-USD,2026-06-24 07:45:00,0.0037839017,0.0028051522
CEEMDAN_LSTM,ETH-USD,2026-06-24 08:00:00,0.0037794546,0.0028045822
CEEMDAN_LSTM,ETH-USD,2026-06-24 08:15:00,0.003775372,0.0028019047
CEEMDAN_LSTM,ETH-USD,2026-06-24 08:30:00,0.0037732744,0.0028057853
CEEMDAN_LSTM,ETH-USD,2026-06-24 08:45:00,0.0037645348,0.0028058866
CEEMDAN_LSTM,ETH-USD,2026-06-24 09:00:00,0.00376663,0.0028042393
CEEMDAN_LSTM,ETH-USD,2026-06-24 09:15:00,0.0037761864,0.0028048225
CEEMDAN_LSTM,ETH-USD,2026-06-24 09:30:00,0.0037803578,0.0027862946
CEEMDAN_LSTM,ETH-USD,2026-06-24 09:45:00,0.003777882,0.0027858987
CEEMDAN_LSTM,ETH-USD,2026-06-24 10:00:00,0.0037634992,0.0027854587
CEEMDAN_LSTM,ETH-USD,2026-06-24 10:15:00,0.003757061,0.0027844151
CEEMDAN_LSTM,ETH-USD,2026-06-24 10:30:00,0.00376031,0.0027850377
CEEMDAN_LSTM,ETH-USD,2026-06-24 10:45:00,0.0037612305,0.002787013
CEEMDAN_LSTM,ETH-USD,2026-06-24 11:00:00,0.0037676096,0.0027923323
CEEMDAN_LSTM,ETH-USD,2026-06-24 11:15:00,0.003778613,0.0027922778
CEEMDAN_LSTM,ETH-USD,2026-06-24 11:30:00,0.0037794926,0.002829462
CEEMDAN_LSTM,ETH-USD,2026-06-24 11:45:00,0.003757197,0.0028429318
CEEMDAN_LSTM,ETH-USD,2026-06-24 12:00:00,0.0037578957,0.0028141413
CEEMDAN_LSTM,ETH-USD,2026-06-24 12:15:00,0.0037836256,0.0028104598
CEEMDAN_LSTM,ETH-USD,2026-06-24 12:30:00,0.0037862181,0.0028007012
CEEMDAN_LSTM,ETH-USD,2026-06-24 12:45:00,0.0037771906,0.0028056207
CEEMDAN_LSTM,ETH-USD,2026-06-24 13:00:00,0.0037734495,0.0028674505
CEEMDAN_LSTM,ETH-USD,2026-06-24 13:15:00,0.003790082,0.0028702978
CEEMDAN_LSTM,ETH-USD,2026-06-24 13:30:00,0.0038163369,0.0028734135
CEEMDAN_LSTM,ETH-USD,2026-06-24 13:45:00,0.003818274,0.002873504
CEEMDAN_LSTM,ETH-USD,2026-06-24 14:00:00,0.0038138872,0.002866495
CEEMDAN_LSTM,ETH-USD,2026-06-24 14:15:00,0.0038112116,0.0028712994
CEEMDAN_LSTM,ETH-USD,2026-06-24 14:30:00,0.0038012033,0.002861849
CEEMDAN_LSTM,ETH-USD,2026-06-24 14:45:00,0.0037968277,0.002865458
CEEMDAN_LSTM,ETH-USD,2026-06-24 15:00:00,0.003800169,0.0028705427
CEEMDAN_LSTM,ETH-USD,2026-06-24 15:15:00,0.0038102728,0.0028625855
CEEMDAN_LSTM,ETH-USD,2026-06-24 15:30:00,0.0038050092,0.002927861
CEEMDAN_LSTM,ETH-USD,2026-06-24 15:45:00,0.0038141126,0.002943482
CEEMDAN_LSTM,ETH-USD,2026-06-24 16:00:00,0.0038462633,0.0029648666
CEEMDAN_LSTM,ETH-USD,2026-06-24 16:15:00,0.0038382914,0.002800591
CEEMDAN_LSTM,ETH-USD,2026-06-24 16:30:00,0.0038307572,0.002804353
CEEMDAN_LSTM,ETH-USD,2026-06-24 16:45:00,0.0037796905,0.0030899022
CEEMDAN_LSTM,ETH-USD,2026-06-24 17:00:00,0.0037877178,0.0030889993
CEEMDAN_LSTM,ETH-USD,2026-06-24 17:15:00,0.0039074826,0.0031201097
CEEMDAN_LSTM,ETH-USD,2026-06-24 17:30:00,0.0039601177,0.0031370218
CEEMDAN_LSTM,ETH-USD,2026-06-24 17:45:00,0.0039659212,0.0031431837
CEEMDAN_LSTM,ETH-USD,2026-06-24 18:00:00,0.0039652805,0.003155155
CEEMDAN_LSTM,ETH-USD,2026-06-24 18:15:00,0.0039468273,0.0031778128
CEEMDAN_LSTM,ETH-USD,2026-06-24 18:30:00,0.0039388873,0.0031787944
CEEMDAN_LSTM,ETH-USD,2026-06-24 18:45:00,0.003980136,0.0031776433
CEEMDAN_LSTM,ETH-USD,2026-06-24 19:00:00,0.004016885,0.0031758917
CEEMDAN_LSTM,ETH-USD,2026-06-24 19:15:00,0.0040271315,0.0031798333
CEEMDAN_LSTM,ETH-USD,2026-06-24 19:30:00,0.0040210076,0.0031846494
CEEMDAN_LSTM,ETH-USD,2026-06-24 19:45:00,0.00401942,0.0031879884
CEEMDAN_LSTM,ETH-USD,2026-06-24 20:00:00,0.0040220455,0.0033601532
CEEMDAN_LSTM,ETH-USD,2026-06-24 20:15:00,0.003986154,0.0033620405
CEEMDAN_LSTM,ETH-USD,2026-06-24 20:30:00,0.0041034897,0.003362051
CEEMDAN_LSTM,ETH-USD,2026-06-24 20:45:00,0.0041807317,0.0033627516
CEEMDAN_LSTM,ETH-USD,2026-06-24 21:00:00,0.0041821375,0.0033651285
CEEMDAN_LSTM,ETH-USD,2026-06-24 21:15:00,0.004171848,0.003366472
CEEMDAN_LSTM,ETH-USD,2026-06-24 21:30:00,0.0041483836,0.0033774825
CEEMDAN_LSTM,ETH-USD,2026-06-24 21:45:00,0.00412299,0.0033800076
CEEMDAN_LSTM,ETH-USD,2026-06-24 22:00:00,0.004123622,0.0033615017
CEEMDAN_LSTM,ETH-USD,2026-06-24 22:15:00,0.004137006,0.0033607136
CEEMDAN_LSTM,ETH-USD,2026-06-24 22:30:00,0.0041338126,0.0033619462
CEEMDAN_LSTM,ETH-USD,2026-06-24 22:45:00,0.0041123996,0.0033624177
CEEMDAN_LSTM,ETH-USD,2026-06-24 23:00:00,0.0041075046,0.003355548
CEEMDAN_LSTM,ETH-USD,2026-06-24 23:15:00,0.004104555,0.0033524618
CEEMDAN_LSTM,ETH-USD,2026-06-24 23:30:00,0.0040987465,0.003349466
CEEMDAN_LSTM,ETH-USD,2026-06-24 23:45:00,0.0041017914,0.0033513715
CEEMDAN_LSTM,ETH-USD,2026-06-25 00:00:00,0.0041007963,0.0033534612
CEEMDAN_LSTM,ETH-USD,2026-06-25 00:15:00,0.004100038,0.0033565029
CEEMDAN_LSTM,ETH-USD,2026-06-25 00:30:00,0.004112566,0.0033565713
CEEMDAN_LSTM,ETH-USD,2026-06-25 00:45:00,0.004111396,0.0033566284
CEEMDAN_LSTM,ETH-USD,2026-06-25 01:00:00,0.004099477,0.0033540048
CEEMDAN_LSTM,ETH-USD,2026-06-25 01:15:00,0.004097497,0.00335501
CEEMDAN_LSTM,ETH-USD,2026-06-25 01:30:00,0.0040920125,0.0033551531
CEEMDAN_LSTM,ETH-USD,2026-06-25 01:45:00,0.0040941024,0.0033555867
CEEMDAN_LSTM,ETH-USD,2026-06-25 02:00:00,0.0040974114,0.0033572016
CEEMDAN_LSTM,ETH-USD,2026-06-25 02:15:00,0.0041104006,0.0033615194
CEEMDAN_LSTM,ETH-USD,2026-06-25 02:30:00,0.0041007716,0.00333852
CEEMDAN_LSTM,ETH-USD,2026-06-25 02:45:00,0.0041093994,0.0033412115
CEEMDAN_LSTM,ETH-USD,2026-06-25 03:00:00,0.004089798,0.0033412639
CEEMDAN_LSTM,ETH-USD,2026-06-25 03:15:00,0.004089242,0.0033406839
CEEMDAN_LSTM,ETH-USD,2026-06-25 03:30:00,0.004092835,0.0033405311
CEEMDAN_LSTM,ETH-USD,2026-06-25 03:45:00,0.004096848,0.0033430462
CEEMDAN_LSTM,ETH-USD,2026-06-25 04:00:00,0.0040906183,0.003343052
CEEMDAN_LSTM,ETH-USD,2026-06-25 04:15:00,0.0041015316,0.003343848
CEEMDAN_LSTM,ETH-USD,2026-06-25 04:30:00,0.004111448,0.0033267564
CEEMDAN_LSTM,ETH-USD,2026-06-25 04:45:00,0.0041147145,0.003360011
CEEMDAN_LSTM,ETH-USD,2026-06-25 05:00:00,0.004096081,0.003371401
CEEMDAN_LSTM,ETH-USD,2026-06-25 05:15:00,0.0041138176,0.0033447577
CEEMDAN_LSTM,ETH-USD,2026-06-25 05:30:00,0.0041545373,0.0033452648
CEEMDAN_LSTM,ETH-USD,2026-06-25 05:45:00,0.0041656788,0.0033450336
CEEMDAN_LSTM,ETH-USD,2026-06-25 06:00:00,0.0041537643,0.0033453552
CEEMDAN_LSTM,ETH-USD,2026-06-25 06:15:00,0.0041386425,0.0033458022
CEEMDAN_LSTM,ETH-USD,2026-06-25 06:30:00,0.0041278256,0.003354934
CEEMDAN_LSTM,ETH-USD,2026-06-25 06:45:00,0.0041138725,0.0033374254
CEEMDAN_LSTM,ETH-USD,2026-06-25 07:00:00,0.0041250875,0.0033364724
CEEMDAN_LSTM,ETH-USD,2026-06-25 07:15:00,0.0041238586,0.0033372839
CEEMDAN_LSTM,ETH-USD,2026-06-25 07:30:00,0.004113181,0.003337899
CEEMDAN_LSTM,ETH-USD,2026-06-25 07:45:00,0.004104516,0.0033369227
CEEMDAN_LSTM,ETH-USD,2026-06-25 08:00:00,0.004109349,0.0033373276
CEEMDAN_LSTM,ETH-USD,2026-06-25 08:15:00,0.004116597,0.003327804
CEEMDAN_LSTM,ETH-USD,2026-06-25 08:30:00,0.0041140756,0.0033276456
CEEMDAN_LSTM,ETH-USD,2026-06-25 08:45:00,0.004100906,0.003319432
CEEMDAN_LSTM,ETH-USD,2026-06-25 09:00:00,0.0040932354,0.0033153305
CEEMDAN_LSTM,ETH-USD,2026-06-25 09:15:00,0.004079774,0.003318156
CEEMDAN_LSTM,ETH-USD,2026-06-25 09:30:00,0.0040809386,0.0033177948
CEEMDAN_LSTM,ETH-USD,2026-06-25 09:45:00,0.0040759277,0.0033097672
CEEMDAN_LSTM,ETH-USD,2026-06-25 10:00:00,0.004068605,0.0033089172
CEEMDAN_LSTM,ETH-USD,2026-06-25 10:15:00,0.0040630247,0.0033112366
CEEMDAN_LSTM,ETH-USD,2026-06-25 10:30:00,0.0040721525,0.0033175473
CEEMDAN_LSTM,ETH-USD,2026-06-25 10:45:00,0.0040862686,0.0033168048
CEEMDAN_LSTM,ETH-USD,2026-06-25 11:00:00,0.00408956,0.0033156688
CEEMDAN_LSTM,ETH-USD,2026-06-25 11:15:00,0.004089881,0.0033212705
CEEMDAN_LSTM,ETH-USD,2026-06-25 11:30:00,0.004105034,0.003320296
CEEMDAN_LSTM,ETH-USD,2026-06-25 11:45:00,0.0041098795,0.0033205661
CEEMDAN_LSTM,ETH-USD,2026-06-25 12:00:00,0.0041142167,0.0033203403
CEEMDAN_LSTM,ETH-USD,2026-06-25 12:15:00,0.004129661,0.0033251017
CEEMDAN_LSTM,ETH-USD,2026-06-25 12:30:00,0.004145279,0.0033484532
CEEMDAN_LSTM,ETH-USD,2026-06-25 12:45:00,0.004112076,0.003345741
CEEMDAN_LSTM,ETH-USD,2026-06-25 13:00:00,0.004101421,0.003348064
CEEMDAN_LSTM,ETH-USD,2026-06-25 13:15:00,0.0040902644,0.003326091
CEEMDAN_LSTM,ETH-USD,2026-06-25 13:30:00,0.004091797,0.0037095079
CEEMDAN_LSTM,ETH-USD,2026-06-25 13:45:00,0.004142713,0.004391073
CEEMDAN_LSTM,ETH-USD,2026-06-25 14:00:00,0.004334786,0.0045680315
CEEMDAN_LSTM,ETH-USD,2026-06-25 14:15:00,0.004464857,0.004565985
CEEMDAN_LSTM,ETH-USD,2026-06-25 14:30:00,0.0046174303,0.004568445
CEEMDAN_LSTM,ETH-USD,2026-06-25 14:45:00,0.004713625,0.0045685507
CEEMDAN_LSTM,ETH-USD,2026-06-25 15:00:00,0.0047862097,0.0045999447
CEEMDAN_LSTM,ETH-USD,2026-06-25 15:15:00,0.004864436,0.004608032
CEEMDAN_LSTM,ETH-USD,2026-06-25 15:30:00,0.0048711826,0.004597984
CEEMDAN_LSTM,ETH-USD,2026-06-25 15:45:00,0.0049066204,0.004614898
CEEMDAN_LSTM,ETH-USD,2026-06-25 16:00:00,0.0049169287,0.004627594
CEEMDAN_LSTM,ETH-USD,2026-06-25 16:15:00,0.00495184,0.0046269894
CEEMDAN_LSTM,ETH-USD,2026-06-25 16:30:00,0.0050348756,0.004651895
CEEMDAN_LSTM,ETH-USD,2026-06-25 16:45:00,0.0051492965,0.00465053
CEEMDAN_LSTM,ETH-USD,2026-06-25 17:00:00,0.005206559,0.0046576727
CEEMDAN_LSTM,ETH-USD,2026-06-25 17:15:00,0.0052089915,0.0046585486
CEEMDAN_LSTM,ETH-USD,2026-06-25 17:30:00,0.0052239806,0.004658124
CEEMDAN_LSTM,ETH-USD,2026-06-25 17:45:00,0.005257575,0.004662591
CEEMDAN_LSTM,ETH-USD,2026-06-25 18:00:00,0.005282034,0.004674308
CEEMDAN_LSTM,ETH-USD,2026-06-25 18:15:00,0.0053415857,0.004686989
CEEMDAN_LSTM,ETH-USD,2026-06-25 18:30:00,0.005327225,0.004701233
CEEMDAN_LSTM,ETH-USD,2026-06-25 18:45:00,0.005384986,0.004703062
CEEMDAN_LSTM,ETH-USD,2026-06-25 19:00:00,0.005399577,0.004710977
CEEMDAN_LSTM,ETH-USD,2026-06-25 19:15:00,0.0054386663,0.0047107083
CEEMDAN_LSTM,ETH-USD,2026-06-25 19:30:00,0.005446783,0.004708463
CEEMDAN_LSTM,ETH-USD,2026-06-25 19:45:00,0.0054510524,0.004706925
CEEMDAN_LSTM,ETH-USD,2026-06-25 20:00:00,0.0054482426,0.004720211
CEEMDAN_LSTM,ETH-USD,2026-06-25 20:15:00,0.005426956,0.0047165276
CEEMDAN_LSTM,ETH-USD,2026-06-25 20:30:00,0.0054600784,0.0047182604
CEEMDAN_LSTM,ETH-USD,2026-06-25 20:45:00,0.005511754,0.004719318
CEEMDAN_LSTM,ETH-USD,2026-06-25 21:00:00,0.0055414657,0.0047182557
CEEMDAN_LSTM,ETH-USD,2026-06-25 21:15:00,0.0055219666,0.004666825
CEEMDAN_LSTM,ETH-USD,2026-06-25 21:30:00,0.0055039157,0.0046744496
CEEMDAN_LSTM,ETH-USD,2026-06-25 21:45:00,0.005471645,0.0046803285
CEEMDAN_LSTM,ETH-USD,2026-06-25 22:00:00,0.0054764575,0.0046978714
CEEMDAN_LSTM,ETH-USD,2026-06-25 22:15:00,0.005553506,0.004697922
CEEMDAN_LSTM,ETH-USD,2026-06-25 22:30:00,0.0055789016,0.004695041
CEEMDAN_LSTM,ETH-USD,2026-06-25 22:45:00,0.005546554,0.004692111
CEEMDAN_LSTM,ETH-USD,2026-06-25 23:00:00,0.005518604,0.004684078
CEEMDAN_LSTM,ETH-USD,2026-06-25 23:15:00,0.0055077765,0.004531517
CEEMDAN_LSTM,ETH-USD,2026-06-25 23:30:00,0.0055038696,0.0045247646
CEEMDAN_LSTM,ETH-USD,2026-06-25 23:45:00,0.005446914,0.004527644
CEEMDAN_LSTM,ETH-USD,2026-06-26 00:00:00,0.0053869397,0.004529654
CEEMDAN_LSTM,ETH-USD,2026-06-26 00:15:00,0.0053357505,0.004528336
CEEMDAN_LSTM,ETH-USD,2026-06-26 00:30:00,0.0053447336,0.004526
CEEMDAN_LSTM,ETH-USD,2026-06-26 00:45:00,0.0053554885,0.004528696
CEEMDAN_LSTM,ETH-USD,2026-06-26 01:00:00,0.005372537,0.0045235734
CEEMDAN_LSTM,ETH-USD,2026-06-26 01:15:00,0.005357108,0.0045314003
CEEMDAN_LSTM,ETH-USD,2026-06-26 01:30:00,0.005337537,0.004530175
CEEMDAN_LSTM,ETH-USD,2026-06-26 01:45:00,0.005302376,0.0045298897
CEEMDAN_LSTM,ETH-USD,2026-06-26 02:00:00,0.005283513,0.004781655
CEEMDAN_LSTM,ETH-USD,2026-06-26 02:15:00,0.0054022647,0.0048204125
CEEMDAN_LSTM,ETH-USD,2026-06-26 02:30:00,0.005409802,0.0048203263
CEEMDAN_LSTM,ETH-USD,2026-06-26 02:45:00,0.005486142,0.0048424993
CEEMDAN_LSTM,ETH-USD,2026-06-26 03:00:00,0.005595215,0.004855591
CEEMDAN_LSTM,ETH-USD,2026-06-26 03:15:00,0.005618281,0.0048555755
CEEMDAN_LSTM,ETH-USD,2026-06-26 03:30:00,0.005632718,0.0048667556
CEEMDAN_LSTM,ETH-USD,2026-06-26 03:45:00,0.0056257425,0.004920955
CEEMDAN_LSTM,ETH-USD,2026-06-26 04:00:00,0.0056184777,0.004921347
CEEMDAN_LSTM,ETH-USD,2026-06-26 04:15:00,0.0057369797,0.004920596
CEEMDAN_LSTM,ETH-USD,2026-06-26 04:30:00,0.0058446117,0.004903825
CEEMDAN_LSTM,ETH-USD,2026-06-26 04:45:00,0.0058773286,0.0049026147
CEEMDAN_LSTM,ETH-USD,2026-06-26 05:00:00,0.0058573494,0.0049010376
CEEMDAN_LSTM,ETH-USD,2026-06-26 05:15:00,0.005818009,0.00490097
CEEMDAN_LSTM,ETH-USD,2026-06-26 05:30:00,0.0057982225,0.004901014
CEEMDAN_LSTM,ETH-USD,2026-06-26 05:45:00,0.0058282185,0.004901122
CEEMDAN_LSTM,ETH-USD,2026-06-26 06:00:00,0.005864338,0.0049108686
CEEMDAN_LSTM,ETH-USD,2026-06-26 06:15:00,0.0059057428,0.0049441634
CEEMDAN_LSTM,ETH-USD,2026-06-26 06:30:00,0.0058314833,0.0049696923
CEEMDAN_LSTM,ETH-USD,2026-06-26 06:45:00,0.005805291,0.0049671927
CEEMDAN_LSTM,ETH-USD,2026-06-26 07:00:00,0.005883949,0.0049634078
CEEMDAN_LSTM,ETH-USD,2026-06-26 07:15:00,0.0059279115,0.0049594175
CEEMDAN_LSTM,ETH-USD,2026-06-26 07:30:00,0.0059258095,0.004960772
CEEMDAN_LSTM,ETH-USD,2026-06-26 07:45:00,0.0058990764,0.004959825
CEEMDAN_LSTM,ETH-USD,2026-06-26 08:00:00,0.005897477,0.0049688714
CEEMDAN_LSTM,ETH-USD,2026-06-26 08:15:00,0.0059277085,0.0049650045
CEEMDAN_LSTM,ETH-USD,2026-06-26 08:30:00,0.005919158,0.0049693943
CEEMDAN_LSTM,ETH-USD,2026-06-26 08:45:00,0.005920568,0.0049686297
CEEMDAN_LSTM,ETH-USD,2026-06-26 09:00:00,0.005904861,0.004969356
CEEMDAN_LSTM,ETH-USD,2026-06-26 09:15:00,0.005894553,0.0049693487
CEEMDAN_LSTM,ETH-USD,2026-06-26 09:30:00,0.005882961,0.0049641575
CEEMDAN_LSTM,ETH-USD,2026-06-26 09:45:00,0.005873144,0.0049773506
CEEMDAN_LSTM,ETH-USD,2026-06-26 10:00:00,0.00590137,0.0049741757
CEEMDAN_LSTM,ETH-USD,2026-06-26 10:15:00,0.0058832075,0.0049732877
CEEMDAN_LSTM,ETH-USD,2026-06-26 10:30:00,0.0058516376,0.004972817
CEEMDAN_LSTM,ETH-USD,2026-06-26 10:45:00,0.0058491924,0.004968208
CEEMDAN_LSTM,ETH-USD,2026-06-26 11:00:00,0.0058615445,0.004969963
CEEMDAN_LSTM,ETH-USD,2026-06-26 11:15:00,0.0058602937,0.0049735005
CEEMDAN_LSTM,ETH-USD,2026-06-26 11:30:00,0.0058940332,0.0049738265
CEEMDAN_LSTM,ETH-USD,2026-06-26 11:45:00,0.0058990633,0.0049737706
CEEMDAN_LSTM,ETH-USD,2026-06-26 12:00:00,0.005889521,0.0049735666
CEEMDAN_LSTM,ETH-USD,2026-06-26 12:15:00,0.005876325,0.0049799914
CEEMDAN_LSTM,ETH-USD,2026-06-26 12:30:00,0.005863398,0.005052547
CEEMDAN_LSTM,ETH-USD,2026-06-26 12:45:00,0.005960269,0.0050582658
CEEMDAN_LSTM,ETH-USD,2026-06-26 13:00:00,0.005971613,0.005054523
CEEMDAN_LSTM,ETH-USD,2026-06-26 13:15:00,0.005965297,0.0050507667
CEEMDAN_LSTM,ETH-USD,2026-06-26 13:30:00,0.0059564197,0.0050836247
CEEMDAN_LSTM,ETH-USD,2026-06-26 13:45:00,0.0059209177,0.0051585874
CEEMDAN_LSTM,ETH-USD,2026-06-26 14:00:00,0.0059085283,0.005158324
CEEMDAN_LSTM,ETH-USD,2026-06-26 14:15:00,0.0060347845,0.005160012
CEEMDAN_LSTM,ETH-USD,2026-06-26 14:30:00,0.00613087,0.005181741
CEEMDAN_LSTM,ETH-USD,2026-06-26 14:45:00,0.0062047564,0.005179557
CEEMDAN_LSTM,ETH-USD,2026-06-26 15:00:00,0.0061544334,0.005186431
CEEMDAN_LSTM,ETH-USD,2026-06-26 15:15:00,0.0060642487,0.0052117365
CEEMDAN_LSTM,ETH-USD,2026-06-26 15:30:00,0.0060251644,0.005215609
CEEMDAN_LSTM,ETH-USD,2026-06-26 15:45:00,0.0060835527,0.0052184095
CEEMDAN_LSTM,ETH-USD,2026-06-26 16:00:00,0.006174059,0.0052181673
CEEMDAN_LSTM,ETH-USD,2026-06-26 16:15:00,0.0061934553,0.005219995
CEEMDAN_LSTM,ETH-USD,2026-06-26 16:30:00,0.00616447,0.0052211876
CEEMDAN_LSTM,ETH-USD,2026-06-26 16:45:00,0.006115195,0.005221218
CEEMDAN_LSTM,ETH-USD,2026-06-26 17:00:00,0.0061169146,0.005232786
CEEMDAN_LSTM,ETH-USD,2026-06-26 17:15:00,0.0061037876,0.005230813
CEEMDAN_LSTM,ETH-USD,2026-06-26 17:30:00,0.006128255,0.00523153
CEEMDAN_LSTM,ETH-USD,2026-06-26 17:45:00,0.0061555933,0.0052300524
CEEMDAN_LSTM,ETH-USD,2026-06-26 18:00:00,0.0061548525,0.0052301595
CEEMDAN_LSTM,ETH-USD,2026-06-26 18:15:00,0.0061159767,0.0052372105
CEEMDAN_LSTM,ETH-USD,2026-06-26 18:30:00,0.0061000576,0.0052349255
CEEMDAN_LSTM,ETH-USD,2026-06-26 18:45:00,0.006075126,0.0052370024
CEEMDAN_LSTM,ETH-USD,2026-06-26 19:00:00,0.0060838284,0.005247611
CEEMDAN_LSTM,ETH-USD,2026-06-26 19:15:00,0.0060630627,0.005245111
CEEMDAN_LSTM,ETH-USD,2026-06-26 19:30:00,0.006107199,0.00524135
CEEMDAN_LSTM,ETH-USD,2026-06-26 19:45:00,0.0061432663,0.0052385326
CEEMDAN_LSTM,ETH-USD,2026-06-26 20:00:00,0.0061437106,0.00523856
CEEMDAN_LSTM,ETH-USD,2026-06-26 20:15:00,0.0061205495,0.0052381246
CEEMDAN_LSTM,ETH-USD,2026-06-26 20:30:00,0.0060989265,0.0052517764
CEEMDAN_LSTM,ETH-USD,2026-06-26 20:45:00,0.0061389464,0.0052526947
CEEMDAN_LSTM,ETH-USD,2026-06-26 21:00:00,0.006123834,0.00525445
CEEMDAN_LSTM,ETH-USD,2026-06-26 21:15:00,0.0060911765,0.005254334
CEEMDAN_LSTM,ETH-USD,2026-06-26 21:30:00,0.0060852314,0.005256012
CEEMDAN_LSTM,ETH-USD,2026-06-26 21:45:00,0.006103431,0.0052564177
CEEMDAN_LSTM,ETH-USD,2026-06-26 22:00:00,0.00614119,0.0052543925
CEEMDAN_LSTM,ETH-USD,2026-06-26 22:15:00,0.0061566993,0.0052520167
CEEMDAN_LSTM,ETH-USD,2026-06-26 22:30:00,0.006155605,0.0052537415
CEEMDAN_LSTM,ETH-USD,2026-06-26 22:45:00,0.006127744,0.0052541974
CEEMDAN_LSTM,ETH-USD,2026-06-26 23:00:00,0.006118949,0.005254116
CEEMDAN_LSTM,ETH-USD,2026-06-26 23:15:00,0.006134694,0.0052551804
CEEMDAN_LSTM,ETH-USD,2026-06-26 23:30:00,0.0061609386,0.0052559352
CEEMDAN_LSTM,ETH-USD,2026-06-26 23:45:00,0.006141471,0.005255996
CEEMDAN_LSTM,ETH-USD,2026-06-27 00:00:00,0.006136672,0.0052558174
CEEMDAN_LSTM,ETH-USD,2026-06-27 00:15:00,0.0061361864,0.0052554845
CEEMDAN_LSTM,ETH-USD,2026-06-27 00:30:00,0.0061492575,0.0052574887
CEEMDAN_LSTM,ETH-USD,2026-06-27 00:45:00,0.006156549,0.0052592857
CEEMDAN_LSTM,ETH-USD,2026-06-27 01:00:00,0.006128188,0.0052595744
CEEMDAN_LSTM,ETH-USD,2026-06-27 01:15:00,0.0061248867,0.005260396
CEEMDAN_LSTM,ETH-USD,2026-06-27 01:30:00,0.006124951,0.005259966
CEEMDAN_LSTM,ETH-USD,2026-06-27 01:45:00,0.006137486,0.0052589825
CEEMDAN_LSTM,ETH-USD,2026-06-27 02:00:00,0.00614055,0.0052604396
CEEMDAN_LSTM,ETH-USD,2026-06-27 02:15:00,0.0061194706,0.0052627423
CEEMDAN_LSTM,ETH-USD,2026-06-27 02:30:00,0.0061108666,0.0052418597
CEEMDAN_LSTM,ETH-USD,2026-06-27 02:45:00,0.0061329487,0.0052289064
CEEMDAN_LSTM,ETH-USD,2026-06-27 03:00:00,0.0061400332,0.0052313902
CEEMDAN_LSTM,ETH-USD,2026-06-27 03:15:00,0.006129276,0.005233235
CEEMDAN_LSTM,ETH-USD,2026-06-27 03:30:00,0.0060857274,0.0052333972
CEEMDAN_LSTM,ETH-USD,2026-06-27 03:45:00,0.006081789,0.005230586
CEEMDAN_LSTM,ETH-USD,2026-06-27 04:00:00,0.0060919453,0.005198985
CEEMDAN_LSTM,ETH-USD,2026-06-27 04:15:00,0.0060895556,0.00519739
CEEMDAN_LSTM,ETH-USD,2026-06-27 04:30:00,0.006080361,0.005195703
CEEMDAN_LSTM,ETH-USD,2026-06-27 04:45:00,0.0060678567,0.0051950775
CEEMDAN_LSTM,ETH-USD,2026-06-27 05:00:00,0.0060631908,0.005195581
CEEMDAN_LSTM,ETH-USD,2026-06-27 05:15:00,0.006053108,0.0051943013
CEEMDAN_LSTM,ETH-USD,2026-06-27 05:30:00,0.006072051,0.0051939497
CEEMDAN_LSTM,ETH-USD,2026-06-27 05:45:00,0.006070664,0.0051918933
CEEMDAN_LSTM,ETH-USD,2026-06-27 06:00:00,0.0060721696,0.0051851794
CEEMDAN_LSTM,ETH-USD,2026-06-27 06:15:00,0.0060789357,0.005183113
CEEMDAN_LSTM,ETH-USD,2026-06-27 06:30:00,0.006065966,0.0051444587
CEEMDAN_LSTM,ETH-USD,2026-06-27 06:45:00,0.0060508065,0.0051346608
CEEMDAN_LSTM,ETH-USD,2026-06-27 07:00:00,0.0060426346,0.0051230444
CEEMDAN_LSTM,ETH-USD,2026-06-27 07:15:00,0.0060438477,0.005120807
CEEMDAN_LSTM,ETH-USD,2026-06-27 07:30:00,0.0060317614,0.005110614
CEEMDAN_LSTM,ETH-USD,2026-06-27 07:45:00,0.0060258782,0.0049398625
CEEMDAN_LSTM,ETH-USD,2026-06-27 08:00:00,0.006016294,0.0049399245
CEEMDAN_LSTM,ETH-USD,2026-06-27 08:15:00,0.005936934,0.004917846
CEEMDAN_LSTM,ETH-USD,2026-06-27 08:30:00,0.0058668386,0.004905297
CEEMDAN_LSTM,ETH-USD,2026-06-27 08:45:00,0.005841903,0.0048976378
CEEMDAN_LSTM,ETH-USD,2026-06-27 09:00:00,0.0058387658,0.004890027
CEEMDAN_LSTM,ETH-USD,2026-06-27 09:15:00,0.0058580227,0.0048734704
CEEMDAN_LSTM,ETH-USD,2026-06-27 09:30:00,0.005852213,0.0048724376
CEEMDAN_LSTM,ETH-USD,2026-06-27 09:45:00,0.0058196275,0.0048702597
CEEMDAN_LSTM,ETH-USD,2026-06-27 10:00:00,0.00579596,0.004870447
CEEMDAN_LSTM,ETH-USD,2026-06-27 10:15:00,0.005793722,0.004868046
CEEMDAN_LSTM,ETH-USD,2026-06-27 10:30:00,0.005806361,0.0048656813
CEEMDAN_LSTM,ETH-USD,2026-06-27 10:45:00,0.0058016106,0.004862309
CEEMDAN_LSTM,ETH-USD,2026-06-27 11:00:00,0.005793502,0.0047483006
CEEMDAN_LSTM,ETH-USD,2026-06-27 11:15:00,0.005786103,0.00474898
CEEMDAN_LSTM,ETH-USD,2026-06-27 11:30:00,0.0057257004,0.0047490024
CEEMDAN_LSTM,ETH-USD,2026-06-27 11:45:00,0.005659848,0.004749994
CEEMDAN_LSTM,ETH-USD,2026-06-27 12:00:00,0.0056295637,0.004747856
CEEMDAN_LSTM,ETH-USD,2026-06-27 12:15:00,0.0056499355,0.004747406
CEEMDAN_LSTM,ETH-USD,2026-06-27 12:30:00,0.005661833,0.004740333
CEEMDAN_LSTM,ETH-USD,2026-06-27 12:45:00,0.005666452,0.0047403793
CEEMDAN_LSTM,ETH-USD,2026-06-27 13:00:00,0.005646334,0.004740199
CEEMDAN_LSTM,ETH-USD,2026-06-27 13:15:00,0.005642282,0.004737565
CEEMDAN_LSTM,ETH-USD,2026-06-27 13:30:00,0.005650357,0.004739498
CEEMDAN_LSTM,ETH-USD,2026-06-27 13:45:00,0.005645921,0.0047394168
CEEMDAN_LSTM,ETH-USD,2026-06-27 14:00:00,0.0056467187,0.0047419835
CEEMDAN_LSTM,ETH-USD,2026-06-27 14:15:00,0.0056399503,0.0047414666
CEEMDAN_LSTM,ETH-USD,2026-06-27 14:30:00,0.0056599905,0.0047416547
CEEMDAN_LSTM,ETH-USD,2026-06-27 14:45:00,0.0056647207,0.0047405055
CEEMDAN_LSTM,ETH-USD,2026-06-27 15:00:00,0.005655866,0.0047658696
CEEMDAN_LSTM,ETH-USD,2026-06-27 15:15:00,0.0056035854,0.004766525
CEEMDAN_LSTM,ETH-USD,2026-06-27 15:30:00,0.005653168,0.0047680195
CEEMDAN_LSTM,ETH-USD,2026-06-27 15:45:00,0.0056796586,0.0047680205
CEEMDAN_LSTM,ETH-USD,2026-06-27 16:00:00,0.005684783,0.0047678496
CEEMDAN_LSTM,ETH-USD,2026-06-27 16:15:00,0.005669806,0.004767225
CEEMDAN_LSTM,ETH-USD,2026-06-27 16:30:00,0.0056585674,0.0047680074
CEEMDAN_LSTM,ETH-USD,2026-06-27 16:45:00,0.0056481147,0.0047679306
CEEMDAN_LSTM,ETH-USD,2026-06-27 17:00:00,0.0056520295,0.00478414
CEEMDAN_LSTM,ETH-USD,2026-06-27 17:15:00,0.005696847,0.00478162
CEEMDAN_LSTM,ETH-USD,2026-06-27 17:30:00,0.005694491,0.0047791144
CEEMDAN_LSTM,ETH-USD,2026-06-27 17:45:00,0.0056699193,0.004776195
CEEMDAN_LSTM,ETH-USD,2026-06-27 18:00:00,0.005650477,0.0047756275
CEEMDAN_LSTM,ETH-USD,2026-06-27 18:15:00,0.005631749,0.004775681
CEEMDAN_LSTM,ETH-USD,2026-06-27 18:30:00,0.005618508,0.0047752187
CEEMDAN_LSTM,ETH-USD,2026-06-27 18:45:00,0.0056061274,0.004773863
CEEMDAN_LSTM,ETH-USD,2026-06-27 19:00:00,0.005604699,0.0047736247
CEEMDAN_LSTM,ETH-USD,2026-06-27 19:15:00,0.005611069,0.004798601
CEEMDAN_LSTM,ETH-USD,2026-06-27 19:30:00,0.0056641526,0.004798692
CEEMDAN_LSTM,ETH-USD,2026-06-27 19:45:00,0.005677211,0.0047747283
CEEMDAN_LSTM,ETH-USD,2026-06-27 20:00:00,0.005653322,0.00475893
CEEMDAN_LSTM,ETH-USD,2026-06-27 20:15:00,0.0056053847,0.004757851
CEEMDAN_LSTM,ETH-USD,2026-06-27 20:30:00,0.005585995,0.0047570877
CEEMDAN_LSTM,ETH-USD,2026-06-27 20:45:00,0.0055879084,0.0047570365
CEEMDAN_LSTM,ETH-USD,2026-06-27 21:00:00,0.005597538,0.004758487
CEEMDAN_LSTM,ETH-USD,2026-06-27 21:15:00,0.0055998615,0.004758153
CEEMDAN_LSTM,ETH-USD,2026-06-27 21:30:00,0.005612692,0.0047569824
CEEMDAN_LSTM,ETH-USD,2026-06-27 21:45:00,0.0056418707,0.0047585582
CEEMDAN_LSTM,ETH-USD,2026-06-27 22:00:00,0.005650654,0.0047585885
CEEMDAN_LSTM,ETH-USD,2026-06-27 22:15:00,0.0056392727,0.0047584632
CEEMDAN_LSTM,ETH-USD,2026-06-27 22:30:00,0.005618648,0.0047565377
CEEMDAN_LSTM,ETH-USD,2026-06-27 22:45:00,0.0056099757,0.004758106
CEEMDAN_LSTM,ETH-USD,2026-06-27 23:00:00,0.0056100776,0.004762361
CEEMDAN_LSTM,ETH-USD,2026-06-27 23:15:00,0.005644311,0.004762315
CEEMDAN_LSTM,ETH-USD,2026-06-27 23:30:00,0.0056488835,0.00476383
CEEMDAN_LSTM,ETH-USD,2026-06-27 23:45:00,0.0056262435,0.0047637764
CEEMDAN_LSTM,ETH-USD,2026-06-28 00:00:00,0.0056183706,0.0047641965
CEEMDAN_LSTM,ETH-USD,2026-06-28 00:15:00,0.005608104,0.0047610677
CEEMDAN_LSTM,ETH-USD,2026-06-28 00:30:00,0.0056043235,0.0047612493
CEEMDAN_LSTM,ETH-USD,2026-06-28 00:45:00,0.0056121773,0.004761517
CEEMDAN_LSTM,ETH-USD,2026-06-28 01:00:00,0.0056214277,0.004762184
CEEMDAN_LSTM,ETH-USD,2026-06-28 01:15:00,0.0056248805,0.0047608926
CEEMDAN_LSTM,ETH-USD,2026-06-28 01:30:00,0.005602607,0.0047555226
CEEMDAN_LSTM,ETH-USD,2026-06-28 01:45:00,0.00559094,0.004755635
CEEMDAN_LSTM,ETH-USD,2026-06-28 02:00:00,0.005591041,0.004757927
CEEMDAN_LSTM,ETH-USD,2026-06-28 02:15:00,0.0055842614,0.004760377
CEEMDAN_LSTM,ETH-USD,2026-06-28 02:30:00,0.005614402,0.004760079
CEEMDAN_LSTM,ETH-USD,2026-06-28 02:45:00,0.0056083505,0.0047598095
CEEMDAN_LSTM,ETH-USD,2026-06-28 03:00:00,0.0055912263,0.004762322
CEEMDAN_LSTM,ETH-USD,2026-06-28 03:15:00,0.005570762,0.0047586565
CEEMDAN_LSTM,ETH-USD,2026-06-28 03:30:00,0.005585089,0.0047401306
CEEMDAN_LSTM,ETH-USD,2026-06-28 03:45:00,0.0055990224,0.0047402466
CEEMDAN_LSTM,ETH-USD,2026-06-28 04:00:00,0.0055824867,0.0047387155
CEEMDAN_LSTM,ETH-USD,2026-06-28 04:15:00,0.00557009,0.00473644
CEEMDAN_LSTM,ETH-USD,2026-06-28 04:30:00,0.005562364,0.0044382988
CEEMDAN_LSTM,ETH-USD,2026-06-28 04:45:00,0.0055609313,0.003743296
CEEMDAN_LSTM,ETH-USD,2026-06-28 05:00:00,0.0053974604,0.0035370716
CEEMDAN_LSTM,ETH-USD,2026-06-28 05:15:00,0.004754065,0.0035462203
CEEMDAN_LSTM,ETH-USD,2026-06-28 05:30:00,0.0043434105,0.003546069
CEEMDAN_LSTM,ETH-USD,2026-06-28 05:45:00,0.004337534,0.0035457748
CEEMDAN_LSTM,ETH-USD,2026-06-28 06:00:00,0.004392488,0.003506661
CEEMDAN_LSTM,ETH-USD,2026-06-28 06:15:00,0.004395561,0.0034970914
CEEMDAN_LSTM,ETH-USD,2026-06-28 06:30:00,0.004328491,0.003497743
CEEMDAN_LSTM,ETH-USD,2026-06-28 06:45:00,0.00428588,0.0034770116
CEEMDAN_LSTM,ETH-USD,2026-06-28 07:00:00,0.004276051,0.0034672038
CEEMDAN_LSTM,ETH-USD,2026-06-28 07:15:00,0.0042532184,0.0034673742
CEEMDAN_LSTM,ETH-USD,2026-06-28 07:30:00,0.004251878,0.0034284792
CEEMDAN_LSTM,ETH-USD,2026-06-28 07:45:00,0.004242211,0.0034283053
CEEMDAN_LSTM,ETH-USD,2026-06-28 08:00:00,0.00422406,0.0034209425
CEEMDAN_LSTM,ETH-USD,2026-06-28 08:15:00,0.004222929,0.0034196181
CEEMDAN_LSTM,ETH-USD,2026-06-28 08:30:00,0.004217373,0.0034310976
CEEMDAN_LSTM,ETH-USD,2026-06-28 08:45:00,0.004200513,0.0034263306
CEEMDAN_LSTM,ETH-USD,2026-06-28 09:00:00,0.0042163027,0.0034057712
CEEMDAN_LSTM,ETH-USD,2026-06-28 09:15:00,0.0042180093,0.0033905506
CEEMDAN_LSTM,ETH-USD,2026-06-28 09:30:00,0.004208042,0.0033679933
CEEMDAN_LSTM,ETH-USD,2026-06-28 09:45:00,0.0041923583,0.0033702895
CEEMDAN_LSTM,ETH-USD,2026-06-28 10:00:00,0.004189752,0.0033568803
CEEMDAN_LSTM,ETH-USD,2026-06-28 10:15:00,0.0041791494,0.003368192
CEEMDAN_LSTM,ETH-USD,2026-06-28 10:30:00,0.0041844565,0.003368435
CEEMDAN_LSTM,ETH-USD,2026-06-28 10:45:00,0.0041770875,0.0033690736
CEEMDAN_LSTM,ETH-USD,2026-06-28 11:00:00,0.0041727154,0.0033532104
CEEMDAN_LSTM,ETH-USD,2026-06-28 11:15:00,0.0041781757,0.0033608838
CEEMDAN_LSTM,ETH-USD,2026-06-28 11:30:00,0.0041629192,0.0033571452
CEEMDAN_LSTM,ETH-USD,2026-06-28 11:45:00,0.004174591,0.0033552926
CEEMDAN_LSTM,ETH-USD,2026-06-28 12:00:00,0.0041760043,0.003351417
CEEMDAN_LSTM,ETH-USD,2026-06-28 12:15:00,0.0041777035,0.0033500686
CEEMDAN_LSTM,ETH-USD,2026-06-28 12:30:00,0.0041704155,0.0033423179
CEEMDAN_LSTM,ETH-USD,2026-06-28 12:45:00,0.0041807713,0.0033364615
CEEMDAN_LSTM,ETH-USD,2026-06-28 13:00:00,0.004168888,0.0033105
CEEMDAN_LSTM,ETH-USD,2026-06-28 13:15:00,0.0041713677,0.0033101675
CEEMDAN_LSTM,ETH-USD,2026-06-28 13:30:00,0.0041566193,0.0033104315
CEEMDAN_LSTM,ETH-USD,2026-06-28 13:45:00,0.0041456837,0.0033126294
CEEMDAN_LSTM,ETH-USD,2026-06-28 14:00:00,0.004155016,0.0033124466
CEEMDAN_LSTM,ETH-USD,2026-06-28 14:15:00,0.0041495035,0.0033066296
CEEMDAN_LSTM,ETH-USD,2026-06-28 14:30:00,0.004147662,0.0032996251
CEEMDAN_LSTM,ETH-USD,2026-06-28 14:45:00,0.0041437587,0.0032947366
CEEMDAN_LSTM,ETH-USD,2026-06-28 15:00:00,0.004143836,0.003292412
CEEMDAN_LSTM,ETH-USD,2026-06-28 15:15:00,0.004131979,0.0032914774
CEEMDAN_LSTM,ETH-USD,2026-06-28 15:30:00,0.00413057,0.0032915785
CEEMDAN_LSTM,ETH-USD,2026-06-28 15:45:00,0.004129818,0.0032866679
CEEMDAN_LSTM,ETH-USD,2026-06-28 16:00:00,0.0041290508,0.0032878076
CEEMDAN_LSTM,ETH-USD,2026-06-28 16:15:00,0.0041275714,0.003276294
CEEMDAN_LSTM,ETH-USD,2026-06-28 16:30:00,0.0041265897,0.0032932183
CEEMDAN_LSTM,ETH-USD,2026-06-28 16:45:00,0.0041306363,0.003298224
CEEMDAN_LSTM,ETH-USD,2026-06-28 17:00:00,0.0041139065,0.0029069325
CEEMDAN_LSTM,ETH-USD,2026-06-28 17:15:00,0.0041211224,0.002844264
CEEMDAN_LSTM,ETH-USD,2026-06-28 17:30:00,0.003942679,0.0028438896
CEEMDAN_LSTM,ETH-USD,2026-06-28 17:45:00,0.003815994,0.0028035901
CEEMDAN_LSTM,ETH-USD,2026-06-28 18:00:00,0.0038114719,0.0027836864
CEEMDAN_LSTM,ETH-USD,2026-06-28 18:15:00,0.0038107058,0.002787968
CEEMDAN_LSTM,ETH-USD,2026-06-28 18:30:00,0.0038043642,0.002771912
CEEMDAN_LSTM,ETH-USD,2026-06-28 18:45:00,0.0037988767,0.0026778956
CEEMDAN_LSTM,ETH-USD,2026-06-28 19:00:00,0.0037864682,0.0026773743
CEEMDAN_LSTM,ETH-USD,2026-06-28 19:15:00,0.003736952,0.00267568
CEEMDAN_LSTM,ETH-USD,2026-06-28 19:30:00,0.003715216,0.0026771952
CEEMDAN_LSTM,ETH-USD,2026-06-28 19:45:00,0.0037213813,0.0026782914
CEEMDAN_LSTM,ETH-USD,2026-06-28 20:00:00,0.0037290235,0.0026941851
CEEMDAN_LSTM,ETH-USD,2026-06-28 20:15:00,0.0037118746,0.0026894466
CEEMDAN_LSTM,ETH-USD,2026-06-28 20:30:00,0.0037150795,0.0026888724
CEEMDAN_LSTM,ETH-USD,2026-06-28 20:45:00,0.0037278503,0.002688857
CEEMDAN_LSTM,ETH-USD,2026-06-28 21:00:00,0.0037278978,0.0026632892
CEEMDAN_LSTM,ETH-USD,2026-06-28 21:15:00,0.0037263776,0.0026034592
CEEMDAN_LSTM,ETH-USD,2026-06-28 21:30:00,0.00371012,0.0025560535
CEEMDAN_LSTM,ETH-USD,2026-06-28 21:45:00,0.0036652181,0.0025681097
CEEMDAN_LSTM,ETH-USD,2026-06-28 22:00:00,0.003628174,0.002576687
CEEMDAN_LSTM,ETH-USD,2026-06-28 22:15:00,0.003607965,0.0025816702
CEEMDAN_LSTM,ETH-USD,2026-06-28 22:30:00,0.003618861,0.0025932537
CEEMDAN_LSTM,ETH-USD,2026-06-28 22:45:00,0.0036448557,0.0025977802
CEEMDAN_LSTM,ETH-USD,2026-06-28 23:00:00,0.0036557447,0.0025851435
CEEMDAN_LSTM,ETH-USD,2026-06-28 23:15:00,0.0036381953,0.002607543
CEEMDAN_LSTM,ETH-USD,2026-06-28 23:30:00,0.0036038025,0.0026043714
CEEMDAN_LSTM,ETH-USD,2026-06-28 23:45:00,0.0036049383,0.0026086597
CEEMDAN_LSTM,ETH-USD,2026-06-29 00:00:00,0.0036301303,0.0026071058
CEEMDAN_LSTM,ETH-USD,2026-06-29 00:15:00,0.0036472678,0.0026351684
CEEMDAN_LSTM,ETH-USD,2026-06-29 00:30:00,0.003660973,0.0026387796
CEEMDAN_LSTM,ETH-USD,2026-06-29 00:45:00,0.003662615,0.0026336643
CEEMDAN_LSTM,ETH-USD,2026-06-29 01:00:00,0.0036375686,0.0026475997
CEEMDAN_LSTM,ETH-USD,2026-06-29 01:15:00,0.0036453838,0.0026531736
CEEMDAN_LSTM,ETH-USD,2026-06-29 01:30:00,0.0036763651,0.0026765044
CEEMDAN_LSTM,ETH-USD,2026-06-29 01:45:00,0.0036653245,0.0026797245
CEEMDAN_LSTM,ETH-USD,2026-06-29 02:00:00,0.0036839042,0.0027336464
CEEMDAN_LSTM,ETH-USD,2026-06-29 02:15:00,0.0037282472,0.0028162415
CEEMDAN_LSTM,ETH-USD,2026-06-29 02:30:00,0.0037207804,0.0028195109
CEEMDAN_LSTM,ETH-USD,2026-06-29 02:45:00,0.0037556805,0.0028183514
CEEMDAN_LSTM,ETH-USD,2026-06-29 03:00:00,0.003790524,0.0028338144
CEEMDAN_LSTM,ETH-USD,2026-06-29 03:15:00,0.0037877024,0.002825824
CEEMDAN_LSTM,ETH-USD,2026-06-29 03:30:00,0.0037944606,0.0027073156
CEEMDAN_LSTM,ETH-USD,2026-06-29 03:45:00,0.0038146984,0.0027091256
CEEMDAN_LSTM,ETH-USD,2026-06-29 04:00:00,0.0037388979,0.0027143294
CEEMDAN_LSTM,ETH-USD,2026-06-29 04:15:00,0.0037080755,0.002714125
CEEMDAN_LSTM,ETH-USD,2026-06-29 04:30:00,0.0037151664,0.0026651244
CEEMDAN_LSTM,ETH-USD,2026-06-29 04:45:00,0.0037248656,0.0025243647
CEEMDAN_LSTM,ETH-USD,2026-06-29 05:00:00,0.003702853,0.0025461286
CEEMDAN_LSTM,ETH-USD,2026-06-29 05:15:00,0.0036166618,0.0025451751
CEEMDAN_LSTM,ETH-USD,2026-06-29 05:30:00,0.0035808415,0.0025165952
CEEMDAN_LSTM,ETH-USD,2026-06-29 05:45:00,0.0035693753,0.0025218143
CEEMDAN_LSTM,ETH-USD,2026-06-29 06:00:00,0.0035481956,0.0025060135
CEEMDAN_LSTM,ETH-USD,2026-06-29 06:15:00,0.0035530247,0.0024569763
CEEMDAN_LSTM,ETH-USD,2026-06-29 06:30:00,0.0035643405,0.0024497441
CEEMDAN_LSTM,ETH-USD,2026-06-29 06:45:00,0.003539783,0.0024434098
CEEMDAN_LSTM,ETH-USD,2026-06-29 07:00:00,0.0035152633,0.00244389
CEEMDAN_LSTM,ETH-USD,2026-06-29 07:15:00,0.0035114181,0.002438952
CEEMDAN_LSTM,ETH-USD,2026-06-29 07:30:00,0.0035159104,0.002434102
CEEMDAN_LSTM,ETH-USD,2026-06-29 07:45:00,0.003513564,0.002432965
CEEMDAN_LSTM,ETH-USD,2026-06-29 08:00:00,0.0035078677,0.002410098
CEEMDAN_LSTM,ETH-USD,2026-06-29 08:15:00,0.0035053964,0.002421422
CEEMDAN_LSTM,ETH-USD,2026-06-29 08:30:00,0.00350077,0.0024193586
CEEMDAN_LSTM,ETH-USD,2026-06-29 08:45:00,0.0035005158,0.0024188457
CEEMDAN_LSTM,ETH-USD,2026-06-29 09:00:00,0.0034973978,0.0024198398
CEEMDAN_LSTM,ETH-USD,2026-06-29 09:15:00,0.0034943738,0.0024040097
CEEMDAN_LSTM,ETH-USD,2026-06-29 09:30:00,0.0034952231,0.0024045382
CEEMDAN_LSTM,ETH-USD,2026-06-29 09:45:00,0.0034927467,0.0023997298
CEEMDAN_LSTM,ETH-USD,2026-06-29 10:00:00,0.0034884743,0.002396391
CEEMDAN_LSTM,ETH-USD,2026-06-29 10:15:00,0.0034703177,0.002395643
CEEMDAN_LSTM,ETH-USD,2026-06-29 10:30:00,0.0034710118,0.0023979968
CEEMDAN_LSTM,ETH-USD,2026-06-29 10:45:00,0.0034897234,0.0023972003
CEEMDAN_LSTM,ETH-USD,2026-06-29 11:00:00,0.0034969235,0.002406168
CEEMDAN_LSTM,ETH-USD,2026-06-29 11:15:00,0.0035036437,0.0024027182
CEEMDAN_LSTM,ETH-USD,2026-06-29 11:30:00,0.003510845,0.0023683896
CEEMDAN_LSTM,ETH-USD,2026-06-29 11:45:00,0.0035067627,0.002369903
CEEMDAN_LSTM,ETH-USD,2026-06-29 12:00:00,0.0034743315,0.0024888352
CEEMDAN_LSTM,ETH-USD,2026-06-29 12:15:00,0.0034268652,0.0024951247
CEEMDAN_LSTM,ETH-USD,2026-06-29 12:30:00,0.0035165646,0.0025568805
CEEMDAN_LSTM,ETH-USD,2026-06-29 12:45:00,0.003617279,0.0025554379
CEEMDAN_LSTM,ETH-USD,2026-06-29 13:00:00,0.0036499165,0.0025803044
CEEMDAN_LSTM,ETH-USD,2026-06-29 13:15:00,0.0036192765,0.0026049067
CEEMDAN_LSTM,ETH-USD,2026-06-29 13:30:00,0.003640623,0.0026238598
CEEMDAN_LSTM,ETH-USD,2026-06-29 13:45:00,0.003691047,0.0026282861
CEEMDAN_LSTM,ETH-USD,2026-06-29 14:00:00,0.0036899322,0.0026677828
CEEMDAN_LSTM,ETH-USD,2026-06-29 14:15:00,0.003701014,0.0026997575
CEEMDAN_LSTM,ETH-USD,2026-06-29 14:30:00,0.0036970805,0.0026977349
CEEMDAN_LSTM,ETH-USD,2026-06-29 14:45:00,0.0037181918,0.0027035493
CEEMDAN_LSTM,ETH-USD,2026-06-29 15:00:00,0.0037229115,0.002715981
CEEMDAN_LSTM,ETH-USD,2026-06-29 15:15:00,0.003738081,0.0027340201
CEEMDAN_LSTM,ETH-USD,2026-06-29 15:30:00,0.003730493,0.0027367347
CEEMDAN_LSTM,ETH-USD,2026-06-29 15:45:00,0.0037290484,0.0027343913
CEEMDAN_LSTM,ETH-USD,2026-06-29 16:00:00,0.0037414539,0.0027356124
CEEMDAN_LSTM,ETH-USD,2026-06-29 16:15:00,0.0037589548,0.0027368134
CEEMDAN_LSTM,ETH-USD,2026-06-29 16:30:00,0.0037751882,0.002767384
CEEMDAN_LSTM,ETH-USD,2026-06-29 16:45:00,0.00376289,0.0027673966
CEEMDAN_LSTM,ETH-USD,2026-06-29 17:00:00,0.0037866326,0.0030096958
CEEMDAN_LSTM,ETH-USD,2026-06-29 17:15:00,0.0037513708,0.0030358254
CEEMDAN_LSTM,ETH-USD,2026-06-29 17:30:00,0.0038832352,0.0030394224
CEEMDAN_LSTM,ETH-USD,2026-06-29 17:45:00,0.003971087,0.0030418504
CEEMDAN_LSTM,ETH-USD,2026-06-29 18:00:00,0.004001569,0.0030362948
CEEMDAN_LSTM,ETH-USD,2026-06-29 18:15:00,0.004003978,0.0030571374
CEEMDAN_LSTM,ETH-USD,2026-06-29 18:30:00,0.0040109903,0.003060811
CEEMDAN_LSTM,ETH-USD,2026-06-29 18:45:00,0.003994067,0.0030625903
CEEMDAN_LSTM,ETH-USD,2026-06-29 19:00:00,0.0039940574,0.0030621868
CEEMDAN_LSTM,ETH-USD,2026-06-29 19:15:00,0.0039975387,0.0030749117
CEEMDAN_LSTM,ETH-USD,2026-06-29 19:30:00,0.003977143,0.0030750227
CEEMDAN_LSTM,ETH-USD,2026-06-29 19:45:00,0.003987408,0.003073554
CEEMDAN_LSTM,ETH-USD,2026-06-29 20:00:00,0.00399355,0.0030750844
CEEMDAN_LSTM,ETH-USD,2026-06-29 20:15:00,0.0039981552,0.0030712865
CEEMDAN_LSTM,ETH-USD,2026-06-29 20:30:00,0.003996666,0.0030706257
CEEMDAN_LSTM,ETH-USD,2026-06-29 20:45:00,0.003994025,0.0030762104
CEEMDAN_LSTM,ETH-USD,2026-06-29 21:00:00,0.004001901,0.0030748253
CEEMDAN_LSTM,ETH-USD,2026-06-29 21:15:00,0.003998544,0.0030757685
CEEMDAN_LSTM,ETH-USD,2026-06-29 21:30:00,0.0040034596,0.0030765506
CEEMDAN_LSTM,ETH-USD,2026-06-29 21:45:00,0.003994078,0.0030767
CEEMDAN_LSTM,ETH-USD,2026-06-29 22:00:00,0.0039972262,0.0030763454
CEEMDAN_LSTM,ETH-USD,2026-06-29 22:15:00,0.004002142,0.0030761163
CEEMDAN_LSTM,ETH-USD,2026-06-29 22:30:00,0.0040015997,0.003077834
CEEMDAN_LSTM,ETH-USD,2026-06-29 22:45:00,0.0040005264,0.0030781354
CEEMDAN_LSTM,ETH-USD,2026-06-29 23:00:00,0.0039998423,0.0030772912
CEEMDAN_LSTM,ETH-USD,2026-06-29 23:15:00,0.0039971163,0.0030805215
CEEMDAN_LSTM,ETH-USD,2026-06-29 23:30:00,0.00399999,0.0030812956
CEEMDAN_LSTM,ETH-USD,2026-06-29 23:45:00,0.0039900974,0.0030810244
CEEMDAN_LSTM,ETH-USD,2026-06-30 00:00:00,0.003983822,0.0030786737
CEEMDAN_LSTM,ETH-USD,2026-06-30 00:15:00,0.0039868867,0.0030998283
CEEMDAN_LSTM,ETH-USD,2026-06-30 00:30:00,0.004001699,0.0031165855
CEEMDAN_LSTM,ETH-USD,2026-06-30 00:45:00,0.0040139584,0.0031164256
CEEMDAN_LSTM,ETH-USD,2026-06-30 01:00:00,0.00400531,0.0031170784
CEEMDAN_LSTM,ETH-USD,2026-06-30 01:15:00,0.003998151,0.0031278261
CEEMDAN_LSTM,ETH-USD,2026-06-30 01:30:00,0.003983292,0.0031433203
CEEMDAN_LSTM,ETH-USD,2026-06-30 01:45:00,0.004010315,0.0031450298
CEEMDAN_LSTM,ETH-USD,2026-06-30 02:00:00,0.0040137423,0.0031533188
CEEMDAN_LSTM,ETH-USD,2026-06-30 02:15:00,0.0040247813,0.0031530152
CEEMDAN_LSTM,ETH-USD,2026-06-30 02:30:00,0.0040166746,0.0031529525
CEEMDAN_LSTM,ETH-USD,2026-06-30 02:45:00,0.0040133395,0.0031519644
CEEMDAN_LSTM,ETH-USD,2026-06-30 03:00:00,0.004015878,0.003152035
CEEMDAN_LSTM,ETH-USD,2026-06-30 03:15:00,0.0040097125,0.0031515535
CEEMDAN_LSTM,ETH-USD,2026-06-30 03:30:00,0.004008312,0.0031522047
CEEMDAN_LSTM,ETH-USD,2026-06-30 03:45:00,0.004012744,0.0031530163
CEEMDAN_LSTM,ETH-USD,2026-06-30 04:00:00,0.004016575,0.0031529793
CEEMDAN_LSTM,ETH-USD,2026-06-30 04:15:00,0.004009232,0.0031529856
CEEMDAN_LSTM,ETH-USD,2026-06-30 04:30:00,0.0040056277,0.0031501993
CEEMDAN_LSTM,ETH-USD,2026-06-30 04:45:00,0.004001315,0.0031499714
CEEMDAN_LSTM,ETH-USD,2026-06-30 05:00:00,0.004004392,0.0031464356
CEEMDAN_LSTM,ETH-USD,2026-06-30 05:15:00,0.0040018205,0.0031477534
CEEMDAN_LSTM,ETH-USD,2026-06-30 05:30:00,0.004008336,0.0031503018
CEEMDAN_LSTM,ETH-USD,2026-06-30 05:45:00,0.0040003704,0.0031516233
CEEMDAN_LSTM,ETH-USD,2026-06-30 06:00:00,0.0039982228,0.0031115245
CEEMDAN_LSTM,ETH-USD,2026-06-30 06:15:00,0.004005314,0.003108411
CEEMDAN_LSTM,ETH-USD,2026-06-30 06:30:00,0.0039830906,0.0031059384
CEEMDAN_LSTM,ETH-USD,2026-06-30 06:45:00,0.003980643,0.003106307
CEEMDAN_LSTM,ETH-USD,2026-06-30 07:00:00,0.0039787474,0.0031065536
CEEMDAN_LSTM,ETH-USD,2026-06-30 07:15:00,0.003982994,0.003106439
CEEMDAN_LSTM,ETH-USD,2026-06-30 07:30:00,0.003983413,0.003105239
CEEMDAN_LSTM,ETH-USD,2026-06-30 07:45:00,0.003980817,0.0031044849
CEEMDAN_LSTM,ETH-USD,2026-06-30 08:00:00,0.0039775856,0.0030756395
CEEMDAN_LSTM,ETH-USD,2026-06-30 08:15:00,0.003981502,0.0030753838
CEEMDAN_LSTM,ETH-USD,2026-06-30 08:30:00,0.0039666267,0.0030870624
CEEMDAN_LSTM,ETH-USD,2026-06-30 08:45:00,0.0039727907,0.0030857634
CEEMDAN_LSTM,ETH-USD,2026-06-30 09:00:00,0.0039701494,0.0030860258
CEEMDAN_LSTM,ETH-USD,2026-06-30 09:15:00,0.0039654355,0.0030861858
CEEMDAN_LSTM,ETH-USD,2026-06-30 09:30:00,0.0039693415,0.0030859723
CEEMDAN_LSTM,ETH-USD,2026-06-30 09:45:00,0.0039702407,0.0030860868
CEEMDAN_LSTM,ETH-USD,2026-06-30 10:00:00,0.0039727683,0.003086026
CEEMDAN_LSTM,ETH-USD,2026-06-30 10:15:00,0.0039774855,0.0030463566
CEEMDAN_LSTM,ETH-USD,2026-06-30 10:30:00,0.003982748,0.0030431356
CEEMDAN_LSTM,ETH-USD,2026-06-30 10:45:00,0.0039615463,0.0030431289
CEEMDAN_LSTM,ETH-USD,2026-06-30 11:00:00,0.0039524524,0.0030402695
CEEMDAN_LSTM,ETH-USD,2026-06-30 11:15:00,0.0039535174,0.0030498297
CEEMDAN_LSTM,ETH-USD,2026-06-30 11:30:00,0.003965123,0.0030508456
CEEMDAN_LSTM,ETH-USD,2026-06-30 11:45:00,0.003959188,0.003052304
CEEMDAN_LSTM,ETH-USD,2026-06-30 12:00:00,0.0039600963,0.003058594
CEEMDAN_LSTM,ETH-USD,2026-06-30 12:15:00,0.0039687245,0.0030733235
CEEMDAN_LSTM,ETH-USD,2026-06-30 12:30:00,0.0039792378,0.0030649805
CEEMDAN_LSTM,ETH-USD,2026-06-30 12:45:00,0.0039790436,0.003095549
CEEMDAN_LSTM,ETH-USD,2026-06-30 13:00:00,0.003991268,0.0031052795
CEEMDAN_LSTM,ETH-USD,2026-06-30 13:15:00,0.0039800517,0.0031058176
CEEMDAN_LSTM,ETH-USD,2026-06-30 13:30:00,0.003981879,0.0031057303
CEEMDAN_LSTM,ETH-USD,2026-06-30 13:45:00,0.00399072,0.0031166326
CEEMDAN_LSTM,ETH-USD,2026-06-30 14:00:00,0.0039825793,0.0031153818
CEEMDAN_LSTM,ETH-USD,2026-06-30 14:15:00,0.0039864834,0.003116065
CEEMDAN_LSTM,ETH-USD,2026-06-30 14:30:00,0.003996856,0.0031150181
CEEMDAN_LSTM,ETH-USD,2026-06-30 14:45:00,0.00400752,0.0031365782
CEEMDAN_LSTM,ETH-USD,2026-06-30 15:00:00,0.004023933,0.0031365831
CEEMDAN_LSTM,ETH-USD,2026-06-30 15:15:00,0.0040185275,0.0031358758
CEEMDAN_LSTM,ETH-USD,2026-06-30 15:30:00,0.0040139817,0.0031354185
CEEMDAN_LSTM,ETH-USD,2026-06-30 15:45:00,0.0040130974,0.0031348525
CEEMDAN_LSTM,ETH-USD,2026-06-30 16:00:00,0.0040155384,0.003134389
CEEMDAN_LSTM,ETH-USD,2026-06-30 16:15:00,0.004014146,0.0031345359
CEEMDAN_LSTM,ETH-USD,2026-06-30 16:30:00,0.0040225117,0.003136724
CEEMDAN_LSTM,ETH-USD,2026-06-30 16:45:00,0.0040150345,0.003145908
CEEMDAN_LSTM,ETH-USD,2026-06-30 17:00:00,0.0040043877,0.003143435
CEEMDAN_LSTM,ETH-USD,2026-06-30 17:15:00,0.004020043,0.003131153
CEEMDAN_LSTM,ETH-USD,2026-06-30 17:30:00,0.004023643,0.0031311794
CEEMDAN_LSTM,ETH-USD,2026-06-30 17:45:00,0.0040191733,0.003131223
CEEMDAN_LSTM,ETH-USD,2026-06-30 18:00:00,0.0040165936,0.0031285493
CEEMDAN_LSTM,ETH-USD,2026-06-30 18:15:00,0.0040137046,0.0031319656
CEEMDAN_LSTM,ETH-USD,2026-06-30 18:30:00,0.0040085823,0.0031332865
CEEMDAN_LSTM,ETH-USD,2026-06-30 18:45:00,0.0040203026,0.0031393105
CEEMDAN_LSTM,ETH-USD,2026-06-30 19:00:00,0.0040117647,0.0031392067
CEEMDAN_LSTM,ETH-USD,2026-06-30 19:15:00,0.004018647,0.0031393259
CEEMDAN_LSTM,ETH-USD,2026-06-30 19:30:00,0.0040228544,0.0031400814
CEEMDAN_LSTM,ETH-USD,2026-06-30 19:45:00,0.004017549,0.003139872
CEEMDAN_LSTM,ETH-USD,2026-06-30 20:00:00,0.0040148664,0.0031390134
CEEMDAN_LSTM,ETH-USD,2026-06-30 20:15:00,0.004013385,0.003133604
CEEMDAN_LSTM,ETH-USD,2026-06-30 20:30:00,0.0040214974,0.0031331454
CEEMDAN_LSTM,ETH-USD,2026-06-30 20:45:00,0.0040183268,0.003133771
CEEMDAN_LSTM,ETH-USD,2026-06-30 21:00:00,0.004007032,0.0031290946
CEEMDAN_LSTM,ETH-USD,2026-06-30 21:15:00,0.0040115523,0.003128762
CEEMDAN_LSTM,ETH-USD,2026-06-30 21:30:00,0.004009538,0.003128026
CEEMDAN_LSTM,ETH-USD,2026-06-30 21:45:00,0.004007169,0.003128137
CEEMDAN_LSTM,ETH-USD,2026-06-30 22:00:00,0.004002954,0.0031230561
CEEMDAN_LSTM,ETH-USD,2026-06-30 22:15:00,0.003999602,0.0031238897
CEEMDAN_LSTM,ETH-USD,2026-06-30 22:30:00,0.0040049,0.0031212121
CEEMDAN_LSTM,ETH-USD,2026-06-30 22:45:00,0.004008904,0.003121284
CEEMDAN_LSTM,ETH-USD,2026-06-30 23:00:00,0.004007346,0.003121486
CEEMDAN_LSTM,ETH-USD,2026-06-30 23:15:00,0.0040011564,0.003121687
CEEMDAN_LSTM,ETH-USD,2026-06-30 23:30:00,0.003999069,0.0031090132
CEEMDAN_LSTM,ETH-USD,2026-06-30 23:45:00,0.003998728,0.0031093936
CEEMDAN_LSTM,ETH-USD,2026-07-01 00:00:00,0.0039919117,0.0031100435
CEEMDAN_LSTM,ETH-USD,2026-07-01 00:15:00,0.0039882595,0.0031176487
CEEMDAN_LSTM,ETH-USD,2026-07-01 00:30:00,0.0040007043,0.0031196494
CEEMDAN_LSTM,ETH-USD,2026-07-01 00:45:00,0.0039938274,0.003117217
CEEMDAN_LSTM,ETH-USD,2026-07-01 01:00:00,0.0039879996,0.0031515018
CEEMDAN_LSTM,ETH-USD,2026-07-01 01:15:00,0.0040135956,0.0031527583
CEEMDAN_LSTM,ETH-USD,2026-07-01 01:30:00,0.004006935,0.0031807495
CEEMDAN_LSTM,ETH-USD,2026-07-01 01:45:00,0.00399178,0.0031827437
CEEMDAN_LSTM,ETH-USD,2026-07-01 02:00:00,0.0040247943,0.0031827542
CEEMDAN_LSTM,ETH-USD,2026-07-01 02:15:00,0.0040343706,0.0031782982
CEEMDAN_LSTM,ETH-USD,2026-07-01 02:30:00,0.004029996,0.0031869467
CEEMDAN_LSTM,ETH-USD,2026-07-01 02:45:00,0.004022934,0.0031877747
CEEMDAN_LSTM,ETH-USD,2026-07-01 03:00:00,0.004040408,0.0031876415
CEEMDAN_LSTM,ETH-USD,2026-07-01 03:15:00,0.004046292,0.0031861018
CEEMDAN_LSTM,ETH-USD,2026-07-01 03:30:00,0.0040459493,0.003187795
CEEMDAN_LSTM,ETH-USD,2026-07-01 03:45:00,0.004033146,0.0031935233
CEEMDAN_LSTM,ETH-USD,2026-07-01 04:00:00,0.0040259627,0.0031925915
CEEMDAN_LSTM,ETH-USD,2026-07-01 04:15:00,0.0040428615,0.0031938239
CEEMDAN_LSTM,ETH-USD,2026-07-01 04:30:00,0.0040417043,0.003194881
CEEMDAN_LSTM,ETH-USD,2026-07-01 04:45:00,0.00403643,0.0031931438
CEEMDAN_LSTM,ETH-USD,2026-07-01 05:00:00,0.0040359,0.0031948804
CEEMDAN_LSTM,ETH-USD,2026-07-01 05:15:00,0.0040427027,0.0031960132
CEEMDAN_LSTM,ETH-USD,2026-07-01 05:30:00,0.0040429784,0.0031959056
CEEMDAN_LSTM,ETH-USD,2026-07-01 05:45:00,0.0040395614,0.0031951808
CEEMDAN_LSTM,ETH-USD,2026-07-01 06:00:00,0.0040372107,0.0032014535
CEEMDAN_LSTM,ETH-USD,2026-07-01 06:15:00,0.004044999,0.0032108787
CEEMDAN_LSTM,ETH-USD,2026-07-01 06:30:00,0.0040532914,0.0032137786
CEEMDAN_LSTM,ETH-USD,2026-07-01 06:45:00,0.004053984,0.0032140133
CEEMDAN_LSTM,ETH-USD,2026-07-01 07:00:00,0.004049483,0.003212959
CEEMDAN_LSTM,ETH-USD,2026-07-01 07:15:00,0.004044811,0.0032124505
CEEMDAN_LSTM,ETH-USD,2026-07-01 07:30:00,0.004037742,0.0031950509
CEEMDAN_LSTM,ETH-USD,2026-07-01 07:45:00,0.0040382342,0.003189436
CEEMDAN_LSTM,ETH-USD,2026-07-01 08:00:00,0.0040311567,0.0031900513
CEEMDAN_LSTM,ETH-USD,2026-07-01 08:15:00,0.004032549,0.0031920888
CEEMDAN_LSTM,ETH-USD,2026-07-01 08:30:00,0.00403791,0.0031956378
CEEMDAN_LSTM,ETH-USD,2026-07-01 08:45:00,0.0040253373,0.003203906
CEEMDAN_LSTM,ETH-USD,2026-07-01 09:00:00,0.0040155156,0.003204461
CEEMDAN_LSTM,ETH-USD,2026-07-01 09:15:00,0.004029699,0.0032009755
CEEMDAN_LSTM,ETH-USD,2026-07-01 09:30:00,0.0040347483,0.0032008262
CEEMDAN_LSTM,ETH-USD,2026-07-01 09:45:00,0.004029404,0.0032007988
CEEMDAN_LSTM,ETH-USD,2026-07-01 10:00:00,0.004029057,0.0032091718
CEEMDAN_LSTM,ETH-USD,2026-07-01 10:15:00,0.0040384457,0.0032091036
CEEMDAN_LSTM,ETH-USD,2026-07-01 10:30:00,0.0040332437,0.0032109937
CEEMDAN_LSTM,ETH-USD,2026-07-01 10:45:00,0.0040359353,0.003208394
CEEMDAN_LSTM,ETH-USD,2026-07-01 11:00:00,0.0040299357,0.0031929004
CEEMDAN_LSTM,ETH-USD,2026-07-01 11:15:00,0.004024416,0.0031933517
CEEMDAN_LSTM,ETH-USD,2026-07-01 11:30:00,0.004021477,0.0031930164
CEEMDAN_LSTM,ETH-USD,2026-07-01 11:45:00,0.0040172,0.0031958143
CEEMDAN_LSTM,ETH-USD,2026-07-01 12:00:00,0.0040222337,0.0031950045
CEEMDAN_LSTM,ETH-USD,2026-07-01 12:15:00,0.004022308,0.0031963307
CEEMDAN_LSTM,ETH-USD,2026-07-01 12:30:00,0.0040135086,0.0031986888
CEEMDAN_LSTM,ETH-USD,2026-07-01 12:45:00,0.0040211477,0.0031900315
CEEMDAN_LSTM,ETH-USD,2026-07-01 13:00:00,0.0040187407,0.0031762607
CEEMDAN_LSTM,ETH-USD,2026-07-01 13:15:00,0.0040129847,0.0031783497
CEEMDAN_LSTM,ETH-USD,2026-07-01 13:30:00,0.004003957,0.0031701843
CEEMDAN_LSTM,ETH-USD,2026-07-01 13:45:00,0.0040060803,0.003224572
CEEMDAN_LSTM,ETH-USD,2026-07-01 14:00:00,0.0039850385,0.0032737688
CEEMDAN_LSTM,ETH-USD,2026-07-01 14:15:00,0.004001648,0.003269134
CEEMDAN_LSTM,ETH-USD,2026-07-01 14:30:00,0.004072086,0.0032746582
CEEMDAN_LSTM,ETH-USD,2026-07-01 14:45:00,0.00409573,0.0032721465
CEEMDAN_LSTM,ETH-USD,2026-07-01 15:00:00,0.0040851673,0.003299275
CEEMDAN_LSTM,ETH-USD,2026-07-01 15:15:00,0.004059627,0.0033069307
CEEMDAN_LSTM,ETH-USD,2026-07-01 15:30:00,0.0040576877,0.0033047516
CEEMDAN_LSTM,ETH-USD,2026-07-01 15:45:00,0.004082773,0.0032834923
CEEMDAN_LSTM,ETH-USD,2026-07-01 16:00:00,0.004091988,0.0032723064
CEEMDAN_LSTM,ETH-USD,2026-07-01 16:15:00,0.004083755,0.003270923
CEEMDAN_LSTM,ETH-USD,2026-07-01 16:30:00,0.0040668505,0.0032545575
CEEMDAN_LSTM,ETH-USD,2026-07-01 16:45:00,0.004076277,0.0032555182
CEEMDAN_LSTM,ETH-USD,2026-07-01 17:00:00,0.0040740776,0.0032074836
CEEMDAN_LSTM,ETH-USD,2026-07-01 17:15:00,0.0040685628,0.00314875
CEEMDAN_LSTM,ETH-USD,2026-07-01 17:30:00,0.0040282537,0.0031462025
CEEMDAN_LSTM,ETH-USD,2026-07-01 17:45:00,0.004007065,0.0031467131
CEEMDAN_LSTM,ETH-USD,2026-07-01 18:00:00,0.004000222,0.0031352523
CEEMDAN_LSTM,ETH-USD,2026-07-01 18:15:00,0.0040055644,0.0031338846
CEEMDAN_LSTM,ETH-USD,2026-07-01 18:30:00,0.0039995,0.0031152887
CEEMDAN_LSTM,ETH-USD,2026-07-01 18:45:00,0.003990466,0.0031086106
CEEMDAN_LSTM,ETH-USD,2026-07-01 19:00:00,0.003987028,0.00311206
CEEMDAN_LSTM,ETH-USD,2026-07-01 19:15:00,0.003969169,0.0031154081
CEEMDAN_LSTM,ETH-USD,2026-07-01 19:30:00,0.0039814506,0.0031088516
CEEMDAN_LSTM,ETH-USD,2026-07-01 19:45:00,0.003983171,0.0031090237
CEEMDAN_LSTM,ETH-USD,2026-07-01 20:00:00,0.003982634,0.0030891015
CEEMDAN_LSTM,ETH-USD,2026-07-01 20:15:00,0.0039830226,0.0030863772
CEEMDAN_LSTM,ETH-USD,2026-07-01 20:30:00,0.0039748955,0.0030708583
CEEMDAN_LSTM,ETH-USD,2026-07-01 20:45:00,0.00396967,0.0030658548
CEEMDAN_LSTM,ETH-USD,2026-07-01 21:00:00,0.0039600246,0.003071826
CEEMDAN_LSTM,ETH-USD,2026-07-01 21:15:00,0.003947818,0.0030706024
CEEMDAN_LSTM,ETH-USD,2026-07-01 21:30:00,0.0039551803,0.0030720872
CEEMDAN_LSTM,ETH-USD,2026-07-01 21:45:00,0.003954891,0.0030753652
CEEMDAN_LSTM,ETH-USD,2026-07-01 22:00:00,0.003951654,0.0030759787
CEEMDAN_LSTM,ETH-USD,2026-07-01 22:15:00,0.003962086,0.003077733
CEEMDAN_LSTM,ETH-USD,2026-07-01 22:30:00,0.0039666467,0.0030795194
CEEMDAN_LSTM,ETH-USD,2026-07-01 22:45:00,0.0039672432,0.0030811308
CEEMDAN_LSTM,ETH-USD,2026-07-01 23:00:00,0.003966384,0.0030926384
CEEMDAN_LSTM,ETH-USD,2026-07-01 23:15:00,0.0039734845,0.0030834908
CEEMDAN_LSTM,ETH-USD,2026-07-01 23:30:00,0.003969511,0.0030836083
CEEMDAN_LSTM,ETH-USD,2026-07-01 23:45:00,0.003959336,0.0030890377
CEEMDAN_LSTM,ETH-USD,2026-07-02 00:00:00,0.0039625987,0.0030908447
CEEMDAN_LSTM,ETH-USD,2026-07-02 00:15:00,0.0039656176,0.003093674
CEEMDAN_LSTM,ETH-USD,2026-07-02 00:30:00,0.0039672772,0.003097967
CEEMDAN_LSTM,ETH-USD,2026-07-02 00:45:00,0.003969812,0.0031045007
CEEMDAN_LSTM,ETH-USD,2026-07-02 01:00:00,0.003953675,0.0030973586
CEEMDAN_LSTM,ETH-USD,2026-07-02 01:15:00,0.00394688,0.00309774
CEEMDAN_LSTM,ETH-USD,2026-07-02 01:30:00,0.003946772,0.003119434
CEEMDAN_LSTM,ETH-USD,2026-07-02 01:45:00,0.0039359154,0.0031198447
CEEMDAN_LSTM,ETH-USD,2026-07-02 02:00:00,0.003960461,0.003114115
CEEMDAN_LSTM,ETH-USD,2026-07-02 02:15:00,0.003976985,0.0031143378
CEEMDAN_LSTM,ETH-USD,2026-07-02 02:30:00,0.0039722426,0.0031163145
CEEMDAN_LSTM,ETH-USD,2026-07-02 02:45:00,0.0039645983,0.0031151585
CEEMDAN_LSTM,ETH-USD,2026-07-02 03:00:00,0.0039710538,0.0030221231
CEEMDAN_LSTM,ETH-USD,2026-07-02 03:15:00,0.003964288,0.003022638
CEEMDAN_LSTM,ETH-USD,2026-07-02 03:30:00,0.00391339,0.0029733833
CEEMDAN_LSTM,ETH-USD,2026-07-02 03:45:00,0.0038951826,0.0029792748
CEEMDAN_LSTM,ETH-USD,2026-07-02 04:00:00,0.0038705175,0.0029624754
CEEMDAN_LSTM,ETH-USD,2026-07-02 04:15:00,0.003881718,0.0029397747
CEEMDAN_LSTM,ETH-USD,2026-07-02 04:30:00,0.0038805557,0.0029205559
