model_name,asset_symbol,timestamp,predicted_value,real_value
GARCH,BTC-USD,2026-06-03 07:30:00,0.003270019968723965,0.0027053388437979593
GARCH,BTC-USD,2026-06-03 07:45:00,0.0030727214559260574,0.0027078278794381455
GARCH,BTC-USD,2026-06-03 08:00:00,0.0030184672149065755,0.0027063174411195686
GARCH,BTC-USD,2026-06-03 08:15:00,0.0027929314565312796,0.0027039350328421415
GARCH,BTC-USD,2026-06-03 08:30:00,0.002654136585408289,0.0027041963935849423
GARCH,BTC-USD,2026-06-03 08:45:00,0.0025145381967258563,0.0027041022324546184
GARCH,BTC-USD,2026-06-03 09:00:00,0.0023835629506668067,0.0027060921087045005
GARCH,BTC-USD,2026-06-03 09:15:00,0.0023930062223634957,0.002706795370546829
GARCH,BTC-USD,2026-06-03 09:30:00,0.0022929390393806757,0.0027293042823281193
GARCH,BTC-USD,2026-06-03 09:45:00,0.0030277636649417255,0.0027390237387094896
GARCH,BTC-USD,2026-06-03 10:00:00,0.00292643454392781,0.0027390204489049796
GARCH,BTC-USD,2026-06-03 10:15:00,0.0027145953791499317,0.0027394684270012856
GARCH,BTC-USD,2026-06-03 10:30:00,0.0025971038589226443,0.0027399312696102258
GARCH,BTC-USD,2026-06-03 10:45:00,0.0024465258094055423,0.002737389992451303
GARCH,BTC-USD,2026-06-03 11:00:00,0.0023267313925965237,0.002737399293834705
GARCH,BTC-USD,2026-06-03 11:15:00,0.002179725560751963,0.0027412625838318513
GARCH,BTC-USD,2026-06-03 11:30:00,0.0023509564389081316,0.002741489262554566
GARCH,BTC-USD,2026-06-03 11:45:00,0.0021935790976841257,0.0027421502192263056
GARCH,BTC-USD,2026-06-03 12:00:00,0.002157549502130209,0.0027433668862246545
GARCH,BTC-USD,2026-06-03 12:15:00,0.0020351464436169408,0.0027417846143490718
GARCH,BTC-USD,2026-06-03 12:30:00,0.0019708028376427536,0.0027405025560541816
GARCH,BTC-USD,2026-06-03 12:45:00,0.0019825656685942645,0.002740825674014903
GARCH,BTC-USD,2026-06-03 13:00:00,0.0018458561827573287,0.002751382238465323
GARCH,BTC-USD,2026-06-03 13:15:00,0.00248175509906532,0.002751441785324218
GARCH,BTC-USD,2026-06-03 13:30:00,0.0021720162244025765,0.0027548160587049756
GARCH,BTC-USD,2026-06-03 13:45:00,0.002245181045845241,0.002754838548385529
GARCH,BTC-USD,2026-06-03 14:00:00,0.0020480155731646956,0.0027552214620090833
GARCH,BTC-USD,2026-06-03 14:15:00,0.0020796791627014253,0.002748950241178506
GARCH,BTC-USD,2026-06-03 14:30:00,0.0019322137919382107,0.0027502673700844464
GARCH,BTC-USD,2026-06-03 14:45:00,0.001983864594223395,0.0027632167940640365
GARCH,BTC-USD,2026-06-03 15:00:00,0.0028062899118494393,0.00276040974661028
GARCH,BTC-USD,2026-06-03 15:15:00,0.00237990972450113,0.0027711936823921917
GARCH,BTC-USD,2026-06-03 15:30:00,0.0029502219411689295,0.0027768708617704157
GARCH,BTC-USD,2026-06-03 15:45:00,0.0029022327219350805,0.0027681444590254745
GARCH,BTC-USD,2026-06-03 16:00:00,0.002719362058363137,0.002813065926321821
GARCH,BTC-USD,2026-06-03 16:15:00,0.004363237936572126,0.002831335229775877
GARCH,BTC-USD,2026-06-03 16:30:00,0.004025104295348717,0.0028318447008543715
GARCH,BTC-USD,2026-06-03 16:45:00,0.0038817156727931888,0.002837624522896914
GARCH,BTC-USD,2026-06-03 17:00:00,0.004222038013470413,0.0028493889597737414
GARCH,BTC-USD,2026-06-03 17:15:00,0.004039162551681744,0.0028449994243594416
GARCH,BTC-USD,2026-06-03 17:30:00,0.003876102228426556,0.0028467032290781227
GARCH,BTC-USD,2026-06-03 17:45:00,0.003693136910371542,0.002844836605732818
GARCH,BTC-USD,2026-06-03 18:00:00,0.0034297147177243187,0.002844423121665688
GARCH,BTC-USD,2026-06-03 18:15:00,0.003240906142460902,0.0028488196685504986
GARCH,BTC-USD,2026-06-03 18:30:00,0.003144604904902365,0.0028484449397801893
GARCH,BTC-USD,2026-06-03 18:45:00,0.0029076136678889302,0.002846789587839017
GARCH,BTC-USD,2026-06-03 19:00:00,0.00278581599538246,0.002854956084868008
GARCH,BTC-USD,2026-06-03 19:15:00,0.0032233933243292685,0.002856159790624954
GARCH,BTC-USD,2026-06-03 19:30:00,0.0028894463717616787,0.0028682790109273867
GARCH,BTC-USD,2026-06-03 19:45:00,0.003401455110725794,0.0028722395412006684
GARCH,BTC-USD,2026-06-03 20:00:00,0.003068266738539844,0.002869208974076131
GARCH,BTC-USD,2026-06-03 20:15:00,0.0029206399331661278,0.0028839180458086525
GARCH,BTC-USD,2026-06-03 20:30:00,0.0035251510909413922,0.0028880488202173617
GARCH,BTC-USD,2026-06-03 20:45:00,0.003309447883657281,0.002917978531822911
GARCH,BTC-USD,2026-06-03 21:00:00,0.003993958184184316,0.002920305631084801
GARCH,BTC-USD,2026-06-03 21:15:00,0.003517903441788,0.0029177511975659954
GARCH,BTC-USD,2026-06-03 21:30:00,0.003365716826025514,0.0029263913542895374
GARCH,BTC-USD,2026-06-03 21:45:00,0.0034941917045332753,0.0029523329389079356
GARCH,BTC-USD,2026-06-03 22:00:00,0.0041796360638005105,0.002953155867381824
GARCH,BTC-USD,2026-06-03 22:15:00,0.0037463373393627824,0.0029540051745156302
GARCH,BTC-USD,2026-06-03 22:30:00,0.0036236620790074353,0.0029554304421375603
GARCH,BTC-USD,2026-06-03 22:45:00,0.0035174547126587004,0.0029670222693539213
GARCH,BTC-USD,2026-06-03 23:00:00,0.003807987248723157,0.002968054355406891
GARCH,BTC-USD,2026-06-03 23:15:00,0.0034958450514616895,0.0029743488690610804
GARCH,BTC-USD,2026-06-03 23:30:00,0.0036525006334632,0.002971250121130753
GARCH,BTC-USD,2026-06-03 23:45:00,0.0033802832668014537,0.002976895557382084
GARCH,BTC-USD,2026-06-04 00:00:00,0.003356070060020039,0.0030802747970533756
GARCH,BTC-USD,2026-06-04 00:15:00,0.006302253072567387,0.0030847576247018354
GARCH,BTC-USD,2026-06-04 00:30:00,0.005059150016843209,0.003093063847542143
GARCH,BTC-USD,2026-06-04 00:45:00,0.005323154414537472,0.0030984253514390867
GARCH,BTC-USD,2026-06-04 01:00:00,0.005010028882575598,0.0031196126209124485
GARCH,BTC-USD,2026-06-04 01:15:00,0.005396313377333734,0.003124304824659735
GARCH,BTC-USD,2026-06-04 01:30:00,0.0048676045839802316,0.0031888885484177517
GARCH,BTC-USD,2026-06-04 01:45:00,0.006483178564167244,0.0032014938553734883
GARCH,BTC-USD,2026-06-04 02:00:00,0.005661758089655154,0.0032651041364546375
GARCH,BTC-USD,2026-06-04 02:15:00,0.006719389886306825,0.003294316694668198
GARCH,BTC-USD,2026-06-04 02:30:00,0.006422905012776117,0.00329422262810181
GARCH,BTC-USD,2026-06-04 02:45:00,0.006062857701078584,0.0033673104643243156
GARCH,BTC-USD,2026-06-04 03:00:00,0.007493555370425184,0.0033626739116991967
GARCH,BTC-USD,2026-06-04 03:15:00,0.006411065483716254,0.0033974545893478247
GARCH,BTC-USD,2026-06-04 03:30:00,0.006920201343098224,0.0033973887946925057
GARCH,BTC-USD,2026-06-04 03:45:00,0.006143551930211782,0.0033951078578101646
GARCH,BTC-USD,2026-06-04 04:00:00,0.0061100839042539466,0.003395158108419444
GARCH,BTC-USD,2026-06-04 04:15:00,0.005576539986142188,0.0033919158991023274
GARCH,BTC-USD,2026-06-04 04:30:00,0.005341339688184724,0.003388913404320347
GARCH,BTC-USD,2026-06-04 04:45:00,0.004937191496542506,0.0034129955280252774
GARCH,BTC-USD,2026-06-04 05:00:00,0.005441604575478548,0.003412382518149206
GARCH,BTC-USD,2026-06-04 05:15:00,0.00485755245182812,0.003442133490273955
GARCH,BTC-USD,2026-06-04 05:30:00,0.005382173657656999,0.003453840496297651
GARCH,BTC-USD,2026-06-04 05:45:00,0.005197711470636497,0.0034687974115891656
GARCH,BTC-USD,2026-06-04 06:00:00,0.005166247466271767,0.0034504589762839534
GARCH,BTC-USD,2026-06-04 06:15:00,0.00471507795386427,0.0034463758607918213
GARCH,BTC-USD,2026-06-04 06:30:00,0.004472624619105489,0.0034558931061341985
GARCH,BTC-USD,2026-06-04 06:45:00,0.004611110236277326,0.003455715520501705
GARCH,BTC-USD,2026-06-04 07:00:00,0.004394543532075752,0.0034504220119435944
GARCH,BTC-USD,2026-06-04 07:15:00,0.004159694341790693,0.0034501875708707755
GARCH,BTC-USD,2026-06-04 07:30:00,0.004145607237393777,0.0034547764209107213
GARCH,BTC-USD,2026-06-04 07:45:00,0.004324353591723663,0.00346051262049173
GARCH,BTC-USD,2026-06-04 08:00:00,0.00420604519245149,0.0034589746620984317
GARCH,BTC-USD,2026-06-04 08:15:00,0.00391939756516763,0.003459013995588133
GARCH,BTC-USD,2026-06-04 08:30:00,0.00368789054601276,0.0034663029012072027
GARCH,BTC-USD,2026-06-04 08:45:00,0.003670848796036881,0.003472967873181195
GARCH,BTC-USD,2026-06-04 09:00:00,0.0038188360361855966,0.0035000588288265615
GARCH,BTC-USD,2026-06-04 09:15:00,0.004680447318772713,0.003500658117526197
GARCH,BTC-USD,2026-06-04 09:30:00,0.004022835012465128,0.0035230062744558517
GARCH,BTC-USD,2026-06-04 09:45:00,0.004555691753077758,0.0035419640108317
GARCH,BTC-USD,2026-06-04 10:00:00,0.004782343436103372,0.0035513649807753477
GARCH,BTC-USD,2026-06-04 10:15:00,0.004914848124706807,0.003560040784533456
GARCH,BTC-USD,2026-06-04 10:30:00,0.00465532405133293,0.0035695183146007255
GARCH,BTC-USD,2026-06-04 10:45:00,0.004750350343201265,0.0035716174310497077
GARCH,BTC-USD,2026-06-04 11:00:00,0.004439422804450482,0.003590429366043741
GARCH,BTC-USD,2026-06-04 11:15:00,0.004696902906444026,0.0036051497016208094
GARCH,BTC-USD,2026-06-04 11:30:00,0.004831973126884054,0.003618587409654196
GARCH,BTC-USD,2026-06-04 11:45:00,0.004760276550165562,0.003614751900620152
GARCH,BTC-USD,2026-06-04 12:00:00,0.004360338598373095,0.003690982025222839
GARCH,BTC-USD,2026-06-04 12:15:00,0.006279695480660922,0.003706860104162281
GARCH,BTC-USD,2026-06-04 12:30:00,0.005651929640331951,0.0037127828318579232
GARCH,BTC-USD,2026-06-04 12:45:00,0.005506594831225583,0.0037153907480365986
GARCH,BTC-USD,2026-06-04 13:00:00,0.005167991587008235,0.003717821909082627
GARCH,BTC-USD,2026-06-04 13:15:00,0.005366637602611294,0.003766300441040416
GARCH,BTC-USD,2026-06-04 13:30:00,0.00616469876302163,0.0037825482279460272
GARCH,BTC-USD,2026-06-04 13:45:00,0.00603586713332938,0.0037879417161963552
GARCH,BTC-USD,2026-06-04 14:00:00,0.005670344022803681,0.0037924967731207226
GARCH,BTC-USD,2026-06-04 14:15:00,0.0054722303892028815,0.003785330759861722
GARCH,BTC-USD,2026-06-04 14:30:00,0.005147033547532907,0.0037847612244839516
GARCH,BTC-USD,2026-06-04 14:45:00,0.004797368252366247,0.0038078784561080188
GARCH,BTC-USD,2026-06-04 15:00:00,0.005212789892658208,0.0038255838609899135
GARCH,BTC-USD,2026-06-04 15:15:00,0.005293224339326192,0.003827219485830031
GARCH,BTC-USD,2026-06-04 15:30:00,0.004888896912894701,0.0038259060246242467
GARCH,BTC-USD,2026-06-04 15:45:00,0.004592040323748826,0.0038295847091820005
GARCH,BTC-USD,2026-06-04 16:00:00,0.004528117495780018,0.0038278105549240456
GARCH,BTC-USD,2026-06-04 16:15:00,0.004153121716091877,0.0038263447838839003
GARCH,BTC-USD,2026-06-04 16:30:00,0.00399803604029365,0.003824730014287075
GARCH,BTC-USD,2026-06-04 16:45:00,0.00395129365707681,0.0038140884933915127
GARCH,BTC-USD,2026-06-04 17:00:00,0.003622299065803058,0.0038035383713670074
GARCH,BTC-USD,2026-06-04 17:15:00,0.004194738660087332,0.00380317487980124
GARCH,BTC-USD,2026-06-04 17:30:00,0.0038489757448781125,0.003830313094383094
GARCH,BTC-USD,2026-06-04 17:45:00,0.004823673963339693,0.0038455935097790623
GARCH,BTC-USD,2026-06-04 18:00:00,0.004825000984017128,0.003918302027918025
GARCH,BTC-USD,2026-06-04 18:15:00,0.006504136363370014,0.003918574994095534
GARCH,BTC-USD,2026-06-04 18:30:00,0.005463455418141029,0.003919563976997724
GARCH,BTC-USD,2026-06-04 18:45:00,0.005359621471534787,0.003918194534140047
GARCH,BTC-USD,2026-06-04 19:00:00,0.004933498505414312,0.003922305973372475
GARCH,BTC-USD,2026-06-04 19:15:00,0.004910007372821461,0.0039340009603719105
GARCH,BTC-USD,2026-06-04 19:30:00,0.004992004246765611,0.003933225364626856
GARCH,BTC-USD,2026-06-04 19:45:00,0.004652027761230955,0.0039337580392630285
GARCH,BTC-USD,2026-06-04 20:00:00,0.004395010625163334,0.00393345405747121
GARCH,BTC-USD,2026-06-04 20:15:00,0.004254375860487791,0.003941768703513529
GARCH,BTC-USD,2026-06-04 20:30:00,0.004200283443933679,0.003937463220066988
GARCH,BTC-USD,2026-06-04 20:45:00,0.0038845316844233115,0.003940865836382405
GARCH,BTC-USD,2026-06-04 21:00:00,0.003782671370407103,0.003948948456804007
GARCH,BTC-USD,2026-06-04 21:15:00,0.0039635680954746315,0.003948307768734939
GARCH,BTC-USD,2026-06-04 21:30:00,0.0035632140907646804,0.003951836497055823
GARCH,BTC-USD,2026-06-04 21:45:00,0.0036968859355766526,0.003951952105779764
GARCH,BTC-USD,2026-06-04 22:00:00,0.0033362428557213554,0.003951752956276947
GARCH,BTC-USD,2026-06-04 22:15:00,0.003192347659481065,0.003945203317412059
GARCH,BTC-USD,2026-06-04 22:30:00,0.0031280523900200337,0.0039522124973863015
GARCH,BTC-USD,2026-06-04 22:45:00,0.0032336830781660077,0.0039535210511796705
GARCH,BTC-USD,2026-06-04 23:00:00,0.003042260863329688,0.003955190564627456
GARCH,BTC-USD,2026-06-04 23:15:00,0.0029903010917510377,0.003966827875341617
GARCH,BTC-USD,2026-06-04 23:30:00,0.0033884593357562578,0.003969334504585031
GARCH,BTC-USD,2026-06-04 23:45:00,0.0030927076327645934,0.003968511692080635
GARCH,BTC-USD,2026-06-05 00:00:00,0.0032624704086973793,0.003974845161984785
GARCH,BTC-USD,2026-06-05 00:15:00,0.003317575815687588,0.003977464118203695
GARCH,BTC-USD,2026-06-05 00:30:00,0.003288684669241095,0.003984745477818441
GARCH,BTC-USD,2026-06-05 00:45:00,0.00349662830535088,0.00397855375235049
GARCH,BTC-USD,2026-06-05 01:00:00,0.003174080419239736,0.003978552346066466
GARCH,BTC-USD,2026-06-05 01:15:00,0.003012299056840107,0.003978735017788856
GARCH,BTC-USD,2026-06-05 01:30:00,0.0028960857889454134,0.003974206666482595
GARCH,BTC-USD,2026-06-05 01:45:00,0.002729126377106043,0.003977054465119476
GARCH,BTC-USD,2026-06-05 02:00:00,0.0028493138437744197,0.004002829182680406
GARCH,BTC-USD,2026-06-05 02:15:00,0.004111558073035518,0.004003469998120702
GARCH,BTC-USD,2026-06-05 02:30:00,0.003418983072235065,0.0040050732571702136
GARCH,BTC-USD,2026-06-05 02:45:00,0.0034844145256049,0.004009959717274345
GARCH,BTC-USD,2026-06-05 03:00:00,0.0035458884238006505,0.004017501696808043
GARCH,BTC-USD,2026-06-05 03:15:00,0.0035244155277952037,0.004018488849067401
GARCH,BTC-USD,2026-06-05 03:30:00,0.0032618867593602317,0.004016935034222883
GARCH,BTC-USD,2026-06-05 03:45:00,0.0030911818916392157,0.004018998605769235
GARCH,BTC-USD,2026-06-05 04:00:00,0.0030158771083172763,0.004034584568913664
GARCH,BTC-USD,2026-06-05 04:15:00,0.0036396354640005043,0.004036604992772116
GARCH,BTC-USD,2026-06-05 04:30:00,0.003371466136174226,0.00408214480561807
GARCH,BTC-USD,2026-06-05 04:45:00,0.005046462918676767,0.004083734540731041
GARCH,BTC-USD,2026-06-05 05:00:00,0.004413337426416746,0.004038243806582301
GARCH,BTC-USD,2026-06-05 05:15:00,0.004329887071524905,0.004081417823255924
GARCH,BTC-USD,2026-06-05 05:30:00,0.005717908892329394,0.004117953905607277
GARCH,BTC-USD,2026-06-05 05:45:00,0.006144945512771315,0.004121635354673736
GARCH,BTC-USD,2026-06-05 06:00:00,0.005712327188964968,0.004128807343489753
GARCH,BTC-USD,2026-06-05 06:15:00,0.006087594461264969,0.004157991015734597
GARCH,BTC-USD,2026-06-05 06:30:00,0.006309083641841514,0.004162122140046642
GARCH,BTC-USD,2026-06-05 06:45:00,0.005850580177943971,0.004141618860134122
GARCH,BTC-USD,2026-06-05 07:00:00,0.006278980383604859,0.004218053392202761
GARCH,BTC-USD,2026-06-05 07:15:00,0.007556103866739905,0.004263172766512221
GARCH,BTC-USD,2026-06-05 07:30:00,0.007744921947447179,0.004267009826448029
GARCH,BTC-USD,2026-06-05 07:45:00,0.007168793126880387,0.004275109757319765
GARCH,BTC-USD,2026-06-05 08:00:00,0.006959702269183981,0.004268827852737786
GARCH,BTC-USD,2026-06-05 08:15:00,0.006395366215765767,0.0042711038038187096
GARCH,BTC-USD,2026-06-05 08:30:00,0.006244168090674452,0.004271686787719995
GARCH,BTC-USD,2026-06-05 08:45:00,0.00576135015410792,0.0043142522819211
GARCH,BTC-USD,2026-06-05 09:00:00,0.006692726801393497,0.0043074815183301775
GARCH,BTC-USD,2026-06-05 09:15:00,0.0058464887552993105,0.004316772252265013
GARCH,BTC-USD,2026-06-05 09:30:00,0.005923934670248411,0.004316902123599172
GARCH,BTC-USD,2026-06-05 09:45:00,0.005374140879817844,0.0043176963822465445
GARCH,BTC-USD,2026-06-05 10:00:00,0.005115265989015506,0.004308787946380073
GARCH,BTC-USD,2026-06-05 10:15:00,0.0048869798979088415,0.004310117024117205
GARCH,BTC-USD,2026-06-05 10:30:00,0.004564348231257413,0.004296462004594853
GARCH,BTC-USD,2026-06-05 10:45:00,0.004354189933915313,0.004300803034958239
GARCH,BTC-USD,2026-06-05 11:00:00,0.004325118691798815,0.004286913180503742
GARCH,BTC-USD,2026-06-05 11:15:00,0.004069433902762826,0.004285037210704311
GARCH,BTC-USD,2026-06-05 11:30:00,0.00446742177660784,0.004276916133056173
GARCH,BTC-USD,2026-06-05 11:45:00,0.004074074747856625,0.004280385288287646
GARCH,BTC-USD,2026-06-05 12:00:00,0.003992795044952261,0.004262491751792373
GARCH,BTC-USD,2026-06-05 12:15:00,0.003690548018345614,0.0042649706919640215
GARCH,BTC-USD,2026-06-05 12:30:00,0.0037642365240938614,0.0042634594635084485
GARCH,BTC-USD,2026-06-05 12:45:00,0.0034173318214852423,0.0042525192072424296
GARCH,BTC-USD,2026-06-05 13:00:00,0.0032356177708383533,0.004254490575244242
GARCH,BTC-USD,2026-06-05 13:15:00,0.00315325455554472,0.004252471762767302
GARCH,BTC-USD,2026-06-05 13:30:00,0.003468180823490791,0.004363037920004002
GARCH,BTC-USD,2026-06-05 13:45:00,0.008126003843206574,0.004353220436217483
GARCH,BTC-USD,2026-06-05 14:00:00,0.006333399764575258,0.004371900859596674
GARCH,BTC-USD,2026-06-05 14:15:00,0.00715333151742071,0.0043866569239511665
GARCH,BTC-USD,2026-06-05 14:30:00,0.006858737228870795,0.004386707699645459
GARCH,BTC-USD,2026-06-05 14:45:00,0.0063365666459718195,0.004394174395759563
GARCH,BTC-USD,2026-06-05 15:00:00,0.006231960487865868,0.004400128900307599
GARCH,BTC-USD,2026-06-05 15:15:00,0.005855185235929773,0.004408115786333401
GARCH,BTC-USD,2026-06-05 15:30:00,0.006149255989893914,0.004408595425339342
GARCH,BTC-USD,2026-06-05 15:45:00,0.005542823891483036,0.00443398976769125
GARCH,BTC-USD,2026-06-05 16:00:00,0.006039383390949614,0.004429568928274695
GARCH,BTC-USD,2026-06-05 16:15:00,0.005353198296367651,0.004407628573353666
GARCH,BTC-USD,2026-06-05 16:30:00,0.0051423637036152854,0.004431521480291911
GARCH,BTC-USD,2026-06-05 16:45:00,0.006134594777559141,0.004442950912015203
GARCH,BTC-USD,2026-06-05 17:00:00,0.00575065343260848,0.004455557319561746
GARCH,BTC-USD,2026-06-05 17:15:00,0.005920853949040136,0.004455362412416688
GARCH,BTC-USD,2026-06-05 17:30:00,0.005354027484764836,0.00445503342780934
GARCH,BTC-USD,2026-06-05 17:45:00,0.005067115354852845,0.004458095153235619
GARCH,BTC-USD,2026-06-05 18:00:00,0.004893468601639826,0.00446972792941478
GARCH,BTC-USD,2026-06-05 18:15:00,0.005567212972915774,0.004461256671059878
GARCH,BTC-USD,2026-06-05 18:30:00,0.005097072977744752,0.004496426512607138
GARCH,BTC-USD,2026-06-05 18:45:00,0.006245566270458422,0.004469351940346208
GARCH,BTC-USD,2026-06-05 19:00:00,0.0053563350890776604,0.004492866568545177
GARCH,BTC-USD,2026-06-05 19:15:00,0.006093219255386632,0.00449271750646547
GARCH,BTC-USD,2026-06-05 19:30:00,0.005394474315024328,0.004534295239097406
GARCH,BTC-USD,2026-06-05 19:45:00,0.006450397631280663,0.004523567277954049
GARCH,BTC-USD,2026-06-05 20:00:00,0.006664211859695523,0.004525810388752909
GARCH,BTC-USD,2026-06-05 20:15:00,0.006061934441795868,0.004541033120989724
GARCH,BTC-USD,2026-06-05 20:30:00,0.006192448227990591,0.00454984957768401
GARCH,BTC-USD,2026-06-05 20:45:00,0.006220242027808742,0.00455378293578872
GARCH,BTC-USD,2026-06-05 21:00:00,0.005841150333714965,0.004560596971468797
GARCH,BTC-USD,2026-06-05 21:15:00,0.0057392615028894565,0.004571657693065465
GARCH,BTC-USD,2026-06-05 21:30:00,0.005643526566827847,0.00456581697926678
GARCH,BTC-USD,2026-06-05 21:45:00,0.005320738738963407,0.004572741888673657
GARCH,BTC-USD,2026-06-05 22:00:00,0.005333796010656383,0.004572873609915516
GARCH,BTC-USD,2026-06-05 22:15:00,0.0048939214565379184,0.00458294773199194
GARCH,BTC-USD,2026-06-05 22:30:00,0.0049673502486257464,0.004585362017438187
GARCH,BTC-USD,2026-06-05 22:45:00,0.004642110148421572,0.00459175803470646
GARCH,BTC-USD,2026-06-05 23:00:00,0.004744180397452019,0.004605368169265015
GARCH,BTC-USD,2026-06-05 23:15:00,0.0049826817710105055,0.00460589558447438
GARCH,BTC-USD,2026-06-05 23:30:00,0.004559262322540173,0.004613497966243075
GARCH,BTC-USD,2026-06-05 23:45:00,0.0045661175355999626,0.004630880750140125
GARCH,BTC-USD,2026-06-06 00:00:00,0.004859230753767086,0.004630619569454564
GARCH,BTC-USD,2026-06-06 00:15:00,0.004401563491342489,0.004630997640431006
GARCH,BTC-USD,2026-06-06 00:30:00,0.004225850133075095,0.004618905481674387
GARCH,BTC-USD,2026-06-06 00:45:00,0.003938369601840221,0.004614176835628564
GARCH,BTC-USD,2026-06-06 01:00:00,0.0037723560089746463,0.004617321736406071
GARCH,BTC-USD,2026-06-06 01:15:00,0.0036324710770476976,0.00462264671391276
GARCH,BTC-USD,2026-06-06 01:30:00,0.0037457347350511438,0.004622082940248512
GARCH,BTC-USD,2026-06-06 01:45:00,0.0033863252409005833,0.0046238808906997235
GARCH,BTC-USD,2026-06-06 02:00:00,0.0034188915914461536,0.0046240312460201485
GARCH,BTC-USD,2026-06-06 02:15:00,0.0031504947188697014,0.004624225185278283
GARCH,BTC-USD,2026-06-06 02:30:00,0.0030822316050433773,0.004623901342465222
GARCH,BTC-USD,2026-06-06 02:45:00,0.0028428315442224745,0.004623740100774169
GARCH,BTC-USD,2026-06-06 03:00:00,0.0027268920625587796,0.004623363854639783
GARCH,BTC-USD,2026-06-06 03:15:00,0.0025949919839919956,0.0046240381415520865
GARCH,BTC-USD,2026-06-06 03:30:00,0.0025425085034216106,0.004622073944111547
GARCH,BTC-USD,2026-06-06 03:45:00,0.002352964495337642,0.004655040062201031
GARCH,BTC-USD,2026-06-06 04:00:00,0.004468447975238405,0.004650483502504338
GARCH,BTC-USD,2026-06-06 04:15:00,0.0036978937503360245,0.004653040958649476
GARCH,BTC-USD,2026-06-06 04:30:00,0.003856556393697651,0.004662590700389477
GARCH,BTC-USD,2026-06-06 04:45:00,0.003995574085390154,0.004666680679080212
GARCH,BTC-USD,2026-06-06 05:00:00,0.0039002572240694187,0.004756639762436726
GARCH,BTC-USD,2026-06-06 05:15:00,0.006934666713298188,0.00475747060744463
GARCH,BTC-USD,2026-06-06 05:30:00,0.005560906049742401,0.004758002080572228
GARCH,BTC-USD,2026-06-06 05:45:00,0.0055923187127669425,0.004754574270976539
GARCH,BTC-USD,2026-06-06 06:00:00,0.0052981835002787105,0.004755119407759826
GARCH,BTC-USD,2026-06-06 06:15:00,0.004982180054073172,0.004752738842565417
GARCH,BTC-USD,2026-06-06 06:30:00,0.004857113506209187,0.004749148627226088
GARCH,BTC-USD,2026-06-06 06:45:00,0.004468142193926578,0.004759573156143833
GARCH,BTC-USD,2026-06-06 07:00:00,0.004669941097171365,0.00473554583889109
GARCH,BTC-USD,2026-06-06 07:15:00,0.004396687668942716,0.004728089867479556
GARCH,BTC-USD,2026-06-06 07:30:00,0.0042139327428021185,0.004725564686804614
GARCH,BTC-USD,2026-06-06 07:45:00,0.0039066754189899635,0.00471770515918337
GARCH,BTC-USD,2026-06-06 08:00:00,0.0037867412639052056,0.004721683443287315
GARCH,BTC-USD,2026-06-06 08:15:00,0.004021727292736923,0.004718931256680276
GARCH,BTC-USD,2026-06-06 08:30:00,0.003625503631263391,0.004718159427391653
GARCH,BTC-USD,2026-06-06 08:45:00,0.003492456358375269,0.004718172829045161
GARCH,BTC-USD,2026-06-06 09:00:00,0.0032468389772678445,0.004719277158006336
GARCH,BTC-USD,2026-06-06 09:15:00,0.0031062239835287437,0.004721323459707311
GARCH,BTC-USD,2026-06-06 09:30:00,0.0032401650947048023,0.0047225442084351775
GARCH,BTC-USD,2026-06-06 09:45:00,0.0030490005587035275,0.004734882778275811
GARCH,BTC-USD,2026-06-06 10:00:00,0.003763276929048297,0.004727813940558442
GARCH,BTC-USD,2026-06-06 10:15:00,0.0032977783357613123,0.004727335974129582
GARCH,BTC-USD,2026-06-06 10:30:00,0.003270641104447335,0.004723830144236508
GARCH,BTC-USD,2026-06-06 10:45:00,0.0032438692374259044,0.0047219238750934025
GARCH,BTC-USD,2026-06-06 11:00:00,0.0029851383568536833,0.0047257264066356995
GARCH,BTC-USD,2026-06-06 11:15:00,0.0030339930581871287,0.004715204845797766
GARCH,BTC-USD,2026-06-06 11:30:00,0.002770729943627349,0.004712103239305471
GARCH,BTC-USD,2026-06-06 11:45:00,0.002628814705852931,0.004702112660109681
GARCH,BTC-USD,2026-06-06 12:00:00,0.002957374366447387,0.004709293447040851
GARCH,BTC-USD,2026-06-06 12:15:00,0.0032854090683484146,0.0047101020436529665
GARCH,BTC-USD,2026-06-06 12:30:00,0.0029443829855191183,0.004708869058665728
GARCH,BTC-USD,2026-06-06 12:45:00,0.003131858734114552,0.004691810978714313
GARCH,BTC-USD,2026-06-06 13:00:00,0.0028116490607796936,0.004691493279260694
GARCH,BTC-USD,2026-06-06 13:15:00,0.0028149099029226264,0.004690978761632783
GARCH,BTC-USD,2026-06-06 13:30:00,0.002586565998145956,0.004689947782891526
GARCH,BTC-USD,2026-06-06 13:45:00,0.002570841385412071,0.004683785587315569
GARCH,BTC-USD,2026-06-06 14:00:00,0.0025082444550486092,0.004682627025809006
GARCH,BTC-USD,2026-06-06 14:15:00,0.0023357446206799773,0.004678293163485816
GARCH,BTC-USD,2026-06-06 14:30:00,0.0022519427749478553,0.004679515206819864
GARCH,BTC-USD,2026-06-06 14:45:00,0.0023422554344752354,0.0046790149153374
GARCH,BTC-USD,2026-06-06 15:00:00,0.0024647153445610647,0.00460797502703707
GARCH,BTC-USD,2026-06-06 15:15:00,0.0022525606308225906,0.004610471702927964
GARCH,BTC-USD,2026-06-06 15:30:00,0.002505427189321829,0.004604159891721841
GARCH,BTC-USD,2026-06-06 15:45:00,0.002289596017957142,0.004599223553735001
GARCH,BTC-USD,2026-06-06 16:00:00,0.002176880436411465,0.004585513440891066
GARCH,BTC-USD,2026-06-06 16:15:00,0.002352709655434053,0.004586282720216707
GARCH,BTC-USD,2026-06-06 16:30:00,0.002351380975185439,0.004536204243791384
GARCH,BTC-USD,2026-06-06 16:45:00,0.0021666745885788497,0.004529498283585729
GARCH,BTC-USD,2026-06-06 17:00:00,0.0020902862753662686,0.004488006209096675
GARCH,BTC-USD,2026-06-06 17:15:00,0.0019822142305710106,0.004468695300832196
GARCH,BTC-USD,2026-06-06 17:30:00,0.0018794181648649547,0.004466521876577974
GARCH,BTC-USD,2026-06-06 17:45:00,0.0019819448942618697,0.004403079838322185
GARCH,BTC-USD,2026-06-06 18:00:00,0.0019123581019485742,0.004409670614548216
GARCH,BTC-USD,2026-06-06 18:15:00,0.002342911908609177,0.004384996224585047
GARCH,BTC-USD,2026-06-06 18:30:00,0.002150159025902591,0.0043851962386302545
GARCH,BTC-USD,2026-06-06 18:45:00,0.002052307344067518,0.0043775337979428865
GARCH,BTC-USD,2026-06-06 19:00:00,0.002017176771640404,0.004378478262283731
GARCH,BTC-USD,2026-06-06 19:15:00,0.002014625900410913,0.004376231854293901
GARCH,BTC-USD,2026-06-06 19:30:00,0.00186512632072501,0.004376233421071544
GARCH,BTC-USD,2026-06-06 19:45:00,0.0017822731451126838,0.004356204329715289
GARCH,BTC-USD,2026-06-06 20:00:00,0.0016974655229030791,0.004355550609766133
GARCH,BTC-USD,2026-06-06 20:15:00,0.001619524948001377,0.004336348928823278
GARCH,BTC-USD,2026-06-06 20:30:00,0.00180885936436106,0.004325351682281756
GARCH,BTC-USD,2026-06-06 20:45:00,0.001633210001101206,0.004316566800002264
GARCH,BTC-USD,2026-06-06 21:00:00,0.0017842838678017864,0.00431723486959587
GARCH,BTC-USD,2026-06-06 21:15:00,0.0016721922982852776,0.004316600948970762
GARCH,BTC-USD,2026-06-06 21:30:00,0.0016610296537066863,0.004307127987528693
GARCH,BTC-USD,2026-06-06 21:45:00,0.0016165985899431034,0.004304454490348384
GARCH,BTC-USD,2026-06-06 22:00:00,0.0017820364297853417,0.004306145764873319
GARCH,BTC-USD,2026-06-06 22:15:00,0.0019944486670235295,0.004301856264512328
GARCH,BTC-USD,2026-06-06 22:30:00,0.0019883179803265993,0.004291227094691444
GARCH,BTC-USD,2026-06-06 22:45:00,0.0018499463567874124,0.004288859949350541
GARCH,BTC-USD,2026-06-06 23:00:00,0.002062304234691066,0.004287490395492134
GARCH,BTC-USD,2026-06-06 23:15:00,0.001845280745088823,0.004290382907851575
GARCH,BTC-USD,2026-06-06 23:30:00,0.0020549058954711314,0.004285565585704184
GARCH,BTC-USD,2026-06-06 23:45:00,0.0018488215291151732,0.004277769546508215
GARCH,BTC-USD,2026-06-07 00:00:00,0.0018351512562437796,0.004252465804179342
GARCH,BTC-USD,2026-06-07 00:15:00,0.0017169455772098952,0.004252440223009045
GARCH,BTC-USD,2026-06-07 00:30:00,0.0016628081417989125,0.004235922918188403
GARCH,BTC-USD,2026-06-07 00:45:00,0.0015680318868108176,0.004252571192526989
GARCH,BTC-USD,2026-06-07 01:00:00,0.003840808767881569,0.004251770676838663
GARCH,BTC-USD,2026-06-07 01:15:00,0.003758863704455595,0.004249664586980518
GARCH,BTC-USD,2026-06-07 01:30:00,0.003645992205877731,0.004239799633400239
GARCH,BTC-USD,2026-06-07 01:45:00,0.003368079477713663,0.004237242959397111
GARCH,BTC-USD,2026-06-07 02:00:00,0.0031872175140291543,0.004226441602279953
GARCH,BTC-USD,2026-06-07 02:15:00,0.0031726532779072897,0.0042120551780951065
GARCH,BTC-USD,2026-06-07 02:30:00,0.0029409159465015795,0.004206095798360045
GARCH,BTC-USD,2026-06-07 02:45:00,0.0030389347079950446,0.004206217374311831
GARCH,BTC-USD,2026-06-07 03:00:00,0.00276126262087821,0.004146347138065452
GARCH,BTC-USD,2026-06-07 03:15:00,0.002779822875020367,0.004133075046050696
GARCH,BTC-USD,2026-06-07 03:30:00,0.00254394864437552,0.004128694806503926
GARCH,BTC-USD,2026-06-07 03:45:00,0.002426297950799256,0.004127966525931228
GARCH,BTC-USD,2026-06-07 04:00:00,0.0024733294413803596,0.004112668867419801
GARCH,BTC-USD,2026-06-07 04:15:00,0.0022606907641581114,0.0040744939908765095
GARCH,BTC-USD,2026-06-07 04:30:00,0.0024430830767193444,0.00405648332295888
GARCH,BTC-USD,2026-06-07 04:45:00,0.002419738045283207,0.004052226887422221
GARCH,BTC-USD,2026-06-07 05:00:00,0.0022334607782533624,0.004048637286499697
GARCH,BTC-USD,2026-06-07 05:15:00,0.002324817867919225,0.004048868233283927
GARCH,BTC-USD,2026-06-07 05:30:00,0.0023227376413054467,0.004050415318608913
GARCH,BTC-USD,2026-06-07 05:45:00,0.002290973206279443,0.0040299077335773925
GARCH,BTC-USD,2026-06-07 06:00:00,0.002179857349447432,0.004023221864556547
GARCH,BTC-USD,2026-06-07 06:15:00,0.0028352157138774236,0.004028551522871974
GARCH,BTC-USD,2026-06-07 06:30:00,0.0029046544411791,0.004029224330045329
GARCH,BTC-USD,2026-06-07 06:45:00,0.0027146215051251075,0.0040236103252336355
GARCH,BTC-USD,2026-06-07 07:00:00,0.00255889928919316,0.004024875675081746
GARCH,BTC-USD,2026-06-07 07:15:00,0.002488623072254054,0.004022530881647581
GARCH,BTC-USD,2026-06-07 07:30:00,0.0023094808885633323,0.004021160503808104
GARCH,BTC-USD,2026-06-07 07:45:00,0.002466174823958246,0.004021099316899238
GARCH,BTC-USD,2026-06-07 08:00:00,0.002223224818687393,0.004007534268825441
GARCH,BTC-USD,2026-06-07 08:15:00,0.002344210395401122,0.004004034916742415
GARCH,BTC-USD,2026-06-07 08:30:00,0.0021351116296819653,0.003985225066670414
GARCH,BTC-USD,2026-06-07 08:45:00,0.002845861877348364,0.003967146085348749
GARCH,BTC-USD,2026-06-07 09:00:00,0.002416609153341389,0.0039017258179978296
GARCH,BTC-USD,2026-06-07 09:15:00,0.0025168974628498155,0.0039047188240873263
GARCH,BTC-USD,2026-06-07 09:30:00,0.0025311690550886452,0.003903186999418953
GARCH,BTC-USD,2026-06-07 09:45:00,0.0023217303575990326,0.0039044855945007096
GARCH,BTC-USD,2026-06-07 10:00:00,0.0023665974238064984,0.0038982671675952107
GARCH,BTC-USD,2026-06-07 10:15:00,0.002286102580573499,0.0038868685602024707
GARCH,BTC-USD,2026-06-07 10:30:00,0.002355692448075507,0.003883690386639495
GARCH,BTC-USD,2026-06-07 10:45:00,0.0021479936021659056,0.0038840088996363277
GARCH,BTC-USD,2026-06-07 11:00:00,0.0021474042534265054,0.003880742374868183
GARCH,BTC-USD,2026-06-07 11:15:00,0.0020205872952895484,0.003876813051003618
GARCH,BTC-USD,2026-06-07 11:30:00,0.0021659029040987593,0.0038762282799399772
GARCH,BTC-USD,2026-06-07 11:45:00,0.001984503981992469,0.00391018768713408
GARCH,BTC-USD,2026-06-07 12:00:00,0.0040596707033956495,0.0039028066387764493
GARCH,BTC-USD,2026-06-07 12:15:00,0.0033721631505400857,0.003913675320359701
GARCH,BTC-USD,2026-06-07 12:30:00,0.00387631109047042,0.003916543543963483
GARCH,BTC-USD,2026-06-07 12:45:00,0.0037707295509311735,0.003918562125693321
GARCH,BTC-USD,2026-06-07 13:00:00,0.003587913463608709,0.003918697423265683
GARCH,BTC-USD,2026-06-07 13:15:00,0.0033667064364694766,0.003916769085267328
GARCH,BTC-USD,2026-06-07 13:30:00,0.0032239904293653292,0.003910327235488176
GARCH,BTC-USD,2026-06-07 13:45:00,0.0030052461824570994,0.0039095399121959916
GARCH,BTC-USD,2026-06-07 14:00:00,0.0028752484336209256,0.003919067020321595
GARCH,BTC-USD,2026-06-07 14:15:00,0.00332518710506247,0.003908082826245013
GARCH,BTC-USD,2026-06-07 14:30:00,0.0029660167940554977,0.003906787829515059
GARCH,BTC-USD,2026-06-07 14:45:00,0.0028847105668106466,0.003901387295908844
GARCH,BTC-USD,2026-06-07 15:00:00,0.002710694245321171,0.0038957240235167443
GARCH,BTC-USD,2026-06-07 15:15:00,0.0026452300181080083,0.0038944676918031234
GARCH,BTC-USD,2026-06-07 15:30:00,0.0026694889291628164,0.003885801939698984
GARCH,BTC-USD,2026-06-07 15:45:00,0.002445100387641426,0.0038859913482091764
GARCH,BTC-USD,2026-06-07 16:00:00,0.0023696848621039285,0.0038859915673677982
GARCH,BTC-USD,2026-06-07 16:15:00,0.0022078968305510906,0.003884330271201529
GARCH,BTC-USD,2026-06-07 16:30:00,0.0020888308883455766,0.003884455066747238
GARCH,BTC-USD,2026-06-07 16:45:00,0.0020293670145509583,0.0038857683554866483
GARCH,BTC-USD,2026-06-07 17:00:00,0.002334479448891378,0.0038565765333124463
GARCH,BTC-USD,2026-06-07 17:15:00,0.0020779571196838454,0.0038563796958582044
GARCH,BTC-USD,2026-06-07 17:30:00,0.002009779693699726,0.003855579819625859
GARCH,BTC-USD,2026-06-07 17:45:00,0.0020253569328232755,0.003850274671398749
GARCH,BTC-USD,2026-06-07 18:00:00,0.002022999757226972,0.003844109928687317
GARCH,BTC-USD,2026-06-07 18:15:00,0.0019023978853190493,0.0038434580619103606
GARCH,BTC-USD,2026-06-07 18:30:00,0.0018084799194660372,0.0038468371952070112
GARCH,BTC-USD,2026-06-07 18:45:00,0.0020668000916285313,0.003864016013189146
GARCH,BTC-USD,2026-06-07 19:00:00,0.0032003046664459234,0.0038510512134314933
GARCH,BTC-USD,2026-06-07 19:15:00,0.002882507410264609,0.003855518067519026
GARCH,BTC-USD,2026-06-07 19:30:00,0.003293499031051394,0.0038106323631381875
GARCH,BTC-USD,2026-06-07 19:45:00,0.0029735597828864494,0.0038136617048069765
GARCH,BTC-USD,2026-06-07 20:00:00,0.003318246040772599,0.0038144742494519816
GARCH,BTC-USD,2026-06-07 20:15:00,0.00312074972118999,0.0037643269472922153
GARCH,BTC-USD,2026-06-07 20:30:00,0.0029343834189325905,0.0037226969427284155
GARCH,BTC-USD,2026-06-07 20:45:00,0.0028080702623978823,0.003716208146708597
GARCH,BTC-USD,2026-06-07 21:00:00,0.002681117420391639,0.0036953893631911064
GARCH,BTC-USD,2026-06-07 21:15:00,0.0027460843335841835,0.0036622235229619464
GARCH,BTC-USD,2026-06-07 21:30:00,0.002553085906767376,0.003656810633370281
GARCH,BTC-USD,2026-06-07 21:45:00,0.0024511283336630155,0.0040443365027472795
GARCH,BTC-USD,2026-06-07 22:00:00,0.01210698295249978,0.004010669221012173
GARCH,BTC-USD,2026-06-07 22:15:00,0.009726166643684584,0.003964590550013018
GARCH,BTC-USD,2026-06-07 22:30:00,0.009688297014706698,0.0039687167663963446
GARCH,BTC-USD,2026-06-07 22:45:00,0.009015928040629244,0.003960346215866169
GARCH,BTC-USD,2026-06-07 23:00:00,0.008462037933310929,0.003969025739897466
GARCH,BTC-USD,2026-06-07 23:15:00,0.00806292037089207,0.003960091218826018
GARCH,BTC-USD,2026-06-07 23:30:00,0.007458393767871935,0.003959178821806117
GARCH,BTC-USD,2026-06-07 23:45:00,0.006979217112697983,0.003915245966499207
GARCH,BTC-USD,2026-06-08 00:00:00,0.006533435194692021,0.003923652127398402
GARCH,BTC-USD,2026-06-08 00:15:00,0.006342048118005559,0.003917646969944446
GARCH,BTC-USD,2026-06-08 00:30:00,0.006008246385829797,0.0039183911005451055
GARCH,BTC-USD,2026-06-08 00:45:00,0.00559384275190127,0.003958778295691643
GARCH,BTC-USD,2026-06-08 01:00:00,0.006443491960898441,0.003962164919246518
GARCH,BTC-USD,2026-06-08 01:15:00,0.005851970951925845,0.00397195276883245
GARCH,BTC-USD,2026-06-08 01:30:00,0.0058334645679838605,0.003970678267013882
GARCH,BTC-USD,2026-06-08 01:45:00,0.005351592430374392,0.003964705095875972
GARCH,BTC-USD,2026-06-08 02:00:00,0.005055907426295684,0.003962020760019064
GARCH,BTC-USD,2026-06-08 02:15:00,0.00469988122643088,0.003946092881982436
GARCH,BTC-USD,2026-06-08 02:30:00,0.004405200880557725,0.003943894973609898
GARCH,BTC-USD,2026-06-08 02:45:00,0.00413082970044712,0.003943382063636888
GARCH,BTC-USD,2026-06-08 03:00:00,0.003994297235632936,0.003945339445958764
GARCH,BTC-USD,2026-06-08 03:15:00,0.003786767492202182,0.0039389596153713525
GARCH,BTC-USD,2026-06-08 03:30:00,0.0035256887932729603,0.003938920700854356
GARCH,BTC-USD,2026-06-08 03:45:00,0.003303390208238901,0.003941110332323521
GARCH,BTC-USD,2026-06-08 04:00:00,0.00320585564283066,0.0039392600463565314
GARCH,BTC-USD,2026-06-08 04:15:00,0.0029910511267854495,0.003936125866391148
GARCH,BTC-USD,2026-06-08 04:30:00,0.003231506823659765,0.003768573121406325
GARCH,BTC-USD,2026-06-08 04:45:00,0.0028915111215679417,0.003770232998870617
GARCH,BTC-USD,2026-06-08 05:00:00,0.0029556409349796257,0.0037405084686826244
GARCH,BTC-USD,2026-06-08 05:15:00,0.0028471724081095533,0.003724857889872077
GARCH,BTC-USD,2026-06-08 05:30:00,0.003114110786767821,0.003735487844230392
GARCH,BTC-USD,2026-06-08 05:45:00,0.003362923693874159,0.0037276175590259786
GARCH,BTC-USD,2026-06-08 06:00:00,0.003234157565250201,0.0037244744917612686
GARCH,BTC-USD,2026-06-08 06:15:00,0.0031292822137995546,0.0036988058742454715
GARCH,BTC-USD,2026-06-08 06:30:00,0.0029101390196796012,0.003698101654980096
GARCH,BTC-USD,2026-06-08 06:45:00,0.002748431622320066,0.0036719375763700443
GARCH,BTC-USD,2026-06-08 07:00:00,0.0026421909349526613,0.003673007330279645
GARCH,BTC-USD,2026-06-08 07:15:00,0.0025483689503171575,0.003671992030411018
GARCH,BTC-USD,2026-06-08 07:30:00,0.002417873872166945,0.003630233195520355
GARCH,BTC-USD,2026-06-08 07:45:00,0.0025432500799193445,0.003614215737200745
GARCH,BTC-USD,2026-06-08 08:00:00,0.0023748386555886495,0.0035942487354122025
GARCH,BTC-USD,2026-06-08 08:15:00,0.00230829054377312,0.00359408857060126
GARCH,BTC-USD,2026-06-08 08:30:00,0.0021793962447785803,0.0035940898529371935
GARCH,BTC-USD,2026-06-08 08:45:00,0.002065323409450571,0.003593110428961351
GARCH,BTC-USD,2026-06-08 09:00:00,0.0023721116017113284,0.0035582557238689537
GARCH,BTC-USD,2026-06-08 09:15:00,0.0021191943296840197,0.003550956980292837
GARCH,BTC-USD,2026-06-08 09:30:00,0.0020385946891029847,0.0035002183778122076
GARCH,BTC-USD,2026-06-08 09:45:00,0.002114161009117558,0.0035025002798603887
GARCH,BTC-USD,2026-06-08 10:00:00,0.0020580854360469506,0.0034780252357533245
GARCH,BTC-USD,2026-06-08 10:15:00,0.0024691598976630475,0.0034754207976099407
GARCH,BTC-USD,2026-06-08 10:30:00,0.002180963892296155,0.0034277277995417195
GARCH,BTC-USD,2026-06-08 10:45:00,0.00212925375374738,0.0033942924273432057
GARCH,BTC-USD,2026-06-08 11:00:00,0.002572634529683041,0.00339792845692544
GARCH,BTC-USD,2026-06-08 11:15:00,0.0026141488886571055,0.0033807070589403515
GARCH,BTC-USD,2026-06-08 11:30:00,0.0023934649420185635,0.00336243118523539
GARCH,BTC-USD,2026-06-08 11:45:00,0.002495782951067612,0.0034365351720529167
GARCH,BTC-USD,2026-06-08 12:00:00,0.005362741184157789,0.0034427944726449036
GARCH,BTC-USD,2026-06-08 12:15:00,0.004806535959240421,0.0034699067687662577
GARCH,BTC-USD,2026-06-08 12:30:00,0.005759243556863429,0.0034679577995844427
GARCH,BTC-USD,2026-06-08 12:45:00,0.005117569256552257,0.0034542195574463388
GARCH,BTC-USD,2026-06-08 13:00:00,0.004868760950317165,0.003458192119967591
GARCH,BTC-USD,2026-06-08 13:15:00,0.004660567673520427,0.00344917869264138
GARCH,BTC-USD,2026-06-08 13:30:00,0.004376651406342292,0.003455016937082192
GARCH,BTC-USD,2026-06-08 13:45:00,0.004472620088205343,0.0034435691283132433
GARCH,BTC-USD,2026-06-08 14:00:00,0.004125676715842092,0.0034237077458298664
GARCH,BTC-USD,2026-06-08 14:15:00,0.003932874004820563,0.0034236066910810978
GARCH,BTC-USD,2026-06-08 14:30:00,0.0037830643448497816,0.003416009452220876
GARCH,BTC-USD,2026-06-08 14:45:00,0.0035210085787583984,0.00340281880990647
GARCH,BTC-USD,2026-06-08 15:00:00,0.003629975545971224,0.00340645711142077
GARCH,BTC-USD,2026-06-08 15:15:00,0.0035069212505300425,0.00340702047943678
GARCH,BTC-USD,2026-06-08 15:30:00,0.003354554749918177,0.003407911305053329
GARCH,BTC-USD,2026-06-08 15:45:00,0.0031731328026670534,0.003405350836790549
GARCH,BTC-USD,2026-06-08 16:00:00,0.0029647644991239648,0.003402951651998448
GARCH,BTC-USD,2026-06-08 16:15:00,0.002815135367786753,0.0033996375634635
GARCH,BTC-USD,2026-06-08 16:30:00,0.0029517630560945774,0.003402929443074361
GARCH,BTC-USD,2026-06-08 16:45:00,0.0028266948404662116,0.0034026018865195356
GARCH,BTC-USD,2026-06-08 17:00:00,0.0028718385132876405,0.0034121598342836553
GARCH,BTC-USD,2026-06-08 17:15:00,0.0031800843716451384,0.0034200811959349733
GARCH,BTC-USD,2026-06-08 17:30:00,0.003270230433160651,0.003423796401733704
GARCH,BTC-USD,2026-06-08 17:45:00,0.0031626203219978443,0.003422882416558951
GARCH,BTC-USD,2026-06-08 18:00:00,0.0029421536747216074,0.003421895323894219
GARCH,BTC-USD,2026-06-08 18:15:00,0.002786516816100277,0.003423383847542257
GARCH,BTC-USD,2026-06-08 18:30:00,0.002782131483298489,0.0034235351757440973
GARCH,BTC-USD,2026-06-08 18:45:00,0.002558943253942071,0.0033720824166899783
GARCH,BTC-USD,2026-06-08 19:00:00,0.002444461218452007,0.003369412735084483
GARCH,BTC-USD,2026-06-08 19:15:00,0.002380225032653663,0.003363557870818869
GARCH,BTC-USD,2026-06-08 19:30:00,0.0022187823612209363,0.0033531812717937618
GARCH,BTC-USD,2026-06-08 19:45:00,0.002223468073877201,0.00334791878617485
GARCH,BTC-USD,2026-06-08 20:00:00,0.0022315672466303267,0.003229247289358543
GARCH,BTC-USD,2026-06-08 20:15:00,0.0021095196709410378,0.003235541031489943
GARCH,BTC-USD,2026-06-08 20:30:00,0.0024511277789958223,0.0032343208555065685
GARCH,BTC-USD,2026-06-08 20:45:00,0.002246988570456909,0.003235517376474512
GARCH,BTC-USD,2026-06-08 21:00:00,0.0026578011216151737,0.00323248344580654
GARCH,BTC-USD,2026-06-08 21:15:00,0.0023223080295383092,0.0032256328628190393
GARCH,BTC-USD,2026-06-08 21:30:00,0.0023699452956270203,0.0032276011351696225
GARCH,BTC-USD,2026-06-08 21:45:00,0.002273617784384556,0.0032436457768300207
GARCH,BTC-USD,2026-06-08 22:00:00,0.003550908111998597,0.003237247901612763
GARCH,BTC-USD,2026-06-08 22:15:00,0.0029368467449733173,0.0032348687384685863
GARCH,BTC-USD,2026-06-08 22:30:00,0.002917780206096449,0.0032370160348445705
GARCH,BTC-USD,2026-06-08 22:45:00,0.002821375421285635,0.0032369790207490605
GARCH,BTC-USD,2026-06-08 23:00:00,0.0027856460611264456,0.003255160222101326
GARCH,BTC-USD,2026-06-08 23:15:00,0.0038766769253178973,0.0032543342198240012
GARCH,BTC-USD,2026-06-08 23:30:00,0.0032453742626877015,0.003252997624032742
GARCH,BTC-USD,2026-06-08 23:45:00,0.003184860200871175,0.003253905320505131
GARCH,BTC-USD,2026-06-09 00:00:00,0.0029919681295215443,0.0032654731000083203
GARCH,BTC-USD,2026-06-09 00:15:00,0.0033758843225132704,0.0032574714515142805
GARCH,BTC-USD,2026-06-09 00:30:00,0.002977038372550618,0.0032582552618410777
GARCH,BTC-USD,2026-06-09 00:45:00,0.003021331576281092,0.0032380893867774295
GARCH,BTC-USD,2026-06-09 01:00:00,0.0028280619891759683,0.0032386159815915683
GARCH,BTC-USD,2026-06-09 01:15:00,0.0027725794900116795,0.003237315643637489
GARCH,BTC-USD,2026-06-09 01:30:00,0.002612676004212588,0.003232426271686411
GARCH,BTC-USD,2026-06-09 01:45:00,0.002472942643805248,0.003232513787449524
GARCH,BTC-USD,2026-06-09 02:00:00,0.0023242790641708412,0.0032286367263016404
GARCH,BTC-USD,2026-06-09 02:15:00,0.0022065678728190336,0.0032311739613309865
GARCH,BTC-USD,2026-06-09 02:30:00,0.0022218999486052883,0.0032376449660875863
GARCH,BTC-USD,2026-06-09 02:45:00,0.0024886014597503,0.0032289440332970076
GARCH,BTC-USD,2026-06-09 03:00:00,0.002226981315323624,0.0032157858091157753
GARCH,BTC-USD,2026-06-09 03:15:00,0.00224316259090929,0.0032151784217300822
GARCH,BTC-USD,2026-06-09 03:30:00,0.0020643465442219565,0.003209083160632781
GARCH,BTC-USD,2026-06-09 03:45:00,0.001991606826837766,0.0032091388636078457
GARCH,BTC-USD,2026-06-09 04:00:00,0.0018818607632768588,0.0032085203221163486
GARCH,BTC-USD,2026-06-09 04:15:00,0.0019388741178207253,0.0032380137201987965
GARCH,BTC-USD,2026-06-09 04:30:00,0.003439976918538395,0.0032354645351823207
GARCH,BTC-USD,2026-06-09 04:45:00,0.002765657197286718,0.0032333819814850937
GARCH,BTC-USD,2026-06-09 05:00:00,0.002756677650400712,0.0032337569663294687
GARCH,BTC-USD,2026-06-09 05:15:00,0.0025844913000758678,0.0032335481119749117
GARCH,BTC-USD,2026-06-09 05:30:00,0.0024593927762565208,0.0032294747887599016
GARCH,BTC-USD,2026-06-09 05:45:00,0.0023070948506375712,0.0032235671483491356
GARCH,BTC-USD,2026-06-09 06:00:00,0.002180983884565637,0.0032236667020644413
GARCH,BTC-USD,2026-06-09 06:15:00,0.002089753081859497,0.003219503705819658
GARCH,BTC-USD,2026-06-09 06:30:00,0.0020260957839565927,0.0032187788636396067
GARCH,BTC-USD,2026-06-09 06:45:00,0.0019218821927881006,0.0032188075158174506
GARCH,BTC-USD,2026-06-09 07:00:00,0.0018132888241292938,0.0032251522402188195
GARCH,BTC-USD,2026-06-09 07:15:00,0.0024589399189175972,0.003224837404255706
GARCH,BTC-USD,2026-06-09 07:30:00,0.0022996696543470543,0.003224837076107074
GARCH,BTC-USD,2026-06-09 07:45:00,0.0021686082977639505,0.003236155851949681
GARCH,BTC-USD,2026-06-09 08:00:00,0.0027123533414175364,0.0032360699786151844
GARCH,BTC-USD,2026-06-09 08:15:00,0.0023580090106188997,0.0032373086341470777
GARCH,BTC-USD,2026-06-09 08:30:00,0.0023738094378745224,0.003237480563171924
GARCH,BTC-USD,2026-06-09 08:45:00,0.0023628992317998947,0.0032358495983496956
GARCH,BTC-USD,2026-06-09 09:00:00,0.0021788444443542627,0.0032285841230733736
GARCH,BTC-USD,2026-06-09 09:15:00,0.0020811368741631892,0.003230330818644896
GARCH,BTC-USD,2026-06-09 09:30:00,0.002189316143528266,0.003230496139506925
GARCH,BTC-USD,2026-06-09 09:45:00,0.002008083731354077,0.003230022280320012
GARCH,BTC-USD,2026-06-09 10:00:00,0.0019643037940895026,0.0032281200525787735
GARCH,BTC-USD,2026-06-09 10:15:00,0.0018498178428725076,0.003228559811505272
GARCH,BTC-USD,2026-06-09 10:30:00,0.001777570109360695,0.003229270111555359
GARCH,BTC-USD,2026-06-09 10:45:00,0.0017599438280562635,0.0032402019172368345
GARCH,BTC-USD,2026-06-09 11:00:00,0.0023823820277354014,0.0032407820515056095
GARCH,BTC-USD,2026-06-09 11:15:00,0.0020747290719621567,0.003238019534227382
GARCH,BTC-USD,2026-06-09 11:30:00,0.0020254039678980437,0.003238622652591792
GARCH,BTC-USD,2026-06-09 11:45:00,0.0019582801369287433,0.00323890880156645
GARCH,BTC-USD,2026-06-09 12:00:00,0.0020348793592685375,0.003244406666595431
GARCH,BTC-USD,2026-06-09 12:15:00,0.0022325020764910504,0.0032466269339780007
GARCH,BTC-USD,2026-06-09 12:30:00,0.0022014048360727294,0.0032473761477549647
GARCH,BTC-USD,2026-06-09 12:45:00,0.002160182551606637,0.0032451074529973372
GARCH,BTC-USD,2026-06-09 13:00:00,0.002065825649835373,0.0032481276927792567
GARCH,BTC-USD,2026-06-09 13:15:00,0.0024414114280626566,0.0032467479378194054
GARCH,BTC-USD,2026-06-09 13:30:00,0.0022218128150787034,0.003250554072271621
GARCH,BTC-USD,2026-06-09 13:45:00,0.0023521165113346808,0.0032590549617957016
GARCH,BTC-USD,2026-06-09 14:00:00,0.0028227046734967463,0.0032870408987275357
GARCH,BTC-USD,2026-06-09 14:15:00,0.0037622875139785707,0.0032930062461944405
GARCH,BTC-USD,2026-06-09 14:30:00,0.003602832843052777,0.0032978914397398026
GARCH,BTC-USD,2026-06-09 14:45:00,0.003531184945659385,0.003298692910903612
GARCH,BTC-USD,2026-06-09 15:00:00,0.003317656215512959,0.0033160751379623823
GARCH,BTC-USD,2026-06-09 15:15:00,0.003826834941533348,0.0033157312006582835
GARCH,BTC-USD,2026-06-09 15:30:00,0.003346386703389127,0.003321311822767395
GARCH,BTC-USD,2026-06-09 15:45:00,0.003462434418564298,0.0032809233288257824
GARCH,BTC-USD,2026-06-09 16:00:00,0.0032651765146784455,0.0032635125128212907
GARCH,BTC-USD,2026-06-09 16:15:00,0.00305395884392271,0.003266416567470759
GARCH,BTC-USD,2026-06-09 16:30:00,0.003225343895923185,0.003269397898903215
GARCH,BTC-USD,2026-06-09 16:45:00,0.0030478016679204574,0.0032767405541543875
GARCH,BTC-USD,2026-06-09 17:00:00,0.0032286196255270194,0.003275416006823181
GARCH,BTC-USD,2026-06-09 17:15:00,0.0030624414363094377,0.003275318169313806
GARCH,BTC-USD,2026-06-09 17:30:00,0.0028779254864031005,0.003269870500219308
GARCH,BTC-USD,2026-06-09 17:45:00,0.0026948966747859337,0.0032703507635813236
GARCH,BTC-USD,2026-06-09 18:00:00,0.0025665626344609695,0.003267545327374924
GARCH,BTC-USD,2026-06-09 18:15:00,0.002401437087361367,0.003270547589902146
GARCH,BTC-USD,2026-06-09 18:30:00,0.0024417619129914452,0.003276200728148549
GARCH,BTC-USD,2026-06-09 18:45:00,0.0025800009575993933,0.003272723291142024
GARCH,BTC-USD,2026-06-09 19:00:00,0.0023296563183539667,0.0032741624275866702
GARCH,BTC-USD,2026-06-09 19:15:00,0.002319440162246499,0.0032695217445655247
GARCH,BTC-USD,2026-06-09 19:30:00,0.0021417803494643145,0.0032733410052401112
GARCH,BTC-USD,2026-06-09 19:45:00,0.0025054535039506194,0.003274926535335276
GARCH,BTC-USD,2026-06-09 20:00:00,0.002312004592157318,0.0032732734680188807
GARCH,BTC-USD,2026-06-09 20:15:00,0.0022883277752669007,0.0032702964322165557
GARCH,BTC-USD,2026-06-09 20:30:00,0.0021327077536519353,0.00326795806650812
GARCH,BTC-USD,2026-06-09 20:45:00,0.0020264406193171085,0.003267120307829389
GARCH,BTC-USD,2026-06-09 21:00:00,0.001910970203112716,0.0032712183746175854
GARCH,BTC-USD,2026-06-09 21:15:00,0.00287994552617838,0.0032623715975575577
GARCH,BTC-USD,2026-06-09 21:30:00,0.0023852954102055444,0.0032610603620160123
GARCH,BTC-USD,2026-06-09 21:45:00,0.0023695321436493465,0.003261901972299757
GARCH,BTC-USD,2026-06-09 22:00:00,0.0022439340990471593,0.003260516049571605
GARCH,BTC-USD,2026-06-09 22:15:00,0.002117250870051573,0.0032610369059255084
GARCH,BTC-USD,2026-06-09 22:30:00,0.0020283307659107815,0.003259205778487653
GARCH,BTC-USD,2026-06-09 22:45:00,0.0021077429860045273,0.003259283629309918
GARCH,BTC-USD,2026-06-09 23:00:00,0.001928955839364677,0.003256220735280698
GARCH,BTC-USD,2026-06-09 23:15:00,0.001876857624075451,0.003256588250816844
GARCH,BTC-USD,2026-06-09 23:30:00,0.0018090703826987304,0.0032443193443386824
GARCH,BTC-USD,2026-06-09 23:45:00,0.001822499133593721,0.0032462481412549042
GARCH,BTC-USD,2026-06-10 00:00:00,0.0018397658905754664,0.003243614903565648
GARCH,BTC-USD,2026-06-10 00:15:00,0.0017059404308689089,0.0032573489163716125
GARCH,BTC-USD,2026-06-10 00:30:00,0.002792754034427435,0.0032843156792541858
GARCH,BTC-USD,2026-06-10 00:45:00,0.0035605927490562034,0.0032832217889033474
GARCH,BTC-USD,2026-06-10 01:00:00,0.0030990969417727015,0.003281175805720474
GARCH,BTC-USD,2026-06-10 01:15:00,0.0029840330717917475,0.00328330711848803
GARCH,BTC-USD,2026-06-10 01:30:00,0.0030473345911735373,0.003284293167009666
GARCH,BTC-USD,2026-06-10 01:45:00,0.0028161219324914855,0.0032864304655546876
GARCH,BTC-USD,2026-06-10 02:00:00,0.0028589374316363952,0.0032866947669388893
GARCH,BTC-USD,2026-06-10 02:15:00,0.002663423583433341,0.0032850299066780005
GARCH,BTC-USD,2026-06-10 02:30:00,0.002641962181879596,0.0032852780158384863
GARCH,BTC-USD,2026-06-10 02:45:00,0.002478619705992802,0.003243868123441853
GARCH,BTC-USD,2026-06-10 03:00:00,0.0024916758543712396,0.0032432668855222903
GARCH,BTC-USD,2026-06-10 03:15:00,0.002456485623595827,0.003229925060675492
GARCH,BTC-USD,2026-06-10 03:30:00,0.0022872985151469734,0.0032196442182840816
GARCH,BTC-USD,2026-06-10 03:45:00,0.002166003642535151,0.003217275854108496
GARCH,BTC-USD,2026-06-10 04:00:00,0.0020574284329241245,0.003216579824325699
GARCH,BTC-USD,2026-06-10 04:15:00,0.001949324690836069,0.003224756058926119
GARCH,BTC-USD,2026-06-10 04:30:00,0.0024934428916884663,0.0032253756558557004
GARCH,BTC-USD,2026-06-10 04:45:00,0.0021854564304507273,0.0032267798916881226
GARCH,BTC-USD,2026-06-10 05:00:00,0.0022923730137747885,0.0032141971318704666
GARCH,BTC-USD,2026-06-10 05:15:00,0.0021662494235885417,0.003213101268992697
GARCH,BTC-USD,2026-06-10 05:30:00,0.0020426263737937872,0.0032128889181910892
GARCH,BTC-USD,2026-06-10 05:45:00,0.0019843834874090733,0.003212405521584688
GARCH,BTC-USD,2026-06-10 06:00:00,0.001873381743026159,0.0032106626079428735
GARCH,BTC-USD,2026-06-10 06:15:00,0.0017960571164111422,0.003207947371369231
GARCH,BTC-USD,2026-06-10 06:30:00,0.0017986858092487366,0.0032081244023582827
GARCH,BTC-USD,2026-06-10 06:45:00,0.0016878541173884077,0.00320904359305672
GARCH,BTC-USD,2026-06-10 07:00:00,0.0017543190307730471,0.003209923448758588
GARCH,BTC-USD,2026-06-10 07:15:00,0.0016932686918994305,0.0032120292522309214
GARCH,BTC-USD,2026-06-10 07:30:00,0.001778448177463098,0.003212280623738729
GARCH,BTC-USD,2026-06-10 07:45:00,0.0017190721849577057,0.003205936029754846
GARCH,BTC-USD,2026-06-10 08:00:00,0.0016577645387267743,0.003207256742403908
GARCH,BTC-USD,2026-06-10 08:15:00,0.0017077675325712462,0.0032195010221385267
GARCH,BTC-USD,2026-06-10 08:30:00,0.002474309310042787,0.0032176138919554685
GARCH,BTC-USD,2026-06-10 08:45:00,0.002069966623239015,0.0032207149617246417
GARCH,BTC-USD,2026-06-10 09:00:00,0.002416185180329328,0.0032242136458909866
GARCH,BTC-USD,2026-06-10 09:15:00,0.0023387023312766895,0.0032247472288344887
GARCH,BTC-USD,2026-06-10 09:30:00,0.002209974979306359,0.003221159230764021
GARCH,BTC-USD,2026-06-10 09:45:00,0.0021382187629276645,0.0031990105891759124
GARCH,BTC-USD,2026-06-10 10:00:00,0.002104783558106404,0.003195830152219442
GARCH,BTC-USD,2026-06-10 10:15:00,0.002040908212603028,0.003184668540289394
GARCH,BTC-USD,2026-06-10 10:30:00,0.001908976428299391,0.003183381337058568
GARCH,BTC-USD,2026-06-10 10:45:00,0.0018652097813525875,0.0031794566339846176
GARCH,BTC-USD,2026-06-10 11:00:00,0.002255556052960538,0.0031824545794060717
GARCH,BTC-USD,2026-06-10 11:15:00,0.0024413364534019728,0.003182607820042405
GARCH,BTC-USD,2026-06-10 11:30:00,0.002214195570113481,0.003181433313101032
GARCH,BTC-USD,2026-06-10 11:45:00,0.002115124291698951,0.0031849391653338355
GARCH,BTC-USD,2026-06-10 12:00:00,0.002281441050548078,0.0031803825863304562
GARCH,BTC-USD,2026-06-10 12:15:00,0.0020597177229524266,0.0032246748304394974
GARCH,BTC-USD,2026-06-10 12:30:00,0.004073671277772816,0.003226433419587761
GARCH,BTC-USD,2026-06-10 12:45:00,0.0033203209224942753,0.0026796109153145657
GARCH,BTC-USD,2026-06-10 13:00:00,0.0032912967064001714,0.0026214038486354224
GARCH,BTC-USD,2026-06-10 13:15:00,0.003025056819294262,0.002743916661951311
GARCH,BTC-USD,2026-06-10 13:30:00,0.006165743811756108,0.0027371061180125806
GARCH,BTC-USD,2026-06-10 13:45:00,0.005029636626129141,0.0027363141650280005
GARCH,BTC-USD,2026-06-10 14:00:00,0.005028189757732141,0.0027235527256316778
GARCH,BTC-USD,2026-06-10 14:15:00,0.004591012579085229,0.002725713361065332
GARCH,BTC-USD,2026-06-10 14:30:00,0.0043906859072407114,0.0027375525123512546
GARCH,BTC-USD,2026-06-10 14:45:00,0.004397239976997465,0.0027469586093280857
GARCH,BTC-USD,2026-06-10 15:00:00,0.004336794972099004,0.0027528690607306664
GARCH,BTC-USD,2026-06-10 15:15:00,0.004510249031932233,0.002747611939958596
GARCH,BTC-USD,2026-06-10 15:30:00,0.00416131059313485,0.0027583239629718433
GARCH,BTC-USD,2026-06-10 15:45:00,0.0042536100326740975,0.002717540157777002
GARCH,BTC-USD,2026-06-10 16:00:00,0.004374281427775762,0.0027072803614939683
GARCH,BTC-USD,2026-06-10 16:15:00,0.003961578508923682,0.0026912113400981374
GARCH,BTC-USD,2026-06-10 16:30:00,0.0037620603416293062,0.0026894189680481207
GARCH,BTC-USD,2026-06-10 16:45:00,0.003497371784490772,0.002691275855294335
GARCH,BTC-USD,2026-06-10 17:00:00,0.0033970838150871375,0.0026988052994375367
GARCH,BTC-USD,2026-06-10 17:15:00,0.0034303736738594682,0.0027029406360811596
GARCH,BTC-USD,2026-06-10 17:30:00,0.0033114167154486723,0.0027134849996678975
GARCH,BTC-USD,2026-06-10 17:45:00,0.0034493374976877753,0.002708596467055486
GARCH,BTC-USD,2026-06-10 18:00:00,0.0031133764567393323,0.002706196646280047
GARCH,BTC-USD,2026-06-10 18:15:00,0.0029756232965543793,0.002718762093519235
GARCH,BTC-USD,2026-06-10 18:30:00,0.0032835111426105347,0.0027217110426878883
GARCH,BTC-USD,2026-06-10 18:45:00,0.003015232020907071,0.0027216940312767683
GARCH,BTC-USD,2026-06-10 19:00:00,0.0029697233993639886,0.002721643701587142
GARCH,BTC-USD,2026-06-10 19:15:00,0.0027501586132966864,0.0027218101968042056
GARCH,BTC-USD,2026-06-10 19:30:00,0.003016140721420662,0.002722576038323401
GARCH,BTC-USD,2026-06-10 19:45:00,0.002729131441054359,0.002721078979661971
GARCH,BTC-USD,2026-06-10 20:00:00,0.002728899428232387,0.0027188593977446685
GARCH,BTC-USD,2026-06-10 20:15:00,0.0025831288916940026,0.002709766112292071
GARCH,BTC-USD,2026-06-10 20:30:00,0.0025157654136558375,0.0026936937919400674
GARCH,BTC-USD,2026-06-10 20:45:00,0.002333599414419775,0.0026993063191388797
GARCH,BTC-USD,2026-06-10 21:00:00,0.002797967266400858,0.002695999972063829
GARCH,BTC-USD,2026-06-10 21:15:00,0.002437195559025057,0.0026983010114478142
GARCH,BTC-USD,2026-06-10 21:30:00,0.0024671585397416287,0.0027179858254894
GARCH,BTC-USD,2026-06-10 21:45:00,0.0031672083060718943,0.0027185304862954126
GARCH,BTC-USD,2026-06-10 22:00:00,0.0028254583959577014,0.0027165030878614285
GARCH,BTC-USD,2026-06-10 22:15:00,0.00269866576205263,0.002733135134406802
GARCH,BTC-USD,2026-06-10 22:30:00,0.003200227183094785,0.002731780819772341
GARCH,BTC-USD,2026-06-10 22:45:00,0.0029880878993077615,0.0027359055012873947
GARCH,BTC-USD,2026-06-10 23:00:00,0.0030492493700186923,0.002758528507884354
GARCH,BTC-USD,2026-06-10 23:15:00,0.003619667396885071,0.002757780832706726
GARCH,BTC-USD,2026-06-10 23:30:00,0.003142752063565019,0.002757726543139915
GARCH,BTC-USD,2026-06-10 23:45:00,0.0030347012947058165,0.0027557865230143468
GARCH,BTC-USD,2026-06-11 00:00:00,0.003052958556760093,0.0027632024936989886
GARCH,BTC-USD,2026-06-11 00:15:00,0.003105375237253754,0.0027649229171286768
GARCH,BTC-USD,2026-06-11 00:30:00,0.0029022216310545853,0.002761652466983229
GARCH,BTC-USD,2026-06-11 00:45:00,0.002736008100906512,0.002768948869894746
GARCH,BTC-USD,2026-06-11 01:00:00,0.00295477666608173,0.0027633215106575328
GARCH,BTC-USD,2026-06-11 01:15:00,0.002816274345579858,0.0027639933515075095
GARCH,BTC-USD,2026-06-11 01:30:00,0.0026865431446374518,0.00276405825434103
GARCH,BTC-USD,2026-06-11 01:45:00,0.002525907638496509,0.002752551966203251
GARCH,BTC-USD,2026-06-11 02:00:00,0.002379180883090872,0.0027471275329585157
GARCH,BTC-USD,2026-06-11 02:15:00,0.0023688064742063263,0.0027470306316407997
GARCH,BTC-USD,2026-06-11 02:30:00,0.0021837053753317823,0.00274372838521963
GARCH,BTC-USD,2026-06-11 02:45:00,0.002119740666044522,0.00264607270649232
GARCH,BTC-USD,2026-06-11 03:00:00,0.0020365086796797567,0.002620616147888512
GARCH,BTC-USD,2026-06-11 03:15:00,0.0019282365397051858,0.0025788168965219277
GARCH,BTC-USD,2026-06-11 03:30:00,0.0025233445098990716,0.002592295848571019
GARCH,BTC-USD,2026-06-11 03:45:00,0.0030254950405439996,0.0025921238028066514
GARCH,BTC-USD,2026-06-11 04:00:00,0.0026276479997915324,0.002586514020732378
GARCH,BTC-USD,2026-06-11 04:15:00,0.002553073297206388,0.0025845250792920177
GARCH,BTC-USD,2026-06-11 04:30:00,0.002382915791871698,0.002570020887987714
GARCH,BTC-USD,2026-06-11 04:45:00,0.0022906904513356726,0.002568973591869907
GARCH,BTC-USD,2026-06-11 05:00:00,0.002237044230714038,0.0025669601653681177
GARCH,BTC-USD,2026-06-11 05:15:00,0.0020796488783022433,0.0025633245731861106
GARCH,BTC-USD,2026-06-11 05:30:00,0.002020456896086027,0.0025640263658381775
GARCH,BTC-USD,2026-06-11 05:45:00,0.0019769694936311406,0.002559770205104558
GARCH,BTC-USD,2026-06-11 06:00:00,0.0021668666222578233,0.002554894391101931
GARCH,BTC-USD,2026-06-11 06:15:00,0.002044314632231739,0.0025530028649654152
GARCH,BTC-USD,2026-06-11 06:30:00,0.0019948188973004256,0.002558235150760944
GARCH,BTC-USD,2026-06-11 06:45:00,0.002232008492309362,0.002560070904585795
GARCH,BTC-USD,2026-06-11 07:00:00,0.0021135538619915205,0.002562881595489953
GARCH,BTC-USD,2026-06-11 07:15:00,0.0021756167345346462,0.0025575105476629725
GARCH,BTC-USD,2026-06-11 07:30:00,0.002126468755340623,0.002554297013467656
GARCH,BTC-USD,2026-06-11 07:45:00,0.0019969094092722487,0.0025514416353674112
GARCH,BTC-USD,2026-06-11 08:00:00,0.0020295908725346144,0.0025391807791857613
GARCH,BTC-USD,2026-06-11 08:15:00,0.0020436413794904292,0.0025287405069946436
GARCH,BTC-USD,2026-06-11 08:30:00,0.0019832756476017054,0.002525200138599848
GARCH,BTC-USD,2026-06-11 08:45:00,0.0019833914959138045,0.002526323895936521
GARCH,BTC-USD,2026-06-11 09:00:00,0.001929845920089056,0.002526117478672965
GARCH,BTC-USD,2026-06-11 09:15:00,0.0018330106625659107,0.0025245189043935513
GARCH,BTC-USD,2026-06-11 09:30:00,0.0018837472246131513,0.0025244294054663262
GARCH,BTC-USD,2026-06-11 09:45:00,0.0017333531020816808,0.002524004982353687
GARCH,BTC-USD,2026-06-11 10:00:00,0.001662725426270376,0.002522326346139205
GARCH,BTC-USD,2026-06-11 10:15:00,0.0016126104311643091,0.0025233188469470204
GARCH,BTC-USD,2026-06-11 10:30:00,0.0015961069425647803,0.002530107255372855
GARCH,BTC-USD,2026-06-11 10:45:00,0.002064327618631473,0.0025273068026801567
GARCH,BTC-USD,2026-06-11 11:00:00,0.00181895377306514,0.002526464689358376
GARCH,BTC-USD,2026-06-11 11:15:00,0.0017700557035359044,0.0025169964808159475
GARCH,BTC-USD,2026-06-11 11:30:00,0.0016715668834272376,0.0025153130581817484
GARCH,BTC-USD,2026-06-11 11:45:00,0.0015985465321107532,0.002504368964149032
GARCH,BTC-USD,2026-06-11 12:00:00,0.001542308666994828,0.002546774067394711
GARCH,BTC-USD,2026-06-11 12:15:00,0.003415445511443964,0.002555484887016282
GARCH,BTC-USD,2026-06-11 12:30:00,0.0030797329771398902,0.002554846120333225
GARCH,BTC-USD,2026-06-11 12:45:00,0.002976139171763712,0.0025210402615249263
GARCH,BTC-USD,2026-06-11 13:00:00,0.0028484066131774077,0.0025214506838056707
GARCH,BTC-USD,2026-06-11 13:15:00,0.0027116174873468997,0.00252510289292221
GARCH,BTC-USD,2026-06-11 13:30:00,0.0027022953550239984,0.0025240547003568706
GARCH,BTC-USD,2026-06-11 13:45:00,0.0025992821496855028,0.002534401770019653
GARCH,BTC-USD,2026-06-11 14:00:00,0.003016194558621627,0.002505736085465847
GARCH,BTC-USD,2026-06-11 14:15:00,0.002999822123455229,0.0025104418754489113
GARCH,BTC-USD,2026-06-11 14:30:00,0.00293656854992526,0.0025135909455567063
GARCH,BTC-USD,2026-06-11 14:45:00,0.0028518913441920326,0.0025123377121118364
GARCH,BTC-USD,2026-06-11 15:00:00,0.0026501272657638237,0.002496876947042582
GARCH,BTC-USD,2026-06-11 15:15:00,0.002503798927758753,0.0024973779296468476
GARCH,BTC-USD,2026-06-11 15:30:00,0.002372548709823456,0.0024940778023717102
GARCH,BTC-USD,2026-06-11 15:45:00,0.0022688126634203627,0.002492789229381156
GARCH,BTC-USD,2026-06-11 16:00:00,0.0021639911707586747,0.0024967133852900726
GARCH,BTC-USD,2026-06-11 16:15:00,0.0023740413533415512,0.002495617501327565
GARCH,BTC-USD,2026-06-11 16:30:00,0.002130013655983982,0.002496689168283628
GARCH,BTC-USD,2026-06-11 16:45:00,0.0021328133213518972,0.002498846983942534
GARCH,BTC-USD,2026-06-11 17:00:00,0.0021004320038867015,0.0025450680654210767
GARCH,BTC-USD,2026-06-11 17:15:00,0.0037416786550841354,0.0025718251494399255
GARCH,BTC-USD,2026-06-11 17:30:00,0.003992060188040955,0.00257965658659484
GARCH,BTC-USD,2026-06-11 17:45:00,0.0041010732298776284,0.0025842592395481263
GARCH,BTC-USD,2026-06-11 18:00:00,0.003831628624432214,0.0025837357566086917
GARCH,BTC-USD,2026-06-11 18:15:00,0.0036288189402875854,0.0025886448017992986
GARCH,BTC-USD,2026-06-11 18:30:00,0.003547422272187838,0.002589647471511225
GARCH,BTC-USD,2026-06-11 18:45:00,0.0033096609129868765,0.002590506030339347
GARCH,BTC-USD,2026-06-11 19:00:00,0.0031438279547585683,0.002588422923727384
GARCH,BTC-USD,2026-06-11 19:15:00,0.0029595344124778962,0.002551980482059991
GARCH,BTC-USD,2026-06-11 19:30:00,0.0028431109966288396,0.002552711799035261
GARCH,BTC-USD,2026-06-11 19:45:00,0.0026689622675068626,0.0025543911907039067
GARCH,BTC-USD,2026-06-11 20:00:00,0.0025754436892557026,0.002558096826478852
GARCH,BTC-USD,2026-06-11 20:15:00,0.0026114962333568096,0.002558856542317313
GARCH,BTC-USD,2026-06-11 20:30:00,0.0024570913939612094,0.002560862326726893
GARCH,BTC-USD,2026-06-11 20:45:00,0.0024047243528826324,0.002565440222135746
GARCH,BTC-USD,2026-06-11 21:00:00,0.0024558781175003635,0.0025656386025592138
GARCH,BTC-USD,2026-06-11 21:15:00,0.0022834466440055413,0.002564896218636105
GARCH,BTC-USD,2026-06-11 21:30:00,0.0021847191437951723,0.0025644230691359744
GARCH,BTC-USD,2026-06-11 21:45:00,0.002046676717454354,0.00256654785583113
GARCH,BTC-USD,2026-06-11 22:00:00,0.0020586360800274052,0.0025529904648271236
GARCH,BTC-USD,2026-06-11 22:15:00,0.0019144178538590378,0.0025502591660171454
GARCH,BTC-USD,2026-06-11 22:30:00,0.0019117906504671565,0.00255025765948281
GARCH,BTC-USD,2026-06-11 22:45:00,0.0017738801423999011,0.0025378083189071753
GARCH,BTC-USD,2026-06-11 23:00:00,0.0018136548076716252,0.0025374945369389984
GARCH,BTC-USD,2026-06-11 23:15:00,0.0016802759534951927,0.002547739396155612
GARCH,BTC-USD,2026-06-11 23:30:00,0.002306916024391777,0.0025439491858162753
GARCH,BTC-USD,2026-06-11 23:45:00,0.0019552596343401876,0.0025464196114600005
GARCH,BTC-USD,2026-06-12 00:00:00,0.002073458892258793,0.002549580911900683
GARCH,BTC-USD,2026-06-12 00:15:00,0.002059543419576518,0.0025454202094901375
GARCH,BTC-USD,2026-06-12 00:30:00,0.00192992990730458,0.0025450808038341463
GARCH,BTC-USD,2026-06-12 00:45:00,0.001828365820567613,0.002550221960293277
GARCH,BTC-USD,2026-06-12 01:00:00,0.002067564752960933,0.002553413942457259
GARCH,BTC-USD,2026-06-12 01:15:00,0.0020452141610508945,0.0025530716832922137
GARCH,BTC-USD,2026-06-12 01:30:00,0.0019027047866473593,0.002552223769971625
GARCH,BTC-USD,2026-06-12 01:45:00,0.0018336256605591423,0.0025482843165078473
GARCH,BTC-USD,2026-06-12 02:00:00,0.00228295311078122,0.002549523761008374
GARCH,BTC-USD,2026-06-12 02:15:00,0.0020824042367272077,0.0025503537543216308
GARCH,BTC-USD,2026-06-12 02:30:00,0.0020487065110528628,0.0025494051692588073
GARCH,BTC-USD,2026-06-12 02:45:00,0.0019103548487948304,0.0025475754255460527
GARCH,BTC-USD,2026-06-12 03:00:00,0.0018931002560281071,0.0025423241617064966
GARCH,BTC-USD,2026-06-12 03:15:00,0.0018778708708643308,0.0025386242956171555
GARCH,BTC-USD,2026-06-12 03:30:00,0.0017597283904999873,0.0025368093414729845
GARCH,BTC-USD,2026-06-12 03:45:00,0.0017043040787499872,0.002535690244742112
GARCH,BTC-USD,2026-06-12 04:00:00,0.0016077485805528887,0.002540976815909971
GARCH,BTC-USD,2026-06-12 04:15:00,0.0024307605768259053,0.0025404097396153295
GARCH,BTC-USD,2026-06-12 04:30:00,0.002061192015206835,0.0025355908372613864
GARCH,BTC-USD,2026-06-12 04:45:00,0.0020265239710003167,0.0025335163522794833
GARCH,BTC-USD,2026-06-12 05:00:00,0.002539105923028158,0.00249702289666521
GARCH,BTC-USD,2026-06-12 05:15:00,0.0022076501689881904,0.0024859472763767566
GARCH,BTC-USD,2026-06-12 05:30:00,0.0022227525160768745,0.002480246158312773
GARCH,BTC-USD,2026-06-12 05:45:00,0.0020669642673227196,0.00247893346697257
GARCH,BTC-USD,2026-06-12 06:00:00,0.0019891800091916237,0.002459895872870953
GARCH,BTC-USD,2026-06-12 06:15:00,0.002118456989949134,0.002471594084576216
GARCH,BTC-USD,2026-06-12 06:30:00,0.0024811578869605726,0.0024642962952161813
GARCH,BTC-USD,2026-06-12 06:45:00,0.0022091586477309003,0.0024601916978856274
GARCH,BTC-USD,2026-06-12 07:00:00,0.00212313632069356,0.0024604077051767117
GARCH,BTC-USD,2026-06-12 07:15:00,0.0020125646085780665,0.002450636420668897
GARCH,BTC-USD,2026-06-12 07:30:00,0.0019037761040334473,0.002447272823607073
GARCH,BTC-USD,2026-06-12 07:45:00,0.0018203799256606033,0.00244536781809894
GARCH,BTC-USD,2026-06-12 08:00:00,0.0021908569545905886,0.002451547183443133
GARCH,BTC-USD,2026-06-12 08:15:00,0.0024547115402811627,0.002454675716078725
GARCH,BTC-USD,2026-06-12 08:30:00,0.002340503171907018,0.002455694418630367
GARCH,BTC-USD,2026-06-12 08:45:00,0.0022529301700765793,0.002456561160157897
GARCH,BTC-USD,2026-06-12 09:00:00,0.0021969396310371186,0.002463971234224654
GARCH,BTC-USD,2026-06-12 09:15:00,0.002450662805670276,0.002462160132692318
GARCH,BTC-USD,2026-06-12 09:30:00,0.0023404606298214965,0.00245904345026618
GARCH,BTC-USD,2026-06-12 09:45:00,0.0023465075492626842,0.002458980343204393
GARCH,BTC-USD,2026-06-12 10:00:00,0.002161583716634623,0.002462885714804323
GARCH,BTC-USD,2026-06-12 10:15:00,0.0023022927732518454,0.0024637451692713992
GARCH,BTC-USD,2026-06-12 10:30:00,0.0021314110321325568,0.002454553644802493
GARCH,BTC-USD,2026-06-12 10:45:00,0.0020218317414349147,0.002455813261482637
GARCH,BTC-USD,2026-06-12 11:00:00,0.002093691246424151,0.0024532989270149024
GARCH,BTC-USD,2026-06-12 11:15:00,0.001912967964435843,0.0024532750668572385
GARCH,BTC-USD,2026-06-12 11:30:00,0.0018354150754992032,0.0024536002691890597
GARCH,BTC-USD,2026-06-12 11:45:00,0.0017464845900828413,0.0024570762500857254
GARCH,BTC-USD,2026-06-12 12:00:00,0.001856116180922302,0.002438584318702451
GARCH,BTC-USD,2026-06-12 12:15:00,0.0020126561857948923,0.002438894424016503
GARCH,BTC-USD,2026-06-12 12:30:00,0.0018360326397096434,0.002438630664019368
GARCH,BTC-USD,2026-06-12 12:45:00,0.0017695061222108835,0.002437565762170371
GARCH,BTC-USD,2026-06-12 13:00:00,0.0016685343095936044,0.0024384699339703355
GARCH,BTC-USD,2026-06-12 13:15:00,0.0016541727079782307,0.0024533684388328095
GARCH,BTC-USD,2026-06-12 13:30:00,0.002369847016159601,0.0024502759078658316
GARCH,BTC-USD,2026-06-12 13:45:00,0.002045688459363596,0.002461282239713782
GARCH,BTC-USD,2026-06-12 14:00:00,0.0025401269983610806,0.002467400192813982
GARCH,BTC-USD,2026-06-12 14:15:00,0.0025415111518257,0.002469703489656598
GARCH,BTC-USD,2026-06-12 14:30:00,0.002458974585171523,0.0025153097107660284
GARCH,BTC-USD,2026-06-12 14:45:00,0.003999560467788955,0.002536749105470308
GARCH,BTC-USD,2026-06-12 15:00:00,0.004038389176810601,0.0025471233860199674
GARCH,BTC-USD,2026-06-12 15:15:00,0.00392673936715693,0.0025343928416587842
GARCH,BTC-USD,2026-06-12 15:30:00,0.003930075170732805,0.0025206331134294303
GARCH,BTC-USD,2026-06-12 15:45:00,0.004117794328557266,0.0025324210444381033
GARCH,BTC-USD,2026-06-12 16:00:00,0.004102168332172597,0.00253263053695764
GARCH,BTC-USD,2026-06-12 16:15:00,0.0037572669008125825,0.0025252387510691227
GARCH,BTC-USD,2026-06-12 16:30:00,0.0035520061320834973,0.0025274275003992204
GARCH,BTC-USD,2026-06-12 16:45:00,0.0034275222898929865,0.0025245587088636194
GARCH,BTC-USD,2026-06-12 17:00:00,0.0032503190406056896,0.0025238838081843564
GARCH,BTC-USD,2026-06-12 17:15:00,0.0030517409927027284,0.002520375004341669
GARCH,BTC-USD,2026-06-12 17:30:00,0.0028563037845106432,0.002519266127352525
GARCH,BTC-USD,2026-06-12 17:45:00,0.0026877502310702845,0.002516689051078673
GARCH,BTC-USD,2026-06-12 18:00:00,0.0025373391719767154,0.002513910355138483
GARCH,BTC-USD,2026-06-12 18:15:00,0.002389921125141591,0.0025145830718303268
GARCH,BTC-USD,2026-06-12 18:30:00,0.0023183288014331097,0.0025214749554818014
GARCH,BTC-USD,2026-06-12 18:45:00,0.002456334448728492,0.00252094123831161
GARCH,BTC-USD,2026-06-12 19:00:00,0.0022225577869794287,0.0025205787704883475
GARCH,BTC-USD,2026-06-12 19:15:00,0.0021260132955964774,0.002509209135825424
GARCH,BTC-USD,2026-06-12 19:30:00,0.002099685557690669,0.0025087542703168013
GARCH,BTC-USD,2026-06-12 19:45:00,0.0019581698464375937,0.0025047884865211445
GARCH,BTC-USD,2026-06-12 20:00:00,0.001863391109204751,0.002506553289786264
GARCH,BTC-USD,2026-06-12 20:15:00,0.0019237059920025662,0.0025065310991724795
GARCH,BTC-USD,2026-06-12 20:30:00,0.0017672340924168243,0.0025072366215456348
GARCH,BTC-USD,2026-06-12 20:45:00,0.0017712403060872108,0.002511224646323652
GARCH,BTC-USD,2026-06-12 21:00:00,0.001928074436898989,0.002512563208966916
GARCH,BTC-USD,2026-06-12 21:15:00,0.001837203217667724,0.0025112142035473134
GARCH,BTC-USD,2026-06-12 21:30:00,0.0017377299175524905,0.0025118648679716906
GARCH,BTC-USD,2026-06-12 21:45:00,0.0016874450035718439,0.0025100907692813183
GARCH,BTC-USD,2026-06-12 22:00:00,0.0015987384353327804,0.00251069047990968
GARCH,BTC-USD,2026-06-12 22:15:00,0.0016457778394647932,0.0025100243832654775
GARCH,BTC-USD,2026-06-12 22:30:00,0.0016170026449254635,0.00250828761379161
GARCH,BTC-USD,2026-06-12 22:45:00,0.0015195233770300854,0.002508187634105059
GARCH,BTC-USD,2026-06-12 23:00:00,0.0014930620926842514,0.002505828320591433
GARCH,BTC-USD,2026-06-12 23:15:00,0.001411936398791302,0.0024888963961419842
GARCH,BTC-USD,2026-06-12 23:30:00,0.0014007890896668214,0.0024896756210321244
GARCH,BTC-USD,2026-06-12 23:45:00,0.0014073811935111477,0.002481547285569256
GARCH,BTC-USD,2026-06-13 00:00:00,0.0013289699967999433,0.0024785477866744263
GARCH,BTC-USD,2026-06-13 00:15:00,0.0013500522438090092,0.0024786150931362157
GARCH,BTC-USD,2026-06-13 00:30:00,0.001333736966458548,0.002477727253730013
GARCH,BTC-USD,2026-06-13 00:45:00,0.001267200017383443,0.002475902947567598
GARCH,BTC-USD,2026-06-13 01:00:00,0.0013049426848193997,0.0024746388679219625
GARCH,BTC-USD,2026-06-13 01:15:00,0.0012261887605803596,0.0024759405433530954
GARCH,BTC-USD,2026-06-13 01:30:00,0.0013469474028238732,0.0024763285257298935
GARCH,BTC-USD,2026-06-13 01:45:00,0.0013595085067706003,0.0024664861670530107
GARCH,BTC-USD,2026-06-13 02:00:00,0.0013106144696521263,0.0024576164361582143
GARCH,BTC-USD,2026-06-13 02:15:00,0.001350195849385026,0.0024592600042921873
GARCH,BTC-USD,2026-06-13 02:30:00,0.0013962120402394552,0.002459262824637151
GARCH,BTC-USD,2026-06-13 02:45:00,0.001308086051033837,0.0024539924964640226
GARCH,BTC-USD,2026-06-13 03:00:00,0.0012693465882690263,0.002458331960519161
GARCH,BTC-USD,2026-06-13 03:15:00,0.001535145557444913,0.002400938336547451
GARCH,BTC-USD,2026-06-13 03:30:00,0.0013660769359771197,0.002397056018174182
GARCH,BTC-USD,2026-06-13 03:45:00,0.0013495915359311838,0.002396628172386602
GARCH,BTC-USD,2026-06-13 04:00:00,0.0012844167610212395,0.0023965972444185946
GARCH,BTC-USD,2026-06-13 04:15:00,0.001247322651109454,0.0022545060198794504
GARCH,BTC-USD,2026-06-13 04:30:00,0.001307905999050763,0.0022463821896028724
GARCH,BTC-USD,2026-06-13 04:45:00,0.0014192731066523154,0.0022423694854172486
GARCH,BTC-USD,2026-06-13 05:00:00,0.0013512583503369172,0.0022420413614830216
GARCH,BTC-USD,2026-06-13 05:15:00,0.0012980538506135108,0.0022385929506843973
GARCH,BTC-USD,2026-06-13 05:30:00,0.001251529270092907,0.0022248888414834155
GARCH,BTC-USD,2026-06-13 05:45:00,0.0012050634878723002,0.002209720374619393
GARCH,BTC-USD,2026-06-13 06:00:00,0.0011646523053121132,0.0021884839373918245
GARCH,BTC-USD,2026-06-13 06:15:00,0.0012819379303102047,0.002184703599020873
GARCH,BTC-USD,2026-06-13 06:30:00,0.0011839257860034454,0.002171725536108103
GARCH,BTC-USD,2026-06-13 06:45:00,0.001237745964853809,0.00214743087022242
GARCH,BTC-USD,2026-06-13 07:00:00,0.001166879158085252,0.0021475406272094075
GARCH,BTC-USD,2026-06-13 07:15:00,0.0012020652938122135,0.002147059716061719
GARCH,BTC-USD,2026-06-13 07:30:00,0.0011763314607880241,0.002147046116325041
GARCH,BTC-USD,2026-06-13 07:45:00,0.0011408685465343856,0.0021433568967012817
GARCH,BTC-USD,2026-06-13 08:00:00,0.0011600545491104502,0.002132739436040447
GARCH,BTC-USD,2026-06-13 08:15:00,0.0011225149478797506,0.0021266378519076336
GARCH,BTC-USD,2026-06-13 08:30:00,0.0011537075807654632,0.002114976965310848
GARCH,BTC-USD,2026-06-13 08:45:00,0.0011932732690725625,0.0021148363207162705
GARCH,BTC-USD,2026-06-13 09:00:00,0.0011302684936565482,0.002114356046004951
GARCH,BTC-USD,2026-06-13 09:15:00,0.0011068304952297574,0.0020964316550599192
GARCH,BTC-USD,2026-06-13 09:30:00,0.001072840339606887,0.002095168808180636
GARCH,BTC-USD,2026-06-13 09:45:00,0.0011701139536172695,0.0020910701019971746
GARCH,BTC-USD,2026-06-13 10:00:00,0.0011286825153584827,0.002090775992090285
GARCH,BTC-USD,2026-06-13 10:15:00,0.0010982977038016457,0.0020798146079585426
GARCH,BTC-USD,2026-06-13 10:30:00,0.0011932460691179152,0.0020782843762524425
GARCH,BTC-USD,2026-06-13 10:45:00,0.0011225094499709531,0.002074745155203705
GARCH,BTC-USD,2026-06-13 11:00:00,0.0011986161486814853,0.0020730160816996544
GARCH,BTC-USD,2026-06-13 11:15:00,0.0011496635906967406,0.0020703759246525778
GARCH,BTC-USD,2026-06-13 11:30:00,0.0011412489126982827,0.0020707843059149314
GARCH,BTC-USD,2026-06-13 11:45:00,0.0011535879537591031,0.002053630411495494
GARCH,BTC-USD,2026-06-13 12:00:00,0.0011122559002112536,0.0020535762208957102
GARCH,BTC-USD,2026-06-13 12:15:00,0.001087287059588661,0.002051275884432799
GARCH,BTC-USD,2026-06-13 12:30:00,0.001099294018605365,0.002025560234124966
GARCH,BTC-USD,2026-06-13 12:45:00,0.0013647143213691196,0.0020215558906947163
GARCH,BTC-USD,2026-06-13 13:00:00,0.0012509785285308229,0.0020221060860461854
GARCH,BTC-USD,2026-06-13 13:15:00,0.001290467031283697,0.002002679117656443
GARCH,BTC-USD,2026-06-13 13:30:00,0.0012852299510289866,0.0019961242985253613
GARCH,BTC-USD,2026-06-13 13:45:00,0.0012849882661366595,0.001987280123884665
GARCH,BTC-USD,2026-06-13 14:00:00,0.0012635787200809935,0.0019578038757504805
GARCH,BTC-USD,2026-06-13 14:15:00,0.0012188234103980222,0.001958118593958353
GARCH,BTC-USD,2026-06-13 14:30:00,0.0012222011900890136,0.0019578213966332868
GARCH,BTC-USD,2026-06-13 14:45:00,0.0011908206286364031,0.0019513215172484476
GARCH,BTC-USD,2026-06-13 15:00:00,0.0012237559655710634,0.001941810983897261
GARCH,BTC-USD,2026-06-13 15:15:00,0.001159029938663249,0.0019393931894976506
GARCH,BTC-USD,2026-06-13 15:30:00,0.0011765510919518093,0.001939721475261391
GARCH,BTC-USD,2026-06-13 15:45:00,0.0011806590916672536,0.0019400382098011817
GARCH,BTC-USD,2026-06-13 16:00:00,0.0017628043421501073,0.001938626286314476
GARCH,BTC-USD,2026-06-13 16:15:00,0.0016493404022665792,0.001938357739865486
GARCH,BTC-USD,2026-06-13 16:30:00,0.0016418956100158067,0.001937810978454972
GARCH,BTC-USD,2026-06-13 16:45:00,0.0015500504762252264,0.0019384673209930459
GARCH,BTC-USD,2026-06-13 17:00:00,0.0015284676597631236,0.0019377379170433646
GARCH,BTC-USD,2026-06-13 17:15:00,0.0016491762931699447,0.0019377473657596876
GARCH,BTC-USD,2026-06-13 17:30:00,0.0015078941195140153,0.0019419269876764511
GARCH,BTC-USD,2026-06-13 17:45:00,0.0017015231666317615,0.0019424906156979833
GARCH,BTC-USD,2026-06-13 18:00:00,0.0016693894772203124,0.001945523064019331
GARCH,BTC-USD,2026-06-13 18:15:00,0.001765021274664594,0.0019300482738799642
GARCH,BTC-USD,2026-06-13 18:30:00,0.0017044799084703476,0.0019090367664096526
GARCH,BTC-USD,2026-06-13 18:45:00,0.0017729783929935085,0.001909310185039386
GARCH,BTC-USD,2026-06-13 19:00:00,0.001655762603474326,0.0019087440339747804
GARCH,BTC-USD,2026-06-13 19:15:00,0.0015839468411894088,0.0019107725894281524
GARCH,BTC-USD,2026-06-13 19:30:00,0.001642786514850584,0.0019098439303677165
GARCH,BTC-USD,2026-06-13 19:45:00,0.0015168481693355904,0.001906933339182273
GARCH,BTC-USD,2026-06-13 20:00:00,0.0014643934953342246,0.0019072600867096406
GARCH,BTC-USD,2026-06-13 20:15:00,0.0014047727364100444,0.0019062889566219578
GARCH,BTC-USD,2026-06-13 20:30:00,0.0013422930863532842,0.0019040308799208097
GARCH,BTC-USD,2026-06-13 20:45:00,0.0013073204823958915,0.0018974282900944396
GARCH,BTC-USD,2026-06-13 21:00:00,0.0012815821422158754,0.0018954184748805232
GARCH,BTC-USD,2026-06-13 21:15:00,0.0012246780730022957,0.0019203567815816581
GARCH,BTC-USD,2026-06-13 21:30:00,0.0024408857604720515,0.0019133685085081455
GARCH,BTC-USD,2026-06-13 21:45:00,0.0020497969846942085,0.001910652975274817
GARCH,BTC-USD,2026-06-13 22:00:00,0.0020390952763827182,0.0019083800060931105
GARCH,BTC-USD,2026-06-13 22:15:00,0.0019925646742122312,0.0019045268380862386
GARCH,BTC-USD,2026-06-13 22:30:00,0.0018603090347572822,0.0019059583497432662
GARCH,BTC-USD,2026-06-13 22:45:00,0.001832274511067257,0.0019032261812393441
GARCH,BTC-USD,2026-06-13 23:00:00,0.0017160822126219201,0.0018996097941781284
GARCH,BTC-USD,2026-06-13 23:15:00,0.0016354321036941657,0.0018968725190006911
GARCH,BTC-USD,2026-06-13 23:30:00,0.0015522061470618258,0.001894812191717121
GARCH,BTC-USD,2026-06-13 23:45:00,0.0015021456021655944,0.0018923128771329827
GARCH,BTC-USD,2026-06-14 00:00:00,0.0014278002684469334,0.0018917015691736526
GARCH,BTC-USD,2026-06-14 00:15:00,0.0013839152854692154,0.001891018264622519
GARCH,BTC-USD,2026-06-14 00:30:00,0.0014766600825776633,0.0018909541377979714
GARCH,BTC-USD,2026-06-14 00:45:00,0.0013604322064087045,0.0018917659691268629
GARCH,BTC-USD,2026-06-14 01:00:00,0.0013944839732248904,0.001890878038617658
GARCH,BTC-USD,2026-06-14 01:15:00,0.0013186802989168642,0.001892064152157079
GARCH,BTC-USD,2026-06-14 01:30:00,0.0013930640161304254,0.0018808198803480533
GARCH,BTC-USD,2026-06-14 01:45:00,0.0013080419132245036,0.0018802548255369908
GARCH,BTC-USD,2026-06-14 02:00:00,0.0012712084272003355,0.0018816338143938817
GARCH,BTC-USD,2026-06-14 02:15:00,0.0013054440289766926,0.001881666594740283
GARCH,BTC-USD,2026-06-14 02:30:00,0.0012464522487774662,0.0018816494384045136
GARCH,BTC-USD,2026-06-14 02:45:00,0.001217136500033399,0.0018812940054559785
GARCH,BTC-USD,2026-06-14 03:00:00,0.0011708820608522233,0.0018211823082877813
GARCH,BTC-USD,2026-06-14 03:15:00,0.0011568664131196642,0.0018073625342242836
GARCH,BTC-USD,2026-06-14 03:30:00,0.0011488304345498293,0.0018063693513868824
GARCH,BTC-USD,2026-06-14 03:45:00,0.0011624210700469796,0.0018034192705007018
GARCH,BTC-USD,2026-06-14 04:00:00,0.0011456534478054218,0.001801408214357406
GARCH,BTC-USD,2026-06-14 04:15:00,0.0011198160342194188,0.001797873113913778
GARCH,BTC-USD,2026-06-14 04:30:00,0.001194489889931369,0.0017954862638970186
GARCH,BTC-USD,2026-06-14 04:45:00,0.001178160034757766,0.0017738541243662478
GARCH,BTC-USD,2026-06-14 05:00:00,0.0011584199949643589,0.0017629321042943197
GARCH,BTC-USD,2026-06-14 05:15:00,0.0012141501522945116,0.0017561098653440317
GARCH,BTC-USD,2026-06-14 05:30:00,0.0011894876890071835,0.0017506064208755176
GARCH,BTC-USD,2026-06-14 05:45:00,0.0011443270559811803,0.001753321288202364
GARCH,BTC-USD,2026-06-14 06:00:00,0.0013353583773757782,0.001755918961019899
GARCH,BTC-USD,2026-06-14 06:15:00,0.001350931761017771,0.0017597843479202112
GARCH,BTC-USD,2026-06-14 06:30:00,0.0015157210991758733,0.0017588740466091624
GARCH,BTC-USD,2026-06-14 06:45:00,0.0013901776720511459,0.0017588993956442018
GARCH,BTC-USD,2026-06-14 07:00:00,0.0013946661590151243,0.0017517308356119559
GARCH,BTC-USD,2026-06-14 07:15:00,0.0015204873225559184,0.0017525612369207206
GARCH,BTC-USD,2026-06-14 07:30:00,0.0014284082302714715,0.0017535583812691216
GARCH,BTC-USD,2026-06-14 07:45:00,0.0015925133546209308,0.0017497231215800112
GARCH,BTC-USD,2026-06-14 08:00:00,0.001447240520905565,0.0016837656685719969
GARCH,BTC-USD,2026-06-14 08:15:00,0.0014398981250582032,0.0016393475503767988
GARCH,BTC-USD,2026-06-14 08:30:00,0.0013726125727123973,0.0016132739972997286
GARCH,BTC-USD,2026-06-14 08:45:00,0.001316524060809465,0.0016057364614995074
GARCH,BTC-USD,2026-06-14 09:00:00,0.0012804838702714888,0.0016045664111016319
GARCH,BTC-USD,2026-06-14 09:15:00,0.0013128953401002241,0.0016070805814247136
GARCH,BTC-USD,2026-06-14 09:30:00,0.0017380523497903158,0.0016059204677986102
GARCH,BTC-USD,2026-06-14 09:45:00,0.0015732899593585608,0.0016066725332023035
GARCH,BTC-USD,2026-06-14 10:00:00,0.001615408464747671,0.0016067586800837398
GARCH,BTC-USD,2026-06-14 10:15:00,0.001558347643815192,0.0016041558053805072
GARCH,BTC-USD,2026-06-14 10:30:00,0.0014786320726448844,0.0016052126899219715
GARCH,BTC-USD,2026-06-14 10:45:00,0.0015128505961291379,0.0016026757878764364
GARCH,BTC-USD,2026-06-14 11:00:00,0.0014287787441782213,0.0015946764827774321
GARCH,BTC-USD,2026-06-14 11:15:00,0.0013785481890016184,0.0015923104080164973
GARCH,BTC-USD,2026-06-14 11:30:00,0.0013298486834329637,0.0015907885364821453
GARCH,BTC-USD,2026-06-14 11:45:00,0.001348160444562122,0.0015850987926303802
GARCH,BTC-USD,2026-06-14 12:00:00,0.0013453997674997636,0.0015835891536689452
GARCH,BTC-USD,2026-06-14 12:15:00,0.0012750441547196589,0.0015865664415218445
GARCH,BTC-USD,2026-06-14 12:30:00,0.001417875873365574,0.0015868061414105307
GARCH,BTC-USD,2026-06-14 12:45:00,0.001309818969558091,0.0015837193534441133
GARCH,BTC-USD,2026-06-14 13:00:00,0.0012872528614539204,0.0015851120781782669
GARCH,BTC-USD,2026-06-14 13:15:00,0.0013274888881380517,0.0015842272180212162
GARCH,BTC-USD,2026-06-14 13:30:00,0.0013469383483311296,0.0015851412842888477
GARCH,BTC-USD,2026-06-14 13:45:00,0.0013130815563778683,0.0015819154164838734
GARCH,BTC-USD,2026-06-14 14:00:00,0.001254483168096851,0.001588630032795025
GARCH,BTC-USD,2026-06-14 14:15:00,0.0015463221271565647,0.001583965012690972
GARCH,BTC-USD,2026-06-14 14:30:00,0.0019870847767543363,0.0015844369924554666
GARCH,BTC-USD,2026-06-14 14:45:00,0.0017346601311492207,0.0015850627875540872
GARCH,BTC-USD,2026-06-14 15:00:00,0.0018750683864193376,0.0015804669183316453
GARCH,BTC-USD,2026-06-14 15:15:00,0.0017293666771331815,0.001580152577654752
GARCH,BTC-USD,2026-06-14 15:30:00,0.0016643713714893185,0.0015802041790870518
GARCH,BTC-USD,2026-06-14 15:45:00,0.00157497662396205,0.0015726725981567101
GARCH,BTC-USD,2026-06-14 16:00:00,0.0015936279987896305,0.0015672638061250018
GARCH,BTC-USD,2026-06-14 16:15:00,0.0015049807919441755,0.0015671755689787305
GARCH,BTC-USD,2026-06-14 16:30:00,0.0014433287514025422,0.0015809219679858038
GARCH,BTC-USD,2026-06-14 16:45:00,0.001954628269395741,0.0015649422670477049
GARCH,BTC-USD,2026-06-14 17:00:00,0.0016732627644759348,0.0015627725252860946
GARCH,BTC-USD,2026-06-14 17:15:00,0.0016990278802862188,0.0015621586425767955
GARCH,BTC-USD,2026-06-14 17:30:00,0.0016253066827105794,0.0015655504381835853
GARCH,BTC-USD,2026-06-14 17:45:00,0.001696795771093909,0.001563341016417172
GARCH,BTC-USD,2026-06-14 18:00:00,0.0015613317947937703,0.001560252153486166
GARCH,BTC-USD,2026-06-14 18:15:00,0.0015047825554018255,0.001560765629978592
GARCH,BTC-USD,2026-06-14 18:30:00,0.001469698507707325,0.001560473434266521
GARCH,BTC-USD,2026-06-14 18:45:00,0.0014154067648510414,0.0015606841930535687
GARCH,BTC-USD,2026-06-14 19:00:00,0.0013630515592082588,0.0015347592471813972
GARCH,BTC-USD,2026-06-14 19:15:00,0.001309911531841666,0.0015338168185434066
GARCH,BTC-USD,2026-06-14 19:30:00,0.0012847979435822623,0.001534098744474051
GARCH,BTC-USD,2026-06-14 19:45:00,0.001250086558935322,0.0015122394370757281
GARCH,BTC-USD,2026-06-14 20:00:00,0.001205177330675619,0.0015150513228654175
GARCH,BTC-USD,2026-06-14 20:15:00,0.0013548602834176377,0.0015169583114064643
GARCH,BTC-USD,2026-06-14 20:30:00,0.001481951018013303,0.0015167457444419156
GARCH,BTC-USD,2026-06-14 20:45:00,0.0013720416723176983,0.0015184263194680371
GARCH,BTC-USD,2026-06-14 21:00:00,0.0014668537975057996,0.0016476720034929355
GARCH,BTC-USD,2026-06-14 21:15:00,0.004614151060731048,0.001696915192625053
GARCH,BTC-USD,2026-06-14 21:30:00,0.0047965794568439355,0.0016964923748091826
GARCH,BTC-USD,2026-06-14 21:45:00,0.0043349867560795305,0.0017092384298614243
GARCH,BTC-USD,2026-06-14 22:00:00,0.004286517246776434,0.0017107441206026092
GARCH,BTC-USD,2026-06-14 22:15:00,0.00397458817423288,0.0017270215779387435
GARCH,BTC-USD,2026-06-14 22:30:00,0.004077289603346305,0.0017274600730578472
GARCH,BTC-USD,2026-06-14 22:45:00,0.0036964241661527845,0.0017213632212965178
GARCH,BTC-USD,2026-06-14 23:00:00,0.003623153461620035,0.0017106942645339518
GARCH,BTC-USD,2026-06-14 23:15:00,0.0034252809293980617,0.0017091657132841955
GARCH,BTC-USD,2026-06-14 23:30:00,0.003274152821244042,0.001715329078520912
GARCH,BTC-USD,2026-06-14 23:45:00,0.003245693070786615,0.001718303232142509
GARCH,BTC-USD,2026-06-15 00:00:00,0.0031271508061466143,0.0017126657076077894
GARCH,BTC-USD,2026-06-15 00:15:00,0.003006253831239889,0.0017217512602498504
GARCH,BTC-USD,2026-06-15 00:30:00,0.003099012683577162,0.0017173652815392704
GARCH,BTC-USD,2026-06-15 00:45:00,0.002848069030488407,0.001721465331195517
GARCH,BTC-USD,2026-06-15 01:00:00,0.002790509968701078,0.0017172742270619786
GARCH,BTC-USD,2026-06-15 01:15:00,0.002675924203178131,0.0017404844045216955
GARCH,BTC-USD,2026-06-15 01:30:00,0.0031682557424537673,0.0017504908672132105
GARCH,BTC-USD,2026-06-15 01:45:00,0.002996346082637887,0.0017507339896704825
GARCH,BTC-USD,2026-06-15 02:00:00,0.002934455476720096,0.0017508316021191907
GARCH,BTC-USD,2026-06-15 02:15:00,0.002708608615430475,0.001752709321803153
GARCH,BTC-USD,2026-06-15 02:30:00,0.0026090479740510796,0.0017553385859942498
GARCH,BTC-USD,2026-06-15 02:45:00,0.0025159437729762608,0.001764465492306535
GARCH,BTC-USD,2026-06-15 03:00:00,0.002792601864064293,0.0017562633111593516
GARCH,BTC-USD,2026-06-15 03:15:00,0.002488587282109641,0.0017624920955982214
GARCH,BTC-USD,2026-06-15 03:30:00,0.0026259512027438565,0.001762367161543695
GARCH,BTC-USD,2026-06-15 03:45:00,0.0023707738856375248,0.001772278195462012
GARCH,BTC-USD,2026-06-15 04:00:00,0.002543905214666654,0.001770549881344811
GARCH,BTC-USD,2026-06-15 04:15:00,0.0022863282731212502,0.0017490863848814632
GARCH,BTC-USD,2026-06-15 04:30:00,0.0022008297614323005,0.0017485607472037532
GARCH,BTC-USD,2026-06-15 04:45:00,0.002075677304625616,0.001733751088317269
GARCH,BTC-USD,2026-06-15 05:00:00,0.001980393062549701,0.0017280750611023906
GARCH,BTC-USD,2026-06-15 05:15:00,0.0020386842819145267,0.0017263200587511406
GARCH,BTC-USD,2026-06-15 05:30:00,0.0019665979172444953,0.0016612612687878388
GARCH,BTC-USD,2026-06-15 05:45:00,0.0020434088039423402,0.0016246906084546407
GARCH,BTC-USD,2026-06-15 06:00:00,0.0018730467606493991,0.0016094108491836315
GARCH,BTC-USD,2026-06-15 06:15:00,0.0018231419116597322,0.001596444512645828
GARCH,BTC-USD,2026-06-15 06:30:00,0.001889724058084683,0.001565664690530247
GARCH,BTC-USD,2026-06-15 06:45:00,0.0017328536676266939,0.0015431853932075397
GARCH,BTC-USD,2026-06-15 07:00:00,0.0016630698810942593,0.001547600440482635
GARCH,BTC-USD,2026-06-15 07:15:00,0.0017902880614390306,0.0015606698296572567
GARCH,BTC-USD,2026-06-15 07:30:00,0.002096279753926627,0.0015575072535389792
GARCH,BTC-USD,2026-06-15 07:45:00,0.0019158639519959103,0.0015539150103273116
GARCH,BTC-USD,2026-06-15 08:00:00,0.00186486078633849,0.0015537158705416082
GARCH,BTC-USD,2026-06-15 08:15:00,0.0017803550592059513,0.001555720600950209
GARCH,BTC-USD,2026-06-15 08:30:00,0.0017732248245909757,0.0015595510943564855
GARCH,BTC-USD,2026-06-15 08:45:00,0.0017910533284368252,0.0015587197946335674
GARCH,BTC-USD,2026-06-15 09:00:00,0.0016659929985048374,0.0015586438418632642
GARCH,BTC-USD,2026-06-15 09:15:00,0.001607269796160823,0.0015585461253824384
GARCH,BTC-USD,2026-06-15 09:30:00,0.001595943924723808,0.0015475893537015583
GARCH,BTC-USD,2026-06-15 09:45:00,0.0015005213602265653,0.0015527939745708234
GARCH,BTC-USD,2026-06-15 10:00:00,0.0016927014359814291,0.0015529898560804414
GARCH,BTC-USD,2026-06-15 10:15:00,0.0015274916738231548,0.0015497609651412296
GARCH,BTC-USD,2026-06-15 10:30:00,0.0015156997332220847,0.0015558317814765995
GARCH,BTC-USD,2026-06-15 10:45:00,0.0017458586077490456,0.0015557872799540136
GARCH,BTC-USD,2026-06-15 11:00:00,0.0015666363262517964,0.0015794831795162083
GARCH,BTC-USD,2026-06-15 11:15:00,0.0025721888961586304,0.0015833795829896101
GARCH,BTC-USD,2026-06-15 11:30:00,0.0021952622128756185,0.0015820287083954385
GARCH,BTC-USD,2026-06-15 11:45:00,0.0021978485261870337,0.0015761512916218194
GARCH,BTC-USD,2026-06-15 12:00:00,0.0020604116772514978,0.0015730179974337804
GARCH,BTC-USD,2026-06-15 12:15:00,0.0019468589419237333,0.0015823171248933589
GARCH,BTC-USD,2026-06-15 12:30:00,0.0022067763473995893,0.001582712677872225
GARCH,BTC-USD,2026-06-15 12:45:00,0.0020503048789096688,0.0015829663877338404
GARCH,BTC-USD,2026-06-15 13:00:00,0.0019703747993641153,0.0015937422684091764
GARCH,BTC-USD,2026-06-15 13:15:00,0.0023467047146272578,0.0016126001572288786
GARCH,BTC-USD,2026-06-15 13:30:00,0.0026240467563125587,0.0016193129578667934
GARCH,BTC-USD,2026-06-15 13:45:00,0.0024988827813749444,0.001618151357696099
GARCH,BTC-USD,2026-06-15 14:00:00,0.002335533604887006,0.0016210435133763013
GARCH,BTC-USD,2026-06-15 14:15:00,0.002318252692947754,0.00162087219653635
GARCH,BTC-USD,2026-06-15 14:30:00,0.0021457761927072684,0.0016203010893393677
GARCH,BTC-USD,2026-06-15 14:45:00,0.0020649427472984577,0.0016205158527990374
GARCH,BTC-USD,2026-06-15 15:00:00,0.0019505973581032347,0.0016187980663219907
GARCH,BTC-USD,2026-06-15 15:15:00,0.001853857830694505,0.0016330239975182394
GARCH,BTC-USD,2026-06-15 15:30:00,0.0023400412305662976,0.0016668256558150245
GARCH,BTC-USD,2026-06-15 15:45:00,0.0030856756905067355,0.0016661163803798405
GARCH,BTC-USD,2026-06-15 16:00:00,0.002618220424956572,0.0016678605569257327
GARCH,BTC-USD,2026-06-15 16:15:00,0.0025833122448361886,0.0016663429965974167
GARCH,BTC-USD,2026-06-15 16:30:00,0.0023877699494059463,0.001664987608981871
GARCH,BTC-USD,2026-06-15 16:45:00,0.0022581485973443872,0.0016829342521901085
GARCH,BTC-USD,2026-06-15 17:00:00,0.002645957027984478,0.0016828384413179588
GARCH,BTC-USD,2026-06-15 17:15:00,0.002373066766536997,0.0016802133027188013
GARCH,BTC-USD,2026-06-15 17:30:00,0.00228977571263444,0.0016806911640847473
GARCH,BTC-USD,2026-06-15 17:45:00,0.0021439734391069587,0.0016813776912208047
GARCH,BTC-USD,2026-06-15 18:00:00,0.002039045015961907,0.0016743929280808177
GARCH,BTC-USD,2026-06-15 18:15:00,0.0019187544755024715,0.001674598912351141
GARCH,BTC-USD,2026-06-15 18:30:00,0.0018203582893045861,0.0016750893508563432
GARCH,BTC-USD,2026-06-15 18:45:00,0.0017323602245417537,0.0016767634405040384
GARCH,BTC-USD,2026-06-15 19:00:00,0.0017473405955375748,0.0017092548069396675
GARCH,BTC-USD,2026-06-15 19:15:00,0.002664603417576813,0.00171696932700725
GARCH,BTC-USD,2026-06-15 19:30:00,0.002517236832601571,0.0017187398282479795
GARCH,BTC-USD,2026-06-15 19:45:00,0.0025178328186942966,0.0017186746297161808
GARCH,BTC-USD,2026-06-15 20:00:00,0.002322215629368989,0.0017186878996173385
GARCH,BTC-USD,2026-06-15 20:15:00,0.002203523756283432,0.0017186825650496648
GARCH,BTC-USD,2026-06-15 20:30:00,0.0020702199859498355,0.0017207476617983179
GARCH,BTC-USD,2026-06-15 20:45:00,0.002013986256467881,0.0017206880275658356
GARCH,BTC-USD,2026-06-15 21:00:00,0.0018803194109052108,0.0017227026560844084
GARCH,BTC-USD,2026-06-15 21:15:00,0.001918532932095079,0.0017227786356096473
GARCH,BTC-USD,2026-06-15 21:30:00,0.0017769620257993377,0.0017238420010834224
GARCH,BTC-USD,2026-06-15 21:45:00,0.0017600297341368674,0.0017237468187019064
GARCH,BTC-USD,2026-06-15 22:00:00,0.0016436281304392716,0.0017353788117219161
GARCH,BTC-USD,2026-06-15 22:15:00,0.0020452104863394717,0.001739114451175752
GARCH,BTC-USD,2026-06-15 22:30:00,0.001961190610146611,0.001742218442172798
GARCH,BTC-USD,2026-06-15 22:45:00,0.0019476896880738406,0.0017418972851174698
GARCH,BTC-USD,2026-06-15 23:00:00,0.0018537057389878906,0.0017422248753807853
GARCH,BTC-USD,2026-06-15 23:15:00,0.001760207166324441,0.0017418913942634027
GARCH,BTC-USD,2026-06-15 23:30:00,0.0016882210116724071,0.0017402226550494008
GARCH,BTC-USD,2026-06-15 23:45:00,0.0016153401506251777,0.0017412669158979523
GARCH,BTC-USD,2026-06-16 00:00:00,0.001601815259699465,0.0017469537195297488
GARCH,BTC-USD,2026-06-16 00:15:00,0.0017301768436866277,0.0017525305305634885
GARCH,BTC-USD,2026-06-16 00:30:00,0.001856977588061604,0.0017571009510315046
GARCH,BTC-USD,2026-06-16 00:45:00,0.0019352350764021923,0.0017568757701603129
GARCH,BTC-USD,2026-06-16 01:00:00,0.0017793148662914474,0.0017583047065690917
GARCH,BTC-USD,2026-06-16 01:15:00,0.0017884625091312376,0.0017570305727498223
GARCH,BTC-USD,2026-06-16 01:30:00,0.0016618187245680185,0.0017569003462754315
GARCH,BTC-USD,2026-06-16 01:45:00,0.0015917643097168406,0.0017778428345854873
GARCH,BTC-USD,2026-06-16 02:00:00,0.002342166213020884,0.0017978972927354111
GARCH,BTC-USD,2026-06-16 02:15:00,0.002632797890493074,0.0017993377418974307
GARCH,BTC-USD,2026-06-16 02:30:00,0.0023999380317607216,0.0018042182934611228
GARCH,BTC-USD,2026-06-16 02:45:00,0.002452551366702069,0.0018047869820054776
GARCH,BTC-USD,2026-06-16 03:00:00,0.0022719862605093525,0.0018111493092354775
GARCH,BTC-USD,2026-06-16 03:15:00,0.0023905346518841956,0.0018157509517066006
GARCH,BTC-USD,2026-06-16 03:30:00,0.0023655283724549345,0.001811780681616104
GARCH,BTC-USD,2026-06-16 03:45:00,0.002193706998703235,0.0018115096773057562
GARCH,BTC-USD,2026-06-16 04:00:00,0.0020768210227935873,0.0018189355817247537
GARCH,BTC-USD,2026-06-16 04:15:00,0.002235784142007236,0.0018198828941452642
GARCH,BTC-USD,2026-06-16 04:30:00,0.0020985583756529423,0.0018192820554447185
GARCH,BTC-USD,2026-06-16 04:45:00,0.002002372361855346,0.0018262646527654727
GARCH,BTC-USD,2026-06-16 05:00:00,0.0021942901705514686,0.0018266095028725753
GARCH,BTC-USD,2026-06-16 05:15:00,0.0020039114060186125,0.0018261078473022188
GARCH,BTC-USD,2026-06-16 05:30:00,0.0019154577688624641,0.0018262338774757247
GARCH,BTC-USD,2026-06-16 05:45:00,0.0018120448042926551,0.001829097560684615
GARCH,BTC-USD,2026-06-16 06:00:00,0.0019024745227890006,0.0018335083366381021
GARCH,BTC-USD,2026-06-16 06:15:00,0.001959831914981254,0.0018335076687519601
GARCH,BTC-USD,2026-06-16 06:30:00,0.0018571166910284743,0.0018332139219320587
GARCH,BTC-USD,2026-06-16 06:45:00,0.001781327977315954,0.0018237868020298412
GARCH,BTC-USD,2026-06-16 07:00:00,0.0017918753934142995,0.00182034321224613
GARCH,BTC-USD,2026-06-16 07:15:00,0.0016638977969162599,0.001819264331279905
GARCH,BTC-USD,2026-06-16 07:30:00,0.0015922277308999828,0.0018192206045381232
GARCH,BTC-USD,2026-06-16 07:45:00,0.0015425236834198765,0.0018197848822011872
GARCH,BTC-USD,2026-06-16 08:00:00,0.0015774533518099093,0.0018170402803768906
GARCH,BTC-USD,2026-06-16 08:15:00,0.0015281689669173154,0.0018181328380661142
GARCH,BTC-USD,2026-06-16 08:30:00,0.0015301275051686383,0.0018298838695352422
GARCH,BTC-USD,2026-06-16 08:45:00,0.0022667697893438317,0.0018324893759405342
GARCH,BTC-USD,2026-06-16 09:00:00,0.0020478041099546524,0.0018350354977479954
GARCH,BTC-USD,2026-06-16 09:15:00,0.0021604245135571063,0.0018348394801323826
GARCH,BTC-USD,2026-06-16 09:30:00,0.002021611819297235,0.0018403776249546473
GARCH,BTC-USD,2026-06-16 09:45:00,0.002254511430757142,0.0018402313271062279
GARCH,BTC-USD,2026-06-16 10:00:00,0.0020230848428272816,0.001843302824236443
GARCH,BTC-USD,2026-06-16 10:15:00,0.0020936465240218513,0.0018421801201132465
GARCH,BTC-USD,2026-06-16 10:30:00,0.0019457873319256266,0.001845675038004009
GARCH,BTC-USD,2026-06-16 10:45:00,0.001974849979789032,0.0018455091894405227
GARCH,BTC-USD,2026-06-16 11:00:00,0.001819991117728092,0.0018456162661582003
GARCH,BTC-USD,2026-06-16 11:15:00,0.0017534006601942478,0.0018470247624714274
GARCH,BTC-USD,2026-06-16 11:30:00,0.0017070520346443908,0.0018480600823029597
GARCH,BTC-USD,2026-06-16 11:45:00,0.0016765426750952497,0.0018478987054540027
GARCH,BTC-USD,2026-06-16 12:00:00,0.0016136397572164396,0.0018480525683617882
GARCH,BTC-USD,2026-06-16 12:15:00,0.0015433608802851908,0.0018235285994747184
GARCH,BTC-USD,2026-06-16 12:30:00,0.001567261335547612,0.00182209613233761
GARCH,BTC-USD,2026-06-16 12:45:00,0.0015379906061689058,0.0018333410599932604
GARCH,BTC-USD,2026-06-16 13:00:00,0.001980404941723457,0.0018416718460724916
GARCH,BTC-USD,2026-06-16 13:15:00,0.002141697430751634,0.001844873217811365
GARCH,BTC-USD,2026-06-16 13:30:00,0.002061009987997215,0.0018449153608603509
GARCH,BTC-USD,2026-06-16 13:45:00,0.001996525067948883,0.0018448569260437883
GARCH,BTC-USD,2026-06-16 14:00:00,0.0018718024322940622,0.0018995179241417292
GARCH,BTC-USD,2026-06-16 14:15:00,0.0034667203459834844,0.0019028356135476362
GARCH,BTC-USD,2026-06-16 14:30:00,0.002862322280214007,0.0019026321830844454
GARCH,BTC-USD,2026-06-16 14:45:00,0.0028276905446512164,0.0019122566468415014
GARCH,BTC-USD,2026-06-16 15:00:00,0.00290430101756471,0.0019127278625102313
GARCH,BTC-USD,2026-06-16 15:15:00,0.0026546101151664558,0.0019104869350005213
GARCH,BTC-USD,2026-06-16 15:30:00,0.0025203816056032784,0.0019105582955903592
GARCH,BTC-USD,2026-06-16 15:45:00,0.0023625528170887495,0.0019122442296274356
GARCH,BTC-USD,2026-06-16 16:00:00,0.0023129603129831595,0.0019121513477442567
GARCH,BTC-USD,2026-06-16 16:15:00,0.0021477783622759926,0.001909994116153747
GARCH,BTC-USD,2026-06-16 16:30:00,0.002036717472528383,0.0019105668225480722
GARCH,BTC-USD,2026-06-16 16:45:00,0.0019449418562047357,0.0019106640788354532
GARCH,BTC-USD,2026-06-16 17:00:00,0.001838599472490744,0.0019095158860160787
GARCH,BTC-USD,2026-06-16 17:15:00,0.0017522686048196043,0.0019091703432211299
GARCH,BTC-USD,2026-06-16 17:30:00,0.0016568321152329829,0.0019201326103926836
GARCH,BTC-USD,2026-06-16 17:45:00,0.002111484769572107,0.0019260781024863056
GARCH,BTC-USD,2026-06-16 18:00:00,0.002110869045895447,0.001938191636413345
GARCH,BTC-USD,2026-06-16 18:15:00,0.002389035244955318,0.0019392146460729945
GARCH,BTC-USD,2026-06-16 18:30:00,0.0021748980136632222,0.001938566977147445
GARCH,BTC-USD,2026-06-16 18:45:00,0.0020734383688665236,0.0019458967170711495
GARCH,BTC-USD,2026-06-16 19:00:00,0.002255610276784606,0.0019457956948795818
GARCH,BTC-USD,2026-06-16 19:15:00,0.0020333874168511072,0.0019451374427241193
GARCH,BTC-USD,2026-06-16 19:30:00,0.001987506066736736,0.0019446970575623934
GARCH,BTC-USD,2026-06-16 19:45:00,0.0018764210585549893,0.0019457061449529229
GARCH,BTC-USD,2026-06-16 20:00:00,0.001844382632989702,0.001944676726260624
GARCH,BTC-USD,2026-06-16 20:15:00,0.0017396426277988524,0.0019469618845670599
GARCH,BTC-USD,2026-06-16 20:30:00,0.0018060056410689495,0.0019469721978537797
GARCH,BTC-USD,2026-06-16 20:45:00,0.0016615610091920594,0.0019446758017687429
GARCH,BTC-USD,2026-06-16 21:00:00,0.0016359430850889042,0.0019507690138513016
GARCH,BTC-USD,2026-06-16 21:15:00,0.0019258579946076241,0.0019465069526753555
GARCH,BTC-USD,2026-06-16 21:30:00,0.001702629563686558,0.0019466170322836348
GARCH,BTC-USD,2026-06-16 21:45:00,0.0016761665375217133,0.0019466040303806067
GARCH,BTC-USD,2026-06-16 22:00:00,0.0016260455827130302,0.0019446522008447595
GARCH,BTC-USD,2026-06-16 22:15:00,0.0015884188179675894,0.001944498853254933
GARCH,BTC-USD,2026-06-16 22:30:00,0.0015270813163515003,0.001941534647788396
GARCH,BTC-USD,2026-06-16 22:45:00,0.0014877248970957585,0.0019415722981886393
GARCH,BTC-USD,2026-06-16 23:00:00,0.001410780630747743,0.001941466676081602
GARCH,BTC-USD,2026-06-16 23:15:00,0.001367841562678087,0.0019411625778082506
GARCH,BTC-USD,2026-06-16 23:30:00,0.001306476970160523,0.001941608573222943
GARCH,BTC-USD,2026-06-16 23:45:00,0.0012823054773059553,0.0019422630607979533
GARCH,BTC-USD,2026-06-17 00:00:00,0.0013001739527409447,0.001940972893747466
GARCH,BTC-USD,2026-06-17 00:15:00,0.0012353002795010201,0.0019344408384956678
GARCH,BTC-USD,2026-06-17 00:30:00,0.0013387780205445913,0.0019367461396625663
GARCH,BTC-USD,2026-06-17 00:45:00,0.001430270137645341,0.0019364422942841374
GARCH,BTC-USD,2026-06-17 01:00:00,0.0014347962289840428,0.0019460091486204379
GARCH,BTC-USD,2026-06-17 01:15:00,0.0018781177289865342,0.001952715508506602
GARCH,BTC-USD,2026-06-17 01:30:00,0.001949663430029887,0.001957219056725076
GARCH,BTC-USD,2026-06-17 01:45:00,0.002091848752542099,0.001957277332399343
GARCH,BTC-USD,2026-06-17 02:00:00,0.0018989808183453372,0.0019655220357620517
GARCH,BTC-USD,2026-06-17 02:15:00,0.002204805064804445,0.001979005658268783
GARCH,BTC-USD,2026-06-17 02:30:00,0.0024428286873108733,0.001978147078927809
GARCH,BTC-USD,2026-06-17 02:45:00,0.0021994645728380525,0.001978886956976896
GARCH,BTC-USD,2026-06-17 03:00:00,0.0021783382372180266,0.0019792352746944002
GARCH,BTC-USD,2026-06-17 03:15:00,0.002030304426394028,0.0019762241475259983
GARCH,BTC-USD,2026-06-17 03:30:00,0.0019268700265268378,0.0019762541934256056
GARCH,BTC-USD,2026-06-17 03:45:00,0.0018361202764175704,0.001976127226019866
GARCH,BTC-USD,2026-06-17 04:00:00,0.001732620734306468,0.0019749585078513102
GARCH,BTC-USD,2026-06-17 04:15:00,0.0016776863469258033,0.0019736805702528764
GARCH,BTC-USD,2026-06-17 04:30:00,0.001589181563773501,0.001973095804318027
GARCH,BTC-USD,2026-06-17 04:45:00,0.0015219440485654246,0.0019745972610090913
GARCH,BTC-USD,2026-06-17 05:00:00,0.0015228570492543283,0.001969044235024148
GARCH,BTC-USD,2026-06-17 05:15:00,0.0014445235844857817,0.001957012837220445
GARCH,BTC-USD,2026-06-17 05:30:00,0.0014234868338776423,0.001958430409205396
GARCH,BTC-USD,2026-06-17 05:45:00,0.001433636325137541,0.0019549852890474485
GARCH,BTC-USD,2026-06-17 06:00:00,0.0013536613254290294,0.001963959156043702
GARCH,BTC-USD,2026-06-17 06:15:00,0.0018099753993766588,0.001963839275164755
GARCH,BTC-USD,2026-06-17 06:30:00,0.0015638548115391952,0.001963920350893927
GARCH,BTC-USD,2026-06-17 06:45:00,0.0015478317482604362,0.0019634239513976787
GARCH,BTC-USD,2026-06-17 07:00:00,0.0015181550583626283,0.001967933895217809
GARCH,BTC-USD,2026-06-17 07:15:00,0.0016756140823467286,0.0019680707830043464
GARCH,BTC-USD,2026-06-17 07:30:00,0.0015244566347465095,0.0019561987415214013
GARCH,BTC-USD,2026-06-17 07:45:00,0.001475704458452172,0.001966400917611506
GARCH,BTC-USD,2026-06-17 08:00:00,0.0019090683705664134,0.0019653887945164624
GARCH,BTC-USD,2026-06-17 08:15:00,0.001654096140968437,0.0020028411704819484
GARCH,BTC-USD,2026-06-17 08:30:00,0.003044386105125836,0.001999846548912576
GARCH,BTC-USD,2026-06-17 08:45:00,0.002440603162806974,0.002000300408953603
GARCH,BTC-USD,2026-06-17 09:00:00,0.002458215603592307,0.00200135323155177
GARCH,BTC-USD,2026-06-17 09:15:00,0.002300934010711021,0.0020032133847516943
GARCH,BTC-USD,2026-06-17 09:30:00,0.002257300489575254,0.002003340940875866
GARCH,BTC-USD,2026-06-17 09:45:00,0.0021096404139349005,0.0020033060678614654
GARCH,BTC-USD,2026-06-17 10:00:00,0.002003063056217573,0.002003916889317301
GARCH,BTC-USD,2026-06-17 10:15:00,0.001920475567591462,0.0020035159436657185
GARCH,BTC-USD,2026-06-17 10:30:00,0.0018078126267565572,0.002007204405407512
GARCH,BTC-USD,2026-06-17 10:45:00,0.0018956394889816555,0.002018034811582112
GARCH,BTC-USD,2026-06-17 11:00:00,0.0022137354362335745,0.002018294739938718
GARCH,BTC-USD,2026-06-17 11:15:00,0.0020705458923126405,0.0020170222059098285
GARCH,BTC-USD,2026-06-17 11:30:00,0.0020573577648983414,0.0020166740028012727
GARCH,BTC-USD,2026-06-17 11:45:00,0.0019071185105659235,0.002015066527218496
GARCH,BTC-USD,2026-06-17 12:00:00,0.0018356218214080982,0.0019095799696986625
GARCH,BTC-USD,2026-06-17 12:15:00,0.0020008965364325584,0.0018605247404141231
GARCH,BTC-USD,2026-06-17 12:30:00,0.0022917201713365835,0.0018641694581037396
GARCH,BTC-USD,2026-06-17 12:45:00,0.002195089268957074,0.0018538085249531601
GARCH,BTC-USD,2026-06-17 13:00:00,0.0020682363935790463,0.0018583867863550736
GARCH,BTC-USD,2026-06-17 13:15:00,0.0022135840778547003,0.001878441634295639
GARCH,BTC-USD,2026-06-17 13:30:00,0.0031502950661968787,0.0018780005337681494
GARCH,BTC-USD,2026-06-17 13:45:00,0.002629716448301146,0.001873828967194942
GARCH,BTC-USD,2026-06-17 14:00:00,0.002620619986795247,0.0018724577719891583
GARCH,BTC-USD,2026-06-17 14:15:00,0.0024823198821440702,0.001874085883205983
GARCH,BTC-USD,2026-06-17 14:30:00,0.002498789000601892,0.0018662052126915951
GARCH,BTC-USD,2026-06-17 14:45:00,0.0022934956987037004,0.0018660724115776223
GARCH,BTC-USD,2026-06-17 15:00:00,0.002360246489783122,0.0018644858563657632
GARCH,BTC-USD,2026-06-17 15:15:00,0.002242023216991226,0.001859666069548643
GARCH,BTC-USD,2026-06-17 15:30:00,0.002338298285961946,0.0018748916876547045
GARCH,BTC-USD,2026-06-17 15:45:00,0.0027083955711833833,0.0018740680216949932
GARCH,BTC-USD,2026-06-17 16:00:00,0.0024786831896637667,0.0019142584811601196
GARCH,BTC-USD,2026-06-17 16:15:00,0.0036091344869376343,0.0019167566269408629
GARCH,BTC-USD,2026-06-17 16:30:00,0.003593203077825222,0.0019106824627599522
GARCH,BTC-USD,2026-06-17 16:45:00,0.00334548133635385,0.0019059981410382992
GARCH,BTC-USD,2026-06-17 17:00:00,0.0031361329065840533,0.0019089599917747112
GARCH,BTC-USD,2026-06-17 17:15:00,0.0030211642941791257,0.0019097811117393215
GARCH,BTC-USD,2026-06-17 17:30:00,0.002873174994876418,0.001918115021480425
GARCH,BTC-USD,2026-06-17 17:45:00,0.003008673581042337,0.002044927127039611
GARCH,BTC-USD,2026-06-17 18:00:00,0.005622355410374183,0.0020467929858879424
GARCH,BTC-USD,2026-06-17 18:15:00,0.004496889243001016,0.0021299925603855087
GARCH,BTC-USD,2026-06-17 18:30:00,0.0060135637988544795,0.0021892798087766972
GARCH,BTC-USD,2026-06-17 18:45:00,0.006044330813426407,0.002187025340462436
GARCH,BTC-USD,2026-06-17 19:00:00,0.005582245691842005,0.0023512406989054145
GARCH,BTC-USD,2026-06-17 19:15:00,0.007790232362737289,0.002368632540823014
GARCH,BTC-USD,2026-06-17 19:30:00,0.006796872902639159,0.002372732310215755
GARCH,BTC-USD,2026-06-17 19:45:00,0.0065519646977368964,0.002374457703394807
GARCH,BTC-USD,2026-06-17 20:00:00,0.006087327621785169,0.0023761484141041145
GARCH,BTC-USD,2026-06-17 20:15:00,0.005767398839497681,0.0023774347986285005
GARCH,BTC-USD,2026-06-17 20:30:00,0.005414407162744295,0.0023816898595123166
GARCH,BTC-USD,2026-06-17 20:45:00,0.005195368724501354,0.0023836125355149503
GARCH,BTC-USD,2026-06-17 21:00:00,0.004849300965159005,0.0023834877686528316
GARCH,BTC-USD,2026-06-17 21:15:00,0.004543053553994458,0.002380946944738777
GARCH,BTC-USD,2026-06-17 21:30:00,0.004248744144599683,0.002381370091443197
GARCH,BTC-USD,2026-06-17 21:45:00,0.003974442789550386,0.0023858201225199294
GARCH,BTC-USD,2026-06-17 22:00:00,0.003849658093698995,0.0023964109742743577
GARCH,BTC-USD,2026-06-17 22:15:00,0.003930552146892685,0.002390148100096531
GARCH,BTC-USD,2026-06-17 22:30:00,0.0036169423054050703,0.0023894349099360134
GARCH,BTC-USD,2026-06-17 22:45:00,0.003407656348922783,0.002388774666878631
GARCH,BTC-USD,2026-06-17 23:00:00,0.00318223959191864,0.002395654438960743
GARCH,BTC-USD,2026-06-17 23:15:00,0.003218913769631987,0.0023943580448072144
GARCH,BTC-USD,2026-06-17 23:30:00,0.0029507511358275664,0.0023932871566355613
GARCH,BTC-USD,2026-06-17 23:45:00,0.002821929902584682,0.002396282915517654
GARCH,BTC-USD,2026-06-18 00:00:00,0.002745699022020318,0.0023963968250389463
GARCH,BTC-USD,2026-06-18 00:15:00,0.0025544735311048084,0.0023954194606186276
GARCH,BTC-USD,2026-06-18 00:30:00,0.002406268392836057,0.0023986185751715175
GARCH,BTC-USD,2026-06-18 00:45:00,0.002417125525705599,0.0024100390178436945
GARCH,BTC-USD,2026-06-18 01:00:00,0.002841100619629255,0.0024108891509373844
GARCH,BTC-USD,2026-06-18 01:15:00,0.0025219335624713825,0.002410711506704974
GARCH,BTC-USD,2026-06-18 01:30:00,0.0024366110198731417,0.0024065545462111345
GARCH,BTC-USD,2026-06-18 01:45:00,0.0023145928971396858,0.0024065636247810993
GARCH,BTC-USD,2026-06-18 02:00:00,0.0021731775601687214,0.0023895468860424514
GARCH,BTC-USD,2026-06-18 02:15:00,0.0022210522074165876,0.0023884216669802874
GARCH,BTC-USD,2026-06-18 02:30:00,0.0020678540069234506,0.0023881524202659554
GARCH,BTC-USD,2026-06-18 02:45:00,0.002013146288485231,0.002392225274524422
GARCH,BTC-USD,2026-06-18 03:00:00,0.0021515976429272903,0.0024007860644823247
GARCH,BTC-USD,2026-06-18 03:15:00,0.0024008662496540147,0.0023932480420833326
GARCH,BTC-USD,2026-06-18 03:30:00,0.0021365826494440356,0.0023914767324189562
GARCH,BTC-USD,2026-06-18 03:45:00,0.0020696206645191015,0.0024130498579904005
GARCH,BTC-USD,2026-06-18 04:00:00,0.0029627116277235587,0.0024025068460948305
GARCH,BTC-USD,2026-06-18 04:15:00,0.00247356248335629,0.0023909357683957284
GARCH,BTC-USD,2026-06-18 04:30:00,0.0024702100659072454,0.002387615828406753
GARCH,BTC-USD,2026-06-18 04:45:00,0.0022727487537742134,0.002388062473002761
GARCH,BTC-USD,2026-06-18 05:00:00,0.0021684283337801698,0.0023851570501005016
GARCH,BTC-USD,2026-06-18 05:15:00,0.002036372142738009,0.0023851187765726195
GARCH,BTC-USD,2026-06-18 05:30:00,0.0019253158071378914,0.0023854275513797442
GARCH,BTC-USD,2026-06-18 05:45:00,0.0018666181605064972,0.002385047194655089
GARCH,BTC-USD,2026-06-18 06:00:00,0.0017630360201316183,0.00238503950822321
GARCH,BTC-USD,2026-06-18 06:15:00,0.001683622735735595,0.0023752830700238645
GARCH,BTC-USD,2026-06-18 06:30:00,0.00173516034101191,0.0023479736441486144
GARCH,BTC-USD,2026-06-18 06:45:00,0.0016011414102175179,0.002348093300097455
GARCH,BTC-USD,2026-06-18 07:00:00,0.0015401020079887611,0.0023573985797259696
GARCH,BTC-USD,2026-06-18 07:15:00,0.001995272206857127,0.0023620554499608763
GARCH,BTC-USD,2026-06-18 07:30:00,0.001960868917073251,0.002363360674088859
GARCH,BTC-USD,2026-06-18 07:45:00,0.0018891591506711297,0.002352749290386964
GARCH,BTC-USD,2026-06-18 08:00:00,0.0017997551666364203,0.0023523800784164012
GARCH,BTC-USD,2026-06-18 08:15:00,0.0017245322582030709,0.0023524098113475236
GARCH,BTC-USD,2026-06-18 08:30:00,0.0016848645719318366,0.0023548281215566833
GARCH,BTC-USD,2026-06-18 08:45:00,0.001762332982264548,0.002354682240946406
GARCH,BTC-USD,2026-06-18 09:00:00,0.0016173364147604847,0.002357796393451094
GARCH,BTC-USD,2026-06-18 09:15:00,0.001789833004056714,0.00235820134352324
GARCH,BTC-USD,2026-06-18 09:30:00,0.0016282192305689454,0.002359299177705491
GARCH,BTC-USD,2026-06-18 09:45:00,0.0016696899241318308,0.0023634628399445538
GARCH,BTC-USD,2026-06-18 10:00:00,0.001978004726774555,0.002343525098386918
GARCH,BTC-USD,2026-06-18 10:15:00,0.001783150093171895,0.002335644041915064
GARCH,BTC-USD,2026-06-18 10:30:00,0.0017334503044254942,0.0023337910769361185
GARCH,BTC-USD,2026-06-18 10:45:00,0.0016901720454702612,0.002334001695180386
GARCH,BTC-USD,2026-06-18 11:00:00,0.001617402236878166,0.0023343542346846687
GARCH,BTC-USD,2026-06-18 11:15:00,0.0015572471997154027,0.0023359970180990433
GARCH,BTC-USD,2026-06-18 11:30:00,0.0016186300977775142,0.00233514932572007
GARCH,BTC-USD,2026-06-18 11:45:00,0.0014952465396703132,0.0023356334507011784
GARCH,BTC-USD,2026-06-18 12:00:00,0.001463591495229133,0.00234175618670394
GARCH,BTC-USD,2026-06-18 12:15:00,0.0018515515167175831,0.0023422208861231045
GARCH,BTC-USD,2026-06-18 12:30:00,0.0016523578801731689,0.002345109780740195
GARCH,BTC-USD,2026-06-18 12:45:00,0.0018092182819959852,0.002345272492280279
GARCH,BTC-USD,2026-06-18 13:00:00,0.0016429206384334567,0.0023380235667915758
GARCH,BTC-USD,2026-06-18 13:15:00,0.0016157519302958984,0.002377682011520845
GARCH,BTC-USD,2026-06-18 13:30:00,0.003411760717785856,0.002378648596607384
GARCH,BTC-USD,2026-06-18 13:45:00,0.0027579993934118223,0.0023855880526916225
GARCH,BTC-USD,2026-06-18 14:00:00,0.003068501788814944,0.0023857380167808476
GARCH,BTC-USD,2026-06-18 14:15:00,0.0027212369174032126,0.002386225866935062
GARCH,BTC-USD,2026-06-18 14:30:00,0.0026346249081595063,0.002386213902895555
GARCH,BTC-USD,2026-06-18 14:45:00,0.0024747385651743875,0.0023961886881809155
GARCH,BTC-USD,2026-06-18 15:00:00,0.0028347641207939565,0.0024147098904876547
GARCH,BTC-USD,2026-06-18 15:15:00,0.003352280131732589,0.002449477244330827
GARCH,BTC-USD,2026-06-18 15:30:00,0.004236445055823204,0.0024776041466853665
GARCH,BTC-USD,2026-06-18 15:45:00,0.004568330692328052,0.002493618934650522
GARCH,BTC-USD,2026-06-18 16:00:00,0.004406820818092186,0.0024918703287197907
GARCH,BTC-USD,2026-06-18 16:15:00,0.004080169522164464,0.0024951874889702175
GARCH,BTC-USD,2026-06-18 16:30:00,0.003893674055656124,0.002495246597762728
GARCH,BTC-USD,2026-06-18 16:45:00,0.003618049354654744,0.0024874841291610723
GARCH,BTC-USD,2026-06-18 17:00:00,0.0035927743751193843,0.002476099108550253
GARCH,BTC-USD,2026-06-18 17:15:00,0.003309592004853378,0.002475596588611199
GARCH,BTC-USD,2026-06-18 17:30:00,0.003157424559532832,0.0024728997873871054
GARCH,BTC-USD,2026-06-18 17:45:00,0.002952325463185188,0.0024749896406205756
GARCH,BTC-USD,2026-06-18 18:00:00,0.0028676153992991597,0.0024735905285992606
GARCH,BTC-USD,2026-06-18 18:15:00,0.0028103813829064407,0.002469813851101861
GARCH,BTC-USD,2026-06-18 18:30:00,0.002652859647346703,0.0024698827780194714
GARCH,BTC-USD,2026-06-18 18:45:00,0.0025120773996027816,0.002469878376301635
GARCH,BTC-USD,2026-06-18 19:00:00,0.00235680966215077,0.0024678377526396434
GARCH,BTC-USD,2026-06-18 19:15:00,0.0023151755151810593,0.00247471024464805
GARCH,BTC-USD,2026-06-18 19:30:00,0.0024811970646330906,0.002474574216328013
GARCH,BTC-USD,2026-06-18 19:45:00,0.0022376495089052855,0.002480926347550232
GARCH,BTC-USD,2026-06-18 20:00:00,0.0026896317392559772,0.002480599165797193
GARCH,BTC-USD,2026-06-18 20:15:00,0.0023732228250656295,0.002480774322813771
GARCH,BTC-USD,2026-06-18 20:30:00,0.0022919089609628285,0.0024810352360654766
GARCH,BTC-USD,2026-06-18 20:45:00,0.002161857475093357,0.002482200832958331
GARCH,BTC-USD,2026-06-18 21:00:00,0.0023191965269611235,0.0024783104744579647
GARCH,BTC-USD,2026-06-18 21:15:00,0.002102370125065638,0.002477194804697581
GARCH,BTC-USD,2026-06-18 21:30:00,0.0020308631930074966,0.002477406286530299
GARCH,BTC-USD,2026-06-18 21:45:00,0.0019289458320703742,0.002476170870955846
GARCH,BTC-USD,2026-06-18 22:00:00,0.0018406682235432583,0.00247693224907424
GARCH,BTC-USD,2026-06-18 22:15:00,0.001806907001887661,0.0024769636866299118
GARCH,BTC-USD,2026-06-18 22:30:00,0.0017000624176978976,0.0024776628868610584
GARCH,BTC-USD,2026-06-18 22:45:00,0.001681235558309149,0.00247797724455895
GARCH,BTC-USD,2026-06-18 23:00:00,0.0017772110575633687,0.002480573750874719
GARCH,BTC-USD,2026-06-18 23:15:00,0.001812981809824527,0.00247940737563744
GARCH,BTC-USD,2026-06-18 23:30:00,0.0016845886844430826,0.002464413684288855
GARCH,BTC-USD,2026-06-18 23:45:00,0.0016293755665298766,0.0024630553494085754
GARCH,BTC-USD,2026-06-19 00:00:00,0.001636969800402379,0.0024620901417084415
GARCH,BTC-USD,2026-06-19 00:15:00,0.0016322973088752507,0.002463514525498865
GARCH,BTC-USD,2026-06-19 00:30:00,0.0016892036797189847,0.002458005886299605
GARCH,BTC-USD,2026-06-19 00:45:00,0.0015774005144265438,0.0024577444716659047
GARCH,BTC-USD,2026-06-19 01:00:00,0.0015433582217850397,0.0024543030634172013
GARCH,BTC-USD,2026-06-19 01:15:00,0.0014812034435914062,0.002453979372806462
GARCH,BTC-USD,2026-06-19 01:30:00,0.0014156171741904985,0.002455446705321619
GARCH,BTC-USD,2026-06-19 01:45:00,0.0015363515486734186,0.0024553863268193432
GARCH,BTC-USD,2026-06-19 02:00:00,0.001404935373429943,0.002455865215119964
GARCH,BTC-USD,2026-06-19 02:15:00,0.0014316559177304927,0.002455350780221044
GARCH,BTC-USD,2026-06-19 02:30:00,0.0013436411725008454,0.002454880090441768
GARCH,BTC-USD,2026-06-19 02:45:00,0.0013576344080469607,0.002466808664604645
GARCH,BTC-USD,2026-06-19 03:00:00,0.0021762022778441855,0.0024688247941100335
GARCH,BTC-USD,2026-06-19 03:15:00,0.0018979193623047182,0.002470602216911542
GARCH,BTC-USD,2026-06-19 03:30:00,0.0020449684999221274,0.002471458645350148
GARCH,BTC-USD,2026-06-19 03:45:00,0.0019050209882418346,0.002467030636178325
GARCH,BTC-USD,2026-06-19 04:00:00,0.0019323111779342588,0.002464311975636354
GARCH,BTC-USD,2026-06-19 04:15:00,0.0020280407492030204,0.0024629668684173897
GARCH,BTC-USD,2026-06-19 04:30:00,0.0019947531465935374,0.0024666309906202335
GARCH,BTC-USD,2026-06-19 04:45:00,0.002152468746168911,0.0024779497465426993
GARCH,BTC-USD,2026-06-19 05:00:00,0.002422856605464922,0.002439852378827239
GARCH,BTC-USD,2026-06-19 05:15:00,0.002180360346189115,0.0024370118663768607
GARCH,BTC-USD,2026-06-19 05:30:00,0.002103818478718528,0.0024388005379454543
GARCH,BTC-USD,2026-06-19 05:45:00,0.0020437488719549524,0.0024330741243697744
GARCH,BTC-USD,2026-06-19 06:00:00,0.002054126923664165,0.002432841296681952
GARCH,BTC-USD,2026-06-19 06:15:00,0.0018965075688776292,0.0024325636947169957
GARCH,BTC-USD,2026-06-19 06:30:00,0.0018091568581313734,0.002433553721997374
GARCH,BTC-USD,2026-06-19 06:45:00,0.00176349794839224,0.00243421630087088
GARCH,BTC-USD,2026-06-19 07:00:00,0.0018143306270272754,0.002434160677008602
GARCH,BTC-USD,2026-06-19 07:15:00,0.001686543996352377,0.0024453208423345367
GARCH,BTC-USD,2026-06-19 07:30:00,0.0023054599449768426,0.002448968572558891
GARCH,BTC-USD,2026-06-19 07:45:00,0.002114796713150898,0.002449218600728179
GARCH,BTC-USD,2026-06-19 08:00:00,0.0020298084916264853,0.002449141340372793
GARCH,BTC-USD,2026-06-19 08:15:00,0.0019043876156192067,0.002449116505717576
GARCH,BTC-USD,2026-06-19 08:30:00,0.0018040298819516282,0.002439258258604562
GARCH,BTC-USD,2026-06-19 08:45:00,0.001756280580519509,0.002438084260409898
GARCH,BTC-USD,2026-06-19 09:00:00,0.0019904501342631643,0.00243033941634818
GARCH,BTC-USD,2026-06-19 09:15:00,0.0018160547140846702,0.0024302974184574806
GARCH,BTC-USD,2026-06-19 09:30:00,0.0017633193982736196,0.002430374594875256
GARCH,BTC-USD,2026-06-19 09:45:00,0.0016763251397011263,0.0024321379434232623
GARCH,BTC-USD,2026-06-19 10:00:00,0.0019442486329802825,0.0024320486678624503
GARCH,BTC-USD,2026-06-19 10:15:00,0.0017530169023173888,0.0024325264687199716
GARCH,BTC-USD,2026-06-19 10:30:00,0.0017666952443885252,0.0024347903191966197
GARCH,BTC-USD,2026-06-19 10:45:00,0.0017854885231382953,0.0024332652605638973
GARCH,BTC-USD,2026-06-19 11:00:00,0.0016690502449100797,0.0024383503479864727
GARCH,BTC-USD,2026-06-19 11:15:00,0.0018676877360029635,0.0024355590253286527
GARCH,BTC-USD,2026-06-19 11:30:00,0.0016858520371611794,0.0024355085059095992
GARCH,BTC-USD,2026-06-19 11:45:00,0.0016408621537836296,0.002434614522406016
GARCH,BTC-USD,2026-06-19 12:00:00,0.0015455298295725672,0.0024297126073643104
GARCH,BTC-USD,2026-06-19 12:15:00,0.0015452292259397948,0.00242993892864871
GARCH,BTC-USD,2026-06-19 12:30:00,0.001481998792820823,0.0024518224912536044
GARCH,BTC-USD,2026-06-19 12:45:00,0.0025358696302017307,0.0024508539499680532
GARCH,BTC-USD,2026-06-19 13:00:00,0.0020770277219591252,0.002450375433819677
GARCH,BTC-USD,2026-06-19 13:15:00,0.0020676195806831185,0.0024701094405637997
GARCH,BTC-USD,2026-06-19 13:30:00,0.0027795872740945925,0.0024726109151661686
GARCH,BTC-USD,2026-06-19 13:45:00,0.0024895771850051863,0.002475103446042502
GARCH,BTC-USD,2026-06-19 14:00:00,0.002500598797975967,0.0024816993953955843
GARCH,BTC-USD,2026-06-19 14:15:00,0.0025679366858757644,0.0024823367592252095
GARCH,BTC-USD,2026-06-19 14:30:00,0.0023626855448811465,0.0024839475568716437
GARCH,BTC-USD,2026-06-19 14:45:00,0.0023352180251272987,0.0024828442711069838
GARCH,BTC-USD,2026-06-19 15:00:00,0.0021671831944967894,0.002485163344758292
GARCH,BTC-USD,2026-06-19 15:15:00,0.002196510470407911,0.002490700305757208
GARCH,BTC-USD,2026-06-19 15:30:00,0.002351432468895478,0.0024888244077410503
GARCH,BTC-USD,2026-06-19 15:45:00,0.0021304428928698425,0.002493837435456262
GARCH,BTC-USD,2026-06-19 16:00:00,0.002344680494696312,0.002487300562260695
GARCH,BTC-USD,2026-06-19 16:15:00,0.002135370546302947,0.0024820594947967643
GARCH,BTC-USD,2026-06-19 16:30:00,0.002098948242279033,0.002489383367244336
GARCH,BTC-USD,2026-06-19 16:45:00,0.0026457275743643743,0.0024895387614843056
GARCH,BTC-USD,2026-06-19 17:00:00,0.0022785343586873715,0.0024824086580247503
GARCH,BTC-USD,2026-06-19 17:15:00,0.002271316913287195,0.00247995724094823
GARCH,BTC-USD,2026-06-19 17:30:00,0.0023800224688361902,0.0024822078672174417
GARCH,BTC-USD,2026-06-19 17:45:00,0.00228026692272118,0.00248122573389088
GARCH,BTC-USD,2026-06-19 18:00:00,0.0021433552493442445,0.0024814188651727026
GARCH,BTC-USD,2026-06-19 18:15:00,0.0020465142795860667,0.002481645571865183
GARCH,BTC-USD,2026-06-19 18:30:00,0.0019565198484030825,0.002481786785496554
GARCH,BTC-USD,2026-06-19 18:45:00,0.001864282574386906,0.0024820762937484077
GARCH,BTC-USD,2026-06-19 19:00:00,0.0017881629709348688,0.002481802479931508
GARCH,BTC-USD,2026-06-19 19:15:00,0.001732108687346628,0.0024816398658898146
GARCH,BTC-USD,2026-06-19 19:30:00,0.0016302716058035685,0.002481788568163633
GARCH,BTC-USD,2026-06-19 19:45:00,0.0015584675946535185,0.0024816547110010877
GARCH,BTC-USD,2026-06-19 20:00:00,0.0015091916860179436,0.002481297667614967
GARCH,BTC-USD,2026-06-19 20:15:00,0.001431085877640143,0.0024806972690232503
GARCH,BTC-USD,2026-06-19 20:30:00,0.001376576330065924,0.0024852903352605865
GARCH,BTC-USD,2026-06-19 20:45:00,0.001666620707063677,0.0024852590921840994
GARCH,BTC-USD,2026-06-19 21:00:00,0.0014807046162435373,0.0024806911501264314
GARCH,BTC-USD,2026-06-19 21:15:00,0.0016075298596127257,0.0024814340238526454
GARCH,BTC-USD,2026-06-19 21:30:00,0.0015402217948483285,0.0024814203285992245
GARCH,BTC-USD,2026-06-19 21:45:00,0.0014678155414108863,0.0024804417241435684
GARCH,BTC-USD,2026-06-19 22:00:00,0.001409059979296722,0.0024835639679370307
GARCH,BTC-USD,2026-06-19 22:15:00,0.0017305859860239055,0.0024842551390953094
GARCH,BTC-USD,2026-06-19 22:30:00,0.0015621621914375019,0.002484245521660585
GARCH,BTC-USD,2026-06-19 22:45:00,0.0015146424277172996,0.0024772824295232363
GARCH,BTC-USD,2026-06-19 23:00:00,0.0014405636966432517,0.0024775073181600516
GARCH,BTC-USD,2026-06-19 23:15:00,0.0013890479178410853,0.002448428797671472
GARCH,BTC-USD,2026-06-19 23:30:00,0.0013279097605748027,0.002457264583848102
GARCH,BTC-USD,2026-06-19 23:45:00,0.0018554121696280942,0.0024566948856233127
GARCH,BTC-USD,2026-06-20 00:00:00,0.0015829331493475893,0.002457635673166402
GARCH,BTC-USD,2026-06-20 00:15:00,0.0016983777473807157,0.0024560320709091496
GARCH,BTC-USD,2026-06-20 00:30:00,0.0015496573711106137,0.0024570751520749438
GARCH,BTC-USD,2026-06-20 00:45:00,0.001592577618728097,0.0024577447316239806
GARCH,BTC-USD,2026-06-20 01:00:00,0.001541855101621358,0.002457675121187424
GARCH,BTC-USD,2026-06-20 01:15:00,0.0015001982232161807,0.0024584055548806136
GARCH,BTC-USD,2026-06-20 01:30:00,0.0014669849678683624,0.002455799055958885
GARCH,BTC-USD,2026-06-20 01:45:00,0.0013981091282351317,0.0024498500203105475
GARCH,BTC-USD,2026-06-20 02:00:00,0.001525277418882227,0.002448408843020168
GARCH,BTC-USD,2026-06-20 02:15:00,0.0014976439059547003,0.002446324051306139
GARCH,BTC-USD,2026-06-20 02:30:00,0.0014145566470268112,0.002446984758394697
GARCH,BTC-USD,2026-06-20 02:45:00,0.0014258752588858956,0.0024465784907866887
GARCH,BTC-USD,2026-06-20 03:00:00,0.0013405637642459293,0.0024443728512952155
GARCH,BTC-USD,2026-06-20 03:15:00,0.0014521097536432212,0.0024348108858051306
GARCH,BTC-USD,2026-06-20 03:30:00,0.0013577607642482137,0.0024313125023490297
GARCH,BTC-USD,2026-06-20 03:45:00,0.0013116768514993423,0.0024322602540055973
GARCH,BTC-USD,2026-06-20 04:00:00,0.0013742635862799934,0.0024329930279787543
GARCH,BTC-USD,2026-06-20 04:15:00,0.001657761111250877,0.0024046143196930015
GARCH,BTC-USD,2026-06-20 04:30:00,0.0014988844615781522,0.0024046795097587355
GARCH,BTC-USD,2026-06-20 04:45:00,0.0014630526969844925,0.002415431010662888
GARCH,BTC-USD,2026-06-20 05:00:00,0.002075308890565244,0.002420009085127954
GARCH,BTC-USD,2026-06-20 05:15:00,0.0021011961148262957,0.002416383059835472
GARCH,BTC-USD,2026-06-20 05:30:00,0.0019333694759685505,0.002416734489178353
GARCH,BTC-USD,2026-06-20 05:45:00,0.0018584599038130552,0.00241240507102066
GARCH,BTC-USD,2026-06-20 06:00:00,0.0017494278602346541,0.002410624244030384
GARCH,BTC-USD,2026-06-20 06:15:00,0.0016730413377151062,0.0024062935949108093
GARCH,BTC-USD,2026-06-20 06:30:00,0.0016313105977440875,0.002392546824449839
GARCH,BTC-USD,2026-06-20 06:45:00,0.0015372332479368033,0.002391128178265789
GARCH,BTC-USD,2026-06-20 07:00:00,0.0015528810543345905,0.0023583545596385057
GARCH,BTC-USD,2026-06-20 07:15:00,0.0016657069482687416,0.0023393201982480844
GARCH,BTC-USD,2026-06-20 07:30:00,0.0015425185840021547,0.0023396143410920715
GARCH,BTC-USD,2026-06-20 07:45:00,0.0016311875275616516,0.00234101207509128
GARCH,BTC-USD,2026-06-20 08:00:00,0.0016157152963856836,0.0023388905633685408
GARCH,BTC-USD,2026-06-20 08:15:00,0.0015913061205140011,0.0023373291238510856
GARCH,BTC-USD,2026-06-20 08:30:00,0.0015107363061928833,0.0023273463980104415
GARCH,BTC-USD,2026-06-20 08:45:00,0.0014585958587641202,0.0022101908100642586
GARCH,BTC-USD,2026-06-20 09:00:00,0.0015223135577763604,0.002208912597529613
GARCH,BTC-USD,2026-06-20 09:15:00,0.001457410509548383,0.002124387069934789
GARCH,BTC-USD,2026-06-20 09:30:00,0.0016233027153141999,0.0020653713784383842
GARCH,BTC-USD,2026-06-20 09:45:00,0.0014833680381079837,0.0020609194307364374
GARCH,BTC-USD,2026-06-20 10:00:00,0.001463130747550157,0.001872211000594387
GARCH,BTC-USD,2026-06-20 10:15:00,0.00138588928509801,0.0018507462598149334
GARCH,BTC-USD,2026-06-20 10:30:00,0.0014116559505319049,0.0018470466229627259
GARCH,BTC-USD,2026-06-20 10:45:00,0.0014136409125568412,0.0018438844353535308
GARCH,BTC-USD,2026-06-20 11:00:00,0.0013315318100188642,0.0018375174707680334
GARCH,BTC-USD,2026-06-20 11:15:00,0.0012946939482630585,0.0018337836955192404
GARCH,BTC-USD,2026-06-20 11:30:00,0.0012570247530965997,0.0018237823297371824
GARCH,BTC-USD,2026-06-20 11:45:00,0.0012403962610179646,0.0018224224671983724
GARCH,BTC-USD,2026-06-20 12:00:00,0.0012788429386001222,0.0018216310199340837
GARCH,BTC-USD,2026-06-20 12:15:00,0.001207228073800594,0.0018243714200681812
GARCH,BTC-USD,2026-06-20 12:30:00,0.0013861226994133253,0.0018242277701025597
GARCH,BTC-USD,2026-06-20 12:45:00,0.001274165199335051,0.0018192177535334725
GARCH,BTC-USD,2026-06-20 13:00:00,0.0013276093170393832,0.0018157653408820014
GARCH,BTC-USD,2026-06-20 13:15:00,0.0020090020530623256,0.0018165254248111715
GARCH,BTC-USD,2026-06-20 13:30:00,0.0018023262353117865,0.0018167696823144155
GARCH,BTC-USD,2026-06-20 13:45:00,0.0017690445760827874,0.0018253416389958591
GARCH,BTC-USD,2026-06-20 14:00:00,0.002054418252189898,0.001822490420231871
GARCH,BTC-USD,2026-06-20 14:15:00,0.00206619122888269,0.0018272308430271043
GARCH,BTC-USD,2026-06-20 14:30:00,0.0021070459916207734,0.0018766072291267158
GARCH,BTC-USD,2026-06-20 14:45:00,0.003456834786904971,0.0018733451705062556
GARCH,BTC-USD,2026-06-20 15:00:00,0.002833009367462688,0.00188297929539938
GARCH,BTC-USD,2026-06-20 15:15:00,0.003091755375006022,0.0018842977830247016
GARCH,BTC-USD,2026-06-20 15:30:00,0.002788052807802174,0.001880245990711141
GARCH,BTC-USD,2026-06-20 15:45:00,0.0026641115933004455,0.0018663709209093338
GARCH,BTC-USD,2026-06-20 16:00:00,0.002664203210534601,0.0018651643451442048
GARCH,BTC-USD,2026-06-20 16:15:00,0.0024458796525913535,0.0018646757808160445
GARCH,BTC-USD,2026-06-20 16:30:00,0.0023177238535026373,0.0018637425312598111
GARCH,BTC-USD,2026-06-20 16:45:00,0.0021839335382192585,0.001865315542996908
GARCH,BTC-USD,2026-06-20 17:00:00,0.0021263792685981687,0.0018611695607610142
GARCH,BTC-USD,2026-06-20 17:15:00,0.0020002494527372266,0.0018649138150044087
GARCH,BTC-USD,2026-06-20 17:30:00,0.0020899352156466752,0.0018640073108877977
GARCH,BTC-USD,2026-06-20 17:45:00,0.0019249082856109354,0.0018575485097375103
GARCH,BTC-USD,2026-06-20 18:00:00,0.001834763717447914,0.0018463800647466925
GARCH,BTC-USD,2026-06-20 18:15:00,0.0017497169294562146,0.001846942508662547
GARCH,BTC-USD,2026-06-20 18:30:00,0.001684564540552542,0.0018467018112469549
GARCH,BTC-USD,2026-06-20 18:45:00,0.0015926935846011735,0.0018186238102901077
GARCH,BTC-USD,2026-06-20 19:00:00,0.0016428963949805448,0.0018188633199973975
GARCH,BTC-USD,2026-06-20 19:15:00,0.0015308583732193595,0.0018192439643999775
GARCH,BTC-USD,2026-06-20 19:30:00,0.0015444243130253524,0.0018192496121267178
GARCH,BTC-USD,2026-06-20 19:45:00,0.0014430642002591838,0.0018189298459197936
GARCH,BTC-USD,2026-06-20 20:00:00,0.0013930790712274371,0.0018194081963384995
GARCH,BTC-USD,2026-06-20 20:15:00,0.0013620006145768193,0.0018197141292270254
GARCH,BTC-USD,2026-06-20 20:30:00,0.0013174298636919187,0.0018194462680018544
GARCH,BTC-USD,2026-06-20 20:45:00,0.0013136220544387673,0.0018199002960048768
GARCH,BTC-USD,2026-06-20 21:00:00,0.001294075277403365,0.001820414330557081
GARCH,BTC-USD,2026-06-20 21:15:00,0.0012805265742185743,0.0018198509963196542
GARCH,BTC-USD,2026-06-20 21:30:00,0.0013653224904507822,0.0018198789066005353
GARCH,BTC-USD,2026-06-20 21:45:00,0.0012684431147122934,0.0018239507945787372
GARCH,BTC-USD,2026-06-20 22:00:00,0.0014793997301456403,0.0018197488067272325
GARCH,BTC-USD,2026-06-20 22:15:00,0.0017203293545243737,0.0018147312962202642
GARCH,BTC-USD,2026-06-20 22:30:00,0.0015439181500852075,0.0018134128616705094
GARCH,BTC-USD,2026-06-20 22:45:00,0.001500966175832691,0.0018129289911192397
GARCH,BTC-USD,2026-06-20 23:00:00,0.001422812575474369,0.001812513785538489
GARCH,BTC-USD,2026-06-20 23:15:00,0.0013673031435468446,0.0018121420543459504
GARCH,BTC-USD,2026-06-20 23:30:00,0.0013587552722955614,0.0018083872022091698
GARCH,BTC-USD,2026-06-20 23:45:00,0.001288170807399012,0.001809180953426961
GARCH,BTC-USD,2026-06-21 00:00:00,0.001293468421567656,0.0018043392270575547
GARCH,BTC-USD,2026-06-21 00:15:00,0.001225653484029223,0.0018040583932626545
GARCH,BTC-USD,2026-06-21 00:30:00,0.0011923704511620926,0.0018020818573186437
GARCH,BTC-USD,2026-06-21 00:45:00,0.001149370674967276,0.0017929975888891117
GARCH,BTC-USD,2026-06-21 01:00:00,0.0011427449777686918,0.001792292666893728
GARCH,BTC-USD,2026-06-21 01:15:00,0.001104135602118409,0.0017919931861030477
GARCH,BTC-USD,2026-06-21 01:30:00,0.001081485677170687,0.0017906656863862604
GARCH,BTC-USD,2026-06-21 01:45:00,0.0010510785976642432,0.0017900984987741962
GARCH,BTC-USD,2026-06-21 02:00:00,0.0010306093255323665,0.001790118094731248
GARCH,BTC-USD,2026-06-21 02:15:00,0.0010432272331969905,0.0017872820292371997
GARCH,BTC-USD,2026-06-21 02:30:00,0.0010095646961386568,0.0017872651502215174
GARCH,BTC-USD,2026-06-21 02:45:00,0.0009928882594239068,0.0017879848917551288
GARCH,BTC-USD,2026-06-21 03:00:00,0.0010638935547844874,0.0017791780660206798
GARCH,BTC-USD,2026-06-21 03:15:00,0.0010689512152348005,0.001780571576278744
GARCH,BTC-USD,2026-06-21 03:30:00,0.0011904783531266519,0.0017764895122535152
GARCH,BTC-USD,2026-06-21 03:45:00,0.0011147219827656089,0.0017764025278953891
GARCH,BTC-USD,2026-06-21 04:00:00,0.0010964966020428656,0.0017794206388728813
GARCH,BTC-USD,2026-06-21 04:15:00,0.0013119346633447104,0.0017185177624339364
GARCH,BTC-USD,2026-06-21 04:30:00,0.0012075547323510357,0.001728000747124622
GARCH,BTC-USD,2026-06-21 04:45:00,0.001795050761533853,0.001716140395664978
GARCH,BTC-USD,2026-06-21 05:00:00,0.0015409166834314118,0.0017169854523451135
GARCH,BTC-USD,2026-06-21 05:15:00,0.001570469400280107,0.0017159802542863686
GARCH,BTC-USD,2026-06-21 05:30:00,0.001461530341955512,0.0017153983747144326
GARCH,BTC-USD,2026-06-21 05:45:00,0.0014269234354532692,0.0016983365092051762
GARCH,BTC-USD,2026-06-21 06:00:00,0.001383392277968373,0.0016657845686863508
GARCH,BTC-USD,2026-06-21 06:15:00,0.0013823593381736012,0.0016010334015735702
GARCH,BTC-USD,2026-06-21 06:30:00,0.0013158997237314044,0.0015461183965364172
GARCH,BTC-USD,2026-06-21 06:45:00,0.0012670154411508077,0.001524176026000709
GARCH,BTC-USD,2026-06-21 07:00:00,0.0012460511124088366,0.0015262094166889086
GARCH,BTC-USD,2026-06-21 07:15:00,0.001324192390142095,0.0015229501654865744
GARCH,BTC-USD,2026-06-21 07:30:00,0.0012685431037865772,0.0015227610167589207
GARCH,BTC-USD,2026-06-21 07:45:00,0.0012316453512520623,0.0015139626623056235
GARCH,BTC-USD,2026-06-21 08:00:00,0.0012958246016179867,0.0015147261500475888
GARCH,BTC-USD,2026-06-21 08:15:00,0.0012873152699333815,0.001514519713951569
GARCH,BTC-USD,2026-06-21 08:30:00,0.0012988608602455996,0.0015137847510136048
GARCH,BTC-USD,2026-06-21 08:45:00,0.001239722149529851,0.0015106699735246154
GARCH,BTC-USD,2026-06-21 09:00:00,0.0012316351193868748,0.001506452289657981
GARCH,BTC-USD,2026-06-21 09:15:00,0.0012739316996859661,0.0015053766473184433
GARCH,BTC-USD,2026-06-21 09:30:00,0.001302694789369286,0.0015057919359151542
GARCH,BTC-USD,2026-06-21 09:45:00,0.0013344081979701436,0.001507012054371181
GARCH,BTC-USD,2026-06-21 10:00:00,0.0013483317883853168,0.0015041257228875819
GARCH,BTC-USD,2026-06-21 10:15:00,0.0012822087640024771,0.001493589693769713
GARCH,BTC-USD,2026-06-21 10:30:00,0.001269660912665913,0.0014932942373495409
GARCH,BTC-USD,2026-06-21 10:45:00,0.0012182956457526752,0.0014750020775429842
GARCH,BTC-USD,2026-06-21 11:00:00,0.0012399018943486178,0.0014738992225568554
GARCH,BTC-USD,2026-06-21 11:15:00,0.0011954074261244087,0.0014774929305939463
GARCH,BTC-USD,2026-06-21 11:30:00,0.0013314937754874895,0.0014813128354085063
GARCH,BTC-USD,2026-06-21 11:45:00,0.0014471222379797378,0.001473735251526806
GARCH,BTC-USD,2026-06-21 12:00:00,0.0014401813344233102,0.0014750616184011681
GARCH,BTC-USD,2026-06-21 12:15:00,0.0014325696680546124,0.0014746396583158053
GARCH,BTC-USD,2026-06-21 12:30:00,0.0013690648784232889,0.0014793425333090684
GARCH,BTC-USD,2026-06-21 12:45:00,0.0015704392693030632,0.0014803669720564953
GARCH,BTC-USD,2026-06-21 13:00:00,0.001480675180516094,0.0014787519561397817
GARCH,BTC-USD,2026-06-21 13:15:00,0.001448721985373856,0.0014829639172972203
GARCH,BTC-USD,2026-06-21 13:30:00,0.0015565470047748072,0.0014842790368971134
GARCH,BTC-USD,2026-06-21 13:45:00,0.0015577581964944564,0.0014808446308141395
GARCH,BTC-USD,2026-06-21 14:00:00,0.0015430969846925962,0.001476506845271884
GARCH,BTC-USD,2026-06-21 14:15:00,0.001463980816617133,0.0014763646149864918
GARCH,BTC-USD,2026-06-21 14:30:00,0.0014035841421991355,0.0014780774234294993
GARCH,BTC-USD,2026-06-21 14:45:00,0.0014483024697143105,0.0014763192268783087
GARCH,BTC-USD,2026-06-21 15:00:00,0.001407993873134247,0.0014747962504940346
GARCH,BTC-USD,2026-06-21 15:15:00,0.0013880998482655549,0.001471412773133068
GARCH,BTC-USD,2026-06-21 15:30:00,0.001334388923543075,0.0014723337229860204
GARCH,BTC-USD,2026-06-21 15:45:00,0.0013431573452598851,0.0014741784792068268
GARCH,BTC-USD,2026-06-21 16:00:00,0.0013914761530880474,0.0014740834979134062
GARCH,BTC-USD,2026-06-21 16:15:00,0.0013336445684421728,0.0014761550579770624
GARCH,BTC-USD,2026-06-21 16:30:00,0.0013771192306516414,0.0014727578441365028
GARCH,BTC-USD,2026-06-21 16:45:00,0.001311643732695699,0.0014737324465718532
GARCH,BTC-USD,2026-06-21 17:00:00,0.001320424432038673,0.0014762353836612983
GARCH,BTC-USD,2026-06-21 17:15:00,0.0014322610709994348,0.0014763209004592266
GARCH,BTC-USD,2026-06-21 17:30:00,0.0013294466759969953,0.0014753108343632795
GARCH,BTC-USD,2026-06-21 17:45:00,0.0012951306698277883,0.0014575267360936969
GARCH,BTC-USD,2026-06-21 18:00:00,0.0015509245780202456,0.0014550226554418772
GARCH,BTC-USD,2026-06-21 18:15:00,0.0013998098015127341,0.0014548336262615127
GARCH,BTC-USD,2026-06-21 18:30:00,0.0016482675265545113,0.0014536586397050025
GARCH,BTC-USD,2026-06-21 18:45:00,0.0014918203132714511,0.001450391687039217
GARCH,BTC-USD,2026-06-21 19:00:00,0.001448617680846322,0.0014423351897772314
GARCH,BTC-USD,2026-06-21 19:15:00,0.00137577649589023,0.0014376914820632303
GARCH,BTC-USD,2026-06-21 19:30:00,0.0013254458690945773,0.0014278667156511894
GARCH,BTC-USD,2026-06-21 19:45:00,0.0012705258193107687,0.001411863823095192
GARCH,BTC-USD,2026-06-21 20:00:00,0.0012419408822794604,0.0014115246970800518
GARCH,BTC-USD,2026-06-21 20:15:00,0.0012310234986400764,0.0014188391174871692
GARCH,BTC-USD,2026-06-21 20:30:00,0.0015125810911900397,0.0014235376111591592
GARCH,BTC-USD,2026-06-21 20:45:00,0.001623350713770099,0.0014358335699672588
GARCH,BTC-USD,2026-06-21 21:00:00,0.0020693493080312046,0.0014370179414764977
GARCH,BTC-USD,2026-06-21 21:15:00,0.001828595217096142,0.0014500910015636896
GARCH,BTC-USD,2026-06-21 21:30:00,0.0021987076501400003,0.0014513674915098355
GARCH,BTC-USD,2026-06-21 21:45:00,0.0019981716781667883,0.001457015625720495
GARCH,BTC-USD,2026-06-21 22:00:00,0.002221779097433017,0.0014586651179518178
GARCH,BTC-USD,2026-06-21 22:15:00,0.0020528140849237044,0.0014374725464325125
GARCH,BTC-USD,2026-06-21 22:30:00,0.001969556571255001,0.0014378070553915411
GARCH,BTC-USD,2026-06-21 22:45:00,0.0020366475783556385,0.001440243605354053
GARCH,BTC-USD,2026-06-21 23:00:00,0.0019483953927239006,0.0014422254990752613
GARCH,BTC-USD,2026-06-21 23:15:00,0.0018951717685454744,0.0014781595760783724
GARCH,BTC-USD,2026-06-21 23:30:00,0.0027765291443282163,0.0014768594704557157
GARCH,BTC-USD,2026-06-21 23:45:00,0.0023156333782546976,0.0014803207502685147
GARCH,BTC-USD,2026-06-22 00:00:00,0.0026311988847774167,0.0014940005623797093
GARCH,BTC-USD,2026-06-22 00:15:00,0.0027286342213012587,0.001505118386310765
GARCH,BTC-USD,2026-06-22 00:30:00,0.002794902688592832,0.001504826286875468
GARCH,BTC-USD,2026-06-22 00:45:00,0.002546896187069247,0.0014960454246227915
GARCH,BTC-USD,2026-06-22 01:00:00,0.0024207953037337377,0.0016841423262940966
GARCH,BTC-USD,2026-06-22 01:15:00,0.005670313716759738,0.0016883310391694658
GARCH,BTC-USD,2026-06-22 01:30:00,0.0044755913164353225,0.001687248139217345
GARCH,BTC-USD,2026-06-22 01:45:00,0.004516848325443711,0.0016875434125461196
GARCH,BTC-USD,2026-06-22 02:00:00,0.004113252012476047,0.0016821026423889857
GARCH,BTC-USD,2026-06-22 02:15:00,0.003882075524492801,0.0016829523778370667
GARCH,BTC-USD,2026-06-22 02:30:00,0.003629106558458718,0.0016984019059119425
GARCH,BTC-USD,2026-06-22 02:45:00,0.0037072847624231887,0.0017118302368488618
GARCH,BTC-USD,2026-06-22 03:00:00,0.003642865458027658,0.001724473065830863
GARCH,BTC-USD,2026-06-22 03:15:00,0.0036576334816559152,0.0017269760149962344
GARCH,BTC-USD,2026-06-22 03:30:00,0.00340244433936131,0.0017115941058362535
GARCH,BTC-USD,2026-06-22 03:45:00,0.003478281442149525,0.0017110007589886558
GARCH,BTC-USD,2026-06-22 04:00:00,0.0031563540777573566,0.0017110080804414284
GARCH,BTC-USD,2026-06-22 04:15:00,0.0029895537726927555,0.0016847844844218973
GARCH,BTC-USD,2026-06-22 04:30:00,0.0027905035982166383,0.001686103727375478
GARCH,BTC-USD,2026-06-22 04:45:00,0.0027666697570269965,0.0016915191997228518
GARCH,BTC-USD,2026-06-22 05:00:00,0.002838336705391367,0.0016838608131940333
GARCH,BTC-USD,2026-06-22 05:15:00,0.002594287166273213,0.0016834707617034252
GARCH,BTC-USD,2026-06-22 05:30:00,0.002466162088010254,0.0016802576680771063
GARCH,BTC-USD,2026-06-22 05:45:00,0.002311191940043958,0.0016801181054548178
GARCH,BTC-USD,2026-06-22 06:00:00,0.0021809747813842355,0.0016792185478328545
GARCH,BTC-USD,2026-06-22 06:15:00,0.0021669635489717344,0.0016725567984491963
GARCH,BTC-USD,2026-06-22 06:30:00,0.002109493398808124,0.0016724006759721332
GARCH,BTC-USD,2026-06-22 06:45:00,0.0019755056476020976,0.0016773043551980113
GARCH,BTC-USD,2026-06-22 07:00:00,0.0023531074818398602,0.0016765810850287318
GARCH,BTC-USD,2026-06-22 07:15:00,0.0020875174025241543,0.0016746429893114958
GARCH,BTC-USD,2026-06-22 07:30:00,0.002012274518187326,0.001652814864317464
GARCH,BTC-USD,2026-06-22 07:45:00,0.0019038617626543225,0.0016558829810665685
GARCH,BTC-USD,2026-06-22 08:00:00,0.0019338351517324747,0.0016590949280014383
GARCH,BTC-USD,2026-06-22 08:15:00,0.0019586809896331974,0.0016520413497630982
GARCH,BTC-USD,2026-06-22 08:30:00,0.0018726862722406217,0.001651882158972649
GARCH,BTC-USD,2026-06-22 08:45:00,0.001881202602081079,0.0016514822939217454
GARCH,BTC-USD,2026-06-22 09:00:00,0.0017469507909453885,0.0016521385148367176
GARCH,BTC-USD,2026-06-22 09:15:00,0.001725947819616166,0.0016511001922648063
GARCH,BTC-USD,2026-06-22 09:30:00,0.001615205021200908,0.0016506236318953515
GARCH,BTC-USD,2026-06-22 09:45:00,0.0015480981350507058,0.0016509289146422424
GARCH,BTC-USD,2026-06-22 10:00:00,0.0015349954313880747,0.0016502488030306186
GARCH,BTC-USD,2026-06-22 10:15:00,0.001463916342955787,0.001653178559852788
GARCH,BTC-USD,2026-06-22 10:30:00,0.0015303358343853003,0.001653981403947289
GARCH,BTC-USD,2026-06-22 10:45:00,0.0014639262426291346,0.0016616947876141783
GARCH,BTC-USD,2026-06-22 11:00:00,0.0017912667215260745,0.0016623791629939953
GARCH,BTC-USD,2026-06-22 11:15:00,0.0016156126553585298,0.0016799796764936554
GARCH,BTC-USD,2026-06-22 11:30:00,0.002282909214077403,0.001673721548713265
GARCH,BTC-USD,2026-06-22 11:45:00,0.0019433701750696578,0.001675900173610139
GARCH,BTC-USD,2026-06-22 12:00:00,0.002011535144931971,0.0016825093562716571
GARCH,BTC-USD,2026-06-22 12:15:00,0.002260191705160834,0.0016839794284965637
GARCH,BTC-USD,2026-06-22 12:30:00,0.0021583544956361644,0.0016855260505844536
GARCH,BTC-USD,2026-06-22 12:45:00,0.002107948556340101,0.0016855166575255739
GARCH,BTC-USD,2026-06-22 13:00:00,0.0019623673272539917,0.0016853261743165252
GARCH,BTC-USD,2026-06-22 13:15:00,0.0020947873688622613,0.0017305891634009972
GARCH,BTC-USD,2026-06-22 13:30:00,0.003275238071917127,0.0017373900581900332
GARCH,BTC-USD,2026-06-22 13:45:00,0.00290756608124722,0.0017588246877831535
GARCH,BTC-USD,2026-06-22 14:00:00,0.003273969855866789,0.0017903273498704635
GARCH,BTC-USD,2026-06-22 14:15:00,0.0036141238855130014,0.0017915304419654434
GARCH,BTC-USD,2026-06-22 14:30:00,0.0032297955047380605,0.0017817523920618176
GARCH,BTC-USD,2026-06-22 14:45:00,0.003104130109937682,0.0017845438271348766
GARCH,BTC-USD,2026-06-22 15:00:00,0.0029650276689894297,0.0017827490895241606
GARCH,BTC-USD,2026-06-22 15:15:00,0.0027701497591218565,0.0017827777148827074
GARCH,BTC-USD,2026-06-22 15:30:00,0.002605602984210967,0.0017947910739324405
GARCH,BTC-USD,2026-06-22 15:45:00,0.0028461659148747973,0.0017972394505291053
GARCH,BTC-USD,2026-06-22 16:00:00,0.0026528830312678065,0.0017971256012660408
GARCH,BTC-USD,2026-06-22 16:15:00,0.0025116896064405936,0.001799562504775671
GARCH,BTC-USD,2026-06-22 16:30:00,0.0024538484371410506,0.0018041110436927018
GARCH,BTC-USD,2026-06-22 16:45:00,0.002432277749393268,0.0018009808641039477
GARCH,BTC-USD,2026-06-22 17:00:00,0.002260513680170814,0.0018048571968927337
GARCH,BTC-USD,2026-06-22 17:15:00,0.002336503321413928,0.0018079426390680646
GARCH,BTC-USD,2026-06-22 17:30:00,0.0022380970772762324,0.0018146620608571688
GARCH,BTC-USD,2026-06-22 17:45:00,0.0023830015457139094,0.0018155925716510962
GARCH,BTC-USD,2026-06-22 18:00:00,0.0021916131793174023,0.0018146163077932206
GARCH,BTC-USD,2026-06-22 18:15:00,0.002130500333441564,0.0018163258688060535
GARCH,BTC-USD,2026-06-22 18:30:00,0.0020581033396048763,0.0018246996754100028
GARCH,BTC-USD,2026-06-22 18:45:00,0.0022389062768654973,0.001823700855167497
GARCH,BTC-USD,2026-06-22 19:00:00,0.0020559042253208305,0.0018181127704751515
GARCH,BTC-USD,2026-06-22 19:15:00,0.0019996108273865744,0.0018183807589096036
GARCH,BTC-USD,2026-06-22 19:30:00,0.0019000595376784531,0.0018208014238008394
GARCH,BTC-USD,2026-06-22 19:45:00,0.0019128396275665922,0.0018065443111997736
GARCH,BTC-USD,2026-06-22 20:00:00,0.001780967938761583,0.0018014159500194175
GARCH,BTC-USD,2026-06-22 20:15:00,0.0018623801316009485,0.0018030344953905912
GARCH,BTC-USD,2026-06-22 20:30:00,0.0017821606940287547,0.0018039146539037736
GARCH,BTC-USD,2026-06-22 20:45:00,0.001730012063669478,0.0018041609158293312
GARCH,BTC-USD,2026-06-22 21:00:00,0.001639791979283368,0.001806701862209837
GARCH,BTC-USD,2026-06-22 21:15:00,0.001687858707970035,0.0018097424887490718
GARCH,BTC-USD,2026-06-22 21:30:00,0.00174809337771847,0.0018145346600258313
GARCH,BTC-USD,2026-06-22 21:45:00,0.0018291998622835127,0.001812915908933764
GARCH,BTC-USD,2026-06-22 22:00:00,0.0016784559848160355,0.001828521206335792
GARCH,BTC-USD,2026-06-22 22:15:00,0.0023924421371996386,0.0018379787069837054
GARCH,BTC-USD,2026-06-22 22:30:00,0.0023870050336723568,0.0018390496782046154
GARCH,BTC-USD,2026-06-22 22:45:00,0.0023296319714541922,0.0018368945481697207
GARCH,BTC-USD,2026-06-22 23:00:00,0.002167522687185057,0.001837645699899122
GARCH,BTC-USD,2026-06-22 23:15:00,0.0021363225724086447,0.0018380406778146148
GARCH,BTC-USD,2026-06-22 23:30:00,0.0020063220841034716,0.0018380294882769524
GARCH,BTC-USD,2026-06-22 23:45:00,0.0019102470116160951,0.0018367348643478127
GARCH,BTC-USD,2026-06-23 00:00:00,0.0018468669026099286,0.001838837452306404
GARCH,BTC-USD,2026-06-23 00:15:00,0.001863147930805157,0.001850748837471322
GARCH,BTC-USD,2026-06-23 00:30:00,0.0023592551761891455,0.0018508853535208153
GARCH,BTC-USD,2026-06-23 00:45:00,0.0020499456367308656,0.0018517020158480117
GARCH,BTC-USD,2026-06-23 01:00:00,0.002055236352886963,0.0018516944405841222
GARCH,BTC-USD,2026-06-23 01:15:00,0.0019007704138293213,0.0018557774328993909
GARCH,BTC-USD,2026-06-23 01:30:00,0.002033537515988803,0.0018565518714485226
GARCH,BTC-USD,2026-06-23 01:45:00,0.001940541452948328,0.0018569099373807593
GARCH,BTC-USD,2026-06-23 02:00:00,0.001840308767720194,0.0018573995358566822
GARCH,BTC-USD,2026-06-23 02:15:00,0.0017699544673060762,0.0018573601784409514
GARCH,BTC-USD,2026-06-23 02:30:00,0.0016788378210777898,0.0018567895339657936
GARCH,BTC-USD,2026-06-23 02:45:00,0.0015931334117649557,0.001863924350644791
GARCH,BTC-USD,2026-06-23 03:00:00,0.0019112769185874983,0.001865013252466536
GARCH,BTC-USD,2026-06-23 03:15:00,0.0017359311400962916,0.0018638540711366075
GARCH,BTC-USD,2026-06-23 03:30:00,0.0017758392282073827,0.0018647415623657148
GARCH,BTC-USD,2026-06-23 03:45:00,0.001695283226129237,0.0018635119263521447
GARCH,BTC-USD,2026-06-23 04:00:00,0.0016099582694365003,0.0018494803451529884
GARCH,BTC-USD,2026-06-23 04:15:00,0.0015972874671883906,0.0018541793337734202
GARCH,BTC-USD,2026-06-23 04:30:00,0.0018564188302216606,0.0018636128636043052
GARCH,BTC-USD,2026-06-23 04:45:00,0.002098793187664663,0.0018546063687777435
GARCH,BTC-USD,2026-06-23 05:00:00,0.0018689132577257286,0.0018539325775243111
GARCH,BTC-USD,2026-06-23 05:15:00,0.0020452849964770186,0.0018492471460638245
GARCH,BTC-USD,2026-06-23 05:30:00,0.001855270924554097,0.0017988013639231898
GARCH,BTC-USD,2026-06-23 05:45:00,0.0018114499226627378,0.0018079809097599853
GARCH,BTC-USD,2026-06-23 06:00:00,0.002129106845982089,0.0018485990611624248
GARCH,BTC-USD,2026-06-23 06:15:00,0.003478211378611074,0.0018563037547546309
GARCH,BTC-USD,2026-06-23 06:30:00,0.003037494603948433,0.0018558851727167596
GARCH,BTC-USD,2026-06-23 06:45:00,0.0029223160365384826,0.0018526352103650236
GARCH,BTC-USD,2026-06-23 07:00:00,0.00277221644730896,0.0018527574685829199
GARCH,BTC-USD,2026-06-23 07:15:00,0.0025944675517245307,0.0018558837522802741
GARCH,BTC-USD,2026-06-23 07:30:00,0.002550314263116773,0.001855536307758904
GARCH,BTC-USD,2026-06-23 07:45:00,0.0023574891000894683,0.0018682416470124947
GARCH,BTC-USD,2026-06-23 08:00:00,0.0027288716896827197,0.001958851452176504
GARCH,BTC-USD,2026-06-23 08:15:00,0.004655673792426265,0.0019873081519943547
GARCH,BTC-USD,2026-06-23 08:30:00,0.00437341131812661,0.0019870649744129954
GARCH,BTC-USD,2026-06-23 08:45:00,0.0040784764608206535,0.0019876758440608476
GARCH,BTC-USD,2026-06-23 09:00:00,0.003823374768279843,0.001989302281832584
GARCH,BTC-USD,2026-06-23 09:15:00,0.0036152241283151487,0.001994337049230812
GARCH,BTC-USD,2026-06-23 09:30:00,0.0035154964184628264,0.001994507744721069
GARCH,BTC-USD,2026-06-23 09:45:00,0.0032456279873134247,0.0019936854969823834
GARCH,BTC-USD,2026-06-23 10:00:00,0.003095891768363406,0.0019956827883691928
GARCH,BTC-USD,2026-06-23 10:15:00,0.0029520040355929017,0.001996706501915796
GARCH,BTC-USD,2026-06-23 10:30:00,0.002841119893910406,0.0019977086761311107
GARCH,BTC-USD,2026-06-23 10:45:00,0.0026631486690183686,0.001998941323547389
GARCH,BTC-USD,2026-06-23 11:00:00,0.002538547126665061,0.0020055232808736485
GARCH,BTC-USD,2026-06-23 11:15:00,0.002602699871486856,0.0020054824791197134
GARCH,BTC-USD,2026-06-23 11:30:00,0.002376663230744009,0.002005092902407
GARCH,BTC-USD,2026-06-23 11:45:00,0.002282422362988027,0.002005747593040092
GARCH,BTC-USD,2026-06-23 12:00:00,0.002201659806810471,0.0020053918948060505
GARCH,BTC-USD,2026-06-23 12:15:00,0.00206822163886395,0.00200369445935925
GARCH,BTC-USD,2026-06-23 12:30:00,0.001995734554445409,0.0020049091711244645
GARCH,BTC-USD,2026-06-23 12:45:00,0.0019404721134255055,0.0020019484992068095
GARCH,BTC-USD,2026-06-23 13:00:00,0.0018903965541025559,0.001998641835712638
GARCH,BTC-USD,2026-06-23 13:15:00,0.001987792485468953,0.0020315953127239238
GARCH,BTC-USD,2026-06-23 13:30:00,0.0029604089081599195,0.002033178492706971
GARCH,BTC-USD,2026-06-23 13:45:00,0.002504877162129111,0.002052380057015391
GARCH,BTC-USD,2026-06-23 14:00:00,0.003059045805891122,0.0020592027253509304
GARCH,BTC-USD,2026-06-23 14:15:00,0.0028710906571973224,0.002059022711444077
GARCH,BTC-USD,2026-06-23 14:30:00,0.002720056830306094,0.0020590259071001683
GARCH,BTC-USD,2026-06-23 14:45:00,0.0025436622673152814,0.0020615544125422323
GARCH,BTC-USD,2026-06-23 15:00:00,0.0025206005994190296,0.0020640575431463202
GARCH,BTC-USD,2026-06-23 15:15:00,0.002438870156622811,0.0020642323163658862
GARCH,BTC-USD,2026-06-23 15:30:00,0.0022738962157791945,0.0020731516100887253
GARCH,BTC-USD,2026-06-23 15:45:00,0.002466488343026329,0.002095263186664386
GARCH,BTC-USD,2026-06-23 16:00:00,0.002976889037171984,0.002104340439297703
GARCH,BTC-USD,2026-06-23 16:15:00,0.0028897864131168394,0.0021047381933405594
GARCH,BTC-USD,2026-06-23 16:30:00,0.002689580334362131,0.002105864400069407
GARCH,BTC-USD,2026-06-23 16:45:00,0.002578913725469012,0.002108638415603521
GARCH,BTC-USD,2026-06-23 17:00:00,0.002525791506975376,0.002119685440882827
GARCH,BTC-USD,2026-06-23 17:15:00,0.002720726938424662,0.002122640806765134
GARCH,BTC-USD,2026-06-23 17:30:00,0.0025604487507526015,0.002128881980130703
GARCH,BTC-USD,2026-06-23 17:45:00,0.0026554150213638716,0.0021277343597003824
GARCH,BTC-USD,2026-06-23 18:00:00,0.0024097911016324343,0.0021269052910399566
GARCH,BTC-USD,2026-06-23 18:15:00,0.002296832724666074,0.002134230476524844
GARCH,BTC-USD,2026-06-23 18:30:00,0.0025667349713545513,0.0021368265762917674
GARCH,BTC-USD,2026-06-23 18:45:00,0.002362313828513085,0.00214140498653441
GARCH,BTC-USD,2026-06-23 19:00:00,0.002399315183954041,0.002139449317574057
GARCH,BTC-USD,2026-06-23 19:15:00,0.0022541312578101495,0.0021434112259240204
GARCH,BTC-USD,2026-06-23 19:30:00,0.0023168029642056196,0.00213759595740459
GARCH,BTC-USD,2026-06-23 19:45:00,0.0022325287731394666,0.0021377247122438183
GARCH,BTC-USD,2026-06-23 20:00:00,0.002096530641171166,0.002137494687547729
GARCH,BTC-USD,2026-06-23 20:15:00,0.002010107494718818,0.002137511896278501
GARCH,BTC-USD,2026-06-23 20:30:00,0.0018885163699203652,0.0021373255117039212
GARCH,BTC-USD,2026-06-23 20:45:00,0.001789349370754578,0.0021376519458151887
GARCH,BTC-USD,2026-06-23 21:00:00,0.0017193283919280395,0.002137459304446861
GARCH,BTC-USD,2026-06-23 21:15:00,0.00166843679312539,0.002138072276072843
GARCH,BTC-USD,2026-06-23 21:30:00,0.0016136127716972826,0.002138165501246934
GARCH,BTC-USD,2026-06-23 21:45:00,0.0015332434122821623,0.0021434725406713315
GARCH,BTC-USD,2026-06-23 22:00:00,0.0017628448889654572,0.0021457019534022307
GARCH,BTC-USD,2026-06-23 22:15:00,0.0017947578024060116,0.0021456336533696558
GARCH,BTC-USD,2026-06-23 22:30:00,0.0017023428967995555,0.002146013932820959
GARCH,BTC-USD,2026-06-23 22:45:00,0.0016319690785129104,0.0021457883306075613
GARCH,BTC-USD,2026-06-23 23:00:00,0.0016169702730215384,0.002150417837537949
GARCH,BTC-USD,2026-06-23 23:15:00,0.0017967199701600148,0.0021500568275964276
GARCH,BTC-USD,2026-06-23 23:30:00,0.001647128585754492,0.0021528339975017737
GARCH,BTC-USD,2026-06-23 23:45:00,0.0017406391701873533,0.002160256898679957
GARCH,BTC-USD,2026-06-24 00:00:00,0.0019900728714298886,0.002159265783741255
GARCH,BTC-USD,2026-06-24 00:15:00,0.0017965364075531959,0.0021606376525645146
GARCH,BTC-USD,2026-06-24 00:30:00,0.0018752846512127463,0.002159868306348824
GARCH,BTC-USD,2026-06-24 00:45:00,0.001757722728153302,0.002158648665697548
GARCH,BTC-USD,2026-06-24 01:00:00,0.0016831080070182762,0.002159428067747298
GARCH,BTC-USD,2026-06-24 01:15:00,0.0016557724668734,0.002159251963178767
GARCH,BTC-USD,2026-06-24 01:30:00,0.0015675630410324302,0.0021591228138710668
GARCH,BTC-USD,2026-06-24 01:45:00,0.0014964476931060256,0.002158735327877884
GARCH,BTC-USD,2026-06-24 02:00:00,0.0014701347096870837,0.00216142485796248
GARCH,BTC-USD,2026-06-24 02:15:00,0.0015970687681471085,0.0021595911559302147
GARCH,BTC-USD,2026-06-24 02:30:00,0.0014798703205733549,0.0021586779675769204
GARCH,BTC-USD,2026-06-24 02:45:00,0.0015673589671614265,0.0021575505511551045
GARCH,BTC-USD,2026-06-24 03:00:00,0.0014631052226495194,0.0021582089955611626
GARCH,BTC-USD,2026-06-24 03:15:00,0.0014872579389073534,0.002162197073269718
GARCH,BTC-USD,2026-06-24 03:30:00,0.001642672288573213,0.0021587859874700457
GARCH,BTC-USD,2026-06-24 03:45:00,0.0015531282998570975,0.0021589011927732843
GARCH,BTC-USD,2026-06-24 04:00:00,0.001556238091834127,0.0021593933095409904
GARCH,BTC-USD,2026-06-24 04:15:00,0.0015408275922798307,0.0021579593276351548
GARCH,BTC-USD,2026-06-24 04:30:00,0.0015062054799153501,0.0021579063799355446
GARCH,BTC-USD,2026-06-24 04:45:00,0.001555360321877445,0.002157212629761929
GARCH,BTC-USD,2026-06-24 05:00:00,0.001468423437013394,0.0021591993151470665
GARCH,BTC-USD,2026-06-24 05:15:00,0.0015341090377820775,0.002159801154530119
GARCH,BTC-USD,2026-06-24 05:30:00,0.0014612009080074192,0.0021583296779643536
GARCH,BTC-USD,2026-06-24 05:45:00,0.0014188321557245637,0.002157845639484858
GARCH,BTC-USD,2026-06-24 06:00:00,0.0013898254379680968,0.0021570773703545837
GARCH,BTC-USD,2026-06-24 06:15:00,0.0013207264437966198,0.002157316921777764
GARCH,BTC-USD,2026-06-24 06:30:00,0.0013232815137339657,0.00215655140933407
GARCH,BTC-USD,2026-06-24 06:45:00,0.0012553048785543285,0.002155463518780717
GARCH,BTC-USD,2026-06-24 07:00:00,0.001239062913622737,0.002159187687242232
GARCH,BTC-USD,2026-06-24 07:15:00,0.001516615448049913,0.0021581767499923173
GARCH,BTC-USD,2026-06-24 07:30:00,0.001350839332100866,0.002158100527184274
GARCH,BTC-USD,2026-06-24 07:45:00,0.0013652721228909403,0.0021571723689660445
GARCH,BTC-USD,2026-06-24 08:00:00,0.0012860007782414592,0.002155564953005011
GARCH,BTC-USD,2026-06-24 08:15:00,0.0012883169263595959,0.0021570529063066617
GARCH,BTC-USD,2026-06-24 08:30:00,0.0013379347448198625,0.002156958942903014
GARCH,BTC-USD,2026-06-24 08:45:00,0.0012528978741674177,0.0021527042429651607
GARCH,BTC-USD,2026-06-24 09:00:00,0.0012204766179555924,0.0021543821156571126
GARCH,BTC-USD,2026-06-24 09:15:00,0.0013455232492866082,0.0021494988677440378
GARCH,BTC-USD,2026-06-24 09:30:00,0.0012445107078712598,0.002149197338604434
GARCH,BTC-USD,2026-06-24 09:45:00,0.0012210489615210054,0.0021502642599362915
GARCH,BTC-USD,2026-06-24 10:00:00,0.001271950544075053,0.002151145827178452
GARCH,BTC-USD,2026-06-24 10:15:00,0.0012813878105023444,0.0021520447695272805
GARCH,BTC-USD,2026-06-24 10:30:00,0.0012668587266119827,0.002157127122612573
GARCH,BTC-USD,2026-06-24 10:45:00,0.0015867309124090979,0.0021580709022735916
GARCH,BTC-USD,2026-06-24 11:00:00,0.0014894213030954423,0.0021577570392043565
GARCH,BTC-USD,2026-06-24 11:15:00,0.001428216083419335,0.0021863409019536157
GARCH,BTC-USD,2026-06-24 11:30:00,0.00280787948710716,0.002189918894270016
GARCH,BTC-USD,2026-06-24 11:45:00,0.002539668349636021,0.0021810347376633944
GARCH,BTC-USD,2026-06-24 12:00:00,0.0024626992744909947,0.0021800912770213094
GARCH,BTC-USD,2026-06-24 12:15:00,0.0022909449591649116,0.0021708547057628473
GARCH,BTC-USD,2026-06-24 12:30:00,0.0021712109913866757,0.002182473594565096
GARCH,BTC-USD,2026-06-24 12:45:00,0.002593218795089225,0.002250193428812692
GARCH,BTC-USD,2026-06-24 13:00:00,0.004464871870678907,0.002254250613168643
GARCH,BTC-USD,2026-06-24 13:15:00,0.0037837545235256025,0.002285948572394258
GARCH,BTC-USD,2026-06-24 13:30:00,0.004524996624394751,0.002288598168334172
GARCH,BTC-USD,2026-06-24 13:45:00,0.004128539624114514,0.0022905166915216427
GARCH,BTC-USD,2026-06-24 14:00:00,0.004003390013659854,0.0022900439885848297
GARCH,BTC-USD,2026-06-24 14:15:00,0.003694905771124114,0.0022689368051071706
GARCH,BTC-USD,2026-06-24 14:30:00,0.003482685256388489,0.0022701184245849356
GARCH,BTC-USD,2026-06-24 14:45:00,0.0032988896536440297,0.002270504781676255
GARCH,BTC-USD,2026-06-24 15:00:00,0.0034299384592965864,0.0022592565882630024
GARCH,BTC-USD,2026-06-24 15:15:00,0.0031030119741630173,0.002268547070699731
GARCH,BTC-USD,2026-06-24 15:30:00,0.00357783195161108,0.002288608185002979
GARCH,BTC-USD,2026-06-24 15:45:00,0.003797635189719718,0.002306660177998207
GARCH,BTC-USD,2026-06-24 16:00:00,0.0038267422279488505,0.0021648383682646606
GARCH,BTC-USD,2026-06-24 16:15:00,0.0034876676992344913,0.002181101875296803
GARCH,BTC-USD,2026-06-24 16:30:00,0.0038832438208766646,0.0022135816157253566
GARCH,BTC-USD,2026-06-24 16:45:00,0.004399464169906487,0.002213457480108908
GARCH,BTC-USD,2026-06-24 17:00:00,0.003869143686818151,0.0022174484097893395
GARCH,BTC-USD,2026-06-24 17:15:00,0.003848102156548583,0.0022464770989128412
GARCH,BTC-USD,2026-06-24 17:30:00,0.0043600617943984335,0.0022390067314816066
GARCH,BTC-USD,2026-06-24 17:45:00,0.0038476419839330767,0.0022416193811212
GARCH,BTC-USD,2026-06-24 18:00:00,0.0038926170749719142,0.002232980193977491
GARCH,BTC-USD,2026-06-24 18:15:00,0.0036413760930158494,0.0022362476249748763
GARCH,BTC-USD,2026-06-24 18:30:00,0.0035719608438116767,0.0022287950863687273
GARCH,BTC-USD,2026-06-24 18:45:00,0.003290984382828967,0.0022318523821012195
GARCH,BTC-USD,2026-06-24 19:00:00,0.003167155367937683,0.002238224857826081
GARCH,BTC-USD,2026-06-24 19:15:00,0.003108132543929137,0.0022383371958267454
GARCH,BTC-USD,2026-06-24 19:30:00,0.002874058345410165,0.0022421764058788343
GARCH,BTC-USD,2026-06-24 19:45:00,0.002972611134767738,0.0023656028678344636
GARCH,BTC-USD,2026-06-24 20:00:00,0.005768734607508919,0.0023676581997402807
GARCH,BTC-USD,2026-06-24 20:15:00,0.004609472949640887,0.0023711255925421603
GARCH,BTC-USD,2026-06-24 20:30:00,0.0046639939889019265,0.002372436023835993
GARCH,BTC-USD,2026-06-24 20:45:00,0.004262944150232743,0.0023837971889462957
GARCH,BTC-USD,2026-06-24 21:00:00,0.00431672795042853,0.002386667494212846
GARCH,BTC-USD,2026-06-24 21:15:00,0.004021655396709866,0.0023986954703412314
GARCH,BTC-USD,2026-06-24 21:30:00,0.004096401491556201,0.002399180325084306
GARCH,BTC-USD,2026-06-24 21:45:00,0.003726134168952069,0.0023909150909764104
GARCH,BTC-USD,2026-06-24 22:00:00,0.0036120722842123334,0.0023925272670659078
GARCH,BTC-USD,2026-06-24 22:15:00,0.003429543933499717,0.002393049643881478
GARCH,BTC-USD,2026-06-24 22:30:00,0.003199989687691281,0.002393146018425091
GARCH,BTC-USD,2026-06-24 22:45:00,0.0030171069778434224,0.0023902211791959854
GARCH,BTC-USD,2026-06-24 23:00:00,0.002820361904019226,0.0023903740685255
GARCH,BTC-USD,2026-06-24 23:15:00,0.002728810948203001,0.0023893520119713956
GARCH,BTC-USD,2026-06-24 23:30:00,0.002546898061702062,0.002388895820188919
GARCH,BTC-USD,2026-06-24 23:45:00,0.002431087101624235,0.0023887986257720775
GARCH,BTC-USD,2026-06-25 00:00:00,0.0022736133853405115,0.00239371018097226
GARCH,BTC-USD,2026-06-25 00:15:00,0.002434317415232654,0.0023946238485345163
GARCH,BTC-USD,2026-06-25 00:30:00,0.0022643842931726306,0.0023944372488081235
GARCH,BTC-USD,2026-06-25 00:45:00,0.00214863923099269,0.002393331679224132
GARCH,BTC-USD,2026-06-25 01:00:00,0.0020456756287141396,0.0023954515387990104
GARCH,BTC-USD,2026-06-25 01:15:00,0.002009672087646227,0.0023941779997461742
GARCH,BTC-USD,2026-06-25 01:30:00,0.0018837266624041123,0.0023956797211884076
GARCH,BTC-USD,2026-06-25 01:45:00,0.0018982764780011057,0.002391967925048114
GARCH,BTC-USD,2026-06-25 02:00:00,0.0019791855712538676,0.002397159308670954
GARCH,BTC-USD,2026-06-25 02:15:00,0.0020825020278774937,0.0023879246777726132
GARCH,BTC-USD,2026-06-25 02:30:00,0.0022081806652268464,0.0023877580325793847
GARCH,BTC-USD,2026-06-25 02:45:00,0.002006817983500958,0.002385389670415678
GARCH,BTC-USD,2026-06-25 03:00:00,0.0019329767668577235,0.0023765300936628903
GARCH,BTC-USD,2026-06-25 03:15:00,0.0018222203918040183,0.0023731165241404717
GARCH,BTC-USD,2026-06-25 03:30:00,0.0017479832063765695,0.0023757727501812946
GARCH,BTC-USD,2026-06-25 03:45:00,0.0018705931940491145,0.0023760899816946627
GARCH,BTC-USD,2026-06-25 04:00:00,0.001739701943728657,0.00237417036316491
GARCH,BTC-USD,2026-06-25 04:15:00,0.001728128215169585,0.0023386939277393226
GARCH,BTC-USD,2026-06-25 04:30:00,0.0016986371802568503,0.0023681598264854472
GARCH,BTC-USD,2026-06-25 04:45:00,0.003082508865306136,0.002376281310909069
GARCH,BTC-USD,2026-06-25 05:00:00,0.003219842766519096,0.0023555852796862016
GARCH,BTC-USD,2026-06-25 05:15:00,0.002910931690737316,0.002356112779052865
GARCH,BTC-USD,2026-06-25 05:30:00,0.0028096361422071457,0.002356108846709531
GARCH,BTC-USD,2026-06-25 05:45:00,0.0026476062327481396,0.0023568662941468727
GARCH,BTC-USD,2026-06-25 06:00:00,0.0026142212582536887,0.00235697486494902
GARCH,BTC-USD,2026-06-25 06:15:00,0.0024278149093289693,0.002358956274176589
GARCH,BTC-USD,2026-06-25 06:30:00,0.0023701633634284473,0.0023498996906454093
GARCH,BTC-USD,2026-06-25 06:45:00,0.0022082450853106125,0.0023480503723526404
GARCH,BTC-USD,2026-06-25 07:00:00,0.002094655910992335,0.002348902490165013
GARCH,BTC-USD,2026-06-25 07:15:00,0.002007785037143526,0.0023503869772883387
GARCH,BTC-USD,2026-06-25 07:30:00,0.0020308349780743308,0.0023459500220240513
GARCH,BTC-USD,2026-06-25 07:45:00,0.0018713411747189857,0.002348150716568225
GARCH,BTC-USD,2026-06-25 08:00:00,0.0019426119370111745,0.002344533865877402
GARCH,BTC-USD,2026-06-25 08:15:00,0.0017837362503505124,0.002342803327835849
GARCH,BTC-USD,2026-06-25 08:30:00,0.0017134227248295159,0.002335796627937516
GARCH,BTC-USD,2026-06-25 08:45:00,0.0016581296920538658,0.0023350044267187614
GARCH,BTC-USD,2026-06-25 09:00:00,0.0015771685333427529,0.002334533548194167
GARCH,BTC-USD,2026-06-25 09:15:00,0.0015320279593645236,0.002334463923347985
GARCH,BTC-USD,2026-06-25 09:30:00,0.0014951271712685356,0.002328954964893424
GARCH,BTC-USD,2026-06-25 09:45:00,0.0014182884979441967,0.0023280438966739227
GARCH,BTC-USD,2026-06-25 10:00:00,0.0014068309228951893,0.002329375764606347
GARCH,BTC-USD,2026-06-25 10:15:00,0.0015005524394364025,0.0023345154184525835
GARCH,BTC-USD,2026-06-25 10:30:00,0.001834710709399851,0.002334607813740659
GARCH,BTC-USD,2026-06-25 10:45:00,0.0018334581357655122,0.00233658899554802
GARCH,BTC-USD,2026-06-25 11:00:00,0.0017991060692069208,0.002337393054518524
GARCH,BTC-USD,2026-06-25 11:15:00,0.0019073977419778701,0.0023375841279460827
GARCH,BTC-USD,2026-06-25 11:30:00,0.0018178943960266009,0.0023372715050130116
GARCH,BTC-USD,2026-06-25 11:45:00,0.0017412830906351243,0.0023377420189651843
GARCH,BTC-USD,2026-06-25 12:00:00,0.0016981734527951745,0.002339400279327062
GARCH,BTC-USD,2026-06-25 12:15:00,0.001833955179956792,0.00235702185832917
GARCH,BTC-USD,2026-06-25 12:30:00,0.0025471353850232883,0.0023562086556583005
GARCH,BTC-USD,2026-06-25 12:45:00,0.002344009846415313,0.0023580402491333485
GARCH,BTC-USD,2026-06-25 13:00:00,0.0022839511825322135,0.00234541404881063
GARCH,BTC-USD,2026-06-25 13:15:00,0.002196465226116018,0.002625896945761738
GARCH,BTC-USD,2026-06-25 13:30:00,0.008269667437330664,0.003317385623583442
GARCH,BTC-USD,2026-06-25 13:45:00,0.015080665862236733,0.0035316428894334325
GARCH,BTC-USD,2026-06-25 14:00:00,0.014186482192054293,0.003531443537758672
GARCH,BTC-USD,2026-06-25 14:15:00,0.013177632857853243,0.003536160375069968
GARCH,BTC-USD,2026-06-25 14:30:00,0.012335493017634638,0.003535755970584924
GARCH,BTC-USD,2026-06-25 14:45:00,0.011473158013279867,0.0035607077617972726
GARCH,BTC-USD,2026-06-25 15:00:00,0.011092770359986525,0.0035678814750153124
GARCH,BTC-USD,2026-06-25 15:15:00,0.010296468737091563,0.0035583151703836025
GARCH,BTC-USD,2026-06-25 15:30:00,0.009616524902872476,0.0035796370505342527
GARCH,BTC-USD,2026-06-25 15:45:00,0.00928873313600789,0.003586068858691364
GARCH,BTC-USD,2026-06-25 16:00:00,0.008668174555437579,0.0035860757467258125
GARCH,BTC-USD,2026-06-25 16:15:00,0.008074599964543438,0.0036179414757267787
GARCH,BTC-USD,2026-06-25 16:30:00,0.008250962656348613,0.0036168611159489925
GARCH,BTC-USD,2026-06-25 16:45:00,0.007454542691733923,0.0036182780952405116
GARCH,BTC-USD,2026-06-25 17:00:00,0.00705130593949716,0.00362241156551657
GARCH,BTC-USD,2026-06-25 17:15:00,0.00663199349177893,0.003622097980805747
GARCH,BTC-USD,2026-06-25 17:30:00,0.006165296556050955,0.0036262729832024078
GARCH,BTC-USD,2026-06-25 17:45:00,0.005850445664860359,0.003634139109034326
GARCH,BTC-USD,2026-06-25 18:00:00,0.005780293227280513,0.0036509270283636218
GARCH,BTC-USD,2026-06-25 18:15:00,0.005741511245136952,0.003661464652327256
GARCH,BTC-USD,2026-06-25 18:30:00,0.005607066646126106,0.003661669195374389
GARCH,BTC-USD,2026-06-25 18:45:00,0.005168582058510023,0.003670454553120669
GARCH,BTC-USD,2026-06-25 19:00:00,0.005172915714198889,0.003672572973160034
GARCH,BTC-USD,2026-06-25 19:15:00,0.004766639693531712,0.0036698251379085308
GARCH,BTC-USD,2026-06-25 19:30:00,0.004483964094811236,0.0036658491481421814
GARCH,BTC-USD,2026-06-25 19:45:00,0.004177002595832523,0.003676839518701106
GARCH,BTC-USD,2026-06-25 20:00:00,0.00428854158413614,0.003675275636546453
GARCH,BTC-USD,2026-06-25 20:15:00,0.0038928371111441695,0.0036764198929610872
GARCH,BTC-USD,2026-06-25 20:30:00,0.0037441981814014414,0.003676604125984375
GARCH,BTC-USD,2026-06-25 20:45:00,0.0034904427420190524,0.0036770346895301518
GARCH,BTC-USD,2026-06-25 21:00:00,0.0034539868148701336,0.0036545215069021795
GARCH,BTC-USD,2026-06-25 21:15:00,0.003246819132996475,0.003659744547748411
GARCH,BTC-USD,2026-06-25 21:30:00,0.0034979921897865473,0.00367195354385645
GARCH,BTC-USD,2026-06-25 21:45:00,0.003678684889783615,0.0036844669319616597
GARCH,BTC-USD,2026-06-25 22:00:00,0.003939955568752719,0.0036862678005518245
GARCH,BTC-USD,2026-06-25 22:15:00,0.003619898040387991,0.00368500615447204
GARCH,BTC-USD,2026-06-25 22:30:00,0.0034074264201701043,0.0036855157096670746
GARCH,BTC-USD,2026-06-25 22:45:00,0.0031966427496887433,0.0036807416231503754
GARCH,BTC-USD,2026-06-25 23:00:00,0.0030788870456468654,0.003637371581640342
GARCH,BTC-USD,2026-06-25 23:15:00,0.0030450728079316745,0.0036209295034059716
GARCH,BTC-USD,2026-06-25 23:30:00,0.002892088799517768,0.003626241821006626
GARCH,BTC-USD,2026-06-25 23:45:00,0.003024501750369421,0.003627437995625947
GARCH,BTC-USD,2026-06-26 00:00:00,0.0028015018492376243,0.0036278380906650037
GARCH,BTC-USD,2026-06-26 00:15:00,0.00276099109508652,0.003625168840235946
GARCH,BTC-USD,2026-06-26 00:30:00,0.0025474468752455055,0.0036269653036014107
GARCH,BTC-USD,2026-06-26 00:45:00,0.002558035992400949,0.0036264009909787605
GARCH,BTC-USD,2026-06-26 01:00:00,0.002401858953976935,0.003638303503247962
GARCH,BTC-USD,2026-06-26 01:15:00,0.003105679323461869,0.003637233006704741
GARCH,BTC-USD,2026-06-26 01:30:00,0.002648552396530789,0.003639179415756796
GARCH,BTC-USD,2026-06-26 01:45:00,0.0027000324901217424,0.0037217598229511996
GARCH,BTC-USD,2026-06-26 02:00:00,0.005837663649590771,0.003724552805037782
GARCH,BTC-USD,2026-06-26 02:15:00,0.00474854951995313,0.0037250707774821993
GARCH,BTC-USD,2026-06-26 02:30:00,0.004723120276388788,0.0037335078879790124
GARCH,BTC-USD,2026-06-26 02:45:00,0.004679432264129677,0.0037530121635883282
GARCH,BTC-USD,2026-06-26 03:00:00,0.004916679594549535,0.003759291178034587
GARCH,BTC-USD,2026-06-26 03:15:00,0.004612964956455051,0.0037849250092696846
GARCH,BTC-USD,2026-06-26 03:30:00,0.005171568274932149,0.003829455398023786
GARCH,BTC-USD,2026-06-26 03:45:00,0.005974826528701287,0.003830814359962522
GARCH,BTC-USD,2026-06-26 04:00:00,0.005262040255958575,0.003829800264599296
GARCH,BTC-USD,2026-06-26 04:15:00,0.00505260770865196,0.003812256201460644
GARCH,BTC-USD,2026-06-26 04:30:00,0.00466762395400376,0.003811581357135634
GARCH,BTC-USD,2026-06-26 04:45:00,0.004386920355552905,0.003801541243315053
GARCH,BTC-USD,2026-06-26 05:00:00,0.0041052504963885504,0.0037980010075378866
GARCH,BTC-USD,2026-06-26 05:15:00,0.0038341193593947305,0.003798418284822767
GARCH,BTC-USD,2026-06-26 05:30:00,0.0036298595571576174,0.0037994477317292814
GARCH,BTC-USD,2026-06-26 05:45:00,0.003417444065500631,0.00380518985518515
GARCH,BTC-USD,2026-06-26 06:00:00,0.0035817001418814993,0.00382081756617616
GARCH,BTC-USD,2026-06-26 06:15:00,0.0039560587951949135,0.003837489177679983
GARCH,BTC-USD,2026-06-26 06:30:00,0.004213530152373298,0.0038329907658371386
GARCH,BTC-USD,2026-06-26 06:45:00,0.003783209465984889,0.003826317598390889
GARCH,BTC-USD,2026-06-26 07:00:00,0.0038356475111352593,0.003822331845713918
GARCH,BTC-USD,2026-06-26 07:15:00,0.003524854313147762,0.0038220110616311686
GARCH,BTC-USD,2026-06-26 07:30:00,0.0033181131289339383,0.0038217660568514943
GARCH,BTC-USD,2026-06-26 07:45:00,0.0031218055695237893,0.0038291783169265574
GARCH,BTC-USD,2026-06-26 08:00:00,0.00342069542689198,0.0038232096663031066
GARCH,BTC-USD,2026-06-26 08:15:00,0.0030532012440479084,0.0038228706042114837
GARCH,BTC-USD,2026-06-26 08:30:00,0.0029990378343758874,0.0038196840213592467
GARCH,BTC-USD,2026-06-26 08:45:00,0.002769631564331198,0.003820136727418953
GARCH,BTC-USD,2026-06-26 09:00:00,0.002655126506328073,0.0038203259557821924
GARCH,BTC-USD,2026-06-26 09:15:00,0.00249431017726576,0.003816929793551326
GARCH,BTC-USD,2026-06-26 09:30:00,0.0024986283102120714,0.0038251844130418357
GARCH,BTC-USD,2026-06-26 09:45:00,0.002977389364040459,0.0038225835538671636
GARCH,BTC-USD,2026-06-26 10:00:00,0.002590230497627531,0.003821618693609045
GARCH,BTC-USD,2026-06-26 10:15:00,0.0025055003979304103,0.003823492307278246
GARCH,BTC-USD,2026-06-26 10:30:00,0.002652423475737865,0.0038287405997163
GARCH,BTC-USD,2026-06-26 10:45:00,0.0029127804278822732,0.003833243682198613
GARCH,BTC-USD,2026-06-26 11:00:00,0.0028321449973154975,0.003833055756530812
GARCH,BTC-USD,2026-06-26 11:15:00,0.0026580373721279364,0.0038332829772046682
GARCH,BTC-USD,2026-06-26 11:30:00,0.0025003240870347986,0.003833391642147768
GARCH,BTC-USD,2026-06-26 11:45:00,0.002364041735971573,0.0038334633630542816
GARCH,BTC-USD,2026-06-26 12:00:00,0.002240531581028432,0.003844576330090141
GARCH,BTC-USD,2026-06-26 12:15:00,0.0028416535708807454,0.003891455724529405
GARCH,BTC-USD,2026-06-26 12:30:00,0.004747920140123558,0.003891705799481332
GARCH,BTC-USD,2026-06-26 12:45:00,0.003837472682094376,0.0038892408862093346
GARCH,BTC-USD,2026-06-26 13:00:00,0.0038622406961322147,0.003891918075172166
GARCH,BTC-USD,2026-06-26 13:15:00,0.0037723575992882445,0.003943367191149819
GARCH,BTC-USD,2026-06-26 13:30:00,0.00536423593977432,0.004008177745825703
GARCH,BTC-USD,2026-06-26 13:45:00,0.006498592540344097,0.004011161623866521
GARCH,BTC-USD,2026-06-26 14:00:00,0.0056898511223950066,0.004009154063908562
GARCH,BTC-USD,2026-06-26 14:15:00,0.005469847843272769,0.004038151695419118
GARCH,BTC-USD,2026-06-26 14:30:00,0.006004737473318179,0.004036344403913893
GARCH,BTC-USD,2026-06-26 14:45:00,0.005306723033186785,0.004040226039193865
GARCH,BTC-USD,2026-06-26 15:00:00,0.005309352019113213,0.004058253260932948
GARCH,BTC-USD,2026-06-26 15:15:00,0.005434285026296739,0.004065189102044859
GARCH,BTC-USD,2026-06-26 15:30:00,0.005207673812235022,0.0040656591194098285
GARCH,BTC-USD,2026-06-26 15:45:00,0.004851417776518247,0.004068459781204118
GARCH,BTC-USD,2026-06-26 16:00:00,0.004653655617934019,0.004070033337040166
GARCH,BTC-USD,2026-06-26 16:15:00,0.004399865762012385,0.004069965012660506
GARCH,BTC-USD,2026-06-26 16:30:00,0.004093391393854396,0.004069974728605058
GARCH,BTC-USD,2026-06-26 16:45:00,0.0038328795621800256,0.004073883413301002
GARCH,BTC-USD,2026-06-26 17:00:00,0.003755571482171266,0.004072529676663471
GARCH,BTC-USD,2026-06-26 17:15:00,0.003458722762806199,0.004073789279052781
GARCH,BTC-USD,2026-06-26 17:30:00,0.003341525864450586,0.004073052724727737
GARCH,BTC-USD,2026-06-26 17:45:00,0.0031076826953777632,0.0040735218855601696
GARCH,BTC-USD,2026-06-26 18:00:00,0.0029395862526558156,0.004080315399747602
GARCH,BTC-USD,2026-06-26 18:15:00,0.0032478480372889213,0.004078175722524909
GARCH,BTC-USD,2026-06-26 18:30:00,0.002922989202022695,0.004078951440309411
GARCH,BTC-USD,2026-06-26 18:45:00,0.0028804992310218964,0.0040961560074325365
GARCH,BTC-USD,2026-06-26 19:00:00,0.0035862790559314794,0.004096332764633289
GARCH,BTC-USD,2026-06-26 19:15:00,0.0031247781279098528,0.00409585089051375
GARCH,BTC-USD,2026-06-26 19:30:00,0.0030266361268834353,0.004094856624640412
GARCH,BTC-USD,2026-06-26 19:45:00,0.002838373647009784,0.004095396017864408
GARCH,BTC-USD,2026-06-26 20:00:00,0.002739489604661009,0.004094698758361369
GARCH,BTC-USD,2026-06-26 20:15:00,0.002570415902605991,0.004096006954968927
GARCH,BTC-USD,2026-06-26 20:30:00,0.0025747032388313694,0.00409681161109323
GARCH,BTC-USD,2026-06-26 20:45:00,0.002409015450844579,0.004097007778699795
GARCH,BTC-USD,2026-06-26 21:00:00,0.002284800395664038,0.00409923932246711
GARCH,BTC-USD,2026-06-26 21:15:00,0.0022971636751336648,0.004101607334374794
GARCH,BTC-USD,2026-06-26 21:30:00,0.0022976753248027415,0.004102245510213696
GARCH,BTC-USD,2026-06-26 21:45:00,0.0021828315329745825,0.004101945320850059
GARCH,BTC-USD,2026-06-26 22:00:00,0.0020497168231349092,0.00409984904889019
GARCH,BTC-USD,2026-06-26 22:15:00,0.0019391299168536988,0.004100613256504276
GARCH,BTC-USD,2026-06-26 22:30:00,0.0018948094728046714,0.004101713393378692
GARCH,BTC-USD,2026-06-26 22:45:00,0.0018721768821593665,0.004101939238799724
GARCH,BTC-USD,2026-06-26 23:00:00,0.001761873033355745,0.0041028878295422625
GARCH,BTC-USD,2026-06-26 23:15:00,0.0018431107466052145,0.004103299880557392
GARCH,BTC-USD,2026-06-26 23:30:00,0.0018080453908551433,0.004103441077528604
GARCH,BTC-USD,2026-06-26 23:45:00,0.0017013362227276934,0.0041036323999571155
GARCH,BTC-USD,2026-06-27 00:00:00,0.001630023712952051,0.004103184596089964
GARCH,BTC-USD,2026-06-27 00:15:00,0.0016213482235967371,0.0041035977590391445
GARCH,BTC-USD,2026-06-27 00:30:00,0.0015869034266423273,0.0041047496729066735
GARCH,BTC-USD,2026-06-27 00:45:00,0.0016085498011717302,0.004105483614900751
GARCH,BTC-USD,2026-06-27 01:00:00,0.0016669653559538396,0.004105370073414022
GARCH,BTC-USD,2026-06-27 01:15:00,0.0015577856825968847,0.004104885072185391
GARCH,BTC-USD,2026-06-27 01:30:00,0.0015087995339648,0.0041023659586059
GARCH,BTC-USD,2026-06-27 01:45:00,0.0014373441761499676,0.0041058669390443975
GARCH,BTC-USD,2026-06-27 02:00:00,0.001783031043239017,0.004110826404731716
GARCH,BTC-USD,2026-06-27 02:15:00,0.002030663091378189,0.0040931272203898784
GARCH,BTC-USD,2026-06-27 02:30:00,0.0018107920211984116,0.0040888955990564056
GARCH,BTC-USD,2026-06-27 02:45:00,0.0017527459927143582,0.004089891892774887
GARCH,BTC-USD,2026-06-27 03:00:00,0.0018323270450121745,0.0040930957344024145
GARCH,BTC-USD,2026-06-27 03:15:00,0.001953577402070414,0.004092940962753528
GARCH,BTC-USD,2026-06-27 03:30:00,0.001776381293854411,0.00408634146362218
GARCH,BTC-USD,2026-06-27 03:45:00,0.0017068035668332151,0.004048327154336793
GARCH,BTC-USD,2026-06-27 04:00:00,0.0017856062290464042,0.0040450661718016015
GARCH,BTC-USD,2026-06-27 04:15:00,0.0016383723020060362,0.004026893364221999
GARCH,BTC-USD,2026-06-27 04:30:00,0.0015827968608489002,0.004024898831622319
GARCH,BTC-USD,2026-06-27 04:45:00,0.0017453574305030012,0.004023496580679547
GARCH,BTC-USD,2026-06-27 05:00:00,0.0016342004172262288,0.004026135985785926
GARCH,BTC-USD,2026-06-27 05:15:00,0.0018658696715994217,0.004026729690113013
GARCH,BTC-USD,2026-06-27 05:30:00,0.0017290026007931996,0.004025981603175606
GARCH,BTC-USD,2026-06-27 05:45:00,0.0016527687008269026,0.004020787605331137
GARCH,BTC-USD,2026-06-27 06:00:00,0.0016771034433862603,0.004021052296922946
GARCH,BTC-USD,2026-06-27 06:15:00,0.0015876798360700275,0.0040159784008799515
GARCH,BTC-USD,2026-06-27 06:30:00,0.002105671275588727,0.0040037084769398885
GARCH,BTC-USD,2026-06-27 06:45:00,0.0018221631442193516,0.003994633477698777
GARCH,BTC-USD,2026-06-27 07:00:00,0.0018123237551610366,0.0039961680807936535
GARCH,BTC-USD,2026-06-27 07:15:00,0.001845325745741175,0.003984195293695772
GARCH,BTC-USD,2026-06-27 07:30:00,0.0017055488030239896,0.0039643746809008545
GARCH,BTC-USD,2026-06-27 07:45:00,0.0017994740147529323,0.003964993512178336
GARCH,BTC-USD,2026-06-27 08:00:00,0.0017122663876071597,0.00396206995448648
GARCH,BTC-USD,2026-06-27 08:15:00,0.001631750438364908,0.003944156803999371
GARCH,BTC-USD,2026-06-27 08:30:00,0.0016329229697154151,0.003944275631430644
GARCH,BTC-USD,2026-06-27 08:45:00,0.001607985360306621,0.0039406617341098465
GARCH,BTC-USD,2026-06-27 09:00:00,0.0016339757621871736,0.003938626699985163
GARCH,BTC-USD,2026-06-27 09:15:00,0.0015185353295583206,0.003935124349416252
GARCH,BTC-USD,2026-06-27 09:30:00,0.0014697816287678237,0.003935045267243416
GARCH,BTC-USD,2026-06-27 09:45:00,0.0014007772637102786,0.003934322918217709
GARCH,BTC-USD,2026-06-27 10:00:00,0.0014071505973834114,0.003931507695623831
GARCH,BTC-USD,2026-06-27 10:15:00,0.0013262880742590383,0.003931458933584865
GARCH,BTC-USD,2026-06-27 10:30:00,0.0013017791096048726,0.003927285385877304
GARCH,BTC-USD,2026-06-27 10:45:00,0.0012435798093832528,0.003852039625232511
GARCH,BTC-USD,2026-06-27 11:00:00,0.0012071197561916796,0.003853451333021664
GARCH,BTC-USD,2026-06-27 11:15:00,0.0014890767261114305,0.0038514891944727734
GARCH,BTC-USD,2026-06-27 11:30:00,0.001320492388083422,0.0038521874770659735
GARCH,BTC-USD,2026-06-27 11:45:00,0.0014503166961595184,0.003845145779141613
GARCH,BTC-USD,2026-06-27 12:00:00,0.0014171786126518943,0.003842998616849221
GARCH,BTC-USD,2026-06-27 12:15:00,0.001376507686300338,0.003835196524305614
GARCH,BTC-USD,2026-06-27 12:30:00,0.0013125962057662555,0.0038363714551647504
GARCH,BTC-USD,2026-06-27 12:45:00,0.0014286094678401479,0.003834390066791937
GARCH,BTC-USD,2026-06-27 13:00:00,0.0013155021656168875,0.0038327073131021877
GARCH,BTC-USD,2026-06-27 13:15:00,0.0013026415041307992,0.0038348652135374193
GARCH,BTC-USD,2026-06-27 13:30:00,0.0015246789559916854,0.0038345840723819024
GARCH,BTC-USD,2026-06-27 13:45:00,0.0013687220455903884,0.003835638678300514
GARCH,BTC-USD,2026-06-27 14:00:00,0.0014708263880743172,0.0038350557033897765
GARCH,BTC-USD,2026-06-27 14:15:00,0.001442415288825583,0.0038351106780479985
GARCH,BTC-USD,2026-06-27 14:30:00,0.0013991635843891507,0.0038347198896553623
GARCH,BTC-USD,2026-06-27 14:45:00,0.0013468933724891776,0.0038451264774714243
GARCH,BTC-USD,2026-06-27 15:00:00,0.002269943326208001,0.0038419026607216626
GARCH,BTC-USD,2026-06-27 15:15:00,0.0019171145554564256,0.0038410536177311966
GARCH,BTC-USD,2026-06-27 15:30:00,0.001893847573889548,0.0038413683180587004
GARCH,BTC-USD,2026-06-27 15:45:00,0.0018032948037763092,0.0038421555070504393
GARCH,BTC-USD,2026-06-27 16:00:00,0.0018046080655260935,0.0038412308039739
GARCH,BTC-USD,2026-06-27 16:15:00,0.0016913028244711684,0.003841770534666419
GARCH,BTC-USD,2026-06-27 16:30:00,0.0016792458582333542,0.003840584455617274
GARCH,BTC-USD,2026-06-27 16:45:00,0.0015761153434687158,0.0038463520471069823
GARCH,BTC-USD,2026-06-27 17:00:00,0.0022489241007709357,0.0038431153918436446
GARCH,BTC-USD,2026-06-27 17:15:00,0.001893635890323498,0.0038393383832483704
GARCH,BTC-USD,2026-06-27 17:30:00,0.001872826403691817,0.003840016921578258
GARCH,BTC-USD,2026-06-27 17:45:00,0.0018217416937713646,0.003839876061167479
GARCH,BTC-USD,2026-06-27 18:00:00,0.001707759918976077,0.0038397745182331008
GARCH,BTC-USD,2026-06-27 18:15:00,0.0016271385069022825,0.003839832716364236
GARCH,BTC-USD,2026-06-27 18:30:00,0.0015708290095687708,0.003837518389250711
GARCH,BTC-USD,2026-06-27 18:45:00,0.00149287894720229,0.0038371873940482287
GARCH,BTC-USD,2026-06-27 19:00:00,0.0014343243678692971,0.003847333405839511
GARCH,BTC-USD,2026-06-27 19:15:00,0.0023596994616377786,0.0038486413900657647
GARCH,BTC-USD,2026-06-27 19:30:00,0.0021359424598115864,0.0038278090166605798
GARCH,BTC-USD,2026-06-27 19:45:00,0.0020471358695757624,0.0038165576772883963
GARCH,BTC-USD,2026-06-27 20:00:00,0.002005292271202832,0.0038164731145138605
GARCH,BTC-USD,2026-06-27 20:15:00,0.0018705347500692407,0.0038157436426012035
GARCH,BTC-USD,2026-06-27 20:30:00,0.0017817308931436843,0.003815273953931292
GARCH,BTC-USD,2026-06-27 20:45:00,0.0016993309644680024,0.0038145909945799224
GARCH,BTC-USD,2026-06-27 21:00:00,0.0017389391113956762,0.0038149931434587436
GARCH,BTC-USD,2026-06-27 21:15:00,0.0016649792145558976,0.0038191807048022003
GARCH,BTC-USD,2026-06-27 21:30:00,0.002086575469530257,0.003819344069664798
GARCH,BTC-USD,2026-06-27 21:45:00,0.0018430838137980113,0.0038200397198730725
GARCH,BTC-USD,2026-06-27 22:00:00,0.0018810038200000063,0.003819572178112598
GARCH,BTC-USD,2026-06-27 22:15:00,0.0017360060288789483,0.003818067570249139
GARCH,BTC-USD,2026-06-27 22:30:00,0.0016869483890179148,0.0038186157985738195
GARCH,BTC-USD,2026-06-27 22:45:00,0.0016326238287715747,0.00382139226885338
GARCH,BTC-USD,2026-06-27 23:00:00,0.001985994558238069,0.003821812536591678
GARCH,BTC-USD,2026-06-27 23:15:00,0.001796056927145769,0.0038225823245686495
GARCH,BTC-USD,2026-06-27 23:30:00,0.0017862735424454702,0.0038223373496841873
GARCH,BTC-USD,2026-06-27 23:45:00,0.0016730425902127199,0.0038239776014256125
GARCH,BTC-USD,2026-06-28 00:00:00,0.0017566357840494479,0.0038239245237381946
GARCH,BTC-USD,2026-06-28 00:15:00,0.0016215602999902748,0.0038234975815664234
GARCH,BTC-USD,2026-06-28 00:30:00,0.0015620790545802022,0.003823674416075008
GARCH,BTC-USD,2026-06-28 00:45:00,0.0015079348876202267,0.0038237179485879273
GARCH,BTC-USD,2026-06-28 01:00:00,0.0014817316192715635,0.0038249083836895343
GARCH,BTC-USD,2026-06-28 01:15:00,0.0016429242591247523,0.003821476000751763
GARCH,BTC-USD,2026-06-28 01:30:00,0.0015431044623130249,0.0038196637566935
GARCH,BTC-USD,2026-06-28 01:45:00,0.0014999589083688023,0.003819085405037509
GARCH,BTC-USD,2026-06-28 02:00:00,0.0014870270817582112,0.003820773909173998
GARCH,BTC-USD,2026-06-28 02:15:00,0.001819879938658212,0.0038198639416571504
GARCH,BTC-USD,2026-06-28 02:30:00,0.0016056961935404777,0.003819667969562557
GARCH,BTC-USD,2026-06-28 02:45:00,0.0015673189970909433,0.0038214647286786423
GARCH,BTC-USD,2026-06-28 03:00:00,0.0016992353901764132,0.003819231059005394
GARCH,BTC-USD,2026-06-28 03:15:00,0.001546158374402755,0.0038081429300652315
GARCH,BTC-USD,2026-06-28 03:30:00,0.0015630939500483774,0.0038055752254420473
GARCH,BTC-USD,2026-06-28 03:45:00,0.0014588602992237354,0.0038047021588096352
GARCH,BTC-USD,2026-06-28 04:00:00,0.0014093899747569486,0.0038038337887994177
GARCH,BTC-USD,2026-06-28 04:15:00,0.001345267923578618,0.0036078719997110487
GARCH,BTC-USD,2026-06-28 04:30:00,0.0013063755916640518,0.002964844895776852
GARCH,BTC-USD,2026-06-28 04:45:00,0.0012807835612866742,0.002721318102837528
GARCH,BTC-USD,2026-06-28 05:00:00,0.0014791617361149527,0.002726460863225568
GARCH,BTC-USD,2026-06-28 05:15:00,0.0018189366049973779,0.002722620314885169
GARCH,BTC-USD,2026-06-28 05:30:00,0.0016702468481309127,0.002723269695480611
GARCH,BTC-USD,2026-06-28 05:45:00,0.0016606074662129237,0.0026906582727280405
GARCH,BTC-USD,2026-06-28 06:00:00,0.0018234517338994876,0.0026831277562812655
GARCH,BTC-USD,2026-06-28 06:15:00,0.0017409129846676936,0.002682598388786514
GARCH,BTC-USD,2026-06-28 06:30:00,0.0016652822740654497,0.0026568573108531326
GARCH,BTC-USD,2026-06-28 06:45:00,0.0015943172589627116,0.0026523125273442034
GARCH,BTC-USD,2026-06-28 07:00:00,0.001806373718676388,0.002652537203837518
GARCH,BTC-USD,2026-06-28 07:15:00,0.0016318205989498693,0.0026044035187571474
GARCH,BTC-USD,2026-06-28 07:30:00,0.0017661950889621433,0.002603978723893288
GARCH,BTC-USD,2026-06-28 07:45:00,0.0016042683180595015,0.00260311858323467
GARCH,BTC-USD,2026-06-28 08:00:00,0.001568747773041705,0.0025982563087398316
GARCH,BTC-USD,2026-06-28 08:15:00,0.0015069529880087746,0.0026085846162329117
GARCH,BTC-USD,2026-06-28 08:30:00,0.0021280935511044335,0.002605653944061437
GARCH,BTC-USD,2026-06-28 08:45:00,0.0018790198140875472,0.002587343283758675
GARCH,BTC-USD,2026-06-28 09:00:00,0.001822345722922474,0.002565868261146943
GARCH,BTC-USD,2026-06-28 09:15:00,0.0017506793464723703,0.0025477226091218286
GARCH,BTC-USD,2026-06-28 09:30:00,0.0016854517120393603,0.0025496058837635297
GARCH,BTC-USD,2026-06-28 09:45:00,0.0017699941252111114,0.0025345423347374724
GARCH,BTC-USD,2026-06-28 10:00:00,0.0016215131705319358,0.002537825599600818
GARCH,BTC-USD,2026-06-28 10:15:00,0.0019144236927896882,0.0025373489906623846
GARCH,BTC-USD,2026-06-28 10:30:00,0.0016978203697611172,0.0025375603593924554
GARCH,BTC-USD,2026-06-28 10:45:00,0.0016680992343050915,0.002524161565708324
GARCH,BTC-USD,2026-06-28 11:00:00,0.0015934539587122677,0.0025316314346939582
GARCH,BTC-USD,2026-06-28 11:15:00,0.002017859065258857,0.002529204554635866
GARCH,BTC-USD,2026-06-28 11:30:00,0.0017507111639787356,0.0025285750259989147
GARCH,BTC-USD,2026-06-28 11:45:00,0.0017355791893469905,0.002523495358550665
GARCH,BTC-USD,2026-06-28 12:00:00,0.001638999349122801,0.0025216662503755928
GARCH,BTC-USD,2026-06-28 12:15:00,0.0015801824231373581,0.0025106513413728254
GARCH,BTC-USD,2026-06-28 12:30:00,0.001640639240111432,0.002494860303165957
GARCH,BTC-USD,2026-06-28 12:45:00,0.0015587648126463786,0.0024796496104703917
GARCH,BTC-USD,2026-06-28 13:00:00,0.0019270681263559265,0.002476238691690835
GARCH,BTC-USD,2026-06-28 13:15:00,0.0016829308238233965,0.0024762202998077055
GARCH,BTC-USD,2026-06-28 13:30:00,0.0016453771356845653,0.002476519734624808
GARCH,BTC-USD,2026-06-28 13:45:00,0.0015996175567409684,0.002476659607261445
GARCH,BTC-USD,2026-06-28 14:00:00,0.0016820576674677157,0.0024717404613129887
GARCH,BTC-USD,2026-06-28 14:15:00,0.0015495036652622956,0.0024695903580293885
GARCH,BTC-USD,2026-06-28 14:30:00,0.001525616802799371,0.002462342280122565
GARCH,BTC-USD,2026-06-28 14:45:00,0.0015454014966670732,0.002460840670566738
GARCH,BTC-USD,2026-06-28 15:00:00,0.0014702567318382273,0.0024579563297248063
GARCH,BTC-USD,2026-06-28 15:15:00,0.0014199079681978357,0.002459017667145582
GARCH,BTC-USD,2026-06-28 15:30:00,0.001439575111344356,0.0024570393907528644
GARCH,BTC-USD,2026-06-28 15:45:00,0.0014647316140995572,0.002456701119892603
GARCH,BTC-USD,2026-06-28 16:00:00,0.0014350158430122657,0.002437143632719995
GARCH,BTC-USD,2026-06-28 16:15:00,0.001467582854585095,0.0024411332104220407
GARCH,BTC-USD,2026-06-28 16:30:00,0.0016630620599090238,0.0024389023103307504
GARCH,BTC-USD,2026-06-28 16:45:00,0.0015556965865139729,0.0023045426200385523
GARCH,BTC-USD,2026-06-28 17:00:00,0.001528816846818785,0.0022955354802988103
GARCH,BTC-USD,2026-06-28 17:15:00,0.0014735649400072213,0.002295033089016909
GARCH,BTC-USD,2026-06-28 17:30:00,0.0014887891162800315,0.0022793016027476323
GARCH,BTC-USD,2026-06-28 17:45:00,0.0014378848191139875,0.0022501419621311107
GARCH,BTC-USD,2026-06-28 18:00:00,0.0014364461805730722,0.002241556504478395
GARCH,BTC-USD,2026-06-28 18:15:00,0.0013789179445178384,0.002200250505948343
GARCH,BTC-USD,2026-06-28 18:30:00,0.0013188802183823304,0.0021234481080383808
GARCH,BTC-USD,2026-06-28 18:45:00,0.0012675396965890532,0.002122209346089623
GARCH,BTC-USD,2026-06-28 19:00:00,0.0014219055225289812,0.0021211478836593136
GARCH,BTC-USD,2026-06-28 19:15:00,0.0013271342065358062,0.002124162723310408
GARCH,BTC-USD,2026-06-28 19:30:00,0.0014987601020366133,0.002124049796713148
GARCH,BTC-USD,2026-06-28 19:45:00,0.0013868401339401388,0.002131150823386468
GARCH,BTC-USD,2026-06-28 20:00:00,0.0018003860800992913,0.0021320150710930057
GARCH,BTC-USD,2026-06-28 20:15:00,0.001615993245991889,0.002130806320598498
GARCH,BTC-USD,2026-06-28 20:30:00,0.0015965147184507534,0.0021294026275663395
GARCH,BTC-USD,2026-06-28 20:45:00,0.0015021813431391107,0.00211555976411267
GARCH,BTC-USD,2026-06-28 21:00:00,0.0014621983120101372,0.0020864683002315087
GARCH,BTC-USD,2026-06-28 21:15:00,0.0013910164496258907,0.002056975607969197
GARCH,BTC-USD,2026-06-28 21:30:00,0.0013729405027234397,0.0020695744005076173
GARCH,BTC-USD,2026-06-28 21:45:00,0.0020504151079575347,0.0020700682910648237
GARCH,BTC-USD,2026-06-28 22:00:00,0.002173483122367096,0.002084807434122973
GARCH,BTC-USD,2026-06-28 22:15:00,0.0026311629542815794,0.002102861523828662
GARCH,BTC-USD,2026-06-28 22:30:00,0.002962479199925554,0.0021026972973726228
GARCH,BTC-USD,2026-06-28 22:45:00,0.0026476825926483117,0.002096987863720801
GARCH,BTC-USD,2026-06-28 23:00:00,0.0028709646883853536,0.002118709998822116
GARCH,BTC-USD,2026-06-28 23:15:00,0.003259383706852272,0.0021247570656643456
GARCH,BTC-USD,2026-06-28 23:30:00,0.0031411574040334372,0.00213088549119505
GARCH,BTC-USD,2026-06-28 23:45:00,0.003101806617873604,0.002129810227240862
GARCH,BTC-USD,2026-06-29 00:00:00,0.002851722246156753,0.002164479611613525
GARCH,BTC-USD,2026-06-29 00:15:00,0.0037362514211083013,0.002169043368955944
GARCH,BTC-USD,2026-06-29 00:30:00,0.003383175689725985,0.0021730626416605063
GARCH,BTC-USD,2026-06-29 00:45:00,0.003801600304674234,0.002182301942067267
GARCH,BTC-USD,2026-06-29 01:00:00,0.003594485312230858,0.0021908404354584153
GARCH,BTC-USD,2026-06-29 01:15:00,0.003590340882074025,0.0021984534886666032
GARCH,BTC-USD,2026-06-29 01:30:00,0.0036999098654110596,0.002187453834089856
GARCH,BTC-USD,2026-06-29 01:45:00,0.0034233979062475335,0.002225249771272525
GARCH,BTC-USD,2026-06-29 02:00:00,0.0043746909841223015,0.0022905912170551684
GARCH,BTC-USD,2026-06-29 02:15:00,0.005160004622251479,0.0023035352051505764
GARCH,BTC-USD,2026-06-29 02:30:00,0.004770384022830755,0.0023031969756686587
GARCH,BTC-USD,2026-06-29 02:45:00,0.004469420650384075,0.0023173350031824996
GARCH,BTC-USD,2026-06-29 03:00:00,0.004524905208508247,0.0023061350749328524
GARCH,BTC-USD,2026-06-29 03:15:00,0.004281621553659885,0.0022357590135050464
GARCH,BTC-USD,2026-06-29 03:30:00,0.004307936214271566,0.0022388152840089044
GARCH,BTC-USD,2026-06-29 03:45:00,0.004006207295656112,0.002240386047658547
GARCH,BTC-USD,2026-06-29 04:00:00,0.0038436255774784295,0.002231122540252853
GARCH,BTC-USD,2026-06-29 04:15:00,0.003564547596797506,0.0021463381170002374
GARCH,BTC-USD,2026-06-29 04:30:00,0.0034208341950000437,0.00202624003942303
GARCH,BTC-USD,2026-06-29 04:45:00,0.0031735918208382462,0.0020426735126900268
GARCH,BTC-USD,2026-06-29 05:00:00,0.00364065312240611,0.0020476372279231527
GARCH,BTC-USD,2026-06-29 05:15:00,0.003357543505515638,0.002002203117062261
GARCH,BTC-USD,2026-06-29 05:30:00,0.0035593706985260947,0.0020109293134783603
GARCH,BTC-USD,2026-06-29 05:45:00,0.0034361810423404774,0.001997046998593625
GARCH,BTC-USD,2026-06-29 06:00:00,0.0032183245141927334,0.00196218243775501
GARCH,BTC-USD,2026-06-29 06:15:00,0.003012001910360502,0.0019475742231023433
GARCH,BTC-USD,2026-06-29 06:30:00,0.002881734912660545,0.0019450538670901037
GARCH,BTC-USD,2026-06-29 06:45:00,0.0026812889049980452,0.0019382166552489714
GARCH,BTC-USD,2026-06-29 07:00:00,0.002523137135991384,0.0019334246368212316
GARCH,BTC-USD,2026-06-29 07:15:00,0.002374561819966156,0.0019340179550909142
GARCH,BTC-USD,2026-06-29 07:30:00,0.0022593035726532584,0.0019341273953569485
GARCH,BTC-USD,2026-06-29 07:45:00,0.002126884931670987,0.0019278351771002673
GARCH,BTC-USD,2026-06-29 08:00:00,0.00206602457297698,0.0019317228836068158
GARCH,BTC-USD,2026-06-29 08:15:00,0.0021099447843005315,0.001928705476250094
GARCH,BTC-USD,2026-06-29 08:30:00,0.001948391733662984,0.0019285030627187532
GARCH,BTC-USD,2026-06-29 08:45:00,0.0018719888089382005,0.0019314595584629438
GARCH,BTC-USD,2026-06-29 09:00:00,0.001928087420405627,0.0019136961691044638
GARCH,BTC-USD,2026-06-29 09:15:00,0.0017713730230644307,0.0019124833191553289
GARCH,BTC-USD,2026-06-29 09:30:00,0.0017024478452581213,0.0019122795791029117
GARCH,BTC-USD,2026-06-29 09:45:00,0.0017632593769059558,0.0018856101355138194
GARCH,BTC-USD,2026-06-29 10:00:00,0.0020361512175413156,0.0018837377500639325
GARCH,BTC-USD,2026-06-29 10:15:00,0.0018075966208927377,0.001884953509619604
GARCH,BTC-USD,2026-06-29 10:30:00,0.0018352844977057275,0.0018842333892611749
GARCH,BTC-USD,2026-06-29 10:45:00,0.0017211944090795143,0.0018873004704703976
GARCH,BTC-USD,2026-06-29 11:00:00,0.0018995981102831305,0.001886925886668225
GARCH,BTC-USD,2026-06-29 11:15:00,0.0017318131824772447,0.0018868516934637078
GARCH,BTC-USD,2026-06-29 11:30:00,0.001888102784327093,0.0018879472110522764
GARCH,BTC-USD,2026-06-29 11:45:00,0.0018170608774742874,0.002027859233873463
GARCH,BTC-USD,2026-06-29 12:00:00,0.005217751930446608,0.0020389657217560367
GARCH,BTC-USD,2026-06-29 12:15:00,0.004273824200080667,0.002099283335856673
GARCH,BTC-USD,2026-06-29 12:30:00,0.0054058401289858405,0.0020976060030712335
GARCH,BTC-USD,2026-06-29 12:45:00,0.0046028189507011106,0.0021146344289734364
GARCH,BTC-USD,2026-06-29 13:00:00,0.0047877804528329146,0.0021278488078188846
GARCH,BTC-USD,2026-06-29 13:15:00,0.00458003645988093,0.0021869229166079497
GARCH,BTC-USD,2026-06-29 13:30:00,0.005437736013079498,0.002185670408326671
GARCH,BTC-USD,2026-06-29 13:45:00,0.0047131112406294424,0.0022446099666503898
GARCH,BTC-USD,2026-06-29 14:00:00,0.005694552645341022,0.0022850236986443053
GARCH,BTC-USD,2026-06-29 14:15:00,0.005666763871356787,0.0022892225288440333
GARCH,BTC-USD,2026-06-29 14:30:00,0.005295789959954129,0.00229325494720429
GARCH,BTC-USD,2026-06-29 14:45:00,0.0050169911721774495,0.002303608248974339
GARCH,BTC-USD,2026-06-29 15:00:00,0.004887265965944488,0.002317335978870622
GARCH,BTC-USD,2026-06-29 15:15:00,0.00480206794090116,0.0023423088225514753
GARCH,BTC-USD,2026-06-29 15:30:00,0.004970144268663765,0.002340504803291098
GARCH,BTC-USD,2026-06-29 15:45:00,0.004477174004733148,0.002339739726102632
GARCH,BTC-USD,2026-06-29 16:00:00,0.00427839458912188,0.0023428562741643092
GARCH,BTC-USD,2026-06-29 16:15:00,0.004052415409539302,0.0023596110197808833
GARCH,BTC-USD,2026-06-29 16:30:00,0.004201232971537322,0.002359650622697823
GARCH,BTC-USD,2026-06-29 16:45:00,0.0037917260888227066,0.002429470881847211
GARCH,BTC-USD,2026-06-29 17:00:00,0.005391074453444794,0.002423482356783299
GARCH,BTC-USD,2026-06-29 17:15:00,0.0045242490511310345,0.0024251340594863228
GARCH,BTC-USD,2026-06-29 17:30:00,0.004456280899434662,0.002435824885228694
GARCH,BTC-USD,2026-06-29 17:45:00,0.004336606439351385,0.0024352042543873366
GARCH,BTC-USD,2026-06-29 18:00:00,0.004060463797550003,0.002443815020407318
GARCH,BTC-USD,2026-06-29 18:15:00,0.0041412620376641476,0.0024437629816780938
GARCH,BTC-USD,2026-06-29 18:30:00,0.003753517165593462,0.0024438384075043933
GARCH,BTC-USD,2026-06-29 18:45:00,0.0035512882559698335,0.002443233290504937
GARCH,BTC-USD,2026-06-29 19:00:00,0.0033778243837095283,0.0024595897607329713
GARCH,BTC-USD,2026-06-29 19:15:00,0.0036531510432725577,0.0024594667661845824
GARCH,BTC-USD,2026-06-29 19:30:00,0.003255777567044452,0.002456168608805059
GARCH,BTC-USD,2026-06-29 19:45:00,0.00311841798416648,0.0024553003600158952
GARCH,BTC-USD,2026-06-29 20:00:00,0.0028970019662395595,0.0024506358982510504
GARCH,BTC-USD,2026-06-29 20:15:00,0.002732253409446747,0.0024496357643931767
GARCH,BTC-USD,2026-06-29 20:30:00,0.0025600527236383135,0.0024531286764311565
GARCH,BTC-USD,2026-06-29 20:45:00,0.002556117953827043,0.0024547402009834868
GARCH,BTC-USD,2026-06-29 21:00:00,0.0024940562661994407,0.0024551719904908047
GARCH,BTC-USD,2026-06-29 21:15:00,0.002351132480711127,0.002447966875331795
GARCH,BTC-USD,2026-06-29 21:30:00,0.002338240781788409,0.0024476942549557495
GARCH,BTC-USD,2026-06-29 21:45:00,0.002163191497756534,0.0024473161778452747
GARCH,BTC-USD,2026-06-29 22:00:00,0.0020586449237053454,0.002444772090860798
GARCH,BTC-USD,2026-06-29 22:15:00,0.0019369101233264198,0.002445369126080011
GARCH,BTC-USD,2026-06-29 22:30:00,0.0018680996402615688,0.00244301427335566
GARCH,BTC-USD,2026-06-29 22:45:00,0.0017724155444968476,0.0024419275026254725
GARCH,BTC-USD,2026-06-29 23:00:00,0.0016797101346471845,0.002444500967968052
GARCH,BTC-USD,2026-06-29 23:15:00,0.0017732444297551741,0.0024433536351581037
GARCH,BTC-USD,2026-06-29 23:30:00,0.001625569881846871,0.00244207987689613
GARCH,BTC-USD,2026-06-29 23:45:00,0.0015637274637346796,0.0024410125830785913
GARCH,BTC-USD,2026-06-30 00:00:00,0.001537014126976123,0.0024562328143742556
GARCH,BTC-USD,2026-06-30 00:15:00,0.002332624074925647,0.0024618498901392985
GARCH,BTC-USD,2026-06-30 00:30:00,0.00226312360771135,0.002462742946105134
GARCH,BTC-USD,2026-06-30 00:45:00,0.002145336756487846,0.0024618591133358297
GARCH,BTC-USD,2026-06-30 01:00:00,0.0020182400907493296,0.002471829754345649
GARCH,BTC-USD,2026-06-30 01:15:00,0.0023913000638876095,0.0024807551307373284
GARCH,BTC-USD,2026-06-30 01:30:00,0.0025261056802004522,0.0024833323358335727
GARCH,BTC-USD,2026-06-30 01:45:00,0.002393692321169927,0.002488428964048477
GARCH,BTC-USD,2026-06-30 02:00:00,0.0024866981543577135,0.002491848859279845
GARCH,BTC-USD,2026-06-30 02:15:00,0.0025724388697665234,0.0024920870294370605
GARCH,BTC-USD,2026-06-30 02:30:00,0.002349006335659883,0.0024908547091407997
GARCH,BTC-USD,2026-06-30 02:45:00,0.0022684439323559574,0.0024902832887316205
GARCH,BTC-USD,2026-06-30 03:00:00,0.002143833179245299,0.002490203375779623
GARCH,BTC-USD,2026-06-30 03:15:00,0.0020393502952289044,0.0024933264508757206
GARCH,BTC-USD,2026-06-30 03:30:00,0.0020981123472349154,0.002494022180288985
GARCH,BTC-USD,2026-06-30 03:45:00,0.002091773059737177,0.0024948535903737616
GARCH,BTC-USD,2026-06-30 04:00:00,0.0019953752045495767,0.002494556873938925
GARCH,BTC-USD,2026-06-30 04:15:00,0.0018775342072886694,0.0024918066279006803
GARCH,BTC-USD,2026-06-30 04:30:00,0.0018279799292393675,0.002494780001090732
GARCH,BTC-USD,2026-06-30 04:45:00,0.001908374917662119,0.0024936939721453234
GARCH,BTC-USD,2026-06-30 05:00:00,0.0018002691626099621,0.0024928533014458797
GARCH,BTC-USD,2026-06-30 05:15:00,0.0017276010546295783,0.002498825956593753
GARCH,BTC-USD,2026-06-30 05:30:00,0.001993143347555912,0.0025007623942288745
GARCH,BTC-USD,2026-06-30 05:45:00,0.0018862819930171948,0.002485452588455171
GARCH,BTC-USD,2026-06-30 06:00:00,0.001854972610594371,0.0024883633534520722
GARCH,BTC-USD,2026-06-30 06:15:00,0.0019490806498560103,0.0024921111111005363
GARCH,BTC-USD,2026-06-30 06:30:00,0.0020064657370459996,0.002491651246598186
GARCH,BTC-USD,2026-06-30 06:45:00,0.001852068328013699,0.002492107580417047
GARCH,BTC-USD,2026-06-30 07:00:00,0.0018953421742311282,0.002492005884169701
GARCH,BTC-USD,2026-06-30 07:15:00,0.0017514885414754717,0.0024912043333933783
GARCH,BTC-USD,2026-06-30 07:30:00,0.0016931166529006415,0.002491168685410263
GARCH,BTC-USD,2026-06-30 07:45:00,0.0015999055234235007,0.0024810861055979943
GARCH,BTC-USD,2026-06-30 08:00:00,0.0016908360330127584,0.0024811375969306694
GARCH,BTC-USD,2026-06-30 08:15:00,0.001562154890148837,0.002484599630698142
GARCH,BTC-USD,2026-06-30 08:30:00,0.001766671969171758,0.0024839804301976815
GARCH,BTC-USD,2026-06-30 08:45:00,0.001605923784619142,0.0024843142106171553
GARCH,BTC-USD,2026-06-30 09:00:00,0.001567171142734233,0.002484690521238074
GARCH,BTC-USD,2026-06-30 09:15:00,0.0015134083924372515,0.0024852002474992224
GARCH,BTC-USD,2026-06-30 09:30:00,0.0014981081360626544,0.002485188371711118
GARCH,BTC-USD,2026-06-30 09:45:00,0.0014162659199737648,0.0024850149101857464
GARCH,BTC-USD,2026-06-30 10:00:00,0.0013593444865861283,0.002468509242944629
GARCH,BTC-USD,2026-06-30 10:15:00,0.0013017262551920353,0.002465412791898547
GARCH,BTC-USD,2026-06-30 10:30:00,0.0012783065552450306,0.002465377223269707
GARCH,BTC-USD,2026-06-30 10:45:00,0.0012209073601621872,0.002464246171160595
GARCH,BTC-USD,2026-06-30 11:00:00,0.0012335913460971024,0.0024704268150223287
GARCH,BTC-USD,2026-06-30 11:15:00,0.0016681900832642615,0.002470537335901885
GARCH,BTC-USD,2026-06-30 11:30:00,0.001445913287844282,0.0024710825090263075
GARCH,BTC-USD,2026-06-30 11:45:00,0.0015048041466473436,0.0024760137649881943
GARCH,BTC-USD,2026-06-30 12:00:00,0.0019024090133940021,0.0024793630682080543
GARCH,BTC-USD,2026-06-30 12:15:00,0.001954777698027844,0.0024711900510528424
GARCH,BTC-USD,2026-06-30 12:30:00,0.0018059898653069537,0.0025158858983849444
GARCH,BTC-USD,2026-06-30 12:45:00,0.0036466715005176514,0.0025158625816585354
GARCH,BTC-USD,2026-06-30 13:00:00,0.0029103721073107025,0.00251661558674992
GARCH,BTC-USD,2026-06-30 13:15:00,0.002929341834673871,0.002517122210881373
GARCH,BTC-USD,2026-06-30 13:30:00,0.0027115684062640295,0.002522974926760002
GARCH,BTC-USD,2026-06-30 13:45:00,0.0028101807452280193,0.0025321943218438764
GARCH,BTC-USD,2026-06-30 14:00:00,0.003154818800748437,0.0025318389601168756
GARCH,BTC-USD,2026-06-30 14:15:00,0.0028026198848577206,0.002533888538988027
GARCH,BTC-USD,2026-06-30 14:30:00,0.002809730908034666,0.0025755401021161552
GARCH,BTC-USD,2026-06-30 14:45:00,0.004025305831314155,0.002573131592549354
GARCH,BTC-USD,2026-06-30 15:00:00,0.0033636330653040035,0.002573464618825739
GARCH,BTC-USD,2026-06-30 15:15:00,0.0033188730216857578,0.0025743095634210567
GARCH,BTC-USD,2026-06-30 15:30:00,0.00307404291566418,0.002574671335808497
GARCH,BTC-USD,2026-06-30 15:45:00,0.0029235878657606273,0.002574420780510139
GARCH,BTC-USD,2026-06-30 16:00:00,0.0027307651205825765,0.002572625958115219
GARCH,BTC-USD,2026-06-30 16:15:00,0.0026633039740916638,0.002571815020176728
GARCH,BTC-USD,2026-06-30 16:30:00,0.002466826674116787,0.0025797694688807086
GARCH,BTC-USD,2026-06-30 16:45:00,0.002668124332800444,0.0025800954331056613
GARCH,BTC-USD,2026-06-30 17:00:00,0.0024622469941003545,0.002574562000744752
GARCH,BTC-USD,2026-06-30 17:15:00,0.002330143365363825,0.002574350067407305
GARCH,BTC-USD,2026-06-30 17:30:00,0.002188523261275123,0.002574975707796783
GARCH,BTC-USD,2026-06-30 17:45:00,0.002088749000346937,0.0025720374903256773
GARCH,BTC-USD,2026-06-30 18:00:00,0.0019849504176951025,0.002573008040911435
GARCH,BTC-USD,2026-06-30 18:15:00,0.001918947617183814,0.002573361864424038
GARCH,BTC-USD,2026-06-30 18:30:00,0.0018777235109610566,0.0025858532255488005
GARCH,BTC-USD,2026-06-30 18:45:00,0.0023988670060193433,0.0025857903932766735
GARCH,BTC-USD,2026-06-30 19:00:00,0.00206773549854052,0.0025858993524178436
GARCH,BTC-USD,2026-06-30 19:15:00,0.0020200680907619885,0.0025877395774978975
GARCH,BTC-USD,2026-06-30 19:30:00,0.001986972487503371,0.0025886452703180914
GARCH,BTC-USD,2026-06-30 19:45:00,0.0019130384255384542,0.0025866464244456173
GARCH,BTC-USD,2026-06-30 20:00:00,0.0018386122317963982,0.0025844898211281396
GARCH,BTC-USD,2026-06-30 20:15:00,0.001985339184706734,0.002584388695120711
GARCH,BTC-USD,2026-06-30 20:30:00,0.001884810290485768,0.002584671278677945
GARCH,BTC-USD,2026-06-30 20:45:00,0.0018463550925294876,0.002584954064354059
GARCH,BTC-USD,2026-06-30 21:00:00,0.00198949949865083,0.0025832880201055353
GARCH,BTC-USD,2026-06-30 21:15:00,0.001799469885393004,0.0025829331807876088
GARCH,BTC-USD,2026-06-30 21:30:00,0.0017314750830743633,0.0025830991014549566
GARCH,BTC-USD,2026-06-30 21:45:00,0.001658463901875049,0.0025806613962396376
GARCH,BTC-USD,2026-06-30 22:00:00,0.001703240913277853,0.0025818243309844863
GARCH,BTC-USD,2026-06-30 22:15:00,0.0016767356726888063,0.0025792175728983377
GARCH,BTC-USD,2026-06-30 22:30:00,0.0016108133243583995,0.0025792690070580355
GARCH,BTC-USD,2026-06-30 22:45:00,0.0015271179925578377,0.002579072424977386
GARCH,BTC-USD,2026-06-30 23:00:00,0.0014570171149425378,0.0025786047516981815
GARCH,BTC-USD,2026-06-30 23:15:00,0.0013911124823454838,0.0025670678390117122
GARCH,BTC-USD,2026-06-30 23:30:00,0.0013335179045113885,0.0025660147033727985
GARCH,BTC-USD,2026-06-30 23:45:00,0.0012864443223490566,0.002566171114437755
GARCH,BTC-USD,2026-07-01 00:00:00,0.0012468006650395592,0.002579002951312947
GARCH,BTC-USD,2026-07-01 00:15:00,0.0021491479598015795,0.002580370515568992
GARCH,BTC-USD,2026-07-01 00:30:00,0.0018570413522549097,0.0025806316866062978
GARCH,BTC-USD,2026-07-01 00:45:00,0.001950246165585125,0.0026211591232695786
GARCH,BTC-USD,2026-07-01 01:00:00,0.003567607093889987,0.0026263818309723535
GARCH,BTC-USD,2026-07-01 01:15:00,0.003187956168864928,0.0026932742868362807
GARCH,BTC-USD,2026-07-01 01:30:00,0.004953429888790125,0.0026961704431473794
GARCH,BTC-USD,2026-07-01 01:45:00,0.004136320248493232,0.002695996009474622
GARCH,BTC-USD,2026-07-01 02:00:00,0.0040402106301202735,0.002693086875338094
GARCH,BTC-USD,2026-07-01 02:15:00,0.0038700009284306706,0.002701409758331363
GARCH,BTC-USD,2026-07-01 02:30:00,0.0038480335841053117,0.0027013862272813834
GARCH,BTC-USD,2026-07-01 02:45:00,0.0035314481800515253,0.0027026364422518623
GARCH,BTC-USD,2026-07-01 03:00:00,0.00338033842973382,0.002703608638171517
GARCH,BTC-USD,2026-07-01 03:15:00,0.0031932261953825964,0.0027020771191243282
GARCH,BTC-USD,2026-07-01 03:30:00,0.0029845293233014183,0.0027159372086882185
GARCH,BTC-USD,2026-07-01 03:45:00,0.003342407759348633,0.0027110001346560214
GARCH,BTC-USD,2026-07-01 04:00:00,0.0029964073814905652,0.002716623235738943
GARCH,BTC-USD,2026-07-01 04:15:00,0.0030736451557160866,0.0027181886884061245
GARCH,BTC-USD,2026-07-01 04:30:00,0.00285716899835302,0.002717750764815817
GARCH,BTC-USD,2026-07-01 04:45:00,0.002693152435480925,0.0027155120599030892
GARCH,BTC-USD,2026-07-01 05:00:00,0.0025366651054478575,0.0027181505242512747
GARCH,BTC-USD,2026-07-01 05:15:00,0.002517723619122443,0.0027178965329502937
GARCH,BTC-USD,2026-07-01 05:30:00,0.002322990310924631,0.0027169440938241006
GARCH,BTC-USD,2026-07-01 05:45:00,0.0022173313106917526,0.002724733107494309
GARCH,BTC-USD,2026-07-01 06:00:00,0.002526860920279615,0.0027296266606837054
GARCH,BTC-USD,2026-07-01 06:15:00,0.0025145845924246933,0.0027303077306748483
GARCH,BTC-USD,2026-07-01 06:30:00,0.0024118054852678246,0.002729942131056582
GARCH,BTC-USD,2026-07-01 06:45:00,0.0022804696086298534,0.0027304770578589874
GARCH,BTC-USD,2026-07-01 07:00:00,0.002216305667217108,0.0027303207797163987
GARCH,BTC-USD,2026-07-01 07:15:00,0.0021054041885104494,0.002727339092704819
GARCH,BTC-USD,2026-07-01 07:30:00,0.0020061781815126477,0.002727953305997397
GARCH,BTC-USD,2026-07-01 07:45:00,0.0019738401743673354,0.002728564907451388
GARCH,BTC-USD,2026-07-01 08:00:00,0.001907853318548413,0.0027295067478568004
GARCH,BTC-USD,2026-07-01 08:15:00,0.0018799636676552728,0.002731620944837038
GARCH,BTC-USD,2026-07-01 08:30:00,0.001932224771771486,0.0027438321434647603
GARCH,BTC-USD,2026-07-01 08:45:00,0.0024878650081234343,0.0027430398817894987
GARCH,BTC-USD,2026-07-01 09:00:00,0.002136608521039293,0.002743593320618355
GARCH,BTC-USD,2026-07-01 09:15:00,0.0021314235817532137,0.00274359652936953
GARCH,BTC-USD,2026-07-01 09:30:00,0.001969624647561259,0.0027443584360300616
GARCH,BTC-USD,2026-07-01 09:45:00,0.001919048162483901,0.002749152595704761
GARCH,BTC-USD,2026-07-01 10:00:00,0.002216099281725749,0.0027487706175809263
GARCH,BTC-USD,2026-07-01 10:15:00,0.0019634127963112664,0.002749756509681105
GARCH,BTC-USD,2026-07-01 10:30:00,0.002110972300035893,0.0027497497032355923
GARCH,BTC-USD,2026-07-01 10:45:00,0.001925619983952664,0.0027440722849202924
GARCH,BTC-USD,2026-07-01 11:00:00,0.0018725177285889166,0.002743302434051985
GARCH,BTC-USD,2026-07-01 11:15:00,0.0017550456888958408,0.0027429600289617336
GARCH,BTC-USD,2026-07-01 11:30:00,0.0016715820524599476,0.002743729443097592
GARCH,BTC-USD,2026-07-01 11:45:00,0.0016523510933143747,0.0027490650023984506
GARCH,BTC-USD,2026-07-01 12:00:00,0.001966460101428956,0.002751800332234763
GARCH,BTC-USD,2026-07-01 12:15:00,0.0018945431290153874,0.002756252031773511
GARCH,BTC-USD,2026-07-01 12:30:00,0.00210048580794416,0.002749986954020867
GARCH,BTC-USD,2026-07-01 12:45:00,0.0020829585318786013,0.002746226366414955
GARCH,BTC-USD,2026-07-01 13:00:00,0.002163743501386812,0.002739970310473935
GARCH,BTC-USD,2026-07-01 13:15:00,0.002315024007266843,0.002733841743655543
GARCH,BTC-USD,2026-07-01 13:30:00,0.0025239090904693277,0.0027810638961426487
GARCH,BTC-USD,2026-07-01 13:45:00,0.004122129233553798,0.002817463117050149
GARCH,BTC-USD,2026-07-01 14:00:00,0.004761805893613557,0.0028076098799001414
GARCH,BTC-USD,2026-07-01 14:15:00,0.004304178394148071,0.0028085338833679177
GARCH,BTC-USD,2026-07-01 14:30:00,0.004267833724210672,0.0028046544572467714
GARCH,BTC-USD,2026-07-01 14:45:00,0.003936699780467378,0.002834942247978442
GARCH,BTC-USD,2026-07-01 15:00:00,0.004603986707135843,0.0028365897459890653
GARCH,BTC-USD,2026-07-01 15:15:00,0.004860979452799441,0.0028320105458462357
GARCH,BTC-USD,2026-07-01 15:30:00,0.004375549442442392,0.0028168432711619383
GARCH,BTC-USD,2026-07-01 15:45:00,0.0041783410517267135,0.0028095021166754264
GARCH,BTC-USD,2026-07-01 16:00:00,0.003873258596009047,0.0028024785677892242
GARCH,BTC-USD,2026-07-01 16:15:00,0.0036312470900897,0.0027913484275860754
GARCH,BTC-USD,2026-07-01 16:30:00,0.0034165632704340186,0.0027945305175615313
GARCH,BTC-USD,2026-07-01 16:45:00,0.0033900269748695206,0.002758200085018341
GARCH,BTC-USD,2026-07-01 17:00:00,0.0031118774160265356,0.0027163808873606993
GARCH,BTC-USD,2026-07-01 17:15:00,0.0033960508676737877,0.0027053965017964847
GARCH,BTC-USD,2026-07-01 17:30:00,0.003021712219052308,0.0027056108528605333
GARCH,BTC-USD,2026-07-01 17:45:00,0.002898782225069732,0.0026956199113994626
GARCH,BTC-USD,2026-07-01 18:00:00,0.0027997809309827353,0.0026907566850171622
GARCH,BTC-USD,2026-07-01 18:15:00,0.002635419264787697,0.0026796587716077583
GARCH,BTC-USD,2026-07-01 18:30:00,0.002525252099006021,0.002677224171318592
GARCH,BTC-USD,2026-07-01 18:45:00,0.0023710052773698643,0.0026761485473523455
GARCH,BTC-USD,2026-07-01 19:00:00,0.002342160168075242,0.0026790394361550693
GARCH,BTC-USD,2026-07-01 19:15:00,0.002317495945888626,0.002677284792104591
GARCH,BTC-USD,2026-07-01 19:30:00,0.002171057896581617,0.002684308594766599
GARCH,BTC-USD,2026-07-01 19:45:00,0.0024160426396015087,0.0026659944027080237
GARCH,BTC-USD,2026-07-01 20:00:00,0.0021677180864357647,0.002661152175498668
GARCH,BTC-USD,2026-07-01 20:15:00,0.0020831674944760277,0.0026505694665540616
GARCH,BTC-USD,2026-07-01 20:30:00,0.002006521180407614,0.0026454623863210974
GARCH,BTC-USD,2026-07-01 20:45:00,0.0019770215990282834,0.002663512222538528
GARCH,BTC-USD,2026-07-01 21:00:00,0.0028057763059816344,0.002664775562460942
GARCH,BTC-USD,2026-07-01 21:15:00,0.0024225419309909135,0.0026805383571648564
GARCH,BTC-USD,2026-07-01 21:30:00,0.0031317950097351265,0.0026805399371439454
GARCH,BTC-USD,2026-07-01 21:45:00,0.0026701977942601425,0.0026805437788528456
GARCH,BTC-USD,2026-07-01 22:00:00,0.0025984516428719006,0.0026943604405781814
GARCH,BTC-USD,2026-07-01 22:15:00,0.0029914878145243635,0.0026948061700143985
GARCH,BTC-USD,2026-07-01 22:30:00,0.0026720181357399175,0.0026946327991234985
GARCH,BTC-USD,2026-07-01 22:45:00,0.0025534259820833697,0.0027051900458955
GARCH,BTC-USD,2026-07-01 23:00:00,0.0029046909864998373,0.0027023947990132964
GARCH,BTC-USD,2026-07-01 23:15:00,0.002575396908829442,0.0027028736280954547
GARCH,BTC-USD,2026-07-01 23:30:00,0.002505673422081909,0.0027057046729846326
GARCH,BTC-USD,2026-07-01 23:45:00,0.002483139531868804,0.0027045029844008023
GARCH,BTC-USD,2026-07-02 00:00:00,0.0023698253592007927,0.0027099637243652814
GARCH,BTC-USD,2026-07-02 00:15:00,0.002506359379711885,0.002714892103857947
GARCH,BTC-USD,2026-07-02 00:30:00,0.0025324986044289732,0.00271584213471539
GARCH,BTC-USD,2026-07-02 00:45:00,0.002461150868728193,0.002715663537750206
GARCH,BTC-USD,2026-07-02 01:00:00,0.0025747706383335957,0.002717530052708396
GARCH,BTC-USD,2026-07-02 01:15:00,0.002429136523307226,0.002722830533470503
GARCH,BTC-USD,2026-07-02 01:30:00,0.002612061375997062,0.002722529437495374
GARCH,BTC-USD,2026-07-02 01:45:00,0.0023466440411537,0.0027189638376445046
GARCH,BTC-USD,2026-07-02 02:00:00,0.0022577130097661186,0.002719361761540874
GARCH,BTC-USD,2026-07-02 02:15:00,0.0021525177810116213,0.0027239607962986153
GARCH,BTC-USD,2026-07-02 02:30:00,0.0024582172816735456,0.002722359471521516
GARCH,BTC-USD,2026-07-02 02:45:00,0.0021780112528535633,0.002619681993810251
GARCH,BTC-USD,2026-07-02 03:00:00,0.002140032480872969,0.0026099510859922763
GARCH,BTC-USD,2026-07-02 03:15:00,0.002073292268160431,0.002570026410918746
GARCH,BTC-USD,2026-07-02 03:30:00,0.0025642874480988685,0.002582733203928489
GARCH,BTC-USD,2026-07-02 03:45:00,0.0028334427937996083,0.0025722597710806675
GARCH,BTC-USD,2026-07-02 04:00:00,0.0026319373958812193,0.0025624818417375895
GARCH,BTC-USD,2026-07-02 04:15:00,0.0025345893318597175,0.0025119311170614406
GARCH,BTC-USD,2026-07-02 04:30:00,0.0024362600699740387,0.002511469337484527
