model_name,asset_symbol,timestamp,predicted_value,real_value
GARCH,ETH-USD,2026-06-03 07:30:00,0.0037378663579282867,0.0032642112712606315
GARCH,ETH-USD,2026-06-03 07:45:00,0.0035613212094993425,0.003265503970711748
GARCH,ETH-USD,2026-06-03 08:00:00,0.0034303638121039003,0.003264328565828847
GARCH,ETH-USD,2026-06-03 08:15:00,0.0032122589573181275,0.003267526114348052
GARCH,ETH-USD,2026-06-03 08:30:00,0.0032130389168787,0.003267497822782586
GARCH,ETH-USD,2026-06-03 08:45:00,0.002966897805074498,0.0032666254321670196
GARCH,ETH-USD,2026-06-03 09:00:00,0.0028479706764764144,0.0032668883427673687
GARCH,ETH-USD,2026-06-03 09:15:00,0.0027130799122072136,0.0032697468765083056
GARCH,ETH-USD,2026-06-03 09:30:00,0.0027682725911327357,0.0032730260006974374
GARCH,ETH-USD,2026-06-03 09:45:00,0.0026833983609929005,0.003288246871501412
GARCH,ETH-USD,2026-06-03 10:00:00,0.0032052438622681614,0.003288499139915379
GARCH,ETH-USD,2026-06-03 10:15:00,0.0027866623114134836,0.0032894797856884914
GARCH,ETH-USD,2026-06-03 10:30:00,0.002820764034843533,0.003289390760033385
GARCH,ETH-USD,2026-06-03 10:45:00,0.0026187757661664886,0.003290442672935839
GARCH,ETH-USD,2026-06-03 11:00:00,0.0025933579619468973,0.003289994102581271
GARCH,ETH-USD,2026-06-03 11:15:00,0.00242631713480389,0.003294414116793648
GARCH,ETH-USD,2026-06-03 11:30:00,0.0026202838272765794,0.0032927331962299797
GARCH,ETH-USD,2026-06-03 11:45:00,0.0024611102551841935,0.0032940763590167113
GARCH,ETH-USD,2026-06-03 12:00:00,0.0024583789895285947,0.003293891149255556
GARCH,ETH-USD,2026-06-03 12:15:00,0.002306862777397342,0.0032929251061090572
GARCH,ETH-USD,2026-06-03 12:30:00,0.0022180024386308124,0.003294244536673518
GARCH,ETH-USD,2026-06-03 12:45:00,0.002270475117162106,0.003294793020070624
GARCH,ETH-USD,2026-06-03 13:00:00,0.0021619343036218424,0.003299127062302223
GARCH,ETH-USD,2026-06-03 13:15:00,0.0024112863358851807,0.003300928442625889
GARCH,ETH-USD,2026-06-03 13:30:00,0.0023572992978773207,0.003302246178211395
GARCH,ETH-USD,2026-06-03 13:45:00,0.00229173793039005,0.0033017160569499527
GARCH,ETH-USD,2026-06-03 14:00:00,0.002187347525563766,0.0033079768423696677
GARCH,ETH-USD,2026-06-03 14:15:00,0.0027141486176294727,0.003306576472962603
GARCH,ETH-USD,2026-06-03 14:30:00,0.002526585482779408,0.0033090447884056746
GARCH,ETH-USD,2026-06-03 14:45:00,0.0026634608512418733,0.0033134040844165664
GARCH,ETH-USD,2026-06-03 15:00:00,0.0029086771487396128,0.0033083784488656003
GARCH,ETH-USD,2026-06-03 15:15:00,0.0026592822189562128,0.003320301668212367
GARCH,ETH-USD,2026-06-03 15:30:00,0.003231105030581992,0.0033291273357160785
GARCH,ETH-USD,2026-06-03 15:45:00,0.003274023765380972,0.0033155667733406956
GARCH,ETH-USD,2026-06-03 16:00:00,0.0030064195503897166,0.0033670326927643713
GARCH,ETH-USD,2026-06-03 16:15:00,0.004891899185015505,0.003384532037949093
GARCH,ETH-USD,2026-06-03 16:30:00,0.004412244962419921,0.003382743492993517
GARCH,ETH-USD,2026-06-03 16:45:00,0.004332519188853464,0.0033883969821011883
GARCH,ETH-USD,2026-06-03 17:00:00,0.004864747816382037,0.0034055766105036854
GARCH,ETH-USD,2026-06-03 17:15:00,0.004743554608128469,0.003403440972414672
GARCH,ETH-USD,2026-06-03 17:30:00,0.004630520678433337,0.003412016845552722
GARCH,ETH-USD,2026-06-03 17:45:00,0.0046235385079089865,0.003411613622138339
GARCH,ETH-USD,2026-06-03 18:00:00,0.004250924666683401,0.0034122230447132316
GARCH,ETH-USD,2026-06-03 18:15:00,0.004117102357368342,0.0034172643453774325
GARCH,ETH-USD,2026-06-03 18:30:00,0.0039887840382873616,0.0034176023546317047
GARCH,ETH-USD,2026-06-03 18:45:00,0.0037408716706866154,0.003416444214880477
GARCH,ETH-USD,2026-06-03 19:00:00,0.003687975982394108,0.0034323466722664783
GARCH,ETH-USD,2026-06-03 19:15:00,0.0043296881088040196,0.00343303118359782
GARCH,ETH-USD,2026-06-03 19:30:00,0.0038464931528945064,0.0034737857263209015
GARCH,ETH-USD,2026-06-03 19:45:00,0.005181762227142755,0.003485429651097892
GARCH,ETH-USD,2026-06-03 20:00:00,0.0046205926131020385,0.003480383739306319
GARCH,ETH-USD,2026-06-03 20:15:00,0.004461405921446101,0.0035210101982801174
GARCH,ETH-USD,2026-06-03 20:30:00,0.005570335122687877,0.0035423795623165735
GARCH,ETH-USD,2026-06-03 20:45:00,0.005437929088875087,0.003589923285299049
GARCH,ETH-USD,2026-06-03 21:00:00,0.0061974187360821385,0.0035914473088652643
GARCH,ETH-USD,2026-06-03 21:15:00,0.005497863274997283,0.003711813192187206
GARCH,ETH-USD,2026-06-03 21:30:00,0.007997301278798323,0.0037756563339877724
GARCH,ETH-USD,2026-06-03 21:45:00,0.007919790345193535,0.0037917087865174627
GARCH,ETH-USD,2026-06-03 22:00:00,0.007658949660137903,0.003799839725744989
GARCH,ETH-USD,2026-06-03 22:15:00,0.007334369560741969,0.0037995837968542467
GARCH,ETH-USD,2026-06-03 22:30:00,0.006831209515997304,0.003795117091723107
GARCH,ETH-USD,2026-06-03 22:45:00,0.0064598736750643955,0.0037974330327578175
GARCH,ETH-USD,2026-06-03 23:00:00,0.006161395967282808,0.0037970246885407712
GARCH,ETH-USD,2026-06-03 23:15:00,0.005760931672699515,0.003799080478544575
GARCH,ETH-USD,2026-06-03 23:30:00,0.005573047803277048,0.0037957539854103837
GARCH,ETH-USD,2026-06-03 23:45:00,0.005228287225075739,0.0037984297919997356
GARCH,ETH-USD,2026-06-04 00:00:00,0.005005056614909872,0.003924556470060641
GARCH,ETH-USD,2026-06-04 00:15:00,0.008062649908204433,0.003951347187216272
GARCH,ETH-USD,2026-06-04 00:30:00,0.006986507455745752,0.003957221997056887
GARCH,ETH-USD,2026-06-04 00:45:00,0.006985427975949582,0.003962588110430932
GARCH,ETH-USD,2026-06-04 01:00:00,0.006574986187105117,0.003988208763867022
GARCH,ETH-USD,2026-06-04 01:15:00,0.006909653187183995,0.004001977702193084
GARCH,ETH-USD,2026-06-04 01:30:00,0.006518631144217671,0.004075298991495742
GARCH,ETH-USD,2026-06-04 01:45:00,0.00801005062551953,0.004096464902136857
GARCH,ETH-USD,2026-06-04 02:00:00,0.007394120622553101,0.0041599442592020865
GARCH,ETH-USD,2026-06-04 02:15:00,0.008318988691253167,0.004169549174302733
GARCH,ETH-USD,2026-06-04 02:30:00,0.007476108294702199,0.004174381635147906
GARCH,ETH-USD,2026-06-04 02:45:00,0.007347882825735837,0.004284248828123432
GARCH,ETH-USD,2026-06-04 03:00:00,0.009131139036906327,0.004270460910726169
GARCH,ETH-USD,2026-06-04 03:15:00,0.007730452033168795,0.00429471112418547
GARCH,ETH-USD,2026-06-04 03:30:00,0.008226455726131574,0.004294100104125325
GARCH,ETH-USD,2026-06-04 03:45:00,0.007339863466527413,0.004275804629890028
GARCH,ETH-USD,2026-06-04 04:00:00,0.007140807714878369,0.00427598932485108
GARCH,ETH-USD,2026-06-04 04:15:00,0.006632420001245017,0.00427677458291177
GARCH,ETH-USD,2026-06-04 04:30:00,0.006318864880686251,0.004275963942098329
GARCH,ETH-USD,2026-06-04 04:45:00,0.005917312315853172,0.004296805101716565
GARCH,ETH-USD,2026-06-04 05:00:00,0.006277093556800941,0.0043044196366100315
GARCH,ETH-USD,2026-06-04 05:15:00,0.005900265866958845,0.004318595296237183
GARCH,ETH-USD,2026-06-04 05:30:00,0.005933967808635618,0.004330018148803934
GARCH,ETH-USD,2026-06-04 05:45:00,0.005852302229394591,0.004336912072133673
GARCH,ETH-USD,2026-06-04 06:00:00,0.005599615646623088,0.004338464248382193
GARCH,ETH-USD,2026-06-04 06:15:00,0.0054423394991381545,0.004318195391850718
GARCH,ETH-USD,2026-06-04 06:30:00,0.0050466319219881605,0.004323005264046072
GARCH,ETH-USD,2026-06-04 06:45:00,0.005129865955028828,0.004328689766766854
GARCH,ETH-USD,2026-06-04 07:00:00,0.004938678767878848,0.004328816893024749
GARCH,ETH-USD,2026-06-04 07:15:00,0.004736745319903088,0.004336122877599665
GARCH,ETH-USD,2026-06-04 07:30:00,0.004678444433066348,0.004336969434411541
GARCH,ETH-USD,2026-06-04 07:45:00,0.004619853436830604,0.0043429316150159466
GARCH,ETH-USD,2026-06-04 08:00:00,0.004822790999154149,0.004335555051555831
GARCH,ETH-USD,2026-06-04 08:15:00,0.004423857045498067,0.004335668350864369
GARCH,ETH-USD,2026-06-04 08:30:00,0.004252728413315423,0.0043392158276616835
GARCH,ETH-USD,2026-06-04 08:45:00,0.00408470216073896,0.004352719700067419
GARCH,ETH-USD,2026-06-04 09:00:00,0.004648339371935459,0.0043639863313012965
GARCH,ETH-USD,2026-06-04 09:15:00,0.004979540413123551,0.004366262928703336
GARCH,ETH-USD,2026-06-04 09:30:00,0.0045092444921194874,0.004396080219131931
GARCH,ETH-USD,2026-06-04 09:45:00,0.0053281480078911396,0.004408921550280513
GARCH,ETH-USD,2026-06-04 10:00:00,0.005217168928593172,0.004401447327486671
GARCH,ETH-USD,2026-06-04 10:15:00,0.004824032671387778,0.004397719133864996
GARCH,ETH-USD,2026-06-04 10:30:00,0.004580865787556507,0.004431996941700167
GARCH,ETH-USD,2026-06-04 10:45:00,0.005735192824299279,0.004431977210043508
GARCH,ETH-USD,2026-06-04 11:00:00,0.00486111617354671,0.004454127467369153
GARCH,ETH-USD,2026-06-04 11:15:00,0.005526302848747583,0.004457328741728028
GARCH,ETH-USD,2026-06-04 11:30:00,0.00506297158823765,0.004474239076996517
GARCH,ETH-USD,2026-06-04 11:45:00,0.005338311792154524,0.0044728580123144365
GARCH,ETH-USD,2026-06-04 12:00:00,0.004890756990064729,0.004535762358735962
GARCH,ETH-USD,2026-06-04 12:15:00,0.0066323146509795535,0.004544947610092654
GARCH,ETH-USD,2026-06-04 12:30:00,0.005735031623086659,0.004547068946963929
GARCH,ETH-USD,2026-06-04 12:45:00,0.005653927170461921,0.004548310368973498
GARCH,ETH-USD,2026-06-04 13:00:00,0.0053178474375356714,0.004549771170938954
GARCH,ETH-USD,2026-06-04 13:15:00,0.005548438198158475,0.004584940906413164
GARCH,ETH-USD,2026-06-04 13:30:00,0.006122655951125945,0.004583303445877011
GARCH,ETH-USD,2026-06-04 13:45:00,0.005624189885867916,0.004586669284882232
GARCH,ETH-USD,2026-06-04 14:00:00,0.005426691951893259,0.004590890590615386
GARCH,ETH-USD,2026-06-04 14:15:00,0.005298356253408726,0.004596360359642684
GARCH,ETH-USD,2026-06-04 14:30:00,0.0054154101976585855,0.00459692243670266
GARCH,ETH-USD,2026-06-04 14:45:00,0.0049466692110120315,0.004629091327240976
GARCH,ETH-USD,2026-06-04 15:00:00,0.005792725434082436,0.004641239112462766
GARCH,ETH-USD,2026-06-04 15:15:00,0.005550693682795847,0.00464177231935654
GARCH,ETH-USD,2026-06-04 15:30:00,0.005240401830763412,0.004642395507838879
GARCH,ETH-USD,2026-06-04 15:45:00,0.004929562635624901,0.004643535466582791
GARCH,ETH-USD,2026-06-04 16:00:00,0.004759498550405228,0.0046408212028820955
GARCH,ETH-USD,2026-06-04 16:15:00,0.004454817510594819,0.004648261558873754
GARCH,ETH-USD,2026-06-04 16:30:00,0.004573642804554633,0.004648220715996856
GARCH,ETH-USD,2026-06-04 16:45:00,0.004376215821169069,0.004643797602847533
GARCH,ETH-USD,2026-06-04 17:00:00,0.00409395866333808,0.004618183247867821
GARCH,ETH-USD,2026-06-04 17:15:00,0.004281393674013757,0.004622242825694358
GARCH,ETH-USD,2026-06-04 17:30:00,0.004161954883080889,0.004624135730257748
GARCH,ETH-USD,2026-06-04 17:45:00,0.0044958144703214145,0.004628379417332654
GARCH,ETH-USD,2026-06-04 18:00:00,0.004351712669406532,0.004677611850322996
GARCH,ETH-USD,2026-06-04 18:15:00,0.00586190836378294,0.0046769841125765856
GARCH,ETH-USD,2026-06-04 18:30:00,0.004929928527677411,0.00467757372273894
GARCH,ETH-USD,2026-06-04 18:45:00,0.004893266762114132,0.004675977427206589
GARCH,ETH-USD,2026-06-04 19:00:00,0.00450886953324876,0.004679510415895175
GARCH,ETH-USD,2026-06-04 19:15:00,0.004602794608656458,0.0046836640607649405
GARCH,ETH-USD,2026-06-04 19:30:00,0.004448544725698013,0.004681427684709135
GARCH,ETH-USD,2026-06-04 19:45:00,0.004151648862994432,0.004681422666679347
GARCH,ETH-USD,2026-06-04 20:00:00,0.004064027070318021,0.004676574441626873
GARCH,ETH-USD,2026-06-04 20:15:00,0.0038143742618649773,0.0046780649393039775
GARCH,ETH-USD,2026-06-04 20:30:00,0.0036505744611905334,0.004675341012409328
GARCH,ETH-USD,2026-06-04 20:45:00,0.0034540000380232833,0.004677618832974732
GARCH,ETH-USD,2026-06-04 21:00:00,0.0033671049125207314,0.00468299933828705
GARCH,ETH-USD,2026-06-04 21:15:00,0.003627492159740239,0.004683105117574297
GARCH,ETH-USD,2026-06-04 21:30:00,0.003274775236264296,0.004687992611276645
GARCH,ETH-USD,2026-06-04 21:45:00,0.0035382680885833536,0.004689846900498524
GARCH,ETH-USD,2026-06-04 22:00:00,0.003334605992616062,0.004691768076193118
GARCH,ETH-USD,2026-06-04 22:15:00,0.003235894265946987,0.004684420461246617
GARCH,ETH-USD,2026-06-04 22:30:00,0.003025215097287456,0.0046952463724318026
GARCH,ETH-USD,2026-06-04 22:45:00,0.0035094196903713367,0.004694973864392986
GARCH,ETH-USD,2026-06-04 23:00:00,0.003079372380098432,0.004704266993368496
GARCH,ETH-USD,2026-06-04 23:15:00,0.0037271054731800412,0.004714781593093522
GARCH,ETH-USD,2026-06-04 23:30:00,0.0037973769761105764,0.004715246066034206
GARCH,ETH-USD,2026-06-04 23:45:00,0.0034786987563883414,0.004716610573349797
GARCH,ETH-USD,2026-06-05 00:00:00,0.0036754829825781828,0.004727201752543723
GARCH,ETH-USD,2026-06-05 00:15:00,0.0038436462078895576,0.004726949656912619
GARCH,ETH-USD,2026-06-05 00:30:00,0.003594100156465998,0.00473407706199424
GARCH,ETH-USD,2026-06-05 00:45:00,0.003966075307036297,0.004733752659651868
GARCH,ETH-USD,2026-06-05 01:00:00,0.0036038881777434033,0.004732949079613775
GARCH,ETH-USD,2026-06-05 01:15:00,0.003476941499828801,0.004733716107746833
GARCH,ETH-USD,2026-06-05 01:30:00,0.0033104020140412495,0.004726836824187915
GARCH,ETH-USD,2026-06-05 01:45:00,0.0032637795721561992,0.004730448609354072
GARCH,ETH-USD,2026-06-05 02:00:00,0.0033544352935283447,0.004741634871089204
GARCH,ETH-USD,2026-06-05 02:15:00,0.0038647466885978117,0.004741416626340129
GARCH,ETH-USD,2026-06-05 02:30:00,0.0033780946068103306,0.0047442517809321745
GARCH,ETH-USD,2026-06-05 02:45:00,0.0035590462007585376,0.004748723480666473
GARCH,ETH-USD,2026-06-05 03:00:00,0.0035703606261086383,0.004754425432475475
GARCH,ETH-USD,2026-06-05 03:15:00,0.0035792814810592806,0.004755013833973172
GARCH,ETH-USD,2026-06-05 03:30:00,0.003304965842350301,0.0047548968257368745
GARCH,ETH-USD,2026-06-05 03:45:00,0.0031848738742228156,0.004754798235729181
GARCH,ETH-USD,2026-06-05 04:00:00,0.0030573592174594124,0.004763610125994808
GARCH,ETH-USD,2026-06-05 04:15:00,0.0036341390265279138,0.0047667077119867805
GARCH,ETH-USD,2026-06-05 04:30:00,0.003447535002098307,0.004798677549499059
GARCH,ETH-USD,2026-06-05 04:45:00,0.004700906621988667,0.004811862974037872
GARCH,ETH-USD,2026-06-05 05:00:00,0.0047812631637057755,0.004714673521177195
GARCH,ETH-USD,2026-06-05 05:15:00,0.004393731674447213,0.004882543448470255
GARCH,ETH-USD,2026-06-05 05:30:00,0.009404280889977648,0.004906698942111601
GARCH,ETH-USD,2026-06-05 05:45:00,0.007975991830680328,0.00492499470861691
GARCH,ETH-USD,2026-06-05 06:00:00,0.008483626569044023,0.004978035976452043
GARCH,ETH-USD,2026-06-05 06:15:00,0.010106417340536576,0.005046151535548436
GARCH,ETH-USD,2026-06-05 06:30:00,0.010078783430605752,0.005049159641418847
GARCH,ETH-USD,2026-06-05 06:45:00,0.009453624175964513,0.005050483385211298
GARCH,ETH-USD,2026-06-05 07:00:00,0.01000162741430351,0.005112335948157499
GARCH,ETH-USD,2026-06-05 07:15:00,0.010187452530045367,0.005151761982877077
GARCH,ETH-USD,2026-06-05 07:30:00,0.010077821619240604,0.0051560924087594145
GARCH,ETH-USD,2026-06-05 07:45:00,0.009335854279843115,0.005163898710888893
GARCH,ETH-USD,2026-06-05 08:00:00,0.009132396891599275,0.0051648670296233
GARCH,ETH-USD,2026-06-05 08:15:00,0.008456354959360594,0.0051667673581370435
GARCH,ETH-USD,2026-06-05 08:30:00,0.008099341432956127,0.005167377193087031
GARCH,ETH-USD,2026-06-05 08:45:00,0.0075817345585360105,0.005236787485336849
GARCH,ETH-USD,2026-06-05 09:00:00,0.00887470361000534,0.005229769467267164
GARCH,ETH-USD,2026-06-05 09:15:00,0.00765279948859506,0.0052336827379487385
GARCH,ETH-USD,2026-06-05 09:30:00,0.007624681678735684,0.005236727129874161
GARCH,ETH-USD,2026-06-05 09:45:00,0.007055108664789662,0.005238120252090187
GARCH,ETH-USD,2026-06-05 10:00:00,0.006779373412064182,0.005229248301995291
GARCH,ETH-USD,2026-06-05 10:15:00,0.006309622263947003,0.005231254592164456
GARCH,ETH-USD,2026-06-05 10:30:00,0.006002517363216017,0.005219772826481393
GARCH,ETH-USD,2026-06-05 10:45:00,0.005667952955288546,0.005223266481465431
GARCH,ETH-USD,2026-06-05 11:00:00,0.0055653943274977,0.005202854981788888
GARCH,ETH-USD,2026-06-05 11:15:00,0.005453721410959147,0.005210893925361234
GARCH,ETH-USD,2026-06-05 11:30:00,0.005570225518481346,0.005207777899049346
GARCH,ETH-USD,2026-06-05 11:45:00,0.0051924354057740875,0.00520681478627695
GARCH,ETH-USD,2026-06-05 12:00:00,0.004944566624393294,0.005200922820964377
GARCH,ETH-USD,2026-06-05 12:15:00,0.004671940956396314,0.005204026635746467
GARCH,ETH-USD,2026-06-05 12:30:00,0.004668283157329668,0.005202949000430672
GARCH,ETH-USD,2026-06-05 12:45:00,0.00428807560149625,0.005206255210655787
GARCH,ETH-USD,2026-06-05 13:00:00,0.004699133335131185,0.0051871745640554015
GARCH,ETH-USD,2026-06-05 13:15:00,0.004169781461403215,0.005194195925354424
GARCH,ETH-USD,2026-06-05 13:30:00,0.004827576661268346,0.005338474770468683
GARCH,ETH-USD,2026-06-05 13:45:00,0.010564676177253502,0.0053366566499886275
GARCH,ETH-USD,2026-06-05 14:00:00,0.007964314839445472,0.005300194353544557
GARCH,ETH-USD,2026-06-05 14:15:00,0.008809024916565019,0.005298629830051799
GARCH,ETH-USD,2026-06-05 14:30:00,0.007890594032559404,0.005303282268966956
GARCH,ETH-USD,2026-06-05 14:45:00,0.007836413206758304,0.005338690954138981
GARCH,ETH-USD,2026-06-05 15:00:00,0.008588810362543196,0.005364572310514555
GARCH,ETH-USD,2026-06-05 15:15:00,0.008231779115223194,0.005369992752210193
GARCH,ETH-USD,2026-06-05 15:30:00,0.008076175330677667,0.005369852122667802
GARCH,ETH-USD,2026-06-05 15:45:00,0.007449899485457208,0.005367012838632804
GARCH,ETH-USD,2026-06-05 16:00:00,0.007101869264318069,0.005364611366506211
GARCH,ETH-USD,2026-06-05 16:15:00,0.0068406152061003525,0.005352484170407496
GARCH,ETH-USD,2026-06-05 16:30:00,0.006923953004606721,0.005433260148354375
GARCH,ETH-USD,2026-06-05 16:45:00,0.009079350653144235,0.005441020397533091
GARCH,ETH-USD,2026-06-05 17:00:00,0.007891801290741482,0.005450681831094561
GARCH,ETH-USD,2026-06-05 17:15:00,0.00810563101619578,0.005452536511123994
GARCH,ETH-USD,2026-06-05 17:30:00,0.007385909054632707,0.00545341509275567
GARCH,ETH-USD,2026-06-05 17:45:00,0.007039998265532117,0.005456396082740632
GARCH,ETH-USD,2026-06-05 18:00:00,0.0067258127121596276,0.0055245195495878625
GARCH,ETH-USD,2026-06-05 18:15:00,0.008745593519141203,0.005491873018954482
GARCH,ETH-USD,2026-06-05 18:30:00,0.0073044652351476735,0.005505697687384003
GARCH,ETH-USD,2026-06-05 18:45:00,0.007827513379906403,0.0054870251810975445
GARCH,ETH-USD,2026-06-05 19:00:00,0.006973189175879765,0.005497637997565845
GARCH,ETH-USD,2026-06-05 19:15:00,0.00709933257904379,0.0055040665975941904
GARCH,ETH-USD,2026-06-05 19:30:00,0.006750709351285242,0.0055676247368768835
GARCH,ETH-USD,2026-06-05 19:45:00,0.00832982988298,0.005546523870430257
GARCH,ETH-USD,2026-06-05 20:00:00,0.00744800340704038,0.005570435685393095
GARCH,ETH-USD,2026-06-05 20:15:00,0.007815021447896808,0.005572907427252211
GARCH,ETH-USD,2026-06-05 20:30:00,0.007099901383212104,0.005568984883024447
GARCH,ETH-USD,2026-06-05 20:45:00,0.006885525726642254,0.005582714022817239
GARCH,ETH-USD,2026-06-05 21:00:00,0.006790960016303187,0.005582664393630142
GARCH,ETH-USD,2026-06-05 21:15:00,0.006265380041788315,0.005574791841102715
GARCH,ETH-USD,2026-06-05 21:30:00,0.00596993962989974,0.005569950190548738
GARCH,ETH-USD,2026-06-05 21:45:00,0.005652771681213606,0.005599246239408528
GARCH,ETH-USD,2026-06-05 22:00:00,0.006644523935185716,0.00559709875689382
GARCH,ETH-USD,2026-06-05 22:15:00,0.005729955259330392,0.00560136722555903
GARCH,ETH-USD,2026-06-05 22:30:00,0.005722286993673878,0.005600719633105449
GARCH,ETH-USD,2026-06-05 22:45:00,0.005266567987790657,0.005602381320996993
GARCH,ETH-USD,2026-06-05 23:00:00,0.005159206538650607,0.0056425480054451286
GARCH,ETH-USD,2026-06-05 23:15:00,0.006656373030519738,0.00563908836673372
GARCH,ETH-USD,2026-06-05 23:30:00,0.0056005621897439566,0.0056591627738534515
GARCH,ETH-USD,2026-06-05 23:45:00,0.006219022483112216,0.00569519070362437
GARCH,ETH-USD,2026-06-06 00:00:00,0.006705663772171997,0.005695585523743288
GARCH,ETH-USD,2026-06-06 00:15:00,0.006002355378981381,0.005694769252901208
GARCH,ETH-USD,2026-06-06 00:30:00,0.0058093781491358855,0.005692378242975774
GARCH,ETH-USD,2026-06-06 00:45:00,0.005392348576002654,0.005686745831190467
GARCH,ETH-USD,2026-06-06 01:00:00,0.005410854331757724,0.005694549672786519
GARCH,ETH-USD,2026-06-06 01:15:00,0.005240753144038244,0.005701054755609721
GARCH,ETH-USD,2026-06-06 01:30:00,0.005293693768614783,0.005700411013431579
GARCH,ETH-USD,2026-06-06 01:45:00,0.0048331301032302565,0.005705613615482959
GARCH,ETH-USD,2026-06-06 02:00:00,0.005075516359449783,0.005706102397468778
GARCH,ETH-USD,2026-06-06 02:15:00,0.004632497379053869,0.005708599327368489
GARCH,ETH-USD,2026-06-06 02:30:00,0.0045650143285762175,0.005708269001189643
GARCH,ETH-USD,2026-06-06 02:45:00,0.00422322217964577,0.005710878727954193
GARCH,ETH-USD,2026-06-06 03:00:00,0.004275690359169041,0.005711942822890017
GARCH,ETH-USD,2026-06-06 03:15:00,0.004034862537316631,0.0057131970219465224
GARCH,ETH-USD,2026-06-06 03:30:00,0.003948449762791642,0.005711031096246238
GARCH,ETH-USD,2026-06-06 03:45:00,0.003669670750629754,0.0057740653223096496
GARCH,ETH-USD,2026-06-06 04:00:00,0.006787969387609401,0.005778434818182358
GARCH,ETH-USD,2026-06-06 04:15:00,0.005629506728168198,0.005796530588091994
GARCH,ETH-USD,2026-06-06 04:30:00,0.006536816889597718,0.0057957523617248475
GARCH,ETH-USD,2026-06-06 04:45:00,0.005670005084023876,0.00579656038319076
GARCH,ETH-USD,2026-06-06 05:00:00,0.0056105433538912565,0.005937184327238532
GARCH,ETH-USD,2026-06-06 05:15:00,0.009636043608328272,0.005956225030153291
GARCH,ETH-USD,2026-06-06 05:30:00,0.008059218245331378,0.0059601024301923
GARCH,ETH-USD,2026-06-06 05:45:00,0.008161025749164276,0.005971085723281741
GARCH,ETH-USD,2026-06-06 06:00:00,0.0078120951337528645,0.005969889392598796
GARCH,ETH-USD,2026-06-06 06:15:00,0.00728664237986344,0.005975871731833309
GARCH,ETH-USD,2026-06-06 06:30:00,0.007373147719611063,0.005972782664202478
GARCH,ETH-USD,2026-06-06 06:45:00,0.006787851082408267,0.006003881304022596
GARCH,ETH-USD,2026-06-06 07:00:00,0.007424004716228861,0.005980972799694211
GARCH,ETH-USD,2026-06-06 07:15:00,0.006784511765864333,0.005982081160844397
GARCH,ETH-USD,2026-06-06 07:30:00,0.006818923851309956,0.005979420415755465
GARCH,ETH-USD,2026-06-06 07:45:00,0.00623410721911318,0.005968671067159967
GARCH,ETH-USD,2026-06-06 08:00:00,0.00597417789242885,0.00596896429929995
GARCH,ETH-USD,2026-06-06 08:15:00,0.00594815849740908,0.005963869957647239
GARCH,ETH-USD,2026-06-06 08:30:00,0.005464009681386051,0.005961523027395694
GARCH,ETH-USD,2026-06-06 08:45:00,0.005338491382758432,0.005961166995278728
GARCH,ETH-USD,2026-06-06 09:00:00,0.0049530051710967825,0.005966827514021501
GARCH,ETH-USD,2026-06-06 09:15:00,0.0049329294496409945,0.005968718670942378
GARCH,ETH-USD,2026-06-06 09:30:00,0.004906888571868334,0.005977038776926365
GARCH,ETH-USD,2026-06-06 09:45:00,0.005107292841617194,0.0059993515631917415
GARCH,ETH-USD,2026-06-06 10:00:00,0.005909273710710159,0.005987978501816914
GARCH,ETH-USD,2026-06-06 10:15:00,0.005150484659231834,0.0059970208994668366
GARCH,ETH-USD,2026-06-06 10:30:00,0.0056774869384729745,0.005978108685978047
GARCH,ETH-USD,2026-06-06 10:45:00,0.005118208240636972,0.005977994151533046
GARCH,ETH-USD,2026-06-06 11:00:00,0.005185517055125336,0.005993064979381999
GARCH,ETH-USD,2026-06-06 11:15:00,0.005354675136020595,0.005970177204627293
GARCH,ETH-USD,2026-06-06 11:30:00,0.0049472681570277436,0.0059579533120633354
GARCH,ETH-USD,2026-06-06 11:45:00,0.004708062330668359,0.005932954213283978
GARCH,ETH-USD,2026-06-06 12:00:00,0.004590029454566396,0.005937812123508027
GARCH,ETH-USD,2026-06-06 12:15:00,0.004805032875536095,0.005868203216657002
GARCH,ETH-USD,2026-06-06 12:30:00,0.004696576892571523,0.005834824682191032
GARCH,ETH-USD,2026-06-06 12:45:00,0.004935139305796598,0.005825916058316341
GARCH,ETH-USD,2026-06-06 13:00:00,0.004505647886304695,0.005824758938736002
GARCH,ETH-USD,2026-06-06 13:15:00,0.0046033966219682036,0.005825530543867264
GARCH,ETH-USD,2026-06-06 13:30:00,0.004216915950178664,0.005830463287523273
GARCH,ETH-USD,2026-06-06 13:45:00,0.004418478002428757,0.0058328175009776575
GARCH,ETH-USD,2026-06-06 14:00:00,0.004145815885363326,0.005833073399689715
GARCH,ETH-USD,2026-06-06 14:15:00,0.003914118952206075,0.005832182871056369
GARCH,ETH-USD,2026-06-06 14:30:00,0.003725308693813435,0.005834768167241612
GARCH,ETH-USD,2026-06-06 14:45:00,0.0037978865361890184,0.005835502388290382
GARCH,ETH-USD,2026-06-06 15:00:00,0.003800541780391789,0.005756160452166316
GARCH,ETH-USD,2026-06-06 15:15:00,0.0036229076598781897,0.005748009563399398
GARCH,ETH-USD,2026-06-06 15:30:00,0.004000504114493943,0.005744990164234966
GARCH,ETH-USD,2026-06-06 15:45:00,0.003635272304734479,0.005741536364953945
GARCH,ETH-USD,2026-06-06 16:00:00,0.0034872615929252546,0.005726009008017321
GARCH,ETH-USD,2026-06-06 16:15:00,0.0034677294688550504,0.005722246917266562
GARCH,ETH-USD,2026-06-06 16:30:00,0.0035656094010361188,0.005671192570190237
GARCH,ETH-USD,2026-06-06 16:45:00,0.0032676762208236347,0.005655776000117103
GARCH,ETH-USD,2026-06-06 17:00:00,0.003144430477080124,0.005609797994501572
GARCH,ETH-USD,2026-06-06 17:15:00,0.0030284927766748883,0.005603113328657297
GARCH,ETH-USD,2026-06-06 17:30:00,0.0030086089979346037,0.005599115169528825
GARCH,ETH-USD,2026-06-06 17:45:00,0.002867771116147373,0.005512906708933144
GARCH,ETH-USD,2026-06-06 18:00:00,0.002748176548072757,0.0055378787275125
GARCH,ETH-USD,2026-06-06 18:15:00,0.004135789031013095,0.005518487993275834
GARCH,ETH-USD,2026-06-06 18:30:00,0.0037606941749918645,0.005518236973191517
GARCH,ETH-USD,2026-06-06 18:45:00,0.003610498413708206,0.005517389082435431
GARCH,ETH-USD,2026-06-06 19:00:00,0.0035170702067814142,0.005518794969922075
GARCH,ETH-USD,2026-06-06 19:15:00,0.0034635203061722823,0.005518000542951323
GARCH,ETH-USD,2026-06-06 19:30:00,0.0032227429048305328,0.005517950615284017
GARCH,ETH-USD,2026-06-06 19:45:00,0.0030683989932405475,0.005502739118540836
GARCH,ETH-USD,2026-06-06 20:00:00,0.0029166701995678975,0.0054973081943050185
GARCH,ETH-USD,2026-06-06 20:15:00,0.002762166148898791,0.005494347171527547
GARCH,ETH-USD,2026-06-06 20:30:00,0.0031774576935394514,0.005486024800206032
GARCH,ETH-USD,2026-06-06 20:45:00,0.002836212725981975,0.0054822351713550614
GARCH,ETH-USD,2026-06-06 21:00:00,0.0029035115449064226,0.005475906984626974
GARCH,ETH-USD,2026-06-06 21:15:00,0.0026683980866749647,0.005475680460607799
GARCH,ETH-USD,2026-06-06 21:30:00,0.0025670562507417393,0.005470518335912778
GARCH,ETH-USD,2026-06-06 21:45:00,0.0025515250675831667,0.005466713022963103
GARCH,ETH-USD,2026-06-06 22:00:00,0.002454874571649854,0.005465238912227114
GARCH,ETH-USD,2026-06-06 22:15:00,0.002398381814339696,0.0054619612246982014
GARCH,ETH-USD,2026-06-06 22:30:00,0.0024785224122547108,0.005458720610657988
GARCH,ETH-USD,2026-06-06 22:45:00,0.0023413472111103633,0.005451926554298271
GARCH,ETH-USD,2026-06-06 23:00:00,0.0023883443701122682,0.005450052103528283
GARCH,ETH-USD,2026-06-06 23:15:00,0.0022887102004081035,0.005460138302548735
GARCH,ETH-USD,2026-06-06 23:30:00,0.002943327670309533,0.005458101176049835
GARCH,ETH-USD,2026-06-06 23:45:00,0.002538882127840979,0.00544595505869839
GARCH,ETH-USD,2026-06-07 00:00:00,0.0026663013101075584,0.0054302647296712424
GARCH,ETH-USD,2026-06-07 00:15:00,0.0024306198466419247,0.0054283667143866675
GARCH,ETH-USD,2026-06-07 00:30:00,0.0023610692725983414,0.005404334553642342
GARCH,ETH-USD,2026-06-07 00:45:00,0.0022298533415596234,0.0054679416968172806
GARCH,ETH-USD,2026-06-07 01:00:00,0.006068182030403917,0.005480614507973887
GARCH,ETH-USD,2026-06-07 01:15:00,0.0050164264123014465,0.005486508760375
GARCH,ETH-USD,2026-06-07 01:30:00,0.005327021862583203,0.005458013373959204
GARCH,ETH-USD,2026-06-07 01:45:00,0.004778410640684341,0.005457977482029247
GARCH,ETH-USD,2026-06-07 02:00:00,0.004594093429771404,0.005441875580907482
GARCH,ETH-USD,2026-06-07 02:15:00,0.004435005523453139,0.005438280014375263
GARCH,ETH-USD,2026-06-07 02:30:00,0.004146177061516983,0.005431747430798708
GARCH,ETH-USD,2026-06-07 02:45:00,0.004228035599941114,0.005430468964164136
GARCH,ETH-USD,2026-06-07 03:00:00,0.0038582271650741845,0.005379592099710086
GARCH,ETH-USD,2026-06-07 03:15:00,0.003751452836013178,0.005371998745047928
GARCH,ETH-USD,2026-06-07 03:30:00,0.0035106343654003913,0.005370091387449044
GARCH,ETH-USD,2026-06-07 03:45:00,0.0033263795621306246,0.005372032373725077
GARCH,ETH-USD,2026-06-07 04:00:00,0.0034655134348005397,0.005361370318105784
GARCH,ETH-USD,2026-06-07 04:15:00,0.0031980788626909244,0.005344831173241083
GARCH,ETH-USD,2026-06-07 04:30:00,0.003846379422542781,0.005338361187329347
GARCH,ETH-USD,2026-06-07 04:45:00,0.0033215072784709226,0.005337499411483167
GARCH,ETH-USD,2026-06-07 05:00:00,0.003357067128751372,0.005335457934528136
GARCH,ETH-USD,2026-06-07 05:15:00,0.00321226958887121,0.005328925103042369
GARCH,ETH-USD,2026-06-07 05:30:00,0.003218103399637936,0.005329545705564414
GARCH,ETH-USD,2026-06-07 05:45:00,0.003140300629243376,0.005302849717769219
GARCH,ETH-USD,2026-06-07 06:00:00,0.003075669048392507,0.00534238051570966
GARCH,ETH-USD,2026-06-07 06:15:00,0.005415827505989648,0.0053430353782859185
GARCH,ETH-USD,2026-06-07 06:30:00,0.004349097301280906,0.005342849128536663
GARCH,ETH-USD,2026-06-07 06:45:00,0.0044445574632164244,0.005341051373126551
GARCH,ETH-USD,2026-06-07 07:00:00,0.004058610983553145,0.005342394606798979
GARCH,ETH-USD,2026-06-07 07:15:00,0.003937903214312212,0.005333991530218164
GARCH,ETH-USD,2026-06-07 07:30:00,0.003683851773998468,0.0053322744834045765
GARCH,ETH-USD,2026-06-07 07:45:00,0.0035564834171677995,0.005332324853234824
GARCH,ETH-USD,2026-06-07 08:00:00,0.0033536786165258674,0.0053306469950799825
GARCH,ETH-USD,2026-06-07 08:15:00,0.0034266732118660107,0.005328544811255026
GARCH,ETH-USD,2026-06-07 08:30:00,0.0032567142865902402,0.005371219077748758
GARCH,ETH-USD,2026-06-07 08:45:00,0.005763399262737996,0.0053662466861053365
GARCH,ETH-USD,2026-06-07 09:00:00,0.004511227086824502,0.005324087402225759
GARCH,ETH-USD,2026-06-07 09:15:00,0.004649109213905859,0.005330181963942178
GARCH,ETH-USD,2026-06-07 09:30:00,0.00463756906490783,0.005329753071406158
GARCH,ETH-USD,2026-06-07 09:45:00,0.004261812836719345,0.0053316654545074995
GARCH,ETH-USD,2026-06-07 10:00:00,0.0042157044717957585,0.005328217354746523
GARCH,ETH-USD,2026-06-07 10:15:00,0.004068986382464078,0.005325337389701633
GARCH,ETH-USD,2026-06-07 10:30:00,0.0038954018685806407,0.005327470494332084
GARCH,ETH-USD,2026-06-07 10:45:00,0.0038188921251480603,0.005326123917676321
GARCH,ETH-USD,2026-06-07 11:00:00,0.0035572820791367854,0.005326503851911482
GARCH,ETH-USD,2026-06-07 11:15:00,0.0034095154042115866,0.005327997379125017
GARCH,ETH-USD,2026-06-07 11:30:00,0.003338319954205584,0.005327671928623003
GARCH,ETH-USD,2026-06-07 11:45:00,0.003162090361472908,0.005367743703665173
GARCH,ETH-USD,2026-06-07 12:00:00,0.005407073274549486,0.005361700086826989
GARCH,ETH-USD,2026-06-07 12:15:00,0.00426164186490622,0.005365643031221101
GARCH,ETH-USD,2026-06-07 12:30:00,0.004533619599173807,0.005364305267244249
GARCH,ETH-USD,2026-06-07 12:45:00,0.004208088090162542,0.005362533057860494
GARCH,ETH-USD,2026-06-07 13:00:00,0.003989826590879527,0.00536116383436162
GARCH,ETH-USD,2026-06-07 13:15:00,0.0037569777505577135,0.005362207379831671
GARCH,ETH-USD,2026-06-07 13:30:00,0.003646903380534815,0.00535196218624556
GARCH,ETH-USD,2026-06-07 13:45:00,0.0033996265669960497,0.005351827921779571
GARCH,ETH-USD,2026-06-07 14:00:00,0.0032365498819095684,0.005365222157694046
GARCH,ETH-USD,2026-06-07 14:15:00,0.004329724987142657,0.005357003052126683
GARCH,ETH-USD,2026-06-07 14:30:00,0.0037771177491058745,0.005357461642220277
GARCH,ETH-USD,2026-06-07 14:45:00,0.0037178625944921536,0.005352981492993514
GARCH,ETH-USD,2026-06-07 15:00:00,0.003457373470892969,0.005347294722370272
GARCH,ETH-USD,2026-06-07 15:15:00,0.0034969924982051464,0.005346263057237536
GARCH,ETH-USD,2026-06-07 15:30:00,0.003219116157448907,0.005338919990469088
GARCH,ETH-USD,2026-06-07 15:45:00,0.0031583492527289653,0.005337935136752135
GARCH,ETH-USD,2026-06-07 16:00:00,0.002939949070940879,0.0053380648430151004
GARCH,ETH-USD,2026-06-07 16:15:00,0.002841734253259085,0.005337468761451827
GARCH,ETH-USD,2026-06-07 16:30:00,0.0026997354281195194,0.005335940857816931
GARCH,ETH-USD,2026-06-07 16:45:00,0.0025760370476629263,0.005339220679602878
GARCH,ETH-USD,2026-06-07 17:00:00,0.0029656920764293514,0.0053278901837392695
GARCH,ETH-USD,2026-06-07 17:15:00,0.002607273752145986,0.005328075721671293
GARCH,ETH-USD,2026-06-07 17:30:00,0.0025874057477900635,0.005325415087559029
GARCH,ETH-USD,2026-06-07 17:45:00,0.0025021418083382247,0.005322919349361554
GARCH,ETH-USD,2026-06-07 18:00:00,0.0025342480593907772,0.005318028068026242
GARCH,ETH-USD,2026-06-07 18:15:00,0.002377393014920616,0.005317986321566828
GARCH,ETH-USD,2026-06-07 18:30:00,0.0022873109328416207,0.005319666827056696
GARCH,ETH-USD,2026-06-07 18:45:00,0.0024016965420724963,0.005342632390438098
GARCH,ETH-USD,2026-06-07 19:00:00,0.004011719791982766,0.005335424383165948
GARCH,ETH-USD,2026-06-07 19:15:00,0.0035614240467569756,0.0053325347153813
GARCH,ETH-USD,2026-06-07 19:30:00,0.00352934517149913,0.005310211828114022
GARCH,ETH-USD,2026-06-07 19:45:00,0.003563110508715644,0.005304133549102651
GARCH,ETH-USD,2026-06-07 20:00:00,0.003820347318485115,0.005305773721341114
GARCH,ETH-USD,2026-06-07 20:15:00,0.0035611381591332814,0.005147697420540503
GARCH,ETH-USD,2026-06-07 20:30:00,0.0033794537211676405,0.005119892014414773
GARCH,ETH-USD,2026-06-07 20:45:00,0.003286325589041699,0.005097837841977742
GARCH,ETH-USD,2026-06-07 21:00:00,0.00315451894843554,0.004993738543060614
GARCH,ETH-USD,2026-06-07 21:15:00,0.0030227565651659615,0.004930412768312754
GARCH,ETH-USD,2026-06-07 21:30:00,0.0029237347377751386,0.004931722848718829
GARCH,ETH-USD,2026-06-07 21:45:00,0.0034959921650003275,0.005390776032856422
GARCH,ETH-USD,2026-06-07 22:00:00,0.015176115856990597,0.005388408844176291
GARCH,ETH-USD,2026-06-07 22:15:00,0.011837281962254944,0.005356359265016534
GARCH,ETH-USD,2026-06-07 22:30:00,0.012211508761661138,0.0053635106611194475
GARCH,ETH-USD,2026-06-07 22:45:00,0.011232332624867567,0.00535927303290577
GARCH,ETH-USD,2026-06-07 23:00:00,0.010811285738155882,0.005361212035784092
GARCH,ETH-USD,2026-06-07 23:15:00,0.010106561961125133,0.005357097315944578
GARCH,ETH-USD,2026-06-07 23:30:00,0.00950009584079981,0.00536020881125162
GARCH,ETH-USD,2026-06-07 23:45:00,0.00902978796555714,0.005300350380084571
GARCH,ETH-USD,2026-06-08 00:00:00,0.00848432747451653,0.005319053095729997
GARCH,ETH-USD,2026-06-08 00:15:00,0.008471902924113695,0.005315961722206347
GARCH,ETH-USD,2026-06-08 00:30:00,0.007814603961490179,0.005316875902088924
GARCH,ETH-USD,2026-06-08 00:45:00,0.007484935489376125,0.0053394416305037416
GARCH,ETH-USD,2026-06-08 01:00:00,0.00775242261793627,0.005349857086813264
GARCH,ETH-USD,2026-06-08 01:15:00,0.00731970523029513,0.005356902851912532
GARCH,ETH-USD,2026-06-08 01:30:00,0.007126816819830611,0.005358121571948841
GARCH,ETH-USD,2026-06-08 01:45:00,0.006682326799123499,0.005352493925434662
GARCH,ETH-USD,2026-06-08 02:00:00,0.0062974953526802845,0.005345180023617217
GARCH,ETH-USD,2026-06-08 02:15:00,0.005911063046520901,0.005332603420649823
GARCH,ETH-USD,2026-06-08 02:30:00,0.005562684743333415,0.005329488570239471
GARCH,ETH-USD,2026-06-08 02:45:00,0.005228190415805622,0.005329859629313226
GARCH,ETH-USD,2026-06-08 03:00:00,0.004984066178920273,0.005335722868141049
GARCH,ETH-USD,2026-06-08 03:15:00,0.004966884385107707,0.0053308963616073195
GARCH,ETH-USD,2026-06-08 03:30:00,0.0046045690397454155,0.005331057509245165
GARCH,ETH-USD,2026-06-08 03:45:00,0.004374863428545276,0.00533479203642704
GARCH,ETH-USD,2026-06-08 04:00:00,0.004878945567409682,0.00533549262813079
GARCH,ETH-USD,2026-06-08 04:15:00,0.004336444395653754,0.005331647318728167
GARCH,ETH-USD,2026-06-08 04:30:00,0.004781821396668506,0.005116784515760994
GARCH,ETH-USD,2026-06-08 04:45:00,0.0042357543940083646,0.005127510566752143
GARCH,ETH-USD,2026-06-08 05:00:00,0.004642218938630482,0.0051149407680830036
GARCH,ETH-USD,2026-06-08 05:15:00,0.004491827389556854,0.0051228361818141345
GARCH,ETH-USD,2026-06-08 05:30:00,0.004772038056584066,0.0051177859158507335
GARCH,ETH-USD,2026-06-08 05:45:00,0.004539370067063468,0.005079355473695717
GARCH,ETH-USD,2026-06-08 06:00:00,0.004975034907347568,0.005058608000801392
GARCH,ETH-USD,2026-06-08 06:15:00,0.004534973858614215,0.005042870179675201
GARCH,ETH-USD,2026-06-08 06:30:00,0.004354159562241707,0.005042426225347183
GARCH,ETH-USD,2026-06-08 06:45:00,0.004066485986784096,0.005041344507794321
GARCH,ETH-USD,2026-06-08 07:00:00,0.003872645523210919,0.005038230638526857
GARCH,ETH-USD,2026-06-08 07:15:00,0.003833854496808816,0.005019588058636567
GARCH,ETH-USD,2026-06-08 07:30:00,0.003552727254036429,0.004919870281027014
GARCH,ETH-USD,2026-06-08 07:45:00,0.0033903542203653643,0.004909803209163005
GARCH,ETH-USD,2026-06-08 08:00:00,0.0033616112401844435,0.00489292179035128
GARCH,ETH-USD,2026-06-08 08:15:00,0.0031396032553523646,0.004892203225213285
GARCH,ETH-USD,2026-06-08 08:30:00,0.003032808217626157,0.004895033896103153
GARCH,ETH-USD,2026-06-08 08:45:00,0.003034726871314401,0.004891451483862099
GARCH,ETH-USD,2026-06-08 09:00:00,0.0029693261516832497,0.004798433632312043
GARCH,ETH-USD,2026-06-08 09:15:00,0.0028139298938018352,0.004798114729081788
GARCH,ETH-USD,2026-06-08 09:30:00,0.002666056444493045,0.004782776785196951
GARCH,ETH-USD,2026-06-08 09:45:00,0.0031765332187210847,0.004782793451000262
GARCH,ETH-USD,2026-06-08 10:00:00,0.0027739673695292206,0.004773598400677706
GARCH,ETH-USD,2026-06-08 10:15:00,0.002900009864898458,0.004766378615663683
GARCH,ETH-USD,2026-06-08 10:30:00,0.00297250116890896,0.0046949314398430425
GARCH,ETH-USD,2026-06-08 10:45:00,0.0027328706003357513,0.004690963798833716
GARCH,ETH-USD,2026-06-08 11:00:00,0.003290100970071228,0.00467719350364597
GARCH,ETH-USD,2026-06-08 11:15:00,0.0035245138929264636,0.00467460743125906
GARCH,ETH-USD,2026-06-08 11:30:00,0.0031657591966923583,0.0046749868488478764
GARCH,ETH-USD,2026-06-08 11:45:00,0.003275651511428268,0.004700643671106031
GARCH,ETH-USD,2026-06-08 12:00:00,0.004860525856530549,0.0047195797770195926
GARCH,ETH-USD,2026-06-08 12:15:00,0.004859650761058067,0.004742416080523363
GARCH,ETH-USD,2026-06-08 12:30:00,0.005453156150333582,0.004740241746001696
GARCH,ETH-USD,2026-06-08 12:45:00,0.0048050519029544814,0.004698854737799729
GARCH,ETH-USD,2026-06-08 13:00:00,0.004687100804897026,0.004700609936014699
GARCH,ETH-USD,2026-06-08 13:15:00,0.004407082816016748,0.004706563837835824
GARCH,ETH-USD,2026-06-08 13:30:00,0.004521933604133424,0.0047057588210202
GARCH,ETH-USD,2026-06-08 13:45:00,0.004108864982704832,0.004705542006523883
GARCH,ETH-USD,2026-06-08 14:00:00,0.004180955143070739,0.004649854548514031
GARCH,ETH-USD,2026-06-08 14:15:00,0.0038755542327999952,0.004649571279407948
GARCH,ETH-USD,2026-06-08 14:30:00,0.003737184635196021,0.004633218379504892
GARCH,ETH-USD,2026-06-08 14:45:00,0.0036602753372148955,0.004619445062167008
GARCH,ETH-USD,2026-06-08 15:00:00,0.004589988129257512,0.004628211785868109
GARCH,ETH-USD,2026-06-08 15:15:00,0.004339320677861729,0.00462767590357958
GARCH,ETH-USD,2026-06-08 15:30:00,0.004120481801686967,0.004628748885460588
GARCH,ETH-USD,2026-06-08 15:45:00,0.003908193127386671,0.004620605373421977
GARCH,ETH-USD,2026-06-08 16:00:00,0.0037615755025425545,0.004614795652918648
GARCH,ETH-USD,2026-06-08 16:15:00,0.0035844291061103402,0.004607881923205016
GARCH,ETH-USD,2026-06-08 16:30:00,0.003627013263737167,0.004622315872213652
GARCH,ETH-USD,2026-06-08 16:45:00,0.00402789395239517,0.004612591916082569
GARCH,ETH-USD,2026-06-08 17:00:00,0.0036948171952485304,0.004618917916123912
GARCH,ETH-USD,2026-06-08 17:15:00,0.004012829664783776,0.004622362156197719
GARCH,ETH-USD,2026-06-08 17:30:00,0.0038560099571046443,0.0046269930182335625
GARCH,ETH-USD,2026-06-08 17:45:00,0.0039048897564838564,0.0046204987378931925
GARCH,ETH-USD,2026-06-08 18:00:00,0.003585972738758892,0.0046172642817772416
GARCH,ETH-USD,2026-06-08 18:15:00,0.0034249142101802806,0.004617745794134734
GARCH,ETH-USD,2026-06-08 18:30:00,0.003416877531861878,0.004617825968916339
GARCH,ETH-USD,2026-06-08 18:45:00,0.0031699511709439056,0.004525651092211488
GARCH,ETH-USD,2026-06-08 19:00:00,0.003023621128699892,0.0045140141490520045
GARCH,ETH-USD,2026-06-08 19:15:00,0.0029545889040330257,0.004481966661668351
GARCH,ETH-USD,2026-06-08 19:30:00,0.0028411652097519984,0.004487592133082944
GARCH,ETH-USD,2026-06-08 19:45:00,0.002972376522749029,0.004485086084677844
GARCH,ETH-USD,2026-06-08 20:00:00,0.0027318331903303183,0.0043156336914461696
GARCH,ETH-USD,2026-06-08 20:15:00,0.0027767646523280836,0.004303891317329305
GARCH,ETH-USD,2026-06-08 20:30:00,0.0032092044040977125,0.004297682419686387
GARCH,ETH-USD,2026-06-08 20:45:00,0.002870925638567533,0.004341534549121006
GARCH,ETH-USD,2026-06-08 21:00:00,0.005496705757374174,0.004340690872437907
GARCH,ETH-USD,2026-06-08 21:15:00,0.004232100675738465,0.004321071998893986
GARCH,ETH-USD,2026-06-08 21:30:00,0.004525400284880992,0.004335900272093577
GARCH,ETH-USD,2026-06-08 21:45:00,0.0047331813082875,0.004328165919104608
GARCH,ETH-USD,2026-06-08 22:00:00,0.005232672979717207,0.004320463930238443
GARCH,ETH-USD,2026-06-08 22:15:00,0.004707764066086203,0.004308671218738281
GARCH,ETH-USD,2026-06-08 22:30:00,0.004538064465706596,0.004313384702693829
GARCH,ETH-USD,2026-06-08 22:45:00,0.00448884737220035,0.004324598865129985
GARCH,ETH-USD,2026-06-08 23:00:00,0.004704870544479379,0.0043506393434630435
GARCH,ETH-USD,2026-06-08 23:15:00,0.005520104794257851,0.0043507861741171605
GARCH,ETH-USD,2026-06-08 23:30:00,0.004773285678359011,0.00435290375911125
GARCH,ETH-USD,2026-06-08 23:45:00,0.004905536347790186,0.0043569738953162206
GARCH,ETH-USD,2026-06-09 00:00:00,0.004610840574602715,0.0043700422911266395
GARCH,ETH-USD,2026-06-09 00:15:00,0.005022705890678797,0.004361606835667358
GARCH,ETH-USD,2026-06-09 00:30:00,0.004528571548256549,0.004356591227342357
GARCH,ETH-USD,2026-06-09 00:45:00,0.00478151074849194,0.004317080255053978
GARCH,ETH-USD,2026-06-09 01:00:00,0.004304265365575685,0.004320237309653085
GARCH,ETH-USD,2026-06-09 01:15:00,0.004348659943269206,0.004299107764417353
GARCH,ETH-USD,2026-06-09 01:30:00,0.003982712871735689,0.004297101760138858
GARCH,ETH-USD,2026-06-09 01:45:00,0.003807253671573952,0.00429082274266777
GARCH,ETH-USD,2026-06-09 02:00:00,0.003581806556525919,0.004275838872968828
GARCH,ETH-USD,2026-06-09 02:15:00,0.003422918650299309,0.004275167751798859
GARCH,ETH-USD,2026-06-09 02:30:00,0.0033351939399895504,0.004279669395942573
GARCH,ETH-USD,2026-06-09 02:45:00,0.0034417488631168103,0.004275938202185525
GARCH,ETH-USD,2026-06-09 03:00:00,0.0031439372890449454,0.004260807000242383
GARCH,ETH-USD,2026-06-09 03:15:00,0.0030183379446445456,0.00425267456523494
GARCH,ETH-USD,2026-06-09 03:30:00,0.0028380044140445277,0.004238804657373069
GARCH,ETH-USD,2026-06-09 03:45:00,0.0027056485379868232,0.004236714487597763
GARCH,ETH-USD,2026-06-09 04:00:00,0.0025699841998835056,0.004231954410496525
GARCH,ETH-USD,2026-06-09 04:15:00,0.0026613938649350656,0.004292735155839946
GARCH,ETH-USD,2026-06-09 04:30:00,0.005379495991829257,0.004282100162004325
GARCH,ETH-USD,2026-06-09 04:45:00,0.0041116607507916516,0.004279223279478244
GARCH,ETH-USD,2026-06-09 05:00:00,0.004289464823719278,0.004279223581951697
GARCH,ETH-USD,2026-06-09 05:15:00,0.0038781266136547875,0.004279541251576932
GARCH,ETH-USD,2026-06-09 05:30:00,0.003780968096522643,0.004273712307608977
GARCH,ETH-USD,2026-06-09 05:45:00,0.0035601227563994346,0.004265793161494413
GARCH,ETH-USD,2026-06-09 06:00:00,0.003369155000359634,0.0042647872942635605
GARCH,ETH-USD,2026-06-09 06:15:00,0.0032515549821084157,0.004256470022528672
GARCH,ETH-USD,2026-06-09 06:30:00,0.0031546148596163603,0.004255420961395895
GARCH,ETH-USD,2026-06-09 06:45:00,0.0030074538058467394,0.004255426598076795
GARCH,ETH-USD,2026-06-09 07:00:00,0.0028369695167248005,0.00427025626455959
GARCH,ETH-USD,2026-06-09 07:15:00,0.00368280211844919,0.004267543961830969
GARCH,ETH-USD,2026-06-09 07:30:00,0.00331834835752342,0.004267762396471197
GARCH,ETH-USD,2026-06-09 07:45:00,0.003209215615502376,0.004271342923553237
GARCH,ETH-USD,2026-06-09 08:00:00,0.0031983314267974143,0.004269627832121893
GARCH,ETH-USD,2026-06-09 08:15:00,0.002957619224843817,0.004266683241635055
GARCH,ETH-USD,2026-06-09 08:30:00,0.002873642967311708,0.004266130151737932
GARCH,ETH-USD,2026-06-09 08:45:00,0.0027429779967922925,0.004265409112085799
GARCH,ETH-USD,2026-06-09 09:00:00,0.0026269053800969493,0.0042395084164860534
GARCH,ETH-USD,2026-06-09 09:15:00,0.002530750079794116,0.004236458689658348
GARCH,ETH-USD,2026-06-09 09:30:00,0.0027619689521554288,0.004236233994127843
GARCH,ETH-USD,2026-06-09 09:45:00,0.0024962410036738734,0.004234952005972155
GARCH,ETH-USD,2026-06-09 10:00:00,0.0025042095678026216,0.00423064443646689
GARCH,ETH-USD,2026-06-09 10:15:00,0.0023273388002556586,0.004230982823628328
GARCH,ETH-USD,2026-06-09 10:30:00,0.002271533624141307,0.0042320378759057925
GARCH,ETH-USD,2026-06-09 10:45:00,0.002279380172575378,0.004240127714368452
GARCH,ETH-USD,2026-06-09 11:00:00,0.0026889549286864688,0.0042398849645075825
GARCH,ETH-USD,2026-06-09 11:15:00,0.002357645138488593,0.004232477908841
GARCH,ETH-USD,2026-06-09 11:30:00,0.002391621133407946,0.00423137823603678
GARCH,ETH-USD,2026-06-09 11:45:00,0.0022257215252257717,0.004243892989597137
GARCH,ETH-USD,2026-06-09 12:00:00,0.0031977356838688124,0.004248110487259303
GARCH,ETH-USD,2026-06-09 12:15:00,0.002857180038262218,0.0042502780712376
GARCH,ETH-USD,2026-06-09 12:30:00,0.00288612816859581,0.004248866727793338
GARCH,ETH-USD,2026-06-09 12:45:00,0.002750280243241909,0.004247746470049401
GARCH,ETH-USD,2026-06-09 13:00:00,0.0026122412063368005,0.004251726901600238
GARCH,ETH-USD,2026-06-09 13:15:00,0.0027866037920524804,0.0042501257123173895
GARCH,ETH-USD,2026-06-09 13:30:00,0.002596109538255894,0.004258173202740102
GARCH,ETH-USD,2026-06-09 13:45:00,0.002974853031889588,0.004273578709065011
GARCH,ETH-USD,2026-06-09 14:00:00,0.003527773925218606,0.004332629915870086
GARCH,ETH-USD,2026-06-09 14:15:00,0.005511610145248049,0.004323028983999616
GARCH,ETH-USD,2026-06-09 14:30:00,0.004417871650757127,0.004334785498155935
GARCH,ETH-USD,2026-06-09 14:45:00,0.004986000179066361,0.004337216686191689
GARCH,ETH-USD,2026-06-09 15:00:00,0.004597722433710018,0.004360759230451748
GARCH,ETH-USD,2026-06-09 15:15:00,0.0052165474720135595,0.004360639446520499
GARCH,ETH-USD,2026-06-09 15:30:00,0.004568376739849269,0.00436492145442312
GARCH,ETH-USD,2026-06-09 15:45:00,0.004599267099435003,0.004288676495629233
GARCH,ETH-USD,2026-06-09 16:00:00,0.004625395141249371,0.004275200779775082
GARCH,ETH-USD,2026-06-09 16:15:00,0.004247367520273459,0.0042662651545141836
GARCH,ETH-USD,2026-06-09 16:30:00,0.004065099206932505,0.004268428029520311
GARCH,ETH-USD,2026-06-09 16:45:00,0.003924157570763759,0.004281743608428254
GARCH,ETH-USD,2026-06-09 17:00:00,0.004292265898500078,0.004279413355354522
GARCH,ETH-USD,2026-06-09 17:15:00,0.0038992905237550156,0.0042794122954582575
GARCH,ETH-USD,2026-06-09 17:30:00,0.003743050326595772,0.0042731166600929365
GARCH,ETH-USD,2026-06-09 17:45:00,0.003512054539433786,0.0042741450006136454
GARCH,ETH-USD,2026-06-09 18:00:00,0.003390172279142292,0.0042745738175746974
GARCH,ETH-USD,2026-06-09 18:15:00,0.0032689585435799677,0.004275007676659349
GARCH,ETH-USD,2026-06-09 18:30:00,0.003105169304040205,0.00427984534384513
GARCH,ETH-USD,2026-06-09 18:45:00,0.003236362350242201,0.0042752134482321675
GARCH,ETH-USD,2026-06-09 19:00:00,0.003037314888799944,0.0042747977592997284
GARCH,ETH-USD,2026-06-09 19:15:00,0.002940777607402515,0.004260505099841024
GARCH,ETH-USD,2026-06-09 19:30:00,0.002774664617821467,0.004264727096733749
GARCH,ETH-USD,2026-06-09 19:45:00,0.0029380792647558046,0.004265566832868174
GARCH,ETH-USD,2026-06-09 20:00:00,0.0028290078520534718,0.004266017869885751
GARCH,ETH-USD,2026-06-09 20:15:00,0.0028018740408558736,0.0042635016756758315
GARCH,ETH-USD,2026-06-09 20:30:00,0.002658194244379319,0.004260270009153179
GARCH,ETH-USD,2026-06-09 20:45:00,0.0025215209811196627,0.004257802497815177
GARCH,ETH-USD,2026-06-09 21:00:00,0.00241017229137849,0.004212489011608758
GARCH,ETH-USD,2026-06-09 21:15:00,0.003098499499123612,0.004209415129143116
GARCH,ETH-USD,2026-06-09 21:30:00,0.002630131833563672,0.004208796728818098
GARCH,ETH-USD,2026-06-09 21:45:00,0.0026351451715281244,0.004209249984675862
GARCH,ETH-USD,2026-06-09 22:00:00,0.0025126528785129154,0.004210726724893834
GARCH,ETH-USD,2026-06-09 22:15:00,0.0025598012187886864,0.004211395123358021
GARCH,ETH-USD,2026-06-09 22:30:00,0.0024348724684089794,0.004216414780991531
GARCH,ETH-USD,2026-06-09 22:45:00,0.0027377909520892485,0.0042159742992302195
GARCH,ETH-USD,2026-06-09 23:00:00,0.002442909128207137,0.004214099585368964
GARCH,ETH-USD,2026-06-09 23:15:00,0.002575029266701853,0.004212736821357463
GARCH,ETH-USD,2026-06-09 23:30:00,0.0024084101304176664,0.004146016359606944
GARCH,ETH-USD,2026-06-09 23:45:00,0.0023689608986064968,0.004146969091793693
GARCH,ETH-USD,2026-06-10 00:00:00,0.0023305782216624343,0.004146854980188211
GARCH,ETH-USD,2026-06-10 00:15:00,0.0022028405602156336,0.004157747560340277
GARCH,ETH-USD,2026-06-10 00:30:00,0.0034613219548886034,0.004190169341431275
GARCH,ETH-USD,2026-06-10 00:45:00,0.004380811384722204,0.004187963590471027
GARCH,ETH-USD,2026-06-10 01:00:00,0.0037792786013740452,0.004184129418188077
GARCH,ETH-USD,2026-06-10 01:15:00,0.003715407519855352,0.004190465121893385
GARCH,ETH-USD,2026-06-10 01:30:00,0.003853930791507626,0.004189011064867228
GARCH,ETH-USD,2026-06-10 01:45:00,0.003607577777533532,0.004192720164266324
GARCH,ETH-USD,2026-06-10 02:00:00,0.003612335630318234,0.0041935819117146006
GARCH,ETH-USD,2026-06-10 02:15:00,0.003403088552588259,0.004196627366279853
GARCH,ETH-USD,2026-06-10 02:30:00,0.0035134192720812376,0.004196046984885238
GARCH,ETH-USD,2026-06-10 02:45:00,0.0032199623313770107,0.004140955261956098
GARCH,ETH-USD,2026-06-10 03:00:00,0.0032503566420509517,0.004151590520443259
GARCH,ETH-USD,2026-06-10 03:15:00,0.0035882095408531173,0.004152680491406744
GARCH,ETH-USD,2026-06-10 03:30:00,0.003448925473098895,0.004149318256593796
GARCH,ETH-USD,2026-06-10 03:45:00,0.0032314946988230273,0.004149378634099822
GARCH,ETH-USD,2026-06-10 04:00:00,0.0030683282694271862,0.004149258944527166
GARCH,ETH-USD,2026-06-10 04:15:00,0.0028978132669369755,0.004154193582417398
GARCH,ETH-USD,2026-06-10 04:30:00,0.0031599567637927363,0.004154615028386545
GARCH,ETH-USD,2026-06-10 04:45:00,0.0028524265107654906,0.004157065958488262
GARCH,ETH-USD,2026-06-10 05:00:00,0.0029166737265936553,0.004132495771431208
GARCH,ETH-USD,2026-06-10 05:15:00,0.0028386883207511936,0.004128982496824061
GARCH,ETH-USD,2026-06-10 05:30:00,0.00266425498380874,0.004129774772811607
GARCH,ETH-USD,2026-06-10 05:45:00,0.002633568433180562,0.004129590738360291
GARCH,ETH-USD,2026-06-10 06:00:00,0.002461873309740385,0.004125449801354941
GARCH,ETH-USD,2026-06-10 06:15:00,0.002356428015282015,0.004126900075161488
GARCH,ETH-USD,2026-06-10 06:30:00,0.0023602091457432302,0.004125490356773675
GARCH,ETH-USD,2026-06-10 06:45:00,0.002203915615715721,0.004126033676483836
GARCH,ETH-USD,2026-06-10 07:00:00,0.0021641167588757585,0.004126859569273805
GARCH,ETH-USD,2026-06-10 07:15:00,0.00216462990313997,0.00412979770876787
GARCH,ETH-USD,2026-06-10 07:30:00,0.0023033957480112334,0.004129667372349362
GARCH,ETH-USD,2026-06-10 07:45:00,0.002112958432519973,0.004123498133521171
GARCH,ETH-USD,2026-06-10 08:00:00,0.002209430139990716,0.004125132591366381
GARCH,ETH-USD,2026-06-10 08:15:00,0.0021675265524576494,0.004149543416965547
GARCH,ETH-USD,2026-06-10 08:30:00,0.0035860998831638287,0.004148451089675039
GARCH,ETH-USD,2026-06-10 08:45:00,0.002863564173167591,0.004156510149050012
GARCH,ETH-USD,2026-06-10 09:00:00,0.003518071679576847,0.0041615942196655065
GARCH,ETH-USD,2026-06-10 09:15:00,0.003310680083709213,0.004162274138288594
GARCH,ETH-USD,2026-06-10 09:30:00,0.0031779977998897865,0.004160607502392667
GARCH,ETH-USD,2026-06-10 09:45:00,0.0030580316884807816,0.004129763368705834
GARCH,ETH-USD,2026-06-10 10:00:00,0.0029585809452158927,0.004125240212426541
GARCH,ETH-USD,2026-06-10 10:15:00,0.0029584514746816754,0.004123905539378886
GARCH,ETH-USD,2026-06-10 10:30:00,0.0027564653613413783,0.004118898008443923
GARCH,ETH-USD,2026-06-10 10:45:00,0.0026834675426976044,0.004115950065889728
GARCH,ETH-USD,2026-06-10 11:00:00,0.003027083976994372,0.0041167619140954695
GARCH,ETH-USD,2026-06-10 11:15:00,0.0029046759936984736,0.004118244203414768
GARCH,ETH-USD,2026-06-10 11:30:00,0.0028260816667010458,0.004116325374852972
GARCH,ETH-USD,2026-06-10 11:45:00,0.002648057917112609,0.004116844392743978
GARCH,ETH-USD,2026-06-10 12:00:00,0.0026637273305639792,0.004116235890544581
GARCH,ETH-USD,2026-06-10 12:15:00,0.0024943335480562367,0.004151494941573507
GARCH,ETH-USD,2026-06-10 12:30:00,0.00429350034932376,0.00414082490944474
GARCH,ETH-USD,2026-06-10 12:45:00,0.0035142795093097527,0.0034448946826834254
GARCH,ETH-USD,2026-06-10 13:00:00,0.003565481932303669,0.0033717214382530778
GARCH,ETH-USD,2026-06-10 13:15:00,0.003358922356692445,0.003548041990833826
GARCH,ETH-USD,2026-06-10 13:30:00,0.007920745710789476,0.0035744939746154246
GARCH,ETH-USD,2026-06-10 13:45:00,0.006915419564475982,0.003565874556711242
GARCH,ETH-USD,2026-06-10 14:00:00,0.0068203199141443314,0.003560645685027614
GARCH,ETH-USD,2026-06-10 14:15:00,0.006275452308150197,0.0035629853935002127
GARCH,ETH-USD,2026-06-10 14:30:00,0.006015390369877326,0.003557908645537522
GARCH,ETH-USD,2026-06-10 14:45:00,0.005666701331193771,0.0035650757785691926
GARCH,ETH-USD,2026-06-10 15:00:00,0.0056108399481537095,0.00355539992262886
GARCH,ETH-USD,2026-06-10 15:15:00,0.005673102179512345,0.003558619498622786
GARCH,ETH-USD,2026-06-10 15:30:00,0.005359665761168649,0.0035572071881065847
GARCH,ETH-USD,2026-06-10 15:45:00,0.005103321287083106,0.0035294069884453075
GARCH,ETH-USD,2026-06-10 16:00:00,0.005093232832300084,0.003514510247801964
GARCH,ETH-USD,2026-06-10 16:15:00,0.0046951940055623,0.00350492938048443
GARCH,ETH-USD,2026-06-10 16:30:00,0.004584128675976285,0.003502210500910218
GARCH,ETH-USD,2026-06-10 16:45:00,0.004315302862937531,0.003502538963840089
GARCH,ETH-USD,2026-06-10 17:00:00,0.004101607356032117,0.0035282622805936402
GARCH,ETH-USD,2026-06-10 17:15:00,0.004766569932328711,0.003531294761887179
GARCH,ETH-USD,2026-06-10 17:30:00,0.004261832093062908,0.0035456928251971307
GARCH,ETH-USD,2026-06-10 17:45:00,0.004577570917881144,0.0035435332278758117
GARCH,ETH-USD,2026-06-10 18:00:00,0.004104102718777547,0.003540091811371155
GARCH,ETH-USD,2026-06-10 18:15:00,0.004151367624990414,0.003559614535626618
GARCH,ETH-USD,2026-06-10 18:30:00,0.004564224758842685,0.0035642833770771023
GARCH,ETH-USD,2026-06-10 18:45:00,0.00421263361072329,0.00354490045757447
GARCH,ETH-USD,2026-06-10 19:00:00,0.004129174212006006,0.003543910850971146
GARCH,ETH-USD,2026-06-10 19:15:00,0.0038272007174778165,0.003532048022479704
GARCH,ETH-USD,2026-06-10 19:30:00,0.003842493912314614,0.0035328098604136653
GARCH,ETH-USD,2026-06-10 19:45:00,0.003578812892864271,0.0035188699186804295
GARCH,ETH-USD,2026-06-10 20:00:00,0.0034730760907823064,0.00351570007062396
GARCH,ETH-USD,2026-06-10 20:15:00,0.0035818777883621254,0.003500183332849121
GARCH,ETH-USD,2026-06-10 20:30:00,0.0033600784022787865,0.003492274601720962
GARCH,ETH-USD,2026-06-10 20:45:00,0.003190396110253531,0.0035006594081164553
GARCH,ETH-USD,2026-06-10 21:00:00,0.00430940225716681,0.0034964847690940465
GARCH,ETH-USD,2026-06-10 21:15:00,0.003583620597110738,0.0035018473696436037
GARCH,ETH-USD,2026-06-10 21:30:00,0.003803847796006722,0.0035356991316391087
GARCH,ETH-USD,2026-06-10 21:45:00,0.004693681440081009,0.003534843987480792
GARCH,ETH-USD,2026-06-10 22:00:00,0.003999260534683673,0.003529342185064598
GARCH,ETH-USD,2026-06-10 22:15:00,0.003946507616705834,0.003549753408851234
GARCH,ETH-USD,2026-06-10 22:30:00,0.004376907845768246,0.003551369880790166
GARCH,ETH-USD,2026-06-10 22:45:00,0.003951973848574542,0.0035513333596085437
GARCH,ETH-USD,2026-06-10 23:00:00,0.003942039059213827,0.003570713018967678
GARCH,ETH-USD,2026-06-10 23:15:00,0.004343289185623173,0.0035702205070899675
GARCH,ETH-USD,2026-06-10 23:30:00,0.0038549281658837383,0.003567040030980496
GARCH,ETH-USD,2026-06-10 23:45:00,0.0037475569248666667,0.003568281498489988
GARCH,ETH-USD,2026-06-11 00:00:00,0.003671748087777814,0.00357241539364714
GARCH,ETH-USD,2026-06-11 00:15:00,0.003603314681569349,0.003574657062788978
GARCH,ETH-USD,2026-06-11 00:30:00,0.0034532372598022874,0.0035621095537358657
GARCH,ETH-USD,2026-06-11 00:45:00,0.003248256554372998,0.0035824477794628535
GARCH,ETH-USD,2026-06-11 01:00:00,0.003932061731553791,0.003580490220072244
GARCH,ETH-USD,2026-06-11 01:15:00,0.0034237094094462213,0.0035776932763347817
GARCH,ETH-USD,2026-06-11 01:30:00,0.003504191907417771,0.003577960585995401
GARCH,ETH-USD,2026-06-11 01:45:00,0.0032258354740181943,0.0035654147081170696
GARCH,ETH-USD,2026-06-11 02:00:00,0.0031383903715318236,0.0035572834822126436
GARCH,ETH-USD,2026-06-11 02:15:00,0.0032914349176588536,0.0035573145901424586
GARCH,ETH-USD,2026-06-11 02:30:00,0.0029827802531961034,0.0035603933408418736
GARCH,ETH-USD,2026-06-11 02:45:00,0.0032110238120625894,0.003514492946054886
GARCH,ETH-USD,2026-06-11 03:00:00,0.003028503231429152,0.0034877956518637155
GARCH,ETH-USD,2026-06-11 03:15:00,0.0029392091749138633,0.0034607391067323443
GARCH,ETH-USD,2026-06-11 03:30:00,0.0031124634470602545,0.0034739833636177535
GARCH,ETH-USD,2026-06-11 03:45:00,0.003441712146068774,0.0034734580758919273
GARCH,ETH-USD,2026-06-11 04:00:00,0.003074748559788702,0.003471958075090033
GARCH,ETH-USD,2026-06-11 04:15:00,0.0029934268135330144,0.0034658569037059267
GARCH,ETH-USD,2026-06-11 04:30:00,0.0030129817393108483,0.003466174650719011
GARCH,ETH-USD,2026-06-11 04:45:00,0.00279343160394675,0.0034648244696145265
GARCH,ETH-USD,2026-06-11 05:00:00,0.0029863964160006507,0.0034641118346591428
GARCH,ETH-USD,2026-06-11 05:15:00,0.002737811005446933,0.0034636868659411704
GARCH,ETH-USD,2026-06-11 05:30:00,0.0026895649495938864,0.003461636974295728
GARCH,ETH-USD,2026-06-11 05:45:00,0.0026612968811658296,0.0034453303646853066
GARCH,ETH-USD,2026-06-11 06:00:00,0.0033186389669962375,0.00343412864405691
GARCH,ETH-USD,2026-06-11 06:15:00,0.002878381989805674,0.0034335919804949983
GARCH,ETH-USD,2026-06-11 06:30:00,0.002854109209617622,0.0034387399636841474
GARCH,ETH-USD,2026-06-11 06:45:00,0.0029806626786307105,0.0034363745766434754
GARCH,ETH-USD,2026-06-11 07:00:00,0.002719665127689656,0.003436662560452086
GARCH,ETH-USD,2026-06-11 07:15:00,0.002725473186036326,0.003434431878685941
GARCH,ETH-USD,2026-06-11 07:30:00,0.002743114020133429,0.0034177344668209295
GARCH,ETH-USD,2026-06-11 07:45:00,0.0025718395519017286,0.003417560989544925
GARCH,ETH-USD,2026-06-11 08:00:00,0.0026183690479540628,0.003406286197101772
GARCH,ETH-USD,2026-06-11 08:15:00,0.0025128374648277717,0.003399253489168602
GARCH,ETH-USD,2026-06-11 08:30:00,0.0023790855186763553,0.0033911990206259503
GARCH,ETH-USD,2026-06-11 08:45:00,0.0022727584134870317,0.003391120173058511
GARCH,ETH-USD,2026-06-11 09:00:00,0.0021848782903408368,0.003391527409624703
GARCH,ETH-USD,2026-06-11 09:15:00,0.0021134829205856575,0.0033885743860799953
GARCH,ETH-USD,2026-06-11 09:30:00,0.0020996661743563744,0.0033881734585228273
GARCH,ETH-USD,2026-06-11 09:45:00,0.001976748746294886,0.00338831551720162
GARCH,ETH-USD,2026-06-11 10:00:00,0.001922252037163844,0.0033861913469472203
GARCH,ETH-USD,2026-06-11 10:15:00,0.0018474430719315651,0.0033844274205009294
GARCH,ETH-USD,2026-06-11 10:30:00,0.001773524733923477,0.003379960946427995
GARCH,ETH-USD,2026-06-11 10:45:00,0.0017945293404131861,0.0033824223705755416
GARCH,ETH-USD,2026-06-11 11:00:00,0.0019131928950837183,0.003379860948907717
GARCH,ETH-USD,2026-06-11 11:15:00,0.0017773650029643236,0.0033664127870668714
GARCH,ETH-USD,2026-06-11 11:30:00,0.0017429361649343397,0.0033687782795513367
GARCH,ETH-USD,2026-06-11 11:45:00,0.0019405729796979354,0.003293336746160323
GARCH,ETH-USD,2026-06-11 12:00:00,0.0022007234963788607,0.0033301910407246877
GARCH,ETH-USD,2026-06-11 12:15:00,0.0038062784238949814,0.0033304940561091462
GARCH,ETH-USD,2026-06-11 12:30:00,0.0032043923358217835,0.0033100118723943957
GARCH,ETH-USD,2026-06-11 12:45:00,0.0031995895912980544,0.003278938055132049
GARCH,ETH-USD,2026-06-11 13:00:00,0.003013410273793585,0.003275680855314046
GARCH,ETH-USD,2026-06-11 13:15:00,0.002865579764211732,0.003275524232523165
GARCH,ETH-USD,2026-06-11 13:30:00,0.002732431841003399,0.0032688408634531864
GARCH,ETH-USD,2026-06-11 13:45:00,0.0026793800626873105,0.003265699280544412
GARCH,ETH-USD,2026-06-11 14:00:00,0.0033066265537098,0.0032280634938894916
GARCH,ETH-USD,2026-06-11 14:15:00,0.0031171150273685915,0.003228447142306208
GARCH,ETH-USD,2026-06-11 14:30:00,0.0029668847016987967,0.003234283910412649
GARCH,ETH-USD,2026-06-11 14:45:00,0.0034288565128319953,0.003230594662041255
GARCH,ETH-USD,2026-06-11 15:00:00,0.0030477097428508954,0.003208118715721221
GARCH,ETH-USD,2026-06-11 15:15:00,0.0029774087542964152,0.0032064628670534978
GARCH,ETH-USD,2026-06-11 15:30:00,0.0028117888826276684,0.003192289920252908
GARCH,ETH-USD,2026-06-11 15:45:00,0.0026791220524912413,0.003194635095735407
GARCH,ETH-USD,2026-06-11 16:00:00,0.002669100286201907,0.003200117081662078
GARCH,ETH-USD,2026-06-11 16:15:00,0.0030966382050214725,0.0032005769851086345
GARCH,ETH-USD,2026-06-11 16:30:00,0.002736285808988925,0.0032031394724703083
GARCH,ETH-USD,2026-06-11 16:45:00,0.00281600247902098,0.0032044206932211575
GARCH,ETH-USD,2026-06-11 17:00:00,0.002668032620103116,0.0032732479108374193
GARCH,ETH-USD,2026-06-11 17:15:00,0.005020148258893103,0.003388577244683563
GARCH,ETH-USD,2026-06-11 17:30:00,0.00693909209735784,0.0034052500771127848
GARCH,ETH-USD,2026-06-11 17:45:00,0.0062840169987254,0.0034100050119123615
GARCH,ETH-USD,2026-06-11 18:00:00,0.00611532151636664,0.0034118617452739658
GARCH,ETH-USD,2026-06-11 18:15:00,0.005707632696590662,0.003419797745166021
GARCH,ETH-USD,2026-06-11 18:30:00,0.005593114671946628,0.0034213752212058283
GARCH,ETH-USD,2026-06-11 18:45:00,0.005212121238623721,0.0034269535913182994
GARCH,ETH-USD,2026-06-11 19:00:00,0.0050842667846739496,0.0034233190271305953
GARCH,ETH-USD,2026-06-11 19:15:00,0.004721120392745013,0.0033507500762646235
GARCH,ETH-USD,2026-06-11 19:30:00,0.004718325105274708,0.0033541955378273316
GARCH,ETH-USD,2026-06-11 19:45:00,0.0044435119477140295,0.003355590601595614
GARCH,ETH-USD,2026-06-11 20:00:00,0.004235756937799578,0.003370738986016152
GARCH,ETH-USD,2026-06-11 20:15:00,0.004485253541471504,0.0033703476546821853
GARCH,ETH-USD,2026-06-11 20:30:00,0.004072460806141469,0.003372846010955502
GARCH,ETH-USD,2026-06-11 20:45:00,0.004021782475880958,0.003391179210317415
GARCH,ETH-USD,2026-06-11 21:00:00,0.0043609226027264405,0.0033908651420595823
GARCH,ETH-USD,2026-06-11 21:15:00,0.0039345488607008235,0.003389000771740557
GARCH,ETH-USD,2026-06-11 21:30:00,0.0037968564430522467,0.0033902143859506494
GARCH,ETH-USD,2026-06-11 21:45:00,0.0036417408281821106,0.0033934084018966662
GARCH,ETH-USD,2026-06-11 22:00:00,0.0035412417659808778,0.003373400491432052
GARCH,ETH-USD,2026-06-11 22:15:00,0.0033925145202505567,0.003368997854729545
GARCH,ETH-USD,2026-06-11 22:30:00,0.0032062492094171967,0.00336879905764345
GARCH,ETH-USD,2026-06-11 22:45:00,0.0030304082035101064,0.003366101468610591
GARCH,ETH-USD,2026-06-11 23:00:00,0.0029434544811940844,0.0033680385147716696
GARCH,ETH-USD,2026-06-11 23:15:00,0.00285502028851146,0.003375892797891814
GARCH,ETH-USD,2026-06-11 23:30:00,0.003106790646608973,0.0033773381746385342
GARCH,ETH-USD,2026-06-11 23:45:00,0.002901940925497753,0.003378241434645604
GARCH,ETH-USD,2026-06-12 00:00:00,0.0028410781790704424,0.0033797800362286813
GARCH,ETH-USD,2026-06-12 00:15:00,0.0027794734410920923,0.0033735739367808924
GARCH,ETH-USD,2026-06-12 00:30:00,0.002630101966142481,0.0033737777435166147
GARCH,ETH-USD,2026-06-12 00:45:00,0.0025263131222040287,0.0033757127298798106
GARCH,ETH-USD,2026-06-12 01:00:00,0.0025805329302321326,0.003382184608623487
GARCH,ETH-USD,2026-06-12 01:15:00,0.002742196514563562,0.003381950685344472
GARCH,ETH-USD,2026-06-12 01:30:00,0.0025000899210836204,0.0033810667085634326
GARCH,ETH-USD,2026-06-12 01:45:00,0.0024896763801763354,0.0033842426348679538
GARCH,ETH-USD,2026-06-12 02:00:00,0.0029978702298703017,0.0033850444896536187
GARCH,ETH-USD,2026-06-12 02:15:00,0.0026435240340683085,0.0033878180552429217
GARCH,ETH-USD,2026-06-12 02:30:00,0.002795445182779471,0.0033883454658121255
GARCH,ETH-USD,2026-06-12 02:45:00,0.002572530353073513,0.0033691012762684545
GARCH,ETH-USD,2026-06-12 03:00:00,0.002511579804237468,0.003366106712483001
GARCH,ETH-USD,2026-06-12 03:15:00,0.0024370230229053295,0.0033639479174720553
GARCH,ETH-USD,2026-06-12 03:30:00,0.0022987297769734337,0.003362598468207585
GARCH,ETH-USD,2026-06-12 03:45:00,0.002220012469977777,0.0033639429518834
GARCH,ETH-USD,2026-06-12 04:00:00,0.0022080717470606697,0.003368884421484468
GARCH,ETH-USD,2026-06-12 04:15:00,0.002702921365317519,0.0033677937059666966
GARCH,ETH-USD,2026-06-12 04:30:00,0.002353780458627552,0.0033585633077408876
GARCH,ETH-USD,2026-06-12 04:45:00,0.002347348165089368,0.0033581706709884863
GARCH,ETH-USD,2026-06-12 05:00:00,0.0032062607182565166,0.0032823585822871035
GARCH,ETH-USD,2026-06-12 05:15:00,0.0026825435301035595,0.003285260068444469
GARCH,ETH-USD,2026-06-12 05:30:00,0.0028481959163689447,0.0032686166438575396
GARCH,ETH-USD,2026-06-12 05:45:00,0.0025855791366529925,0.003261746408632592
GARCH,ETH-USD,2026-06-12 06:00:00,0.0025240137892905776,0.003233019352136834
GARCH,ETH-USD,2026-06-12 06:15:00,0.0024459740109873266,0.0032393335367250776
GARCH,ETH-USD,2026-06-12 06:30:00,0.002656319239137193,0.0032352852239095338
GARCH,ETH-USD,2026-06-12 06:45:00,0.002468654882092336,0.003221467787652879
GARCH,ETH-USD,2026-06-12 07:00:00,0.002369402496413359,0.003221761740218849
GARCH,ETH-USD,2026-06-12 07:15:00,0.0022876159700156422,0.0032216830331719664
GARCH,ETH-USD,2026-06-12 07:30:00,0.0022095300906645244,0.0032189613396564464
GARCH,ETH-USD,2026-06-12 07:45:00,0.0021309000019864876,0.0032072852735839266
GARCH,ETH-USD,2026-06-12 08:00:00,0.002432289663262797,0.003216615417891495
GARCH,ETH-USD,2026-06-12 08:15:00,0.002814762577276291,0.003219759831535895
GARCH,ETH-USD,2026-06-12 08:30:00,0.0026436867469595447,0.0032205343831831733
GARCH,ETH-USD,2026-06-12 08:45:00,0.0025796557411496474,0.0032197742933052793
GARCH,ETH-USD,2026-06-12 09:00:00,0.002468448567041263,0.0032227722799281384
GARCH,ETH-USD,2026-06-12 09:15:00,0.002632859474103913,0.0032230466907122585
GARCH,ETH-USD,2026-06-12 09:30:00,0.002471382453302772,0.0032178907980539165
GARCH,ETH-USD,2026-06-12 09:45:00,0.002437147468982814,0.0032157575015912872
GARCH,ETH-USD,2026-06-12 10:00:00,0.002290076660507004,0.0032244071497819038
GARCH,ETH-USD,2026-06-12 10:15:00,0.002716693658938349,0.003225041217969707
GARCH,ETH-USD,2026-06-12 10:30:00,0.002429876197286368,0.003218978042568853
GARCH,ETH-USD,2026-06-12 10:45:00,0.0023716639780717915,0.0032160795737979355
GARCH,ETH-USD,2026-06-12 11:00:00,0.0022602673589574916,0.003213142664492326
GARCH,ETH-USD,2026-06-12 11:15:00,0.002153012284035048,0.003212517157518804
GARCH,ETH-USD,2026-06-12 11:30:00,0.0020747537500756625,0.0032130405684920953
GARCH,ETH-USD,2026-06-12 11:45:00,0.0020089984484484807,0.0032148127114739466
GARCH,ETH-USD,2026-06-12 12:00:00,0.0020482091437622175,0.0032023600651766315
GARCH,ETH-USD,2026-06-12 12:15:00,0.002164317904713605,0.003202538717681574
GARCH,ETH-USD,2026-06-12 12:30:00,0.0019970056368952918,0.0032024042921790074
GARCH,ETH-USD,2026-06-12 12:45:00,0.001951734768796996,0.0032013775512142236
GARCH,ETH-USD,2026-06-12 13:00:00,0.0018670809214189766,0.003198529317677251
GARCH,ETH-USD,2026-06-12 13:15:00,0.0018292471540286661,0.003217040842482808
GARCH,ETH-USD,2026-06-12 13:30:00,0.0028870437481033893,0.003208996446174843
GARCH,ETH-USD,2026-06-12 13:45:00,0.002337232783657822,0.0032286351765462456
GARCH,ETH-USD,2026-06-12 14:00:00,0.00334721821581498,0.0032288390249224936
GARCH,ETH-USD,2026-06-12 14:15:00,0.002950043646832828,0.0032284593841890555
GARCH,ETH-USD,2026-06-12 14:30:00,0.002904476872026288,0.003291032578326481
GARCH,ETH-USD,2026-06-12 14:45:00,0.00500424039289419,0.0032927128396255992
GARCH,ETH-USD,2026-06-12 15:00:00,0.004050261746466533,0.0033048230966450085
GARCH,ETH-USD,2026-06-12 15:15:00,0.004476713995312871,0.003306058451302374
GARCH,ETH-USD,2026-06-12 15:30:00,0.004851255258667962,0.003294146835020636
GARCH,ETH-USD,2026-06-12 15:45:00,0.005140099900933532,0.0033212207373416697
GARCH,ETH-USD,2026-06-12 16:00:00,0.005426360725417194,0.003321105861595436
GARCH,ETH-USD,2026-06-12 16:15:00,0.004869272487879808,0.0033108108969480965
GARCH,ETH-USD,2026-06-12 16:30:00,0.004700010712987973,0.003311494566697392
GARCH,ETH-USD,2026-06-12 16:45:00,0.004487963760113949,0.0033073863650007747
GARCH,ETH-USD,2026-06-12 17:00:00,0.004233372077763292,0.0033053362308654915
GARCH,ETH-USD,2026-06-12 17:15:00,0.003985279885684218,0.0032982494322293084
GARCH,ETH-USD,2026-06-12 17:30:00,0.0037734528023338526,0.0032976389620005177
GARCH,ETH-USD,2026-06-12 17:45:00,0.0035526230104037347,0.0032943299013474406
GARCH,ETH-USD,2026-06-12 18:00:00,0.0033615185110964733,0.003280936000431765
GARCH,ETH-USD,2026-06-12 18:15:00,0.0031844899792987883,0.0032786280890401095
GARCH,ETH-USD,2026-06-12 18:30:00,0.0032144671066502255,0.003284854763035256
GARCH,ETH-USD,2026-06-12 18:45:00,0.003219620299692873,0.0032862781080682177
GARCH,ETH-USD,2026-06-12 19:00:00,0.0030498974397571927,0.0032862853548031317
GARCH,ETH-USD,2026-06-12 19:15:00,0.0028844182790175145,0.0032791334968753664
GARCH,ETH-USD,2026-06-12 19:30:00,0.002828758293995176,0.0032790334826841984
GARCH,ETH-USD,2026-06-12 19:45:00,0.002655168071593189,0.003276223019452191
GARCH,ETH-USD,2026-06-12 20:00:00,0.002577914186222807,0.0032735840644259684
GARCH,ETH-USD,2026-06-12 20:15:00,0.0024376767868041186,0.0032734336874838984
GARCH,ETH-USD,2026-06-12 20:30:00,0.002322407254381666,0.003272319064977353
GARCH,ETH-USD,2026-06-12 20:45:00,0.0022339432083588705,0.0032731615075422375
GARCH,ETH-USD,2026-06-12 21:00:00,0.002187027749450786,0.0032733296597313674
GARCH,ETH-USD,2026-06-12 21:15:00,0.002073225872164631,0.003271581856563696
GARCH,ETH-USD,2026-06-12 21:30:00,0.0019931286778107466,0.0032722834473649055
GARCH,ETH-USD,2026-06-12 21:45:00,0.0019493114259297333,0.003271697132158369
GARCH,ETH-USD,2026-06-12 22:00:00,0.0018520002403570885,0.0032701297138993716
GARCH,ETH-USD,2026-06-12 22:15:00,0.0018027590041461694,0.0032675138811434517
GARCH,ETH-USD,2026-06-12 22:30:00,0.001835186171351426,0.0032672926457284423
GARCH,ETH-USD,2026-06-12 22:45:00,0.0017238805638360034,0.0032652381603400756
GARCH,ETH-USD,2026-06-12 23:00:00,0.0017161378780239742,0.003263182952916239
GARCH,ETH-USD,2026-06-12 23:15:00,0.0016505163476829004,0.003230759686075854
GARCH,ETH-USD,2026-06-12 23:30:00,0.0016109145687618078,0.003233094277600877
GARCH,ETH-USD,2026-06-12 23:45:00,0.0017876566085719145,0.003218717180596516
GARCH,ETH-USD,2026-06-13 00:00:00,0.0016577489945154853,0.0032127600671301077
GARCH,ETH-USD,2026-06-13 00:15:00,0.001653428758183544,0.0032118792842587424
GARCH,ETH-USD,2026-06-13 00:30:00,0.001579857054083296,0.0032104838490367737
GARCH,ETH-USD,2026-06-13 00:45:00,0.0015449583237046392,0.003208731041275522
GARCH,ETH-USD,2026-06-13 01:00:00,0.0015373461509115797,0.003205385835844618
GARCH,ETH-USD,2026-06-13 01:15:00,0.0014914341396190713,0.0032091230957793696
GARCH,ETH-USD,2026-06-13 01:30:00,0.0018126949369905335,0.0032083830475863875
GARCH,ETH-USD,2026-06-13 01:45:00,0.0016225073424599855,0.003197556662077595
GARCH,ETH-USD,2026-06-13 02:00:00,0.0016340373576658443,0.003194116186750689
GARCH,ETH-USD,2026-06-13 02:15:00,0.0016765874404127456,0.00319449664519202
GARCH,ETH-USD,2026-06-13 02:30:00,0.0017239166819273608,0.0031945905820198604
GARCH,ETH-USD,2026-06-13 02:45:00,0.0016338412650600891,0.003192210429174122
GARCH,ETH-USD,2026-06-13 03:00:00,0.001591525509449386,0.0031943529383281666
GARCH,ETH-USD,2026-06-13 03:15:00,0.001725375412542006,0.003147453040351575
GARCH,ETH-USD,2026-06-13 03:30:00,0.0015997256476344157,0.00314372205841008
GARCH,ETH-USD,2026-06-13 03:45:00,0.001575196141366837,0.0031431976406915405
GARCH,ETH-USD,2026-06-13 04:00:00,0.001527858092088426,0.00314122026085289
GARCH,ETH-USD,2026-06-13 04:15:00,0.0015036649374510658,0.0029369878002458807
GARCH,ETH-USD,2026-06-13 04:30:00,0.0015429828034718399,0.0028866395711440495
GARCH,ETH-USD,2026-06-13 04:45:00,0.0016419890675292395,0.0028805550931535794
GARCH,ETH-USD,2026-06-13 05:00:00,0.001531328948816994,0.0028805264227114388
GARCH,ETH-USD,2026-06-13 05:15:00,0.0015103917153903785,0.0028772478063828406
GARCH,ETH-USD,2026-06-13 05:30:00,0.0014621215755621436,0.002874745973796506
GARCH,ETH-USD,2026-06-13 05:45:00,0.0014504122893531223,0.0028614970449210284
GARCH,ETH-USD,2026-06-13 06:00:00,0.0014160457146978251,0.0028397251511877632
GARCH,ETH-USD,2026-06-13 06:15:00,0.0014719305542998861,0.002831679687836392
GARCH,ETH-USD,2026-06-13 06:30:00,0.001400251931894968,0.0028305910389696694
GARCH,ETH-USD,2026-06-13 06:45:00,0.0015477045358131389,0.002817139704878658
GARCH,ETH-USD,2026-06-13 07:00:00,0.001433830144517598,0.0028197687237383013
GARCH,ETH-USD,2026-06-13 07:15:00,0.0017098442082572657,0.00281474576651644
GARCH,ETH-USD,2026-06-13 07:30:00,0.001532016217652718,0.0028137375142494
GARCH,ETH-USD,2026-06-13 07:45:00,0.0016663115768135869,0.002812538766844014
GARCH,ETH-USD,2026-06-13 08:00:00,0.0015541465119164254,0.002777975166078762
GARCH,ETH-USD,2026-06-13 08:15:00,0.0015304147524646337,0.0027734436238053837
GARCH,ETH-USD,2026-06-13 08:30:00,0.0015162676487742086,0.0027579806566273134
GARCH,ETH-USD,2026-06-13 08:45:00,0.0015441929675096546,0.0027572622849480087
GARCH,ETH-USD,2026-06-13 09:00:00,0.0014753672254513462,0.0027512519105214483
GARCH,ETH-USD,2026-06-13 09:15:00,0.0014766259559275774,0.002722666471392482
GARCH,ETH-USD,2026-06-13 09:30:00,0.0014474114540564214,0.002717410177708795
GARCH,ETH-USD,2026-06-13 09:45:00,0.0014351038819792607,0.0027125346217936057
GARCH,ETH-USD,2026-06-13 10:00:00,0.0013906628889797728,0.0027126081968165262
GARCH,ETH-USD,2026-06-13 10:15:00,0.0013669611720618653,0.002706816291613437
GARCH,ETH-USD,2026-06-13 10:30:00,0.0013922189592888335,0.0027053851823867375
GARCH,ETH-USD,2026-06-13 10:45:00,0.0013606324611925003,0.002705171392529396
GARCH,ETH-USD,2026-06-13 11:00:00,0.0015495732657016617,0.0026957749290670136
GARCH,ETH-USD,2026-06-13 11:15:00,0.0014472866126537273,0.002692954698712943
GARCH,ETH-USD,2026-06-13 11:30:00,0.0014589361678692262,0.002693014710926203
GARCH,ETH-USD,2026-06-13 11:45:00,0.0014264613321639571,0.002649541615409753
GARCH,ETH-USD,2026-06-13 12:00:00,0.001409160650625069,0.002649626615467094
GARCH,ETH-USD,2026-06-13 12:15:00,0.001373908414815782,0.0026432741013661387
GARCH,ETH-USD,2026-06-13 12:30:00,0.001385877028857842,0.002595542871369705
GARCH,ETH-USD,2026-06-13 12:45:00,0.001439626075034796,0.002595781272879992
GARCH,ETH-USD,2026-06-13 13:00:00,0.0013882531340250791,0.0025959061089970677
GARCH,ETH-USD,2026-06-13 13:15:00,0.0013941845000089023,0.0025709407562951453
GARCH,ETH-USD,2026-06-13 13:30:00,0.0013754278057433959,0.0025683348671317703
GARCH,ETH-USD,2026-06-13 13:45:00,0.0014013757372426197,0.0025634491795247217
GARCH,ETH-USD,2026-06-13 14:00:00,0.0014484236915456314,0.002539216500151678
GARCH,ETH-USD,2026-06-13 14:15:00,0.0014354912264707875,0.002539079043660115
GARCH,ETH-USD,2026-06-13 14:30:00,0.001404496636029807,0.002538410573527258
GARCH,ETH-USD,2026-06-13 14:45:00,0.001377217198053177,0.00253324173705457
GARCH,ETH-USD,2026-06-13 15:00:00,0.001387509117318077,0.0025282452916685874
GARCH,ETH-USD,2026-06-13 15:15:00,0.001423291602114715,0.00252803728399126
GARCH,ETH-USD,2026-06-13 15:30:00,0.0015992125394474466,0.0025291571388421346
GARCH,ETH-USD,2026-06-13 15:45:00,0.0015769283231547885,0.0025146800206770374
GARCH,ETH-USD,2026-06-13 16:00:00,0.0022067237747192803,0.0025154219556101846
GARCH,ETH-USD,2026-06-13 16:15:00,0.0019586405758462593,0.0025110432473683894
GARCH,ETH-USD,2026-06-13 16:30:00,0.001955819308534547,0.0025119189089373877
GARCH,ETH-USD,2026-06-13 16:45:00,0.0019524270704270607,0.002511159788592347
GARCH,ETH-USD,2026-06-13 17:00:00,0.001891771784215074,0.0025015034892771886
GARCH,ETH-USD,2026-06-13 17:15:00,0.0019052390069035615,0.0025015012466886657
GARCH,ETH-USD,2026-06-13 17:30:00,0.0017928585207648373,0.002495834613083041
GARCH,ETH-USD,2026-06-13 17:45:00,0.0019241204463677072,0.0024930569661368147
GARCH,ETH-USD,2026-06-13 18:00:00,0.00187496130264031,0.002494238820768644
GARCH,ETH-USD,2026-06-13 18:15:00,0.0019670597841071054,0.0024858137073108695
GARCH,ETH-USD,2026-06-13 18:30:00,0.0018921588473630976,0.002471423598863602
GARCH,ETH-USD,2026-06-13 18:45:00,0.002009581845356054,0.002470782258274249
GARCH,ETH-USD,2026-06-13 19:00:00,0.0018478360968832,0.0024712516290770147
GARCH,ETH-USD,2026-06-13 19:15:00,0.0018503167696064381,0.002467316993758573
GARCH,ETH-USD,2026-06-13 19:30:00,0.0018592729302320489,0.0024673698200420886
GARCH,ETH-USD,2026-06-13 19:45:00,0.0017715272867994088,0.0024587034091177796
GARCH,ETH-USD,2026-06-13 20:00:00,0.001723674899409557,0.002458169611189928
GARCH,ETH-USD,2026-06-13 20:15:00,0.0016956561439340873,0.0024569856874061833
GARCH,ETH-USD,2026-06-13 20:30:00,0.0016298609748892129,0.002453374079921942
GARCH,ETH-USD,2026-06-13 20:45:00,0.0016041703016607092,0.002430676713358726
GARCH,ETH-USD,2026-06-13 21:00:00,0.001567416269702975,0.0024297379889732886
GARCH,ETH-USD,2026-06-13 21:15:00,0.0015268723936609032,0.00246586520424058
GARCH,ETH-USD,2026-06-13 21:30:00,0.0031388394618513255,0.0024570459540533235
GARCH,ETH-USD,2026-06-13 21:45:00,0.0024383560998782697,0.002459387135748268
GARCH,ETH-USD,2026-06-13 22:00:00,0.0026416625795624995,0.0024572883412493497
GARCH,ETH-USD,2026-06-13 22:15:00,0.0024013761018828544,0.0024523451329799837
GARCH,ETH-USD,2026-06-13 22:30:00,0.0023626017972324773,0.0024523628494130555
GARCH,ETH-USD,2026-06-13 22:45:00,0.0022472717967987207,0.0024485554194425946
GARCH,ETH-USD,2026-06-13 23:00:00,0.0021430305894385117,0.00244684945212074
GARCH,ETH-USD,2026-06-13 23:15:00,0.0020670649834043427,0.0024467873111265115
GARCH,ETH-USD,2026-06-13 23:30:00,0.001968512974066764,0.0024466403579324896
GARCH,ETH-USD,2026-06-13 23:45:00,0.0018895988338529525,0.0024461877030234084
GARCH,ETH-USD,2026-06-14 00:00:00,0.001815710684622696,0.0024453577453425876
GARCH,ETH-USD,2026-06-14 00:15:00,0.0017450427871836716,0.002445794149474413
GARCH,ETH-USD,2026-06-14 00:30:00,0.0018164357410752566,0.0024459153609015473
GARCH,ETH-USD,2026-06-14 00:45:00,0.0017027955830898355,0.0024471875231813858
GARCH,ETH-USD,2026-06-14 01:00:00,0.0017682260552122381,0.002448094322037031
GARCH,ETH-USD,2026-06-14 01:15:00,0.0017382397559724116,0.0024495648888798773
GARCH,ETH-USD,2026-06-14 01:30:00,0.001741748901302753,0.002448290279326674
GARCH,ETH-USD,2026-06-14 01:45:00,0.0016540893139968009,0.0024447907476977874
GARCH,ETH-USD,2026-06-14 02:00:00,0.0016219557642075321,0.00244596405466114
GARCH,ETH-USD,2026-06-14 02:15:00,0.0016420513737788775,0.0024461417339851996
GARCH,ETH-USD,2026-06-14 02:30:00,0.0015792034596055634,0.002441530318170927
GARCH,ETH-USD,2026-06-14 02:45:00,0.0015366122950332597,0.002432771501862846
GARCH,ETH-USD,2026-06-14 03:00:00,0.0014895480812738377,0.0023794460653211173
GARCH,ETH-USD,2026-06-14 03:15:00,0.0014545939488534903,0.00237577513626457
GARCH,ETH-USD,2026-06-14 03:30:00,0.0015587348604507942,0.0023762428333525334
GARCH,ETH-USD,2026-06-14 03:45:00,0.001518341581175267,0.0023745387536481866
GARCH,ETH-USD,2026-06-14 04:00:00,0.001481398018378186,0.002374306313175981
GARCH,ETH-USD,2026-06-14 04:15:00,0.0014439510195593086,0.0023771739707862606
GARCH,ETH-USD,2026-06-14 04:30:00,0.0016162582008421734,0.0023748993094237433
GARCH,ETH-USD,2026-06-14 04:45:00,0.001490629415636882,0.0023508350486295144
GARCH,ETH-USD,2026-06-14 05:00:00,0.0014798242077953985,0.002344362845361256
GARCH,ETH-USD,2026-06-14 05:15:00,0.001527249482427326,0.002345227587891585
GARCH,ETH-USD,2026-06-14 05:30:00,0.001541560067793844,0.002324672663217665
GARCH,ETH-USD,2026-06-14 05:45:00,0.001473391017633941,0.002326751775179556
GARCH,ETH-USD,2026-06-14 06:00:00,0.001675733817291586,0.002327970568391428
GARCH,ETH-USD,2026-06-14 06:15:00,0.0016119600286940963,0.00232879315467021
GARCH,ETH-USD,2026-06-14 06:30:00,0.0016636134970541196,0.0023286920031298985
GARCH,ETH-USD,2026-06-14 06:45:00,0.0015724909045200582,0.0023265645443061415
GARCH,ETH-USD,2026-06-14 07:00:00,0.0016032206215771088,0.0023095930406650048
GARCH,ETH-USD,2026-06-14 07:15:00,0.0016077846672040987,0.0023115740122681824
GARCH,ETH-USD,2026-06-14 07:30:00,0.0016741685210694124,0.0023080405879979775
GARCH,ETH-USD,2026-06-14 07:45:00,0.001626572504688306,0.002305426556274179
GARCH,ETH-USD,2026-06-14 08:00:00,0.0015734818755719796,0.0022085471936087696
GARCH,ETH-USD,2026-06-14 08:15:00,0.0015762323028470139,0.0020235766275706565
GARCH,ETH-USD,2026-06-14 08:30:00,0.0015208059791847158,0.001982961829218596
GARCH,ETH-USD,2026-06-14 08:45:00,0.0015367001835042255,0.0019749148402045395
GARCH,ETH-USD,2026-06-14 09:00:00,0.0014749678900012027,0.0019766633274950645
GARCH,ETH-USD,2026-06-14 09:15:00,0.001703433504109873,0.0019761812114402083
GARCH,ETH-USD,2026-06-14 09:30:00,0.0021488329075144215,0.0019736235087050268
GARCH,ETH-USD,2026-06-14 09:45:00,0.0018734223107427178,0.001965899898843966
GARCH,ETH-USD,2026-06-14 10:00:00,0.001962437791907145,0.001965408146117017
GARCH,ETH-USD,2026-06-14 10:15:00,0.0018254210343848516,0.0019514410357879472
GARCH,ETH-USD,2026-06-14 10:30:00,0.0017801487892257235,0.0019484097606639788
GARCH,ETH-USD,2026-06-14 10:45:00,0.0018421208420627683,0.001946435375514884
GARCH,ETH-USD,2026-06-14 11:00:00,0.001750353791351634,0.001919604932215749
GARCH,ETH-USD,2026-06-14 11:15:00,0.001694660770573803,0.0019175925776083048
GARCH,ETH-USD,2026-06-14 11:30:00,0.0016480457545567984,0.0019132646835940395
GARCH,ETH-USD,2026-06-14 11:45:00,0.0016651123002002694,0.0018805970488098333
GARCH,ETH-USD,2026-06-14 12:00:00,0.001582873919197175,0.0018780953225187027
GARCH,ETH-USD,2026-06-14 12:15:00,0.0015445692406803701,0.0018846989717001361
GARCH,ETH-USD,2026-06-14 12:30:00,0.0018503037756796889,0.0018816509842526565
GARCH,ETH-USD,2026-06-14 12:45:00,0.0017051551223516784,0.0018764100620917697
GARCH,ETH-USD,2026-06-14 13:00:00,0.0016999313681998127,0.0018739966953691288
GARCH,ETH-USD,2026-06-14 13:15:00,0.0016877860133560796,0.0018747620169472688
GARCH,ETH-USD,2026-06-14 13:30:00,0.0016849439098402211,0.001876021292005765
GARCH,ETH-USD,2026-06-14 13:45:00,0.0016675196170874366,0.001873331432816005
GARCH,ETH-USD,2026-06-14 14:00:00,0.0015957578128915572,0.0018705755147022263
GARCH,ETH-USD,2026-06-14 14:15:00,0.0015885385353425745,0.00188396329847536
GARCH,ETH-USD,2026-06-14 14:30:00,0.002646439328580818,0.00188452216492891
GARCH,ETH-USD,2026-06-14 14:45:00,0.002289270704681476,0.0018852801839028556
GARCH,ETH-USD,2026-06-14 15:00:00,0.0023921369674429673,0.001881200499318724
GARCH,ETH-USD,2026-06-14 15:15:00,0.0021958873063328273,0.0018801371912153645
GARCH,ETH-USD,2026-06-14 15:30:00,0.002127983021165112,0.0018792930588218612
GARCH,ETH-USD,2026-06-14 15:45:00,0.0020193162032615306,0.0018757214548819885
GARCH,ETH-USD,2026-06-14 16:00:00,0.002032275322578521,0.001865209445426485
GARCH,ETH-USD,2026-06-14 16:15:00,0.0019599274080926645,0.0018648834643112623
GARCH,ETH-USD,2026-06-14 16:30:00,0.0018770990602148601,0.0018765876106621926
GARCH,ETH-USD,2026-06-14 16:45:00,0.0023346926681085847,0.0018582025174370801
GARCH,ETH-USD,2026-06-14 17:00:00,0.002195925986927323,0.0018567392257355937
GARCH,ETH-USD,2026-06-14 17:15:00,0.0021081204248235273,0.001849472340397235
GARCH,ETH-USD,2026-06-14 17:30:00,0.00200880680796622,0.0018499406444539616
GARCH,ETH-USD,2026-06-14 17:45:00,0.0019912882522201587,0.0018488480576605512
GARCH,ETH-USD,2026-06-14 18:00:00,0.0018805907416351588,0.0018489168241279724
GARCH,ETH-USD,2026-06-14 18:15:00,0.0019191067811773497,0.0018496244259176013
GARCH,ETH-USD,2026-06-14 18:30:00,0.001826563565791291,0.0018491614068705353
GARCH,ETH-USD,2026-06-14 18:45:00,0.0017700367470004361,0.0018505746374236247
GARCH,ETH-USD,2026-06-14 19:00:00,0.0018784783354887694,0.001831548604088781
GARCH,ETH-USD,2026-06-14 19:15:00,0.0017626140729423698,0.0018311990903015754
GARCH,ETH-USD,2026-06-14 19:30:00,0.0017225827251144254,0.0018307073505811147
GARCH,ETH-USD,2026-06-14 19:45:00,0.0016542835642780643,0.001796373078302176
GARCH,ETH-USD,2026-06-14 20:00:00,0.0016666861196773669,0.0018026951205536636
GARCH,ETH-USD,2026-06-14 20:15:00,0.0018728792671211844,0.0018047910808394675
GARCH,ETH-USD,2026-06-14 20:30:00,0.002020423682143205,0.0018052529643934696
GARCH,ETH-USD,2026-06-14 20:45:00,0.001874572007700245,0.0018061118016432245
GARCH,ETH-USD,2026-06-14 21:00:00,0.0018934397675432549,0.002101301547302124
GARCH,ETH-USD,2026-06-14 21:15:00,0.007239930977826138,0.002164116525589505
GARCH,ETH-USD,2026-06-14 21:30:00,0.006387151961376766,0.0021634648715296765
GARCH,ETH-USD,2026-06-14 21:45:00,0.006193074975680709,0.002164474902404971
GARCH,ETH-USD,2026-06-14 22:00:00,0.005764551798466903,0.002163727513873477
GARCH,ETH-USD,2026-06-14 22:15:00,0.005441443394414293,0.0021691530071377783
GARCH,ETH-USD,2026-06-14 22:30:00,0.0052295601022772685,0.002172311572099725
GARCH,ETH-USD,2026-06-14 22:45:00,0.00493220714644484,0.002163910445946909
GARCH,ETH-USD,2026-06-14 23:00:00,0.0046539294837631435,0.002147094077674042
GARCH,ETH-USD,2026-06-14 23:15:00,0.004376613611256352,0.0021479971687300287
GARCH,ETH-USD,2026-06-14 23:30:00,0.004245563777295924,0.002157550157022717
GARCH,ETH-USD,2026-06-14 23:45:00,0.004210295008581721,0.0021666232141182577
GARCH,ETH-USD,2026-06-15 00:00:00,0.004128667231662431,0.0021697131385570423
GARCH,ETH-USD,2026-06-15 00:15:00,0.004049809336051388,0.002175402236123628
GARCH,ETH-USD,2026-06-15 00:30:00,0.003922482465933548,0.0021731785339787636
GARCH,ETH-USD,2026-06-15 00:45:00,0.003655720916001756,0.0021763017531157623
GARCH,ETH-USD,2026-06-15 01:00:00,0.0035470494349644855,0.00217312711747425
GARCH,ETH-USD,2026-06-15 01:15:00,0.003598904000321584,0.002200100556425843
GARCH,ETH-USD,2026-06-15 01:30:00,0.004031225422292905,0.0022101855382509125
GARCH,ETH-USD,2026-06-15 01:45:00,0.0037919171062819022,0.002215777959202452
GARCH,ETH-USD,2026-06-15 02:00:00,0.003747045824871209,0.00221577655138868
GARCH,ETH-USD,2026-06-15 02:15:00,0.0034665527059332315,0.0022155308239565088
GARCH,ETH-USD,2026-06-15 02:30:00,0.0033070739455814814,0.0022179986392188698
GARCH,ETH-USD,2026-06-15 02:45:00,0.0031997390644378614,0.002225002583683389
GARCH,ETH-USD,2026-06-15 03:00:00,0.0033188550359707874,0.0022201454983870306
GARCH,ETH-USD,2026-06-15 03:15:00,0.003050479026553395,0.002220711080389698
GARCH,ETH-USD,2026-06-15 03:30:00,0.0029601059240433516,0.0022230490865658334
GARCH,ETH-USD,2026-06-15 03:45:00,0.002842068781433473,0.0022242235016684446
GARCH,ETH-USD,2026-06-15 04:00:00,0.0027133624348907814,0.0022233364300686008
GARCH,ETH-USD,2026-06-15 04:15:00,0.002565279889192396,0.0021944747523320535
GARCH,ETH-USD,2026-06-15 04:30:00,0.002469434230548238,0.0021945162300664703
GARCH,ETH-USD,2026-06-15 04:45:00,0.0023342712069606107,0.00216608905656744
GARCH,ETH-USD,2026-06-15 05:00:00,0.002233826997398083,0.00216339029228929
GARCH,ETH-USD,2026-06-15 05:15:00,0.002261084322204981,0.002167681665808082
GARCH,ETH-USD,2026-06-15 05:30:00,0.002298909290923303,0.002073411543810769
GARCH,ETH-USD,2026-06-15 05:45:00,0.0022780337985298426,0.002068329530529493
GARCH,ETH-USD,2026-06-15 06:00:00,0.0021461244344560624,0.0020491316978331537
GARCH,ETH-USD,2026-06-15 06:15:00,0.002074996322665214,0.0020058244454337682
GARCH,ETH-USD,2026-06-15 06:30:00,0.0021344657226758036,0.0019573169433058637
GARCH,ETH-USD,2026-06-15 06:45:00,0.0019874196151354797,0.0019088484372816058
GARCH,ETH-USD,2026-06-15 07:00:00,0.0019412470765923658,0.001908765767389408
GARCH,ETH-USD,2026-06-15 07:15:00,0.0018534959148409388,0.0019114982347569738
GARCH,ETH-USD,2026-06-15 07:30:00,0.001945836649569708,0.0019077123927829182
GARCH,ETH-USD,2026-06-15 07:45:00,0.00186912793686435,0.0019092400329884455
GARCH,ETH-USD,2026-06-15 08:00:00,0.001965729468244996,0.0019097670738039533
GARCH,ETH-USD,2026-06-15 08:15:00,0.0018346737125526777,0.0019103986732277125
GARCH,ETH-USD,2026-06-15 08:30:00,0.0018664526936073638,0.0019105977762612551
GARCH,ETH-USD,2026-06-15 08:45:00,0.0017582832914773989,0.0019104034030409725
GARCH,ETH-USD,2026-06-15 09:00:00,0.0017108762849510342,0.001911040501799708
GARCH,ETH-USD,2026-06-15 09:15:00,0.001720945260054666,0.0019188976129432419
GARCH,ETH-USD,2026-06-15 09:30:00,0.0022280978833123448,0.0019104483105280463
GARCH,ETH-USD,2026-06-15 09:45:00,0.0020250388757011416,0.0019142910364501786
GARCH,ETH-USD,2026-06-15 10:00:00,0.002246294178031609,0.0019153940648347291
GARCH,ETH-USD,2026-06-15 10:15:00,0.0020768536143726504,0.0019152634597854694
GARCH,ETH-USD,2026-06-15 10:30:00,0.0021761540626046502,0.0019414851879884073
GARCH,ETH-USD,2026-06-15 10:45:00,0.0029395325515001692,0.0019439875841758868
GARCH,ETH-USD,2026-06-15 11:00:00,0.002603718341659368,0.002081150911085765
GARCH,ETH-USD,2026-06-15 11:15:00,0.005530571611791141,0.0020812998699209838
GARCH,ETH-USD,2026-06-15 11:30:00,0.004196526435128221,0.002082749599165734
GARCH,ETH-USD,2026-06-15 11:45:00,0.004452845691614799,0.00208170464126547
GARCH,ETH-USD,2026-06-15 12:00:00,0.00400006342491815,0.002081301801611787
GARCH,ETH-USD,2026-06-15 12:15:00,0.0038504893912636195,0.002103531046903113
GARCH,ETH-USD,2026-06-15 12:30:00,0.0041620158866268455,0.0021035821951651238
GARCH,ETH-USD,2026-06-15 12:45:00,0.003766571943401195,0.00217965381649088
GARCH,ETH-USD,2026-06-15 13:00:00,0.005259285763039118,0.0023441724577205722
GARCH,ETH-USD,2026-06-15 13:15:00,0.007174526382018922,0.002353148891584998
GARCH,ETH-USD,2026-06-15 13:30:00,0.006077261047725531,0.002353159093542045
GARCH,ETH-USD,2026-06-15 13:45:00,0.005996336317097166,0.0023569834427353154
GARCH,ETH-USD,2026-06-15 14:00:00,0.005587259292001604,0.0023578952987376813
GARCH,ETH-USD,2026-06-15 14:15:00,0.00530426717364545,0.002358562793157996
GARCH,ETH-USD,2026-06-15 14:30:00,0.004972778905337989,0.00235665458338733
GARCH,ETH-USD,2026-06-15 14:45:00,0.004718636268602732,0.0023566782117944913
GARCH,ETH-USD,2026-06-15 15:00:00,0.004435266290989488,0.002355728320241806
GARCH,ETH-USD,2026-06-15 15:15:00,0.004181455090082833,0.0023960086008556615
GARCH,ETH-USD,2026-06-15 15:30:00,0.004939896048421609,0.002450990758829459
GARCH,ETH-USD,2026-06-15 15:45:00,0.005519416493109381,0.002451877705293614
GARCH,ETH-USD,2026-06-15 16:00:00,0.004858900617178197,0.0024525722897363648
GARCH,ETH-USD,2026-06-15 16:15:00,0.004724320803893799,0.002448578850581416
GARCH,ETH-USD,2026-06-15 16:30:00,0.004398386689127768,0.0024490976289935447
GARCH,ETH-USD,2026-06-15 16:45:00,0.0041655712099558685,0.002481460240870359
GARCH,ETH-USD,2026-06-15 17:00:00,0.004626335429022356,0.0024796455095997703
GARCH,ETH-USD,2026-06-15 17:15:00,0.004093544376803178,0.0024763760844077744
GARCH,ETH-USD,2026-06-15 17:30:00,0.003966510445997026,0.0024773471299092144
GARCH,ETH-USD,2026-06-15 17:45:00,0.00370727185882805,0.0024773971753534723
GARCH,ETH-USD,2026-06-15 18:00:00,0.0035285094664604996,0.0024741670888018537
GARCH,ETH-USD,2026-06-15 18:15:00,0.003331801977285819,0.0024742521472727133
GARCH,ETH-USD,2026-06-15 18:30:00,0.003147533163038708,0.002475103803876477
GARCH,ETH-USD,2026-06-15 18:45:00,0.0029927741453109275,0.0024783133857995713
GARCH,ETH-USD,2026-06-15 19:00:00,0.0030113134608044244,0.0025274028153947164
GARCH,ETH-USD,2026-06-15 19:15:00,0.004137054495907565,0.0025500514037060957
GARCH,ETH-USD,2026-06-15 19:30:00,0.004168449837073937,0.002565006034234219
GARCH,ETH-USD,2026-06-15 19:45:00,0.004244612848874153,0.0025653469532969358
GARCH,ETH-USD,2026-06-15 20:00:00,0.003898365354299844,0.0025668930932122875
GARCH,ETH-USD,2026-06-15 20:15:00,0.003742617862851054,0.0025685708559011347
GARCH,ETH-USD,2026-06-15 20:30:00,0.0035391898129480443,0.002570889220391289
GARCH,ETH-USD,2026-06-15 20:45:00,0.0033863556235936617,0.0025724014112213753
GARCH,ETH-USD,2026-06-15 21:00:00,0.0032801098538246176,0.0025796713728404694
GARCH,ETH-USD,2026-06-15 21:15:00,0.003280370785629595,0.0025796685668923076
GARCH,ETH-USD,2026-06-15 21:30:00,0.0030345244400040603,0.002585142704064191
GARCH,ETH-USD,2026-06-15 21:45:00,0.0030965906580613205,0.002586957469609299
GARCH,ETH-USD,2026-06-15 22:00:00,0.0028864912749738754,0.0026547121140810177
GARCH,ETH-USD,2026-06-15 22:15:00,0.0047154830540632586,0.002654780934872185
GARCH,ETH-USD,2026-06-15 22:30:00,0.0037522709182021873,0.002657685879944214
GARCH,ETH-USD,2026-06-15 22:45:00,0.0039284739524965825,0.0026572497673607812
GARCH,ETH-USD,2026-06-15 23:00:00,0.003551153537090006,0.002657392552226183
GARCH,ETH-USD,2026-06-15 23:15:00,0.00341732573732713,0.002657257569359751
GARCH,ETH-USD,2026-06-15 23:30:00,0.0032118746602550407,0.0026608288288903653
GARCH,ETH-USD,2026-06-15 23:45:00,0.003267718587630673,0.002660882245176766
GARCH,ETH-USD,2026-06-16 00:00:00,0.003004013380315249,0.002665847372551405
GARCH,ETH-USD,2026-06-16 00:15:00,0.003053011186371938,0.0026721554151087168
GARCH,ETH-USD,2026-06-16 00:30:00,0.003097134512152559,0.0026909073107486726
GARCH,ETH-USD,2026-06-16 00:45:00,0.0034679210472780024,0.002691465692244919
GARCH,ETH-USD,2026-06-16 01:00:00,0.0031027326138264076,0.002694076562658123
GARCH,ETH-USD,2026-06-16 01:15:00,0.0031402288602712064,0.0026938757203156184
GARCH,ETH-USD,2026-06-16 01:30:00,0.0028881616249155063,0.0026966736062078106
GARCH,ETH-USD,2026-06-16 01:45:00,0.002870180160248515,0.0027104004288851153
GARCH,ETH-USD,2026-06-16 02:00:00,0.0032092084571523957,0.0027374627830619
GARCH,ETH-USD,2026-06-16 02:15:00,0.0037209688391602936,0.002736909366581595
GARCH,ETH-USD,2026-06-16 02:30:00,0.003248680829340188,0.0027421146537336028
GARCH,ETH-USD,2026-06-16 02:45:00,0.0033388532491915634,0.0027449912056270553
GARCH,ETH-USD,2026-06-16 03:00:00,0.0031961100984847666,0.002747004217801009
GARCH,ETH-USD,2026-06-16 03:15:00,0.003109923520330454,0.002747803117847007
GARCH,ETH-USD,2026-06-16 03:30:00,0.0029639814534551997,0.0027476714225880463
GARCH,ETH-USD,2026-06-16 03:45:00,0.002812925462884896,0.0027486649640844703
GARCH,ETH-USD,2026-06-16 04:00:00,0.0027051429879575966,0.0027663844338973176
GARCH,ETH-USD,2026-06-16 04:15:00,0.0032096960322076516,0.0027729449887636346
GARCH,ETH-USD,2026-06-16 04:30:00,0.003036518065443157,0.0027739149179845093
GARCH,ETH-USD,2026-06-16 04:45:00,0.0029342428165969768,0.002773691370864777
GARCH,ETH-USD,2026-06-16 05:00:00,0.0027929238694937185,0.0027727957627914587
GARCH,ETH-USD,2026-06-16 05:15:00,0.0026476872887126694,0.0027730069544325124
GARCH,ETH-USD,2026-06-16 05:30:00,0.0025179610437939515,0.002773278251236232
GARCH,ETH-USD,2026-06-16 05:45:00,0.0023968316654208698,0.002776417768126649
GARCH,ETH-USD,2026-06-16 06:00:00,0.0024774384084860464,0.0027763955110848204
GARCH,ETH-USD,2026-06-16 06:15:00,0.0023244151408348666,0.002773604669142691
GARCH,ETH-USD,2026-06-16 06:30:00,0.002285962158048715,0.0027726523212757374
GARCH,ETH-USD,2026-06-16 06:45:00,0.0021601159649275547,0.0027612313693131606
GARCH,ETH-USD,2026-06-16 07:00:00,0.0020996391768284065,0.0027606418249685356
GARCH,ETH-USD,2026-06-16 07:15:00,0.002110017732087028,0.0027607102141967033
GARCH,ETH-USD,2026-06-16 07:30:00,0.0019785277144061635,0.002759909854311633
GARCH,ETH-USD,2026-06-16 07:45:00,0.0019598584170642487,0.0027604918864371306
GARCH,ETH-USD,2026-06-16 08:00:00,0.0019953025682289847,0.002765187595631787
GARCH,ETH-USD,2026-06-16 08:15:00,0.0022488365252799946,0.002767686613850218
GARCH,ETH-USD,2026-06-16 08:30:00,0.002191074379343242,0.002816174182801476
GARCH,ETH-USD,2026-06-16 08:45:00,0.004163793250141826,0.0028167926876125804
GARCH,ETH-USD,2026-06-16 09:00:00,0.0032647469311297595,0.002836993226100493
GARCH,ETH-USD,2026-06-16 09:15:00,0.004019803571318449,0.0028366768776080303
GARCH,ETH-USD,2026-06-16 09:30:00,0.0034597247494205447,0.0028356486251730614
GARCH,ETH-USD,2026-06-16 09:45:00,0.0034825316766180442,0.002835667702104187
GARCH,ETH-USD,2026-06-16 10:00:00,0.0032018595907657684,0.0028535898355511774
GARCH,ETH-USD,2026-06-16 10:15:00,0.003795025003155556,0.0028543715907253056
GARCH,ETH-USD,2026-06-16 10:30:00,0.0033334381481401605,0.00285675333586157
GARCH,ETH-USD,2026-06-16 10:45:00,0.0033326758977246873,0.0028564788820402047
GARCH,ETH-USD,2026-06-16 11:00:00,0.0030888391178016906,0.002856324886792335
GARCH,ETH-USD,2026-06-16 11:15:00,0.002964924932099264,0.002856752186935207
GARCH,ETH-USD,2026-06-16 11:30:00,0.0028382514416770864,0.00285890333237069
GARCH,ETH-USD,2026-06-16 11:45:00,0.0028087603138797807,0.0028766553214528965
GARCH,ETH-USD,2026-06-16 12:00:00,0.003433631438689966,0.0029004108971698657
GARCH,ETH-USD,2026-06-16 12:15:00,0.0038872523934659737,0.0028737819157295084
GARCH,ETH-USD,2026-06-16 12:30:00,0.0034650303526534065,0.002876407515966613
GARCH,ETH-USD,2026-06-16 12:45:00,0.0034439445238664906,0.0029074323883772446
GARCH,ETH-USD,2026-06-16 13:00:00,0.0042074857144904195,0.002907429696808385
GARCH,ETH-USD,2026-06-16 13:15:00,0.0036018644714261765,0.002907005047689504
GARCH,ETH-USD,2026-06-16 13:30:00,0.003587865175286108,0.0029173835855874717
GARCH,ETH-USD,2026-06-16 13:45:00,0.0036566902103681194,0.0029179992403233017
GARCH,ETH-USD,2026-06-16 14:00:00,0.0033558987057495404,0.0030405963424296016
GARCH,ETH-USD,2026-06-16 14:15:00,0.006332537377849796,0.003050392761250431
GARCH,ETH-USD,2026-06-16 14:30:00,0.005160665456306026,0.0030504336772934904
GARCH,ETH-USD,2026-06-16 14:45:00,0.005195002556272056,0.0030551157942338377
GARCH,ETH-USD,2026-06-16 15:00:00,0.004901601587273995,0.003063863635240802
GARCH,ETH-USD,2026-06-16 15:15:00,0.004815674882178782,0.0030625028529155636
GARCH,ETH-USD,2026-06-16 15:30:00,0.004449503943391256,0.003063250608547925
GARCH,ETH-USD,2026-06-16 15:45:00,0.004267137555493415,0.003067008040194539
GARCH,ETH-USD,2026-06-16 16:00:00,0.004116887305027317,0.0030664772120150684
GARCH,ETH-USD,2026-06-16 16:15:00,0.0038551605730253913,0.003065113744641318
GARCH,ETH-USD,2026-06-16 16:30:00,0.0036458203608557295,0.003065565577437486
GARCH,ETH-USD,2026-06-16 16:45:00,0.00344853980794997,0.00306620867888962
GARCH,ETH-USD,2026-06-16 17:00:00,0.0032933420531518786,0.0030649853937618687
GARCH,ETH-USD,2026-06-16 17:15:00,0.003112563460595844,0.003066013340862677
GARCH,ETH-USD,2026-06-16 17:30:00,0.003029161003899526,0.0030863110537675082
GARCH,ETH-USD,2026-06-16 17:45:00,0.0037066204223536385,0.0031013859333585024
GARCH,ETH-USD,2026-06-16 18:00:00,0.003805552050843417,0.0031178566768726513
GARCH,ETH-USD,2026-06-16 18:15:00,0.00398466892220475,0.0031156838905386885
GARCH,ETH-USD,2026-06-16 18:30:00,0.0035990459418401826,0.003117147000743395
GARCH,ETH-USD,2026-06-16 18:45:00,0.0035538199353126855,0.0031223761789238537
GARCH,ETH-USD,2026-06-16 19:00:00,0.003468222292818407,0.0031235497759171268
GARCH,ETH-USD,2026-06-16 19:15:00,0.0033048013169996292,0.003120437451785722
GARCH,ETH-USD,2026-06-16 19:30:00,0.003114926643627574,0.0031228968236192657
GARCH,ETH-USD,2026-06-16 19:45:00,0.0030296201708538847,0.00312316982850388
GARCH,ETH-USD,2026-06-16 20:00:00,0.0028383888359314797,0.003126566447519624
GARCH,ETH-USD,2026-06-16 20:15:00,0.0028933565998523043,0.0031369354707412424
GARCH,ETH-USD,2026-06-16 20:30:00,0.003218158820902263,0.0031369479968382206
GARCH,ETH-USD,2026-06-16 20:45:00,0.002855982277232363,0.0031350526840496695
GARCH,ETH-USD,2026-06-16 21:00:00,0.0028022878545620146,0.0031400401530260226
GARCH,ETH-USD,2026-06-16 21:15:00,0.0028785345680805326,0.0031382960882687895
GARCH,ETH-USD,2026-06-16 21:30:00,0.0026414755190026593,0.0031382159206858598
GARCH,ETH-USD,2026-06-16 21:45:00,0.0025604852641933663,0.003137305475348472
GARCH,ETH-USD,2026-06-16 22:00:00,0.0024420801247476438,0.00314020160713513
GARCH,ETH-USD,2026-06-16 22:15:00,0.002469968258658341,0.003138992464629065
GARCH,ETH-USD,2026-06-16 22:30:00,0.0023285866461766652,0.003141172797244241
GARCH,ETH-USD,2026-06-16 22:45:00,0.002412286537518439,0.003141277896691244
GARCH,ETH-USD,2026-06-16 23:00:00,0.002218169456567379,0.003141269674842581
GARCH,ETH-USD,2026-06-16 23:15:00,0.0021536857273153904,0.0031418006155848805
GARCH,ETH-USD,2026-06-16 23:30:00,0.0020751595284640247,0.0031410670118257006
GARCH,ETH-USD,2026-06-16 23:45:00,0.0019835119036652952,0.0031409234256297657
GARCH,ETH-USD,2026-06-17 00:00:00,0.001917764558582464,0.0031370229804155146
GARCH,ETH-USD,2026-06-17 00:15:00,0.001832118213913779,0.0031309850904713576
GARCH,ETH-USD,2026-06-17 00:30:00,0.0018910138671367047,0.003133602726738995
GARCH,ETH-USD,2026-06-17 00:45:00,0.0019069022618769082,0.0031317833114120567
GARCH,ETH-USD,2026-06-17 01:00:00,0.0017929408666904506,0.0031470696336730344
GARCH,ETH-USD,2026-06-17 01:15:00,0.0025791755338745006,0.0031509915573244766
GARCH,ETH-USD,2026-06-17 01:30:00,0.002427255512959274,0.003156157428100837
GARCH,ETH-USD,2026-06-17 01:45:00,0.0027805083883831534,0.0031560333214016574
GARCH,ETH-USD,2026-06-17 02:00:00,0.002453551356840451,0.0031669275312035242
GARCH,ETH-USD,2026-06-17 02:15:00,0.0030193586460170504,0.0031916203158640034
GARCH,ETH-USD,2026-06-17 02:30:00,0.003574306106399771,0.0031902329060272947
GARCH,ETH-USD,2026-06-17 02:45:00,0.003103898570566739,0.0031942220660813206
GARCH,ETH-USD,2026-06-17 03:00:00,0.0031910777268866156,0.003194298935118086
GARCH,ETH-USD,2026-06-17 03:15:00,0.002916991020730125,0.0031896863916719125
GARCH,ETH-USD,2026-06-17 03:30:00,0.0028614417368306093,0.0031885131198194647
GARCH,ETH-USD,2026-06-17 03:45:00,0.0026709245316822276,0.0031884635887405744
GARCH,ETH-USD,2026-06-17 04:00:00,0.0025502926663179574,0.0031871951800081554
GARCH,ETH-USD,2026-06-17 04:15:00,0.002428710418785465,0.0031866665621033234
GARCH,ETH-USD,2026-06-17 04:30:00,0.002311151268858722,0.0031859250446662347
GARCH,ETH-USD,2026-06-17 04:45:00,0.0022139589380787542,0.0031875630189005036
GARCH,ETH-USD,2026-06-17 05:00:00,0.0021760692240903714,0.003187132071481873
GARCH,ETH-USD,2026-06-17 05:15:00,0.0020953404654326067,0.0031683796771196176
GARCH,ETH-USD,2026-06-17 05:30:00,0.0020871583914725336,0.0031680533670186985
GARCH,ETH-USD,2026-06-17 05:45:00,0.00203121214669911,0.0031667415505830833
GARCH,ETH-USD,2026-06-17 06:00:00,0.0019536152543818924,0.003175747177437427
GARCH,ETH-USD,2026-06-17 06:15:00,0.002351625038440286,0.0031757245229054364
GARCH,ETH-USD,2026-06-17 06:30:00,0.0020568137567681323,0.0031757942328050665
GARCH,ETH-USD,2026-06-17 06:45:00,0.00206135982730275,0.0031750185968306317
GARCH,ETH-USD,2026-06-17 07:00:00,0.001958381371807799,0.003183823210109014
GARCH,ETH-USD,2026-06-17 07:15:00,0.0023810261985580615,0.003183927109340119
GARCH,ETH-USD,2026-06-17 07:30:00,0.0021160163203740763,0.0031755490228230964
GARCH,ETH-USD,2026-06-17 07:45:00,0.0021305045942915527,0.0031812543577917182
GARCH,ETH-USD,2026-06-17 08:00:00,0.002393766432983185,0.003183385642436514
GARCH,ETH-USD,2026-06-17 08:15:00,0.0022426831288828155,0.003221244701432801
GARCH,ETH-USD,2026-06-17 08:30:00,0.0037695504383369145,0.003220508869546284
GARCH,ETH-USD,2026-06-17 08:45:00,0.0030295473984992987,0.003222924649017057
GARCH,ETH-USD,2026-06-17 09:00:00,0.003221790369997444,0.0032264502724612984
GARCH,ETH-USD,2026-06-17 09:15:00,0.0031921374937784685,0.0032277355763652748
GARCH,ETH-USD,2026-06-17 09:30:00,0.0030053553515192732,0.0032277175722097056
GARCH,ETH-USD,2026-06-17 09:45:00,0.002851158390172059,0.003226006376007592
GARCH,ETH-USD,2026-06-17 10:00:00,0.002698925569721554,0.0032259956038668603
GARCH,ETH-USD,2026-06-17 10:15:00,0.0025628789073662162,0.0032257232106120623
GARCH,ETH-USD,2026-06-17 10:30:00,0.0024368352949323256,0.003230162225274986
GARCH,ETH-USD,2026-06-17 10:45:00,0.0025299618633743467,0.003232267556839796
GARCH,ETH-USD,2026-06-17 11:00:00,0.0024680924489243476,0.003229554797075628
GARCH,ETH-USD,2026-06-17 11:15:00,0.002351964151003974,0.0032264416818362862
GARCH,ETH-USD,2026-06-17 11:30:00,0.002259063745063193,0.0032262654718280253
GARCH,ETH-USD,2026-06-17 11:45:00,0.0021604616894080834,0.0032256098843791853
GARCH,ETH-USD,2026-06-17 12:00:00,0.002062363711673619,0.0031086342631637194
GARCH,ETH-USD,2026-06-17 12:15:00,0.004534167921370335,0.0030742196807388273
GARCH,ETH-USD,2026-06-17 12:30:00,0.004029167319011616,0.003075887119112288
GARCH,ETH-USD,2026-06-17 12:45:00,0.003986065182344497,0.0030758112221173288
GARCH,ETH-USD,2026-06-17 13:00:00,0.0037142047481185892,0.0030785571036868764
GARCH,ETH-USD,2026-06-17 13:15:00,0.003613057372286821,0.003090136922685234
GARCH,ETH-USD,2026-06-17 13:30:00,0.0039574834275711655,0.0030945406082135214
GARCH,ETH-USD,2026-06-17 13:45:00,0.003748596572209985,0.003093993755992535
GARCH,ETH-USD,2026-06-17 14:00:00,0.0035288332449319748,0.003099247591975745
GARCH,ETH-USD,2026-06-17 14:15:00,0.0035255303891653985,0.00309520986930908
GARCH,ETH-USD,2026-06-17 14:30:00,0.0032538071164534906,0.0030874610729881022
GARCH,ETH-USD,2026-06-17 14:45:00,0.0031089517629232654,0.0030834913301080033
GARCH,ETH-USD,2026-06-17 15:00:00,0.0030811242837889374,0.0030794408304840102
GARCH,ETH-USD,2026-06-17 15:15:00,0.003004287184060699,0.0030774694154826823
GARCH,ETH-USD,2026-06-17 15:30:00,0.0029729728981602544,0.0030842643328476134
GARCH,ETH-USD,2026-06-17 15:45:00,0.0030860689271605952,0.0030823981977333055
GARCH,ETH-USD,2026-06-17 16:00:00,0.0028467947466201426,0.0030935274822905976
GARCH,ETH-USD,2026-06-17 16:15:00,0.003575075801258031,0.0030972558530847688
GARCH,ETH-USD,2026-06-17 16:30:00,0.003881384138589425,0.003092035370277999
GARCH,ETH-USD,2026-06-17 16:45:00,0.0035273442278748123,0.003087729626022893
GARCH,ETH-USD,2026-06-17 17:00:00,0.0033857222934891356,0.0030938177461859507
GARCH,ETH-USD,2026-06-17 17:15:00,0.003434227467508329,0.0030957816753732588
GARCH,ETH-USD,2026-06-17 17:30:00,0.0032266828137118664,0.003131375387634087
GARCH,ETH-USD,2026-06-17 17:45:00,0.004436670725794482,0.0032388138130925413
GARCH,ETH-USD,2026-06-17 18:00:00,0.0065987027276983605,0.003238422883708527
GARCH,ETH-USD,2026-06-17 18:15:00,0.005340338747987049,0.00330207378451557
GARCH,ETH-USD,2026-06-17 18:30:00,0.006866448614055224,0.003342015900354438
GARCH,ETH-USD,2026-06-17 18:45:00,0.006663899934624086,0.0033413744620465987
GARCH,ETH-USD,2026-06-17 19:00:00,0.006180248906313016,0.0035244074862444573
GARCH,ETH-USD,2026-06-17 19:15:00,0.009297162752935705,0.0035325906363361326
GARCH,ETH-USD,2026-06-17 19:30:00,0.00763816234453032,0.003532802012913072
GARCH,ETH-USD,2026-06-17 19:45:00,0.007640536658929873,0.003534246608982214
GARCH,ETH-USD,2026-06-17 20:00:00,0.00701922483501505,0.0035325702508373596
GARCH,ETH-USD,2026-06-17 20:15:00,0.0066628222385500015,0.003531391435541057
GARCH,ETH-USD,2026-06-17 20:30:00,0.006272066708220655,0.0035506556493384005
GARCH,ETH-USD,2026-06-17 20:45:00,0.0064125635144595735,0.0035547358148097226
GARCH,ETH-USD,2026-06-17 21:00:00,0.005919771317116542,0.0035546798577230955
GARCH,ETH-USD,2026-06-17 21:15:00,0.0056116057676188595,0.003554678930369441
GARCH,ETH-USD,2026-06-17 21:30:00,0.005318861361012803,0.003554952560116447
GARCH,ETH-USD,2026-06-17 21:45:00,0.004994242360057812,0.0035568831386681063
GARCH,ETH-USD,2026-06-17 22:00:00,0.004766579544773299,0.003568298516416443
GARCH,ETH-USD,2026-06-17 22:15:00,0.004835340262238057,0.0035662036327842018
GARCH,ETH-USD,2026-06-17 22:30:00,0.004410806503209692,0.0035669707556529474
GARCH,ETH-USD,2026-06-17 22:45:00,0.004267311224618437,0.0035669391568044955
GARCH,ETH-USD,2026-06-17 23:00:00,0.004053257171344719,0.003574410057526127
GARCH,ETH-USD,2026-06-17 23:15:00,0.004109855269616796,0.0035745117425155064
GARCH,ETH-USD,2026-06-17 23:30:00,0.0037934482594037837,0.003575769342070289
GARCH,ETH-USD,2026-06-17 23:45:00,0.0036716024835907403,0.0035798446927576533
GARCH,ETH-USD,2026-06-18 00:00:00,0.003613111175850999,0.0035792028727952797
GARCH,ETH-USD,2026-06-18 00:15:00,0.0033534815900977135,0.0035712452151931604
GARCH,ETH-USD,2026-06-18 00:30:00,0.003194786124659603,0.003571320074960775
GARCH,ETH-USD,2026-06-18 00:45:00,0.003071008993652212,0.003580527695828331
GARCH,ETH-USD,2026-06-18 01:00:00,0.00350491961047669,0.003583938042146714
GARCH,ETH-USD,2026-06-18 01:15:00,0.0032586657303778077,0.0035818376604896777
GARCH,ETH-USD,2026-06-18 01:30:00,0.003103143472022342,0.0035682965513962584
GARCH,ETH-USD,2026-06-18 01:45:00,0.0030007554079868526,0.0035660841526181384
GARCH,ETH-USD,2026-06-18 02:00:00,0.002815799133445232,0.003486883119056335
GARCH,ETH-USD,2026-06-18 02:15:00,0.0027866798287865084,0.003486850526459218
GARCH,ETH-USD,2026-06-18 02:30:00,0.0025941013073946264,0.0034854325277240156
GARCH,ETH-USD,2026-06-18 02:45:00,0.002513960492980672,0.003488715158063021
GARCH,ETH-USD,2026-06-18 03:00:00,0.0025759554585284565,0.0034968567451794325
GARCH,ETH-USD,2026-06-18 03:15:00,0.002840395222835643,0.0034824063790443102
GARCH,ETH-USD,2026-06-18 03:30:00,0.0025890122029411295,0.0034813453919445288
GARCH,ETH-USD,2026-06-18 03:45:00,0.0025225704447598253,0.0034450446288217906
GARCH,ETH-USD,2026-06-18 04:00:00,0.0031847704539392104,0.0033272482225441048
GARCH,ETH-USD,2026-06-18 04:15:00,0.0027172025826405722,0.0033224400129778244
GARCH,ETH-USD,2026-06-18 04:30:00,0.002790818056466857,0.0033225389399231795
GARCH,ETH-USD,2026-06-18 04:45:00,0.0026004820994427404,0.0033207442071065273
GARCH,ETH-USD,2026-06-18 05:00:00,0.002522083741298192,0.00331921844348776
GARCH,ETH-USD,2026-06-18 05:15:00,0.002375139626402632,0.003319145321378887
GARCH,ETH-USD,2026-06-18 05:30:00,0.0022689967165522556,0.0033190344319344507
GARCH,ETH-USD,2026-06-18 05:45:00,0.002224776029727808,0.0033191558567435085
GARCH,ETH-USD,2026-06-18 06:00:00,0.0021563500921047392,0.0033196924031928432
GARCH,ETH-USD,2026-06-18 06:15:00,0.0020772245828307905,0.0032932412073117647
GARCH,ETH-USD,2026-06-18 06:30:00,0.0023934534107245935,0.003246142312673945
GARCH,ETH-USD,2026-06-18 06:45:00,0.002121274036934167,0.0032460632349908753
GARCH,ETH-USD,2026-06-18 07:00:00,0.00210513730524451,0.0032705109089079484
GARCH,ETH-USD,2026-06-18 07:15:00,0.00319495283896654,0.0032731751437860526
GARCH,ETH-USD,2026-06-18 07:30:00,0.0027400172097763052,0.003273340257445971
GARCH,ETH-USD,2026-06-18 07:45:00,0.00271922545664543,0.0032528160338797293
GARCH,ETH-USD,2026-06-18 08:00:00,0.002548389999165994,0.0032534337693855
GARCH,ETH-USD,2026-06-18 08:15:00,0.0024664173781610813,0.0032536327837976546
GARCH,ETH-USD,2026-06-18 08:30:00,0.002332609740264216,0.0032547605165385496
GARCH,ETH-USD,2026-06-18 08:45:00,0.0023258800970437725,0.003254085523297382
GARCH,ETH-USD,2026-06-18 09:00:00,0.002173294827669133,0.0032565265074553118
GARCH,ETH-USD,2026-06-18 09:15:00,0.0022862798498694413,0.003259918226003232
GARCH,ETH-USD,2026-06-18 09:30:00,0.002276699232662302,0.0032598130995191133
GARCH,ETH-USD,2026-06-18 09:45:00,0.002143496345596336,0.0032593029327407552
GARCH,ETH-USD,2026-06-18 10:00:00,0.0023492784657242454,0.003226681835087007
GARCH,ETH-USD,2026-06-18 10:15:00,0.002121267756294574,0.0032046651354531762
GARCH,ETH-USD,2026-06-18 10:30:00,0.0020997882507846825,0.0032021868938826594
GARCH,ETH-USD,2026-06-18 10:45:00,0.0024837353964777664,0.003201254472759437
GARCH,ETH-USD,2026-06-18 11:00:00,0.002190699866590342,0.003200757415685788
GARCH,ETH-USD,2026-06-18 11:15:00,0.002160610457915742,0.003201220554266917
GARCH,ETH-USD,2026-06-18 11:30:00,0.002129343463531995,0.0032002766580351474
GARCH,ETH-USD,2026-06-18 11:45:00,0.002007135982054062,0.003198700608563003
GARCH,ETH-USD,2026-06-18 12:00:00,0.001998685250325227,0.0032037162407283575
GARCH,ETH-USD,2026-06-18 12:15:00,0.002430278947310304,0.003204848940831617
GARCH,ETH-USD,2026-06-18 12:30:00,0.0022204599842696035,0.0032013062160567963
GARCH,ETH-USD,2026-06-18 12:45:00,0.0021717782822789004,0.0032005088034221417
GARCH,ETH-USD,2026-06-18 13:00:00,0.0020530017135826804,0.0031468958342585293
GARCH,ETH-USD,2026-06-18 13:15:00,0.0019716603155392263,0.003210864388709442
GARCH,ETH-USD,2026-06-18 13:30:00,0.004600138411401272,0.0032128476344271606
GARCH,ETH-USD,2026-06-18 13:45:00,0.0036108102721350106,0.003216680210390359
GARCH,ETH-USD,2026-06-18 14:00:00,0.0038719541467555903,0.003217144801377672
GARCH,ETH-USD,2026-06-18 14:15:00,0.0034814247524454583,0.0032237336890432876
GARCH,ETH-USD,2026-06-18 14:30:00,0.0036080894744666575,0.00321820691204961
GARCH,ETH-USD,2026-06-18 14:45:00,0.003281575263699586,0.003226846534625461
GARCH,ETH-USD,2026-06-18 15:00:00,0.003540255949442075,0.0032568316810059205
GARCH,ETH-USD,2026-06-18 15:15:00,0.004418230181706217,0.0033345266674279102
GARCH,ETH-USD,2026-06-18 15:30:00,0.006192825643887723,0.00338018453784902
GARCH,ETH-USD,2026-06-18 15:45:00,0.006556427691014502,0.003392135054413464
GARCH,ETH-USD,2026-06-18 16:00:00,0.006147344461887096,0.0033897708193067412
GARCH,ETH-USD,2026-06-18 16:15:00,0.005822241093602702,0.0033897703498595453
GARCH,ETH-USD,2026-06-18 16:30:00,0.005454545198536249,0.0033882722356348826
GARCH,ETH-USD,2026-06-18 16:45:00,0.005136788504987507,0.00337959741797783
GARCH,ETH-USD,2026-06-18 17:00:00,0.004882358532760889,0.0033627005752099324
GARCH,ETH-USD,2026-06-18 17:15:00,0.004647473343994897,0.0033633434942354594
GARCH,ETH-USD,2026-06-18 17:30:00,0.0043712305424417446,0.0033612576466293493
GARCH,ETH-USD,2026-06-18 17:45:00,0.004163786392338634,0.0033575429904481886
GARCH,ETH-USD,2026-06-18 18:00:00,0.003906910685763702,0.0033656761163536127
GARCH,ETH-USD,2026-06-18 18:15:00,0.004050544901531947,0.0033643299335663185
GARCH,ETH-USD,2026-06-18 18:30:00,0.0036886876699539026,0.003364246293815307
GARCH,ETH-USD,2026-06-18 18:45:00,0.0035337755169588952,0.0033641200620319295
GARCH,ETH-USD,2026-06-18 19:00:00,0.0033236547564629427,0.0033577292451716116
GARCH,ETH-USD,2026-06-18 19:15:00,0.0033736917769274966,0.003383077909196367
GARCH,ETH-USD,2026-06-18 19:30:00,0.0042036622696708615,0.0033835372627227583
GARCH,ETH-USD,2026-06-18 19:45:00,0.0036255174786828243,0.0033917942164564834
GARCH,ETH-USD,2026-06-18 20:00:00,0.0038915269136414366,0.0033919368756026263
GARCH,ETH-USD,2026-06-18 20:15:00,0.003493547755010663,0.0033918892738134684
GARCH,ETH-USD,2026-06-18 20:30:00,0.0033711691968196676,0.0033930532306173404
GARCH,ETH-USD,2026-06-18 20:45:00,0.0032189985450470832,0.0033965869943375147
GARCH,ETH-USD,2026-06-18 21:00:00,0.003375599784780178,0.003396237315764227
GARCH,ETH-USD,2026-06-18 21:15:00,0.0030781570043234324,0.00339523818278377
GARCH,ETH-USD,2026-06-18 21:30:00,0.0029621941376979906,0.0033958712895373533
GARCH,ETH-USD,2026-06-18 21:45:00,0.0028197834771150876,0.003395854410897852
GARCH,ETH-USD,2026-06-18 22:00:00,0.002688313897912126,0.0033960658824927614
GARCH,ETH-USD,2026-06-18 22:15:00,0.0026858239681901747,0.003396847068021899
GARCH,ETH-USD,2026-06-18 22:30:00,0.002527123152950353,0.0033969903696094883
GARCH,ETH-USD,2026-06-18 22:45:00,0.0024562147188236503,0.003397302949215853
GARCH,ETH-USD,2026-06-18 23:00:00,0.002492894854972454,0.003399503245928857
GARCH,ETH-USD,2026-06-18 23:15:00,0.002738721536670591,0.0033964693701696532
GARCH,ETH-USD,2026-06-18 23:30:00,0.002452813434680507,0.003349146383756607
GARCH,ETH-USD,2026-06-18 23:45:00,0.002420525708589472,0.0033484985436110907
GARCH,ETH-USD,2026-06-19 00:00:00,0.0022722931514749718,0.0033340369685670125
GARCH,ETH-USD,2026-06-19 00:15:00,0.0022490520669630767,0.0033356646462090376
GARCH,ETH-USD,2026-06-19 00:30:00,0.0022439528357292068,0.0033348461496269443
GARCH,ETH-USD,2026-06-19 00:45:00,0.0021641160903935037,0.0033353906691585026
GARCH,ETH-USD,2026-06-19 01:00:00,0.0021073838667077867,0.00331692270944437
GARCH,ETH-USD,2026-06-19 01:15:00,0.002069386742352571,0.0033161915112579566
GARCH,ETH-USD,2026-06-19 01:30:00,0.0019583146914430856,0.0033182832801682133
GARCH,ETH-USD,2026-06-19 01:45:00,0.00209995100344419,0.003318910155198663
GARCH,ETH-USD,2026-06-19 02:00:00,0.002021304695559678,0.0033272925120036686
GARCH,ETH-USD,2026-06-19 02:15:00,0.0025260121855927914,0.0033259773270706574
GARCH,ETH-USD,2026-06-19 02:30:00,0.0021775564353121012,0.003324953895172838
GARCH,ETH-USD,2026-06-19 02:45:00,0.002275828714983473,0.0033313959895644547
GARCH,ETH-USD,2026-06-19 03:00:00,0.0034779062536647466,0.0033111671107041475
GARCH,ETH-USD,2026-06-19 03:15:00,0.0030032091287157873,0.003311656574036676
GARCH,ETH-USD,2026-06-19 03:30:00,0.0030445296877117164,0.0033103885949835694
GARCH,ETH-USD,2026-06-19 03:45:00,0.002806526470596387,0.0032872123004974814
GARCH,ETH-USD,2026-06-19 04:00:00,0.002771848108637912,0.0032918363301301487
GARCH,ETH-USD,2026-06-19 04:15:00,0.0028597339756363145,0.0032919261487762003
GARCH,ETH-USD,2026-06-19 04:30:00,0.0027182146170873557,0.0032849459085950586
GARCH,ETH-USD,2026-06-19 04:45:00,0.0026263128071356396,0.0032983491646822924
GARCH,ETH-USD,2026-06-19 05:00:00,0.00308294690945871,0.0031949323666666846
GARCH,ETH-USD,2026-06-19 05:15:00,0.002837701971825113,0.003184683740880249
GARCH,ETH-USD,2026-06-19 05:30:00,0.0027665736890915915,0.003185403956167644
GARCH,ETH-USD,2026-06-19 05:45:00,0.0026290420920663977,0.003180796858839153
GARCH,ETH-USD,2026-06-19 06:00:00,0.0025594791763045247,0.0031746211309597655
GARCH,ETH-USD,2026-06-19 06:15:00,0.0024194356452233185,0.003174579880790961
GARCH,ETH-USD,2026-06-19 06:30:00,0.0023075863240873155,0.0031728341006546004
GARCH,ETH-USD,2026-06-19 06:45:00,0.002196735059965313,0.003172723595330941
GARCH,ETH-USD,2026-06-19 07:00:00,0.002325034660402334,0.0031721072109086334
GARCH,ETH-USD,2026-06-19 07:15:00,0.002124181938635481,0.0031746102566229525
GARCH,ETH-USD,2026-06-19 07:30:00,0.002251947491826901,0.003177023376443403
GARCH,ETH-USD,2026-06-19 07:45:00,0.0021920629255099714,0.0031760573582540878
GARCH,ETH-USD,2026-06-19 08:00:00,0.002085273020958746,0.003175559787680314
GARCH,ETH-USD,2026-06-19 08:15:00,0.0020073687508184515,0.0031732440534619896
GARCH,ETH-USD,2026-06-19 08:30:00,0.0019162376104245869,0.0031509059631564993
GARCH,ETH-USD,2026-06-19 08:45:00,0.0018757526493976544,0.003138841376805402
GARCH,ETH-USD,2026-06-19 09:00:00,0.0022495815627139597,0.0031256359870524366
GARCH,ETH-USD,2026-06-19 09:15:00,0.0019754439550959883,0.003126178920097548
GARCH,ETH-USD,2026-06-19 09:30:00,0.001984681339784055,0.0031252435255655483
GARCH,ETH-USD,2026-06-19 09:45:00,0.0020507175520264745,0.003123229514564179
GARCH,ETH-USD,2026-06-19 10:00:00,0.001988338926151329,0.0031210511761121267
GARCH,ETH-USD,2026-06-19 10:15:00,0.0019286504378711537,0.0031213237830186964
GARCH,ETH-USD,2026-06-19 10:30:00,0.0019010315588777124,0.003126402220491206
GARCH,ETH-USD,2026-06-19 10:45:00,0.0021657760996345622,0.003128080588249752
GARCH,ETH-USD,2026-06-19 11:00:00,0.0020815732469135484,0.003127228980755621
GARCH,ETH-USD,2026-06-19 11:15:00,0.0021111036471261283,0.0031135273536510976
GARCH,ETH-USD,2026-06-19 11:30:00,0.0019718138692540045,0.003113818016180688
GARCH,ETH-USD,2026-06-19 11:45:00,0.0019455417617868045,0.0031132222941440174
GARCH,ETH-USD,2026-06-19 12:00:00,0.0018619881430633263,0.0031088024942498875
GARCH,ETH-USD,2026-06-19 12:15:00,0.0018193970521389932,0.0031095546172140187
GARCH,ETH-USD,2026-06-19 12:30:00,0.001838071225305317,0.003126580586104125
GARCH,ETH-USD,2026-06-19 12:45:00,0.00268643830541282,0.0031260067641794434
GARCH,ETH-USD,2026-06-19 13:00:00,0.0022515109396804727,0.0031244965430420294
GARCH,ETH-USD,2026-06-19 13:15:00,0.002328427973520377,0.0031462057475458035
GARCH,ETH-USD,2026-06-19 13:30:00,0.0031638346480369808,0.0031435718578091206
GARCH,ETH-USD,2026-06-19 13:45:00,0.002688993701494349,0.0031475891235612004
GARCH,ETH-USD,2026-06-19 14:00:00,0.0029023465606934163,0.0031544134833141517
GARCH,ETH-USD,2026-06-19 14:15:00,0.00289857582786284,0.0031546122713373517
GARCH,ETH-USD,2026-06-19 14:30:00,0.0027004643778660155,0.0031558624992024478
GARCH,ETH-USD,2026-06-19 14:45:00,0.002628003734105509,0.003155528526152599
GARCH,ETH-USD,2026-06-19 15:00:00,0.00248021316039853,0.003163425526865372
GARCH,ETH-USD,2026-06-19 15:15:00,0.0028191593247954426,0.0031804203100069778
GARCH,ETH-USD,2026-06-19 15:30:00,0.0033102924497941176,0.003178942438145666
GARCH,ETH-USD,2026-06-19 15:45:00,0.002891200145116481,0.0031831280208504844
GARCH,ETH-USD,2026-06-19 16:00:00,0.0030028723771990547,0.00317294934843933
GARCH,ETH-USD,2026-06-19 16:15:00,0.002871085020137669,0.00316886665104383
GARCH,ETH-USD,2026-06-19 16:30:00,0.0027994733272836956,0.0031741143829166294
GARCH,ETH-USD,2026-06-19 16:45:00,0.0033555512830785285,0.0031742956915216413
GARCH,ETH-USD,2026-06-19 17:00:00,0.0029055700156423846,0.0031604961504706013
GARCH,ETH-USD,2026-06-19 17:15:00,0.002867413414510867,0.0031472197206090205
GARCH,ETH-USD,2026-06-19 17:30:00,0.0029872439454613296,0.003149343276372397
GARCH,ETH-USD,2026-06-19 17:45:00,0.0028110075933773016,0.0031466251444843157
GARCH,ETH-USD,2026-06-19 18:00:00,0.0026714540869901423,0.0031470419889031214
GARCH,ETH-USD,2026-06-19 18:15:00,0.0025649605400295326,0.003146260816300107
GARCH,ETH-USD,2026-06-19 18:30:00,0.0024870049387261586,0.0031471123018264103
GARCH,ETH-USD,2026-06-19 18:45:00,0.002377730937037267,0.003147116650920321
GARCH,ETH-USD,2026-06-19 19:00:00,0.002262799649867412,0.0031473202690171787
GARCH,ETH-USD,2026-06-19 19:15:00,0.0022129035715254914,0.0031472681830845106
GARCH,ETH-USD,2026-06-19 19:30:00,0.0020904693555507487,0.0031473297431344593
GARCH,ETH-USD,2026-06-19 19:45:00,0.002009211260585724,0.003147872225328578
GARCH,ETH-USD,2026-06-19 20:00:00,0.001985919090023821,0.0031468814370790212
GARCH,ETH-USD,2026-06-19 20:15:00,0.0018775007744072467,0.0031450390305377616
GARCH,ETH-USD,2026-06-19 20:30:00,0.0018126352319151775,0.003152623301905254
GARCH,ETH-USD,2026-06-19 20:45:00,0.0022340493259021764,0.003152050603096272
GARCH,ETH-USD,2026-06-19 21:00:00,0.0019460691809048611,0.003147518426404566
GARCH,ETH-USD,2026-06-19 21:15:00,0.0021258587589444936,0.0031483589582726327
GARCH,ETH-USD,2026-06-19 21:30:00,0.0020074849011860437,0.0031478784684184345
GARCH,ETH-USD,2026-06-19 21:45:00,0.0019366261878693072,0.0031475592870180897
GARCH,ETH-USD,2026-06-19 22:00:00,0.001859543672844989,0.0031481193062538114
GARCH,ETH-USD,2026-06-19 22:15:00,0.002242126930143761,0.003147223196097816
GARCH,ETH-USD,2026-06-19 22:30:00,0.0019673694269504317,0.003146705113236022
GARCH,ETH-USD,2026-06-19 22:45:00,0.0019590663605016365,0.0031410794919789985
GARCH,ETH-USD,2026-06-19 23:00:00,0.0018861029363034065,0.003141190855600652
GARCH,ETH-USD,2026-06-19 23:15:00,0.001893360823092483,0.003106072669313347
GARCH,ETH-USD,2026-06-19 23:30:00,0.00178548582509398,0.0031075764903259503
GARCH,ETH-USD,2026-06-19 23:45:00,0.0019009869101876886,0.003104299779738379
GARCH,ETH-USD,2026-06-20 00:00:00,0.0017808440033966642,0.0030981437368176727
GARCH,ETH-USD,2026-06-20 00:15:00,0.00179893848786126,0.003097353470467644
GARCH,ETH-USD,2026-06-20 00:30:00,0.0017058890352033929,0.0030981791770148125
GARCH,ETH-USD,2026-06-20 00:45:00,0.0017440083576777852,0.0030982108042183713
GARCH,ETH-USD,2026-06-20 01:00:00,0.0016485446838449584,0.0030985649249846135
GARCH,ETH-USD,2026-06-20 01:15:00,0.0016250070944420797,0.0030984109589541784
GARCH,ETH-USD,2026-06-20 01:30:00,0.0015607747716126037,0.003095310467011823
GARCH,ETH-USD,2026-06-20 01:45:00,0.0015442455090206673,0.003094287270125155
GARCH,ETH-USD,2026-06-20 02:00:00,0.0016233528283753447,0.0030949435615744763
GARCH,ETH-USD,2026-06-20 02:15:00,0.0016590105443001599,0.003095178347278208
GARCH,ETH-USD,2026-06-20 02:30:00,0.001597060982515026,0.0030951848747961547
GARCH,ETH-USD,2026-06-20 02:45:00,0.0015708882583080092,0.0030963212328813045
GARCH,ETH-USD,2026-06-20 03:00:00,0.001598102452139993,0.00303334666063471
GARCH,ETH-USD,2026-06-20 03:15:00,0.0015346417101518301,0.00301525199738361
GARCH,ETH-USD,2026-06-20 03:30:00,0.0014969774325828086,0.003012178200184894
GARCH,ETH-USD,2026-06-20 03:45:00,0.0014532041607224866,0.003011069639975439
GARCH,ETH-USD,2026-06-20 04:00:00,0.0014273785516715448,0.00301602699146137
GARCH,ETH-USD,2026-06-20 04:15:00,0.0019076857032917908,0.0029992066388787268
GARCH,ETH-USD,2026-06-20 04:30:00,0.0017095114704021278,0.002993280122945123
GARCH,ETH-USD,2026-06-20 04:45:00,0.0017288657553632166,0.0030530192589588554
GARCH,ETH-USD,2026-06-20 05:00:00,0.004191447530277808,0.003059545136360539
GARCH,ETH-USD,2026-06-20 05:15:00,0.0035938612863262547,0.0030597960104723734
GARCH,ETH-USD,2026-06-20 05:30:00,0.003549786826183783,0.003061209195140896
GARCH,ETH-USD,2026-06-20 05:45:00,0.0033385576072533572,0.0030573870252411117
GARCH,ETH-USD,2026-06-20 06:00:00,0.0031590929556137015,0.003054570711648143
GARCH,ETH-USD,2026-06-20 06:15:00,0.0030129033689434153,0.0030507198576291044
GARCH,ETH-USD,2026-06-20 06:30:00,0.0028509423063495954,0.0030431784574242635
GARCH,ETH-USD,2026-06-20 06:45:00,0.0027112825684501886,0.0030432585713882337
GARCH,ETH-USD,2026-06-20 07:00:00,0.0026270678084369396,0.003023343241580918
GARCH,ETH-USD,2026-06-20 07:15:00,0.0025567992976891583,0.003001356100802479
GARCH,ETH-USD,2026-06-20 07:30:00,0.0024047075182872866,0.00300030799374504
GARCH,ETH-USD,2026-06-20 07:45:00,0.0023361591589256166,0.0030003516125541763
GARCH,ETH-USD,2026-06-20 08:00:00,0.0022151135049329283,0.0029932867990178267
GARCH,ETH-USD,2026-06-20 08:15:00,0.0021358107187386703,0.002991579522478424
GARCH,ETH-USD,2026-06-20 08:30:00,0.0020318755953149265,0.0029487707553880597
GARCH,ETH-USD,2026-06-20 08:45:00,0.0019510346007009349,0.0028294831601903847
GARCH,ETH-USD,2026-06-20 09:00:00,0.0019983512373900267,0.002829437390385489
GARCH,ETH-USD,2026-06-20 09:15:00,0.0019168425585225943,0.0027568864634431238
GARCH,ETH-USD,2026-06-20 09:30:00,0.0021739894766419922,0.0027092175759400555
GARCH,ETH-USD,2026-06-20 09:45:00,0.0019491863114527539,0.0027088411126667115
GARCH,ETH-USD,2026-06-20 10:00:00,0.0019310957016962426,0.00247044100197076
GARCH,ETH-USD,2026-06-20 10:15:00,0.0018321017645855228,0.002459345588560543
GARCH,ETH-USD,2026-06-20 10:30:00,0.0018269064394496794,0.0024594445354831746
GARCH,ETH-USD,2026-06-20 10:45:00,0.00175670546708796,0.002457293441489517
GARCH,ETH-USD,2026-06-20 11:00:00,0.0017053955281179053,0.0024568759850345148
GARCH,ETH-USD,2026-06-20 11:15:00,0.0016397902157222163,0.0024549345434579078
GARCH,ETH-USD,2026-06-20 11:30:00,0.001618114688177288,0.0024233535990503667
GARCH,ETH-USD,2026-06-20 11:45:00,0.0015683370269212835,0.0024200365484765454
GARCH,ETH-USD,2026-06-20 12:00:00,0.0016686806314828526,0.0024198780406468664
GARCH,ETH-USD,2026-06-20 12:15:00,0.0015622087917419396,0.0024205625657855155
GARCH,ETH-USD,2026-06-20 12:30:00,0.0017774536367162362,0.002420655866437766
GARCH,ETH-USD,2026-06-20 12:45:00,0.0016416163593938912,0.002419562971676254
GARCH,ETH-USD,2026-06-20 13:00:00,0.001730680142413375,0.002426683462345227
GARCH,ETH-USD,2026-06-20 13:15:00,0.0027768805582858184,0.002430941525204833
GARCH,ETH-USD,2026-06-20 13:30:00,0.0024196146443966286,0.0024289887164658836
GARCH,ETH-USD,2026-06-20 13:45:00,0.0024013619895750294,0.0024450015993578798
GARCH,ETH-USD,2026-06-20 14:00:00,0.003018324280273569,0.0024374782975789253
GARCH,ETH-USD,2026-06-20 14:15:00,0.0027489685332275286,0.002450877984724114
GARCH,ETH-USD,2026-06-20 14:30:00,0.0031496673087164613,0.0024944961858047445
GARCH,ETH-USD,2026-06-20 14:45:00,0.0041322759673406186,0.0024896246053484313
GARCH,ETH-USD,2026-06-20 15:00:00,0.0035089776046357585,0.0025017027106896913
GARCH,ETH-USD,2026-06-20 15:15:00,0.0038182846058234994,0.002504283092196538
GARCH,ETH-USD,2026-06-20 15:30:00,0.003488354820167197,0.0025030432508685364
GARCH,ETH-USD,2026-06-20 15:45:00,0.0033531059620777095,0.00248812363622062
GARCH,ETH-USD,2026-06-20 16:00:00,0.003289313806383137,0.0024843978098943887
GARCH,ETH-USD,2026-06-20 16:15:00,0.0031160470548966908,0.0024846923949038966
GARCH,ETH-USD,2026-06-20 16:30:00,0.0029607417719562405,0.002483409439503905
GARCH,ETH-USD,2026-06-20 16:45:00,0.0028209296021398734,0.002486374722233663
GARCH,ETH-USD,2026-06-20 17:00:00,0.0027871462484830105,0.0024835485577244226
GARCH,ETH-USD,2026-06-20 17:15:00,0.0026056301319526583,0.0024872753018791616
GARCH,ETH-USD,2026-06-20 17:30:00,0.002649649308874733,0.0024867801616683368
GARCH,ETH-USD,2026-06-20 17:45:00,0.002448973876224298,0.0024822982917366673
GARCH,ETH-USD,2026-06-20 18:00:00,0.0023619704099524237,0.0024722595555420686
GARCH,ETH-USD,2026-06-20 18:15:00,0.002295262749569902,0.002471902296300995
GARCH,ETH-USD,2026-06-20 18:30:00,0.002210586325509863,0.0024715064845895716
GARCH,ETH-USD,2026-06-20 18:45:00,0.002110111734675997,0.002450234134139779
GARCH,ETH-USD,2026-06-20 19:00:00,0.00203150092760281,0.0024506056704662843
GARCH,ETH-USD,2026-06-20 19:15:00,0.0019621640868010357,0.002450654495951479
GARCH,ETH-USD,2026-06-20 19:30:00,0.0019997649634285355,0.0024496880558580346
GARCH,ETH-USD,2026-06-20 19:45:00,0.0018691632591610332,0.0024489595172492128
GARCH,ETH-USD,2026-06-20 20:00:00,0.0018200194582695456,0.002449232860907819
GARCH,ETH-USD,2026-06-20 20:15:00,0.0017563853639281685,0.002449445495783004
GARCH,ETH-USD,2026-06-20 20:30:00,0.0017021241435781478,0.0024500593582993295
GARCH,ETH-USD,2026-06-20 20:45:00,0.0017602087272267997,0.002453572227444452
GARCH,ETH-USD,2026-06-20 21:00:00,0.0019248172625679159,0.0024543343562192428
GARCH,ETH-USD,2026-06-20 21:15:00,0.0018361200479157323,0.0024492582411977703
GARCH,ETH-USD,2026-06-20 21:30:00,0.001973643431608442,0.0024495719245801193
GARCH,ETH-USD,2026-06-20 21:45:00,0.0018275563851130805,0.0024525480806054725
GARCH,ETH-USD,2026-06-20 22:00:00,0.0019631562178584736,0.0024268963565732236
GARCH,ETH-USD,2026-06-20 22:15:00,0.002065401984205286,0.0024231542889704737
GARCH,ETH-USD,2026-06-20 22:30:00,0.0019035232735731145,0.002423043314618968
GARCH,ETH-USD,2026-06-20 22:45:00,0.001855305402715282,0.0024231959319181624
GARCH,ETH-USD,2026-06-20 23:00:00,0.0018052276497215998,0.002422463429387848
GARCH,ETH-USD,2026-06-20 23:15:00,0.0017337567190303963,0.002422587615420985
GARCH,ETH-USD,2026-06-20 23:30:00,0.0016881412439553659,0.0024209663952207906
GARCH,ETH-USD,2026-06-20 23:45:00,0.0016590464359252596,0.002422025542076022
GARCH,ETH-USD,2026-06-21 00:00:00,0.0016601032605185215,0.002418397346250508
GARCH,ETH-USD,2026-06-21 00:15:00,0.0016148955687696185,0.002414540913099596
GARCH,ETH-USD,2026-06-21 00:30:00,0.0015659250180537607,0.002414369698108427
GARCH,ETH-USD,2026-06-21 00:45:00,0.0015238965665640507,0.0024090760577213668
GARCH,ETH-USD,2026-06-21 01:00:00,0.0015452694633326998,0.0024090338706985533
GARCH,ETH-USD,2026-06-21 01:15:00,0.0014758133125124988,0.0024098908469268013
GARCH,ETH-USD,2026-06-21 01:30:00,0.0015382563457357332,0.002398621728462844
GARCH,ETH-USD,2026-06-21 01:45:00,0.0014548661076812313,0.00239840509691318
GARCH,ETH-USD,2026-06-21 02:00:00,0.0014345204365110375,0.002398480455995726
GARCH,ETH-USD,2026-06-21 02:15:00,0.0013994728227195846,0.0023965768966510634
GARCH,ETH-USD,2026-06-21 02:30:00,0.0013692017752495152,0.0023966698827938846
GARCH,ETH-USD,2026-06-21 02:45:00,0.0013482883076307575,0.0023953268693869367
GARCH,ETH-USD,2026-06-21 03:00:00,0.0013192646763906842,0.002383586937915658
GARCH,ETH-USD,2026-06-21 03:15:00,0.0013107970505893375,0.002383410795182562
GARCH,ETH-USD,2026-06-21 03:30:00,0.0014257468640469068,0.00238347765032208
GARCH,ETH-USD,2026-06-21 03:45:00,0.0013757616878093833,0.002384004332841959
GARCH,ETH-USD,2026-06-21 04:00:00,0.0013966938171110054,0.002386461706692471
GARCH,ETH-USD,2026-06-21 04:15:00,0.0015129320887599445,0.0022979383221272305
GARCH,ETH-USD,2026-06-21 04:30:00,0.0014673725821799772,0.002299398503334759
GARCH,ETH-USD,2026-06-21 04:45:00,0.001842774069746565,0.0022935924464077767
GARCH,ETH-USD,2026-06-21 05:00:00,0.0016323617932477777,0.002296234167702611
GARCH,ETH-USD,2026-06-21 05:15:00,0.001810647119088684,0.0022874116418729836
GARCH,ETH-USD,2026-06-21 05:30:00,0.0016673257382113353,0.002287398450782076
GARCH,ETH-USD,2026-06-21 05:45:00,0.0016491415931508887,0.0022742012109711954
GARCH,ETH-USD,2026-06-21 06:00:00,0.001597244310994766,0.0022245287534906747
GARCH,ETH-USD,2026-06-21 06:15:00,0.0015903852150050788,0.00208964689211245
GARCH,ETH-USD,2026-06-21 06:30:00,0.001543698779509081,0.0019874349375547497
GARCH,ETH-USD,2026-06-21 06:45:00,0.0015161644016340812,0.001968519074766903
GARCH,ETH-USD,2026-06-21 07:00:00,0.0014768174179647664,0.0019673487519886526
GARCH,ETH-USD,2026-06-21 07:15:00,0.001533186816467703,0.0019675037281196425
GARCH,ETH-USD,2026-06-21 07:30:00,0.0014709688400247006,0.001968988227005652
GARCH,ETH-USD,2026-06-21 07:45:00,0.001512218149479678,0.0019659363177910527
GARCH,ETH-USD,2026-06-21 08:00:00,0.0014590444096549355,0.00196257517154904
GARCH,ETH-USD,2026-06-21 08:15:00,0.0014829329236743102,0.0019621320184955997
GARCH,ETH-USD,2026-06-21 08:30:00,0.001430934598324887,0.001959531793483646
GARCH,ETH-USD,2026-06-21 08:45:00,0.001407687417810208,0.0019605300718352906
GARCH,ETH-USD,2026-06-21 09:00:00,0.0014205413081582155,0.0019449388298036405
GARCH,ETH-USD,2026-06-21 09:15:00,0.0014106382570739336,0.0019455224153785656
GARCH,ETH-USD,2026-06-21 09:30:00,0.0014740349658057311,0.0019460925230710647
GARCH,ETH-USD,2026-06-21 09:45:00,0.0014411023705513623,0.0019463280698798053
GARCH,ETH-USD,2026-06-21 10:00:00,0.001441646320162449,0.0019378393806857262
GARCH,ETH-USD,2026-06-21 10:15:00,0.0013925009664970858,0.0018902364537585717
GARCH,ETH-USD,2026-06-21 10:30:00,0.00144343848885808,0.0018886540377060599
GARCH,ETH-USD,2026-06-21 10:45:00,0.0013985008979897756,0.0018739701803438347
GARCH,ETH-USD,2026-06-21 11:00:00,0.0013998135249789034,0.0018822922406387345
GARCH,ETH-USD,2026-06-21 11:15:00,0.0017813541987203685,0.0018827791948160034
GARCH,ETH-USD,2026-06-21 11:30:00,0.0015837087897384496,0.0018805091641973172
GARCH,ETH-USD,2026-06-21 11:45:00,0.0016064539221470105,0.0018699489428078368
GARCH,ETH-USD,2026-06-21 12:00:00,0.001705786961597721,0.001873373156009566
GARCH,ETH-USD,2026-06-21 12:15:00,0.001776118681777554,0.0018741964723861268
GARCH,ETH-USD,2026-06-21 12:30:00,0.0017072161072747766,0.0018824903573380247
GARCH,ETH-USD,2026-06-21 12:45:00,0.0020615189782190414,0.0018816506758968065
GARCH,ETH-USD,2026-06-21 13:00:00,0.0018145629464682228,0.001876737366923089
GARCH,ETH-USD,2026-06-21 13:15:00,0.0018103827234179368,0.0018798260957322212
GARCH,ETH-USD,2026-06-21 13:30:00,0.0018847166410424858,0.0018803375307186831
GARCH,ETH-USD,2026-06-21 13:45:00,0.0018394037711210753,0.0018757479318193048
GARCH,ETH-USD,2026-06-21 14:00:00,0.001800184841378378,0.001862566029646139
GARCH,ETH-USD,2026-06-21 14:15:00,0.0017346628095273654,0.0018656636844777829
GARCH,ETH-USD,2026-06-21 14:30:00,0.0018154801125439136,0.001867975886831631
GARCH,ETH-USD,2026-06-21 14:45:00,0.0018350501639131836,0.0018679304953066749
GARCH,ETH-USD,2026-06-21 15:00:00,0.0017365581623928613,0.0018683162174149492
GARCH,ETH-USD,2026-06-21 15:15:00,0.0017933625492643805,0.001864891878019383
GARCH,ETH-USD,2026-06-21 15:30:00,0.001682845129029892,0.0018630918240064237
GARCH,ETH-USD,2026-06-21 15:45:00,0.0016440546496751536,0.0018652135271687317
GARCH,ETH-USD,2026-06-21 16:00:00,0.001743783084055294,0.001863748346367691
GARCH,ETH-USD,2026-06-21 16:15:00,0.0016427672836909289,0.001864240530317097
GARCH,ETH-USD,2026-06-21 16:30:00,0.001626200358955886,0.0018615687104750493
GARCH,ETH-USD,2026-06-21 16:45:00,0.0016909282806872726,0.0018603802719571278
GARCH,ETH-USD,2026-06-21 17:00:00,0.001663496203526455,0.001847777297625149
GARCH,ETH-USD,2026-06-21 17:15:00,0.0018084545897577874,0.0018478810479596213
GARCH,ETH-USD,2026-06-21 17:30:00,0.0016685129557969943,0.001845042650421444
GARCH,ETH-USD,2026-06-21 17:45:00,0.0016404511069560803,0.001799484443150253
GARCH,ETH-USD,2026-06-21 18:00:00,0.0018194747562940315,0.001794165878048311
GARCH,ETH-USD,2026-06-21 18:15:00,0.0017347517416548184,0.0018170985823865449
GARCH,ETH-USD,2026-06-21 18:30:00,0.0026405285279050466,0.0018172789385094465
GARCH,ETH-USD,2026-06-21 18:45:00,0.0021767228103799665,0.0018150436221637675
GARCH,ETH-USD,2026-06-21 19:00:00,0.002233161496237635,0.0018069890207763663
GARCH,ETH-USD,2026-06-21 19:15:00,0.0021456431789094645,0.0018030755209165969
GARCH,ETH-USD,2026-06-21 19:30:00,0.002045069305352169,0.0018012923609630248
GARCH,ETH-USD,2026-06-21 19:45:00,0.001965148142618394,0.0017820991064422173
GARCH,ETH-USD,2026-06-21 20:00:00,0.001962234469059945,0.0017767611650750896
GARCH,ETH-USD,2026-06-21 20:15:00,0.0018650615935079848,0.0017784272669573173
GARCH,ETH-USD,2026-06-21 20:30:00,0.0019115102193178121,0.0017938867818390858
GARCH,ETH-USD,2026-06-21 20:45:00,0.0023672680393515035,0.0018382801910259963
GARCH,ETH-USD,2026-06-21 21:00:00,0.003350427672706856,0.00184379591890074
GARCH,ETH-USD,2026-06-21 21:15:00,0.002930150623157786,0.0018574972768857726
GARCH,ETH-USD,2026-06-21 21:30:00,0.0032308125545429294,0.0018591417103283397
GARCH,ETH-USD,2026-06-21 21:45:00,0.0029184189856359573,0.0018543497543921407
GARCH,ETH-USD,2026-06-21 22:00:00,0.0028687809826009377,0.001855411298308615
GARCH,ETH-USD,2026-06-21 22:15:00,0.002703300433518718,0.0018500443337627682
GARCH,ETH-USD,2026-06-21 22:30:00,0.002570796181779803,0.001849185660441872
GARCH,ETH-USD,2026-06-21 22:45:00,0.00252473505609696,0.0018612348970761348
GARCH,ETH-USD,2026-06-21 23:00:00,0.002732831532063571,0.0018615230532541963
GARCH,ETH-USD,2026-06-21 23:15:00,0.0024825156491860545,0.0018802026103106094
GARCH,ETH-USD,2026-06-21 23:30:00,0.0029455032185890483,0.0018796376832544211
GARCH,ETH-USD,2026-06-21 23:45:00,0.0025726917361431727,0.0018794776496735377
GARCH,ETH-USD,2026-06-22 00:00:00,0.0028879363072694558,0.0018988663192741435
GARCH,ETH-USD,2026-06-22 00:15:00,0.003120569876815536,0.0019086634104509435
GARCH,ETH-USD,2026-06-22 00:30:00,0.0030914843249201453,0.0019041336825853883
GARCH,ETH-USD,2026-06-22 00:45:00,0.00288206229842926,0.0019030906716819697
GARCH,ETH-USD,2026-06-22 01:00:00,0.0027665674642715294,0.002136645786744088
GARCH,ETH-USD,2026-06-22 01:15:00,0.006870895671940681,0.0021564623702610714
GARCH,ETH-USD,2026-06-22 01:30:00,0.005453884846511414,0.0021493450502957914
GARCH,ETH-USD,2026-06-22 01:45:00,0.005559567440983234,0.0021490258600219744
GARCH,ETH-USD,2026-06-22 02:00:00,0.005106482594669237,0.0021466176194146146
GARCH,ETH-USD,2026-06-22 02:15:00,0.004857063626656371,0.002146787444800462
GARCH,ETH-USD,2026-06-22 02:30:00,0.004554566374022457,0.0021548399831915273
GARCH,ETH-USD,2026-06-22 02:45:00,0.0044688803264272044,0.0021650455806897563
GARCH,ETH-USD,2026-06-22 03:00:00,0.004351351431230711,0.002170701614773099
GARCH,ETH-USD,2026-06-22 03:15:00,0.004193058094815673,0.0021693559730049106
GARCH,ETH-USD,2026-06-22 03:30:00,0.00392942410119704,0.002154625288848445
GARCH,ETH-USD,2026-06-22 03:45:00,0.003883555445982194,0.0021549561279215323
GARCH,ETH-USD,2026-06-22 04:00:00,0.0036281436614356804,0.002154144258970185
GARCH,ETH-USD,2026-06-22 04:15:00,0.0034652417512879303,0.0021265383355116344
GARCH,ETH-USD,2026-06-22 04:30:00,0.0032927809368979177,0.0021284325130940533
GARCH,ETH-USD,2026-06-22 04:45:00,0.003198436095382637,0.002121842605537703
GARCH,ETH-USD,2026-06-22 05:00:00,0.00301828967581125,0.00211343834751915
GARCH,ETH-USD,2026-06-22 05:15:00,0.0028607017978991,0.0021130845146430702
GARCH,ETH-USD,2026-06-22 05:30:00,0.0027083649813542383,0.002111911491849875
GARCH,ETH-USD,2026-06-22 05:45:00,0.002571105411400033,0.0021116819975932773
GARCH,ETH-USD,2026-06-22 06:00:00,0.0024508431307168387,0.0020988524425004126
GARCH,ETH-USD,2026-06-22 06:15:00,0.0023616349584371175,0.0020733268021218593
GARCH,ETH-USD,2026-06-22 06:30:00,0.002261616261430822,0.0020729781186311805
GARCH,ETH-USD,2026-06-22 06:45:00,0.0021505373089174616,0.0020945669883086922
GARCH,ETH-USD,2026-06-22 07:00:00,0.003007117202154086,0.002094441714862361
GARCH,ETH-USD,2026-06-22 07:15:00,0.002662300282610204,0.002091357771938741
GARCH,ETH-USD,2026-06-22 07:30:00,0.002603873635853753,0.00206589369912814
GARCH,ETH-USD,2026-06-22 07:45:00,0.0024597983269472115,0.002075510851541278
GARCH,ETH-USD,2026-06-22 08:00:00,0.0027029150507326847,0.0020868862360649324
GARCH,ETH-USD,2026-06-22 08:15:00,0.002786982591601166,0.00208064101005793
GARCH,ETH-USD,2026-06-22 08:30:00,0.002677895203618658,0.0020791954677540124
GARCH,ETH-USD,2026-06-22 08:45:00,0.0025566142687416292,0.002079422036741862
GARCH,ETH-USD,2026-06-22 09:00:00,0.0024335947771578935,0.0020804389316573194
GARCH,ETH-USD,2026-06-22 09:15:00,0.002383534118075138,0.002078442130077639
GARCH,ETH-USD,2026-06-22 09:30:00,0.002244982637445386,0.002078010332614132
GARCH,ETH-USD,2026-06-22 09:45:00,0.002158354887649769,0.0020812320198667655
GARCH,ETH-USD,2026-06-22 10:00:00,0.0022108512821763103,0.0020812503897289962
GARCH,ETH-USD,2026-06-22 10:15:00,0.002108980711798364,0.0020813262777002336
GARCH,ETH-USD,2026-06-22 10:30:00,0.0020165614873295583,0.00208195071148086
GARCH,ETH-USD,2026-06-22 10:45:00,0.0019667192607941363,0.0020834748622654688
GARCH,ETH-USD,2026-06-22 11:00:00,0.0020112854519100075,0.0020834771712343507
GARCH,ETH-USD,2026-06-22 11:15:00,0.0018805984036299203,0.0021194569320884295
GARCH,ETH-USD,2026-06-22 11:30:00,0.0031549562196339902,0.002113428627530063
GARCH,ETH-USD,2026-06-22 11:45:00,0.0026754561596795618,0.002115197483516191
GARCH,ETH-USD,2026-06-22 12:00:00,0.002716974411736856,0.002110772152552966
GARCH,ETH-USD,2026-06-22 12:15:00,0.0025243185840555927,0.0021116238878511303
GARCH,ETH-USD,2026-06-22 12:30:00,0.0025102520978696574,0.0021114046413409464
GARCH,ETH-USD,2026-06-22 12:45:00,0.002340370750053741,0.0021113209298239646
GARCH,ETH-USD,2026-06-22 13:00:00,0.0022481275653422304,0.0021017742934136543
GARCH,ETH-USD,2026-06-22 13:15:00,0.002135110522361799,0.0021287062431755936
GARCH,ETH-USD,2026-06-22 13:30:00,0.0030393375558903065,0.002131408055230075
GARCH,ETH-USD,2026-06-22 13:45:00,0.0026318538641374846,0.0021586971746588744
GARCH,ETH-USD,2026-06-22 14:00:00,0.003405732223636525,0.0022057729908470164
GARCH,ETH-USD,2026-06-22 14:15:00,0.0041086630030498774,0.002207076705056077
GARCH,ETH-USD,2026-06-22 14:30:00,0.003561443935060316,0.0022043711811525913
GARCH,ETH-USD,2026-06-22 14:45:00,0.003501919521529046,0.002203784686366972
GARCH,ETH-USD,2026-06-22 15:00:00,0.003254488367162465,0.002203395850812668
GARCH,ETH-USD,2026-06-22 15:15:00,0.00311332075300919,0.0022031723171830097
GARCH,ETH-USD,2026-06-22 15:30:00,0.0029313882954599664,0.0022308023261360345
GARCH,ETH-USD,2026-06-22 15:45:00,0.003613288119332314,0.0022328297308425115
GARCH,ETH-USD,2026-06-22 16:00:00,0.003152254425247796,0.0022325998275745263
GARCH,ETH-USD,2026-06-22 16:15:00,0.003088397827076464,0.0022370933577862445
GARCH,ETH-USD,2026-06-22 16:30:00,0.003013956469368152,0.002237804755251939
GARCH,ETH-USD,2026-06-22 16:45:00,0.0028544942893963155,0.0022358792599940025
GARCH,ETH-USD,2026-06-22 17:00:00,0.0027259980175862,0.002249610195927363
GARCH,ETH-USD,2026-06-22 17:15:00,0.003098239578909921,0.0022492873160767824
GARCH,ETH-USD,2026-06-22 17:30:00,0.002736004504880954,0.002259643595487243
GARCH,ETH-USD,2026-06-22 17:45:00,0.00304834497549525,0.0022642437718508454
GARCH,ETH-USD,2026-06-22 18:00:00,0.0029171506014290336,0.002268883481111158
GARCH,ETH-USD,2026-06-22 18:15:00,0.002900743337256567,0.0022699660317396933
GARCH,ETH-USD,2026-06-22 18:30:00,0.0027251100701583863,0.0022835728093545836
GARCH,ETH-USD,2026-06-22 18:45:00,0.0030407703443605157,0.002284121210903168
GARCH,ETH-USD,2026-06-22 19:00:00,0.0027293208547824743,0.0022799686376769874
GARCH,ETH-USD,2026-06-22 19:15:00,0.0027996836674271603,0.0022803480658837557
GARCH,ETH-USD,2026-06-22 19:30:00,0.002627657058304526,0.0022803382690022105
GARCH,ETH-USD,2026-06-22 19:45:00,0.002530029156820364,0.002203008539216982
GARCH,ETH-USD,2026-06-22 20:00:00,0.0024369817204004506,0.0021895449969776943
GARCH,ETH-USD,2026-06-22 20:15:00,0.002421758888519193,0.002190878706289521
GARCH,ETH-USD,2026-06-22 20:30:00,0.002330439117929488,0.002189777332810524
GARCH,ETH-USD,2026-06-22 20:45:00,0.002235232360125412,0.002190159953322172
GARCH,ETH-USD,2026-06-22 21:00:00,0.002142242190326757,0.002189998794696426
GARCH,ETH-USD,2026-06-22 21:15:00,0.0020715680529204065,0.0021969264316359038
GARCH,ETH-USD,2026-06-22 21:30:00,0.0022821992690389855,0.0022005314621734323
GARCH,ETH-USD,2026-06-22 21:45:00,0.002226747878622692,0.002198893195275116
GARCH,ETH-USD,2026-06-22 22:00:00,0.002106261001361641,0.0022369022498058937
GARCH,ETH-USD,2026-06-22 22:15:00,0.003404756278932391,0.0022389597834105504
GARCH,ETH-USD,2026-06-22 22:30:00,0.002799269261853851,0.0022457172387654683
GARCH,ETH-USD,2026-06-22 22:45:00,0.003072926909889111,0.0022457072305561063
GARCH,ETH-USD,2026-06-22 23:00:00,0.002750910765209461,0.0022480989114408247
GARCH,ETH-USD,2026-06-22 23:15:00,0.002770997092651941,0.002248119290055053
GARCH,ETH-USD,2026-06-22 23:30:00,0.0025638870744547487,0.002248389220155503
GARCH,ETH-USD,2026-06-22 23:45:00,0.002474635332762364,0.0022478854336799086
GARCH,ETH-USD,2026-06-23 00:00:00,0.002421853895014958,0.0022509695179769654
GARCH,ETH-USD,2026-06-23 00:15:00,0.0024430290112351467,0.002261110146224803
GARCH,ETH-USD,2026-06-23 00:30:00,0.0029008554939437574,0.0022621613942309807
GARCH,ETH-USD,2026-06-23 00:45:00,0.00256880108254907,0.0022622992384570147
GARCH,ETH-USD,2026-06-23 01:00:00,0.0025279863872753917,0.002262805577441792
GARCH,ETH-USD,2026-06-23 01:15:00,0.0023911000207113204,0.0022715572766224385
GARCH,ETH-USD,2026-06-23 01:30:00,0.002658409585100877,0.002272782152214241
GARCH,ETH-USD,2026-06-23 01:45:00,0.002441698604080174,0.002272999019209342
GARCH,ETH-USD,2026-06-23 02:00:00,0.0023734149851390228,0.002273692310023105
GARCH,ETH-USD,2026-06-23 02:15:00,0.0022678578339180794,0.00227352355816116
GARCH,ETH-USD,2026-06-23 02:30:00,0.0021726811859757366,0.002273342353569043
GARCH,ETH-USD,2026-06-23 02:45:00,0.0020730340583323993,0.002275549375984212
GARCH,ETH-USD,2026-06-23 03:00:00,0.002195666254021333,0.0022757327037660206
GARCH,ETH-USD,2026-06-23 03:15:00,0.0020255647918803986,0.002272564265750757
GARCH,ETH-USD,2026-06-23 03:30:00,0.0020162100186142343,0.002273377054134028
GARCH,ETH-USD,2026-06-23 03:45:00,0.0019651112084403464,0.0022714395696363052
GARCH,ETH-USD,2026-06-23 04:00:00,0.0018746116628736641,0.002246184186376834
GARCH,ETH-USD,2026-06-23 04:15:00,0.0018963345282993632,0.002248689003197193
GARCH,ETH-USD,2026-06-23 04:30:00,0.002107142257914409,0.0022533506807064533
GARCH,ETH-USD,2026-06-23 04:45:00,0.0021334550618149354,0.0022316425919735464
GARCH,ETH-USD,2026-06-23 05:00:00,0.0019899912763960844,0.002237286422159128
GARCH,ETH-USD,2026-06-23 05:15:00,0.002375218801805872,0.002221943657099999
GARCH,ETH-USD,2026-06-23 05:30:00,0.002088518763608755,0.002170701756938107
GARCH,ETH-USD,2026-06-23 05:45:00,0.0020739895386076607,0.00218181489734977
GARCH,ETH-USD,2026-06-23 06:00:00,0.002501268256839837,0.0022853925474173266
GARCH,ETH-USD,2026-06-23 06:15:00,0.005216733940184143,0.0022858956142489846
GARCH,ETH-USD,2026-06-23 06:30:00,0.004037033140555174,0.0022864696876883834
GARCH,ETH-USD,2026-06-23 06:45:00,0.00420272683428081,0.002283617721318422
GARCH,ETH-USD,2026-06-23 07:00:00,0.0038356496190938456,0.0022821832853867326
GARCH,ETH-USD,2026-06-23 07:15:00,0.003674549628664134,0.002291281748771912
GARCH,ETH-USD,2026-06-23 07:30:00,0.0037140354687822024,0.0022972719714328127
GARCH,ETH-USD,2026-06-23 07:45:00,0.0036087694468177633,0.0023145392550352685
GARCH,ETH-USD,2026-06-23 08:00:00,0.003930095198698528,0.0026050733173924355
GARCH,ETH-USD,2026-06-23 08:15:00,0.008569040584286923,0.0026218199406042786
GARCH,ETH-USD,2026-06-23 08:30:00,0.006762325253430504,0.0026227068269470363
GARCH,ETH-USD,2026-06-23 08:45:00,0.006927916377556037,0.002624222274669563
GARCH,ETH-USD,2026-06-23 09:00:00,0.006301236458567649,0.0026258950365037744
GARCH,ETH-USD,2026-06-23 09:15:00,0.006056420627731576,0.0026295498705290166
GARCH,ETH-USD,2026-06-23 09:30:00,0.0057319681863003714,0.002630158975757592
GARCH,ETH-USD,2026-06-23 09:45:00,0.0053813955878992134,0.0026383266051419165
GARCH,ETH-USD,2026-06-23 10:00:00,0.005230897401606733,0.0026391143350945378
GARCH,ETH-USD,2026-06-23 10:15:00,0.004881918637559036,0.00263922349688513
GARCH,ETH-USD,2026-06-23 10:30:00,0.0046893673292458795,0.002640717173285937
GARCH,ETH-USD,2026-06-23 10:45:00,0.004403466802691742,0.002643902788061737
GARCH,ETH-USD,2026-06-23 11:00:00,0.004227507535608406,0.0026501336974640937
GARCH,ETH-USD,2026-06-23 11:15:00,0.004106036855123332,0.002650382177814695
GARCH,ETH-USD,2026-06-23 11:30:00,0.0038251013053978893,0.002648119730816821
GARCH,ETH-USD,2026-06-23 11:45:00,0.0036260333546478105,0.002644302235004739
GARCH,ETH-USD,2026-06-23 12:00:00,0.003466436285735454,0.002643355373501892
GARCH,ETH-USD,2026-06-23 12:15:00,0.003255007885978245,0.002639297792357643
GARCH,ETH-USD,2026-06-23 12:30:00,0.0030843565011332507,0.002641833855662688
GARCH,ETH-USD,2026-06-23 12:45:00,0.0030354509219007357,0.0026389581120007354
GARCH,ETH-USD,2026-06-23 13:00:00,0.002868808738483945,0.0026363161988918354
GARCH,ETH-USD,2026-06-23 13:15:00,0.002855836999659969,0.002666917715879685
GARCH,ETH-USD,2026-06-23 13:30:00,0.0036647120913708346,0.002670511481850509
GARCH,ETH-USD,2026-06-23 13:45:00,0.0032053699536699455,0.002676554304974146
GARCH,ETH-USD,2026-06-23 14:00:00,0.003331016260498737,0.0026836646116385732
GARCH,ETH-USD,2026-06-23 14:15:00,0.0033114672963982174,0.0026836612300021206
GARCH,ETH-USD,2026-06-23 14:30:00,0.003071520982828569,0.002683378438515787
GARCH,ETH-USD,2026-06-23 14:45:00,0.0029343751142898206,0.0026896739692081647
GARCH,ETH-USD,2026-06-23 15:00:00,0.0030713096021069163,0.0026912608436901325
GARCH,ETH-USD,2026-06-23 15:15:00,0.002882910731115088,0.002692217123045381
GARCH,ETH-USD,2026-06-23 15:30:00,0.002775095947274746,0.0026971138414192057
GARCH,ETH-USD,2026-06-23 15:45:00,0.0027899386020054915,0.0027160594240716552
GARCH,ETH-USD,2026-06-23 16:00:00,0.003290625090139819,0.002724297697520532
GARCH,ETH-USD,2026-06-23 16:15:00,0.003203528967461241,0.002722882475261334
GARCH,ETH-USD,2026-06-23 16:30:00,0.002992170758600005,0.002724712288119516
GARCH,ETH-USD,2026-06-23 16:45:00,0.0029366410531165205,0.002725234951393603
GARCH,ETH-USD,2026-06-23 17:00:00,0.0027745963538465435,0.002732066769615449
GARCH,ETH-USD,2026-06-23 17:15:00,0.0028848251335191187,0.002734318808668071
GARCH,ETH-USD,2026-06-23 17:30:00,0.0027479776305261512,0.0027357973635003087
GARCH,ETH-USD,2026-06-23 17:45:00,0.0026821707959517904,0.0027365473842527166
GARCH,ETH-USD,2026-06-23 18:00:00,0.0025368773697480008,0.002736312232021317
GARCH,ETH-USD,2026-06-23 18:15:00,0.002421238428787108,0.002744228967470893
GARCH,ETH-USD,2026-06-23 18:30:00,0.002802085682638811,0.0027504855984086156
GARCH,ETH-USD,2026-06-23 18:45:00,0.0027157623688956944,0.0027555850147540873
GARCH,ETH-USD,2026-06-23 19:00:00,0.0027563389073207577,0.0027546374015095633
GARCH,ETH-USD,2026-06-23 19:15:00,0.0025958509469566305,0.0027577523550482283
GARCH,ETH-USD,2026-06-23 19:30:00,0.0026596934695595573,0.002760833223249746
GARCH,ETH-USD,2026-06-23 19:45:00,0.0027737393232961727,0.002761140739136146
GARCH,ETH-USD,2026-06-23 20:00:00,0.0025422318396030987,0.002758074511755576
GARCH,ETH-USD,2026-06-23 20:15:00,0.0024507425262247843,0.0027580991463162473
GARCH,ETH-USD,2026-06-23 20:30:00,0.0023284948257894836,0.002758568328259432
GARCH,ETH-USD,2026-06-23 20:45:00,0.0022353289459054616,0.002758536906014892
GARCH,ETH-USD,2026-06-23 21:00:00,0.002136556793431682,0.0027589232342025097
GARCH,ETH-USD,2026-06-23 21:15:00,0.0020910480697268943,0.002758507284619539
GARCH,ETH-USD,2026-06-23 21:30:00,0.001978064348946311,0.002758376769060235
GARCH,ETH-USD,2026-06-23 21:45:00,0.0019040388168748178,0.002764453678552184
GARCH,ETH-USD,2026-06-23 22:00:00,0.0021444325567736957,0.002771544054264168
GARCH,ETH-USD,2026-06-23 22:15:00,0.0023992261133115563,0.00277170875758115
GARCH,ETH-USD,2026-06-23 22:30:00,0.002188710994604422,0.0027714296376346852
GARCH,ETH-USD,2026-06-23 22:45:00,0.002140090160563468,0.0027734444006753687
GARCH,ETH-USD,2026-06-23 23:00:00,0.002165689791593529,0.0027750295276677828
GARCH,ETH-USD,2026-06-23 23:15:00,0.002115605061854293,0.0027753150819403312
GARCH,ETH-USD,2026-06-23 23:30:00,0.0020314661248929584,0.002781122457860399
GARCH,ETH-USD,2026-06-23 23:45:00,0.0022395177571935695,0.0027852630261597103
GARCH,ETH-USD,2026-06-24 00:00:00,0.0022441281106494178,0.0027857778447782046
GARCH,ETH-USD,2026-06-24 00:15:00,0.002175118555819025,0.0027852600762215463
GARCH,ETH-USD,2026-06-24 00:30:00,0.0021071999418516506,0.0027847591626792233
GARCH,ETH-USD,2026-06-24 00:45:00,0.0020073745673260756,0.0027845710135021772
GARCH,ETH-USD,2026-06-24 01:00:00,0.0019426655542188502,0.00278463857528879
GARCH,ETH-USD,2026-06-24 01:15:00,0.0018669753631719644,0.002786785449730326
GARCH,ETH-USD,2026-06-24 01:30:00,0.0019451057169887595,0.002787338757292272
GARCH,ETH-USD,2026-06-24 01:45:00,0.001863471338101667,0.0027869222822312968
GARCH,ETH-USD,2026-06-24 02:00:00,0.0018003204624096067,0.0027858165914827534
GARCH,ETH-USD,2026-06-24 02:15:00,0.0020115819297944824,0.0027856622463568984
GARCH,ETH-USD,2026-06-24 02:30:00,0.0018176549480412394,0.0027889445962725437
GARCH,ETH-USD,2026-06-24 02:45:00,0.0020299258373224277,0.0027868399575937002
GARCH,ETH-USD,2026-06-24 03:00:00,0.0018334996558223475,0.0027845232029628806
GARCH,ETH-USD,2026-06-24 03:15:00,0.00180701145295016,0.0027885639284077747
GARCH,ETH-USD,2026-06-24 03:30:00,0.0020013262231847657,0.002781773575757533
GARCH,ETH-USD,2026-06-24 03:45:00,0.0018450559993848344,0.00278254890410342
GARCH,ETH-USD,2026-06-24 04:00:00,0.0018661330705093849,0.002788790259654435
GARCH,ETH-USD,2026-06-24 04:15:00,0.0021704495921552923,0.0027933698695185552
GARCH,ETH-USD,2026-06-24 04:30:00,0.002271632264684927,0.002797125755732407
GARCH,ETH-USD,2026-06-24 04:45:00,0.0023430041362108066,0.00279673316047667
GARCH,ETH-USD,2026-06-24 05:00:00,0.0021630134839630143,0.002800761996813051
GARCH,ETH-USD,2026-06-24 05:15:00,0.0022943187094383384,0.0028002084810213987
GARCH,ETH-USD,2026-06-24 05:30:00,0.002185070344001917,0.0027980417901553914
GARCH,ETH-USD,2026-06-24 05:45:00,0.0021108265913685814,0.002797905805697695
GARCH,ETH-USD,2026-06-24 06:00:00,0.0020148020738869434,0.0027966605234482525
GARCH,ETH-USD,2026-06-24 06:15:00,0.0019588083053217143,0.002796689260400686
GARCH,ETH-USD,2026-06-24 06:30:00,0.0018716713024439144,0.002796751148589594
GARCH,ETH-USD,2026-06-24 06:45:00,0.0018005456146127194,0.002798143786023365
GARCH,ETH-USD,2026-06-24 07:00:00,0.0019240597101380574,0.002803561089029581
GARCH,ETH-USD,2026-06-24 07:15:00,0.002138986258560331,0.0028034241634073797
GARCH,ETH-USD,2026-06-24 07:30:00,0.0019372807320223858,0.002801401017894234
GARCH,ETH-USD,2026-06-24 07:45:00,0.0019033518225414154,0.0028008412901925272
GARCH,ETH-USD,2026-06-24 08:00:00,0.001869749334166811,0.002798156209590399
GARCH,ETH-USD,2026-06-24 08:15:00,0.0017820761275025457,0.0028020402992076344
GARCH,ETH-USD,2026-06-24 08:30:00,0.0019539156275913826,0.002802145130265658
GARCH,ETH-USD,2026-06-24 08:45:00,0.0017947042932176765,0.0028004967761627
GARCH,ETH-USD,2026-06-24 09:00:00,0.0018726243560050727,0.002801092385333134
GARCH,ETH-USD,2026-06-24 09:15:00,0.001886258308488908,0.0027824798319914875
GARCH,ETH-USD,2026-06-24 09:30:00,0.0017940495951844274,0.0027820860412387186
GARCH,ETH-USD,2026-06-24 09:45:00,0.0017337883079934949,0.002781651395303507
GARCH,ETH-USD,2026-06-24 10:00:00,0.001679775706153875,0.00278060290696575
GARCH,ETH-USD,2026-06-24 10:15:00,0.0016277011460321224,0.002781223270536104
GARCH,ETH-USD,2026-06-24 10:30:00,0.0016114709244632946,0.0027832052881798888
GARCH,ETH-USD,2026-06-24 10:45:00,0.00171982237966489,0.0027885222608849897
GARCH,ETH-USD,2026-06-24 11:00:00,0.0020523301165257216,0.0027884672102436595
GARCH,ETH-USD,2026-06-24 11:15:00,0.0018253053260496987,0.0028259285651975907
GARCH,ETH-USD,2026-06-24 11:30:00,0.0034770074226732257,0.002839525973404727
GARCH,ETH-USD,2026-06-24 11:45:00,0.00354737000581766,0.002810856409903909
GARCH,ETH-USD,2026-06-24 12:00:00,0.0032469531074707414,0.002807178760089088
GARCH,ETH-USD,2026-06-24 12:15:00,0.0031366869236066023,0.0027973950893511617
GARCH,ETH-USD,2026-06-24 12:30:00,0.002939453752079249,0.0028023136241091978
GARCH,ETH-USD,2026-06-24 12:45:00,0.0030455112822667992,0.0028636632764367778
GARCH,ETH-USD,2026-06-24 13:00:00,0.004791323829024769,0.002866514265499448
GARCH,ETH-USD,2026-06-24 13:15:00,0.003947834468517741,0.0028696404922939935
GARCH,ETH-USD,2026-06-24 13:30:00,0.004070371095964435,0.0028697435103143243
GARCH,ETH-USD,2026-06-24 13:45:00,0.003783848346450292,0.002862732534164954
GARCH,ETH-USD,2026-06-24 14:00:00,0.0035925012105104694,0.0028675462346569626
GARCH,ETH-USD,2026-06-24 14:15:00,0.003550005932264447,0.002858102031108078
GARCH,ETH-USD,2026-06-24 14:30:00,0.0033402675940009453,0.0028617224245812735
GARCH,ETH-USD,2026-06-24 14:45:00,0.0033217917059765907,0.0028667650822795463
GARCH,ETH-USD,2026-06-24 15:00:00,0.0036054876575155725,0.0028587630889654043
GARCH,ETH-USD,2026-06-24 15:15:00,0.003420374804461311,0.002923405872241631
GARCH,ETH-USD,2026-06-24 15:30:00,0.0053636552660595825,0.0029389972380457173
GARCH,ETH-USD,2026-06-24 15:45:00,0.0047721811595060745,0.002960489683310014
GARCH,ETH-USD,2026-06-24 16:00:00,0.005111310370930437,0.0027933552618045494
GARCH,ETH-USD,2026-06-24 16:15:00,0.004682497042186348,0.002797101398647231
GARCH,ETH-USD,2026-06-24 16:30:00,0.004946386111405682,0.0030777491889681396
GARCH,ETH-USD,2026-06-24 16:45:00,0.009553760244376975,0.003076840968778711
GARCH,ETH-USD,2026-06-24 17:00:00,0.007332082136445646,0.003107876878253556
GARCH,ETH-USD,2026-06-24 17:15:00,0.008172402254590814,0.003124787623129771
GARCH,ETH-USD,2026-06-24 17:30:00,0.007531715491275006,0.003130946148598588
GARCH,ETH-USD,2026-06-24 17:45:00,0.007362010232098219,0.0031430102355529538
GARCH,ETH-USD,2026-06-24 18:00:00,0.007077260694024954,0.0031658909575311683
GARCH,ETH-USD,2026-06-24 18:15:00,0.007081995884515743,0.0031668793855083224
GARCH,ETH-USD,2026-06-24 18:30:00,0.006515073155254918,0.0031657259263519503
GARCH,ETH-USD,2026-06-24 18:45:00,0.0062523348451137,0.003163975684637624
GARCH,ETH-USD,2026-06-24 19:00:00,0.005822236830406895,0.003167933322561011
GARCH,ETH-USD,2026-06-24 19:15:00,0.0055899682499944954,0.0031727561395775866
GARCH,ETH-USD,2026-06-24 19:30:00,0.005308885829199177,0.003176112954214772
GARCH,ETH-USD,2026-06-24 19:45:00,0.005107619057447222,0.0033515747105841345
GARCH,ETH-USD,2026-06-24 20:00:00,0.008320160362173458,0.003353460655350117
GARCH,ETH-USD,2026-06-24 20:15:00,0.006604932426089834,0.0033534746709614227
GARCH,ETH-USD,2026-06-24 20:30:00,0.006727621268164346,0.0033541705088900443
GARCH,ETH-USD,2026-06-24 20:45:00,0.006118590819635877,0.0033565656454933555
GARCH,ETH-USD,2026-06-24 21:00:00,0.00592088824942097,0.0033578991848936153
GARCH,ETH-USD,2026-06-24 21:15:00,0.005523109094243414,0.003368947694267529
GARCH,ETH-USD,2026-06-24 21:30:00,0.005469749243455634,0.0033714716272143837
GARCH,ETH-USD,2026-06-24 21:45:00,0.005086701925989337,0.0033528648949146048
GARCH,ETH-USD,2026-06-24 22:00:00,0.0048248378664489215,0.0033520902971240587
GARCH,ETH-USD,2026-06-24 22:15:00,0.004647006930269415,0.0033533179524627837
GARCH,ETH-USD,2026-06-24 22:30:00,0.00435537574220017,0.0033537934270868085
GARCH,ETH-USD,2026-06-24 22:45:00,0.004144399221660429,0.0033468997443859296
GARCH,ETH-USD,2026-06-24 23:00:00,0.00390417589366145,0.003343795635048411
GARCH,ETH-USD,2026-06-24 23:15:00,0.0037486083385806683,0.003340799372940299
GARCH,ETH-USD,2026-06-24 23:30:00,0.0035087920428752213,0.003342695736270572
GARCH,ETH-USD,2026-06-24 23:45:00,0.003387623421261415,0.0033447866568759414
GARCH,ETH-USD,2026-06-25 00:00:00,0.003251642019304146,0.003347834976548309
GARCH,ETH-USD,2026-06-25 00:15:00,0.003263137818431651,0.0033479125981815813
GARCH,ETH-USD,2026-06-25 00:30:00,0.003038370087195763,0.003347966451217139
GARCH,ETH-USD,2026-06-25 00:45:00,0.0028936852510038384,0.003345351415755696
GARCH,ETH-USD,2026-06-25 01:00:00,0.002783351912381914,0.0033463450179590246
GARCH,ETH-USD,2026-06-25 01:15:00,0.002671890218796891,0.0033464860037126748
GARCH,ETH-USD,2026-06-25 01:30:00,0.0025224945091366618,0.0033469193710022904
GARCH,ETH-USD,2026-06-25 01:45:00,0.002451243973109389,0.003348552040407786
GARCH,ETH-USD,2026-06-25 02:00:00,0.002616144648150841,0.0033528771317852084
GARCH,ETH-USD,2026-06-25 02:15:00,0.002576455271586593,0.003329712230729473
GARCH,ETH-USD,2026-06-25 02:30:00,0.002628416901107009,0.003332415831609563
GARCH,ETH-USD,2026-06-25 02:45:00,0.0027158211429688384,0.0033324687483777863
GARCH,ETH-USD,2026-06-25 03:00:00,0.002545006077349382,0.00333189085770547
GARCH,ETH-USD,2026-06-25 03:15:00,0.002430630678020179,0.003331737533545048
GARCH,ETH-USD,2026-06-25 03:30:00,0.0023896430651998957,0.0033342514025522475
GARCH,ETH-USD,2026-06-25 03:45:00,0.00235190463104923,0.003334264322661891
GARCH,ETH-USD,2026-06-25 04:00:00,0.002239076940648766,0.0033350571308097933
GARCH,ETH-USD,2026-06-25 04:15:00,0.002162661514490975,0.003317843001323953
GARCH,ETH-USD,2026-06-25 04:30:00,0.002208650682223581,0.003351403962261707
GARCH,ETH-USD,2026-06-25 04:45:00,0.003685370796169774,0.0033629942157316858
GARCH,ETH-USD,2026-06-25 05:00:00,0.003930697846135794,0.0033364402968637193
GARCH,ETH-USD,2026-06-25 05:15:00,0.0035751429319966365,0.003336949813947832
GARCH,ETH-USD,2026-06-25 05:30:00,0.003484774773790231,0.0033367196945725285
GARCH,ETH-USD,2026-06-25 05:45:00,0.003250070093962637,0.0033370400279970967
GARCH,ETH-USD,2026-06-25 06:00:00,0.003103613187588118,0.0033374784195916527
GARCH,ETH-USD,2026-06-25 06:15:00,0.002938899271247845,0.003346642379493457
GARCH,ETH-USD,2026-06-25 06:30:00,0.0031690833837166987,0.0033291577722932976
GARCH,ETH-USD,2026-06-25 06:45:00,0.002846959304870313,0.0033281966434357615
GARCH,ETH-USD,2026-06-25 07:00:00,0.0027639965639762376,0.0033290039451109223
GARCH,ETH-USD,2026-06-25 07:15:00,0.0026230799324490454,0.0033296039788417733
GARCH,ETH-USD,2026-06-25 07:30:00,0.0026237565624894037,0.0033286358859503902
GARCH,ETH-USD,2026-06-25 07:45:00,0.0024506979261729156,0.0033290556252694083
GARCH,ETH-USD,2026-06-25 08:00:00,0.0024303706432161052,0.0033195267924254757
GARCH,ETH-USD,2026-06-25 08:15:00,0.0022844176666386665,0.0033193699456433292
GARCH,ETH-USD,2026-06-25 08:30:00,0.002187529116647999,0.003311136467064685
GARCH,ETH-USD,2026-06-25 08:45:00,0.002117078903124607,0.003307024342922007
GARCH,ETH-USD,2026-06-25 09:00:00,0.002048648881851698,0.0033098511343455407
GARCH,ETH-USD,2026-06-25 09:15:00,0.0023472875725402188,0.0033094823206599993
GARCH,ETH-USD,2026-06-25 09:30:00,0.002085512029657163,0.0033014410212706398
GARCH,ETH-USD,2026-06-25 09:45:00,0.002055855408873738,0.0033005960006840156
GARCH,ETH-USD,2026-06-25 10:00:00,0.0019424703686274872,0.0033029170876182332
GARCH,ETH-USD,2026-06-25 10:15:00,0.002240926317224811,0.0033092442526317252
GARCH,ETH-USD,2026-06-25 10:30:00,0.002530546500350349,0.00330850697355936
GARCH,ETH-USD,2026-06-25 10:45:00,0.0022545868422608525,0.0033073741926124087
GARCH,ETH-USD,2026-06-25 11:00:00,0.0022109925384616873,0.003312977315494225
GARCH,ETH-USD,2026-06-25 11:15:00,0.0025707219094961166,0.003312003307869754
GARCH,ETH-USD,2026-06-25 11:30:00,0.002285020142859113,0.003312264309943269
GARCH,ETH-USD,2026-06-25 11:45:00,0.0022572927590611886,0.0033120480188822683
GARCH,ETH-USD,2026-06-25 12:00:00,0.002153523123402362,0.0033168196631328793
GARCH,ETH-USD,2026-06-25 12:15:00,0.002422790526124691,0.003340352020381509
GARCH,ETH-USD,2026-06-25 12:30:00,0.003441663448195171,0.00333764740306718
GARCH,ETH-USD,2026-06-25 12:45:00,0.0028723309620388277,0.0033399702618888715
GARCH,ETH-USD,2026-06-25 13:00:00,0.0029745210506113146,0.0033180821991570368
GARCH,ETH-USD,2026-06-25 13:15:00,0.002908009089855012,0.0036930019278196705
GARCH,ETH-USD,2026-06-25 13:30:00,0.010972493214176447,0.0043539154912765835
GARCH,ETH-USD,2026-06-25 13:45:00,0.017107383087009324,0.004535545882651224
GARCH,ETH-USD,2026-06-25 14:00:00,0.015826703517173222,0.004533503860933037
GARCH,ETH-USD,2026-06-25 14:15:00,0.014937230761299627,0.004535969885815809
GARCH,ETH-USD,2026-06-25 14:30:00,0.01399829198251542,0.004536075335024617
GARCH,ETH-USD,2026-06-25 14:45:00,0.013139547115050802,0.004567461847287616
GARCH,ETH-USD,2026-06-25 15:00:00,0.012855111677790958,0.004575587413915785
GARCH,ETH-USD,2026-06-25 15:15:00,0.011972240904704312,0.004565473360180089
GARCH,ETH-USD,2026-06-25 15:30:00,0.011270756286702427,0.004582563892937507
GARCH,ETH-USD,2026-06-25 15:45:00,0.010845189671153523,0.00459537078322174
GARCH,ETH-USD,2026-06-25 16:00:00,0.010283897829376873,0.004594776257333404
GARCH,ETH-USD,2026-06-25 16:15:00,0.009610430457263494,0.004619661268209728
GARCH,ETH-USD,2026-06-25 16:30:00,0.00968660435851933,0.004618305253738507
GARCH,ETH-USD,2026-06-25 16:45:00,0.00882703395461126,0.004625480479941758
GARCH,ETH-USD,2026-06-25 17:00:00,0.008529616256166876,0.004626358274191425
GARCH,ETH-USD,2026-06-25 17:15:00,0.00793220676597725,0.0046259378748544485
GARCH,ETH-USD,2026-06-25 17:30:00,0.007478497139994362,0.004630424083186256
GARCH,ETH-USD,2026-06-25 17:45:00,0.007110902707609533,0.004642175195656282
GARCH,ETH-USD,2026-06-25 18:00:00,0.0070760312196601165,0.004654964224016344
GARCH,ETH-USD,2026-06-25 18:15:00,0.006820964956682528,0.004669258351554595
GARCH,ETH-USD,2026-06-25 18:30:00,0.006827144447622609,0.004671095226139102
GARCH,ETH-USD,2026-06-25 18:45:00,0.006310870755507015,0.0046790692368675595
GARCH,ETH-USD,2026-06-25 19:00:00,0.0062865919736010845,0.004678784249828715
GARCH,ETH-USD,2026-06-25 19:15:00,0.005763687145186236,0.00467651278716215
GARCH,ETH-USD,2026-06-25 19:30:00,0.005487401349033554,0.00467494642485289
GARCH,ETH-USD,2026-06-25 19:45:00,0.005131267396537255,0.004688340497605967
GARCH,ETH-USD,2026-06-25 20:00:00,0.005293865199309552,0.004684612487298995
GARCH,ETH-USD,2026-06-25 20:15:00,0.00479376595436033,0.004686378519082197
GARCH,ETH-USD,2026-06-25 20:30:00,0.004704261586227089,0.004687455040682933
GARCH,ETH-USD,2026-06-25 20:45:00,0.0044231481200679166,0.00468635541086628
GARCH,ETH-USD,2026-06-25 21:00:00,0.004311693016639858,0.00463509919121094
GARCH,ETH-USD,2026-06-25 21:15:00,0.0041112236054455225,0.004642788521662838
GARCH,ETH-USD,2026-06-25 21:30:00,0.004258788258786361,0.00464870521687677
GARCH,ETH-USD,2026-06-25 21:45:00,0.004140365982412844,0.004666307526904941
GARCH,ETH-USD,2026-06-25 22:00:00,0.004770412338172202,0.0046663607147421435
GARCH,ETH-USD,2026-06-25 22:15:00,0.004163672216548708,0.004663432191034789
GARCH,ETH-USD,2026-06-25 22:30:00,0.004097937887569462,0.004660469350594024
GARCH,ETH-USD,2026-06-25 22:45:00,0.003796498167439226,0.004652372503838054
GARCH,ETH-USD,2026-06-25 23:00:00,0.0036613558782780963,0.004501634459414481
GARCH,ETH-USD,2026-06-25 23:15:00,0.0036536076552571273,0.004494840209351769
GARCH,ETH-USD,2026-06-25 23:30:00,0.00365000964127336,0.004497742982969306
GARCH,ETH-USD,2026-06-25 23:45:00,0.0035832243954569674,0.004499762214927226
GARCH,ETH-USD,2026-06-26 00:00:00,0.003472894957169852,0.004498461381071664
GARCH,ETH-USD,2026-06-26 00:15:00,0.0032945773146922826,0.004496091862773593
GARCH,ETH-USD,2026-06-26 00:30:00,0.0031075306996256368,0.0044988286309653016
GARCH,ETH-USD,2026-06-26 00:45:00,0.0031693225769077317,0.004493683856981754
GARCH,ETH-USD,2026-06-26 01:00:00,0.0029056359755298554,0.004501552003539209
GARCH,ETH-USD,2026-06-26 01:15:00,0.0033634028747089578,0.0045002981278696565
GARCH,ETH-USD,2026-06-26 01:30:00,0.0029513746828066486,0.004500012692863844
GARCH,ETH-USD,2026-06-26 01:45:00,0.00291599165611791,0.0047475226233494455
GARCH,ETH-USD,2026-06-26 02:00:00,0.010329677310617012,0.004786889317064361
GARCH,ETH-USD,2026-06-26 02:15:00,0.008486232794799625,0.004786816710393969
GARCH,ETH-USD,2026-06-26 02:30:00,0.008491075918115031,0.004809038006110089
GARCH,ETH-USD,2026-06-26 02:45:00,0.008365995685613064,0.004822225127822983
GARCH,ETH-USD,2026-06-26 03:00:00,0.008008200698612602,0.004822210526804057
GARCH,ETH-USD,2026-06-26 03:15:00,0.0074556248375983155,0.004833470814160073
GARCH,ETH-USD,2026-06-26 03:30:00,0.007310164754887565,0.004888536413516531
GARCH,ETH-USD,2026-06-26 03:45:00,0.008211929885123608,0.004888934273671753
GARCH,ETH-USD,2026-06-26 04:00:00,0.007214548767836326,0.004888174691965172
GARCH,ETH-USD,2026-06-26 04:15:00,0.007011457091478281,0.0048712542771831135
GARCH,ETH-USD,2026-06-26 04:30:00,0.006490135646971263,0.004870067300947051
GARCH,ETH-USD,2026-06-26 04:45:00,0.006180353612850171,0.004868480755360148
GARCH,ETH-USD,2026-06-26 05:00:00,0.005832793111322146,0.004868376703960844
GARCH,ETH-USD,2026-06-26 05:15:00,0.005582145901518894,0.004868437454361344
GARCH,ETH-USD,2026-06-26 05:30:00,0.00522983843225835,0.00486853933258176
GARCH,ETH-USD,2026-06-26 05:45:00,0.0049275038112673065,0.0048783064513111315
GARCH,ETH-USD,2026-06-26 06:00:00,0.005243052683619634,0.004912019658110073
GARCH,ETH-USD,2026-06-26 06:15:00,0.005957900732428143,0.004937849759562517
GARCH,ETH-USD,2026-06-26 06:30:00,0.006118465131843093,0.004935360599525755
GARCH,ETH-USD,2026-06-26 06:45:00,0.005557065495663839,0.00493153584212829
GARCH,ETH-USD,2026-06-26 07:00:00,0.005549359221428879,0.004927494657808898
GARCH,ETH-USD,2026-06-26 07:15:00,0.005095712778325439,0.004928845845826998
GARCH,ETH-USD,2026-06-26 07:30:00,0.004892316584567693,0.004927877357666281
GARCH,ETH-USD,2026-06-26 07:45:00,0.004563145853365858,0.004936971720615859
GARCH,ETH-USD,2026-06-26 08:00:00,0.004778464263364244,0.004933099636189475
GARCH,ETH-USD,2026-06-26 08:15:00,0.004305726163774233,0.004937517043484627
GARCH,ETH-USD,2026-06-26 08:30:00,0.00443953283650012,0.00493673484808829
GARCH,ETH-USD,2026-06-26 08:45:00,0.004028091269382994,0.00493749043024905
GARCH,ETH-USD,2026-06-26 09:00:00,0.003942475472988814,0.004937482708642109
GARCH,ETH-USD,2026-06-26 09:15:00,0.00366227697670128,0.004932236656023831
GARCH,ETH-USD,2026-06-26 09:30:00,0.0034857152770307225,0.004945481108155236
GARCH,ETH-USD,2026-06-26 09:45:00,0.004278408690476377,0.004942305171574692
GARCH,ETH-USD,2026-06-26 10:00:00,0.003655803219182675,0.004941420553998371
GARCH,ETH-USD,2026-06-26 10:15:00,0.003608021316585956,0.004940945809295394
GARCH,ETH-USD,2026-06-26 10:30:00,0.0034502409897590276,0.004936334483799794
GARCH,ETH-USD,2026-06-26 10:45:00,0.003268932096335095,0.004938090815798912
GARCH,ETH-USD,2026-06-26 11:00:00,0.00318995240422682,0.004941670018824146
GARCH,ETH-USD,2026-06-26 11:15:00,0.0032626489384439007,0.0049419859906304755
GARCH,ETH-USD,2026-06-26 11:30:00,0.0029967474391152495,0.004941947578148639
GARCH,ETH-USD,2026-06-26 11:45:00,0.002914402242434401,0.004941745612288637
GARCH,ETH-USD,2026-06-26 12:00:00,0.0027294435397729982,0.004948210135885137
GARCH,ETH-USD,2026-06-26 12:15:00,0.0030651382269349854,0.005020345860046493
GARCH,ETH-USD,2026-06-26 12:30:00,0.006247788230814424,0.005026082451258129
GARCH,ETH-USD,2026-06-26 12:45:00,0.004967551106342399,0.005022340950982339
GARCH,ETH-USD,2026-06-26 13:00:00,0.0050691769665294475,0.005018551119378636
GARCH,ETH-USD,2026-06-26 13:15:00,0.004629030184350468,0.0050518044568102225
GARCH,ETH-USD,2026-06-26 13:30:00,0.005720749769216688,0.005128116759719439
GARCH,ETH-USD,2026-06-26 13:45:00,0.007428233639270348,0.005127849979669417
GARCH,ETH-USD,2026-06-26 14:00:00,0.0062447916917553635,0.005129542840991262
GARCH,ETH-USD,2026-06-26 14:15:00,0.006262229230046136,0.005151296342347985
GARCH,ETH-USD,2026-06-26 14:30:00,0.006547753365571244,0.0051491044759738105
GARCH,ETH-USD,2026-06-26 14:45:00,0.0059218032117603825,0.005156032113127499
GARCH,ETH-USD,2026-06-26 15:00:00,0.0059833167100987435,0.005181591602910686
GARCH,ETH-USD,2026-06-26 15:15:00,0.006361088141108097,0.005185477685289266
GARCH,ETH-USD,2026-06-26 15:30:00,0.005834668265531613,0.005188319939513589
GARCH,ETH-USD,2026-06-26 15:45:00,0.005677924213022219,0.005188089998085044
GARCH,ETH-USD,2026-06-26 16:00:00,0.005265916603542111,0.005189942600083166
GARCH,ETH-USD,2026-06-26 16:15:00,0.005082090595798735,0.005191139220606238
GARCH,ETH-USD,2026-06-26 16:30:00,0.004837587138069967,0.005191170065801959
GARCH,ETH-USD,2026-06-26 16:45:00,0.004554744751765697,0.005202804211713383
GARCH,ETH-USD,2026-06-26 17:00:00,0.0048033359076779854,0.0052007980728124145
GARCH,ETH-USD,2026-06-26 17:15:00,0.0043161617586521175,0.0052015355811198885
GARCH,ETH-USD,2026-06-26 17:30:00,0.004202524945842341,0.005200039253218381
GARCH,ETH-USD,2026-06-26 17:45:00,0.003924799039636981,0.005200142937346287
GARCH,ETH-USD,2026-06-26 18:00:00,0.00371693621590478,0.005207248899546458
GARCH,ETH-USD,2026-06-26 18:15:00,0.003960142797005395,0.005204960549319318
GARCH,ETH-USD,2026-06-26 18:30:00,0.0035761184272028253,0.005207062169575161
GARCH,ETH-USD,2026-06-26 18:45:00,0.0036066018327519985,0.005217720596878474
GARCH,ETH-USD,2026-06-26 19:00:00,0.0039250462538896564,0.00521519961671563
GARCH,ETH-USD,2026-06-26 19:15:00,0.0035553566422136113,0.005211436710386207
GARCH,ETH-USD,2026-06-26 19:30:00,0.003415917077874737,0.005208633353583521
GARCH,ETH-USD,2026-06-26 19:45:00,0.0032292813914671626,0.005208672890145877
GARCH,ETH-USD,2026-06-26 20:00:00,0.00306982495306257,0.005208235701504742
GARCH,ETH-USD,2026-06-26 20:15:00,0.0030177437720326395,0.005221946743936786
GARCH,ETH-USD,2026-06-26 20:30:00,0.003867097401647175,0.005222848790111558
GARCH,ETH-USD,2026-06-26 20:45:00,0.003315042730469957,0.005224592432767039
GARCH,ETH-USD,2026-06-26 21:00:00,0.0033621759433008947,0.00522447742963964
GARCH,ETH-USD,2026-06-26 21:15:00,0.003096634464914596,0.005226144279812548
GARCH,ETH-USD,2026-06-26 21:30:00,0.0030575381680972825,0.005226567874022009
GARCH,ETH-USD,2026-06-26 21:45:00,0.002896039372597535,0.005224550642444821
GARCH,ETH-USD,2026-06-26 22:00:00,0.002742245237759767,0.005222151200856726
GARCH,ETH-USD,2026-06-26 22:15:00,0.002646976617968776,0.005223864334258748
GARCH,ETH-USD,2026-06-26 22:30:00,0.002609972108943924,0.005224316167098088
GARCH,ETH-USD,2026-06-26 22:45:00,0.0024698921358591677,0.0052242169540265195
GARCH,ETH-USD,2026-06-26 23:00:00,0.002362091660282903,0.005225301976222118
GARCH,ETH-USD,2026-06-26 23:15:00,0.0023758847134962425,0.005226059830448294
GARCH,ETH-USD,2026-06-26 23:30:00,0.0024590174745952225,0.005226122451339927
GARCH,ETH-USD,2026-06-26 23:45:00,0.002280445514357409,0.0052259192081550035
GARCH,ETH-USD,2026-06-27 00:00:00,0.002227428440986188,0.005225581873220604
GARCH,ETH-USD,2026-06-27 00:15:00,0.0021852399176030303,0.0052276118568040505
GARCH,ETH-USD,2026-06-27 00:30:00,0.002313054621284624,0.005229403733513798
GARCH,ETH-USD,2026-06-27 00:45:00,0.0022630229421107843,0.005229700570366573
GARCH,ETH-USD,2026-06-27 01:00:00,0.002183489344888505,0.005230509795117327
GARCH,ETH-USD,2026-06-27 01:15:00,0.0021351403730297375,0.005230091652587571
GARCH,ETH-USD,2026-06-27 01:30:00,0.0020286924570157698,0.005229086568191825
GARCH,ETH-USD,2026-06-27 01:45:00,0.0019459208755110823,0.005230510298232969
GARCH,ETH-USD,2026-06-27 02:00:00,0.0023069819683528324,0.005232801980927016
GARCH,ETH-USD,2026-06-27 02:15:00,0.0022351371571473224,0.005211732731339101
GARCH,ETH-USD,2026-06-27 02:30:00,0.0021336083140318265,0.00519869584943482
GARCH,ETH-USD,2026-06-27 02:45:00,0.0020408307058414395,0.005201211146817668
GARCH,ETH-USD,2026-06-27 03:00:00,0.0022638031756654527,0.0052030393442762425
GARCH,ETH-USD,2026-06-27 03:15:00,0.002206227637631736,0.005203209649042201
GARCH,ETH-USD,2026-06-27 03:30:00,0.0021175863079100905,0.005200361206768282
GARCH,ETH-USD,2026-06-27 03:45:00,0.0020176945445076174,0.005168787867766912
GARCH,ETH-USD,2026-06-27 04:00:00,0.002107377447137789,0.005167172591989085
GARCH,ETH-USD,2026-06-27 04:15:00,0.001973798259177012,0.005165461323817008
GARCH,ETH-USD,2026-06-27 04:30:00,0.0019176650310479527,0.005164828474455633
GARCH,ETH-USD,2026-06-27 04:45:00,0.0019207817383460036,0.005165322044745484
GARCH,ETH-USD,2026-06-27 05:00:00,0.0018537468626352446,0.005164074151214119
GARCH,ETH-USD,2026-06-27 05:15:00,0.002015257093651632,0.005163722596678792
GARCH,ETH-USD,2026-06-27 05:30:00,0.0018966962179341768,0.0051616374624959965
GARCH,ETH-USD,2026-06-27 05:45:00,0.0018373085857934352,0.005154888620575145
GARCH,ETH-USD,2026-06-27 06:00:00,0.00188960056167207,0.005152814559334999
GARCH,ETH-USD,2026-06-27 06:15:00,0.0018999078614936695,0.005114248481650676
GARCH,ETH-USD,2026-06-27 06:30:00,0.002083332836647496,0.00510439355288692
GARCH,ETH-USD,2026-06-27 06:45:00,0.0018915117954747074,0.005092708383635747
GARCH,ETH-USD,2026-06-27 07:00:00,0.0018915315893342393,0.00509046622920837
GARCH,ETH-USD,2026-06-27 07:15:00,0.001840965217650623,0.005080213326504242
GARCH,ETH-USD,2026-06-27 07:30:00,0.0017590755026464155,0.004911795780464719
GARCH,ETH-USD,2026-06-27 07:45:00,0.001812495172205069,0.004911858572278336
GARCH,ETH-USD,2026-06-27 08:00:00,0.0017668176788210499,0.004889744604011326
GARCH,ETH-USD,2026-06-27 08:15:00,0.001691690747613962,0.00487715230610827
GARCH,ETH-USD,2026-06-27 08:30:00,0.0016980250691460289,0.004869430557419843
GARCH,ETH-USD,2026-06-27 08:45:00,0.0016976903556189013,0.0048617930057652655
GARCH,ETH-USD,2026-06-27 09:00:00,0.0018114353105069404,0.004845095352166066
GARCH,ETH-USD,2026-06-27 09:15:00,0.001674557335590674,0.004844035566593768
GARCH,ETH-USD,2026-06-27 09:30:00,0.0016696951595441853,0.004841821875686978
GARCH,ETH-USD,2026-06-27 09:45:00,0.001608397081595588,0.004842000952330278
GARCH,ETH-USD,2026-06-27 10:00:00,0.0015877230321078763,0.004839609273606947
GARCH,ETH-USD,2026-06-27 10:15:00,0.0015451850976175427,0.00483724159852432
GARCH,ETH-USD,2026-06-27 10:30:00,0.0015270672711002998,0.004833867036563027
GARCH,ETH-USD,2026-06-27 10:45:00,0.0014723232239050223,0.004717389128825954
GARCH,ETH-USD,2026-06-27 11:00:00,0.0014401766907651181,0.0047181023886514
GARCH,ETH-USD,2026-06-27 11:15:00,0.0016599129309601238,0.004718115608102337
GARCH,ETH-USD,2026-06-27 11:30:00,0.0015176023756071249,0.004719106624344795
GARCH,ETH-USD,2026-06-27 11:45:00,0.001659126170632174,0.004716945733925882
GARCH,ETH-USD,2026-06-27 12:00:00,0.0015753453308161175,0.004716496728133927
GARCH,ETH-USD,2026-06-27 12:15:00,0.0015818827155657353,0.004709392860947073
GARCH,ETH-USD,2026-06-27 12:30:00,0.0015382323182885878,0.004709439401555055
GARCH,ETH-USD,2026-06-27 12:45:00,0.0016739140994021103,0.0047092445255215816
GARCH,ETH-USD,2026-06-27 13:00:00,0.0015597672371380153,0.004706575027813104
GARCH,ETH-USD,2026-06-27 13:15:00,0.0015359669193136505,0.004708513802123891
GARCH,ETH-USD,2026-06-27 13:30:00,0.0017741549966003836,0.004708411669175171
GARCH,ETH-USD,2026-06-27 13:45:00,0.001660341860840046,0.004710986311419572
GARCH,ETH-USD,2026-06-27 14:00:00,0.0019368897154148136,0.0047104922943829695
GARCH,ETH-USD,2026-06-27 14:15:00,0.001832461425716403,0.004710677449552727
GARCH,ETH-USD,2026-06-27 14:30:00,0.0017891605234358935,0.004709536492289888
GARCH,ETH-USD,2026-06-27 14:45:00,0.0017160202255433478,0.00473521910737813
GARCH,ETH-USD,2026-06-27 15:00:00,0.003654391527508683,0.004735878196084967
GARCH,ETH-USD,2026-06-27 15:15:00,0.0030649977421012466,0.004737357270495234
GARCH,ETH-USD,2026-06-27 15:30:00,0.0031786786467612772,0.004737358157155026
GARCH,ETH-USD,2026-06-27 15:45:00,0.002894632907433717,0.004737184746340989
GARCH,ETH-USD,2026-06-27 16:00:00,0.002823923507169217,0.004736571977273205
GARCH,ETH-USD,2026-06-27 16:15:00,0.0026515214823942886,0.004737350149236402
GARCH,ETH-USD,2026-06-27 16:30:00,0.002585014331272458,0.004737273047161962
GARCH,ETH-USD,2026-06-27 16:45:00,0.0024697325718160902,0.00475349600183834
GARCH,ETH-USD,2026-06-27 17:00:00,0.003677802654185683,0.0047509831255444935
GARCH,ETH-USD,2026-06-27 17:15:00,0.0030035450916908956,0.004748449088208466
GARCH,ETH-USD,2026-06-27 17:30:00,0.0030493829981162396,0.0047455416295123865
GARCH,ETH-USD,2026-06-27 17:45:00,0.002881381512464103,0.0047449556407785755
GARCH,ETH-USD,2026-06-27 18:00:00,0.0027336659972065146,0.004745007652980513
GARCH,ETH-USD,2026-06-27 18:15:00,0.002594211068928071,0.004744521159455245
GARCH,ETH-USD,2026-06-27 18:30:00,0.002491784994931271,0.004743171961158856
GARCH,ETH-USD,2026-06-27 18:45:00,0.0023569426611566987,0.004742920615713674
GARCH,ETH-USD,2026-06-27 19:00:00,0.002251448240410588,0.004767938460953348
GARCH,ETH-USD,2026-06-27 19:15:00,0.0038648933246649662,0.004768062821872238
GARCH,ETH-USD,2026-06-27 19:30:00,0.003186646239686254,0.004743835389462009
GARCH,ETH-USD,2026-06-27 19:45:00,0.003207047631258797,0.004727865394235748
GARCH,ETH-USD,2026-06-27 20:00:00,0.003076932555432587,0.004726793455463796
GARCH,ETH-USD,2026-06-27 20:15:00,0.002893662645699158,0.004726015347886909
GARCH,ETH-USD,2026-06-27 20:30:00,0.002750402686111239,0.004725964492959293
GARCH,ETH-USD,2026-06-27 20:45:00,0.002606666242402744,0.004727416370477099
GARCH,ETH-USD,2026-06-27 21:00:00,0.0025955323710032158,0.004727086975432056
GARCH,ETH-USD,2026-06-27 21:15:00,0.002415776762030933,0.004725935932600771
GARCH,ETH-USD,2026-06-27 21:30:00,0.002765290871185926,0.004727535621052681
GARCH,ETH-USD,2026-06-27 21:45:00,0.0025936056681265247,0.004727567357380072
GARCH,ETH-USD,2026-06-27 22:00:00,0.002483623652875816,0.0047274425044405224
GARCH,ETH-USD,2026-06-27 22:15:00,0.0023762180842973723,0.004725515059645744
GARCH,ETH-USD,2026-06-27 22:30:00,0.0022619253772914382,0.004727073938912085
GARCH,ETH-USD,2026-06-27 22:45:00,0.0022750103937721673,0.0047313585850884046
GARCH,ETH-USD,2026-06-27 23:00:00,0.002596086186608716,0.004731310582916435
GARCH,ETH-USD,2026-06-27 23:15:00,0.002305768003206739,0.004732821840556983
GARCH,ETH-USD,2026-06-27 23:30:00,0.0023678487678980924,0.00473276746277155
GARCH,ETH-USD,2026-06-27 23:45:00,0.002211987867546474,0.004733187135730646
GARCH,ETH-USD,2026-06-28 00:00:00,0.0021957689994223286,0.004730010808011868
GARCH,ETH-USD,2026-06-28 00:15:00,0.0021056760218389455,0.004730202543047262
GARCH,ETH-USD,2026-06-28 00:30:00,0.0020397294155270955,0.004730483156076964
GARCH,ETH-USD,2026-06-28 00:45:00,0.001988640185386398,0.004731165311160406
GARCH,ETH-USD,2026-06-28 01:00:00,0.001981227303164526,0.004729832569954177
GARCH,ETH-USD,2026-06-28 01:15:00,0.0020433191491416643,0.0047244086453183155
GARCH,ETH-USD,2026-06-28 01:30:00,0.0019104080570101242,0.004724525275283494
GARCH,ETH-USD,2026-06-28 01:45:00,0.0018719680626593518,0.004726817149218362
GARCH,ETH-USD,2026-06-28 02:00:00,0.0019956327670350178,0.004729275818079488
GARCH,ETH-USD,2026-06-28 02:15:00,0.0025767823511278075,0.004728981083649346
GARCH,ETH-USD,2026-06-28 02:30:00,0.0022000369170574576,0.004728716076104936
GARCH,ETH-USD,2026-06-28 02:45:00,0.0022016769221458636,0.004731219943925638
GARCH,ETH-USD,2026-06-28 03:00:00,0.002284640674513912,0.004727518829164113
GARCH,ETH-USD,2026-06-28 03:15:00,0.002118695727593472,0.004708818629700675
GARCH,ETH-USD,2026-06-28 03:30:00,0.002071567715904796,0.004708916979478605
GARCH,ETH-USD,2026-06-28 03:45:00,0.0019973562225630574,0.00470739648931263
GARCH,ETH-USD,2026-06-28 04:00:00,0.0019265212076642784,0.0047050846397665175
GARCH,ETH-USD,2026-06-28 04:15:00,0.0018475551595424878,0.004412581555792107
GARCH,ETH-USD,2026-06-28 04:30:00,0.0017912811376316615,0.0037402933267478007
GARCH,ETH-USD,2026-06-28 04:45:00,0.0017530857052117665,0.003529793255444054
GARCH,ETH-USD,2026-06-28 05:00:00,0.0017598408132320966,0.0035389460355074436
GARCH,ETH-USD,2026-06-28 05:15:00,0.0023588513953619176,0.0035387943063434992
GARCH,ETH-USD,2026-06-28 05:30:00,0.002161714297130713,0.0035385031633905404
GARCH,ETH-USD,2026-06-28 05:45:00,0.0020994602330772676,0.0034996571633923745
GARCH,ETH-USD,2026-06-28 06:00:00,0.0024313402969738567,0.003490046893849125
GARCH,ETH-USD,2026-06-28 06:15:00,0.0021953166060745695,0.0034906882337934556
GARCH,ETH-USD,2026-06-28 06:30:00,0.002202294523311585,0.0034698284801350076
GARCH,ETH-USD,2026-06-28 06:45:00,0.0020599906073466593,0.0034599526051144656
GARCH,ETH-USD,2026-06-28 07:00:00,0.0023484839159571154,0.003460124628424706
GARCH,ETH-USD,2026-06-28 07:15:00,0.0021224492794616133,0.003421443689546952
GARCH,ETH-USD,2026-06-28 07:30:00,0.002309249456693791,0.0034212608188556645
GARCH,ETH-USD,2026-06-28 07:45:00,0.0021025998296446166,0.0034138842982375955
GARCH,ETH-USD,2026-06-28 08:00:00,0.0020785324832521073,0.0034125638979778466
GARCH,ETH-USD,2026-06-28 08:15:00,0.001961001854419043,0.0034240875158332205
GARCH,ETH-USD,2026-06-28 08:30:00,0.002630650576416617,0.003419318899732621
GARCH,ETH-USD,2026-06-28 08:45:00,0.002225453849842626,0.003398795860842437
GARCH,ETH-USD,2026-06-28 09:00:00,0.002266451012539183,0.00338350156679391
GARCH,ETH-USD,2026-06-28 09:15:00,0.002112377689030718,0.003360992320112366
GARCH,ETH-USD,2026-06-28 09:30:00,0.002080100567916182,0.0033633064680348573
GARCH,ETH-USD,2026-06-28 09:45:00,0.0022984264550783657,0.0033498974471316365
GARCH,ETH-USD,2026-06-28 10:00:00,0.002106329813340831,0.003361214219390911
GARCH,ETH-USD,2026-06-28 10:15:00,0.002705409820024613,0.0033614465131979157
GARCH,ETH-USD,2026-06-28 10:30:00,0.0023507464170491525,0.0033620802439146774
GARCH,ETH-USD,2026-06-28 10:45:00,0.0023687947068783406,0.0033461370059147027
GARCH,ETH-USD,2026-06-28 11:00:00,0.0022132880887059743,0.0033538324664915235
GARCH,ETH-USD,2026-06-28 11:15:00,0.002597327922279924,0.0033500828453237657
GARCH,ETH-USD,2026-06-28 11:30:00,0.0022910956182892787,0.003348211627054778
GARCH,ETH-USD,2026-06-28 11:45:00,0.0022922852444378188,0.003344338471567638
GARCH,ETH-USD,2026-06-28 12:00:00,0.0021582971582888525,0.003342987075099574
GARCH,ETH-USD,2026-06-28 12:15:00,0.0021879372728504046,0.0033352049618755827
GARCH,ETH-USD,2026-06-28 12:30:00,0.002277019676149653,0.0033293226681189794
GARCH,ETH-USD,2026-06-28 12:45:00,0.002233577310334698,0.0033034654468517173
GARCH,ETH-USD,2026-06-28 13:00:00,0.0022770371699958863,0.0033031273801316075
GARCH,ETH-USD,2026-06-28 13:15:00,0.002111347088257913,0.0033033916755026292
GARCH,ETH-USD,2026-06-28 13:30:00,0.002134274502593248,0.003305599260632427
GARCH,ETH-USD,2026-06-28 13:45:00,0.0021466352609744964,0.0033054165520170825
GARCH,ETH-USD,2026-06-28 14:00:00,0.002089490443517376,0.0032995883290889197
GARCH,ETH-USD,2026-06-28 14:15:00,0.0019817634233249073,0.00329256714835098
GARCH,ETH-USD,2026-06-28 14:30:00,0.0019209513990790083,0.003287671607935423
GARCH,ETH-USD,2026-06-28 14:45:00,0.0018863522146965073,0.0032853418524887534
GARCH,ETH-USD,2026-06-28 15:00:00,0.0018867948558162263,0.003284402226872442
GARCH,ETH-USD,2026-06-28 15:15:00,0.001805742479016363,0.0032845068295723656
GARCH,ETH-USD,2026-06-28 15:30:00,0.0017464323829404216,0.0032795854636788998
GARCH,ETH-USD,2026-06-28 15:45:00,0.0016970133051639783,0.003280735868906402
GARCH,ETH-USD,2026-06-28 16:00:00,0.0017219289520478825,0.003269234980400526
GARCH,ETH-USD,2026-06-28 16:15:00,0.0017479680814939864,0.003286144200655156
GARCH,ETH-USD,2026-06-28 16:30:00,0.0027145086752570114,0.003291163798761003
GARCH,ETH-USD,2026-06-28 16:45:00,0.002539412984208329,0.002908848055265018
GARCH,ETH-USD,2026-06-28 17:00:00,0.0024875041344225263,0.002845624483811897
GARCH,ETH-USD,2026-06-28 17:15:00,0.0024561695958192457,0.0028452408621445703
GARCH,ETH-USD,2026-06-28 17:30:00,0.002327653651040718,0.0028052341964271456
GARCH,ETH-USD,2026-06-28 17:45:00,0.002354404213462127,0.0027852571795610806
GARCH,ETH-USD,2026-06-28 18:00:00,0.002200809589026931,0.002789539181249219
GARCH,ETH-USD,2026-06-28 18:15:00,0.0023255669890852792,0.0027734304587756524
GARCH,ETH-USD,2026-06-28 18:30:00,0.0021667685832510875,0.0026784209429422737
GARCH,ETH-USD,2026-06-28 18:45:00,0.0020931918220145197,0.0026778994809995107
GARCH,ETH-USD,2026-06-28 19:00:00,0.0020721531207111513,0.0026761973181497777
GARCH,ETH-USD,2026-06-28 19:15:00,0.0019649290771021183,0.0026777165802743808
GARCH,ETH-USD,2026-06-28 19:30:00,0.001975238391962017,0.002678811445075545
GARCH,ETH-USD,2026-06-28 19:45:00,0.002054062059922052,0.0026947760234622875
GARCH,ETH-USD,2026-06-28 20:00:00,0.002819240865076579,0.002690034684768118
GARCH,ETH-USD,2026-06-28 20:15:00,0.0023813923703622313,0.0026894594106689367
GARCH,ETH-USD,2026-06-28 20:30:00,0.00241005819889543,0.0026894445571658816
GARCH,ETH-USD,2026-06-28 20:45:00,0.0022367971832845694,0.0026640188750870616
GARCH,ETH-USD,2026-06-28 21:00:00,0.002242927359743885,0.0026037058813094443
GARCH,ETH-USD,2026-06-28 21:15:00,0.002094682375755722,0.0025559678707825777
GARCH,ETH-USD,2026-06-28 21:30:00,0.0020218843033157174,0.0025679887478587257
GARCH,ETH-USD,2026-06-28 21:45:00,0.0025455089610458698,0.0025766197232357647
GARCH,ETH-USD,2026-06-28 22:00:00,0.0030508487948948575,0.002581605709033065
GARCH,ETH-USD,2026-06-28 22:15:00,0.0028624917384570876,0.0025931566643066354
GARCH,ETH-USD,2026-06-28 22:30:00,0.003235657811082369,0.0025976847341139006
GARCH,ETH-USD,2026-06-28 22:45:00,0.003030958358971416,0.002585122787285712
GARCH,ETH-USD,2026-06-28 23:00:00,0.003109761741492325,0.0026076139066804854
GARCH,ETH-USD,2026-06-28 23:15:00,0.003602020948540965,0.002604481836509547
GARCH,ETH-USD,2026-06-28 23:30:00,0.0034398104432293145,0.0026087709027510873
GARCH,ETH-USD,2026-06-28 23:45:00,0.0033732666452049964,0.0026072179022886112
GARCH,ETH-USD,2026-06-29 00:00:00,0.003184823409190946,0.002635138584119304
GARCH,ETH-USD,2026-06-29 00:15:00,0.0039049708089788863,0.002638749461550268
GARCH,ETH-USD,2026-06-29 00:30:00,0.003467590652094472,0.0026339829720724815
GARCH,ETH-USD,2026-06-29 00:45:00,0.004233433676117965,0.0026478795030645892
GARCH,ETH-USD,2026-06-29 01:00:00,0.004019860148285249,0.0026534531280414018
GARCH,ETH-USD,2026-06-29 01:15:00,0.003934429428699623,0.0026769080827381314
GARCH,ETH-USD,2026-06-29 01:30:00,0.004408152289791642,0.0026801256973140414
GARCH,ETH-USD,2026-06-29 01:45:00,0.0039921594325954156,0.0027336048799485014
GARCH,ETH-USD,2026-06-29 02:00:00,0.0052328485675056605,0.002817163876639203
GARCH,ETH-USD,2026-06-29 02:15:00,0.006371778012159858,0.002820431176538993
GARCH,ETH-USD,2026-06-29 02:30:00,0.005514414267034309,0.0028192668268201284
GARCH,ETH-USD,2026-06-29 02:45:00,0.00538317179082836,0.0028347741650147137
GARCH,ETH-USD,2026-06-29 03:00:00,0.005351967886457009,0.002826760376095327
GARCH,ETH-USD,2026-06-29 03:15:00,0.00498300365463473,0.002710071466091462
GARCH,ETH-USD,2026-06-29 03:30:00,0.005193491514992389,0.0027118876213180552
GARCH,ETH-USD,2026-06-29 03:45:00,0.0049382758648935585,0.0027170826934221092
GARCH,ETH-USD,2026-06-29 04:00:00,0.0047507786833623595,0.0027168687152193524
GARCH,ETH-USD,2026-06-29 04:15:00,0.004452371062482311,0.0026674435593585905
GARCH,ETH-USD,2026-06-29 04:30:00,0.004391486203287354,0.002524873457162209
GARCH,ETH-USD,2026-06-29 04:45:00,0.004080415365330869,0.002546525193386604
GARCH,ETH-USD,2026-06-29 05:00:00,0.00447568134496344,0.0025455696769809267
GARCH,ETH-USD,2026-06-29 05:15:00,0.004072861719210106,0.0025174015594013888
GARCH,ETH-USD,2026-06-29 05:30:00,0.004403935952403817,0.0025226305330385526
GARCH,ETH-USD,2026-06-29 05:45:00,0.004116446243676684,0.002506770515748676
GARCH,ETH-USD,2026-06-29 06:00:00,0.003935344353625911,0.00245738203843487
GARCH,ETH-USD,2026-06-29 06:15:00,0.0037292391802596354,0.0024501442302102615
GARCH,ETH-USD,2026-06-29 06:30:00,0.0035441071493729783,0.0024438141083829995
GARCH,ETH-USD,2026-06-29 06:45:00,0.0033658269986048756,0.002444295483855396
GARCH,ETH-USD,2026-06-29 07:00:00,0.003197825937319061,0.002439358351171135
GARCH,ETH-USD,2026-06-29 07:15:00,0.003015741584157479,0.0024345108130273403
GARCH,ETH-USD,2026-06-29 07:30:00,0.0028650872459587045,0.0024333701979078223
GARCH,ETH-USD,2026-06-29 07:45:00,0.0027098211976106595,0.002410412090310208
GARCH,ETH-USD,2026-06-29 08:00:00,0.0025769750056520283,0.002421710609594064
GARCH,ETH-USD,2026-06-29 08:15:00,0.0028814224022704026,0.0024196428584913345
GARCH,ETH-USD,2026-06-29 08:30:00,0.0025607423542810034,0.0024191285999910586
GARCH,ETH-USD,2026-06-29 08:45:00,0.0025130958189917866,0.002420120101573365
GARCH,ETH-USD,2026-06-29 09:00:00,0.0024004286405573142,0.002404342558281539
GARCH,ETH-USD,2026-06-29 09:15:00,0.0023262165738558343,0.002404879340995124
GARCH,ETH-USD,2026-06-29 09:30:00,0.002258148115314031,0.0024000701427664734
GARCH,ETH-USD,2026-06-29 09:45:00,0.002181946866138724,0.0023967088693451926
GARCH,ETH-USD,2026-06-29 10:00:00,0.0028373514414927526,0.002395961009560917
GARCH,ETH-USD,2026-06-29 10:15:00,0.0024627235849419837,0.002398318766670995
GARCH,ETH-USD,2026-06-29 10:30:00,0.0025302391509193782,0.0023975199402025875
GARCH,ETH-USD,2026-06-29 10:45:00,0.002332319855561104,0.002406466884083841
GARCH,ETH-USD,2026-06-29 11:00:00,0.0026427053275383788,0.0024030182687489166
GARCH,ETH-USD,2026-06-29 11:15:00,0.0023492956231460165,0.002368898199120437
GARCH,ETH-USD,2026-06-29 11:30:00,0.0023471477117201537,0.002370412556289685
GARCH,ETH-USD,2026-06-29 11:45:00,0.0023272150772037097,0.002490737438512262
GARCH,ETH-USD,2026-06-29 12:00:00,0.005481901641825255,0.0024970209157995256
GARCH,ETH-USD,2026-06-29 12:15:00,0.004267767425894265,0.0025582110072568053
GARCH,ETH-USD,2026-06-29 12:30:00,0.005736146175507131,0.0025567633984745924
GARCH,ETH-USD,2026-06-29 12:45:00,0.004756283067112008,0.0025817291175655763
GARCH,ETH-USD,2026-06-29 13:00:00,0.00528673414974905,0.00260619595957608
GARCH,ETH-USD,2026-06-29 13:15:00,0.0052178865145605605,0.00262505643834858
GARCH,ETH-USD,2026-06-29 13:30:00,0.005280422755854837,0.002629485041088829
GARCH,ETH-USD,2026-06-29 13:45:00,0.004931695089196185,0.0026687169897110963
GARCH,ETH-USD,2026-06-29 14:00:00,0.005525864546820929,0.0027008736881630564
GARCH,ETH-USD,2026-06-29 14:15:00,0.005595543080844494,0.002698856999461145
GARCH,ETH-USD,2026-06-29 14:30:00,0.005171951131927235,0.0027046672892494764
GARCH,ETH-USD,2026-06-29 14:45:00,0.00504076725077655,0.002717065539214746
GARCH,ETH-USD,2026-06-29 15:00:00,0.0049824392461357446,0.002735163996792752
GARCH,ETH-USD,2026-06-29 15:15:00,0.005052191919766018,0.0027378827491116244
GARCH,ETH-USD,2026-06-29 15:30:00,0.004790735008173347,0.002735541267064586
GARCH,ETH-USD,2026-06-29 15:45:00,0.0045054609329101885,0.0027367625330261052
GARCH,ETH-USD,2026-06-29 16:00:00,0.004301708732640512,0.0027379735855823906
GARCH,ETH-USD,2026-06-29 16:15:00,0.004094267679759371,0.0027686940685861723
GARCH,ETH-USD,2026-06-29 16:30:00,0.004682353224046691,0.002768704869169221
GARCH,ETH-USD,2026-06-29 16:45:00,0.004088684378978441,0.0030154464273977077
GARCH,ETH-USD,2026-06-29 17:00:00,0.00883338390180634,0.0030416929800119626
GARCH,ETH-USD,2026-06-29 17:15:00,0.007216813053276352,0.0030452743208672964
GARCH,ETH-USD,2026-06-29 17:30:00,0.007312718932430027,0.0030477025246169326
GARCH,ETH-USD,2026-06-29 17:45:00,0.0066958983022914875,0.0030421533612611288
GARCH,ETH-USD,2026-06-29 18:00:00,0.006362789788024748,0.0030628651593235037
GARCH,ETH-USD,2026-06-29 18:15:00,0.00641375853926062,0.0030665228458479363
GARCH,ETH-USD,2026-06-29 18:30:00,0.005952418784016821,0.0030683048874611974
GARCH,ETH-USD,2026-06-29 18:45:00,0.005661046471553723,0.0030679164611921244
GARCH,ETH-USD,2026-06-29 19:00:00,0.005340651299149089,0.0030806474836365706
GARCH,ETH-USD,2026-06-29 19:15:00,0.005360094835848973,0.0030807588721932424
GARCH,ETH-USD,2026-06-29 19:30:00,0.0049113723773496895,0.0030792834838798207
GARCH,ETH-USD,2026-06-29 19:45:00,0.0046782044016778004,0.003080823557392901
GARCH,ETH-USD,2026-06-29 20:00:00,0.004432824141301877,0.003077027903212593
GARCH,ETH-USD,2026-06-29 20:15:00,0.004162643944454319,0.0030763754793073504
GARCH,ETH-USD,2026-06-29 20:30:00,0.003927411467979008,0.0030819495275065728
GARCH,ETH-USD,2026-06-29 20:45:00,0.003881525755099624,0.003080554082538706
GARCH,ETH-USD,2026-06-29 21:00:00,0.0036172001585468233,0.003081509757470436
GARCH,ETH-USD,2026-06-29 21:15:00,0.0035203622583096896,0.0030822920512788075
GARCH,ETH-USD,2026-06-29 21:30:00,0.0034799459161568586,0.00308244297833797
GARCH,ETH-USD,2026-06-29 21:45:00,0.0032280109846658956,0.003082087539666494
GARCH,ETH-USD,2026-06-29 22:00:00,0.003083354015209834,0.0030818689910009417
GARCH,ETH-USD,2026-06-29 22:15:00,0.0029193257671883324,0.0030835907364009972
GARCH,ETH-USD,2026-06-29 22:30:00,0.0028351257636508014,0.003083905798032401
GARCH,ETH-USD,2026-06-29 22:45:00,0.0027330349090791983,0.0030830599795544193
GARCH,ETH-USD,2026-06-29 23:00:00,0.0025806730876544903,0.0030862908887829745
GARCH,ETH-USD,2026-06-29 23:15:00,0.0026106011861420702,0.003087050727794536
GARCH,ETH-USD,2026-06-29 23:30:00,0.002508759337789022,0.0030867805041152867
GARCH,ETH-USD,2026-06-29 23:45:00,0.002414731417099417,0.003084431760910425
GARCH,ETH-USD,2026-06-30 00:00:00,0.0023053810151072774,0.003105463605097878
GARCH,ETH-USD,2026-06-30 00:15:00,0.0031868297508149002,0.0031221406785409645
GARCH,ETH-USD,2026-06-30 00:30:00,0.0033743299133771575,0.0031219852144905628
GARCH,ETH-USD,2026-06-30 00:45:00,0.0030453394704507224,0.00312264763366066
GARCH,ETH-USD,2026-06-30 01:00:00,0.00298216311842401,0.003133393373641323
GARCH,ETH-USD,2026-06-30 01:15:00,0.003267268907122008,0.003148817510941803
GARCH,ETH-USD,2026-06-30 01:30:00,0.0035496488867413113,0.0031505167778803213
GARCH,ETH-USD,2026-06-30 01:45:00,0.003241285507173851,0.0031587827954440138
GARCH,ETH-USD,2026-06-30 02:00:00,0.0034413102243084346,0.003158465261366993
GARCH,ETH-USD,2026-06-30 02:15:00,0.00321648938750722,0.0031584036380924046
GARCH,ETH-USD,2026-06-30 02:30:00,0.003056658696609908,0.0031574305803997752
GARCH,ETH-USD,2026-06-30 02:45:00,0.002919232242827005,0.003157490409348099
GARCH,ETH-USD,2026-06-30 03:00:00,0.0027828043887083665,0.0031570139337760835
GARCH,ETH-USD,2026-06-30 03:15:00,0.002631212901597679,0.0031576662924564865
GARCH,ETH-USD,2026-06-30 03:30:00,0.0025498329513732316,0.0031584912719381415
GARCH,ETH-USD,2026-06-30 03:45:00,0.002558584390864928,0.0031584546171012327
GARCH,ETH-USD,2026-06-30 04:00:00,0.002381794220710282,0.0031584623990304306
GARCH,ETH-USD,2026-06-30 04:15:00,0.0022868123463403293,0.0031556811405308765
GARCH,ETH-USD,2026-06-30 04:30:00,0.002219174482274738,0.0031554647080158107
GARCH,ETH-USD,2026-06-30 04:45:00,0.002134124105790798,0.0031519344190705256
GARCH,ETH-USD,2026-06-30 05:00:00,0.002076655046684318,0.003153250047648238
GARCH,ETH-USD,2026-06-30 05:15:00,0.002143997352918084,0.0031557906763819516
GARCH,ETH-USD,2026-06-30 05:30:00,0.002160578030017772,0.0031571005319494493
GARCH,ETH-USD,2026-06-30 05:45:00,0.0021047444430687197,0.0031168033624918282
GARCH,ETH-USD,2026-06-30 06:00:00,0.002005993850331996,0.003113688085996219
GARCH,ETH-USD,2026-06-30 06:15:00,0.002103632675183378,0.0031112310906700933
GARCH,ETH-USD,2026-06-30 06:30:00,0.001967397749633314,0.003111595511320123
GARCH,ETH-USD,2026-06-30 06:45:00,0.001925303110863846,0.003111841998744141
GARCH,ETH-USD,2026-06-30 07:00:00,0.0019030708233172288,0.0031117263268942335
GARCH,ETH-USD,2026-06-30 07:15:00,0.0018071910252114157,0.0031105341078244628
GARCH,ETH-USD,2026-06-30 07:30:00,0.0017462944713966901,0.003109784878571797
GARCH,ETH-USD,2026-06-30 07:45:00,0.0016862246186350866,0.0030811691065868348
GARCH,ETH-USD,2026-06-30 08:00:00,0.0017874693345086082,0.003080910837044781
GARCH,ETH-USD,2026-06-30 08:15:00,0.001658221741906446,0.0030925401927342183
GARCH,ETH-USD,2026-06-30 08:30:00,0.002397059318940042,0.0030912321518166154
GARCH,ETH-USD,2026-06-30 08:45:00,0.0020158370454583328,0.003091491866910717
GARCH,ETH-USD,2026-06-30 09:00:00,0.002059555593721177,0.0030916574098983395
GARCH,ETH-USD,2026-06-30 09:15:00,0.0019359504322713308,0.0030914451816653607
GARCH,ETH-USD,2026-06-30 09:30:00,0.0018942518239736766,0.003091556635864297
GARCH,ETH-USD,2026-06-30 09:45:00,0.0018099944002983373,0.0030914983264606344
GARCH,ETH-USD,2026-06-30 10:00:00,0.001744641041799396,0.003052175184614022
GARCH,ETH-USD,2026-06-30 10:15:00,0.0017289505954547046,0.003048951548304999
GARCH,ETH-USD,2026-06-30 10:30:00,0.0016598668540267602,0.0030489452537265376
GARCH,ETH-USD,2026-06-30 10:45:00,0.0016063693225055174,0.0030460969520711262
GARCH,ETH-USD,2026-06-30 11:00:00,0.0015554202912804055,0.003055624507832985
GARCH,ETH-USD,2026-06-30 11:15:00,0.0021739772520562237,0.003056630111955161
GARCH,ETH-USD,2026-06-30 11:30:00,0.0019057207166868176,0.003058094763460295
GARCH,ETH-USD,2026-06-30 11:45:00,0.0019990904119094165,0.003064369968223863
GARCH,ETH-USD,2026-06-30 12:00:00,0.0023817191985784727,0.00307903053003335
GARCH,ETH-USD,2026-06-30 12:15:00,0.002865725264779648,0.003070716727990296
GARCH,ETH-USD,2026-06-30 12:30:00,0.002503223833243392,0.0031010255331607546
GARCH,ETH-USD,2026-06-30 12:45:00,0.0038464757948604256,0.0031107491866748634
GARCH,ETH-USD,2026-06-30 13:00:00,0.003485521670674732,0.0031112846209889328
GARCH,ETH-USD,2026-06-30 13:15:00,0.0033864696525955224,0.0031112023053651806
GARCH,ETH-USD,2026-06-30 13:30:00,0.0031631749968468862,0.0031221230647647206
GARCH,ETH-USD,2026-06-30 13:45:00,0.0035201466061820725,0.0031208861420014243
GARCH,ETH-USD,2026-06-30 14:00:00,0.0034050139208276708,0.003121559737896271
GARCH,ETH-USD,2026-06-30 14:15:00,0.0032148870177330447,0.0031205282431485846
GARCH,ETH-USD,2026-06-30 14:30:00,0.0030758684583779895,0.0031419531805272423
GARCH,ETH-USD,2026-06-30 14:45:00,0.0037640062253463304,0.0031419585516461036
GARCH,ETH-USD,2026-06-30 15:00:00,0.003272038181364485,0.0031412563878974575
GARCH,ETH-USD,2026-06-30 15:15:00,0.003210156988958658,0.0031407952070159673
GARCH,ETH-USD,2026-06-30 15:30:00,0.0029871261605120534,0.0031402272155575243
GARCH,ETH-USD,2026-06-30 15:45:00,0.00285307030849605,0.0031397510853300612
GARCH,ETH-USD,2026-06-30 16:00:00,0.0027316333998525567,0.0031399121600926352
GARCH,ETH-USD,2026-06-30 16:15:00,0.0027230369730418635,0.0031420923775095713
GARCH,ETH-USD,2026-06-30 16:30:00,0.0026476200773836458,0.003151268678231562
GARCH,ETH-USD,2026-06-30 16:45:00,0.002943118466146358,0.003148812871298764
GARCH,ETH-USD,2026-06-30 17:00:00,0.002651895411188701,0.003136576690960491
GARCH,ETH-USD,2026-06-30 17:15:00,0.002577118474829175,0.0031366062061374596
GARCH,ETH-USD,2026-06-30 17:30:00,0.002425590101847894,0.003136647543948181
GARCH,ETH-USD,2026-06-30 17:45:00,0.002318046256366284,0.0031339780112832885
GARCH,ETH-USD,2026-06-30 18:00:00,0.0022651914242263495,0.0031373789490760726
GARCH,ETH-USD,2026-06-30 18:15:00,0.0023492079535340905,0.0031387001857135885
GARCH,ETH-USD,2026-06-30 18:30:00,0.002262156349282557,0.0031447199186134616
GARCH,ETH-USD,2026-06-30 18:45:00,0.002518074164744241,0.003144615610149035
GARCH,ETH-USD,2026-06-30 19:00:00,0.0022637629095049005,0.0031447403587844
GARCH,ETH-USD,2026-06-30 19:15:00,0.002222215178924393,0.0031454915955850932
GARCH,ETH-USD,2026-06-30 19:30:00,0.0021542339270487027,0.003145273730300092
GARCH,ETH-USD,2026-06-30 19:45:00,0.0020605483491655586,0.0031444059029380822
GARCH,ETH-USD,2026-06-30 20:00:00,0.0019860802440729115,0.0031390267632771984
GARCH,ETH-USD,2026-06-30 20:15:00,0.0022292513057544138,0.003138583696657329
GARCH,ETH-USD,2026-06-30 20:30:00,0.0021269050621076755,0.0031392036847827155
GARCH,ETH-USD,2026-06-30 20:45:00,0.0020736697376532035,0.0031345467748808763
GARCH,ETH-USD,2026-06-30 21:00:00,0.0021419578406722418,0.0031342254473664807
GARCH,ETH-USD,2026-06-30 21:15:00,0.0020084355298458905,0.00313350095290968
GARCH,ETH-USD,2026-06-30 21:30:00,0.001953508829911101,0.0031336103488068994
GARCH,ETH-USD,2026-06-30 21:45:00,0.001869881029970695,0.003128532608766485
GARCH,ETH-USD,2026-06-30 22:00:00,0.0018592400157442484,0.0031293666441823335
GARCH,ETH-USD,2026-06-30 22:15:00,0.0018588204055716249,0.003126706516357535
GARCH,ETH-USD,2026-06-30 22:30:00,0.0018519247040058248,0.003126785907364626
GARCH,ETH-USD,2026-06-30 22:45:00,0.0017763499676933998,0.003126977118136888
GARCH,ETH-USD,2026-06-30 23:00:00,0.0017576362110930607,0.0031271755467381502
GARCH,ETH-USD,2026-06-30 23:15:00,0.0016909626216622864,0.003114491276797707
GARCH,ETH-USD,2026-06-30 23:30:00,0.0016480712699232206,0.0031148637440826673
GARCH,ETH-USD,2026-06-30 23:45:00,0.001621837615260405,0.0031155108274369173
GARCH,ETH-USD,2026-07-01 00:00:00,0.0016526929895706848,0.0031230940646708085
GARCH,ETH-USD,2026-07-01 00:15:00,0.0021225982019512247,0.0031250896194969105
GARCH,ETH-USD,2026-07-01 00:30:00,0.0020114133361436226,0.0031226522214642507
GARCH,ETH-USD,2026-07-01 00:45:00,0.002117519524765132,0.003156671893941978
GARCH,ETH-USD,2026-07-01 01:00:00,0.0036060844349580772,0.0031579800089387476
GARCH,ETH-USD,2026-07-01 01:15:00,0.003397826815259021,0.0031860831284140213
GARCH,ETH-USD,2026-07-01 01:30:00,0.0042445285822468835,0.003188087448305289
GARCH,ETH-USD,2026-07-01 01:45:00,0.0037062509355626177,0.003188091212404339
GARCH,ETH-USD,2026-07-01 02:00:00,0.0036256314073983492,0.003183629711890088
GARCH,ETH-USD,2026-07-01 02:15:00,0.0035176657763949975,0.0031922696954149285
GARCH,ETH-USD,2026-07-01 02:30:00,0.0036265631941805837,0.0031931094043101144
GARCH,ETH-USD,2026-07-01 02:45:00,0.0033580866028129737,0.0031929752713083723
GARCH,ETH-USD,2026-07-01 03:00:00,0.003205304491256547,0.003191450209061534
GARCH,ETH-USD,2026-07-01 03:15:00,0.003031088784677843,0.0031931323535754636
GARCH,ETH-USD,2026-07-01 03:30:00,0.0031193183160741276,0.003198864542730925
GARCH,ETH-USD,2026-07-01 03:45:00,0.003205907308826322,0.0031979348991892694
GARCH,ETH-USD,2026-07-01 04:00:00,0.0030148794223807053,0.003199158074808288
GARCH,ETH-USD,2026-07-01 04:15:00,0.002919164333923997,0.0032002130830012677
GARCH,ETH-USD,2026-07-01 04:30:00,0.002859007015892308,0.0031984649860636494
GARCH,ETH-USD,2026-07-01 04:45:00,0.0027102663839994236,0.003200213534995879
GARCH,ETH-USD,2026-07-01 05:00:00,0.002713749722303122,0.0032013521057701537
GARCH,ETH-USD,2026-07-01 05:15:00,0.002574100083174491,0.003201251007318768
GARCH,ETH-USD,2026-07-01 05:30:00,0.0024498785152814355,0.0032005230758030043
GARCH,ETH-USD,2026-07-01 05:45:00,0.0023293090147468378,0.0032067882430281457
GARCH,ETH-USD,2026-07-01 06:00:00,0.002631101200684943,0.003216180258603353
GARCH,ETH-USD,2026-07-01 06:15:00,0.0028437060697662584,0.0032190802279477115
GARCH,ETH-USD,2026-07-01 06:30:00,0.002713067172318092,0.0032193162794914255
GARCH,ETH-USD,2026-07-01 06:45:00,0.0025900220671797054,0.0032182582723056154
GARCH,ETH-USD,2026-07-01 07:00:00,0.0024547452273160214,0.0032177362924372946
GARCH,ETH-USD,2026-07-01 07:15:00,0.0023916982526739437,0.0032004227322486836
GARCH,ETH-USD,2026-07-01 07:30:00,0.0022526905424247925,0.0031948154383000874
GARCH,ETH-USD,2026-07-01 07:45:00,0.002167091574576828,0.0031954303131261448
GARCH,ETH-USD,2026-07-01 08:00:00,0.002169994398681436,0.0031974624490154423
GARCH,ETH-USD,2026-07-01 08:15:00,0.0022917713826035827,0.0032010045949184564
GARCH,ETH-USD,2026-07-01 08:30:00,0.002343424651277995,0.003209284368002148
GARCH,ETH-USD,2026-07-01 08:45:00,0.0027498790778964777,0.0032098483000390756
GARCH,ETH-USD,2026-07-01 09:00:00,0.002450314995148893,0.00320636312985021
GARCH,ETH-USD,2026-07-01 09:15:00,0.002396198249353922,0.0032062150756434365
GARCH,ETH-USD,2026-07-01 09:30:00,0.0022829544176198794,0.003206191479531495
GARCH,ETH-USD,2026-07-01 09:45:00,0.0021766514688328358,0.003214530898442659
GARCH,ETH-USD,2026-07-01 10:00:00,0.0026229457158575996,0.0032144631045820647
GARCH,ETH-USD,2026-07-01 10:15:00,0.002288875696325021,0.0032163505058626822
GARCH,ETH-USD,2026-07-01 10:30:00,0.0024423916789118503,0.003213742963355745
GARCH,ETH-USD,2026-07-01 10:45:00,0.002239525575126609,0.00319822077864167
GARCH,ETH-USD,2026-07-01 11:00:00,0.0021994766366932937,0.003198682895740195
GARCH,ETH-USD,2026-07-01 11:15:00,0.0021283021693611144,0.0031983411302883014
GARCH,ETH-USD,2026-07-01 11:30:00,0.002024455964874198,0.003201143293559064
GARCH,ETH-USD,2026-07-01 11:45:00,0.0021280660384160664,0.0032003332916619508
GARCH,ETH-USD,2026-07-01 12:00:00,0.001999401731507331,0.00320164916216726
GARCH,ETH-USD,2026-07-01 12:15:00,0.0020173912546194404,0.003204009714174918
GARCH,ETH-USD,2026-07-01 12:30:00,0.0020538155850083114,0.003195374988520529
GARCH,ETH-USD,2026-07-01 12:45:00,0.0020304991755078646,0.0031815660088688265
GARCH,ETH-USD,2026-07-01 13:00:00,0.0021157632428409918,0.003183647501099113
GARCH,ETH-USD,2026-07-01 13:15:00,0.0023665006683593194,0.003175511861175245
GARCH,ETH-USD,2026-07-01 13:30:00,0.0023387014569316157,0.0032303164925215296
GARCH,ETH-USD,2026-07-01 13:45:00,0.004574328243450715,0.003279887552624838
GARCH,ETH-USD,2026-07-01 14:00:00,0.0052530065719878375,0.003275178689454215
GARCH,ETH-USD,2026-07-01 14:15:00,0.004913140338872036,0.0032806670785545983
GARCH,ETH-USD,2026-07-01 14:30:00,0.004973265581698085,0.0032781450828588635
GARCH,ETH-USD,2026-07-01 14:45:00,0.004573816395187329,0.0033053712441034415
GARCH,ETH-USD,2026-07-01 15:00:00,0.005197613143966334,0.0033132943966281314
GARCH,ETH-USD,2026-07-01 15:15:00,0.005442190346787742,0.003311132352650527
GARCH,ETH-USD,2026-07-01 15:30:00,0.004906798393855144,0.0032898164761325306
GARCH,ETH-USD,2026-07-01 15:45:00,0.004741276537238361,0.003278677290581565
GARCH,ETH-USD,2026-07-01 16:00:00,0.004423238779255508,0.003277284850944708
GARCH,ETH-USD,2026-07-01 16:15:00,0.004309632274080862,0.0032608644494627292
GARCH,ETH-USD,2026-07-01 16:30:00,0.00414768022899809,0.0032618218593036454
GARCH,ETH-USD,2026-07-01 16:45:00,0.004017093544502965,0.003214248207307666
GARCH,ETH-USD,2026-07-01 17:00:00,0.0037582013929070546,0.003154886878386303
GARCH,ETH-USD,2026-07-01 17:15:00,0.004239026216044363,0.0031523557171605565
GARCH,ETH-USD,2026-07-01 17:30:00,0.00373544524448795,0.003152859616128667
GARCH,ETH-USD,2026-07-01 17:45:00,0.0036550198210279104,0.00314139091486493
GARCH,ETH-USD,2026-07-01 18:00:00,0.003477051419418419,0.0031400397458508735
GARCH,ETH-USD,2026-07-01 18:15:00,0.003304460940531725,0.0031215418072563722
GARCH,ETH-USD,2026-07-01 18:30:00,0.00313317054642946,0.0031148731425657585
GARCH,ETH-USD,2026-07-01 18:45:00,0.003046606455301841,0.003118320139501473
GARCH,ETH-USD,2026-07-01 19:00:00,0.0032254968187604128,0.0031216733574535404
GARCH,ETH-USD,2026-07-01 19:15:00,0.003075724388310374,0.003115127490284109
GARCH,ETH-USD,2026-07-01 19:30:00,0.0029075224193479327,0.0031152999751108954
GARCH,ETH-USD,2026-07-01 19:45:00,0.0027986526018482353,0.0030954977485679255
GARCH,ETH-USD,2026-07-01 20:00:00,0.0026504655023296864,0.0030927886711648238
GARCH,ETH-USD,2026-07-01 20:15:00,0.0025230249782142848,0.0030772516238694076
GARCH,ETH-USD,2026-07-01 20:30:00,0.0023960772242894238,0.0030722536533379662
GARCH,ETH-USD,2026-07-01 20:45:00,0.002321328934533631,0.00307822369595082
GARCH,ETH-USD,2026-07-01 21:00:00,0.0026000004268085957,0.00307699254248082
GARCH,ETH-USD,2026-07-01 21:15:00,0.002330231434983316,0.0030784609206857593
GARCH,ETH-USD,2026-07-01 21:30:00,0.002433362519357558,0.0030817330297373165
GARCH,ETH-USD,2026-07-01 21:45:00,0.002466710179469545,0.0030823465115947146
GARCH,ETH-USD,2026-07-01 22:00:00,0.0023518633974797037,0.003084103914353792
GARCH,ETH-USD,2026-07-01 22:15:00,0.002322786846559037,0.0030858904661058774
GARCH,ETH-USD,2026-07-01 22:30:00,0.0022828361410482936,0.0030875048618053914
GARCH,ETH-USD,2026-07-01 22:45:00,0.002231173728412515,0.003098964772919872
GARCH,ETH-USD,2026-07-01 23:00:00,0.002704506155328064,0.0030898507209600034
GARCH,ETH-USD,2026-07-01 23:15:00,0.0023587644060430184,0.0030899705552991613
GARCH,ETH-USD,2026-07-01 23:30:00,0.0023347205250006074,0.003095387127910346
GARCH,ETH-USD,2026-07-01 23:45:00,0.0024849048532532875,0.0030972035120773607
GARCH,ETH-USD,2026-07-02 00:00:00,0.0023879907081496444,0.0031000393293597337
GARCH,ETH-USD,2026-07-02 00:15:00,0.0024470909548175023,0.003104319447936384
GARCH,ETH-USD,2026-07-02 00:30:00,0.002538982830955865,0.0031108500679339016
GARCH,ETH-USD,2026-07-02 00:45:00,0.0027163150248342804,0.003103686984611114
GARCH,ETH-USD,2026-07-02 01:00:00,0.0028099680795119707,0.0031040537925097382
GARCH,ETH-USD,2026-07-02 01:15:00,0.0026532182432109697,0.003125807184090905
GARCH,ETH-USD,2026-07-02 01:30:00,0.0035732942675691147,0.0031262195271376
GARCH,ETH-USD,2026-07-02 01:45:00,0.003000444921544901,0.0031205133101554518
GARCH,ETH-USD,2026-07-02 02:00:00,0.0030762649757823824,0.003120733604133104
GARCH,ETH-USD,2026-07-02 02:15:00,0.0028325555483154465,0.0031226932899471884
GARCH,ETH-USD,2026-07-02 02:30:00,0.0028698515831411427,0.0031215530282929535
GARCH,ETH-USD,2026-07-02 02:45:00,0.002681340158035313,0.003027579124380589
GARCH,ETH-USD,2026-07-02 03:00:00,0.0026895643770852577,0.0030280921318257665
GARCH,ETH-USD,2026-07-02 03:15:00,0.0028032862930434366,0.002979369174628701
GARCH,ETH-USD,2026-07-02 03:30:00,0.0028721376732698863,0.002985250542583927
GARCH,ETH-USD,2026-07-02 03:45:00,0.0029278072711271213,0.002968403970827256
GARCH,ETH-USD,2026-07-02 04:00:00,0.0028396472027656322,0.002945852576970491
GARCH,ETH-USD,2026-07-02 04:15:00,0.0026943722760873097,0.0029267547994178264
GARCH,ETH-USD,2026-07-02 04:30:00,0.0026044309294880057,0.0029227615800634277
