model_name,asset_symbol,timestamp,predicted_value,real_value
PSOQRNN,GC=F,2026-06-03 13:15:00,0.0012238711,0.0011930629
PSOQRNN,GC=F,2026-06-03 13:30:00,0.0012774895,0.0012308018
PSOQRNN,GC=F,2026-06-03 13:45:00,0.0011375347,0.0012636656
PSOQRNN,GC=F,2026-06-03 14:00:00,0.0012309588,0.0012634847
PSOQRNN,GC=F,2026-06-03 14:15:00,0.0012730118,0.0012634104
PSOQRNN,GC=F,2026-06-03 14:30:00,0.0012767367,0.0012637116
PSOQRNN,GC=F,2026-06-03 14:45:00,0.0012234099,0.0012705057
PSOQRNN,GC=F,2026-06-03 15:00:00,0.0013175015,0.001280014
PSOQRNN,GC=F,2026-06-03 15:15:00,0.0012815802,0.0012789968
PSOQRNN,GC=F,2026-06-03 15:30:00,0.0013009518,0.001277244
PSOQRNN,GC=F,2026-06-03 15:45:00,0.001271332,0.0012753943
PSOQRNN,GC=F,2026-06-03 16:00:00,0.0012868716,0.0012728729
PSOQRNN,GC=F,2026-06-03 16:15:00,0.0012794189,0.0012714767
PSOQRNN,GC=F,2026-06-03 16:30:00,0.0012630965,0.0012701962
PSOQRNN,GC=F,2026-06-03 16:45:00,0.0012595345,0.0012664666
PSOQRNN,GC=F,2026-06-03 17:00:00,0.0012620417,0.0012626718
PSOQRNN,GC=F,2026-06-03 17:15:00,0.0012733962,0.0012630189
PSOQRNN,GC=F,2026-06-03 17:30:00,0.0012551493,0.0012594898
PSOQRNN,GC=F,2026-06-03 17:45:00,0.001262582,0.0012594428
PSOQRNN,GC=F,2026-06-03 18:00:00,0.0012684797,0.0012593464
PSOQRNN,GC=F,2026-06-03 18:15:00,0.0012403238,0.0012604472
PSOQRNN,GC=F,2026-06-03 18:30:00,0.0012590005,0.0012539648
PSOQRNN,GC=F,2026-06-03 18:45:00,0.0012426559,0.0012523469
PSOQRNN,GC=F,2026-06-03 19:00:00,0.001218191,0.0012567576
PSOQRNN,GC=F,2026-06-03 19:15:00,0.0012611629,0.0012567925
PSOQRNN,GC=F,2026-06-03 19:30:00,0.0012561097,0.0012567452
PSOQRNN,GC=F,2026-06-03 19:45:00,0.0012671038,0.0012573735
PSOQRNN,GC=F,2026-06-03 20:00:00,0.0012703753,0.0012568659
PSOQRNN,GC=F,2026-06-03 20:15:00,0.0012587471,0.0012564609
PSOQRNN,GC=F,2026-06-03 20:30:00,0.0012778803,0.0012587033
PSOQRNN,GC=F,2026-06-03 20:45:00,0.001251058,0.001258792
PSOQRNN,GC=F,2026-06-03 21:00:00,0.0012562665,0.001257828
PSOQRNN,GC=F,2026-06-03 21:15:00,0.0012551675,0.001257828
PSOQRNN,GC=F,2026-06-03 21:30:00,0.0012551675,0.0012515984
PSOQRNN,GC=F,2026-06-03 21:45:00,0.0012480462,0.0012509006
PSOQRNN,GC=F,2026-06-03 22:00:00,0.0012669311,0.0012496001
PSOQRNN,GC=F,2026-06-03 22:15:00,0.0012359022,0.0012491978
PSOQRNN,GC=F,2026-06-03 22:30:00,0.0012337278,0.0012476199
PSOQRNN,GC=F,2026-06-03 22:45:00,0.0011911769,0.0012579424
PSOQRNN,GC=F,2026-06-03 23:00:00,0.0012625133,0.001254345
PSOQRNN,GC=F,2026-06-03 23:15:00,0.0012362913,0.0012554231
PSOQRNN,GC=F,2026-06-03 23:30:00,0.0012375455,0.0012549382
PSOQRNN,GC=F,2026-06-03 23:45:00,0.0012395489,0.0012552774
PSOQRNN,GC=F,2026-06-04 00:00:00,0.0012679652,0.0012558468
PSOQRNN,GC=F,2026-06-04 00:15:00,0.0012605486,0.001255206
PSOQRNN,GC=F,2026-06-04 00:30:00,0.0012644993,0.0012553345
PSOQRNN,GC=F,2026-06-04 00:45:00,0.001250194,0.0012549312
PSOQRNN,GC=F,2026-06-04 01:00:00,0.0011854846,0.0012717433
PSOQRNN,GC=F,2026-06-04 01:15:00,0.0012634445,0.0012720317
PSOQRNN,GC=F,2026-06-04 01:30:00,0.0013006342,0.0012736128
PSOQRNN,GC=F,2026-06-04 01:45:00,0.0012458767,0.0012768967
PSOQRNN,GC=F,2026-06-04 02:00:00,0.0012893309,0.001277456
PSOQRNN,GC=F,2026-06-04 02:15:00,0.0012866269,0.0012747606
PSOQRNN,GC=F,2026-06-04 02:30:00,0.0012681211,0.0012741631
PSOQRNN,GC=F,2026-06-04 02:45:00,0.0012184834,0.0012877585
PSOQRNN,GC=F,2026-06-04 03:00:00,0.0013039218,0.0012883227
PSOQRNN,GC=F,2026-06-04 03:15:00,0.0012983538,0.0012882967
PSOQRNN,GC=F,2026-06-04 03:30:00,0.0013256657,0.0012935019
PSOQRNN,GC=F,2026-06-04 03:45:00,0.0012830832,0.0012920776
PSOQRNN,GC=F,2026-06-04 04:00:00,0.0012633114,0.001271755
PSOQRNN,GC=F,2026-06-04 04:15:00,0.0012559411,0.0012430202
PSOQRNN,GC=F,2026-06-04 04:30:00,0.0012032375,0.0012478898
PSOQRNN,GC=F,2026-06-04 04:45:00,0.0012510064,0.0012260898
PSOQRNN,GC=F,2026-06-04 05:00:00,0.0012354433,0.0012175418
PSOQRNN,GC=F,2026-06-04 05:15:00,0.0012243107,0.0012162896
PSOQRNN,GC=F,2026-06-04 05:30:00,0.0012046174,0.00121517
PSOQRNN,GC=F,2026-06-04 05:45:00,0.0012285422,0.0012172664
PSOQRNN,GC=F,2026-06-04 06:00:00,0.0011857557,0.0012169111
PSOQRNN,GC=F,2026-06-04 06:15:00,0.0012175102,0.0012156029
PSOQRNN,GC=F,2026-06-04 06:30:00,0.001218605,0.0012150548
PSOQRNN,GC=F,2026-06-04 06:45:00,0.0012123154,0.0012150132
PSOQRNN,GC=F,2026-06-04 07:00:00,0.0012214208,0.0012125502
PSOQRNN,GC=F,2026-06-04 07:15:00,0.0011967418,0.0012126841
PSOQRNN,GC=F,2026-06-04 07:30:00,0.0012204789,0.0012139647
PSOQRNN,GC=F,2026-06-04 07:45:00,0.0012045099,0.0012013651
PSOQRNN,GC=F,2026-06-04 08:00:00,0.0011928176,0.00119917
PSOQRNN,GC=F,2026-06-04 08:15:00,0.0011752336,0.0011951112
PSOQRNN,GC=F,2026-06-04 08:30:00,0.0011828023,0.0011890525
PSOQRNN,GC=F,2026-06-04 08:45:00,0.0011760825,0.0011879402
PSOQRNN,GC=F,2026-06-04 09:00:00,0.0011738776,0.0011878394
PSOQRNN,GC=F,2026-06-04 09:15:00,0.001166199,0.0011877847
PSOQRNN,GC=F,2026-06-04 09:30:00,0.0011568007,0.0011888074
PSOQRNN,GC=F,2026-06-04 09:45:00,0.0011638098,0.0011892581
PSOQRNN,GC=F,2026-06-04 10:00:00,0.001174109,0.0011890522
PSOQRNN,GC=F,2026-06-04 10:15:00,0.0011902744,0.0011899599
PSOQRNN,GC=F,2026-06-04 10:30:00,0.001157201,0.0011913449
PSOQRNN,GC=F,2026-06-04 10:45:00,0.0011681707,0.0011914497
PSOQRNN,GC=F,2026-06-04 11:00:00,0.0011793602,0.0011910032
PSOQRNN,GC=F,2026-06-04 11:15:00,0.0011062105,0.001212109
PSOQRNN,GC=F,2026-06-04 11:30:00,0.0011919161,0.0012125339
PSOQRNN,GC=F,2026-06-04 11:45:00,0.0011185667,0.0012416414
PSOQRNN,GC=F,2026-06-04 12:00:00,0.0013116966,0.0012661471
PSOQRNN,GC=F,2026-06-04 12:15:00,0.0012454231,0.0012677485
PSOQRNN,GC=F,2026-06-04 12:30:00,0.0012514511,0.0012687141
PSOQRNN,GC=F,2026-06-04 12:45:00,0.0012596442,0.0012689728
PSOQRNN,GC=F,2026-06-04 13:00:00,0.0012711731,0.001268985
PSOQRNN,GC=F,2026-06-04 13:15:00,0.0012616185,0.0012684598
PSOQRNN,GC=F,2026-06-04 13:30:00,0.0012244098,0.0012763488
PSOQRNN,GC=F,2026-06-04 13:45:00,0.0013544466,0.001302245
PSOQRNN,GC=F,2026-06-04 14:00:00,0.0013386608,0.001307284
PSOQRNN,GC=F,2026-06-04 14:15:00,0.001318558,0.0013073802
PSOQRNN,GC=F,2026-06-04 14:30:00,0.0013553442,0.00131528
PSOQRNN,GC=F,2026-06-04 14:45:00,0.0013586776,0.0013220361
PSOQRNN,GC=F,2026-06-04 15:00:00,0.0013004432,0.001324521
PSOQRNN,GC=F,2026-06-04 15:15:00,0.0013351194,0.0013136906
PSOQRNN,GC=F,2026-06-04 15:30:00,0.0013098032,0.0013109536
PSOQRNN,GC=F,2026-06-04 15:45:00,0.0012965885,0.0013102825
PSOQRNN,GC=F,2026-06-04 16:00:00,0.001305615,0.0013051862
PSOQRNN,GC=F,2026-06-04 16:15:00,0.0012901446,0.0013058328
PSOQRNN,GC=F,2026-06-04 16:30:00,0.0013206279,0.0013032571
PSOQRNN,GC=F,2026-06-04 16:45:00,0.0012977808,0.0013009522
PSOQRNN,GC=F,2026-06-04 17:00:00,0.0013320192,0.0013014592
PSOQRNN,GC=F,2026-06-04 17:15:00,0.0013006696,0.0013013707
PSOQRNN,GC=F,2026-06-04 17:30:00,0.001305072,0.0012997224
PSOQRNN,GC=F,2026-06-04 17:45:00,0.001296683,0.0012930369
PSOQRNN,GC=F,2026-06-04 18:00:00,0.001291248,0.0012927888
PSOQRNN,GC=F,2026-06-04 18:15:00,0.0012987895,0.0012888783
PSOQRNN,GC=F,2026-06-04 18:30:00,0.0013059776,0.0012896268
PSOQRNN,GC=F,2026-06-04 18:45:00,0.0012754493,0.0012906742
PSOQRNN,GC=F,2026-06-04 19:00:00,0.001291894,0.0012872977
PSOQRNN,GC=F,2026-06-04 19:15:00,0.0012810864,0.0012875759
PSOQRNN,GC=F,2026-06-04 19:30:00,0.001297915,0.0012851744
PSOQRNN,GC=F,2026-06-04 19:45:00,0.0012724855,0.0012824571
PSOQRNN,GC=F,2026-06-04 20:00:00,0.0012967496,0.0012830881
PSOQRNN,GC=F,2026-06-04 20:15:00,0.0012850339,0.0012829851
PSOQRNN,GC=F,2026-06-04 20:30:00,0.0012932046,0.0012816744
PSOQRNN,GC=F,2026-06-04 20:45:00,0.0012846882,0.0012778867
PSOQRNN,GC=F,2026-06-04 21:00:00,0.0012779287,0.0012775924
PSOQRNN,GC=F,2026-06-04 21:15:00,0.0012775968,0.0012617139
PSOQRNN,GC=F,2026-06-04 21:30:00,0.0012595957,0.0012617168
PSOQRNN,GC=F,2026-06-04 21:45:00,0.0012595989,0.0012609207
PSOQRNN,GC=F,2026-06-04 22:00:00,0.0012574289,0.0012595028
PSOQRNN,GC=F,2026-06-04 22:15:00,0.0012431729,0.0012578887
PSOQRNN,GC=F,2026-06-04 22:30:00,0.0012695731,0.0012583781
PSOQRNN,GC=F,2026-06-04 22:45:00,0.0012798451,0.001259682
PSOQRNN,GC=F,2026-06-04 23:00:00,0.0012501081,0.0012599846
PSOQRNN,GC=F,2026-06-04 23:15:00,0.001266482,0.0012592995
PSOQRNN,GC=F,2026-06-04 23:30:00,0.0012830264,0.0012617761
PSOQRNN,GC=F,2026-06-04 23:45:00,0.0012676828,0.0012617579
PSOQRNN,GC=F,2026-06-05 00:00:00,0.0012849823,0.0012605933
PSOQRNN,GC=F,2026-06-05 00:15:00,0.0012494376,0.0012576389
PSOQRNN,GC=F,2026-06-05 00:30:00,0.0012325003,0.0012600276
PSOQRNN,GC=F,2026-06-05 00:45:00,0.0012745773,0.0012598487
PSOQRNN,GC=F,2026-06-05 01:00:00,0.0012532433,0.00125996
PSOQRNN,GC=F,2026-06-05 01:15:00,0.0012647851,0.0012601132
PSOQRNN,GC=F,2026-06-05 01:30:00,0.0013107043,0.0012717848
PSOQRNN,GC=F,2026-06-05 01:45:00,0.0012680887,0.0012697118
PSOQRNN,GC=F,2026-06-05 02:00:00,0.001258153,0.0012689801
PSOQRNN,GC=F,2026-06-05 02:15:00,0.0012602704,0.0012691077
PSOQRNN,GC=F,2026-06-05 02:30:00,0.0013042297,0.0012737591
PSOQRNN,GC=F,2026-06-05 02:45:00,0.0012812538,0.0012738454
PSOQRNN,GC=F,2026-06-05 03:00:00,0.0012725231,0.0012738168
PSOQRNN,GC=F,2026-06-05 03:15:00,0.0012914196,0.0012742248
PSOQRNN,GC=F,2026-06-05 03:30:00,0.0012565394,0.0012745631
PSOQRNN,GC=F,2026-06-05 03:45:00,0.0012687095,0.0012667617
PSOQRNN,GC=F,2026-06-05 04:00:00,0.0012687139,0.0012667783
PSOQRNN,GC=F,2026-06-05 04:15:00,0.0012729634,0.0012662248
PSOQRNN,GC=F,2026-06-05 04:30:00,0.0012583828,0.0012662278
PSOQRNN,GC=F,2026-06-05 04:45:00,0.0012490874,0.0012650331
PSOQRNN,GC=F,2026-06-05 05:00:00,0.0012477291,0.0012660469
PSOQRNN,GC=F,2026-06-05 05:15:00,0.0012801457,0.0012616034
PSOQRNN,GC=F,2026-06-05 05:30:00,0.0012649783,0.0012554005
PSOQRNN,GC=F,2026-06-05 05:45:00,0.0012685785,0.0012563901
PSOQRNN,GC=F,2026-06-05 06:00:00,0.0012645992,0.0012568069
PSOQRNN,GC=F,2026-06-05 06:15:00,0.0012301526,0.0012591757
PSOQRNN,GC=F,2026-06-05 06:30:00,0.0012341964,0.0012609363
PSOQRNN,GC=F,2026-06-05 06:45:00,0.001235411,0.0012635052
PSOQRNN,GC=F,2026-06-05 07:00:00,0.0012375617,0.0012648589
PSOQRNN,GC=F,2026-06-05 07:15:00,0.0012265083,0.001266655
PSOQRNN,GC=F,2026-06-05 07:30:00,0.0012866495,0.0012685759
PSOQRNN,GC=F,2026-06-05 07:45:00,0.001272855,0.0012682655
PSOQRNN,GC=F,2026-06-05 08:00:00,0.0012670417,0.0012679384
PSOQRNN,GC=F,2026-06-05 08:15:00,0.0012406141,0.0012708136
PSOQRNN,GC=F,2026-06-05 08:30:00,0.001291305,0.0012695098
PSOQRNN,GC=F,2026-06-05 08:45:00,0.0012642543,0.0012696042
PSOQRNN,GC=F,2026-06-05 09:00:00,0.0012551321,0.0012704104
PSOQRNN,GC=F,2026-06-05 09:15:00,0.0012828899,0.0012702678
PSOQRNN,GC=F,2026-06-05 09:30:00,0.0012558895,0.0012662834
PSOQRNN,GC=F,2026-06-05 09:45:00,0.0012694162,0.0012624852
PSOQRNN,GC=F,2026-06-05 10:00:00,0.001259208,0.0012624979
PSOQRNN,GC=F,2026-06-05 10:15:00,0.001256273,0.0012619852
PSOQRNN,GC=F,2026-06-05 10:30:00,0.0012666518,0.0012618526
PSOQRNN,GC=F,2026-06-05 10:45:00,0.0012508967,0.001262219
PSOQRNN,GC=F,2026-06-05 11:00:00,0.0012837832,0.0012642627
PSOQRNN,GC=F,2026-06-05 11:15:00,0.0012414287,0.001266305
PSOQRNN,GC=F,2026-06-05 11:30:00,0.0012702818,0.0012663675
PSOQRNN,GC=F,2026-06-05 11:45:00,0.0012430267,0.0012685017
PSOQRNN,GC=F,2026-06-05 12:00:00,0.0012706642,0.0012685399
PSOQRNN,GC=F,2026-06-05 12:15:00,0.001289171,0.0012705588
PSOQRNN,GC=F,2026-06-05 12:30:00,0.0013491113,0.001297818
PSOQRNN,GC=F,2026-06-05 12:45:00,0.0014677419,0.0014158047
PSOQRNN,GC=F,2026-06-05 13:00:00,0.0013822082,0.0014262372
PSOQRNN,GC=F,2026-06-05 13:15:00,0.0014901018,0.0014383409
PSOQRNN,GC=F,2026-06-05 13:30:00,0.0015116973,0.0014551202
PSOQRNN,GC=F,2026-06-05 13:45:00,0.0015611405,0.0014937824
PSOQRNN,GC=F,2026-06-05 14:00:00,0.0015051664,0.001490439
PSOQRNN,GC=F,2026-06-05 14:15:00,0.0015242571,0.0014854667
PSOQRNN,GC=F,2026-06-05 14:30:00,0.0015416422,0.001489461
PSOQRNN,GC=F,2026-06-05 14:45:00,0.0014277028,0.0015187619
PSOQRNN,GC=F,2026-06-05 15:00:00,0.0015938303,0.0015362756
PSOQRNN,GC=F,2026-06-05 15:15:00,0.0015537896,0.0015325937
PSOQRNN,GC=F,2026-06-05 15:30:00,0.0015956694,0.0015324113
PSOQRNN,GC=F,2026-06-05 15:45:00,0.0015562911,0.0015274073
PSOQRNN,GC=F,2026-06-05 16:00:00,0.0015488322,0.0015154551
PSOQRNN,GC=F,2026-06-05 16:15:00,0.0015426984,0.0015151381
PSOQRNN,GC=F,2026-06-05 16:30:00,0.0015364402,0.0015146428
PSOQRNN,GC=F,2026-06-05 16:45:00,0.0014663993,0.0015324188
PSOQRNN,GC=F,2026-06-05 17:00:00,0.0015647617,0.0015320505
PSOQRNN,GC=F,2026-06-05 17:15:00,0.001532433,0.0015330055
PSOQRNN,GC=F,2026-06-05 17:30:00,0.0015524452,0.0015330075
PSOQRNN,GC=F,2026-06-05 17:45:00,0.0015443707,0.0015324381
PSOQRNN,GC=F,2026-06-05 18:00:00,0.0016152184,0.0015540082
PSOQRNN,GC=F,2026-06-05 18:15:00,0.0015568093,0.0015547388
PSOQRNN,GC=F,2026-06-05 18:30:00,0.0015937075,0.0015574065
PSOQRNN,GC=F,2026-06-05 18:45:00,0.0015564674,0.0015586917
PSOQRNN,GC=F,2026-06-05 19:00:00,0.0015963995,0.0015605618
PSOQRNN,GC=F,2026-06-05 19:15:00,0.0015410674,0.0015614694
PSOQRNN,GC=F,2026-06-05 19:30:00,0.0015939014,0.0015624523
PSOQRNN,GC=F,2026-06-05 19:45:00,0.0015733407,0.0015618907
PSOQRNN,GC=F,2026-06-05 20:00:00,0.0015855487,0.0015611207
PSOQRNN,GC=F,2026-06-05 20:15:00,0.001548845,0.0015639308
PSOQRNN,GC=F,2026-06-05 20:30:00,0.0015682443,0.001561931
PSOQRNN,GC=F,2026-06-05 20:45:00,0.0015169665,0.0015790667
PSOQRNN,GC=F,2026-06-05 21:00:00,0.0015907258,0.0015736622
PSOQRNN,GC=F,2026-06-05 21:15:00,0.0015855592,0.0015730027
PSOQRNN,GC=F,2026-06-05 21:30:00,0.0015849286,0.0015729137
PSOQRNN,GC=F,2026-06-05 21:45:00,0.0015848415,0.0015722835
PSOQRNN,GC=F,2026-06-05 22:00:00,0.0015842384,0.0015694643
PSOQRNN,GC=F,2026-06-05 22:15:00,0.001581535,0.0015592888
PSOQRNN,GC=F,2026-06-05 22:30:00,0.0015717454,0.0015588448
PSOQRNN,GC=F,2026-06-05 22:45:00,0.0015713158,0.0015573832
PSOQRNN,GC=F,2026-06-05 23:00:00,0.0015699038,0.001556975
PSOQRNN,GC=F,2026-06-05 23:15:00,0.0015695092,0.0015566864
PSOQRNN,GC=F,2026-06-05 23:30:00,0.0015692322,0.0015566905
PSOQRNN,GC=F,2026-06-05 23:45:00,0.0015692353,0.0015478596
PSOQRNN,GC=F,2026-06-06 00:00:00,0.001560682,0.0015440152
PSOQRNN,GC=F,2026-06-06 00:15:00,0.0015569472,0.0015368087
PSOQRNN,GC=F,2026-06-06 00:30:00,0.0015499219,0.0015331428
PSOQRNN,GC=F,2026-06-06 00:45:00,0.0015463381,0.0015321355
PSOQRNN,GC=F,2026-06-06 01:00:00,0.0015453523,0.0015038092
PSOQRNN,GC=F,2026-06-06 01:15:00,0.0015174006,0.0015033841
PSOQRNN,GC=F,2026-06-06 01:30:00,0.0015169771,0.0015012466
PSOQRNN,GC=F,2026-06-06 01:45:00,0.0015148493,0.0014990539
PSOQRNN,GC=F,2026-06-06 02:00:00,0.0015126657,0.0014984763
PSOQRNN,GC=F,2026-06-06 02:15:00,0.0015120889,0.0014978135
PSOQRNN,GC=F,2026-06-06 02:30:00,0.001511427,0.0014969799
PSOQRNN,GC=F,2026-06-06 02:45:00,0.0015105958,0.0014966457
PSOQRNN,GC=F,2026-06-06 03:00:00,0.0015102617,0.0014962165
PSOQRNN,GC=F,2026-06-06 03:15:00,0.0015098328,0.0014936663
PSOQRNN,GC=F,2026-06-06 03:30:00,0.0015072847,0.0014907208
PSOQRNN,GC=F,2026-06-06 03:45:00,0.0015043361,0.0014904452
PSOQRNN,GC=F,2026-06-07 22:00:00,0.0015467268,0.0014980603
PSOQRNN,GC=F,2026-06-07 22:15:00,0.001563034,0.001498466
PSOQRNN,GC=F,2026-06-07 22:30:00,0.0014757281,0.0014748599
PSOQRNN,GC=F,2026-06-07 22:45:00,0.0015215696,0.0014514967
PSOQRNN,GC=F,2026-06-07 23:00:00,0.0014145711,0.001460504
PSOQRNN,GC=F,2026-06-07 23:15:00,0.0014600453,0.0014613805
PSOQRNN,GC=F,2026-06-07 23:30:00,0.001458667,0.0014622777
PSOQRNN,GC=F,2026-06-07 23:45:00,0.0014538964,0.0014587793
PSOQRNN,GC=F,2026-06-08 00:00:00,0.00147626,0.0014506151
PSOQRNN,GC=F,2026-06-08 00:15:00,0.0014315227,0.0014561695
PSOQRNN,GC=F,2026-06-08 00:30:00,0.0014912097,0.0014566104
PSOQRNN,GC=F,2026-06-08 00:45:00,0.00148324,0.0014570742
PSOQRNN,GC=F,2026-06-08 01:00:00,0.0015280814,0.0014719395
PSOQRNN,GC=F,2026-06-08 01:15:00,0.0015340477,0.0014825413
PSOQRNN,GC=F,2026-06-08 01:30:00,0.0014492307,0.0014939231
PSOQRNN,GC=F,2026-06-08 01:45:00,0.0015116814,0.0014934354
PSOQRNN,GC=F,2026-06-08 02:00:00,0.0015410599,0.0014984544
PSOQRNN,GC=F,2026-06-08 02:15:00,0.0015192155,0.0014981825
PSOQRNN,GC=F,2026-06-08 02:30:00,0.0015061564,0.001498221
PSOQRNN,GC=F,2026-06-08 02:45:00,0.0015333259,0.0015000832
PSOQRNN,GC=F,2026-06-08 03:00:00,0.0015348109,0.0015015956
PSOQRNN,GC=F,2026-06-08 03:15:00,0.0015057987,0.0015009295
PSOQRNN,GC=F,2026-06-08 03:30:00,0.0015047619,0.0015016155
PSOQRNN,GC=F,2026-06-08 03:45:00,0.0014934648,0.0015040343
PSOQRNN,GC=F,2026-06-08 04:00:00,0.0015041486,0.001501269
PSOQRNN,GC=F,2026-06-08 04:15:00,0.0015126232,0.0015012687
PSOQRNN,GC=F,2026-06-08 04:30:00,0.0015609346,0.0015108502
PSOQRNN,GC=F,2026-06-08 04:45:00,0.0015042243,0.0015129056
PSOQRNN,GC=F,2026-06-08 05:00:00,0.0015586799,0.0015168141
PSOQRNN,GC=F,2026-06-08 05:15:00,0.0015020024,0.001521409
PSOQRNN,GC=F,2026-06-08 05:30:00,0.0016237076,0.0015563536
PSOQRNN,GC=F,2026-06-08 05:45:00,0.001551328,0.0015581313
PSOQRNN,GC=F,2026-06-08 06:00:00,0.001529439,0.0015676635
PSOQRNN,GC=F,2026-06-08 06:15:00,0.0015721751,0.0015681115
PSOQRNN,GC=F,2026-06-08 06:30:00,0.0016080256,0.0015714812
PSOQRNN,GC=F,2026-06-08 06:45:00,0.0015762046,0.0015719002
PSOQRNN,GC=F,2026-06-08 07:00:00,0.0015661116,0.0015728374
PSOQRNN,GC=F,2026-06-08 07:15:00,0.0015804187,0.001572527
PSOQRNN,GC=F,2026-06-08 07:30:00,0.0016008522,0.0015729293
PSOQRNN,GC=F,2026-06-08 07:45:00,0.0016104095,0.0015653628
PSOQRNN,GC=F,2026-06-08 08:00:00,0.0015900349,0.0015658209
PSOQRNN,GC=F,2026-06-08 08:15:00,0.0015941546,0.0015656954
PSOQRNN,GC=F,2026-06-08 08:30:00,0.0015669648,0.0015655011
PSOQRNN,GC=F,2026-06-08 08:45:00,0.0015850472,0.0015648104
PSOQRNN,GC=F,2026-06-08 09:00:00,0.0015748703,0.0015643426
PSOQRNN,GC=F,2026-06-08 09:15:00,0.0016108614,0.0015693809
PSOQRNN,GC=F,2026-06-08 09:30:00,0.001532064,0.0015828339
PSOQRNN,GC=F,2026-06-08 09:45:00,0.0015914231,0.0015828878
PSOQRNN,GC=F,2026-06-08 10:00:00,0.0015929192,0.0015663566
PSOQRNN,GC=F,2026-06-08 10:15:00,0.0015814726,0.0015659617
PSOQRNN,GC=F,2026-06-08 10:30:00,0.0015389643,0.001572321
PSOQRNN,GC=F,2026-06-08 10:45:00,0.0015944598,0.0015694192
PSOQRNN,GC=F,2026-06-08 11:00:00,0.0015205005,0.0015895797
PSOQRNN,GC=F,2026-06-08 11:15:00,0.0015760688,0.0015930966
PSOQRNN,GC=F,2026-06-08 11:30:00,0.0016083707,0.0015928606
PSOQRNN,GC=F,2026-06-08 11:45:00,0.0015778333,0.0015851959
PSOQRNN,GC=F,2026-06-08 12:00:00,0.0016301755,0.0015896836
PSOQRNN,GC=F,2026-06-08 12:15:00,0.001573345,0.0015940657
PSOQRNN,GC=F,2026-06-08 12:30:00,0.0015839852,0.0015926575
PSOQRNN,GC=F,2026-06-08 12:45:00,0.0016129579,0.0015921721
PSOQRNN,GC=F,2026-06-08 13:00:00,0.0016377842,0.0015936507
PSOQRNN,GC=F,2026-06-08 13:15:00,0.0015789416,0.0015965499
PSOQRNN,GC=F,2026-06-08 13:30:00,0.0015891999,0.0015939138
PSOQRNN,GC=F,2026-06-08 13:45:00,0.001636849,0.0015983821
PSOQRNN,GC=F,2026-06-08 14:00:00,0.0016360142,0.0016008536
PSOQRNN,GC=F,2026-06-08 14:15:00,0.0016092642,0.0016004146
PSOQRNN,GC=F,2026-06-08 14:30:00,0.0015999447,0.0016012269
PSOQRNN,GC=F,2026-06-08 14:45:00,0.001584072,0.0016045225
PSOQRNN,GC=F,2026-06-08 15:00:00,0.0016363164,0.0016043966
PSOQRNN,GC=F,2026-06-08 15:15:00,0.0015970011,0.0016062794
PSOQRNN,GC=F,2026-06-08 15:30:00,0.0015836628,0.001612274
PSOQRNN,GC=F,2026-06-08 15:45:00,0.001615087,0.0016126266
PSOQRNN,GC=F,2026-06-08 16:00:00,0.0016263778,0.0016120679
PSOQRNN,GC=F,2026-06-08 16:15:00,0.0016212517,0.0016118751
PSOQRNN,GC=F,2026-06-08 16:30:00,0.0016101322,0.001612055
PSOQRNN,GC=F,2026-06-08 16:45:00,0.001634357,0.0016126306
PSOQRNN,GC=F,2026-06-08 17:00:00,0.0016292178,0.001612757
PSOQRNN,GC=F,2026-06-08 17:15:00,0.001621899,0.001612156
PSOQRNN,GC=F,2026-06-08 17:30:00,0.0016387426,0.0016132853
PSOQRNN,GC=F,2026-06-08 17:45:00,0.0016061636,0.0016151073
PSOQRNN,GC=F,2026-06-08 18:00:00,0.0016149315,0.0016157944
PSOQRNN,GC=F,2026-06-08 18:15:00,0.001622983,0.0016155888
PSOQRNN,GC=F,2026-06-08 18:30:00,0.0016465615,0.0016163968
PSOQRNN,GC=F,2026-06-08 18:45:00,0.0016334535,0.0016159846
PSOQRNN,GC=F,2026-06-08 19:00:00,0.001642324,0.0016170519
PSOQRNN,GC=F,2026-06-08 19:15:00,0.001634076,0.0016167219
PSOQRNN,GC=F,2026-06-08 19:30:00,0.0016366165,0.0016156127
PSOQRNN,GC=F,2026-06-08 19:45:00,0.0016210317,0.0016153401
PSOQRNN,GC=F,2026-06-08 20:00:00,0.0016190071,0.0016156763
PSOQRNN,GC=F,2026-06-08 20:15:00,0.0016324398,0.0015987671
PSOQRNN,GC=F,2026-06-08 20:30:00,0.0016094357,0.0015982144
PSOQRNN,GC=F,2026-06-08 20:45:00,0.0015953793,0.0015748689
PSOQRNN,GC=F,2026-06-08 21:00:00,0.0015867136,0.0015569573
PSOQRNN,GC=F,2026-06-08 21:15:00,0.0015694931,0.0015552363
PSOQRNN,GC=F,2026-06-08 21:30:00,0.0015678295,0.0015541075
PSOQRNN,GC=F,2026-06-08 21:45:00,0.0015667387,0.001553711
PSOQRNN,GC=F,2026-06-08 22:00:00,0.0015857235,0.0015551416
PSOQRNN,GC=F,2026-06-08 22:15:00,0.0015681032,0.0015548525
PSOQRNN,GC=F,2026-06-08 22:30:00,0.0015590854,0.0015478545
PSOQRNN,GC=F,2026-06-08 22:45:00,0.0015577562,0.0015271341
PSOQRNN,GC=F,2026-06-08 23:00:00,0.001541555,0.0015235257
PSOQRNN,GC=F,2026-06-08 23:15:00,0.0015636538,0.0015263961
PSOQRNN,GC=F,2026-06-08 23:30:00,0.0015423158,0.0015196443
PSOQRNN,GC=F,2026-06-08 23:45:00,0.0015420045,0.0015146381
PSOQRNN,GC=F,2026-06-09 00:00:00,0.0015080596,0.0015137567
PSOQRNN,GC=F,2026-06-09 00:15:00,0.0015485528,0.0015155352
PSOQRNN,GC=F,2026-06-09 00:30:00,0.0015226959,0.001515457
PSOQRNN,GC=F,2026-06-09 00:45:00,0.0015222481,0.001514149
PSOQRNN,GC=F,2026-06-09 01:00:00,0.0015124071,0.0015152141
PSOQRNN,GC=F,2026-06-09 01:15:00,0.0014857443,0.0015238011
PSOQRNN,GC=F,2026-06-09 01:30:00,0.0015364349,0.001523536
PSOQRNN,GC=F,2026-06-09 01:45:00,0.0015339606,0.0015231973
PSOQRNN,GC=F,2026-06-09 02:00:00,0.0015502692,0.001521309
PSOQRNN,GC=F,2026-06-09 02:15:00,0.001523266,0.0015220948
PSOQRNN,GC=F,2026-06-09 02:30:00,0.0015251591,0.001522863
PSOQRNN,GC=F,2026-06-09 02:45:00,0.0015458611,0.0015228943
PSOQRNN,GC=F,2026-06-09 03:00:00,0.0015274253,0.0015233577
PSOQRNN,GC=F,2026-06-09 03:15:00,0.0015444938,0.0015235078
PSOQRNN,GC=F,2026-06-09 03:30:00,0.0015324573,0.0015230525
PSOQRNN,GC=F,2026-06-09 03:45:00,0.0015441985,0.0015219772
PSOQRNN,GC=F,2026-06-09 04:00:00,0.0015461107,0.0015223162
PSOQRNN,GC=F,2026-06-09 04:15:00,0.001542744,0.0015220586
PSOQRNN,GC=F,2026-06-09 04:30:00,0.0015443482,0.0015221217
PSOQRNN,GC=F,2026-06-09 04:45:00,0.0015211068,0.0015225284
PSOQRNN,GC=F,2026-06-09 05:00:00,0.0015392492,0.0015220703
PSOQRNN,GC=F,2026-06-09 05:15:00,0.0015310327,0.0015222845
PSOQRNN,GC=F,2026-06-09 05:30:00,0.001477199,0.0015405037
PSOQRNN,GC=F,2026-06-09 05:45:00,0.0015711004,0.0015417433
PSOQRNN,GC=F,2026-06-09 06:00:00,0.0015638788,0.0015419854
PSOQRNN,GC=F,2026-06-09 06:15:00,0.0015619196,0.0015420901
PSOQRNN,GC=F,2026-06-09 06:30:00,0.0015645898,0.0015423541
PSOQRNN,GC=F,2026-06-09 06:45:00,0.0015791949,0.0015447256
PSOQRNN,GC=F,2026-06-09 07:00:00,0.0015723055,0.0015454645
PSOQRNN,GC=F,2026-06-09 07:15:00,0.0015422893,0.0015461872
PSOQRNN,GC=F,2026-06-09 07:30:00,0.0015685733,0.0015459678
PSOQRNN,GC=F,2026-06-09 07:45:00,0.00156617,0.0015444488
PSOQRNN,GC=F,2026-06-09 08:00:00,0.0015369195,0.0015467012
PSOQRNN,GC=F,2026-06-09 08:15:00,0.0015526215,0.0015469616
PSOQRNN,GC=F,2026-06-09 08:30:00,0.0015565269,0.0015450608
PSOQRNN,GC=F,2026-06-09 08:45:00,0.0015880839,0.0015489451
PSOQRNN,GC=F,2026-06-09 09:00:00,0.0015566256,0.0015472933
PSOQRNN,GC=F,2026-06-09 09:15:00,0.0015659863,0.0015469262
PSOQRNN,GC=F,2026-06-09 09:30:00,0.0015564865,0.0015448752
PSOQRNN,GC=F,2026-06-09 09:45:00,0.001539891,0.001546114
PSOQRNN,GC=F,2026-06-09 10:00:00,0.0015458558,0.0015471093
PSOQRNN,GC=F,2026-06-09 10:15:00,0.0015676268,0.0015471928
PSOQRNN,GC=F,2026-06-09 10:30:00,0.0015655152,0.0015379608
PSOQRNN,GC=F,2026-06-09 10:45:00,0.0015243529,0.001541954
PSOQRNN,GC=F,2026-06-09 11:00:00,0.0015600622,0.0015414527
PSOQRNN,GC=F,2026-06-09 11:15:00,0.0015522573,0.0015411972
PSOQRNN,GC=F,2026-06-09 11:30:00,0.0015501811,0.0015370509
PSOQRNN,GC=F,2026-06-09 11:45:00,0.0015475957,0.0015369937
PSOQRNN,GC=F,2026-06-09 12:00:00,0.0015453417,0.0015371671
PSOQRNN,GC=F,2026-06-09 12:15:00,0.0015712192,0.0015380959
PSOQRNN,GC=F,2026-06-09 12:30:00,0.0015325296,0.0015388334
PSOQRNN,GC=F,2026-06-09 12:45:00,0.0015504349,0.0015386866
PSOQRNN,GC=F,2026-06-09 13:00:00,0.0015524856,0.00153868
PSOQRNN,GC=F,2026-06-09 13:15:00,0.0015885831,0.0015448077
PSOQRNN,GC=F,2026-06-09 13:30:00,0.0015602786,0.0015445654
PSOQRNN,GC=F,2026-06-09 13:45:00,0.0015622402,0.001543492
PSOQRNN,GC=F,2026-06-09 14:00:00,0.0015862472,0.0015463106
PSOQRNN,GC=F,2026-06-09 14:15:00,0.0015679813,0.0015459047
PSOQRNN,GC=F,2026-06-09 14:30:00,0.0016880365,0.0016220446
PSOQRNN,GC=F,2026-06-09 14:45:00,0.0015733854,0.001640282
PSOQRNN,GC=F,2026-06-09 15:00:00,0.0016677678,0.0016416203
PSOQRNN,GC=F,2026-06-09 15:15:00,0.0017096665,0.0016561667
PSOQRNN,GC=F,2026-06-09 15:30:00,0.001658289,0.0016542617
PSOQRNN,GC=F,2026-06-09 15:45:00,0.0016874572,0.0016548741
PSOQRNN,GC=F,2026-06-09 16:00:00,0.0017105613,0.0016631655
PSOQRNN,GC=F,2026-06-09 16:15:00,0.0016551936,0.0016592668
PSOQRNN,GC=F,2026-06-09 16:30:00,0.0017316574,0.0016779718
PSOQRNN,GC=F,2026-06-09 16:45:00,0.0016578848,0.0016820527
PSOQRNN,GC=F,2026-06-09 17:00:00,0.0016533495,0.00168885
PSOQRNN,GC=F,2026-06-09 17:15:00,0.001685971,0.0016864234
PSOQRNN,GC=F,2026-06-09 17:30:00,0.0016830773,0.0016858918
PSOQRNN,GC=F,2026-06-09 17:45:00,0.0016980226,0.0016858446
PSOQRNN,GC=F,2026-06-09 18:00:00,0.0016811554,0.0016855899
PSOQRNN,GC=F,2026-06-09 18:15:00,0.0016705075,0.0016877796
PSOQRNN,GC=F,2026-06-09 18:30:00,0.0017145735,0.0016889361
PSOQRNN,GC=F,2026-06-09 18:45:00,0.0016728564,0.0016916195
PSOQRNN,GC=F,2026-06-09 19:00:00,0.0017355826,0.0016987511
PSOQRNN,GC=F,2026-06-09 19:15:00,0.0017064345,0.0016985713
PSOQRNN,GC=F,2026-06-09 19:30:00,0.0017246619,0.0017006727
PSOQRNN,GC=F,2026-06-09 19:45:00,0.0016765333,0.0017048061
PSOQRNN,GC=F,2026-06-09 20:00:00,0.0017080121,0.001703515
PSOQRNN,GC=F,2026-06-09 20:15:00,0.0017037132,0.0017016575
PSOQRNN,GC=F,2026-06-09 20:30:00,0.001696129,0.0017022637
PSOQRNN,GC=F,2026-06-09 20:45:00,0.0017064324,0.0017001452
PSOQRNN,GC=F,2026-06-09 21:00:00,0.0017027841,0.0017001885
PSOQRNN,GC=F,2026-06-09 21:15:00,0.001702822,0.0016991335
PSOQRNN,GC=F,2026-06-09 21:30:00,0.0017018751,0.0016798644
PSOQRNN,GC=F,2026-06-09 21:45:00,0.0016844845,0.0015838114
PSOQRNN,GC=F,2026-06-09 22:00:00,0.0016150363,0.001575514
PSOQRNN,GC=F,2026-06-09 22:15:00,0.0015829335,0.0015652205
PSOQRNN,GC=F,2026-06-09 22:30:00,0.00160785,0.0015541366
PSOQRNN,GC=F,2026-06-09 22:45:00,0.0016116924,0.0015259782
PSOQRNN,GC=F,2026-06-09 23:00:00,0.0015446001,0.0015259474
PSOQRNN,GC=F,2026-06-09 23:15:00,0.0015841705,0.0015335191
PSOQRNN,GC=F,2026-06-09 23:30:00,0.0015682783,0.001527591
PSOQRNN,GC=F,2026-06-09 23:45:00,0.0015272816,0.0014994359
PSOQRNN,GC=F,2026-06-10 00:00:00,0.0015007682,0.0014825576
PSOQRNN,GC=F,2026-06-10 00:15:00,0.0015260822,0.0014863699
PSOQRNN,GC=F,2026-06-10 00:30:00,0.0015498878,0.001485848
PSOQRNN,GC=F,2026-06-10 00:45:00,0.0014460189,0.0015006186
PSOQRNN,GC=F,2026-06-10 01:00:00,0.001569631,0.0015145175
PSOQRNN,GC=F,2026-06-10 01:15:00,0.0015349106,0.0015139414
PSOQRNN,GC=F,2026-06-10 01:30:00,0.0015846613,0.0015288078
PSOQRNN,GC=F,2026-06-10 01:45:00,0.0015363742,0.0015085425
PSOQRNN,GC=F,2026-06-10 02:00:00,0.0015421904,0.0015086677
PSOQRNN,GC=F,2026-06-10 02:15:00,0.0015025942,0.0015099125
PSOQRNN,GC=F,2026-06-10 02:30:00,0.0015381195,0.0015105905
PSOQRNN,GC=F,2026-06-10 02:45:00,0.0015648255,0.0015177579
PSOQRNN,GC=F,2026-06-10 03:00:00,0.0015154728,0.00149661
PSOQRNN,GC=F,2026-06-10 03:15:00,0.0015137256,0.0014958514
PSOQRNN,GC=F,2026-06-10 03:30:00,0.0015001411,0.0014934258
PSOQRNN,GC=F,2026-06-10 03:45:00,0.001488391,0.0014942952
PSOQRNN,GC=F,2026-06-10 04:00:00,0.001521928,0.0014921514
PSOQRNN,GC=F,2026-06-10 04:15:00,0.001531947,0.0014887871
PSOQRNN,GC=F,2026-06-10 04:30:00,0.001508264,0.0014871501
PSOQRNN,GC=F,2026-06-10 04:45:00,0.001494499,0.0014874394
PSOQRNN,GC=F,2026-06-10 05:00:00,0.0014830866,0.001489003
PSOQRNN,GC=F,2026-06-10 05:15:00,0.0014718632,0.0014905452
PSOQRNN,GC=F,2026-06-10 05:30:00,0.001461878,0.001499772
PSOQRNN,GC=F,2026-06-10 05:45:00,0.0014852564,0.0014854124
PSOQRNN,GC=F,2026-06-10 06:00:00,0.0014718686,0.0014896186
PSOQRNN,GC=F,2026-06-10 06:15:00,0.0015043946,0.0014896024
PSOQRNN,GC=F,2026-06-10 06:30:00,0.0015210622,0.0014908247
PSOQRNN,GC=F,2026-06-10 06:45:00,0.0015187942,0.0014915509
PSOQRNN,GC=F,2026-06-10 07:00:00,0.001519141,0.0014922242
PSOQRNN,GC=F,2026-06-10 07:15:00,0.0015268286,0.0014939505
PSOQRNN,GC=F,2026-06-10 07:30:00,0.0015277835,0.0014955214
PSOQRNN,GC=F,2026-06-10 07:45:00,0.0015215707,0.001496
PSOQRNN,GC=F,2026-06-10 08:00:00,0.0015874406,0.001523539
PSOQRNN,GC=F,2026-06-10 08:15:00,0.0015185091,0.0015257334
PSOQRNN,GC=F,2026-06-10 08:30:00,0.0015444449,0.0015257394
PSOQRNN,GC=F,2026-06-10 08:45:00,0.0015452184,0.0015257688
PSOQRNN,GC=F,2026-06-10 09:00:00,0.0015544883,0.0015265504
PSOQRNN,GC=F,2026-06-10 09:15:00,0.0015348884,0.00152681
PSOQRNN,GC=F,2026-06-10 09:30:00,0.001519843,0.0015294258
PSOQRNN,GC=F,2026-06-10 09:45:00,0.0015530442,0.0015296959
PSOQRNN,GC=F,2026-06-10 10:00:00,0.0015721994,0.0015332038
PSOQRNN,GC=F,2026-06-10 10:15:00,0.001532637,0.0015345383
PSOQRNN,GC=F,2026-06-10 10:30:00,0.0015229278,0.0015383076
PSOQRNN,GC=F,2026-06-10 10:45:00,0.0015384542,0.0015394889
PSOQRNN,GC=F,2026-06-10 11:00:00,0.0015762195,0.0015417077
PSOQRNN,GC=F,2026-06-10 11:15:00,0.0015627008,0.0015418204
PSOQRNN,GC=F,2026-06-10 11:30:00,0.0016012801,0.0015513573
PSOQRNN,GC=F,2026-06-10 11:45:00,0.0015904239,0.0015541079
PSOQRNN,GC=F,2026-06-10 12:00:00,0.0016100655,0.00156224
PSOQRNN,GC=F,2026-06-10 12:15:00,0.0015511285,0.0015657847
PSOQRNN,GC=F,2026-06-10 12:30:00,0.0015089344,0.0015921736
PSOQRNN,GC=F,2026-06-10 12:45:00,0.0016556284,0.0016045555
PSOQRNN,GC=F,2026-06-10 13:00:00,0.0015986026,0.0015991594
PSOQRNN,GC=F,2026-06-10 13:15:00,0.0016168859,0.0015882413
PSOQRNN,GC=F,2026-06-10 13:30:00,0.0014849941,0.001650907
PSOQRNN,GC=F,2026-06-10 13:45:00,0.0016584009,0.001646696
PSOQRNN,GC=F,2026-06-10 14:00:00,0.0016738473,0.0016364533
PSOQRNN,GC=F,2026-06-10 14:15:00,0.001694271,0.001646557
PSOQRNN,GC=F,2026-06-10 14:30:00,0.00169535,0.0016526383
PSOQRNN,GC=F,2026-06-10 14:45:00,0.0017576315,0.0016935918
PSOQRNN,GC=F,2026-06-10 15:00:00,0.0016997863,0.0016935897
PSOQRNN,GC=F,2026-06-10 15:15:00,0.0016817707,0.0016900083
PSOQRNN,GC=F,2026-06-10 15:30:00,0.0016878805,0.0016890031
PSOQRNN,GC=F,2026-06-10 15:45:00,0.0016934762,0.0016886076
PSOQRNN,GC=F,2026-06-10 16:00:00,0.0016913093,0.001676158
PSOQRNN,GC=F,2026-06-10 16:15:00,0.0016869431,0.0016672253
PSOQRNN,GC=F,2026-06-10 16:30:00,0.0016927918,0.0016576818
PSOQRNN,GC=F,2026-06-10 16:45:00,0.0016664579,0.0016576803
PSOQRNN,GC=F,2026-06-10 17:00:00,0.0016800805,0.0016542816
PSOQRNN,GC=F,2026-06-10 17:15:00,0.0016851705,0.0016565043
PSOQRNN,GC=F,2026-06-10 17:30:00,0.00169659,0.0016608741
PSOQRNN,GC=F,2026-06-10 17:45:00,0.0016304187,0.0016677082
PSOQRNN,GC=F,2026-06-10 18:00:00,0.0016592251,0.0016677527
PSOQRNN,GC=F,2026-06-10 18:15:00,0.0016837313,0.0016673566
PSOQRNN,GC=F,2026-06-10 18:30:00,0.0017019045,0.0016700621
PSOQRNN,GC=F,2026-06-10 18:45:00,0.0016873329,0.0016676469
PSOQRNN,GC=F,2026-06-10 19:00:00,0.0017192013,0.0016755713
PSOQRNN,GC=F,2026-06-10 19:15:00,0.0016979256,0.0016764323
PSOQRNN,GC=F,2026-06-10 19:30:00,0.001655504,0.0016728509
PSOQRNN,GC=F,2026-06-10 19:45:00,0.0017111409,0.001674876
PSOQRNN,GC=F,2026-06-10 20:00:00,0.0017205927,0.0016782504
PSOQRNN,GC=F,2026-06-10 20:15:00,0.0016603583,0.001677189
PSOQRNN,GC=F,2026-06-10 20:30:00,0.0017027841,0.0016459286
PSOQRNN,GC=F,2026-06-10 20:45:00,0.0016601642,0.0016438803
PSOQRNN,GC=F,2026-06-10 21:00:00,0.0016515644,0.0016342194
PSOQRNN,GC=F,2026-06-10 21:15:00,0.0016426241,0.0016336684
PSOQRNN,GC=F,2026-06-10 21:30:00,0.0016421139,0.0016308452
PSOQRNN,GC=F,2026-06-10 21:45:00,0.0016394937,0.0016303372
PSOQRNN,GC=F,2026-06-10 22:00:00,0.0017012542,0.0016453495
PSOQRNN,GC=F,2026-06-10 22:15:00,0.0016899742,0.0016506808
PSOQRNN,GC=F,2026-06-10 22:30:00,0.0015918384,0.001675485
PSOQRNN,GC=F,2026-06-10 22:45:00,0.0017440737,0.0016911614
PSOQRNN,GC=F,2026-06-10 23:00:00,0.0017559861,0.0017073198
PSOQRNN,GC=F,2026-06-10 23:15:00,0.0015973476,0.0017774918
PSOQRNN,GC=F,2026-06-10 23:30:00,0.0017929025,0.0017783003
PSOQRNN,GC=F,2026-06-10 23:45:00,0.0018025563,0.0017820072
PSOQRNN,GC=F,2026-06-11 00:00:00,0.001757728,0.0017840702
PSOQRNN,GC=F,2026-06-11 00:15:00,0.0017241827,0.0017964434
PSOQRNN,GC=F,2026-06-11 00:30:00,0.0018033396,0.0017846912
PSOQRNN,GC=F,2026-06-11 00:45:00,0.0017331577,0.0017963842
PSOQRNN,GC=F,2026-06-11 01:00:00,0.0017503892,0.0018047225
PSOQRNN,GC=F,2026-06-11 01:15:00,0.0017358155,0.0018249155
PSOQRNN,GC=F,2026-06-11 01:30:00,0.0017796576,0.001823419
PSOQRNN,GC=F,2026-06-11 01:45:00,0.0018531604,0.0018308418
PSOQRNN,GC=F,2026-06-11 02:00:00,0.0018622706,0.001821134
PSOQRNN,GC=F,2026-06-11 02:15:00,0.0018346501,0.0018200882
PSOQRNN,GC=F,2026-06-11 02:30:00,0.0018922711,0.0018496765
PSOQRNN,GC=F,2026-06-11 02:45:00,0.0018017482,0.0018518987
PSOQRNN,GC=F,2026-06-11 03:00:00,0.0018458101,0.0018483339
PSOQRNN,GC=F,2026-06-11 03:15:00,0.0018384532,0.0018439805
PSOQRNN,GC=F,2026-06-11 03:30:00,0.001810549,0.0018434682
PSOQRNN,GC=F,2026-06-11 03:45:00,0.001805239,0.0018468025
PSOQRNN,GC=F,2026-06-11 04:00:00,0.001800119,0.0018485062
PSOQRNN,GC=F,2026-06-11 04:15:00,0.0018505614,0.0018458015
PSOQRNN,GC=F,2026-06-11 04:30:00,0.0018124972,0.0018458021
PSOQRNN,GC=F,2026-06-11 04:45:00,0.0018291163,0.0018423513
PSOQRNN,GC=F,2026-06-11 05:00:00,0.0018453543,0.0018410997
PSOQRNN,GC=F,2026-06-11 05:15:00,0.001832319,0.0018410071
PSOQRNN,GC=F,2026-06-11 05:30:00,0.0017452013,0.0018774205
PSOQRNN,GC=F,2026-06-11 05:45:00,0.0018726256,0.0018739754
PSOQRNN,GC=F,2026-06-11 06:00:00,0.0018902023,0.0018778563
PSOQRNN,GC=F,2026-06-11 06:15:00,0.0018489386,0.0018764205
PSOQRNN,GC=F,2026-06-11 06:30:00,0.0018337419,0.001873608
PSOQRNN,GC=F,2026-06-11 06:45:00,0.0018454023,0.001873688
PSOQRNN,GC=F,2026-06-11 07:00:00,0.001845475,0.0018742769
PSOQRNN,GC=F,2026-06-11 07:15:00,0.0018165741,0.0018824863
PSOQRNN,GC=F,2026-06-11 07:30:00,0.0018602691,0.0018815232
PSOQRNN,GC=F,2026-06-11 07:45:00,0.0018687755,0.001881345
PSOQRNN,GC=F,2026-06-11 08:00:00,0.0018557692,0.001881528
PSOQRNN,GC=F,2026-06-11 08:15:00,0.0018896966,0.0018848326
PSOQRNN,GC=F,2026-06-11 08:30:00,0.0018876854,0.0018863605
PSOQRNN,GC=F,2026-06-11 08:45:00,0.0018849273,0.0018859857
PSOQRNN,GC=F,2026-06-11 09:00:00,0.0018578463,0.0018855497
PSOQRNN,GC=F,2026-06-11 09:15:00,0.0018887303,0.001887697
PSOQRNN,GC=F,2026-06-11 09:30:00,0.0018208313,0.001897857
PSOQRNN,GC=F,2026-06-11 09:45:00,0.0018737841,0.0018978282
PSOQRNN,GC=F,2026-06-11 10:00:00,0.0018709002,0.0018972199
PSOQRNN,GC=F,2026-06-11 10:15:00,0.0018884682,0.0018978965
PSOQRNN,GC=F,2026-06-11 10:30:00,0.0018642156,0.0018984273
PSOQRNN,GC=F,2026-06-11 10:45:00,0.00187641,0.0018981639
PSOQRNN,GC=F,2026-06-11 11:00:00,0.0018866995,0.0018982332
PSOQRNN,GC=F,2026-06-11 11:15:00,0.0018581622,0.0018998829
PSOQRNN,GC=F,2026-06-11 11:30:00,0.0018947496,0.0019011215
PSOQRNN,GC=F,2026-06-11 11:45:00,0.0018928534,0.0019007033
PSOQRNN,GC=F,2026-06-11 12:00:00,0.0018910512,0.0019013267
PSOQRNN,GC=F,2026-06-11 12:15:00,0.0019012503,0.0019034347
PSOQRNN,GC=F,2026-06-11 12:30:00,0.0018634633,0.0019049415
PSOQRNN,GC=F,2026-06-11 12:45:00,0.00184735,0.0019110752
PSOQRNN,GC=F,2026-06-11 13:00:00,0.0019150056,0.0019134975
PSOQRNN,GC=F,2026-06-11 13:15:00,0.0018778068,0.0019141169
PSOQRNN,GC=F,2026-06-11 13:30:00,0.0018829546,0.0019137461
PSOQRNN,GC=F,2026-06-11 13:45:00,0.0018618903,0.0019173878
PSOQRNN,GC=F,2026-06-11 14:00:00,0.0019779361,0.0019465017
PSOQRNN,GC=F,2026-06-11 14:15:00,0.0018653397,0.001957628
PSOQRNN,GC=F,2026-06-11 14:30:00,0.0019154625,0.0019581188
PSOQRNN,GC=F,2026-06-11 14:45:00,0.0019330102,0.0019582214
PSOQRNN,GC=F,2026-06-11 15:00:00,0.0018982658,0.0019597383
PSOQRNN,GC=F,2026-06-11 15:15:00,0.0019182732,0.0019589323
PSOQRNN,GC=F,2026-06-11 15:30:00,0.0019016811,0.0019615125
PSOQRNN,GC=F,2026-06-11 15:45:00,0.0019218911,0.001961321
PSOQRNN,GC=F,2026-06-11 16:00:00,0.001876684,0.0019731673
PSOQRNN,GC=F,2026-06-11 16:15:00,0.0020280513,0.0019943817
PSOQRNN,GC=F,2026-06-11 16:30:00,0.0019431935,0.0019950247
PSOQRNN,GC=F,2026-06-11 16:45:00,0.0019606072,0.001994914
PSOQRNN,GC=F,2026-06-11 17:00:00,0.001967681,0.0019950832
PSOQRNN,GC=F,2026-06-11 17:15:00,0.0018666963,0.0020343468
PSOQRNN,GC=F,2026-06-11 17:30:00,0.0017771872,0.0022673046
PSOQRNN,GC=F,2026-06-11 17:45:00,0.0022506285,0.0022774206
PSOQRNN,GC=F,2026-06-11 18:00:00,0.00221089,0.0022781866
PSOQRNN,GC=F,2026-06-11 18:15:00,0.0021570376,0.002280533
PSOQRNN,GC=F,2026-06-11 18:30:00,0.0021341403,0.0022887902
PSOQRNN,GC=F,2026-06-11 18:45:00,0.002207072,0.0022889453
PSOQRNN,GC=F,2026-06-11 19:00:00,0.002087964,0.0023254082
PSOQRNN,GC=F,2026-06-11 19:15:00,0.0021930553,0.0023280159
PSOQRNN,GC=F,2026-06-11 19:30:00,0.0021650512,0.002338055
PSOQRNN,GC=F,2026-06-11 19:45:00,0.0022408622,0.0023371931
PSOQRNN,GC=F,2026-06-11 20:00:00,0.0022092517,0.002338893
PSOQRNN,GC=F,2026-06-11 20:15:00,0.0022366538,0.0023387747
PSOQRNN,GC=F,2026-06-11 20:30:00,0.002262049,0.0023276547
PSOQRNN,GC=F,2026-06-11 20:45:00,0.0022107856,0.0023275968
PSOQRNN,GC=F,2026-06-11 21:00:00,0.0022267757,0.002327439
PSOQRNN,GC=F,2026-06-11 21:15:00,0.002226638,0.0023273686
PSOQRNN,GC=F,2026-06-11 21:30:00,0.002226578,0.0023271882
PSOQRNN,GC=F,2026-06-11 21:45:00,0.00222642,0.0023255795
PSOQRNN,GC=F,2026-06-11 22:00:00,0.0022403027,0.0023253516
PSOQRNN,GC=F,2026-06-11 22:15:00,0.0022024708,0.002325601
PSOQRNN,GC=F,2026-06-11 22:30:00,0.0021751388,0.0023318355
PSOQRNN,GC=F,2026-06-11 22:45:00,0.002155165,0.0023467052
PSOQRNN,GC=F,2026-06-11 23:00:00,0.0023543038,0.002361698
PSOQRNN,GC=F,2026-06-11 23:15:00,0.0022983039,0.0023639058
PSOQRNN,GC=F,2026-06-11 23:30:00,0.002244836,0.002364324
PSOQRNN,GC=F,2026-06-11 23:45:00,0.002256633,0.002361706
PSOQRNN,GC=F,2026-06-12 00:00:00,0.002274009,0.0023619328
PSOQRNN,GC=F,2026-06-12 00:15:00,0.0022368517,0.0023628452
PSOQRNN,GC=F,2026-06-12 00:30:00,0.0023532563,0.0023747138
PSOQRNN,GC=F,2026-06-12 00:45:00,0.0022483452,0.0023743669
PSOQRNN,GC=F,2026-06-12 01:00:00,0.0023955465,0.0023925644
PSOQRNN,GC=F,2026-06-12 01:15:00,0.002317296,0.00239374
PSOQRNN,GC=F,2026-06-12 01:30:00,0.0022939153,0.0023937444
PSOQRNN,GC=F,2026-06-12 01:45:00,0.0022496036,0.0023937875
PSOQRNN,GC=F,2026-06-12 02:00:00,0.0022468264,0.0023969838
PSOQRNN,GC=F,2026-06-12 02:15:00,0.0023227064,0.0023982893
PSOQRNN,GC=F,2026-06-12 02:30:00,0.0022986832,0.0023982038
PSOQRNN,GC=F,2026-06-12 02:45:00,0.0022628303,0.0023997051
PSOQRNN,GC=F,2026-06-12 03:00:00,0.0022779375,0.002399993
PSOQRNN,GC=F,2026-06-12 03:15:00,0.0022455545,0.0024031943
PSOQRNN,GC=F,2026-06-12 03:30:00,0.002316883,0.002402345
PSOQRNN,GC=F,2026-06-12 03:45:00,0.00229473,0.0024023084
PSOQRNN,GC=F,2026-06-12 04:00:00,0.0023183846,0.0024029806
PSOQRNN,GC=F,2026-06-12 04:15:00,0.0023052911,0.0023992069
PSOQRNN,GC=F,2026-06-12 04:30:00,0.0022869867,0.0023992802
PSOQRNN,GC=F,2026-06-12 04:45:00,0.0023091726,0.002399609
PSOQRNN,GC=F,2026-06-12 05:00:00,0.0022987982,0.0023971472
PSOQRNN,GC=F,2026-06-12 05:15:00,0.0022976182,0.00239705
PSOQRNN,GC=F,2026-06-12 05:30:00,0.0023294531,0.0023480544
PSOQRNN,GC=F,2026-06-12 05:45:00,0.0022823757,0.0023372076
PSOQRNN,GC=F,2026-06-12 06:00:00,0.0021883014,0.002341573
PSOQRNN,GC=F,2026-06-12 06:15:00,0.002244514,0.002329414
PSOQRNN,GC=F,2026-06-12 06:30:00,0.0022574053,0.0023306329
PSOQRNN,GC=F,2026-06-12 06:45:00,0.0021955296,0.0023312334
PSOQRNN,GC=F,2026-06-12 07:00:00,0.002260668,0.002324605
PSOQRNN,GC=F,2026-06-12 07:15:00,0.0022446844,0.0023243998
PSOQRNN,GC=F,2026-06-12 07:30:00,0.002183006,0.0023135568
PSOQRNN,GC=F,2026-06-12 07:45:00,0.0021663571,0.002317036
PSOQRNN,GC=F,2026-06-12 08:00:00,0.0021742517,0.0023173508
PSOQRNN,GC=F,2026-06-12 08:15:00,0.0021750142,0.0023217704
PSOQRNN,GC=F,2026-06-12 08:30:00,0.002197257,0.002322971
PSOQRNN,GC=F,2026-06-12 08:45:00,0.0022161065,0.0023228878
PSOQRNN,GC=F,2026-06-12 09:00:00,0.0022013541,0.002323641
PSOQRNN,GC=F,2026-06-12 09:15:00,0.0022395344,0.0023225858
PSOQRNN,GC=F,2026-06-12 09:30:00,0.0022029036,0.0023216552
PSOQRNN,GC=F,2026-06-12 09:45:00,0.0022392701,0.002320589
PSOQRNN,GC=F,2026-06-12 10:00:00,0.0022240435,0.0023147184
PSOQRNN,GC=F,2026-06-12 10:15:00,0.0022930123,0.0023246172
PSOQRNN,GC=F,2026-06-12 10:30:00,0.002183478,0.0023267271
PSOQRNN,GC=F,2026-06-12 10:45:00,0.0022505352,0.002324883
PSOQRNN,GC=F,2026-06-12 11:00:00,0.0022422217,0.0023254307
PSOQRNN,GC=F,2026-06-12 11:15:00,0.002248892,0.0023263982
PSOQRNN,GC=F,2026-06-12 11:30:00,0.002192658,0.002328742
PSOQRNN,GC=F,2026-06-12 11:45:00,0.0022421298,0.0023290797
PSOQRNN,GC=F,2026-06-12 12:00:00,0.0021940307,0.0023318462
PSOQRNN,GC=F,2026-06-12 12:15:00,0.0023022583,0.002340013
PSOQRNN,GC=F,2026-06-12 12:30:00,0.0022606133,0.0023408667
PSOQRNN,GC=F,2026-06-12 12:45:00,0.0022646144,0.0023419736
PSOQRNN,GC=F,2026-06-12 13:00:00,0.0022072783,0.0023431452
PSOQRNN,GC=F,2026-06-12 13:15:00,0.0022174183,0.0023442595
PSOQRNN,GC=F,2026-06-12 13:30:00,0.002310511,0.0023486265
PSOQRNN,GC=F,2026-06-12 13:45:00,0.0022690983,0.0023430702
PSOQRNN,GC=F,2026-06-12 14:00:00,0.0022054652,0.0023457718
PSOQRNN,GC=F,2026-06-12 14:15:00,0.002270231,0.002340666
PSOQRNN,GC=F,2026-06-12 14:30:00,0.0022575865,0.0023398523
PSOQRNN,GC=F,2026-06-12 14:45:00,0.0021515205,0.0023582482
PSOQRNN,GC=F,2026-06-12 15:00:00,0.0022080098,0.0023622466
PSOQRNN,GC=F,2026-06-12 15:15:00,0.002200577,0.0023664716
PSOQRNN,GC=F,2026-06-12 15:30:00,0.0023489888,0.0023696157
PSOQRNN,GC=F,2026-06-12 15:45:00,0.0022598174,0.0023607027
PSOQRNN,GC=F,2026-06-12 16:00:00,0.0022101118,0.002355454
PSOQRNN,GC=F,2026-06-12 16:15:00,0.0022752192,0.0023563078
PSOQRNN,GC=F,2026-06-12 16:30:00,0.002269603,0.0023463243
PSOQRNN,GC=F,2026-06-12 16:45:00,0.0022314899,0.002346482
PSOQRNN,GC=F,2026-06-12 17:00:00,0.0022335537,0.0023453056
PSOQRNN,GC=F,2026-06-12 17:15:00,0.0022388452,0.0023441273
PSOQRNN,GC=F,2026-06-12 17:30:00,0.0022248703,0.0023439045
PSOQRNN,GC=F,2026-06-12 17:45:00,0.0022450343,0.0023384772
PSOQRNN,GC=F,2026-06-12 18:00:00,0.0022076992,0.0023393915
PSOQRNN,GC=F,2026-06-12 18:15:00,0.0022405372,0.0023393722
PSOQRNN,GC=F,2026-06-12 18:30:00,0.0022236395,0.002339458
PSOQRNN,GC=F,2026-06-12 18:45:00,0.002312542,0.0023476137
PSOQRNN,GC=F,2026-06-12 19:00:00,0.0022316545,0.0023472446
PSOQRNN,GC=F,2026-06-12 19:15:00,0.0022914028,0.0023488638
PSOQRNN,GC=F,2026-06-12 19:30:00,0.0022633704,0.002349358
PSOQRNN,GC=F,2026-06-12 19:45:00,0.002219492,0.0023506242
PSOQRNN,GC=F,2026-06-12 20:00:00,0.002236173,0.0023498647
PSOQRNN,GC=F,2026-06-12 20:15:00,0.0022379453,0.0023470754
PSOQRNN,GC=F,2026-06-12 20:30:00,0.0022493636,0.0023415417
PSOQRNN,GC=F,2026-06-12 20:45:00,0.002219374,0.002339812
PSOQRNN,GC=F,2026-06-12 21:00:00,0.00223746,0.0023374953
PSOQRNN,GC=F,2026-06-12 21:15:00,0.0022354284,0.0023374911
PSOQRNN,GC=F,2026-06-12 21:30:00,0.0022354245,0.0023364786
PSOQRNN,GC=F,2026-06-12 21:45:00,0.002234536,0.0023358157
PSOQRNN,GC=F,2026-06-12 22:00:00,0.002233955,0.0023351815
PSOQRNN,GC=F,2026-06-12 22:15:00,0.0022334,0.002333752
PSOQRNN,GC=F,2026-06-12 22:30:00,0.00223215,0.0023324108
PSOQRNN,GC=F,2026-06-12 22:45:00,0.0022309765,0.0023318874
PSOQRNN,GC=F,2026-06-12 23:00:00,0.002230519,0.0023124542
PSOQRNN,GC=F,2026-06-12 23:15:00,0.0022136439,0.002311407
PSOQRNN,GC=F,2026-06-12 23:30:00,0.00221274,0.002311288
PSOQRNN,GC=F,2026-06-12 23:45:00,0.0022126357,0.0023111356
PSOQRNN,GC=F,2026-06-13 00:00:00,0.0022125056,0.0023102772
PSOQRNN,GC=F,2026-06-13 00:15:00,0.002211765,0.0023102183
PSOQRNN,GC=F,2026-06-13 00:30:00,0.002211714,0.0023089321
PSOQRNN,GC=F,2026-06-13 00:45:00,0.0022106064,0.002308529
PSOQRNN,GC=F,2026-06-13 01:00:00,0.002210259,0.0023055377
PSOQRNN,GC=F,2026-06-13 01:15:00,0.002207684,0.0023049694
PSOQRNN,GC=F,2026-06-13 01:30:00,0.0022071972,0.0023030066
PSOQRNN,GC=F,2026-06-13 01:45:00,0.002205511,0.002302492
PSOQRNN,GC=F,2026-06-13 02:00:00,0.0022050682,0.0023004976
PSOQRNN,GC=F,2026-06-13 02:15:00,0.002203357,0.002300243
PSOQRNN,GC=F,2026-06-13 02:30:00,0.0022031383,0.0022927136
PSOQRNN,GC=F,2026-06-13 02:45:00,0.0021966973,0.0022901644
PSOQRNN,GC=F,2026-06-13 03:00:00,0.0021945233,0.0022834137
PSOQRNN,GC=F,2026-06-13 03:15:00,0.002188777,0.0022816614
PSOQRNN,GC=F,2026-06-13 03:30:00,0.0021872881,0.0022651607
PSOQRNN,GC=F,2026-06-13 03:45:00,0.0021733365,0.0022550356
PSOQRNN,GC=F,2026-06-14 22:00:00,0.0019110149,0.002544501
PSOQRNN,GC=F,2026-06-14 22:15:00,0.002535035,0.002552089
PSOQRNN,GC=F,2026-06-14 22:30:00,0.0024563323,0.0025107767
PSOQRNN,GC=F,2026-06-14 22:45:00,0.0023930222,0.0025107767
PSOQRNN,GC=F,2026-06-14 23:00:00,0.002414527,0.0025096014
PSOQRNN,GC=F,2026-06-14 23:15:00,0.0024007843,0.0025009578
PSOQRNN,GC=F,2026-06-14 23:30:00,0.0023708763,0.0024949615
PSOQRNN,GC=F,2026-06-14 23:45:00,0.002333255,0.0024649347
PSOQRNN,GC=F,2026-06-15 00:00:00,0.002321333,0.0024658854
PSOQRNN,GC=F,2026-06-15 00:15:00,0.002346247,0.0024653128
PSOQRNN,GC=F,2026-06-15 00:30:00,0.0023708353,0.0024658218
PSOQRNN,GC=F,2026-06-15 00:45:00,0.0023859267,0.002467275
PSOQRNN,GC=F,2026-06-15 01:00:00,0.0023289353,0.0024679464
PSOQRNN,GC=F,2026-06-15 01:15:00,0.002315595,0.0024695462
PSOQRNN,GC=F,2026-06-15 01:30:00,0.0022816616,0.0024756745
PSOQRNN,GC=F,2026-06-15 01:45:00,0.0023737852,0.0024758521
PSOQRNN,GC=F,2026-06-15 02:00:00,0.0023079135,0.0024783292
PSOQRNN,GC=F,2026-06-15 02:15:00,0.0023548575,0.002475865
PSOQRNN,GC=F,2026-06-15 02:30:00,0.002353056,0.0024713164
PSOQRNN,GC=F,2026-06-15 02:45:00,0.0023627393,0.0024673676
PSOQRNN,GC=F,2026-06-15 03:00:00,0.002379643,0.0024679212
PSOQRNN,GC=F,2026-06-15 03:15:00,0.0023660054,0.0024675864
PSOQRNN,GC=F,2026-06-15 03:30:00,0.0023555127,0.0024641033
PSOQRNN,GC=F,2026-06-15 03:45:00,0.0023480314,0.0024633317
PSOQRNN,GC=F,2026-06-15 04:00:00,0.0023421256,0.002455051
PSOQRNN,GC=F,2026-06-15 04:15:00,0.002337042,0.0024535418
PSOQRNN,GC=F,2026-06-15 04:30:00,0.0023401456,0.002451718
PSOQRNN,GC=F,2026-06-15 04:45:00,0.0023355568,0.0024470808
PSOQRNN,GC=F,2026-06-15 05:00:00,0.0023328236,0.0024402714
PSOQRNN,GC=F,2026-06-15 05:15:00,0.0023246838,0.00243894
PSOQRNN,GC=F,2026-06-15 05:30:00,0.002437448,0.0024507397
PSOQRNN,GC=F,2026-06-15 05:45:00,0.002353811,0.0024509027
PSOQRNN,GC=F,2026-06-15 06:00:00,0.0023486328,0.0024511458
PSOQRNN,GC=F,2026-06-15 06:15:00,0.0023645575,0.0024522543
PSOQRNN,GC=F,2026-06-15 06:30:00,0.0023304045,0.002452249
PSOQRNN,GC=F,2026-06-15 06:45:00,0.0023309607,0.0024522352
PSOQRNN,GC=F,2026-06-15 07:00:00,0.0023113783,0.0024384912
PSOQRNN,GC=F,2026-06-15 07:15:00,0.0023094027,0.0024329457
PSOQRNN,GC=F,2026-06-15 07:30:00,0.0023221923,0.0024189348
PSOQRNN,GC=F,2026-06-15 07:45:00,0.0022749843,0.0024044705
PSOQRNN,GC=F,2026-06-15 08:00:00,0.002269637,0.0023900422
PSOQRNN,GC=F,2026-06-15 08:15:00,0.0022839245,0.0023443333
PSOQRNN,GC=F,2026-06-15 08:30:00,0.0021845791,0.0023479997
PSOQRNN,GC=F,2026-06-15 08:45:00,0.002278188,0.0023460856
PSOQRNN,GC=F,2026-06-15 09:00:00,0.002216581,0.0023462994
PSOQRNN,GC=F,2026-06-15 09:15:00,0.0022490069,0.0023367982
PSOQRNN,GC=F,2026-06-15 09:30:00,0.0022533955,0.00233637
PSOQRNN,GC=F,2026-06-15 09:45:00,0.0022269187,0.0023296704
PSOQRNN,GC=F,2026-06-15 10:00:00,0.002222983,0.002325069
PSOQRNN,GC=F,2026-06-15 10:15:00,0.0022222449,0.0023121957
PSOQRNN,GC=F,2026-06-15 10:30:00,0.0022147999,0.0023087692
PSOQRNN,GC=F,2026-06-15 10:45:00,0.0022104653,0.0023007607
PSOQRNN,GC=F,2026-06-15 11:00:00,0.0022031304,0.0022916785
PSOQRNN,GC=F,2026-06-15 11:15:00,0.0021839703,0.0022883592
PSOQRNN,GC=F,2026-06-15 11:30:00,0.0022024529,0.0022602186
PSOQRNN,GC=F,2026-06-15 11:45:00,0.0021832008,0.002257906
PSOQRNN,GC=F,2026-06-15 12:00:00,0.0021866322,0.0022584102
PSOQRNN,GC=F,2026-06-15 12:15:00,0.0021428734,0.0022590742
PSOQRNN,GC=F,2026-06-15 12:30:00,0.0021344193,0.002260676
PSOQRNN,GC=F,2026-06-15 12:45:00,0.0021528439,0.0022596102
PSOQRNN,GC=F,2026-06-15 13:00:00,0.0021665355,0.0022566267
PSOQRNN,GC=F,2026-06-15 13:15:00,0.002149946,0.0022549469
PSOQRNN,GC=F,2026-06-15 13:30:00,0.0021251414,0.0022577432
PSOQRNN,GC=F,2026-06-15 13:45:00,0.0022029951,0.0022615262
PSOQRNN,GC=F,2026-06-15 14:00:00,0.00216099,0.0022595297
PSOQRNN,GC=F,2026-06-15 14:15:00,0.0021419534,0.002260371
PSOQRNN,GC=F,2026-06-15 14:30:00,0.0021996617,0.0022371807
PSOQRNN,GC=F,2026-06-15 14:45:00,0.0021507458,0.002235609
PSOQRNN,GC=F,2026-06-15 15:00:00,0.0021726845,0.0022311565
PSOQRNN,GC=F,2026-06-15 15:15:00,0.0021331245,0.0022312482
PSOQRNN,GC=F,2026-06-15 15:30:00,0.00213003,0.0022302037
PSOQRNN,GC=F,2026-06-15 15:45:00,0.002152038,0.002230551
PSOQRNN,GC=F,2026-06-15 16:00:00,0.0021630633,0.0022318705
PSOQRNN,GC=F,2026-06-15 16:15:00,0.0021840227,0.0022314743
PSOQRNN,GC=F,2026-06-15 16:30:00,0.0021736873,0.002234102
PSOQRNN,GC=F,2026-06-15 16:45:00,0.0021358926,0.0022336286
PSOQRNN,GC=F,2026-06-15 17:00:00,0.0021693015,0.0022353958
PSOQRNN,GC=F,2026-06-15 17:15:00,0.0021664144,0.002232205
PSOQRNN,GC=F,2026-06-15 17:30:00,0.0021803507,0.0022326156
PSOQRNN,GC=F,2026-06-15 17:45:00,0.0021350428,0.002230311
PSOQRNN,GC=F,2026-06-15 18:00:00,0.002147124,0.0022304242
PSOQRNN,GC=F,2026-06-15 18:15:00,0.0021393439,0.0022270037
PSOQRNN,GC=F,2026-06-15 18:30:00,0.0021435325,0.002219875
PSOQRNN,GC=F,2026-06-15 18:45:00,0.0021302565,0.0022198176
PSOQRNN,GC=F,2026-06-15 19:00:00,0.002148476,0.0022205887
PSOQRNN,GC=F,2026-06-15 19:15:00,0.0021411132,0.00221932
PSOQRNN,GC=F,2026-06-15 19:30:00,0.0021434096,0.0022195922
PSOQRNN,GC=F,2026-06-15 19:45:00,0.0021296132,0.0022194525
PSOQRNN,GC=F,2026-06-15 20:00:00,0.002154215,0.0022197426
PSOQRNN,GC=F,2026-06-15 20:15:00,0.0021492983,0.0022199664
PSOQRNN,GC=F,2026-06-15 20:30:00,0.0021482136,0.002218543
PSOQRNN,GC=F,2026-06-15 20:45:00,0.0021369294,0.0022169962
PSOQRNN,GC=F,2026-06-15 21:00:00,0.002133172,0.0022155973
PSOQRNN,GC=F,2026-06-15 21:15:00,0.0021320155,0.0022123624
PSOQRNN,GC=F,2026-06-15 21:30:00,0.0021293443,0.0022118955
PSOQRNN,GC=F,2026-06-15 21:45:00,0.0021289599,0.0022084157
PSOQRNN,GC=F,2026-06-15 22:00:00,0.0021264981,0.0022038214
PSOQRNN,GC=F,2026-06-15 22:15:00,0.0021247459,0.0022038314
PSOQRNN,GC=F,2026-06-15 22:30:00,0.002109588,0.002204075
PSOQRNN,GC=F,2026-06-15 22:45:00,0.0021241389,0.002202221
PSOQRNN,GC=F,2026-06-15 23:00:00,0.0021145814,0.002171746
PSOQRNN,GC=F,2026-06-15 23:15:00,0.0020890357,0.0021628602
PSOQRNN,GC=F,2026-06-15 23:30:00,0.0020784324,0.002162953
PSOQRNN,GC=F,2026-06-15 23:45:00,0.0020963051,0.0021625967
PSOQRNN,GC=F,2026-06-16 00:00:00,0.0020976032,0.0021611531
PSOQRNN,GC=F,2026-06-16 00:15:00,0.0021098047,0.002163219
PSOQRNN,GC=F,2026-06-16 00:30:00,0.0020798428,0.00216183
PSOQRNN,GC=F,2026-06-16 00:45:00,0.0020563179,0.0021646419
PSOQRNN,GC=F,2026-06-16 01:00:00,0.0020898352,0.0021553033
PSOQRNN,GC=F,2026-06-16 01:15:00,0.0020837777,0.002123301
PSOQRNN,GC=F,2026-06-16 01:30:00,0.0020735282,0.0021245873
PSOQRNN,GC=F,2026-06-16 01:45:00,0.0020641321,0.0021244374
PSOQRNN,GC=F,2026-06-16 02:00:00,0.0020717452,0.0021241787
PSOQRNN,GC=F,2026-06-16 02:15:00,0.0020447678,0.0020912557
PSOQRNN,GC=F,2026-06-16 02:30:00,0.002033296,0.0018476576
PSOQRNN,GC=F,2026-06-16 02:45:00,0.0018087005,0.0018346646
PSOQRNN,GC=F,2026-06-16 03:00:00,0.0018200452,0.0018321675
PSOQRNN,GC=F,2026-06-16 03:15:00,0.0018095293,0.0018304387
PSOQRNN,GC=F,2026-06-16 03:30:00,0.001781074,0.0018277777
PSOQRNN,GC=F,2026-06-16 03:45:00,0.001819263,0.0018272663
PSOQRNN,GC=F,2026-06-16 04:00:00,0.0018256374,0.0017855155
PSOQRNN,GC=F,2026-06-16 04:15:00,0.0017915971,0.001784166
PSOQRNN,GC=F,2026-06-16 04:30:00,0.0017764631,0.0017725388
PSOQRNN,GC=F,2026-06-16 04:45:00,0.0017694377,0.0017725019
PSOQRNN,GC=F,2026-06-16 05:00:00,0.0017535429,0.0017716035
PSOQRNN,GC=F,2026-06-16 05:15:00,0.0017615116,0.0017716353
PSOQRNN,GC=F,2026-06-16 05:30:00,0.001798342,0.0017755607
PSOQRNN,GC=F,2026-06-16 05:45:00,0.0017754731,0.0017752943
PSOQRNN,GC=F,2026-06-16 06:00:00,0.0017599883,0.0017755954
PSOQRNN,GC=F,2026-06-16 06:15:00,0.0017765259,0.0017759622
PSOQRNN,GC=F,2026-06-16 06:30:00,0.0017707116,0.0017759822
PSOQRNN,GC=F,2026-06-16 06:45:00,0.0017445489,0.0017789428
PSOQRNN,GC=F,2026-06-16 07:00:00,0.0017655274,0.0017783017
PSOQRNN,GC=F,2026-06-16 07:15:00,0.00176128,0.001777531
PSOQRNN,GC=F,2026-06-16 07:30:00,0.0017764851,0.0017705365
PSOQRNN,GC=F,2026-06-16 07:45:00,0.0017378643,0.0017558602
PSOQRNN,GC=F,2026-06-16 08:00:00,0.0017427184,0.0017318558
PSOQRNN,GC=F,2026-06-16 08:15:00,0.0017195197,0.0017280997
PSOQRNN,GC=F,2026-06-16 08:30:00,0.0017195703,0.0017279745
PSOQRNN,GC=F,2026-06-16 08:45:00,0.0017171025,0.0017283818
PSOQRNN,GC=F,2026-06-16 09:00:00,0.0017303522,0.0017275446
PSOQRNN,GC=F,2026-06-16 09:15:00,0.0017499093,0.0017297575
PSOQRNN,GC=F,2026-06-16 09:30:00,0.0017230734,0.0017113431
PSOQRNN,GC=F,2026-06-16 09:45:00,0.001701229,0.0017110565
PSOQRNN,GC=F,2026-06-16 10:00:00,0.0017105088,0.0016813405
PSOQRNN,GC=F,2026-06-16 10:15:00,0.0016906555,0.0016788342
PSOQRNN,GC=F,2026-06-16 10:30:00,0.001675631,0.0016786951
PSOQRNN,GC=F,2026-06-16 10:45:00,0.0016758534,0.0016760386
PSOQRNN,GC=F,2026-06-16 11:00:00,0.0017060726,0.0016764789
PSOQRNN,GC=F,2026-06-16 11:15:00,0.0016796844,0.0016735754
PSOQRNN,GC=F,2026-06-16 11:30:00,0.0016912756,0.0016743629
PSOQRNN,GC=F,2026-06-16 11:45:00,0.0016732718,0.0016730209
PSOQRNN,GC=F,2026-06-16 12:00:00,0.0016644811,0.001673497
PSOQRNN,GC=F,2026-06-16 12:15:00,0.0016814694,0.0016687434
PSOQRNN,GC=F,2026-06-16 12:30:00,0.0016526878,0.001669397
PSOQRNN,GC=F,2026-06-16 12:45:00,0.0016577666,0.001670556
PSOQRNN,GC=F,2026-06-16 13:00:00,0.0017152273,0.0016775976
PSOQRNN,GC=F,2026-06-16 13:15:00,0.001712089,0.00168231
PSOQRNN,GC=F,2026-06-16 13:30:00,0.0016739697,0.0016829179
PSOQRNN,GC=F,2026-06-16 13:45:00,0.0017123215,0.0016856969
PSOQRNN,GC=F,2026-06-16 14:00:00,0.0016763519,0.0016861317
PSOQRNN,GC=F,2026-06-16 14:15:00,0.0017469834,0.0017031316
PSOQRNN,GC=F,2026-06-16 14:30:00,0.0016896983,0.0017002892
PSOQRNN,GC=F,2026-06-16 14:45:00,0.0017053279,0.001696476
PSOQRNN,GC=F,2026-06-16 15:00:00,0.0016970722,0.0016902947
PSOQRNN,GC=F,2026-06-16 15:15:00,0.0016883988,0.0016901809
PSOQRNN,GC=F,2026-06-16 15:30:00,0.0016917452,0.0016875556
PSOQRNN,GC=F,2026-06-16 15:45:00,0.0016626647,0.0016883267
PSOQRNN,GC=F,2026-06-16 16:00:00,0.0016546237,0.0016920435
PSOQRNN,GC=F,2026-06-16 16:15:00,0.0016989349,0.001690707
PSOQRNN,GC=F,2026-06-16 16:30:00,0.0016966995,0.0016861561
PSOQRNN,GC=F,2026-06-16 16:45:00,0.0017012437,0.0016799851
PSOQRNN,GC=F,2026-06-16 17:00:00,0.00170266,0.0016764741
PSOQRNN,GC=F,2026-06-16 17:15:00,0.0016834859,0.0016710415
PSOQRNN,GC=F,2026-06-16 17:30:00,0.0016629979,0.0016702258
PSOQRNN,GC=F,2026-06-16 17:45:00,0.0016701889,0.0016702467
PSOQRNN,GC=F,2026-06-16 18:00:00,0.0016698642,0.0016692068
PSOQRNN,GC=F,2026-06-16 18:15:00,0.0016754898,0.0016682979
PSOQRNN,GC=F,2026-06-16 18:30:00,0.0016843962,0.0016681213
PSOQRNN,GC=F,2026-06-16 18:45:00,0.0016738053,0.001667049
PSOQRNN,GC=F,2026-06-16 19:00:00,0.0016710936,0.0016669607
PSOQRNN,GC=F,2026-06-16 19:15:00,0.0016710135,0.0016516774
PSOQRNN,GC=F,2026-06-16 19:30:00,0.0016622385,0.0016469564
PSOQRNN,GC=F,2026-06-16 19:45:00,0.0016698431,0.0016465288
PSOQRNN,GC=F,2026-06-16 20:00:00,0.0016641805,0.0016461379
PSOQRNN,GC=F,2026-06-16 20:15:00,0.0016473578,0.0016443428
PSOQRNN,GC=F,2026-06-16 20:30:00,0.0016495415,0.0016412985
PSOQRNN,GC=F,2026-06-16 20:45:00,0.0016569075,0.0016409873
PSOQRNN,GC=F,2026-06-16 21:00:00,0.0016488911,0.0016377486
PSOQRNN,GC=F,2026-06-16 21:15:00,0.0016458961,0.0016247538
PSOQRNN,GC=F,2026-06-16 21:30:00,0.0016338234,0.0016230375
PSOQRNN,GC=F,2026-06-16 21:45:00,0.0016322221,0.0016208603
PSOQRNN,GC=F,2026-06-16 22:00:00,0.0016340823,0.0016183186
PSOQRNN,GC=F,2026-06-16 22:15:00,0.0016356158,0.0016175224
PSOQRNN,GC=F,2026-06-16 22:30:00,0.0016168202,0.0016058999
PSOQRNN,GC=F,2026-06-16 22:45:00,0.0016076415,0.0016042504
PSOQRNN,GC=F,2026-06-16 23:00:00,0.0016106974,0.0016009948
PSOQRNN,GC=F,2026-06-16 23:15:00,0.0016108287,0.001598591
PSOQRNN,GC=F,2026-06-16 23:30:00,0.001617127,0.001597756
PSOQRNN,GC=F,2026-06-16 23:45:00,0.0016202892,0.001572331
PSOQRNN,GC=F,2026-06-17 00:00:00,0.001560891,0.0015687284
PSOQRNN,GC=F,2026-06-17 00:15:00,0.0015826366,0.0015590417
PSOQRNN,GC=F,2026-06-17 00:30:00,0.0015780476,0.0015418137
PSOQRNN,GC=F,2026-06-17 00:45:00,0.0015478508,0.0015419408
PSOQRNN,GC=F,2026-06-17 01:00:00,0.0015163015,0.0015427541
PSOQRNN,GC=F,2026-06-17 01:15:00,0.0015703568,0.0015422675
PSOQRNN,GC=F,2026-06-17 01:30:00,0.0015687982,0.0015423786
PSOQRNN,GC=F,2026-06-17 01:45:00,0.0015509669,0.001542148
PSOQRNN,GC=F,2026-06-17 02:00:00,0.0015489171,0.0015420807
PSOQRNN,GC=F,2026-06-17 02:15:00,0.0015631168,0.0015425681
PSOQRNN,GC=F,2026-06-17 02:30:00,0.0015617615,0.0015422688
PSOQRNN,GC=F,2026-06-17 02:45:00,0.0015831848,0.0015465711
PSOQRNN,GC=F,2026-06-17 03:00:00,0.0015630902,0.0015443958
PSOQRNN,GC=F,2026-06-17 03:15:00,0.0015532917,0.0015443418
PSOQRNN,GC=F,2026-06-17 03:30:00,0.0015510435,0.0015440441
PSOQRNN,GC=F,2026-06-17 03:45:00,0.001563569,0.0015297781
PSOQRNN,GC=F,2026-06-17 04:00:00,0.0015467332,0.0015295843
PSOQRNN,GC=F,2026-06-17 04:15:00,0.0015654388,0.0015261951
PSOQRNN,GC=F,2026-06-17 04:30:00,0.0015454532,0.0015253504
PSOQRNN,GC=F,2026-06-17 04:45:00,0.0015253824,0.0015241699
PSOQRNN,GC=F,2026-06-17 05:00:00,0.0015520098,0.0015252478
PSOQRNN,GC=F,2026-06-17 05:15:00,0.0015226959,0.0015261617
PSOQRNN,GC=F,2026-06-17 05:30:00,0.0015284109,0.0015264391
PSOQRNN,GC=F,2026-06-17 05:45:00,0.001552356,0.0015264805
PSOQRNN,GC=F,2026-06-17 06:00:00,0.0015298324,0.0015268226
PSOQRNN,GC=F,2026-06-17 06:15:00,0.0015590441,0.0015289201
PSOQRNN,GC=F,2026-06-17 06:30:00,0.001528917,0.0015296029
PSOQRNN,GC=F,2026-06-17 06:45:00,0.0015284949,0.0015304136
PSOQRNN,GC=F,2026-06-17 07:00:00,0.0015595589,0.0015319461
PSOQRNN,GC=F,2026-06-17 07:15:00,0.0015400078,0.0015319976
PSOQRNN,GC=F,2026-06-17 07:30:00,0.0015455838,0.0015320042
PSOQRNN,GC=F,2026-06-17 07:45:00,0.0015581533,0.0015330537
PSOQRNN,GC=F,2026-06-17 08:00:00,0.0015554822,0.0015336274
PSOQRNN,GC=F,2026-06-17 08:15:00,0.0015431244,0.0015336395
PSOQRNN,GC=F,2026-06-17 08:30:00,0.0015616097,0.0015349666
PSOQRNN,GC=F,2026-06-17 08:45:00,0.0015297208,0.0015364044
PSOQRNN,GC=F,2026-06-17 09:00:00,0.001547686,0.0015363927
PSOQRNN,GC=F,2026-06-17 09:15:00,0.0015263894,0.0015387351
PSOQRNN,GC=F,2026-06-17 09:30:00,0.0015628366,0.0015395319
PSOQRNN,GC=F,2026-06-17 09:45:00,0.0015478083,0.0015395698
PSOQRNN,GC=F,2026-06-17 10:00:00,0.001548947,0.0015395778
PSOQRNN,GC=F,2026-06-17 10:15:00,0.0015588688,0.0015398777
PSOQRNN,GC=F,2026-06-17 10:30:00,0.0015452141,0.0015400527
PSOQRNN,GC=F,2026-06-17 10:45:00,0.0015516201,0.0015400393
PSOQRNN,GC=F,2026-06-17 11:00:00,0.0015622613,0.0015406176
PSOQRNN,GC=F,2026-06-17 11:15:00,0.0015558411,0.0015406779
PSOQRNN,GC=F,2026-06-17 11:30:00,0.0015639913,0.0015413786
PSOQRNN,GC=F,2026-06-17 11:45:00,0.0015639403,0.0015419903
PSOQRNN,GC=F,2026-06-17 12:00:00,0.0015549747,0.0015419903
PSOQRNN,GC=F,2026-06-17 12:15:00,0.0015505719,0.0015420208
PSOQRNN,GC=F,2026-06-17 12:30:00,0.0015282917,0.0015452239
PSOQRNN,GC=F,2026-06-17 12:45:00,0.0015500812,0.001545418
PSOQRNN,GC=F,2026-06-17 13:00:00,0.0015652669,0.0009958282
PSOQRNN,GC=F,2026-06-17 13:15:00,0.0009137422,0.0009782013
PSOQRNN,GC=F,2026-06-17 13:30:00,0.000879094,0.0009812551
PSOQRNN,GC=F,2026-06-17 13:45:00,0.00092326954,0.0009815191
PSOQRNN,GC=F,2026-06-17 14:00:00,0.0009011894,0.0009814204
PSOQRNN,GC=F,2026-06-17 14:15:00,0.00082000834,0.001013698
PSOQRNN,GC=F,2026-06-17 14:30:00,0.0010012472,0.0010207011
PSOQRNN,GC=F,2026-06-17 14:45:00,0.0010075715,0.0010202958
PSOQRNN,GC=F,2026-06-17 15:00:00,0.0009465,0.0010185643
PSOQRNN,GC=F,2026-06-17 15:15:00,0.0009261198,0.0010235736
PSOQRNN,GC=F,2026-06-17 15:30:00,0.00095546606,0.0010232825
PSOQRNN,GC=F,2026-06-17 15:45:00,0.0009417058,0.0010229532
PSOQRNN,GC=F,2026-06-17 16:00:00,0.00097579136,0.0010212064
PSOQRNN,GC=F,2026-06-17 16:15:00,0.0009524094,0.0010168655
PSOQRNN,GC=F,2026-06-17 16:30:00,0.0010000177,0.0010019483
PSOQRNN,GC=F,2026-06-17 16:45:00,0.00093241944,0.0010018974
PSOQRNN,GC=F,2026-06-17 17:00:00,0.0009438713,0.0009914378
PSOQRNN,GC=F,2026-06-17 17:15:00,0.00091702415,0.0009915535
PSOQRNN,GC=F,2026-06-17 17:30:00,0.00084973325,0.0010139227
PSOQRNN,GC=F,2026-06-17 17:45:00,0.0009352042,0.0010156556
PSOQRNN,GC=F,2026-06-17 18:00:00,0.0014933934,0.0017567918
PSOQRNN,GC=F,2026-06-17 18:15:00,0.0017214868,0.0017620933
PSOQRNN,GC=F,2026-06-17 18:30:00,0.0016565002,0.0018176105
PSOQRNN,GC=F,2026-06-17 18:45:00,0.0019488205,0.0019006531
PSOQRNN,GC=F,2026-06-17 19:00:00,0.0019569932,0.0019278933
PSOQRNN,GC=F,2026-06-17 19:15:00,0.0020473257,0.0020041696
PSOQRNN,GC=F,2026-06-17 19:30:00,0.0019482783,0.0020049396
PSOQRNN,GC=F,2026-06-17 19:45:00,0.0019430326,0.0020065182
PSOQRNN,GC=F,2026-06-17 20:00:00,0.0018900054,0.0020326904
PSOQRNN,GC=F,2026-06-17 20:15:00,0.0019780216,0.0020328008
PSOQRNN,GC=F,2026-06-17 20:30:00,0.0019763447,0.0020185846
PSOQRNN,GC=F,2026-06-17 20:45:00,0.0019834917,0.0020187907
PSOQRNN,GC=F,2026-06-17 21:00:00,0.0019721142,0.002018694
PSOQRNN,GC=F,2026-06-17 21:15:00,0.001972036,0.0020178584
PSOQRNN,GC=F,2026-06-17 21:30:00,0.0019713603,0.002017648
PSOQRNN,GC=F,2026-06-17 21:45:00,0.0019711903,0.0020174568
PSOQRNN,GC=F,2026-06-17 22:00:00,0.0019416751,0.0020199388
PSOQRNN,GC=F,2026-06-17 22:15:00,0.0019687936,0.002019399
PSOQRNN,GC=F,2026-06-17 22:30:00,0.0019845027,0.0020199069
PSOQRNN,GC=F,2026-06-17 22:45:00,0.0019621116,0.0020180608
PSOQRNN,GC=F,2026-06-17 23:00:00,0.0019189534,0.0020298993
PSOQRNN,GC=F,2026-06-17 23:15:00,0.0019897486,0.0020301552
PSOQRNN,GC=F,2026-06-17 23:30:00,0.0019943474,0.0020218322
PSOQRNN,GC=F,2026-06-17 23:45:00,0.0019682252,0.0020199674
PSOQRNN,GC=F,2026-06-18 00:00:00,0.0019069752,0.002039461
PSOQRNN,GC=F,2026-06-18 00:15:00,0.0019789732,0.00203987
PSOQRNN,GC=F,2026-06-18 00:30:00,0.0019531916,0.0020450684
PSOQRNN,GC=F,2026-06-18 00:45:00,0.0020020362,0.0020451874
PSOQRNN,GC=F,2026-06-18 01:00:00,0.0019431461,0.0020566874
PSOQRNN,GC=F,2026-06-18 01:15:00,0.002016245,0.0020573437
PSOQRNN,GC=F,2026-06-18 01:30:00,0.0019916417,0.0020579284
PSOQRNN,GC=F,2026-06-18 01:45:00,0.0020213542,0.0020590718
PSOQRNN,GC=F,2026-06-18 02:00:00,0.001971537,0.002063856
PSOQRNN,GC=F,2026-06-18 02:15:00,0.0020187583,0.0020638495
PSOQRNN,GC=F,2026-06-18 02:30:00,0.002038013,0.0020667731
PSOQRNN,GC=F,2026-06-18 02:45:00,0.0020316564,0.002067838
PSOQRNN,GC=F,2026-06-18 03:00:00,0.0020107108,0.0020669065
PSOQRNN,GC=F,2026-06-18 03:15:00,0.00200034,0.0020655114
PSOQRNN,GC=F,2026-06-18 03:30:00,0.0019932904,0.0020631168
PSOQRNN,GC=F,2026-06-18 03:45:00,0.0020058246,0.0020622832
PSOQRNN,GC=F,2026-06-18 04:00:00,0.0020123685,0.002062345
PSOQRNN,GC=F,2026-06-18 04:15:00,0.0020238673,0.0020624853
PSOQRNN,GC=F,2026-06-18 04:30:00,0.0020210124,0.0020579868
PSOQRNN,GC=F,2026-06-18 04:45:00,0.001982787,0.0020568897
PSOQRNN,GC=F,2026-06-18 05:00:00,0.0020043822,0.0020566068
PSOQRNN,GC=F,2026-06-18 05:15:00,0.0019759396,0.002057546
PSOQRNN,GC=F,2026-06-18 05:30:00,0.0020521418,0.0020635433
PSOQRNN,GC=F,2026-06-18 05:45:00,0.0020174377,0.002063815
PSOQRNN,GC=F,2026-06-18 06:00:00,0.0020408283,0.0020659892
PSOQRNN,GC=F,2026-06-18 06:15:00,0.001989114,0.0020674898
PSOQRNN,GC=F,2026-06-18 06:30:00,0.0020247523,0.0020673042
PSOQRNN,GC=F,2026-06-18 06:45:00,0.001994327,0.0020684623
PSOQRNN,GC=F,2026-06-18 07:00:00,0.0020108544,0.0020675936
PSOQRNN,GC=F,2026-06-18 07:15:00,0.0020094302,0.0020638576
PSOQRNN,GC=F,2026-06-18 07:30:00,0.0020475779,0.0020670723
PSOQRNN,GC=F,2026-06-18 07:45:00,0.0020448025,0.0020705517
PSOQRNN,GC=F,2026-06-18 08:00:00,0.0020202212,0.002069404
PSOQRNN,GC=F,2026-06-18 08:15:00,0.0020226324,0.0020688905
PSOQRNN,GC=F,2026-06-18 08:30:00,0.0020252117,0.0020663906
PSOQRNN,GC=F,2026-06-18 08:45:00,0.002068477,0.0020770992
PSOQRNN,GC=F,2026-06-18 09:00:00,0.0020178095,0.0020771106
PSOQRNN,GC=F,2026-06-18 09:15:00,0.0020226068,0.002077026
PSOQRNN,GC=F,2026-06-18 09:30:00,0.0020108502,0.0020773606
PSOQRNN,GC=F,2026-06-18 09:45:00,0.0020194883,0.0020772428
PSOQRNN,GC=F,2026-06-18 10:00:00,0.0020212345,0.0020768314
PSOQRNN,GC=F,2026-06-18 10:15:00,0.0020146791,0.00207689
PSOQRNN,GC=F,2026-06-18 10:30:00,0.0020402197,0.0020782382
PSOQRNN,GC=F,2026-06-18 10:45:00,0.0020543877,0.0020820128
PSOQRNN,GC=F,2026-06-18 11:00:00,0.0020531924,0.0020840794
PSOQRNN,GC=F,2026-06-18 11:15:00,0.0020179332,0.002083867
PSOQRNN,GC=F,2026-06-18 11:30:00,0.0020452852,0.0020848713
PSOQRNN,GC=F,2026-06-18 11:45:00,0.002033056,0.0020850215
PSOQRNN,GC=F,2026-06-18 12:00:00,0.0019743086,0.00209668
PSOQRNN,GC=F,2026-06-18 12:15:00,0.0020403625,0.0020967482
PSOQRNN,GC=F,2026-06-18 12:30:00,0.0020832585,0.0021040677
PSOQRNN,GC=F,2026-06-18 12:45:00,0.0020288427,0.002104729
PSOQRNN,GC=F,2026-06-18 13:00:00,0.0019950832,0.002113915
PSOQRNN,GC=F,2026-06-18 13:15:00,0.0020345799,0.0021147747
PSOQRNN,GC=F,2026-06-18 13:30:00,0.0020441143,0.0021143418
PSOQRNN,GC=F,2026-06-18 13:45:00,0.002081286,0.0021175372
PSOQRNN,GC=F,2026-06-18 14:00:00,0.00211509,0.0021290402
PSOQRNN,GC=F,2026-06-18 14:15:00,0.00204883,0.0021294868
PSOQRNN,GC=F,2026-06-18 14:30:00,0.0020605067,0.002129056
PSOQRNN,GC=F,2026-06-18 14:45:00,0.002032137,0.0021323622
PSOQRNN,GC=F,2026-06-18 15:00:00,0.0020853342,0.0021335077
PSOQRNN,GC=F,2026-06-18 15:15:00,0.0021116694,0.0021384652
PSOQRNN,GC=F,2026-06-18 15:30:00,0.002086397,0.0021389574
PSOQRNN,GC=F,2026-06-18 15:45:00,0.0020892755,0.0021361867
PSOQRNN,GC=F,2026-06-18 16:00:00,0.0020628483,0.002136288
PSOQRNN,GC=F,2026-06-18 16:15:00,0.0020773876,0.0021365425
PSOQRNN,GC=F,2026-06-18 16:30:00,0.002078003,0.0021360237
PSOQRNN,GC=F,2026-06-18 16:45:00,0.002077183,0.002136194
PSOQRNN,GC=F,2026-06-18 17:00:00,0.002035099,0.0021397881
PSOQRNN,GC=F,2026-06-18 17:15:00,0.0020778668,0.0021392307
PSOQRNN,GC=F,2026-06-18 17:30:00,0.0020539553,0.0021402447
PSOQRNN,GC=F,2026-06-18 17:45:00,0.002069993,0.0021377914
PSOQRNN,GC=F,2026-06-18 18:00:00,0.0020770233,0.0021379578
PSOQRNN,GC=F,2026-06-18 18:15:00,0.002076765,0.0021376978
PSOQRNN,GC=F,2026-06-18 18:30:00,0.0020737909,0.002131654
PSOQRNN,GC=F,2026-06-18 18:45:00,0.0020877647,0.0021332633
PSOQRNN,GC=F,2026-06-18 19:00:00,0.0021100359,0.002138604
PSOQRNN,GC=F,2026-06-18 19:15:00,0.0020793364,0.0021382316
PSOQRNN,GC=F,2026-06-18 19:30:00,0.0020340935,0.0021431625
PSOQRNN,GC=F,2026-06-18 19:45:00,0.0020619598,0.002143699
PSOQRNN,GC=F,2026-06-18 20:00:00,0.002074363,0.0021427698
PSOQRNN,GC=F,2026-06-18 20:15:00,0.0020654646,0.0021428792
PSOQRNN,GC=F,2026-06-18 20:30:00,0.002095494,0.002140358
PSOQRNN,GC=F,2026-06-18 20:45:00,0.0020868361,0.0021409674
PSOQRNN,GC=F,2026-06-18 21:00:00,0.0020709694,0.002140486
PSOQRNN,GC=F,2026-06-18 21:15:00,0.0020705767,0.0021403625
PSOQRNN,GC=F,2026-06-18 21:30:00,0.0020704768,0.0021403714
PSOQRNN,GC=F,2026-06-18 21:45:00,0.002070485,0.0021372514
PSOQRNN,GC=F,2026-06-18 22:00:00,0.002073051,0.0021369818
PSOQRNN,GC=F,2026-06-18 22:15:00,0.0020836599,0.0021369827
PSOQRNN,GC=F,2026-06-18 22:30:00,0.002063855,0.002137043
PSOQRNN,GC=F,2026-06-18 22:45:00,0.0020589216,0.0021337988
PSOQRNN,GC=F,2026-06-18 23:00:00,0.002112396,0.0021394258
PSOQRNN,GC=F,2026-06-18 23:15:00,0.0020662101,0.0021387578
PSOQRNN,GC=F,2026-06-18 23:30:00,0.0020790882,0.002138504
PSOQRNN,GC=F,2026-06-18 23:45:00,0.0020936623,0.0021394
PSOQRNN,GC=F,2026-06-19 00:00:00,0.0020808466,0.0021396452
PSOQRNN,GC=F,2026-06-19 00:15:00,0.002073049,0.0021379183
PSOQRNN,GC=F,2026-06-19 00:30:00,0.0020542622,0.0021386086
PSOQRNN,GC=F,2026-06-19 00:45:00,0.0020609123,0.0021381988
PSOQRNN,GC=F,2026-06-19 01:00:00,0.002086783,0.0021389103
PSOQRNN,GC=F,2026-06-19 01:15:00,0.0020520499,0.0021402666
PSOQRNN,GC=F,2026-06-19 01:30:00,0.0020913957,0.0021409383
PSOQRNN,GC=F,2026-06-19 01:45:00,0.0020756917,0.0021405497
PSOQRNN,GC=F,2026-06-19 02:00:00,0.0020924965,0.0021396615
PSOQRNN,GC=F,2026-06-19 02:15:00,0.0020703026,0.0021396095
PSOQRNN,GC=F,2026-06-19 02:30:00,0.0020686889,0.0021392375
PSOQRNN,GC=F,2026-06-19 02:45:00,0.0020835877,0.002139367
PSOQRNN,GC=F,2026-06-19 03:00:00,0.0021122035,0.0021430897
PSOQRNN,GC=F,2026-06-19 03:15:00,0.0020671948,0.002143326
PSOQRNN,GC=F,2026-06-19 03:30:00,0.0020932236,0.0021418708
PSOQRNN,GC=F,2026-06-19 03:45:00,0.002125354,0.0021476957
PSOQRNN,GC=F,2026-06-21 22:00:00,0.0020740475,0.00214256
PSOQRNN,GC=F,2026-06-21 22:15:00,0.0020710744,0.0021397045
PSOQRNN,GC=F,2026-06-21 22:30:00,0.0020525376,0.0021401923
PSOQRNN,GC=F,2026-06-21 22:45:00,0.0020707352,0.0021381704
PSOQRNN,GC=F,2026-06-21 23:00:00,0.0020604925,0.0021375348
PSOQRNN,GC=F,2026-06-21 23:15:00,0.0020765646,0.0021259028
PSOQRNN,GC=F,2026-06-21 23:30:00,0.0021031736,0.0021299135
PSOQRNN,GC=F,2026-06-21 23:45:00,0.002082628,0.0021309478
PSOQRNN,GC=F,2026-06-22 00:00:00,0.0019889744,0.002155014
PSOQRNN,GC=F,2026-06-22 00:15:00,0.0020553747,0.0021578493
PSOQRNN,GC=F,2026-06-22 00:30:00,0.0020521183,0.002162142
PSOQRNN,GC=F,2026-06-22 00:45:00,0.0019990855,0.0021918889
PSOQRNN,GC=F,2026-06-22 01:00:00,0.002068525,0.0021927655
PSOQRNN,GC=F,2026-06-22 01:15:00,0.0021321855,0.0021935496
PSOQRNN,GC=F,2026-06-22 01:30:00,0.002143894,0.0021956577
PSOQRNN,GC=F,2026-06-22 01:45:00,0.0021590556,0.002199771
PSOQRNN,GC=F,2026-06-22 02:00:00,0.0021479796,0.0022006782
PSOQRNN,GC=F,2026-06-22 02:15:00,0.002099905,0.002202228
PSOQRNN,GC=F,2026-06-22 02:30:00,0.0021087243,0.0022019169
PSOQRNN,GC=F,2026-06-22 02:45:00,0.0021360463,0.0022021385
PSOQRNN,GC=F,2026-06-22 03:00:00,0.0021638991,0.0022060887
PSOQRNN,GC=F,2026-06-22 03:15:00,0.002117944,0.0022063162
PSOQRNN,GC=F,2026-06-22 03:30:00,0.0021433143,0.0022067807
PSOQRNN,GC=F,2026-06-22 03:45:00,0.0021397572,0.0022071707
PSOQRNN,GC=F,2026-06-22 04:00:00,0.0021082528,0.002208269
PSOQRNN,GC=F,2026-06-22 04:15:00,0.0021238737,0.002208271
PSOQRNN,GC=F,2026-06-22 04:30:00,0.0021251324,0.0022083041
PSOQRNN,GC=F,2026-06-22 04:45:00,0.0021056025,0.0022092646
PSOQRNN,GC=F,2026-06-22 05:00:00,0.0021107837,0.0022100548
PSOQRNN,GC=F,2026-06-22 05:15:00,0.0020934592,0.0022139673
PSOQRNN,GC=F,2026-06-22 05:30:00,0.0021361879,0.002213915
PSOQRNN,GC=F,2026-06-22 05:45:00,0.0021272749,0.002213887
PSOQRNN,GC=F,2026-06-22 06:00:00,0.002128505,0.0022139282
PSOQRNN,GC=F,2026-06-22 06:15:00,0.0021178273,0.0022145892
PSOQRNN,GC=F,2026-06-22 06:30:00,0.0021083816,0.002216477
PSOQRNN,GC=F,2026-06-22 06:45:00,0.002154943,0.0022175151
PSOQRNN,GC=F,2026-06-22 07:00:00,0.0021260814,0.0022177782
PSOQRNN,GC=F,2026-06-22 07:15:00,0.0021406435,0.0022177068
PSOQRNN,GC=F,2026-06-22 07:30:00,0.002147114,0.0022174683
PSOQRNN,GC=F,2026-06-22 07:45:00,0.0021509011,0.0022176423
PSOQRNN,GC=F,2026-06-22 08:00:00,0.002135828,0.002217505
PSOQRNN,GC=F,2026-06-22 08:15:00,0.0021256474,0.002217787
PSOQRNN,GC=F,2026-06-22 08:30:00,0.0021267096,0.0022179268
PSOQRNN,GC=F,2026-06-22 08:45:00,0.0021170275,0.002218667
PSOQRNN,GC=F,2026-06-22 09:00:00,0.002103067,0.0022198118
PSOQRNN,GC=F,2026-06-22 09:15:00,0.002141899,0.0022198586
PSOQRNN,GC=F,2026-06-22 09:30:00,0.0021234953,0.0022203745
PSOQRNN,GC=F,2026-06-22 09:45:00,0.002130513,0.0022202604
PSOQRNN,GC=F,2026-06-22 10:00:00,0.0021165716,0.0022157808
PSOQRNN,GC=F,2026-06-22 10:15:00,0.0021441341,0.0022154779
PSOQRNN,GC=F,2026-06-22 10:30:00,0.0021391367,0.0022150774
PSOQRNN,GC=F,2026-06-22 10:45:00,0.0021474953,0.0022154346
PSOQRNN,GC=F,2026-06-22 11:00:00,0.002117066,0.0022160576
PSOQRNN,GC=F,2026-06-22 11:15:00,0.002150979,0.0022166413
PSOQRNN,GC=F,2026-06-22 11:30:00,0.0021229163,0.0022170162
PSOQRNN,GC=F,2026-06-22 11:45:00,0.0021294192,0.0022147475
PSOQRNN,GC=F,2026-06-22 12:00:00,0.0021279687,0.0022148213
PSOQRNN,GC=F,2026-06-22 12:15:00,0.002128864,0.0022147587
PSOQRNN,GC=F,2026-06-22 12:30:00,0.0021525512,0.002215496
PSOQRNN,GC=F,2026-06-22 12:45:00,0.002178778,0.0022203468
PSOQRNN,GC=F,2026-06-22 13:00:00,0.0021296416,0.0022205508
PSOQRNN,GC=F,2026-06-22 13:15:00,0.0021709097,0.0022217624
PSOQRNN,GC=F,2026-06-22 13:30:00,0.0021184927,0.0022229964
PSOQRNN,GC=F,2026-06-22 13:45:00,0.0021022272,0.00222665
PSOQRNN,GC=F,2026-06-22 14:00:00,0.0021188895,0.0022278435
PSOQRNN,GC=F,2026-06-22 14:15:00,0.0022052478,0.0022352454
PSOQRNN,GC=F,2026-06-22 14:30:00,0.002145723,0.0022347127
PSOQRNN,GC=F,2026-06-22 14:45:00,0.0021241447,0.0022362776
PSOQRNN,GC=F,2026-06-22 15:00:00,0.0021508913,0.0022357844
PSOQRNN,GC=F,2026-06-22 15:15:00,0.002188506,0.0022381616
PSOQRNN,GC=F,2026-06-22 15:30:00,0.002189719,0.0022405144
PSOQRNN,GC=F,2026-06-22 15:45:00,0.0021445218,0.0022398704
PSOQRNN,GC=F,2026-06-22 16:00:00,0.0021764834,0.0022403977
PSOQRNN,GC=F,2026-06-22 16:15:00,0.0021294577,0.0022420767
PSOQRNN,GC=F,2026-06-22 16:30:00,0.0021588197,0.0022420778
PSOQRNN,GC=F,2026-06-22 16:45:00,0.002118849,0.0022457978
PSOQRNN,GC=F,2026-06-22 17:00:00,0.0021727488,0.0022460592
PSOQRNN,GC=F,2026-06-22 17:15:00,0.002167979,0.0022461147
PSOQRNN,GC=F,2026-06-22 17:30:00,0.002169848,0.0022458152
PSOQRNN,GC=F,2026-06-22 17:45:00,0.002150178,0.002244586
PSOQRNN,GC=F,2026-06-22 18:00:00,0.002152176,0.0022446387
PSOQRNN,GC=F,2026-06-22 18:15:00,0.0021403416,0.0022433277
PSOQRNN,GC=F,2026-06-22 18:30:00,0.0021451588,0.0022434655
PSOQRNN,GC=F,2026-06-22 18:45:00,0.0021516809,0.0022433929
PSOQRNN,GC=F,2026-06-22 19:00:00,0.002153352,0.002243322
PSOQRNN,GC=F,2026-06-22 19:15:00,0.0021715455,0.0022437572
PSOQRNN,GC=F,2026-06-22 19:30:00,0.0021678319,0.0022436643
PSOQRNN,GC=F,2026-06-22 19:45:00,0.0021284937,0.0022460548
PSOQRNN,GC=F,2026-06-22 20:00:00,0.0021586241,0.0022458849
PSOQRNN,GC=F,2026-06-22 20:15:00,0.0021593617,0.0022458849
PSOQRNN,GC=F,2026-06-22 20:30:00,0.0021468464,0.0022460835
PSOQRNN,GC=F,2026-06-22 20:45:00,0.0023826675,0.0023164207
PSOQRNN,GC=F,2026-06-22 21:00:00,0.0022170732,0.0023164207
PSOQRNN,GC=F,2026-06-22 21:15:00,0.0022170732,0.0023162784
PSOQRNN,GC=F,2026-06-22 21:30:00,0.0022169494,0.0023133785
PSOQRNN,GC=F,2026-06-22 21:45:00,0.0022144415,0.002313011
PSOQRNN,GC=F,2026-06-22 22:00:00,0.002070157,0.002382923
PSOQRNN,GC=F,2026-06-22 22:15:00,0.0022727505,0.0023820996
PSOQRNN,GC=F,2026-06-22 22:30:00,0.0022913557,0.0023804503
PSOQRNN,GC=F,2026-06-22 22:45:00,0.002275248,0.0023804214
PSOQRNN,GC=F,2026-06-22 23:00:00,0.0022663514,0.0023801243
PSOQRNN,GC=F,2026-06-22 23:15:00,0.00227337,0.0023650553
PSOQRNN,GC=F,2026-06-22 23:30:00,0.002238935,0.0023635454
PSOQRNN,GC=F,2026-06-22 23:45:00,0.0023015654,0.0023637402
PSOQRNN,GC=F,2026-06-23 00:00:00,0.0023077154,0.0023661072
PSOQRNN,GC=F,2026-06-23 00:15:00,0.0022397828,0.0023644208
PSOQRNN,GC=F,2026-06-23 00:30:00,0.0022159966,0.0023682995
PSOQRNN,GC=F,2026-06-23 00:45:00,0.002258112,0.0023667323
PSOQRNN,GC=F,2026-06-23 01:00:00,0.0023070143,0.0023694762
PSOQRNN,GC=F,2026-06-23 01:15:00,0.0023004096,0.0023705924
PSOQRNN,GC=F,2026-06-23 01:30:00,0.0024176568,0.002394389
PSOQRNN,GC=F,2026-06-23 01:45:00,0.0022479824,0.0023973435
PSOQRNN,GC=F,2026-06-23 02:00:00,0.0023325074,0.0023994716
PSOQRNN,GC=F,2026-06-23 02:15:00,0.0022484749,0.0024030078
PSOQRNN,GC=F,2026-06-23 02:30:00,0.002333171,0.0023938168
PSOQRNN,GC=F,2026-06-23 02:45:00,0.0023352862,0.0023953589
PSOQRNN,GC=F,2026-06-23 03:00:00,0.002310896,0.001927413
PSOQRNN,GC=F,2026-06-23 03:15:00,0.0019043089,0.0019220544
PSOQRNN,GC=F,2026-06-23 03:30:00,0.0019016821,0.0018676379
PSOQRNN,GC=F,2026-06-23 03:45:00,0.0018276698,0.0017883279
PSOQRNN,GC=F,2026-06-23 04:00:00,0.0017853568,0.0017596579
PSOQRNN,GC=F,2026-06-23 04:15:00,0.0017665506,0.0016730773
PSOQRNN,GC=F,2026-06-23 04:30:00,0.0016845036,0.0016722634
PSOQRNN,GC=F,2026-06-23 04:45:00,0.0017539759,0.001697857
PSOQRNN,GC=F,2026-06-23 05:00:00,0.0016581846,0.0016765539
PSOQRNN,GC=F,2026-06-23 05:15:00,0.0016979299,0.0016773813
PSOQRNN,GC=F,2026-06-23 05:30:00,0.0016727995,0.0016776377
PSOQRNN,GC=F,2026-06-23 05:45:00,0.0017070329,0.0016798157
PSOQRNN,GC=F,2026-06-23 06:00:00,0.0016793534,0.0016800557
PSOQRNN,GC=F,2026-06-23 06:15:00,0.0017077597,0.0016823283
PSOQRNN,GC=F,2026-06-23 06:30:00,0.0016954805,0.0016825395
PSOQRNN,GC=F,2026-06-23 06:45:00,0.001683997,0.0016826469
PSOQRNN,GC=F,2026-06-23 07:00:00,0.0016830056,0.0016774919
PSOQRNN,GC=F,2026-06-23 07:15:00,0.0016725148,0.0016780318
PSOQRNN,GC=F,2026-06-23 07:30:00,0.0017352278,0.0016902423
PSOQRNN,GC=F,2026-06-23 07:45:00,0.00171627,0.0016913955
PSOQRNN,GC=F,2026-06-23 08:00:00,0.0017114162,0.0016753348
PSOQRNN,GC=F,2026-06-23 08:15:00,0.0016643082,0.0016770085
PSOQRNN,GC=F,2026-06-23 08:30:00,0.0016406105,0.0016866368
PSOQRNN,GC=F,2026-06-23 08:45:00,0.0017078334,0.0016873642
PSOQRNN,GC=F,2026-06-23 09:00:00,0.001667753,0.0016638078
PSOQRNN,GC=F,2026-06-23 09:15:00,0.0016658376,0.0016632262
PSOQRNN,GC=F,2026-06-23 09:30:00,0.0016529115,0.0016570083
PSOQRNN,GC=F,2026-06-23 09:45:00,0.0016439254,0.0016594918
PSOQRNN,GC=F,2026-06-23 10:00:00,0.0016386444,0.0016485472
PSOQRNN,GC=F,2026-06-23 10:15:00,0.0016540326,0.0016481144
PSOQRNN,GC=F,2026-06-23 10:30:00,0.001669476,0.0016476891
PSOQRNN,GC=F,2026-06-23 10:45:00,0.0016795073,0.0016490623
PSOQRNN,GC=F,2026-06-23 11:00:00,0.0016227737,0.0016491219
PSOQRNN,GC=F,2026-06-23 11:15:00,0.0016637533,0.0016489752
PSOQRNN,GC=F,2026-06-23 11:30:00,0.0016784429,0.0016476727
PSOQRNN,GC=F,2026-06-23 11:45:00,0.0016469839,0.0016467994
PSOQRNN,GC=F,2026-06-23 12:00:00,0.0016888379,0.0016518822
PSOQRNN,GC=F,2026-06-23 12:15:00,0.0016578299,0.0016510271
PSOQRNN,GC=F,2026-06-23 12:30:00,0.0016456766,0.001650306
PSOQRNN,GC=F,2026-06-23 12:45:00,0.0016741237,0.0016511389
PSOQRNN,GC=F,2026-06-23 13:00:00,0.0016571482,0.0016512066
PSOQRNN,GC=F,2026-06-23 13:15:00,0.0016505994,0.0016509346
PSOQRNN,GC=F,2026-06-23 13:30:00,0.0016194185,0.0016594285
PSOQRNN,GC=F,2026-06-23 13:45:00,0.0016292431,0.0016646545
PSOQRNN,GC=F,2026-06-23 14:00:00,0.0016655487,0.0016649553
PSOQRNN,GC=F,2026-06-23 14:15:00,0.0016907091,0.0016619244
PSOQRNN,GC=F,2026-06-23 14:30:00,0.0016916883,0.0016549033
PSOQRNN,GC=F,2026-06-23 14:45:00,0.0016478352,0.0016561351
PSOQRNN,GC=F,2026-06-23 15:00:00,0.0016701805,0.00165225
PSOQRNN,GC=F,2026-06-23 15:15:00,0.0016618439,0.0016493332
PSOQRNN,GC=F,2026-06-23 15:30:00,0.0016133337,0.001659819
PSOQRNN,GC=F,2026-06-23 15:45:00,0.0016662185,0.0016579195
PSOQRNN,GC=F,2026-06-23 16:00:00,0.0016769379,0.0016583594
PSOQRNN,GC=F,2026-06-23 16:15:00,0.0016601388,0.0016585225
PSOQRNN,GC=F,2026-06-23 16:30:00,0.0016414472,0.001656089
PSOQRNN,GC=F,2026-06-23 16:45:00,0.0016967395,0.0016568089
PSOQRNN,GC=F,2026-06-23 17:00:00,0.0016474443,0.001658476
PSOQRNN,GC=F,2026-06-23 17:15:00,0.0016922338,0.0016614457
PSOQRNN,GC=F,2026-06-23 17:30:00,0.0016640603,0.0016611249
PSOQRNN,GC=F,2026-06-23 17:45:00,0.0016820888,0.0016487185
PSOQRNN,GC=F,2026-06-23 18:00:00,0.001670035,0.0016493945
PSOQRNN,GC=F,2026-06-23 18:15:00,0.0016680767,0.0016498388
PSOQRNN,GC=F,2026-06-23 18:30:00,0.0016755403,0.0016506554
PSOQRNN,GC=F,2026-06-23 18:45:00,0.0016519297,0.001650972
PSOQRNN,GC=F,2026-06-23 19:00:00,0.00164454,0.0016522668
PSOQRNN,GC=F,2026-06-23 19:15:00,0.0016570869,0.0016521519
PSOQRNN,GC=F,2026-06-23 19:30:00,0.0016632301,0.0016505244
PSOQRNN,GC=F,2026-06-23 19:45:00,0.0016918696,0.0016512322
PSOQRNN,GC=F,2026-06-23 20:00:00,0.0016649833,0.0016478788
PSOQRNN,GC=F,2026-06-23 20:15:00,0.0016537762,0.0016475387
PSOQRNN,GC=F,2026-06-23 20:30:00,0.0016553076,0.0016459922
PSOQRNN,GC=F,2026-06-23 20:45:00,0.001650194,0.0016459946
PSOQRNN,GC=F,2026-06-23 21:00:00,0.0016535154,0.0016305104
PSOQRNN,GC=F,2026-06-23 21:15:00,0.0016391799,0.0016304905
PSOQRNN,GC=F,2026-06-23 21:30:00,0.0016391631,0.0016215371
PSOQRNN,GC=F,2026-06-23 21:45:00,0.0016308224,0.001620557
PSOQRNN,GC=F,2026-06-23 22:00:00,0.0016232094,0.0016083459
PSOQRNN,GC=F,2026-06-23 22:15:00,0.0016475036,0.0016106318
PSOQRNN,GC=F,2026-06-23 22:30:00,0.001625864,0.0016103621
PSOQRNN,GC=F,2026-06-23 22:45:00,0.0016222342,0.001606597
PSOQRNN,GC=F,2026-06-23 23:00:00,0.0016326534,0.0015927415
PSOQRNN,GC=F,2026-06-23 23:15:00,0.0016143485,0.0015920626
PSOQRNN,GC=F,2026-06-23 23:30:00,0.0016436127,0.0015994057
PSOQRNN,GC=F,2026-06-23 23:45:00,0.0015612573,0.0016080339
PSOQRNN,GC=F,2026-06-24 00:00:00,0.0015864231,0.0016124685
PSOQRNN,GC=F,2026-06-24 00:15:00,0.0016506121,0.0016079751
PSOQRNN,GC=F,2026-06-24 00:30:00,0.001636606,0.001608355
PSOQRNN,GC=F,2026-06-24 00:45:00,0.001610962,0.0016074602
PSOQRNN,GC=F,2026-06-24 01:00:00,0.0016460335,0.0016108359
PSOQRNN,GC=F,2026-06-24 01:15:00,0.0015879113,0.0016168857
PSOQRNN,GC=F,2026-06-24 01:30:00,0.0016498287,0.0016189215
PSOQRNN,GC=F,2026-06-24 01:45:00,0.0016407818,0.0016191938
PSOQRNN,GC=F,2026-06-24 02:00:00,0.0016642207,0.0016191849
PSOQRNN,GC=F,2026-06-24 02:15:00,0.0016539723,0.0016217901
PSOQRNN,GC=F,2026-06-24 02:30:00,0.001694691,0.0016389836
PSOQRNN,GC=F,2026-06-24 02:45:00,0.0016302327,0.0016408991
PSOQRNN,GC=F,2026-06-24 03:00:00,0.0016642269,0.0016416063
PSOQRNN,GC=F,2026-06-24 03:15:00,0.0016517123,0.0016414756
PSOQRNN,GC=F,2026-06-24 03:30:00,0.0016037188,0.0016535808
PSOQRNN,GC=F,2026-06-24 03:45:00,0.0016829654,0.001653679
PSOQRNN,GC=F,2026-06-24 04:00:00,0.0016774334,0.0016475151
PSOQRNN,GC=F,2026-06-24 04:15:00,0.0016363206,0.0016495051
PSOQRNN,GC=F,2026-06-24 04:30:00,0.001655257,0.0016429515
PSOQRNN,GC=F,2026-06-24 04:45:00,0.0016514546,0.0016421688
PSOQRNN,GC=F,2026-06-24 05:00:00,0.001635825,0.0016435712
PSOQRNN,GC=F,2026-06-24 05:15:00,0.0016301047,0.0016460428
PSOQRNN,GC=F,2026-06-24 05:30:00,0.0016361262,0.0016462692
PSOQRNN,GC=F,2026-06-24 05:45:00,0.0016601051,0.0016455157
PSOQRNN,GC=F,2026-06-24 06:00:00,0.001578245,0.0016764405
PSOQRNN,GC=F,2026-06-24 06:15:00,0.0017140079,0.0016813112
PSOQRNN,GC=F,2026-06-24 06:30:00,0.0016697375,0.0016829649
PSOQRNN,GC=F,2026-06-24 06:45:00,0.001706464,0.0016845135
PSOQRNN,GC=F,2026-06-24 07:00:00,0.0016916284,0.0016844784
PSOQRNN,GC=F,2026-06-24 07:15:00,0.0016952764,0.0016837869
PSOQRNN,GC=F,2026-06-24 07:30:00,0.0016939163,0.0016837252
PSOQRNN,GC=F,2026-06-24 07:45:00,0.0017184058,0.0016873716
PSOQRNN,GC=F,2026-06-24 08:00:00,0.0016931162,0.0016794928
PSOQRNN,GC=F,2026-06-24 08:15:00,0.0016596556,0.0016829994
PSOQRNN,GC=F,2026-06-24 08:30:00,0.0016789025,0.0016832597
PSOQRNN,GC=F,2026-06-24 08:45:00,0.0017123647,0.0016838934
PSOQRNN,GC=F,2026-06-24 09:00:00,0.0016881344,0.0016835398
PSOQRNN,GC=F,2026-06-24 09:15:00,0.0017134065,0.0016864771
PSOQRNN,GC=F,2026-06-24 09:30:00,0.0016930477,0.0016853116
PSOQRNN,GC=F,2026-06-24 09:45:00,0.0017038425,0.0016856826
PSOQRNN,GC=F,2026-06-24 10:00:00,0.0017030723,0.0016853042
PSOQRNN,GC=F,2026-06-24 10:15:00,0.0016934698,0.0016836424
PSOQRNN,GC=F,2026-06-24 10:30:00,0.001671024,0.0016840228
PSOQRNN,GC=F,2026-06-24 10:45:00,0.0017233444,0.0016896339
PSOQRNN,GC=F,2026-06-24 11:00:00,0.0017292065,0.0016939337
PSOQRNN,GC=F,2026-06-24 11:15:00,0.0017049701,0.0016940949
PSOQRNN,GC=F,2026-06-24 11:30:00,0.0016907112,0.0016944349
PSOQRNN,GC=F,2026-06-24 11:45:00,0.0016946995,0.0016939747
PSOQRNN,GC=F,2026-06-24 12:00:00,0.0017305055,0.0016927238
PSOQRNN,GC=F,2026-06-24 12:15:00,0.0017826386,0.0017269767
PSOQRNN,GC=F,2026-06-24 12:30:00,0.0017352352,0.0017259158
PSOQRNN,GC=F,2026-06-24 12:45:00,0.0018249056,0.001760642
PSOQRNN,GC=F,2026-06-24 13:00:00,0.0018185383,0.001777823
PSOQRNN,GC=F,2026-06-24 13:15:00,0.0017577416,0.0017791158
PSOQRNN,GC=F,2026-06-24 13:30:00,0.0016291734,0.001891495
PSOQRNN,GC=F,2026-06-24 13:45:00,0.0017888343,0.0019259842
PSOQRNN,GC=F,2026-06-24 14:00:00,0.001966407,0.0019449053
PSOQRNN,GC=F,2026-06-24 14:15:00,0.0018966704,0.0019461698
PSOQRNN,GC=F,2026-06-24 14:30:00,0.0019427913,0.0019434909
PSOQRNN,GC=F,2026-06-24 14:45:00,0.0019417948,0.0019459873
PSOQRNN,GC=F,2026-06-24 15:00:00,0.0019346217,0.0019212096
PSOQRNN,GC=F,2026-06-24 15:15:00,0.0018473635,0.0019290461
PSOQRNN,GC=F,2026-06-24 15:30:00,0.0019325083,0.001928475
PSOQRNN,GC=F,2026-06-24 15:45:00,0.0019114017,0.0018900671
PSOQRNN,GC=F,2026-06-24 16:00:00,0.0018651298,0.0018813154
PSOQRNN,GC=F,2026-06-24 16:15:00,0.001810529,0.0018943113
PSOQRNN,GC=F,2026-06-24 16:30:00,0.0018871079,0.0018929864
PSOQRNN,GC=F,2026-06-24 16:45:00,0.0018901619,0.0018896294
PSOQRNN,GC=F,2026-06-24 17:00:00,0.001867685,0.0018875154
PSOQRNN,GC=F,2026-06-24 17:15:00,0.0019243422,0.0019000703
PSOQRNN,GC=F,2026-06-24 17:30:00,0.0018973355,0.0019009744
PSOQRNN,GC=F,2026-06-24 17:45:00,0.0019199374,0.0019081613
PSOQRNN,GC=F,2026-06-24 18:00:00,0.0018256166,0.0019213728
PSOQRNN,GC=F,2026-06-24 18:15:00,0.0018863063,0.0019214528
PSOQRNN,GC=F,2026-06-24 18:30:00,0.0019170634,0.0019228242
PSOQRNN,GC=F,2026-06-24 18:45:00,0.001903784,0.001922636
PSOQRNN,GC=F,2026-06-24 19:00:00,0.0019100631,0.0019220775
PSOQRNN,GC=F,2026-06-24 19:15:00,0.0018677702,0.0019258825
PSOQRNN,GC=F,2026-06-24 19:30:00,0.0018988479,0.0019258244
PSOQRNN,GC=F,2026-06-24 19:45:00,0.0018783776,0.0019259193
PSOQRNN,GC=F,2026-06-24 20:00:00,0.0018681649,0.0019293294
PSOQRNN,GC=F,2026-06-24 20:15:00,0.0018813116,0.0019263484
PSOQRNN,GC=F,2026-06-24 20:30:00,0.0019018137,0.00192636
PSOQRNN,GC=F,2026-06-24 20:45:00,0.0018959164,0.0019262702
PSOQRNN,GC=F,2026-06-24 21:00:00,0.0018965772,0.001926209
PSOQRNN,GC=F,2026-06-24 21:15:00,0.0018965265,0.0019253575
PSOQRNN,GC=F,2026-06-24 21:30:00,0.0018958232,0.0019229965
PSOQRNN,GC=F,2026-06-24 21:45:00,0.0018938752,0.0019219716
PSOQRNN,GC=F,2026-06-24 22:00:00,0.001889368,0.0019217753
PSOQRNN,GC=F,2026-06-24 22:15:00,0.0018910357,0.0019218442
PSOQRNN,GC=F,2026-06-24 22:30:00,0.0018921912,0.0019215964
PSOQRNN,GC=F,2026-06-24 22:45:00,0.0019155826,0.0019228309
PSOQRNN,GC=F,2026-06-24 23:00:00,0.0018970621,0.0019228265
PSOQRNN,GC=F,2026-06-24 23:15:00,0.0018824349,0.0019233604
PSOQRNN,GC=F,2026-06-24 23:30:00,0.0018377992,0.0019407934
PSOQRNN,GC=F,2026-06-24 23:45:00,0.0019219293,0.0019399518
PSOQRNN,GC=F,2026-06-25 00:00:00,0.0019303823,0.0019374276
PSOQRNN,GC=F,2026-06-25 00:15:00,0.0019399872,0.0019416878
PSOQRNN,GC=F,2026-06-25 00:30:00,0.0019491804,0.0019467049
PSOQRNN,GC=F,2026-06-25 00:45:00,0.0018911808,0.0019495126
PSOQRNN,GC=F,2026-06-25 01:00:00,0.0019360916,0.001949017
PSOQRNN,GC=F,2026-06-25 01:15:00,0.0018984543,0.0019507265
PSOQRNN,GC=F,2026-06-25 01:30:00,0.0019511915,0.001954905
PSOQRNN,GC=F,2026-06-25 01:45:00,0.0019402101,0.0019557127
PSOQRNN,GC=F,2026-06-25 02:00:00,0.001955068,0.0019586056
PSOQRNN,GC=F,2026-06-25 02:15:00,0.0018563005,0.0019827173
PSOQRNN,GC=F,2026-06-25 02:30:00,0.0019730038,0.0019851127
PSOQRNN,GC=F,2026-06-25 02:45:00,0.0019288362,0.001986612
PSOQRNN,GC=F,2026-06-25 03:00:00,0.001995119,0.0019947577
PSOQRNN,GC=F,2026-06-25 03:15:00,0.0019322172,0.001997203
PSOQRNN,GC=F,2026-06-25 03:30:00,0.0019599225,0.001996349
PSOQRNN,GC=F,2026-06-25 03:45:00,0.0018764216,0.0020234105
PSOQRNN,GC=F,2026-06-25 04:00:00,0.0020017317,0.0020251756
PSOQRNN,GC=F,2026-06-25 04:15:00,0.001961531,0.0020239912
PSOQRNN,GC=F,2026-06-25 04:30:00,0.0019867388,0.0020226473
PSOQRNN,GC=F,2026-06-25 04:45:00,0.0019584002,0.0020191115
PSOQRNN,GC=F,2026-06-25 05:00:00,0.0019648375,0.002017431
PSOQRNN,GC=F,2026-06-25 05:15:00,0.0019864542,0.002009118
PSOQRNN,GC=F,2026-06-25 05:30:00,0.0020067245,0.002015062
PSOQRNN,GC=F,2026-06-25 05:45:00,0.0019596755,0.002013341
PSOQRNN,GC=F,2026-06-25 06:00:00,0.0019898925,0.002014785
PSOQRNN,GC=F,2026-06-25 06:15:00,0.0019549867,0.0020126412
PSOQRNN,GC=F,2026-06-25 06:30:00,0.0019771177,0.0020095473
PSOQRNN,GC=F,2026-06-25 06:45:00,0.0019812465,0.0020098856
PSOQRNN,GC=F,2026-06-25 07:00:00,0.0019551103,0.0020094316
PSOQRNN,GC=F,2026-06-25 07:15:00,0.0019440722,0.0020096316
PSOQRNN,GC=F,2026-06-25 07:30:00,0.002008512,0.0020160943
PSOQRNN,GC=F,2026-06-25 07:45:00,0.0019202342,0.0020241803
PSOQRNN,GC=F,2026-06-25 08:00:00,0.00197993,0.0020237863
PSOQRNN,GC=F,2026-06-25 08:15:00,0.0019509008,0.0020271563
PSOQRNN,GC=F,2026-06-25 08:30:00,0.001956903,0.0020296148
PSOQRNN,GC=F,2026-06-25 08:45:00,0.0020225341,0.0020349952
PSOQRNN,GC=F,2026-06-25 09:00:00,0.0019776297,0.0020353012
PSOQRNN,GC=F,2026-06-25 09:15:00,0.0019748744,0.002034953
PSOQRNN,GC=F,2026-06-25 09:30:00,0.0020084279,0.0020360118
PSOQRNN,GC=F,2026-06-25 09:45:00,0.0019876005,0.0020358725
PSOQRNN,GC=F,2026-06-25 10:00:00,0.0020023838,0.0020364875
PSOQRNN,GC=F,2026-06-25 10:15:00,0.0019661447,0.0020383846
PSOQRNN,GC=F,2026-06-25 10:30:00,0.002002842,0.002038723
PSOQRNN,GC=F,2026-06-25 10:45:00,0.0019932862,0.0020358393
PSOQRNN,GC=F,2026-06-25 11:00:00,0.0019901705,0.0020358264
PSOQRNN,GC=F,2026-06-25 11:15:00,0.0020100265,0.0020375208
PSOQRNN,GC=F,2026-06-25 11:30:00,0.0019588969,0.0020412724
PSOQRNN,GC=F,2026-06-25 11:45:00,0.0020084237,0.001962664
PSOQRNN,GC=F,2026-06-25 12:00:00,0.0019179299,0.0019632026
PSOQRNN,GC=F,2026-06-25 12:15:00,0.0019198465,0.0019635966
PSOQRNN,GC=F,2026-06-25 12:30:00,0.0018505832,0.0019951921
PSOQRNN,GC=F,2026-06-25 12:45:00,0.001928078,0.0019985246
PSOQRNN,GC=F,2026-06-25 13:00:00,0.0018901111,0.0019378724
PSOQRNN,GC=F,2026-06-25 13:15:00,0.0019401286,0.0019421544
PSOQRNN,GC=F,2026-06-25 13:30:00,0.0019481123,0.0019474417
PSOQRNN,GC=F,2026-06-25 13:45:00,0.0019530237,0.0019531097
PSOQRNN,GC=F,2026-06-25 14:00:00,0.0018658797,0.0019680918
PSOQRNN,GC=F,2026-06-25 14:15:00,0.001893983,0.0019755103
PSOQRNN,GC=F,2026-06-25 14:30:00,0.0019631875,0.0019765415
PSOQRNN,GC=F,2026-06-25 14:45:00,0.0019692131,0.0019771077
PSOQRNN,GC=F,2026-06-25 15:00:00,0.0019522003,0.0019738397
PSOQRNN,GC=F,2026-06-25 15:15:00,0.0018705886,0.0019950215
PSOQRNN,GC=F,2026-06-25 15:30:00,0.0019487351,0.0019899355
PSOQRNN,GC=F,2026-06-25 15:45:00,0.0018989617,0.0020027738
PSOQRNN,GC=F,2026-06-25 16:00:00,0.0019769901,0.0020004692
PSOQRNN,GC=F,2026-06-25 16:15:00,0.0019447282,0.0019993132
PSOQRNN,GC=F,2026-06-25 16:30:00,0.0019911285,0.0019722576
PSOQRNN,GC=F,2026-06-25 16:45:00,0.0019462534,0.0019689691
PSOQRNN,GC=F,2026-06-25 17:00:00,0.0019286514,0.0019662562
PSOQRNN,GC=F,2026-06-25 17:15:00,0.0019162579,0.001962778
PSOQRNN,GC=F,2026-06-25 17:30:00,0.001922137,0.0019607332
PSOQRNN,GC=F,2026-06-25 17:45:00,0.0019226661,0.0019570412
PSOQRNN,GC=F,2026-06-25 18:00:00,0.0019311208,0.0019564817
PSOQRNN,GC=F,2026-06-25 18:15:00,0.0018788631,0.001965868
PSOQRNN,GC=F,2026-06-25 18:30:00,0.0019728865,0.0019730893
PSOQRNN,GC=F,2026-06-25 18:45:00,0.001927259,0.0019712078
PSOQRNN,GC=F,2026-06-25 19:00:00,0.0019149227,0.0019730348
PSOQRNN,GC=F,2026-06-25 19:15:00,0.0019506586,0.0019734974
PSOQRNN,GC=F,2026-06-25 19:30:00,0.0019408662,0.001973475
PSOQRNN,GC=F,2026-06-25 19:45:00,0.0019665584,0.0019535485
PSOQRNN,GC=F,2026-06-25 20:00:00,0.0019142268,0.0019447295
PSOQRNN,GC=F,2026-06-25 20:15:00,0.0019019338,0.0019443358
PSOQRNN,GC=F,2026-06-25 20:30:00,0.0019270615,0.0019446992
PSOQRNN,GC=F,2026-06-25 20:45:00,0.0019109993,0.0019423563
PSOQRNN,GC=F,2026-06-25 21:00:00,0.0019098106,0.0019421718
PSOQRNN,GC=F,2026-06-25 21:15:00,0.0019096585,0.0019400845
PSOQRNN,GC=F,2026-06-25 21:30:00,0.0019079439,0.001939846
PSOQRNN,GC=F,2026-06-25 21:45:00,0.0019077483,0.0019397718
PSOQRNN,GC=F,2026-06-25 22:00:00,0.0019202993,0.0019402172
PSOQRNN,GC=F,2026-06-25 22:15:00,0.001903667,0.0019398007
PSOQRNN,GC=F,2026-06-25 22:30:00,0.0018921468,0.001929721
PSOQRNN,GC=F,2026-06-25 22:45:00,0.0019078932,0.0019279309
PSOQRNN,GC=F,2026-06-25 23:00:00,0.0019071616,0.001927161
PSOQRNN,GC=F,2026-06-25 23:15:00,0.0018750401,0.0019284765
PSOQRNN,GC=F,2026-06-25 23:30:00,0.0019203809,0.0019220995
PSOQRNN,GC=F,2026-06-25 23:45:00,0.0019270389,0.0019257145
PSOQRNN,GC=F,2026-06-26 00:00:00,0.0018798447,0.0019243493
PSOQRNN,GC=F,2026-06-26 00:15:00,0.0019109529,0.0019251883
PSOQRNN,GC=F,2026-06-26 00:30:00,0.0018815584,0.0019249048
PSOQRNN,GC=F,2026-06-26 00:45:00,0.0018925281,0.0019229514
PSOQRNN,GC=F,2026-06-26 01:00:00,0.0018949382,0.0019191466
PSOQRNN,GC=F,2026-06-26 01:15:00,0.0018791101,0.0019199366
PSOQRNN,GC=F,2026-06-26 01:30:00,0.0018998171,0.0019194788
PSOQRNN,GC=F,2026-06-26 01:45:00,0.0018902438,0.0019171947
PSOQRNN,GC=F,2026-06-26 02:00:00,0.001909164,0.001913145
PSOQRNN,GC=F,2026-06-26 02:15:00,0.0019142196,0.0019162718
PSOQRNN,GC=F,2026-06-26 02:30:00,0.0019462729,0.0019280165
PSOQRNN,GC=F,2026-06-26 02:45:00,0.0019050644,0.001927684
PSOQRNN,GC=F,2026-06-26 03:00:00,0.0018735132,0.0019263473
PSOQRNN,GC=F,2026-06-26 03:15:00,0.0019051721,0.0019265226
PSOQRNN,GC=F,2026-06-26 03:30:00,0.0018782811,0.0019276022
PSOQRNN,GC=F,2026-06-26 03:45:00,0.0018863737,0.0019274333
PSOQRNN,GC=F,2026-06-26 04:00:00,0.0018801393,0.0019291507
PSOQRNN,GC=F,2026-06-26 04:15:00,0.0019022651,0.0019287721
PSOQRNN,GC=F,2026-06-26 04:30:00,0.0018964363,0.0019214535
PSOQRNN,GC=F,2026-06-26 04:45:00,0.0018791796,0.0019158081
PSOQRNN,GC=F,2026-06-26 05:00:00,0.0018745399,0.0019167162
PSOQRNN,GC=F,2026-06-26 05:15:00,0.0018828654,0.0019155424
PSOQRNN,GC=F,2026-06-26 05:30:00,0.0019085668,0.0019151103
PSOQRNN,GC=F,2026-06-26 05:45:00,0.0018995717,0.0019145065
PSOQRNN,GC=F,2026-06-26 06:00:00,0.0018803043,0.0019147061
PSOQRNN,GC=F,2026-06-26 06:15:00,0.0018355771,0.0019290895
PSOQRNN,GC=F,2026-06-26 06:30:00,0.0018941623,0.00192014
PSOQRNN,GC=F,2026-06-26 06:45:00,0.0018689292,0.0019230099
PSOQRNN,GC=F,2026-06-26 07:00:00,0.0019075465,0.0019231613
PSOQRNN,GC=F,2026-06-26 07:15:00,0.0018578224,0.0019300792
PSOQRNN,GC=F,2026-06-26 07:30:00,0.0019270057,0.0019301827
PSOQRNN,GC=F,2026-06-26 07:45:00,0.0018997997,0.0019256055
PSOQRNN,GC=F,2026-06-26 08:00:00,0.0018960282,0.0019242133
PSOQRNN,GC=F,2026-06-26 08:15:00,0.0018790312,0.0019227499
PSOQRNN,GC=F,2026-06-26 08:30:00,0.0018944027,0.0019226337
PSOQRNN,GC=F,2026-06-26 08:45:00,0.0019102184,0.0019229208
PSOQRNN,GC=F,2026-06-26 09:00:00,0.0018631942,0.0019272866
PSOQRNN,GC=F,2026-06-26 09:15:00,0.0018657987,0.0019321488
PSOQRNN,GC=F,2026-06-26 09:30:00,0.001902877,0.0019308166
PSOQRNN,GC=F,2026-06-26 09:45:00,0.0019017805,0.0019306006
PSOQRNN,GC=F,2026-06-26 10:00:00,0.0018871856,0.0019305836
PSOQRNN,GC=F,2026-06-26 10:15:00,0.0019115167,0.0019310236
PSOQRNN,GC=F,2026-06-26 10:30:00,0.001899401,0.001931009
PSOQRNN,GC=F,2026-06-26 10:45:00,0.0018783298,0.0019288021
PSOQRNN,GC=F,2026-06-26 11:00:00,0.0019250718,0.0019315891
PSOQRNN,GC=F,2026-06-26 11:15:00,0.0018816146,0.0019335543
PSOQRNN,GC=F,2026-06-26 11:30:00,0.0019256049,0.0019357577
PSOQRNN,GC=F,2026-06-26 11:45:00,0.0019076769,0.0019356988
PSOQRNN,GC=F,2026-06-26 12:00:00,0.0018935043,0.0019363603
PSOQRNN,GC=F,2026-06-26 12:15:00,0.0019144388,0.0019366947
PSOQRNN,GC=F,2026-06-26 12:30:00,0.0019286266,0.0019389507
PSOQRNN,GC=F,2026-06-26 12:45:00,0.0018414328,0.0019615432
PSOQRNN,GC=F,2026-06-26 13:00:00,0.0019592026,0.0019658918
PSOQRNN,GC=F,2026-06-26 13:15:00,0.0019046692,0.0019656033
PSOQRNN,GC=F,2026-06-26 13:30:00,0.0019094071,0.001967426
PSOQRNN,GC=F,2026-06-26 13:45:00,0.0018900698,0.001975496
PSOQRNN,GC=F,2026-06-26 14:00:00,0.0019045895,0.0019795909
PSOQRNN,GC=F,2026-06-26 14:15:00,0.001933355,0.0019793832
PSOQRNN,GC=F,2026-06-26 14:30:00,0.001947465,0.001972947
PSOQRNN,GC=F,2026-06-26 14:45:00,0.0019422031,0.001962984
PSOQRNN,GC=F,2026-06-26 15:00:00,0.0019318331,0.001958658
PSOQRNN,GC=F,2026-06-26 15:15:00,0.0019059817,0.0019568342
PSOQRNN,GC=F,2026-06-26 15:30:00,0.0018827203,0.0019629
PSOQRNN,GC=F,2026-06-26 15:45:00,0.0019409922,0.0019635546
PSOQRNN,GC=F,2026-06-26 16:00:00,0.0019253631,0.0019602084
PSOQRNN,GC=F,2026-06-26 16:15:00,0.0019410313,0.0019567257
PSOQRNN,GC=F,2026-06-26 16:30:00,0.0019314801,0.0019548726
PSOQRNN,GC=F,2026-06-26 16:45:00,0.0019189866,0.0019542377
PSOQRNN,GC=F,2026-06-26 17:00:00,0.0019250242,0.0019490194
PSOQRNN,GC=F,2026-06-26 17:15:00,0.0019214735,0.0019464468
PSOQRNN,GC=F,2026-06-26 17:30:00,0.0019319736,0.0019309254
PSOQRNN,GC=F,2026-06-26 17:45:00,0.0019076872,0.0019299563
PSOQRNN,GC=F,2026-06-26 18:00:00,0.0018924265,0.00192912
PSOQRNN,GC=F,2026-06-26 18:15:00,0.0019109757,0.0019297891
PSOQRNN,GC=F,2026-06-26 18:30:00,0.0019023769,0.0019204922
PSOQRNN,GC=F,2026-06-26 18:45:00,0.0019112714,0.0019199973
PSOQRNN,GC=F,2026-06-26 19:00:00,0.0018849313,0.0019189224
PSOQRNN,GC=F,2026-06-26 19:15:00,0.0019021906,0.0019180124
PSOQRNN,GC=F,2026-06-26 19:30:00,0.0018811497,0.0019183616
PSOQRNN,GC=F,2026-06-26 19:45:00,0.0018793093,0.0019189154
PSOQRNN,GC=F,2026-06-26 20:00:00,0.0019043917,0.0019189161
PSOQRNN,GC=F,2026-06-26 20:15:00,0.0018755144,0.0019179928
PSOQRNN,GC=F,2026-06-26 20:30:00,0.0018944576,0.0019167045
PSOQRNN,GC=F,2026-06-26 20:45:00,0.0018501423,0.0019240369
PSOQRNN,GC=F,2026-06-26 21:00:00,0.0018947353,0.0018983134
PSOQRNN,GC=F,2026-06-26 21:15:00,0.0018734467,0.0018935483
PSOQRNN,GC=F,2026-06-26 21:30:00,0.0018694858,0.0018923145
PSOQRNN,GC=F,2026-06-26 21:45:00,0.0018684597,0.0018906547
PSOQRNN,GC=F,2026-06-26 22:00:00,0.0018670786,0.0018906182
PSOQRNN,GC=F,2026-06-26 22:15:00,0.0018670473,0.0018904222
PSOQRNN,GC=F,2026-06-26 22:30:00,0.0018668843,0.0018902665
PSOQRNN,GC=F,2026-06-26 22:45:00,0.0018667545,0.0018860333
PSOQRNN,GC=F,2026-06-26 23:00:00,0.0018632285,0.0018860168
PSOQRNN,GC=F,2026-06-26 23:15:00,0.0018632151,0.0018831912
PSOQRNN,GC=F,2026-06-26 23:30:00,0.0018608572,0.0018828533
PSOQRNN,GC=F,2026-06-26 23:45:00,0.0018605758,0.001880024
PSOQRNN,GC=F,2026-06-27 00:00:00,0.0018582153,0.001880024
PSOQRNN,GC=F,2026-06-27 00:15:00,0.0018582153,0.0018769843
PSOQRNN,GC=F,2026-06-27 00:30:00,0.0018556747,0.0018769501
PSOQRNN,GC=F,2026-06-27 00:45:00,0.0018556465,0.0018759599
PSOQRNN,GC=F,2026-06-27 01:00:00,0.0018548169,0.0018751059
PSOQRNN,GC=F,2026-06-27 01:15:00,0.0018541025,0.0018750192
PSOQRNN,GC=F,2026-06-27 01:30:00,0.0018540309,0.0018737046
PSOQRNN,GC=F,2026-06-27 01:45:00,0.0018529296,0.0018679478
PSOQRNN,GC=F,2026-06-27 02:00:00,0.0018481096,0.0018618508
PSOQRNN,GC=F,2026-06-27 02:15:00,0.001842992,0.0018615293
PSOQRNN,GC=F,2026-06-27 02:30:00,0.0018427212,0.0018613497
PSOQRNN,GC=F,2026-06-27 02:45:00,0.0018425715,0.0018613213
PSOQRNN,GC=F,2026-06-27 03:00:00,0.0018425464,0.0018559928
PSOQRNN,GC=F,2026-06-27 03:15:00,0.001838067,0.0018216468
PSOQRNN,GC=F,2026-06-27 03:30:00,0.0018089782,0.0018212125
PSOQRNN,GC=F,2026-06-27 03:45:00,0.0018086076,0.0017752057
PSOQRNN,GC=F,2026-06-28 22:00:00,0.0018151493,0.0017667399
PSOQRNN,GC=F,2026-06-28 22:15:00,0.0018079564,0.0017771353
PSOQRNN,GC=F,2026-06-28 22:30:00,0.0017478192,0.0016631822
PSOQRNN,GC=F,2026-06-28 22:45:00,0.0016578194,0.001625982
PSOQRNN,GC=F,2026-06-28 23:00:00,0.001638358,0.0016011588
PSOQRNN,GC=F,2026-06-28 23:15:00,0.0016450492,0.0016057618
PSOQRNN,GC=F,2026-06-28 23:30:00,0.0015933155,0.0016033893
PSOQRNN,GC=F,2026-06-28 23:45:00,0.0016157009,0.0015980258
PSOQRNN,GC=F,2026-06-29 00:00:00,0.0016209651,0.0015961148
PSOQRNN,GC=F,2026-06-29 00:15:00,0.001648967,0.0015933019
PSOQRNN,GC=F,2026-06-29 00:30:00,0.0015258109,0.0016183287
PSOQRNN,GC=F,2026-06-29 00:45:00,0.0016255636,0.0016172719
PSOQRNN,GC=F,2026-06-29 01:00:00,0.0016820383,0.0016330936
PSOQRNN,GC=F,2026-06-29 01:15:00,0.0016235944,0.0016206971
PSOQRNN,GC=F,2026-06-29 01:30:00,0.0016179851,0.0016196517
PSOQRNN,GC=F,2026-06-29 01:45:00,0.001635489,0.001617277
PSOQRNN,GC=F,2026-06-29 02:00:00,0.0016260837,0.0016172495
PSOQRNN,GC=F,2026-06-29 02:15:00,0.0015993717,0.0016015782
PSOQRNN,GC=F,2026-06-29 02:30:00,0.0016450249,0.0016044291
PSOQRNN,GC=F,2026-06-29 02:45:00,0.001591688,0.0015958166
PSOQRNN,GC=F,2026-06-29 03:00:00,0.0015952395,0.0015776204
PSOQRNN,GC=F,2026-06-29 03:15:00,0.0015770847,0.001578098
PSOQRNN,GC=F,2026-06-29 03:30:00,0.0016071216,0.0015761958
PSOQRNN,GC=F,2026-06-29 03:45:00,0.0015852932,0.0015754838
PSOQRNN,GC=F,2026-06-29 04:00:00,0.0016011774,0.0015748875
PSOQRNN,GC=F,2026-06-29 04:15:00,0.0015863478,0.0015713602
PSOQRNN,GC=F,2026-06-29 04:30:00,0.0016155569,0.0015769234
PSOQRNN,GC=F,2026-06-29 04:45:00,0.0016107354,0.001577938
PSOQRNN,GC=F,2026-06-29 05:00:00,0.0015734978,0.0015746395
PSOQRNN,GC=F,2026-06-29 05:15:00,0.0016105291,0.0015760454
PSOQRNN,GC=F,2026-06-29 05:30:00,0.0015843667,0.0015758887
PSOQRNN,GC=F,2026-06-29 05:45:00,0.0015707524,0.0015772369
PSOQRNN,GC=F,2026-06-29 06:00:00,0.0015701541,0.0015789027
PSOQRNN,GC=F,2026-06-29 06:15:00,0.0015844218,0.0015790418
PSOQRNN,GC=F,2026-06-29 06:30:00,0.0015887812,0.0015790431
PSOQRNN,GC=F,2026-06-29 06:45:00,0.001586863,0.0015790834
PSOQRNN,GC=F,2026-06-29 07:00:00,0.0016038417,0.0015800368
PSOQRNN,GC=F,2026-06-29 07:15:00,0.0015648594,0.0015834947
PSOQRNN,GC=F,2026-06-29 07:30:00,0.0016083982,0.0015845518
PSOQRNN,GC=F,2026-06-29 07:45:00,0.0015990252,0.0015814938
PSOQRNN,GC=F,2026-06-29 08:00:00,0.0015846083,0.0015816749
PSOQRNN,GC=F,2026-06-29 08:15:00,0.0016047533,0.0015818414
PSOQRNN,GC=F,2026-06-29 08:30:00,0.0016149728,0.0015649374
PSOQRNN,GC=F,2026-06-29 08:45:00,0.0016123125,0.0015702811
PSOQRNN,GC=F,2026-06-29 09:00:00,0.0015684036,0.0015682258
PSOQRNN,GC=F,2026-06-29 09:15:00,0.0015931629,0.001562498
PSOQRNN,GC=F,2026-06-29 09:30:00,0.0015888714,0.001554646
PSOQRNN,GC=F,2026-06-29 09:45:00,0.0016137813,0.0015630719
PSOQRNN,GC=F,2026-06-29 10:00:00,0.0015466388,0.0015646502
PSOQRNN,GC=F,2026-06-29 10:15:00,0.0015839246,0.0015634098
PSOQRNN,GC=F,2026-06-29 10:30:00,0.0015843,0.0015571128
PSOQRNN,GC=F,2026-06-29 10:45:00,0.0015622232,0.0015548926
PSOQRNN,GC=F,2026-06-29 11:00:00,0.001575725,0.0015485637
PSOQRNN,GC=F,2026-06-29 11:15:00,0.0015723809,0.0015209849
PSOQRNN,GC=F,2026-06-29 11:30:00,0.001522464,0.001516367
PSOQRNN,GC=F,2026-06-29 11:45:00,0.0015135106,0.0015162008
PSOQRNN,GC=F,2026-06-29 12:00:00,0.0014959028,0.0015083601
PSOQRNN,GC=F,2026-06-29 12:15:00,0.0015592839,0.0015134404
PSOQRNN,GC=F,2026-06-29 12:30:00,0.0015014593,0.0015162306
PSOQRNN,GC=F,2026-06-29 12:45:00,0.0015340922,0.0014771575
PSOQRNN,GC=F,2026-06-29 13:00:00,0.0014760691,0.0014742214
PSOQRNN,GC=F,2026-06-29 13:15:00,0.0015261843,0.0014804249
PSOQRNN,GC=F,2026-06-29 13:30:00,0.0014915528,0.0014797507
PSOQRNN,GC=F,2026-06-29 13:45:00,0.0015186112,0.00148149
PSOQRNN,GC=F,2026-06-29 14:00:00,0.0015926607,0.0015270795
PSOQRNN,GC=F,2026-06-29 14:15:00,0.001476455,0.0015461609
PSOQRNN,GC=F,2026-06-29 14:30:00,0.0015748385,0.0015380487
PSOQRNN,GC=F,2026-06-29 14:45:00,0.0015329549,0.0015391755
PSOQRNN,GC=F,2026-06-29 15:00:00,0.0015684862,0.001537838
PSOQRNN,GC=F,2026-06-29 15:15:00,0.0015390642,0.0015374618
PSOQRNN,GC=F,2026-06-29 15:30:00,0.0015553132,0.0015369933
PSOQRNN,GC=F,2026-06-29 15:45:00,0.001533109,0.0015367197
PSOQRNN,GC=F,2026-06-29 16:00:00,0.0015621255,0.0015370972
PSOQRNN,GC=F,2026-06-29 16:15:00,0.0015509946,0.0015347918
PSOQRNN,GC=F,2026-06-29 16:30:00,0.0015578752,0.001525172
PSOQRNN,GC=F,2026-06-29 16:45:00,0.0015277729,0.0015106713
PSOQRNN,GC=F,2026-06-29 17:00:00,0.0015033833,0.0015126396
PSOQRNN,GC=F,2026-06-29 17:15:00,0.0015474493,0.0015113837
PSOQRNN,GC=F,2026-06-29 17:30:00,0.0015329506,0.0015089811
PSOQRNN,GC=F,2026-06-29 17:45:00,0.0015265585,0.0014999827
PSOQRNN,GC=F,2026-06-29 18:00:00,0.0014998728,0.0015005659
PSOQRNN,GC=F,2026-06-29 18:15:00,0.0015262968,0.001500757
PSOQRNN,GC=F,2026-06-29 18:30:00,0.0015159771,0.0014977853
PSOQRNN,GC=F,2026-06-29 18:45:00,0.0015418589,0.0015025001
PSOQRNN,GC=F,2026-06-29 19:00:00,0.0015383947,0.0015035353
PSOQRNN,GC=F,2026-06-29 19:15:00,0.0014800343,0.0015079607
PSOQRNN,GC=F,2026-06-29 19:30:00,0.0015174994,0.0015067618
PSOQRNN,GC=F,2026-06-29 19:45:00,0.0015288044,0.0015069965
PSOQRNN,GC=F,2026-06-29 20:00:00,0.00152702,0.0015071143
PSOQRNN,GC=F,2026-06-29 20:15:00,0.0015057923,0.0015049214
PSOQRNN,GC=F,2026-06-29 20:30:00,0.001527792,0.001500789
PSOQRNN,GC=F,2026-06-29 20:45:00,0.0015131808,0.001498934
PSOQRNN,GC=F,2026-06-29 21:00:00,0.0015125445,0.0014985438
PSOQRNN,GC=F,2026-06-29 21:15:00,0.0015121549,0.0014982823
PSOQRNN,GC=F,2026-06-29 21:30:00,0.0015118973,0.0014585971
PSOQRNN,GC=F,2026-06-29 21:45:00,0.0014718708,0.0014547212
PSOQRNN,GC=F,2026-06-29 22:00:00,0.0014616924,0.0014256081
PSOQRNN,GC=F,2026-06-29 22:15:00,0.0014467853,0.0014190886
PSOQRNN,GC=F,2026-06-29 22:30:00,0.0014549134,0.0014129869
PSOQRNN,GC=F,2026-06-29 22:45:00,0.0014073029,0.0014053116
PSOQRNN,GC=F,2026-06-29 23:00:00,0.0013880894,0.0013898138
PSOQRNN,GC=F,2026-06-29 23:15:00,0.0014176214,0.0013818442
PSOQRNN,GC=F,2026-06-29 23:30:00,0.0014001385,0.0013779809
PSOQRNN,GC=F,2026-06-29 23:45:00,0.0013869049,0.0013719993
PSOQRNN,GC=F,2026-06-30 00:00:00,0.0014019288,0.0013727515
PSOQRNN,GC=F,2026-06-30 00:15:00,0.0014044973,0.0013441986
PSOQRNN,GC=F,2026-06-30 00:30:00,0.0014166948,0.0013632863
PSOQRNN,GC=F,2026-06-30 00:45:00,0.0013883911,0.0013464272
PSOQRNN,GC=F,2026-06-30 01:00:00,0.0014876759,0.0014231481
PSOQRNN,GC=F,2026-06-30 01:15:00,0.001348012,0.0014591316
PSOQRNN,GC=F,2026-06-30 01:30:00,0.0015127041,0.0014602802
PSOQRNN,GC=F,2026-06-30 01:45:00,0.0014727482,0.0014595747
PSOQRNN,GC=F,2026-06-30 02:00:00,0.0015221322,0.0014707436
PSOQRNN,GC=F,2026-06-30 02:15:00,0.001465464,0.0014714563
PSOQRNN,GC=F,2026-06-30 02:30:00,0.0014970339,0.0014718496
PSOQRNN,GC=F,2026-06-30 02:45:00,0.0014720093,0.0014728314
PSOQRNN,GC=F,2026-06-30 03:00:00,0.0014696977,0.0014739948
PSOQRNN,GC=F,2026-06-30 03:15:00,0.0014904151,0.001461546
PSOQRNN,GC=F,2026-06-30 03:30:00,0.0014861907,0.0014517792
PSOQRNN,GC=F,2026-06-30 03:45:00,0.001433785,0.001456393
PSOQRNN,GC=F,2026-06-30 04:00:00,0.0014612379,0.0014544316
PSOQRNN,GC=F,2026-06-30 04:15:00,0.001425751,0.0014621266
PSOQRNN,GC=F,2026-06-30 04:30:00,0.0014488412,0.0014656977
PSOQRNN,GC=F,2026-06-30 04:45:00,0.0014915677,0.0014610183
PSOQRNN,GC=F,2026-06-30 05:00:00,0.0014760031,0.0014608408
PSOQRNN,GC=F,2026-06-30 05:15:00,0.0014850048,0.0014606409
PSOQRNN,GC=F,2026-06-30 05:30:00,0.0014894073,0.0014603543
PSOQRNN,GC=F,2026-06-30 05:45:00,0.0014795101,0.001460464
PSOQRNN,GC=F,2026-06-30 06:00:00,0.0014316968,0.0014694434
PSOQRNN,GC=F,2026-06-30 06:15:00,0.0013825806,0.0015184977
PSOQRNN,GC=F,2026-06-30 06:30:00,0.0014776809,0.0015333887
PSOQRNN,GC=F,2026-06-30 06:45:00,0.0015291668,0.0015349303
PSOQRNN,GC=F,2026-06-30 07:00:00,0.0015647555,0.0015354134
PSOQRNN,GC=F,2026-06-30 07:15:00,0.0015366921,0.0015360125
PSOQRNN,GC=F,2026-06-30 07:30:00,0.0015471645,0.0015345647
PSOQRNN,GC=F,2026-06-30 07:45:00,0.0015338924,0.0015351124
PSOQRNN,GC=F,2026-06-30 08:00:00,0.0015812775,0.0015400926
PSOQRNN,GC=F,2026-06-30 08:15:00,0.0015456242,0.0015373259
PSOQRNN,GC=F,2026-06-30 08:30:00,0.0015834571,0.001540039
PSOQRNN,GC=F,2026-06-30 08:45:00,0.0015633885,0.0015341383
PSOQRNN,GC=F,2026-06-30 09:00:00,0.0015338223,0.001533444
PSOQRNN,GC=F,2026-06-30 09:15:00,0.0015514046,0.0015320836
PSOQRNN,GC=F,2026-06-30 09:30:00,0.001539738,0.0015310223
PSOQRNN,GC=F,2026-06-30 09:45:00,0.0015228406,0.0015332979
PSOQRNN,GC=F,2026-06-30 10:00:00,0.0015393542,0.001533545
PSOQRNN,GC=F,2026-06-30 10:15:00,0.0015364359,0.0015332679
PSOQRNN,GC=F,2026-06-30 10:30:00,0.0015492358,0.0015328807
PSOQRNN,GC=F,2026-06-30 10:45:00,0.0015373691,0.0015332547
PSOQRNN,GC=F,2026-06-30 11:00:00,0.0015318163,0.0015319425
PSOQRNN,GC=F,2026-06-30 11:15:00,0.0015507132,0.0015273754
PSOQRNN,GC=F,2026-06-30 11:30:00,0.001529185,0.0015093134
PSOQRNN,GC=F,2026-06-30 11:45:00,0.0015292828,0.0015092145
PSOQRNN,GC=F,2026-06-30 12:00:00,0.0015525515,0.0015102659
PSOQRNN,GC=F,2026-06-30 12:15:00,0.001561338,0.0015169414
PSOQRNN,GC=F,2026-06-30 12:30:00,0.0015240052,0.0015150681
PSOQRNN,GC=F,2026-06-30 12:45:00,0.001562826,0.0015202181
PSOQRNN,GC=F,2026-06-30 13:00:00,0.0014798063,0.0015329038
PSOQRNN,GC=F,2026-06-30 13:15:00,0.0015429299,0.001532875
PSOQRNN,GC=F,2026-06-30 13:30:00,0.0015417134,0.0015329379
PSOQRNN,GC=F,2026-06-30 13:45:00,0.0015279324,0.0015335133
PSOQRNN,GC=F,2026-06-30 14:00:00,0.0014911671,0.0015478965
PSOQRNN,GC=F,2026-06-30 14:15:00,0.0015186134,0.001556561
PSOQRNN,GC=F,2026-06-30 14:30:00,0.0015823736,0.001554929
PSOQRNN,GC=F,2026-06-30 14:45:00,0.0016203357,0.0015682245
PSOQRNN,GC=F,2026-06-30 15:00:00,0.0015857915,0.0015681735
PSOQRNN,GC=F,2026-06-30 15:15:00,0.0016112012,0.0015565704
PSOQRNN,GC=F,2026-06-30 15:30:00,0.0015652053,0.0015565166
PSOQRNN,GC=F,2026-06-30 15:45:00,0.001567109,0.0015534272
PSOQRNN,GC=F,2026-06-30 16:00:00,0.001564903,0.0015523657
PSOQRNN,GC=F,2026-06-30 16:15:00,0.0015650525,0.001544186
PSOQRNN,GC=F,2026-06-30 16:30:00,0.0015519949,0.0015401482
PSOQRNN,GC=F,2026-06-30 16:45:00,0.0015749615,0.0015425273
PSOQRNN,GC=F,2026-06-30 17:00:00,0.001566171,0.0015430901
PSOQRNN,GC=F,2026-06-30 17:15:00,0.0015465824,0.0015420082
PSOQRNN,GC=F,2026-06-30 17:30:00,0.0015392343,0.0015432945
PSOQRNN,GC=F,2026-06-30 17:45:00,0.0015503381,0.0015418928
PSOQRNN,GC=F,2026-06-30 18:00:00,0.0015481842,0.0015362762
PSOQRNN,GC=F,2026-06-30 18:15:00,0.0015533564,0.0015300381
PSOQRNN,GC=F,2026-06-30 18:30:00,0.0015452801,0.0015300441
PSOQRNN,GC=F,2026-06-30 18:45:00,0.0015516424,0.0015303617
PSOQRNN,GC=F,2026-06-30 19:00:00,0.0015611203,0.0015307635
PSOQRNN,GC=F,2026-06-30 19:15:00,0.0015583339,0.0015310321
PSOQRNN,GC=F,2026-06-30 19:30:00,0.0015391088,0.0015311779
PSOQRNN,GC=F,2026-06-30 19:45:00,0.001571144,0.0015314751
PSOQRNN,GC=F,2026-06-30 20:00:00,0.001527237,0.0015293015
PSOQRNN,GC=F,2026-06-30 20:15:00,0.001571355,0.0015308857
PSOQRNN,GC=F,2026-06-30 20:30:00,0.001550506,0.001528171
PSOQRNN,GC=F,2026-06-30 20:45:00,0.0015574633,0.0015293192
PSOQRNN,GC=F,2026-06-30 21:00:00,0.0015425921,0.0015285301
PSOQRNN,GC=F,2026-06-30 21:15:00,0.0015418185,0.0015280648
PSOQRNN,GC=F,2026-06-30 21:30:00,0.0015413617,0.0015250653
PSOQRNN,GC=F,2026-06-30 21:45:00,0.001538416,0.0014961576
PSOQRNN,GC=F,2026-06-30 22:00:00,0.0014866692,0.0014928721
PSOQRNN,GC=F,2026-06-30 22:15:00,0.0015077104,0.0014889603
PSOQRNN,GC=F,2026-06-30 22:30:00,0.0015021642,0.0014864472
PSOQRNN,GC=F,2026-06-30 22:45:00,0.0015037229,0.0014756044
PSOQRNN,GC=F,2026-06-30 23:00:00,0.0014850283,0.001468663
PSOQRNN,GC=F,2026-06-30 23:15:00,0.0014944798,0.0014688883
PSOQRNN,GC=F,2026-06-30 23:30:00,0.0014872839,0.0014687241
PSOQRNN,GC=F,2026-06-30 23:45:00,0.0014999324,0.0014698345
PSOQRNN,GC=F,2026-07-01 00:00:00,0.0014721629,0.0014704906
PSOQRNN,GC=F,2026-07-01 00:15:00,0.0015112387,0.0014717003
PSOQRNN,GC=F,2026-07-01 00:30:00,0.0015079255,0.0014633436
PSOQRNN,GC=F,2026-07-01 00:45:00,0.0014737984,0.0014624543
PSOQRNN,GC=F,2026-07-01 01:00:00,0.0015288553,0.0014752137
PSOQRNN,GC=F,2026-07-01 01:15:00,0.0014841886,0.0014740812
PSOQRNN,GC=F,2026-07-01 01:30:00,0.0015149747,0.0014769051
PSOQRNN,GC=F,2026-07-01 01:45:00,0.0014954096,0.0014769115
PSOQRNN,GC=F,2026-07-01 02:00:00,0.0014962478,0.0014769014
PSOQRNN,GC=F,2026-07-01 02:15:00,0.0014726662,0.0014786547
PSOQRNN,GC=F,2026-07-01 02:30:00,0.0014831293,0.0014774466
PSOQRNN,GC=F,2026-07-01 02:45:00,0.0015075455,0.0014783448
PSOQRNN,GC=F,2026-07-01 03:00:00,0.0014733261,0.001479895
PSOQRNN,GC=F,2026-07-01 03:15:00,0.0015029573,0.0014795228
PSOQRNN,GC=F,2026-07-01 03:30:00,0.0015092154,0.0014805569
PSOQRNN,GC=F,2026-07-01 03:45:00,0.0014829865,0.0014793966
PSOQRNN,GC=F,2026-07-01 04:00:00,0.0015090919,0.0014800717
PSOQRNN,GC=F,2026-07-01 04:15:00,0.0014890941,0.00147961
PSOQRNN,GC=F,2026-07-01 04:30:00,0.0015031011,0.0014793358
PSOQRNN,GC=F,2026-07-01 04:45:00,0.0014866969,0.0014787079
PSOQRNN,GC=F,2026-07-01 05:00:00,0.0015104947,0.0014791378
PSOQRNN,GC=F,2026-07-01 05:15:00,0.0014873181,0.0014776716
PSOQRNN,GC=F,2026-07-01 05:30:00,0.001485009,0.0014779102
PSOQRNN,GC=F,2026-07-01 05:45:00,0.0014956002,0.0014674235
PSOQRNN,GC=F,2026-07-01 06:00:00,0.0015168069,0.0014730936
PSOQRNN,GC=F,2026-07-01 06:15:00,0.0014766171,0.0014737746
PSOQRNN,GC=F,2026-07-01 06:30:00,0.0014694354,0.0014756765
PSOQRNN,GC=F,2026-07-01 06:45:00,0.0014879605,0.0014757067
PSOQRNN,GC=F,2026-07-01 07:00:00,0.0015330069,0.0014842782
PSOQRNN,GC=F,2026-07-01 07:15:00,0.0014862983,0.0014851689
PSOQRNN,GC=F,2026-07-01 07:30:00,0.0014703204,0.0014897174
PSOQRNN,GC=F,2026-07-01 07:45:00,0.0014848439,0.0014917467
PSOQRNN,GC=F,2026-07-01 08:00:00,0.0015102946,0.0014917814
PSOQRNN,GC=F,2026-07-01 08:15:00,0.0014869483,0.0014937951
PSOQRNN,GC=F,2026-07-01 08:30:00,0.001514796,0.001493941
PSOQRNN,GC=F,2026-07-01 08:45:00,0.0015178208,0.0014942869
PSOQRNN,GC=F,2026-07-01 09:00:00,0.0015021663,0.0014945513
PSOQRNN,GC=F,2026-07-01 09:15:00,0.0014950689,0.0014956311
PSOQRNN,GC=F,2026-07-01 09:30:00,0.0014994341,0.0014962748
PSOQRNN,GC=F,2026-07-01 09:45:00,0.0014968208,0.0014973388
PSOQRNN,GC=F,2026-07-01 10:00:00,0.0015121783,0.0014973268
PSOQRNN,GC=F,2026-07-01 10:15:00,0.0014991126,0.0014982116
PSOQRNN,GC=F,2026-07-01 10:30:00,0.0015122337,0.0014982062
PSOQRNN,GC=F,2026-07-01 10:45:00,0.0014650843,0.0015097683
PSOQRNN,GC=F,2026-07-01 11:00:00,0.0014513525,0.0015364445
PSOQRNN,GC=F,2026-07-01 11:15:00,0.0015096625,0.0015449211
PSOQRNN,GC=F,2026-07-01 11:30:00,0.0015452332,0.0015458402
PSOQRNN,GC=F,2026-07-01 11:45:00,0.0015551795,0.0015459341
PSOQRNN,GC=F,2026-07-01 12:00:00,0.00159048,0.0015507028
PSOQRNN,GC=F,2026-07-01 12:15:00,0.0015489128,0.0015519169
PSOQRNN,GC=F,2026-07-01 12:30:00,0.0015630457,0.0015519438
PSOQRNN,GC=F,2026-07-01 12:45:00,0.0015776361,0.0015526805
PSOQRNN,GC=F,2026-07-01 13:00:00,0.0015740154,0.0015413514
PSOQRNN,GC=F,2026-07-01 13:15:00,0.0014500429,0.0015847511
PSOQRNN,GC=F,2026-07-01 13:30:00,0.0013980679,0.0017719567
PSOQRNN,GC=F,2026-07-01 13:45:00,0.0017993929,0.0017770078
PSOQRNN,GC=F,2026-07-01 14:00:00,0.0017591865,0.0017775818
PSOQRNN,GC=F,2026-07-01 14:15:00,0.0017435009,0.001776191
PSOQRNN,GC=F,2026-07-01 14:30:00,0.0017993376,0.0017783878
PSOQRNN,GC=F,2026-07-01 14:45:00,0.0017689371,0.0017783934
PSOQRNN,GC=F,2026-07-01 15:00:00,0.0018024092,0.0017824743
PSOQRNN,GC=F,2026-07-01 15:15:00,0.0017796543,0.0017743553
PSOQRNN,GC=F,2026-07-01 15:30:00,0.0017740645,0.0017457171
PSOQRNN,GC=F,2026-07-01 15:45:00,0.0017490681,0.0017458795
PSOQRNN,GC=F,2026-07-01 16:00:00,0.0017365692,0.0017316225
PSOQRNN,GC=F,2026-07-01 16:15:00,0.0017341067,0.001730153
PSOQRNN,GC=F,2026-07-01 16:30:00,0.0017589319,0.0017339387
PSOQRNN,GC=F,2026-07-01 16:45:00,0.0017441976,0.0017344068
PSOQRNN,GC=F,2026-07-01 17:00:00,0.0017333026,0.0017344048
PSOQRNN,GC=F,2026-07-01 17:15:00,0.0017449842,0.00173145
PSOQRNN,GC=F,2026-07-01 17:30:00,0.0017198225,0.001726922
PSOQRNN,GC=F,2026-07-01 17:45:00,0.0017361767,0.0017248313
PSOQRNN,GC=F,2026-07-01 18:00:00,0.0017230018,0.0017242234
PSOQRNN,GC=F,2026-07-01 18:15:00,0.0017530586,0.0017276956
PSOQRNN,GC=F,2026-07-01 18:30:00,0.0017219051,0.0017264854
PSOQRNN,GC=F,2026-07-01 18:45:00,0.00172775,0.0017264576
PSOQRNN,GC=F,2026-07-01 19:00:00,0.0017146469,0.0017262892
PSOQRNN,GC=F,2026-07-01 19:15:00,0.0017500517,0.0017292063
PSOQRNN,GC=F,2026-07-01 19:30:00,0.0017474553,0.0017262392
PSOQRNN,GC=F,2026-07-01 19:45:00,0.0017835392,0.0017403099
PSOQRNN,GC=F,2026-07-01 20:00:00,0.001749907,0.0017396869
PSOQRNN,GC=F,2026-07-01 20:15:00,0.0017281217,0.0017376161
PSOQRNN,GC=F,2026-07-01 20:30:00,0.0017523542,0.0017388673
PSOQRNN,GC=F,2026-07-01 20:45:00,0.0017479125,0.0017380266
PSOQRNN,GC=F,2026-07-01 21:00:00,0.0017365,0.0017362911
PSOQRNN,GC=F,2026-07-01 21:15:00,0.0017349675,0.0017360864
PSOQRNN,GC=F,2026-07-01 21:30:00,0.0017347869,0.0017360601
PSOQRNN,GC=F,2026-07-01 21:45:00,0.0017347637,0.0017359727
PSOQRNN,GC=F,2026-07-01 22:00:00,0.0017179309,0.0017367863
PSOQRNN,GC=F,2026-07-01 22:15:00,0.0017302881,0.0017334569
PSOQRNN,GC=F,2026-07-01 22:30:00,0.0017273445,0.0017328255
PSOQRNN,GC=F,2026-07-01 22:45:00,0.0017129965,0.001734747
PSOQRNN,GC=F,2026-07-01 23:00:00,0.0017617556,0.0017383152
PSOQRNN,GC=F,2026-07-01 23:15:00,0.0017367529,0.0017377419
PSOQRNN,GC=F,2026-07-01 23:30:00,0.0017421225,0.0017358054
PSOQRNN,GC=F,2026-07-01 23:45:00,0.0017367392,0.0017302743
PSOQRNN,GC=F,2026-07-02 00:00:00,0.001693434,0.0017363956
PSOQRNN,GC=F,2026-07-02 00:15:00,0.0017314106,0.0017357231
PSOQRNN,GC=F,2026-07-02 00:30:00,0.0017622281,0.0017387376
PSOQRNN,GC=F,2026-07-02 00:45:00,0.0016917853,0.0017399534
PSOQRNN,GC=F,2026-07-02 01:00:00,0.0016901859,0.0017484223
PSOQRNN,GC=F,2026-07-02 01:15:00,0.0017890413,0.0017577033
PSOQRNN,GC=F,2026-07-02 01:30:00,0.0017735936,0.0017593914
PSOQRNN,GC=F,2026-07-02 01:45:00,0.0017458475,0.0017596025
PSOQRNN,GC=F,2026-07-02 02:00:00,0.0017623726,0.0017595447
PSOQRNN,GC=F,2026-07-02 02:15:00,0.0017431033,0.0017597508
PSOQRNN,GC=F,2026-07-02 02:30:00,0.001739705,0.0017604408
PSOQRNN,GC=F,2026-07-02 02:45:00,0.001752918,0.0017593658
PSOQRNN,GC=F,2026-07-02 03:00:00,0.0017527023,0.0017544784
PSOQRNN,GC=F,2026-07-02 03:15:00,0.0017247499,0.0017520025
PSOQRNN,GC=F,2026-07-02 03:30:00,0.0017458968,0.0017492797
PSOQRNN,GC=F,2026-07-02 03:45:00,0.0017309098,0.0017503996
PSOQRNN,GC=F,2026-07-02 04:00:00,0.0017470254,0.0017495465
PSOQRNN,GC=F,2026-07-02 04:15:00,0.0017630681,0.0017447398
PSOQRNN,GC=F,2026-07-02 04:30:00,0.001751528,0.0017451831
