model_name,asset_symbol,timestamp,predicted_value,real_value
PSOQRNN,ETH-USD,2026-06-03 07:45:00,0.0032889969,0.0032693641
PSOQRNN,ETH-USD,2026-06-03 08:00:00,0.003330065,0.0032706514
PSOQRNN,ETH-USD,2026-06-03 08:15:00,0.003300435,0.0032694724
PSOQRNN,ETH-USD,2026-06-03 08:30:00,0.0032651767,0.003272664
PSOQRNN,ETH-USD,2026-06-03 08:45:00,0.0033031316,0.0032726354
PSOQRNN,ETH-USD,2026-06-03 09:00:00,0.0033140033,0.0032717686
PSOQRNN,ETH-USD,2026-06-03 09:15:00,0.003319321,0.0032720244
PSOQRNN,ETH-USD,2026-06-03 09:30:00,0.0033439847,0.0032748766
PSOQRNN,ETH-USD,2026-06-03 09:45:00,0.0032766033,0.0032781586
PSOQRNN,ETH-USD,2026-06-03 10:00:00,0.0032414512,0.0032933222
PSOQRNN,ETH-USD,2026-06-03 10:15:00,0.0033178579,0.0032935815
PSOQRNN,ETH-USD,2026-06-03 10:30:00,0.0033512437,0.0032945503
PSOQRNN,ETH-USD,2026-06-03 10:45:00,0.003315984,0.0032944612
PSOQRNN,ETH-USD,2026-06-03 11:00:00,0.0033029509,0.0032955129
PSOQRNN,ETH-USD,2026-06-03 11:15:00,0.0033352089,0.003295058
PSOQRNN,ETH-USD,2026-06-03 11:30:00,0.0033747447,0.0032994656
PSOQRNN,ETH-USD,2026-06-03 11:45:00,0.00335817,0.0032977709
PSOQRNN,ETH-USD,2026-06-03 12:00:00,0.0033579355,0.003299106
PSOQRNN,ETH-USD,2026-06-03 12:15:00,0.0033423046,0.0032989138
PSOQRNN,ETH-USD,2026-06-03 12:30:00,0.0033388024,0.0032979404
PSOQRNN,ETH-USD,2026-06-03 12:45:00,0.0032998668,0.0032992577
PSOQRNN,ETH-USD,2026-06-03 13:00:00,0.0033510714,0.0032998004
PSOQRNN,ETH-USD,2026-06-03 13:15:00,0.003380921,0.0033041292
PSOQRNN,ETH-USD,2026-06-03 13:30:00,0.0033733335,0.0033059146
PSOQRNN,ETH-USD,2026-06-03 13:45:00,0.0033175563,0.003307234
PSOQRNN,ETH-USD,2026-06-03 14:00:00,0.00335204,0.0033066953
PSOQRNN,ETH-USD,2026-06-03 14:15:00,0.003408254,0.003312969
PSOQRNN,ETH-USD,2026-06-03 14:30:00,0.003382862,0.0033115686
PSOQRNN,ETH-USD,2026-06-03 14:45:00,0.0033041963,0.00331403
PSOQRNN,ETH-USD,2026-06-03 15:00:00,0.0034104444,0.0033183827
PSOQRNN,ETH-USD,2026-06-03 15:15:00,0.003331657,0.0033133696
PSOQRNN,ETH-USD,2026-06-03 15:30:00,0.003424927,0.0033253094
PSOQRNN,ETH-USD,2026-06-03 15:45:00,0.0034267642,0.0033341353
PSOQRNN,ETH-USD,2026-06-03 16:00:00,0.0033689335,0.0033205536
PSOQRNN,ETH-USD,2026-06-03 16:15:00,0.003523318,0.0033723977
PSOQRNN,ETH-USD,2026-06-03 16:30:00,0.0033314012,0.0033898263
PSOQRNN,ETH-USD,2026-06-03 16:45:00,0.0033894163,0.0033880495
PSOQRNN,ETH-USD,2026-06-03 17:00:00,0.003537055,0.0033938717
PSOQRNN,ETH-USD,2026-06-03 17:15:00,0.003353731,0.0034109806
PSOQRNN,ETH-USD,2026-06-03 17:30:00,0.0033915432,0.003408857
PSOQRNN,ETH-USD,2026-06-03 17:45:00,0.0035124132,0.003417432
PSOQRNN,ETH-USD,2026-06-03 18:00:00,0.0034431105,0.0034170276
PSOQRNN,ETH-USD,2026-06-03 18:15:00,0.0034806905,0.0034176218
PSOQRNN,ETH-USD,2026-06-03 18:30:00,0.003410531,0.0034226687
PSOQRNN,ETH-USD,2026-06-03 18:45:00,0.003439936,0.0034230216
PSOQRNN,ETH-USD,2026-06-03 19:00:00,0.0034984066,0.003421863
PSOQRNN,ETH-USD,2026-06-03 19:15:00,0.0035676425,0.0034378474
PSOQRNN,ETH-USD,2026-06-03 19:30:00,0.0034396024,0.0034385307
PSOQRNN,ETH-USD,2026-06-03 19:45:00,0.0036298875,0.0034795355
PSOQRNN,ETH-USD,2026-06-03 20:00:00,0.0034506165,0.0034911435
PSOQRNN,ETH-USD,2026-06-03 20:15:00,0.0035342516,0.003486106
PSOQRNN,ETH-USD,2026-06-03 20:30:00,0.0036846455,0.003526999
PSOQRNN,ETH-USD,2026-06-03 20:45:00,0.0036774518,0.0035484424
PSOQRNN,ETH-USD,2026-06-03 21:00:00,0.0034537006,0.003595578
PSOQRNN,ETH-USD,2026-06-03 21:15:00,0.0035885535,0.0035971177
PSOQRNN,ETH-USD,2026-06-03 21:30:00,0.0034299162,0.0037157135
PSOQRNN,ETH-USD,2026-06-03 21:45:00,0.003582888,0.003778826
PSOQRNN,ETH-USD,2026-06-03 22:00:00,0.003916406,0.0037949185
PSOQRNN,ETH-USD,2026-06-03 22:15:00,0.0039042095,0.0038030634
PSOQRNN,ETH-USD,2026-06-03 22:30:00,0.0038229674,0.0038028196
PSOQRNN,ETH-USD,2026-06-03 22:45:00,0.0038510428,0.0037983553
PSOQRNN,ETH-USD,2026-06-03 23:00:00,0.003875844,0.0038006513
PSOQRNN,ETH-USD,2026-06-03 23:15:00,0.0038406518,0.0038002466
PSOQRNN,ETH-USD,2026-06-03 23:30:00,0.0038826303,0.0038022816
PSOQRNN,ETH-USD,2026-06-03 23:45:00,0.0038608545,0.0037989372
PSOQRNN,ETH-USD,2026-06-04 00:00:00,0.0037884938,0.0038016147
PSOQRNN,ETH-USD,2026-06-04 00:15:00,0.004180914,0.0039295787
PSOQRNN,ETH-USD,2026-06-04 00:30:00,0.0038375657,0.0039562094
PSOQRNN,ETH-USD,2026-06-04 00:45:00,0.004047317,0.0039620725
PSOQRNN,ETH-USD,2026-06-04 01:00:00,0.004051866,0.0039674356
PSOQRNN,ETH-USD,2026-06-04 01:15:00,0.004137784,0.003993178
PSOQRNN,ETH-USD,2026-06-04 01:30:00,0.0039260876,0.0040068994
PSOQRNN,ETH-USD,2026-06-04 01:45:00,0.0042993887,0.0040809913
PSOQRNN,ETH-USD,2026-06-04 02:00:00,0.0042358213,0.0041022333
PSOQRNN,ETH-USD,2026-06-04 02:15:00,0.003934509,0.0041650543
PSOQRNN,ETH-USD,2026-06-04 02:30:00,0.0040924624,0.0041746357
PSOQRNN,ETH-USD,2026-06-04 02:45:00,0.00425731,0.0041794707
PSOQRNN,ETH-USD,2026-06-04 03:00:00,0.003949255,0.0042877556
PSOQRNN,ETH-USD,2026-06-04 03:15:00,0.0042629302,0.00427401
PSOQRNN,ETH-USD,2026-06-04 03:30:00,0.004133417,0.00429808
PSOQRNN,ETH-USD,2026-06-04 03:45:00,0.004282507,0.0042974846
PSOQRNN,ETH-USD,2026-06-04 04:00:00,0.004235516,0.0042791027
PSOQRNN,ETH-USD,2026-06-04 04:15:00,0.004299055,0.0042792712
PSOQRNN,ETH-USD,2026-06-04 04:30:00,0.00431201,0.004280053
PSOQRNN,ETH-USD,2026-06-04 04:45:00,0.004292097,0.0042792475
PSOQRNN,ETH-USD,2026-06-04 05:00:00,0.004422601,0.0043001757
PSOQRNN,ETH-USD,2026-06-04 05:15:00,0.004381218,0.0043077865
PSOQRNN,ETH-USD,2026-06-04 05:30:00,0.004202274,0.004321931
PSOQRNN,ETH-USD,2026-06-04 05:45:00,0.0044226176,0.0043333634
PSOQRNN,ETH-USD,2026-06-04 06:00:00,0.004249459,0.004340251
PSOQRNN,ETH-USD,2026-06-04 06:15:00,0.0042551877,0.0043418156
PSOQRNN,ETH-USD,2026-06-04 06:30:00,0.004320362,0.0043216324
PSOQRNN,ETH-USD,2026-06-04 06:45:00,0.0044038245,0.0043264544
PSOQRNN,ETH-USD,2026-06-04 07:00:00,0.004393608,0.0043321317
PSOQRNN,ETH-USD,2026-06-04 07:15:00,0.0043737455,0.0043322304
PSOQRNN,ETH-USD,2026-06-04 07:30:00,0.0042480454,0.0043395306
PSOQRNN,ETH-USD,2026-06-04 07:45:00,0.004408182,0.0043403567
PSOQRNN,ETH-USD,2026-06-04 08:00:00,0.0044424213,0.004346326
PSOQRNN,ETH-USD,2026-06-04 08:15:00,0.004292339,0.0043389695
PSOQRNN,ETH-USD,2026-06-04 08:30:00,0.0043518823,0.004339068
PSOQRNN,ETH-USD,2026-06-04 08:45:00,0.0042791287,0.0043426338
PSOQRNN,ETH-USD,2026-06-04 09:00:00,0.004467068,0.0043562017
PSOQRNN,ETH-USD,2026-06-04 09:15:00,0.0044926265,0.00436754
PSOQRNN,ETH-USD,2026-06-04 09:30:00,0.0043133525,0.0043698256
PSOQRNN,ETH-USD,2026-06-04 09:45:00,0.004215177,0.0043994715
PSOQRNN,ETH-USD,2026-06-04 10:00:00,0.004508444,0.0044123325
PSOQRNN,ETH-USD,2026-06-04 10:15:00,0.0043921396,0.004404854
PSOQRNN,ETH-USD,2026-06-04 10:30:00,0.00439401,0.0044011096
PSOQRNN,ETH-USD,2026-06-04 10:45:00,0.004590901,0.0044356287
PSOQRNN,ETH-USD,2026-06-04 11:00:00,0.0044221594,0.0044356096
PSOQRNN,ETH-USD,2026-06-04 11:15:00,0.004285803,0.0044576465
PSOQRNN,ETH-USD,2026-06-04 11:30:00,0.00450741,0.0044608223
PSOQRNN,ETH-USD,2026-06-04 11:45:00,0.0043253195,0.004477692
PSOQRNN,ETH-USD,2026-06-04 12:00:00,0.004495188,0.0044763116
PSOQRNN,ETH-USD,2026-06-04 12:15:00,0.00424417,0.0045385878
PSOQRNN,ETH-USD,2026-06-04 12:30:00,0.0044168686,0.0045477794
PSOQRNN,ETH-USD,2026-06-04 12:45:00,0.0044666003,0.004549909
PSOQRNN,ETH-USD,2026-06-04 13:00:00,0.0045631197,0.004551147
PSOQRNN,ETH-USD,2026-06-04 13:15:00,0.004640518,0.00455264
PSOQRNN,ETH-USD,2026-06-04 13:30:00,0.004351164,0.004587588
PSOQRNN,ETH-USD,2026-06-04 13:45:00,0.0044629774,0.0045859576
PSOQRNN,ETH-USD,2026-06-04 14:00:00,0.0044903453,0.004589343
PSOQRNN,ETH-USD,2026-06-04 14:15:00,0.0046277903,0.004593565
PSOQRNN,ETH-USD,2026-06-04 14:30:00,0.004671526,0.0045990376
PSOQRNN,ETH-USD,2026-06-04 14:45:00,0.004522554,0.004599602
PSOQRNN,ETH-USD,2026-06-04 15:00:00,0.004396159,0.004631589
PSOQRNN,ETH-USD,2026-06-04 15:15:00,0.0047108727,0.004643768
PSOQRNN,ETH-USD,2026-06-04 15:30:00,0.0046301833,0.004644298
PSOQRNN,ETH-USD,2026-06-04 15:45:00,0.0045711775,0.0046449336
PSOQRNN,ETH-USD,2026-06-04 16:00:00,0.004644901,0.0046460466
PSOQRNN,ETH-USD,2026-06-04 16:15:00,0.004613128,0.0046433415
PSOQRNN,ETH-USD,2026-06-04 16:30:00,0.004498931,0.0046507968
PSOQRNN,ETH-USD,2026-06-04 16:45:00,0.00466722,0.0046507563
PSOQRNN,ETH-USD,2026-06-04 17:00:00,0.004587159,0.004646353
PSOQRNN,ETH-USD,2026-06-04 17:15:00,0.0046898657,0.004620924
PSOQRNN,ETH-USD,2026-06-04 17:30:00,0.0046511544,0.0046249805
PSOQRNN,ETH-USD,2026-06-04 17:45:00,0.004462025,0.004626861
PSOQRNN,ETH-USD,2026-06-04 18:00:00,0.004665121,0.0046310793
PSOQRNN,ETH-USD,2026-06-04 18:15:00,0.0043873033,0.004679878
PSOQRNN,ETH-USD,2026-06-04 18:30:00,0.004662395,0.0046792217
PSOQRNN,ETH-USD,2026-06-04 18:45:00,0.004600575,0.004679819
PSOQRNN,ETH-USD,2026-06-04 19:00:00,0.0046034413,0.0046782475
PSOQRNN,ETH-USD,2026-06-04 19:15:00,0.004532908,0.00468177
PSOQRNN,ETH-USD,2026-06-04 19:30:00,0.004700608,0.0046859155
PSOQRNN,ETH-USD,2026-06-04 19:45:00,0.004636814,0.004683692
PSOQRNN,ETH-USD,2026-06-04 20:00:00,0.004676627,0.004683656
PSOQRNN,ETH-USD,2026-06-04 20:15:00,0.004651397,0.0046788114
PSOQRNN,ETH-USD,2026-06-04 20:30:00,0.0045861867,0.0046803146
PSOQRNN,ETH-USD,2026-06-04 20:45:00,0.0045935027,0.004677619
PSOQRNN,ETH-USD,2026-06-04 21:00:00,0.004571924,0.004679923
PSOQRNN,ETH-USD,2026-06-04 21:15:00,0.00471806,0.0046852813
PSOQRNN,ETH-USD,2026-06-04 21:30:00,0.0046437844,0.004685379
PSOQRNN,ETH-USD,2026-06-04 21:45:00,0.004709781,0.0046902597
PSOQRNN,ETH-USD,2026-06-04 22:00:00,0.0046823244,0.0046920995
PSOQRNN,ETH-USD,2026-06-04 22:15:00,0.004589901,0.0046940446
PSOQRNN,ETH-USD,2026-06-04 22:30:00,0.004624172,0.0046866923
PSOQRNN,ETH-USD,2026-06-04 22:45:00,0.0045247497,0.0046975217
PSOQRNN,ETH-USD,2026-06-04 23:00:00,0.004615626,0.0046972474
PSOQRNN,ETH-USD,2026-06-04 23:15:00,0.0047557056,0.0047065364
PSOQRNN,ETH-USD,2026-06-04 23:30:00,0.0045397105,0.004717055
PSOQRNN,ETH-USD,2026-06-04 23:45:00,0.0046342053,0.004717531
PSOQRNN,ETH-USD,2026-06-05 00:00:00,0.0047350638,0.004718898
PSOQRNN,ETH-USD,2026-06-05 00:15:00,0.0045536663,0.0047294945
PSOQRNN,ETH-USD,2026-06-05 00:30:00,0.004708065,0.0047292123
PSOQRNN,ETH-USD,2026-06-05 00:45:00,0.0047732512,0.0047363243
PSOQRNN,ETH-USD,2026-06-05 01:00:00,0.0047072438,0.004735973
PSOQRNN,ETH-USD,2026-06-05 01:15:00,0.004683505,0.0047351527
PSOQRNN,ETH-USD,2026-06-05 01:30:00,0.004630915,0.004735948
PSOQRNN,ETH-USD,2026-06-05 01:45:00,0.0047164443,0.004729046
PSOQRNN,ETH-USD,2026-06-05 02:00:00,0.004737672,0.00473265
PSOQRNN,ETH-USD,2026-06-05 02:15:00,0.0047961776,0.004743863
PSOQRNN,ETH-USD,2026-06-05 02:30:00,0.004677334,0.00474364
PSOQRNN,ETH-USD,2026-06-05 02:45:00,0.0047435337,0.004746452
PSOQRNN,ETH-USD,2026-06-05 03:00:00,0.0047592456,0.0047509097
PSOQRNN,ETH-USD,2026-06-05 03:15:00,0.0046042795,0.0047566127
PSOQRNN,ETH-USD,2026-06-05 03:30:00,0.0046665445,0.0047572115
PSOQRNN,ETH-USD,2026-06-05 03:45:00,0.004705352,0.0047570965
PSOQRNN,ETH-USD,2026-06-05 04:00:00,0.004716672,0.0047569987
PSOQRNN,ETH-USD,2026-06-05 04:15:00,0.0045717433,0.004765771
PSOQRNN,ETH-USD,2026-06-05 04:30:00,0.0047670663,0.0047688624
PSOQRNN,ETH-USD,2026-06-05 04:45:00,0.00453004,0.004800659
PSOQRNN,ETH-USD,2026-06-05 05:00:00,0.004881288,0.0048139133
PSOQRNN,ETH-USD,2026-06-05 05:15:00,0.0046976893,0.004715292
PSOQRNN,ETH-USD,2026-06-05 05:30:00,0.0052438914,0.0048864656
PSOQRNN,ETH-USD,2026-06-05 05:45:00,0.005012906,0.0049107666
PSOQRNN,ETH-USD,2026-06-05 06:00:00,0.0050049317,0.0049291733
PSOQRNN,ETH-USD,2026-06-05 06:15:00,0.005288279,0.004983259
PSOQRNN,ETH-USD,2026-06-05 06:30:00,0.004622633,0.0050506294
PSOQRNN,ETH-USD,2026-06-05 06:45:00,0.005045906,0.0050536124
PSOQRNN,ETH-USD,2026-06-05 07:00:00,0.005227528,0.0050556595
PSOQRNN,ETH-USD,2026-06-05 07:15:00,0.004686276,0.0051168883
PSOQRNN,ETH-USD,2026-06-05 07:30:00,0.004767058,0.005156015
PSOQRNN,ETH-USD,2026-06-05 07:45:00,0.0049283905,0.005160379
PSOQRNN,ETH-USD,2026-06-05 08:00:00,0.0051548085,0.0051681707
PSOQRNN,ETH-USD,2026-06-05 08:15:00,0.004965325,0.005169142
PSOQRNN,ETH-USD,2026-06-05 08:30:00,0.0050925906,0.0051710377
PSOQRNN,ETH-USD,2026-06-05 08:45:00,0.0050601508,0.0051716277
PSOQRNN,ETH-USD,2026-06-05 09:00:00,0.0047538886,0.005240272
PSOQRNN,ETH-USD,2026-06-05 09:15:00,0.005068144,0.005233269
PSOQRNN,ETH-USD,2026-06-05 09:30:00,0.0051542562,0.0052371663
PSOQRNN,ETH-USD,2026-06-05 09:45:00,0.005004265,0.005240223
PSOQRNN,ETH-USD,2026-06-05 10:00:00,0.005139669,0.005241582
PSOQRNN,ETH-USD,2026-06-05 10:15:00,0.0050786654,0.005232714
PSOQRNN,ETH-USD,2026-06-05 10:30:00,0.005014301,0.0052347467
PSOQRNN,ETH-USD,2026-06-05 10:45:00,0.0051090303,0.0052232584
PSOQRNN,ETH-USD,2026-06-05 11:00:00,0.005154135,0.0052267173
PSOQRNN,ETH-USD,2026-06-05 11:15:00,0.0049523907,0.005206128
PSOQRNN,ETH-USD,2026-06-05 11:30:00,0.0051899585,0.005214152
PSOQRNN,ETH-USD,2026-06-05 11:45:00,0.005116076,0.005210996
PSOQRNN,ETH-USD,2026-06-05 12:00:00,0.005081037,0.005210039
PSOQRNN,ETH-USD,2026-06-05 12:15:00,0.005004346,0.005204151
PSOQRNN,ETH-USD,2026-06-05 12:30:00,0.0051355837,0.0052072518
PSOQRNN,ETH-USD,2026-06-05 12:45:00,0.0050298683,0.0052062003
PSOQRNN,ETH-USD,2026-06-05 13:00:00,0.0049120174,0.005209475
PSOQRNN,ETH-USD,2026-06-05 13:15:00,0.005054108,0.005190448
PSOQRNN,ETH-USD,2026-06-05 13:30:00,0.005196579,0.0051975073
PSOQRNN,ETH-USD,2026-06-05 13:45:00,0.0058057876,0.0053457096
PSOQRNN,ETH-USD,2026-06-05 14:00:00,0.005174974,0.005343865
PSOQRNN,ETH-USD,2026-06-05 14:15:00,0.0053345268,0.0053069494
PSOQRNN,ETH-USD,2026-06-05 14:30:00,0.0050292118,0.005305391
PSOQRNN,ETH-USD,2026-06-05 14:45:00,0.005245475,0.0053100074
PSOQRNN,ETH-USD,2026-06-05 15:00:00,0.005448225,0.0053457753
PSOQRNN,ETH-USD,2026-06-05 15:15:00,0.0049692485,0.0053715343
PSOQRNN,ETH-USD,2026-06-05 15:30:00,0.0053338557,0.005376943
PSOQRNN,ETH-USD,2026-06-05 15:45:00,0.0051902244,0.005376807
PSOQRNN,ETH-USD,2026-06-05 16:00:00,0.0051169507,0.005374009
PSOQRNN,ETH-USD,2026-06-05 16:15:00,0.0050675785,0.005371619
PSOQRNN,ETH-USD,2026-06-05 16:30:00,0.0053471923,0.0053593833
PSOQRNN,ETH-USD,2026-06-05 16:45:00,0.004834645,0.005438749
PSOQRNN,ETH-USD,2026-06-05 17:00:00,0.005364769,0.0054465192
PSOQRNN,ETH-USD,2026-06-05 17:15:00,0.005395507,0.0054562124
PSOQRNN,ETH-USD,2026-06-05 17:30:00,0.0051722964,0.0054580737
PSOQRNN,ETH-USD,2026-06-05 17:45:00,0.005203427,0.005458971
PSOQRNN,ETH-USD,2026-06-05 18:00:00,0.0053224606,0.0054619364
PSOQRNN,ETH-USD,2026-06-05 18:15:00,0.005688798,0.005530997
PSOQRNN,ETH-USD,2026-06-05 18:30:00,0.005297997,0.0054981397
PSOQRNN,ETH-USD,2026-06-05 18:45:00,0.005461809,0.005511978
PSOQRNN,ETH-USD,2026-06-05 19:00:00,0.005286883,0.005493357
PSOQRNN,ETH-USD,2026-06-05 19:15:00,0.005118695,0.005503925
PSOQRNN,ETH-USD,2026-06-05 19:30:00,0.00539559,0.005510333
PSOQRNN,ETH-USD,2026-06-05 19:45:00,0.004980289,0.005573071
PSOQRNN,ETH-USD,2026-06-05 20:00:00,0.00517264,0.005552187
PSOQRNN,ETH-USD,2026-06-05 20:15:00,0.0051161777,0.0055759717
PSOQRNN,ETH-USD,2026-06-05 20:30:00,0.0052451496,0.0055784876
PSOQRNN,ETH-USD,2026-06-05 20:45:00,0.0052379346,0.0055745756
PSOQRNN,ETH-USD,2026-06-05 21:00:00,0.005175448,0.0055882772
PSOQRNN,ETH-USD,2026-06-05 21:15:00,0.0053530396,0.005588229
PSOQRNN,ETH-USD,2026-06-05 21:30:00,0.0052820565,0.0055803675
PSOQRNN,ETH-USD,2026-06-05 21:45:00,0.005377738,0.0055755293
PSOQRNN,ETH-USD,2026-06-05 22:00:00,0.005602934,0.0056049917
PSOQRNN,ETH-USD,2026-06-05 22:15:00,0.0053303735,0.00560283
PSOQRNN,ETH-USD,2026-06-05 22:30:00,0.0052612787,0.0056071184
PSOQRNN,ETH-USD,2026-06-05 22:45:00,0.0053683687,0.005606449
PSOQRNN,ETH-USD,2026-06-05 23:00:00,0.005421,0.005608102
PSOQRNN,ETH-USD,2026-06-05 23:15:00,0.005679927,0.005648586
PSOQRNN,ETH-USD,2026-06-05 23:30:00,0.0054004993,0.0056450944
PSOQRNN,ETH-USD,2026-06-05 23:45:00,0.005197191,0.005665098
PSOQRNN,ETH-USD,2026-06-06 00:00:00,0.0051559526,0.0057008862
PSOQRNN,ETH-USD,2026-06-06 00:15:00,0.005451731,0.0057012727
PSOQRNN,ETH-USD,2026-06-06 00:30:00,0.005451917,0.0057004634
PSOQRNN,ETH-USD,2026-06-06 00:45:00,0.00540146,0.005698056
PSOQRNN,ETH-USD,2026-06-06 01:00:00,0.005526572,0.005692394
PSOQRNN,ETH-USD,2026-06-06 01:15:00,0.0052914177,0.0057002017
PSOQRNN,ETH-USD,2026-06-06 01:30:00,0.005548067,0.0057066996
PSOQRNN,ETH-USD,2026-06-06 01:45:00,0.0054146876,0.0057060453
PSOQRNN,ETH-USD,2026-06-06 02:00:00,0.005555697,0.005711209
PSOQRNN,ETH-USD,2026-06-06 02:15:00,0.0054637883,0.005711682
PSOQRNN,ETH-USD,2026-06-06 02:30:00,0.0053390265,0.0057142265
PSOQRNN,ETH-USD,2026-06-06 02:45:00,0.0054303934,0.0057139075
PSOQRNN,ETH-USD,2026-06-06 03:00:00,0.0055146925,0.0057165055
PSOQRNN,ETH-USD,2026-06-06 03:15:00,0.0054824264,0.005717552
PSOQRNN,ETH-USD,2026-06-06 03:30:00,0.0054881093,0.0057187844
PSOQRNN,ETH-USD,2026-06-06 03:45:00,0.005402317,0.005716607
PSOQRNN,ETH-USD,2026-06-06 04:00:00,0.0058651236,0.0057803793
PSOQRNN,ETH-USD,2026-06-06 04:15:00,0.005603943,0.0057847505
PSOQRNN,ETH-USD,2026-06-06 04:30:00,0.0057084635,0.005802926
PSOQRNN,ETH-USD,2026-06-06 04:45:00,0.0054535675,0.005802143
PSOQRNN,ETH-USD,2026-06-06 05:00:00,0.005540736,0.005802935
PSOQRNN,ETH-USD,2026-06-06 05:15:00,0.005056041,0.0059409617
PSOQRNN,ETH-USD,2026-06-06 05:30:00,0.0053911246,0.0059599723
PSOQRNN,ETH-USD,2026-06-06 05:45:00,0.0054739313,0.005963845
PSOQRNN,ETH-USD,2026-06-06 06:00:00,0.0054314355,0.005974845
PSOQRNN,ETH-USD,2026-06-06 06:15:00,0.005624815,0.005973622
PSOQRNN,ETH-USD,2026-06-06 06:30:00,0.005792872,0.0059796334
PSOQRNN,ETH-USD,2026-06-06 06:45:00,0.005669863,0.00597655
PSOQRNN,ETH-USD,2026-06-06 07:00:00,0.0053674406,0.0060074762
PSOQRNN,ETH-USD,2026-06-06 07:15:00,0.005742247,0.0059843855
PSOQRNN,ETH-USD,2026-06-06 07:30:00,0.0054582846,0.005985488
PSOQRNN,ETH-USD,2026-06-06 07:45:00,0.0056242645,0.0059827976
PSOQRNN,ETH-USD,2026-06-06 08:00:00,0.0055503366,0.005972061
PSOQRNN,ETH-USD,2026-06-06 08:15:00,0.005457285,0.0059723523
PSOQRNN,ETH-USD,2026-06-06 08:30:00,0.005572517,0.0059672445
PSOQRNN,ETH-USD,2026-06-06 08:45:00,0.0056781373,0.005964899
PSOQRNN,ETH-USD,2026-06-06 09:00:00,0.0056134854,0.005964526
PSOQRNN,ETH-USD,2026-06-06 09:15:00,0.0054866676,0.0059702285
PSOQRNN,ETH-USD,2026-06-06 09:30:00,0.0057274993,0.005972068
PSOQRNN,ETH-USD,2026-06-06 09:45:00,0.005768372,0.0059803613
PSOQRNN,ETH-USD,2026-06-06 10:00:00,0.0058787707,0.006002809
PSOQRNN,ETH-USD,2026-06-06 10:15:00,0.005648147,0.0059914235
PSOQRNN,ETH-USD,2026-06-06 10:30:00,0.0058030407,0.0060004443
PSOQRNN,ETH-USD,2026-06-06 10:45:00,0.00554199,0.0059814607
PSOQRNN,ETH-USD,2026-06-06 11:00:00,0.0054888087,0.0059813466
PSOQRNN,ETH-USD,2026-06-06 11:15:00,0.005438309,0.005996405
PSOQRNN,ETH-USD,2026-06-06 11:30:00,0.005680153,0.0059733796
PSOQRNN,ETH-USD,2026-06-06 11:45:00,0.005621162,0.005961141
PSOQRNN,ETH-USD,2026-06-06 12:00:00,0.0055008694,0.0059363204
PSOQRNN,ETH-USD,2026-06-06 12:15:00,0.005730009,0.0059411363
PSOQRNN,ETH-USD,2026-06-06 12:30:00,0.0054535004,0.005872508
PSOQRNN,ETH-USD,2026-06-06 12:45:00,0.0053774333,0.0058395136
PSOQRNN,ETH-USD,2026-06-06 13:00:00,0.0055541205,0.005830598
PSOQRNN,ETH-USD,2026-06-06 13:15:00,0.005610586,0.0058294395
PSOQRNN,ETH-USD,2026-06-06 13:30:00,0.005462109,0.005830219
PSOQRNN,ETH-USD,2026-06-06 13:45:00,0.005624085,0.005835136
PSOQRNN,ETH-USD,2026-06-06 14:00:00,0.005423758,0.005837539
PSOQRNN,ETH-USD,2026-06-06 14:15:00,0.005492379,0.005837807
PSOQRNN,ETH-USD,2026-06-06 14:30:00,0.005464816,0.005836959
PSOQRNN,ETH-USD,2026-06-06 14:45:00,0.005602584,0.005839533
PSOQRNN,ETH-USD,2026-06-06 15:00:00,0.0056102173,0.0058402168
PSOQRNN,ETH-USD,2026-06-06 15:15:00,0.0054397504,0.005759759
PSOQRNN,ETH-USD,2026-06-06 15:30:00,0.0053151054,0.0057516643
PSOQRNN,ETH-USD,2026-06-06 15:45:00,0.0054945196,0.005748654
PSOQRNN,ETH-USD,2026-06-06 16:00:00,0.0054322514,0.0057452316
PSOQRNN,ETH-USD,2026-06-06 16:15:00,0.005513919,0.0057296334
PSOQRNN,ETH-USD,2026-06-06 16:30:00,0.005326081,0.005725885
PSOQRNN,ETH-USD,2026-06-06 16:45:00,0.0053988723,0.00567433
PSOQRNN,ETH-USD,2026-06-06 17:00:00,0.0054055033,0.0056588766
PSOQRNN,ETH-USD,2026-06-06 17:15:00,0.0054188026,0.005613272
PSOQRNN,ETH-USD,2026-06-06 17:30:00,0.0054060384,0.0056065507
PSOQRNN,ETH-USD,2026-06-06 17:45:00,0.005379554,0.005602563
PSOQRNN,ETH-USD,2026-06-06 18:00:00,0.005363571,0.0055174753
PSOQRNN,ETH-USD,2026-06-06 18:15:00,0.0050889896,0.0055423183
PSOQRNN,ETH-USD,2026-06-06 18:30:00,0.005404082,0.0055230055
PSOQRNN,ETH-USD,2026-06-06 18:45:00,0.005289692,0.0055227457
PSOQRNN,ETH-USD,2026-06-06 19:00:00,0.005216271,0.0055218977
PSOQRNN,ETH-USD,2026-06-06 19:15:00,0.005348181,0.0055232933
PSOQRNN,ETH-USD,2026-06-06 19:30:00,0.005291939,0.0055225133
PSOQRNN,ETH-USD,2026-06-06 19:45:00,0.005282973,0.0055224714
PSOQRNN,ETH-USD,2026-06-06 20:00:00,0.0052983,0.0055072233
PSOQRNN,ETH-USD,2026-06-06 20:15:00,0.005275298,0.0055018133
PSOQRNN,ETH-USD,2026-06-06 20:30:00,0.0051535466,0.005498867
PSOQRNN,ETH-USD,2026-06-06 20:45:00,0.0052908617,0.005490546
PSOQRNN,ETH-USD,2026-06-06 21:00:00,0.0051963828,0.00548676
PSOQRNN,ETH-USD,2026-06-06 21:15:00,0.0052390182,0.0054804217
PSOQRNN,ETH-USD,2026-06-06 21:30:00,0.005250729,0.0054801893
PSOQRNN,ETH-USD,2026-06-06 21:45:00,0.005295317,0.0054750317
PSOQRNN,ETH-USD,2026-06-06 22:00:00,0.005279194,0.005471238
PSOQRNN,ETH-USD,2026-06-06 22:15:00,0.00527592,0.005469774
PSOQRNN,ETH-USD,2026-06-06 22:30:00,0.0051746285,0.0054665003
PSOQRNN,ETH-USD,2026-06-06 22:45:00,0.005200965,0.005463299
PSOQRNN,ETH-USD,2026-06-06 23:00:00,0.005180748,0.0054565333
PSOQRNN,ETH-USD,2026-06-06 23:15:00,0.00526463,0.0054546273
PSOQRNN,ETH-USD,2026-06-06 23:30:00,0.0051098918,0.005464727
PSOQRNN,ETH-USD,2026-06-06 23:45:00,0.0052061793,0.005462683
PSOQRNN,ETH-USD,2026-06-07 00:00:00,0.0052879835,0.0054505044
PSOQRNN,ETH-USD,2026-06-07 00:15:00,0.005217108,0.0054347864
PSOQRNN,ETH-USD,2026-06-07 00:30:00,0.0052233734,0.0054328674
PSOQRNN,ETH-USD,2026-06-07 00:45:00,0.005215745,0.0054089427
PSOQRNN,ETH-USD,2026-06-07 01:00:00,0.004902187,0.0054716393
PSOQRNN,ETH-USD,2026-06-07 01:15:00,0.0051071527,0.005484301
PSOQRNN,ETH-USD,2026-06-07 01:30:00,0.0053669796,0.0054901782
PSOQRNN,ETH-USD,2026-06-07 01:45:00,0.0052328,0.00546153
PSOQRNN,ETH-USD,2026-06-07 02:00:00,0.005236526,0.0054614986
PSOQRNN,ETH-USD,2026-06-07 02:15:00,0.0053041903,0.005445427
PSOQRNN,ETH-USD,2026-06-07 02:30:00,0.005197174,0.005441866
PSOQRNN,ETH-USD,2026-06-07 02:45:00,0.005122642,0.0054353643
PSOQRNN,ETH-USD,2026-06-07 03:00:00,0.0052006617,0.005434113
PSOQRNN,ETH-USD,2026-06-07 03:15:00,0.005169176,0.0053837462
PSOQRNN,ETH-USD,2026-06-07 03:30:00,0.005194686,0.005376134
PSOQRNN,ETH-USD,2026-06-07 03:45:00,0.005163164,0.0053742123
PSOQRNN,ETH-USD,2026-06-07 04:00:00,0.005259964,0.005376151
PSOQRNN,ETH-USD,2026-06-07 04:15:00,0.0052035484,0.0053654755
PSOQRNN,ETH-USD,2026-06-07 04:30:00,0.0050273305,0.0053490945
PSOQRNN,ETH-USD,2026-06-07 04:45:00,0.005132472,0.005342618
PSOQRNN,ETH-USD,2026-06-07 05:00:00,0.005096127,0.0053417548
PSOQRNN,ETH-USD,2026-06-07 05:15:00,0.005088401,0.005339755
PSOQRNN,ETH-USD,2026-06-07 05:30:00,0.0050749234,0.0053332467
PSOQRNN,ETH-USD,2026-06-07 05:45:00,0.0051989816,0.0053338325
PSOQRNN,ETH-USD,2026-06-07 06:00:00,0.005193809,0.0053072684
PSOQRNN,ETH-USD,2026-06-07 06:15:00,0.004878495,0.005346334
PSOQRNN,ETH-USD,2026-06-07 06:30:00,0.0052083964,0.005346986
PSOQRNN,ETH-USD,2026-06-07 06:45:00,0.0051772436,0.005346779
PSOQRNN,ETH-USD,2026-06-07 07:00:00,0.005164905,0.005344996
PSOQRNN,ETH-USD,2026-06-07 07:15:00,0.0051029637,0.005346366
PSOQRNN,ETH-USD,2026-06-07 07:30:00,0.0051666265,0.005337948
PSOQRNN,ETH-USD,2026-06-07 07:45:00,0.005097182,0.005336271
PSOQRNN,ETH-USD,2026-06-07 08:00:00,0.0051645064,0.0053363075
PSOQRNN,ETH-USD,2026-06-07 08:15:00,0.005061745,0.0053346683
PSOQRNN,ETH-USD,2026-06-07 08:30:00,0.005083745,0.005332608
PSOQRNN,ETH-USD,2026-06-07 08:45:00,0.004883865,0.0053747455
PSOQRNN,ETH-USD,2026-06-07 09:00:00,0.0051421444,0.005369806
PSOQRNN,ETH-USD,2026-06-07 09:15:00,0.0051820264,0.005327981
PSOQRNN,ETH-USD,2026-06-07 09:30:00,0.0052555967,0.005334077
PSOQRNN,ETH-USD,2026-06-07 09:45:00,0.00514288,0.0053336374
PSOQRNN,ETH-USD,2026-06-07 10:00:00,0.005207228,0.0053355196
PSOQRNN,ETH-USD,2026-06-07 10:15:00,0.0050672987,0.005332079
PSOQRNN,ETH-USD,2026-06-07 10:30:00,0.0051887888,0.0053292033
PSOQRNN,ETH-USD,2026-06-07 10:45:00,0.005202828,0.0053313198
PSOQRNN,ETH-USD,2026-06-07 11:00:00,0.00511406,0.0053300043
PSOQRNN,ETH-USD,2026-06-07 11:15:00,0.0051040654,0.00533041
PSOQRNN,ETH-USD,2026-06-07 11:30:00,0.0050769267,0.005331908
PSOQRNN,ETH-USD,2026-06-07 11:45:00,0.005170493,0.005331557
PSOQRNN,ETH-USD,2026-06-07 12:00:00,0.0054497733,0.0053719464
PSOQRNN,ETH-USD,2026-06-07 12:15:00,0.00518687,0.0053659156
PSOQRNN,ETH-USD,2026-06-07 12:30:00,0.005088442,0.005369887
PSOQRNN,ETH-USD,2026-06-07 12:45:00,0.0050979676,0.0053685927
PSOQRNN,ETH-USD,2026-06-07 13:00:00,0.0051574437,0.0053668455
PSOQRNN,ETH-USD,2026-06-07 13:15:00,0.005146835,0.0053654662
PSOQRNN,ETH-USD,2026-06-07 13:30:00,0.0052126916,0.0053664874
PSOQRNN,ETH-USD,2026-06-07 13:45:00,0.005162183,0.0053562443
PSOQRNN,ETH-USD,2026-06-07 14:00:00,0.0051380005,0.0053561083
PSOQRNN,ETH-USD,2026-06-07 14:15:00,0.004983439,0.0053694113
PSOQRNN,ETH-USD,2026-06-07 14:30:00,0.0052330554,0.005361172
PSOQRNN,ETH-USD,2026-06-07 14:45:00,0.005127837,0.005361635
PSOQRNN,ETH-USD,2026-06-07 15:00:00,0.0051744934,0.0053571723
PSOQRNN,ETH-USD,2026-06-07 15:15:00,0.005082847,0.005351503
PSOQRNN,ETH-USD,2026-06-07 15:30:00,0.0051329364,0.005350499
PSOQRNN,ETH-USD,2026-06-07 15:45:00,0.0051922416,0.0053431545
PSOQRNN,ETH-USD,2026-06-07 16:00:00,0.005141777,0.005342189
PSOQRNN,ETH-USD,2026-06-07 16:15:00,0.0051706163,0.005342317
PSOQRNN,ETH-USD,2026-06-07 16:30:00,0.0051173996,0.0053417166
PSOQRNN,ETH-USD,2026-06-07 16:45:00,0.00516009,0.0053402027
PSOQRNN,ETH-USD,2026-06-07 17:00:00,0.00504361,0.005343518
PSOQRNN,ETH-USD,2026-06-07 17:15:00,0.005141294,0.00533219
PSOQRNN,ETH-USD,2026-06-07 17:30:00,0.005157953,0.0053323694
PSOQRNN,ETH-USD,2026-06-07 17:45:00,0.0051755677,0.0053297174
PSOQRNN,ETH-USD,2026-06-07 18:00:00,0.005078056,0.005327264
PSOQRNN,ETH-USD,2026-06-07 18:15:00,0.005154383,0.0053223465
PSOQRNN,ETH-USD,2026-06-07 18:30:00,0.0051123346,0.0053223046
PSOQRNN,ETH-USD,2026-06-07 18:45:00,0.005191154,0.0053239735
PSOQRNN,ETH-USD,2026-06-07 19:00:00,0.005354565,0.0053470493
PSOQRNN,ETH-USD,2026-06-07 19:15:00,0.0052481717,0.005339832
PSOQRNN,ETH-USD,2026-06-07 19:30:00,0.005185253,0.00533695
PSOQRNN,ETH-USD,2026-06-07 19:45:00,0.0050552436,0.005314799
PSOQRNN,ETH-USD,2026-06-07 20:00:00,0.0050096894,0.0053086914
PSOQRNN,ETH-USD,2026-06-07 20:15:00,0.005059158,0.005310336
PSOQRNN,ETH-USD,2026-06-07 20:30:00,0.0051227114,0.0051492397
PSOQRNN,ETH-USD,2026-06-07 20:45:00,0.004948765,0.0051212814
PSOQRNN,ETH-USD,2026-06-07 21:00:00,0.004931435,0.0050991406
PSOQRNN,ETH-USD,2026-06-07 21:15:00,0.004990694,0.0049934643
PSOQRNN,ETH-USD,2026-06-07 21:30:00,0.004911291,0.0049308017
PSOQRNN,ETH-USD,2026-06-07 21:45:00,0.004711332,0.004932099
PSOQRNN,ETH-USD,2026-06-07 22:00:00,0.004309486,0.0053736777
PSOQRNN,ETH-USD,2026-06-07 22:15:00,0.0054996577,0.0053722467
PSOQRNN,ETH-USD,2026-06-07 22:30:00,0.0050884504,0.00534037
PSOQRNN,ETH-USD,2026-06-07 22:45:00,0.0052841785,0.005347522
PSOQRNN,ETH-USD,2026-06-07 23:00:00,0.005034022,0.0053432686
PSOQRNN,ETH-USD,2026-06-07 23:15:00,0.0050716177,0.005345218
PSOQRNN,ETH-USD,2026-06-07 23:30:00,0.0051503,0.00534111
PSOQRNN,ETH-USD,2026-06-07 23:45:00,0.0050560036,0.00534427
PSOQRNN,ETH-USD,2026-06-08 00:00:00,0.0052040145,0.0052848784
PSOQRNN,ETH-USD,2026-06-08 00:15:00,0.0049411063,0.005303579
PSOQRNN,ETH-USD,2026-06-08 00:30:00,0.005053419,0.0053005186
PSOQRNN,ETH-USD,2026-06-08 00:45:00,0.0051828073,0.005301394
PSOQRNN,ETH-USD,2026-06-08 01:00:00,0.0053395717,0.005324174
PSOQRNN,ETH-USD,2026-06-08 01:15:00,0.0052692075,0.005334625
PSOQRNN,ETH-USD,2026-06-08 01:30:00,0.005025889,0.005341684
PSOQRNN,ETH-USD,2026-06-08 01:45:00,0.005076831,0.0053429455
PSOQRNN,ETH-USD,2026-06-08 02:00:00,0.00516943,0.005337309
PSOQRNN,ETH-USD,2026-06-08 02:15:00,0.0051473184,0.0053299563
PSOQRNN,ETH-USD,2026-06-08 02:30:00,0.0051457994,0.005317326
PSOQRNN,ETH-USD,2026-06-08 02:45:00,0.0051168236,0.0053142263
PSOQRNN,ETH-USD,2026-06-08 03:00:00,0.005073197,0.005314632
PSOQRNN,ETH-USD,2026-06-08 03:15:00,0.005230343,0.00532048
PSOQRNN,ETH-USD,2026-06-08 03:30:00,0.0051642684,0.0053156437
PSOQRNN,ETH-USD,2026-06-08 03:45:00,0.0051023467,0.0053158095
PSOQRNN,ETH-USD,2026-06-08 04:00:00,0.005295567,0.0053195953
PSOQRNN,ETH-USD,2026-06-08 04:15:00,0.0051617157,0.005320289
PSOQRNN,ETH-USD,2026-06-08 04:30:00,0.005275366,0.005316407
PSOQRNN,ETH-USD,2026-06-08 04:45:00,0.005105884,0.005095883
PSOQRNN,ETH-USD,2026-06-08 05:00:00,0.005087783,0.0051066703
PSOQRNN,ETH-USD,2026-06-08 05:15:00,0.004863988,0.005093995
PSOQRNN,ETH-USD,2026-06-08 05:30:00,0.005094685,0.0051019182
PSOQRNN,ETH-USD,2026-06-08 05:45:00,0.0048747174,0.0050968667
PSOQRNN,ETH-USD,2026-06-08 06:00:00,0.0048183356,0.005057752
PSOQRNN,ETH-USD,2026-06-08 06:15:00,0.004864202,0.0050370423
PSOQRNN,ETH-USD,2026-06-08 06:30:00,0.004933338,0.005021189
PSOQRNN,ETH-USD,2026-06-08 06:45:00,0.004895781,0.005020751
PSOQRNN,ETH-USD,2026-06-08 07:00:00,0.004869083,0.0050196573
PSOQRNN,ETH-USD,2026-06-08 07:15:00,0.004827317,0.0050165355
PSOQRNN,ETH-USD,2026-06-08 07:30:00,0.0049064592,0.0049977484
PSOQRNN,ETH-USD,2026-06-08 07:45:00,0.0048605846,0.004899055
PSOQRNN,ETH-USD,2026-06-08 08:00:00,0.004857727,0.0048889103
PSOQRNN,ETH-USD,2026-06-08 08:15:00,0.0048119905,0.0048719
PSOQRNN,ETH-USD,2026-06-08 08:30:00,0.0048050936,0.004871149
PSOQRNN,ETH-USD,2026-06-08 08:45:00,0.0048342175,0.0048739654
PSOQRNN,ETH-USD,2026-06-08 09:00:00,0.00472531,0.004870401
PSOQRNN,ETH-USD,2026-06-08 09:15:00,0.004800717,0.004775699
PSOQRNN,ETH-USD,2026-06-08 09:30:00,0.0046930667,0.004775386
PSOQRNN,ETH-USD,2026-06-08 09:45:00,0.004600375,0.0047598826
PSOQRNN,ETH-USD,2026-06-08 10:00:00,0.0047001517,0.004759899
PSOQRNN,ETH-USD,2026-06-08 10:15:00,0.0047378875,0.0047506625
PSOQRNN,ETH-USD,2026-06-08 10:30:00,0.0046066507,0.0047434196
PSOQRNN,ETH-USD,2026-06-08 10:45:00,0.004657995,0.004672475
PSOQRNN,ETH-USD,2026-06-08 11:00:00,0.004514387,0.0046685124
PSOQRNN,ETH-USD,2026-06-08 11:15:00,0.0045066783,0.004654787
PSOQRNN,ETH-USD,2026-06-08 11:30:00,0.0046020993,0.0046521686
PSOQRNN,ETH-USD,2026-06-08 11:45:00,0.004656647,0.004652517
PSOQRNN,ETH-USD,2026-06-08 12:00:00,0.004821989,0.0046785916
PSOQRNN,ETH-USD,2026-06-08 12:15:00,0.0044814316,0.004697552
PSOQRNN,ETH-USD,2026-06-08 12:30:00,0.0044842837,0.0047203675
PSOQRNN,ETH-USD,2026-06-08 12:45:00,0.004627411,0.0047182087
PSOQRNN,ETH-USD,2026-06-08 13:00:00,0.004677428,0.0046762964
PSOQRNN,ETH-USD,2026-06-08 13:15:00,0.0046533183,0.0046780445
PSOQRNN,ETH-USD,2026-06-08 13:30:00,0.004714736,0.004684006
PSOQRNN,ETH-USD,2026-06-08 13:45:00,0.004620529,0.0046832073
PSOQRNN,ETH-USD,2026-06-08 14:00:00,0.004549302,0.0046830205
PSOQRNN,ETH-USD,2026-06-08 14:15:00,0.004655781,0.004626509
PSOQRNN,ETH-USD,2026-06-08 14:30:00,0.0045393757,0.004626248
PSOQRNN,ETH-USD,2026-06-08 14:45:00,0.0045174253,0.004609902
PSOQRNN,ETH-USD,2026-06-08 15:00:00,0.0044159954,0.0045962194
PSOQRNN,ETH-USD,2026-06-08 15:15:00,0.004651383,0.0046050474
PSOQRNN,ETH-USD,2026-06-08 15:30:00,0.004584133,0.004604511
PSOQRNN,ETH-USD,2026-06-08 15:45:00,0.004582171,0.0046055773
PSOQRNN,ETH-USD,2026-06-08 16:00:00,0.004514227,0.004597409
PSOQRNN,ETH-USD,2026-06-08 16:15:00,0.004512835,0.0045915754
PSOQRNN,ETH-USD,2026-06-08 16:30:00,0.0046144524,0.0045845998
PSOQRNN,ETH-USD,2026-06-08 16:45:00,0.0046621636,0.004599136
PSOQRNN,ETH-USD,2026-06-08 17:00:00,0.004601202,0.0045893313
PSOQRNN,ETH-USD,2026-06-08 17:15:00,0.004449324,0.004595705
PSOQRNN,ETH-USD,2026-06-08 17:30:00,0.0046236124,0.004599137
PSOQRNN,ETH-USD,2026-06-08 17:45:00,0.004476208,0.004603811
PSOQRNN,ETH-USD,2026-06-08 18:00:00,0.004537926,0.0045973016
PSOQRNN,ETH-USD,2026-06-08 18:15:00,0.004542953,0.0045940685
PSOQRNN,ETH-USD,2026-06-08 18:30:00,0.0046056323,0.0045945523
PSOQRNN,ETH-USD,2026-06-08 18:45:00,0.0045287465,0.004594635
PSOQRNN,ETH-USD,2026-06-08 19:00:00,0.0045518726,0.004500799
PSOQRNN,ETH-USD,2026-06-08 19:15:00,0.0044270465,0.0044890977
PSOQRNN,ETH-USD,2026-06-08 19:30:00,0.0044218227,0.0044566994
PSOQRNN,ETH-USD,2026-06-08 19:45:00,0.00449383,0.004462337
PSOQRNN,ETH-USD,2026-06-08 20:00:00,0.0044515515,0.004459823
PSOQRNN,ETH-USD,2026-06-08 20:15:00,0.004475751,0.0042927223
PSOQRNN,ETH-USD,2026-06-08 20:30:00,0.0041964184,0.004281005
PSOQRNN,ETH-USD,2026-06-08 20:45:00,0.0042450125,0.0042747688
PSOQRNN,ETH-USD,2026-06-08 21:00:00,0.0040755486,0.0043183016
PSOQRNN,ETH-USD,2026-06-08 21:15:00,0.0043049743,0.004317462
PSOQRNN,ETH-USD,2026-06-08 21:30:00,0.0042543164,0.00429767
PSOQRNN,ETH-USD,2026-06-08 21:45:00,0.0044143028,0.004312646
PSOQRNN,ETH-USD,2026-06-08 22:00:00,0.004461503,0.0043052537
PSOQRNN,ETH-USD,2026-06-08 22:15:00,0.0042511313,0.0042975247
PSOQRNN,ETH-USD,2026-06-08 22:30:00,0.0042676176,0.0042856997
PSOQRNN,ETH-USD,2026-06-08 22:45:00,0.004208494,0.004290455
PSOQRNN,ETH-USD,2026-06-08 23:00:00,0.0041822027,0.004301692
PSOQRNN,ETH-USD,2026-06-08 23:15:00,0.0044818814,0.0043281177
PSOQRNN,ETH-USD,2026-06-08 23:30:00,0.004322979,0.0043282555
PSOQRNN,ETH-USD,2026-06-08 23:45:00,0.0043904213,0.0043303887
PSOQRNN,ETH-USD,2026-06-09 00:00:00,0.0043762266,0.004334475
PSOQRNN,ETH-USD,2026-06-09 00:15:00,0.0044521727,0.004347659
PSOQRNN,ETH-USD,2026-06-09 00:30:00,0.004370924,0.0043391604
PSOQRNN,ETH-USD,2026-06-09 00:45:00,0.0044266554,0.004334087
PSOQRNN,ETH-USD,2026-06-09 01:00:00,0.004305415,0.0042941
PSOQRNN,ETH-USD,2026-06-09 01:15:00,0.0042227237,0.004297297
PSOQRNN,ETH-USD,2026-06-09 01:30:00,0.004296276,0.004275971
PSOQRNN,ETH-USD,2026-06-09 01:45:00,0.004278037,0.0042739348
PSOQRNN,ETH-USD,2026-06-09 02:00:00,0.0042801187,0.00426761
PSOQRNN,ETH-USD,2026-06-09 02:15:00,0.004284722,0.004252586
PSOQRNN,ETH-USD,2026-06-09 02:30:00,0.004289586,0.0042519113
PSOQRNN,ETH-USD,2026-06-09 02:45:00,0.00418008,0.0042564557
PSOQRNN,ETH-USD,2026-06-09 03:00:00,0.0042386,0.0042526955
PSOQRNN,ETH-USD,2026-06-09 03:15:00,0.0042511965,0.004237446
PSOQRNN,ETH-USD,2026-06-09 03:30:00,0.0042329915,0.00422927
PSOQRNN,ETH-USD,2026-06-09 03:45:00,0.004215282,0.0042153625
PSOQRNN,ETH-USD,2026-06-09 04:00:00,0.00420234,0.0042132777
PSOQRNN,ETH-USD,2026-06-09 04:15:00,0.0042627724,0.0042084795
PSOQRNN,ETH-USD,2026-06-09 04:30:00,0.0040169437,0.004268956
PSOQRNN,ETH-USD,2026-06-09 04:45:00,0.0042550806,0.004258258
PSOQRNN,ETH-USD,2026-06-09 05:00:00,0.004242583,0.004255354
PSOQRNN,ETH-USD,2026-06-09 05:15:00,0.004242248,0.004255355
PSOQRNN,ETH-USD,2026-06-09 05:30:00,0.004218964,0.004255676
PSOQRNN,ETH-USD,2026-06-09 05:45:00,0.0042762356,0.004249811
PSOQRNN,ETH-USD,2026-06-09 06:00:00,0.004234479,0.0042418563
PSOQRNN,ETH-USD,2026-06-09 06:15:00,0.004205671,0.0042408425
PSOQRNN,ETH-USD,2026-06-09 06:30:00,0.0042758253,0.0042324816
PSOQRNN,ETH-USD,2026-06-09 06:45:00,0.004256479,0.0042314287
PSOQRNN,ETH-USD,2026-06-09 07:00:00,0.0042247465,0.004231434
PSOQRNN,ETH-USD,2026-06-09 07:15:00,0.0043563684,0.0042464216
PSOQRNN,ETH-USD,2026-06-09 07:30:00,0.004188058,0.0042437003
PSOQRNN,ETH-USD,2026-06-09 07:45:00,0.0042501464,0.004243908
PSOQRNN,ETH-USD,2026-06-09 08:00:00,0.0042924094,0.004247502
PSOQRNN,ETH-USD,2026-06-09 08:15:00,0.004243057,0.004245789
PSOQRNN,ETH-USD,2026-06-09 08:30:00,0.004216721,0.0042428505
PSOQRNN,ETH-USD,2026-06-09 08:45:00,0.0042629545,0.0042422963
PSOQRNN,ETH-USD,2026-06-09 09:00:00,0.004217704,0.0042415885
PSOQRNN,ETH-USD,2026-06-09 09:15:00,0.0042601554,0.0042156866
PSOQRNN,ETH-USD,2026-06-09 09:30:00,0.0042812955,0.004212609
PSOQRNN,ETH-USD,2026-06-09 09:45:00,0.0041969474,0.004212394
PSOQRNN,ETH-USD,2026-06-09 10:00:00,0.0041815336,0.0042111017
PSOQRNN,ETH-USD,2026-06-09 10:15:00,0.0042072167,0.004206783
PSOQRNN,ETH-USD,2026-06-09 10:30:00,0.0042238454,0.0042071207
PSOQRNN,ETH-USD,2026-06-09 10:45:00,0.004170444,0.004208198
PSOQRNN,ETH-USD,2026-06-09 11:00:00,0.0042878995,0.0042163394
PSOQRNN,ETH-USD,2026-06-09 11:15:00,0.004207162,0.004216102
PSOQRNN,ETH-USD,2026-06-09 11:30:00,0.0041879984,0.004208664
PSOQRNN,ETH-USD,2026-06-09 11:45:00,0.0041978955,0.004207572
PSOQRNN,ETH-USD,2026-06-09 12:00:00,0.0041043223,0.0042201043
PSOQRNN,ETH-USD,2026-06-09 12:15:00,0.0042712465,0.0042243297
PSOQRNN,ETH-USD,2026-06-09 12:30:00,0.004259241,0.0042264992
PSOQRNN,ETH-USD,2026-06-09 12:45:00,0.0041915914,0.004225105
PSOQRNN,ETH-USD,2026-06-09 13:00:00,0.0042334036,0.004223984
PSOQRNN,ETH-USD,2026-06-09 13:15:00,0.0042832172,0.004227987
PSOQRNN,ETH-USD,2026-06-09 13:30:00,0.0041960245,0.0042263735
PSOQRNN,ETH-USD,2026-06-09 13:45:00,0.0043042293,0.004234454
PSOQRNN,ETH-USD,2026-06-09 14:00:00,0.0043508206,0.004249977
PSOQRNN,ETH-USD,2026-06-09 14:15:00,0.004499171,0.0043099336
PSOQRNN,ETH-USD,2026-06-09 14:30:00,0.004313087,0.004300284
PSOQRNN,ETH-USD,2026-06-09 14:45:00,0.0041933265,0.0043120733
PSOQRNN,ETH-USD,2026-06-09 15:00:00,0.004234749,0.0043145423
PSOQRNN,ETH-USD,2026-06-09 15:15:00,0.0044529485,0.0043383064
PSOQRNN,ETH-USD,2026-06-09 15:30:00,0.0043105767,0.0043381955
PSOQRNN,ETH-USD,2026-06-09 15:45:00,0.0043825554,0.004342489
PSOQRNN,ETH-USD,2026-06-09 16:00:00,0.00442531,0.004266958
PSOQRNN,ETH-USD,2026-06-09 16:15:00,0.004244445,0.0042534503
PSOQRNN,ETH-USD,2026-06-09 16:30:00,0.00426655,0.0042444575
PSOQRNN,ETH-USD,2026-06-09 16:45:00,0.00419574,0.0042466396
PSOQRNN,ETH-USD,2026-06-09 17:00:00,0.0041439217,0.0042599966
PSOQRNN,ETH-USD,2026-06-09 17:15:00,0.0042153494,0.0042576813
PSOQRNN,ETH-USD,2026-06-09 17:30:00,0.00426215,0.0042576683
PSOQRNN,ETH-USD,2026-06-09 17:45:00,0.0042626234,0.004251329
PSOQRNN,ETH-USD,2026-06-09 18:00:00,0.004214683,0.0042523714
PSOQRNN,ETH-USD,2026-06-09 18:15:00,0.004210222,0.0042528035
PSOQRNN,ETH-USD,2026-06-09 18:30:00,0.004271428,0.004253237
PSOQRNN,ETH-USD,2026-06-09 18:45:00,0.0041855997,0.0042581093
PSOQRNN,ETH-USD,2026-06-09 19:00:00,0.004288396,0.0042534494
PSOQRNN,ETH-USD,2026-06-09 19:15:00,0.0042205923,0.004253053
PSOQRNN,ETH-USD,2026-06-09 19:30:00,0.004232585,0.00423873
PSOQRNN,ETH-USD,2026-06-09 19:45:00,0.00417585,0.0042429813
PSOQRNN,ETH-USD,2026-06-09 20:00:00,0.0041943085,0.0042438265
PSOQRNN,ETH-USD,2026-06-09 20:15:00,0.0042811316,0.0042442526
PSOQRNN,ETH-USD,2026-06-09 20:30:00,0.0042151054,0.0042417194
PSOQRNN,ETH-USD,2026-06-09 20:45:00,0.0042346376,0.0042384854
PSOQRNN,ETH-USD,2026-06-09 21:00:00,0.0042462978,0.004236013
PSOQRNN,ETH-USD,2026-06-09 21:15:00,0.0043372978,0.004191053
PSOQRNN,ETH-USD,2026-06-09 21:30:00,0.0041937935,0.0041879755
PSOQRNN,ETH-USD,2026-06-09 21:45:00,0.004200533,0.0041873585
PSOQRNN,ETH-USD,2026-06-09 22:00:00,0.004161574,0.0041878307
PSOQRNN,ETH-USD,2026-06-09 22:15:00,0.004233016,0.00418929
PSOQRNN,ETH-USD,2026-06-09 22:30:00,0.0042174207,0.0041899583
PSOQRNN,ETH-USD,2026-06-09 22:45:00,0.0042615803,0.0041949837
PSOQRNN,ETH-USD,2026-06-09 23:00:00,0.0042053303,0.0041945446
PSOQRNN,ETH-USD,2026-06-09 23:15:00,0.0042407764,0.0041926354
PSOQRNN,ETH-USD,2026-06-09 23:30:00,0.004167761,0.0041912626
PSOQRNN,ETH-USD,2026-06-09 23:45:00,0.004166672,0.0041249166
PSOQRNN,ETH-USD,2026-06-10 00:00:00,0.0040998603,0.004125878
PSOQRNN,ETH-USD,2026-06-10 00:15:00,0.00412057,0.0041257744
PSOQRNN,ETH-USD,2026-06-10 00:30:00,0.00427001,0.004136801
PSOQRNN,ETH-USD,2026-06-10 00:45:00,0.0040039723,0.004169189
PSOQRNN,ETH-USD,2026-06-10 01:00:00,0.004206197,0.0041669724
PSOQRNN,ETH-USD,2026-06-10 01:15:00,0.0041787904,0.0041631022
PSOQRNN,ETH-USD,2026-06-10 01:30:00,0.004250472,0.004169484
PSOQRNN,ETH-USD,2026-06-10 01:45:00,0.0041316743,0.004168049
PSOQRNN,ETH-USD,2026-06-10 02:00:00,0.0042268047,0.004171758
PSOQRNN,ETH-USD,2026-06-10 02:15:00,0.0042078365,0.0041726027
PSOQRNN,ETH-USD,2026-06-10 02:30:00,0.0042429976,0.004175641
PSOQRNN,ETH-USD,2026-06-10 02:45:00,0.0041948636,0.004175061
PSOQRNN,ETH-USD,2026-06-10 03:00:00,0.004130884,0.0041191434
PSOQRNN,ETH-USD,2026-06-10 03:15:00,0.004041257,0.0041298275
PSOQRNN,ETH-USD,2026-06-10 03:30:00,0.004198815,0.004130901
PSOQRNN,ETH-USD,2026-06-10 03:45:00,0.00413609,0.0041275085
PSOQRNN,ETH-USD,2026-06-10 04:00:00,0.0041400148,0.004127565
PSOQRNN,ETH-USD,2026-06-10 04:15:00,0.004130639,0.0041274414
PSOQRNN,ETH-USD,2026-06-10 04:30:00,0.004208677,0.00413241
PSOQRNN,ETH-USD,2026-06-10 04:45:00,0.004120096,0.004132842
PSOQRNN,ETH-USD,2026-06-10 05:00:00,0.004183017,0.0041352883
PSOQRNN,ETH-USD,2026-06-10 05:15:00,0.0040986044,0.0041107438
PSOQRNN,ETH-USD,2026-06-10 05:30:00,0.0041259364,0.004107221
PSOQRNN,ETH-USD,2026-06-10 05:45:00,0.0040836264,0.0041080206
PSOQRNN,ETH-USD,2026-06-10 06:00:00,0.0041084467,0.004107844
PSOQRNN,ETH-USD,2026-06-10 06:15:00,0.004117847,0.0041036685
PSOQRNN,ETH-USD,2026-06-10 06:30:00,0.0040781815,0.0041051335
PSOQRNN,ETH-USD,2026-06-10 06:45:00,0.0041067195,0.0041037304
PSOQRNN,ETH-USD,2026-06-10 07:00:00,0.0040920516,0.004104285
PSOQRNN,ETH-USD,2026-06-10 07:15:00,0.0040801433,0.0041051353
PSOQRNN,ETH-USD,2026-06-10 07:30:00,0.0040650126,0.004108094
PSOQRNN,ETH-USD,2026-06-10 07:45:00,0.0041258456,0.0041079647
PSOQRNN,ETH-USD,2026-06-10 08:00:00,0.004153777,0.0041017504
PSOQRNN,ETH-USD,2026-06-10 08:15:00,0.00414485,0.004103381
PSOQRNN,ETH-USD,2026-06-10 08:30:00,0.004259888,0.0041280487
PSOQRNN,ETH-USD,2026-06-10 08:45:00,0.004144519,0.0041269576
PSOQRNN,ETH-USD,2026-06-10 09:00:00,0.0042277067,0.0041350573
PSOQRNN,ETH-USD,2026-06-10 09:15:00,0.004080673,0.0041401847
PSOQRNN,ETH-USD,2026-06-10 09:30:00,0.0041208304,0.0041408734
PSOQRNN,ETH-USD,2026-06-10 09:45:00,0.0041157263,0.0041392227
PSOQRNN,ETH-USD,2026-06-10 10:00:00,0.004177449,0.0041080057
PSOQRNN,ETH-USD,2026-06-10 10:15:00,0.004070459,0.004103474
PSOQRNN,ETH-USD,2026-06-10 10:30:00,0.004096854,0.0041021504
PSOQRNN,ETH-USD,2026-06-10 10:45:00,0.0040866793,0.0040971176
PSOQRNN,ETH-USD,2026-06-10 11:00:00,0.0041863513,0.004094169
PSOQRNN,ETH-USD,2026-06-10 11:15:00,0.004155801,0.00409496
PSOQRNN,ETH-USD,2026-06-10 11:30:00,0.0040719877,0.0040964633
PSOQRNN,ETH-USD,2026-06-10 11:45:00,0.0041023707,0.0040945234
PSOQRNN,ETH-USD,2026-06-10 12:00:00,0.0040658046,0.004095046
PSOQRNN,ETH-USD,2026-06-10 12:15:00,0.004087127,0.004094451
PSOQRNN,ETH-USD,2026-06-10 12:30:00,0.003959731,0.0041296603
PSOQRNN,ETH-USD,2026-06-10 12:45:00,0.004181046,0.0041189487
PSOQRNN,ETH-USD,2026-06-10 13:00:00,0.0041440213,0.0034455888
PSOQRNN,ETH-USD,2026-06-10 13:15:00,0.0034497946,0.003371625
PSOQRNN,ETH-USD,2026-06-10 13:30:00,0.003182026,0.0035449548
PSOQRNN,ETH-USD,2026-06-10 13:45:00,0.0037390697,0.003571693
PSOQRNN,ETH-USD,2026-06-10 14:00:00,0.0036544234,0.0035630884
PSOQRNN,ETH-USD,2026-06-10 14:15:00,0.0035989818,0.0035578483
PSOQRNN,ETH-USD,2026-06-10 14:30:00,0.0036269235,0.0035601817
PSOQRNN,ETH-USD,2026-06-10 14:45:00,0.003560956,0.0035551118
PSOQRNN,ETH-USD,2026-06-10 15:00:00,0.003663264,0.0035623081
PSOQRNN,ETH-USD,2026-06-10 15:15:00,0.0035084316,0.003552708
PSOQRNN,ETH-USD,2026-06-10 15:30:00,0.0035327189,0.0035559225
PSOQRNN,ETH-USD,2026-06-10 15:45:00,0.0035556066,0.0035545263
PSOQRNN,ETH-USD,2026-06-10 16:00:00,0.0036624537,0.0035264571
PSOQRNN,ETH-USD,2026-06-10 16:15:00,0.0035780636,0.003511494
PSOQRNN,ETH-USD,2026-06-10 16:30:00,0.0035883905,0.003501925
PSOQRNN,ETH-USD,2026-06-10 16:45:00,0.0035658907,0.003499187
PSOQRNN,ETH-USD,2026-06-10 17:00:00,0.0035547174,0.0034995147
PSOQRNN,ETH-USD,2026-06-10 17:15:00,0.003654448,0.003525395
PSOQRNN,ETH-USD,2026-06-10 17:30:00,0.003600453,0.0035284245
PSOQRNN,ETH-USD,2026-06-10 17:45:00,0.003487138,0.0035427976
PSOQRNN,ETH-USD,2026-06-10 18:00:00,0.0035909489,0.0035406211
PSOQRNN,ETH-USD,2026-06-10 18:15:00,0.0035257135,0.0035371704
PSOQRNN,ETH-USD,2026-06-10 18:30:00,0.0036797423,0.003556805
PSOQRNN,ETH-USD,2026-06-10 18:45:00,0.0035444244,0.0035614786
PSOQRNN,ETH-USD,2026-06-10 19:00:00,0.0036361434,0.0035419678
PSOQRNN,ETH-USD,2026-06-10 19:15:00,0.0035713532,0.0035409878
PSOQRNN,ETH-USD,2026-06-10 19:30:00,0.0035269645,0.0035290604
PSOQRNN,ETH-USD,2026-06-10 19:45:00,0.0035862145,0.0035298099
PSOQRNN,ETH-USD,2026-06-10 20:00:00,0.0035926057,0.0035158016
PSOQRNN,ETH-USD,2026-06-10 20:15:00,0.0034921768,0.0035126435
PSOQRNN,ETH-USD,2026-06-10 20:30:00,0.0035790403,0.0034970422
PSOQRNN,ETH-USD,2026-06-10 20:45:00,0.003521966,0.0034891341
PSOQRNN,ETH-USD,2026-06-10 21:00:00,0.0036569103,0.0034978164
PSOQRNN,ETH-USD,2026-06-10 21:15:00,0.0035259053,0.0034936334
PSOQRNN,ETH-USD,2026-06-10 21:30:00,0.0034793708,0.0034990113
PSOQRNN,ETH-USD,2026-06-10 21:45:00,0.00367338,0.0035331058
PSOQRNN,ETH-USD,2026-06-10 22:00:00,0.0035703878,0.0035322416
PSOQRNN,ETH-USD,2026-06-10 22:15:00,0.003568521,0.003526729
PSOQRNN,ETH-USD,2026-06-10 22:30:00,0.0034719198,0.0035470831
PSOQRNN,ETH-USD,2026-06-10 22:45:00,0.003613822,0.0035486864
PSOQRNN,ETH-USD,2026-06-10 23:00:00,0.0036255815,0.0035486498
PSOQRNN,ETH-USD,2026-06-10 23:15:00,0.0034942199,0.0035679792
PSOQRNN,ETH-USD,2026-06-10 23:30:00,0.0035900646,0.003567499
PSOQRNN,ETH-USD,2026-06-10 23:45:00,0.0036136794,0.0035643198
PSOQRNN,ETH-USD,2026-06-11 00:00:00,0.0035535065,0.0035655603
PSOQRNN,ETH-USD,2026-06-11 00:15:00,0.0035538147,0.003569712
PSOQRNN,ETH-USD,2026-06-11 00:30:00,0.0036379325,0.0035719443
PSOQRNN,ETH-USD,2026-06-11 00:45:00,0.0035953799,0.0035594169
PSOQRNN,ETH-USD,2026-06-11 01:00:00,0.0035024518,0.003579697
PSOQRNN,ETH-USD,2026-06-11 01:15:00,0.003590718,0.0035777558
PSOQRNN,ETH-USD,2026-06-11 01:30:00,0.0035710828,0.0035749627
PSOQRNN,ETH-USD,2026-06-11 01:45:00,0.003624254,0.00357522
PSOQRNN,ETH-USD,2026-06-11 02:00:00,0.0036319424,0.003562686
PSOQRNN,ETH-USD,2026-06-11 02:15:00,0.0036583545,0.0035545886
PSOQRNN,ETH-USD,2026-06-11 02:30:00,0.0035851279,0.003554623
PSOQRNN,ETH-USD,2026-06-11 02:45:00,0.0035336053,0.0035577118
PSOQRNN,ETH-USD,2026-06-11 03:00:00,0.0036288323,0.0035113676
PSOQRNN,ETH-USD,2026-06-11 03:15:00,0.0035202624,0.003484801
PSOQRNN,ETH-USD,2026-06-11 03:30:00,0.0034644008,0.003457929
PSOQRNN,ETH-USD,2026-06-11 03:45:00,0.0034195245,0.003471144
PSOQRNN,ETH-USD,2026-06-11 04:00:00,0.0035183348,0.0034706206
PSOQRNN,ETH-USD,2026-06-11 04:15:00,0.003514866,0.0034691242
PSOQRNN,ETH-USD,2026-06-11 04:30:00,0.0034610217,0.0034630077
PSOQRNN,ETH-USD,2026-06-11 04:45:00,0.0034859923,0.0034633302
PSOQRNN,ETH-USD,2026-06-11 05:00:00,0.0035513202,0.0034619765
PSOQRNN,ETH-USD,2026-06-11 05:15:00,0.0035151225,0.003461265
PSOQRNN,ETH-USD,2026-06-11 05:30:00,0.003473997,0.003460839
PSOQRNN,ETH-USD,2026-06-11 05:45:00,0.0035295277,0.0034587712
PSOQRNN,ETH-USD,2026-06-11 06:00:00,0.0034128136,0.0034425945
PSOQRNN,ETH-USD,2026-06-11 06:15:00,0.0034576512,0.0034313644
PSOQRNN,ETH-USD,2026-06-11 06:30:00,0.0034521266,0.0034308408
PSOQRNN,ETH-USD,2026-06-11 06:45:00,0.0035194203,0.003435999
PSOQRNN,ETH-USD,2026-06-11 07:00:00,0.0034778374,0.0034336194
PSOQRNN,ETH-USD,2026-06-11 07:15:00,0.00343924,0.0034339076
PSOQRNN,ETH-USD,2026-06-11 07:30:00,0.0035104072,0.00343167
PSOQRNN,ETH-USD,2026-06-11 07:45:00,0.0034494956,0.0034149042
PSOQRNN,ETH-USD,2026-06-11 08:00:00,0.0034145892,0.0034147475
PSOQRNN,ETH-USD,2026-06-11 08:15:00,0.0034224188,0.0034035007
PSOQRNN,ETH-USD,2026-06-11 08:30:00,0.0034414304,0.003396459
PSOQRNN,ETH-USD,2026-06-11 08:45:00,0.0034360625,0.0033883997
PSOQRNN,ETH-USD,2026-06-11 09:00:00,0.00343407,0.0033883115
PSOQRNN,ETH-USD,2026-06-11 09:15:00,0.0034369826,0.0033887115
PSOQRNN,ETH-USD,2026-06-11 09:30:00,0.0033992953,0.0033857704
PSOQRNN,ETH-USD,2026-06-11 09:45:00,0.0034232107,0.0033853624
PSOQRNN,ETH-USD,2026-06-11 10:00:00,0.0034287095,0.0033855028
PSOQRNN,ETH-USD,2026-06-11 10:15:00,0.0034282815,0.0033833645
PSOQRNN,ETH-USD,2026-06-11 10:30:00,0.003418143,0.0033815901
PSOQRNN,ETH-USD,2026-06-11 10:45:00,0.0033945234,0.0033771305
PSOQRNN,ETH-USD,2026-06-11 11:00:00,0.0033776425,0.0033796083
PSOQRNN,ETH-USD,2026-06-11 11:15:00,0.0034043908,0.003377057
PSOQRNN,ETH-USD,2026-06-11 11:30:00,0.003417259,0.0033636265
PSOQRNN,ETH-USD,2026-06-11 11:45:00,0.003360532,0.0033659937
PSOQRNN,ETH-USD,2026-06-11 12:00:00,0.003451815,0.0032913494
PSOQRNN,ETH-USD,2026-06-11 12:15:00,0.003459362,0.0033284717
PSOQRNN,ETH-USD,2026-06-11 12:30:00,0.0033206672,0.0033287741
PSOQRNN,ETH-USD,2026-06-11 12:45:00,0.003370371,0.0033081905
PSOQRNN,ETH-USD,2026-06-11 13:00:00,0.0033632077,0.0032768967
PSOQRNN,ETH-USD,2026-06-11 13:15:00,0.003317756,0.0032736266
PSOQRNN,ETH-USD,2026-06-11 13:30:00,0.0032927736,0.0032734692
PSOQRNN,ETH-USD,2026-06-11 13:45:00,0.003280008,0.003266797
PSOQRNN,ETH-USD,2026-06-11 14:00:00,0.0033847087,0.0032637727
PSOQRNN,ETH-USD,2026-06-11 14:15:00,0.0032498399,0.0032257768
PSOQRNN,ETH-USD,2026-06-11 14:30:00,0.0032460424,0.0032261682
PSOQRNN,ETH-USD,2026-06-11 14:45:00,0.0033348822,0.0032320397
PSOQRNN,ETH-USD,2026-06-11 15:00:00,0.0032439188,0.0032283585
PSOQRNN,ETH-USD,2026-06-11 15:15:00,0.0032489968,0.0032057667
PSOQRNN,ETH-USD,2026-06-11 15:30:00,0.0032521307,0.0032041117
PSOQRNN,ETH-USD,2026-06-11 15:45:00,0.0032258842,0.0031898916
PSOQRNN,ETH-USD,2026-06-11 16:00:00,0.0031909419,0.0031922418
PSOQRNN,ETH-USD,2026-06-11 16:15:00,0.0032943697,0.003197758
PSOQRNN,ETH-USD,2026-06-11 16:30:00,0.0032153751,0.0031982264
PSOQRNN,ETH-USD,2026-06-11 16:45:00,0.0032619552,0.0032007864
PSOQRNN,ETH-USD,2026-06-11 17:00:00,0.0032568057,0.0032020651
PSOQRNN,ETH-USD,2026-06-11 17:15:00,0.003094032,0.0032702927
PSOQRNN,ETH-USD,2026-06-11 17:30:00,0.0031224755,0.0033842006
PSOQRNN,ETH-USD,2026-06-11 17:45:00,0.0033251387,0.0034007852
PSOQRNN,ETH-USD,2026-06-11 18:00:00,0.0034811269,0.003405537
PSOQRNN,ETH-USD,2026-06-11 18:15:00,0.0034676862,0.003407389
PSOQRNN,ETH-USD,2026-06-11 18:30:00,0.0033854851,0.0034153308
PSOQRNN,ETH-USD,2026-06-11 18:45:00,0.0034761573,0.0034168982
PSOQRNN,ETH-USD,2026-06-11 19:00:00,0.0035017878,0.0034224766
PSOQRNN,ETH-USD,2026-06-11 19:15:00,0.0034433084,0.00341885
PSOQRNN,ETH-USD,2026-06-11 19:30:00,0.0033971579,0.0033470502
PSOQRNN,ETH-USD,2026-06-11 19:45:00,0.0034192156,0.0033504895
PSOQRNN,ETH-USD,2026-06-11 20:00:00,0.0034094765,0.0033518749
PSOQRNN,ETH-USD,2026-06-11 20:15:00,0.0034698492,0.003367082
PSOQRNN,ETH-USD,2026-06-11 20:30:00,0.0034239735,0.0033666738
PSOQRNN,ETH-USD,2026-06-11 20:45:00,0.0033640442,0.0033691903
PSOQRNN,ETH-USD,2026-06-11 21:00:00,0.003322045,0.0033874752
PSOQRNN,ETH-USD,2026-06-11 21:15:00,0.0034458323,0.003387144
PSOQRNN,ETH-USD,2026-06-11 21:30:00,0.0034075775,0.0033852917
PSOQRNN,ETH-USD,2026-06-11 21:45:00,0.0034514528,0.0033865059
PSOQRNN,ETH-USD,2026-06-11 22:00:00,0.0033849909,0.0033897106
PSOQRNN,ETH-USD,2026-06-11 22:15:00,0.0034540598,0.003369576
PSOQRNN,ETH-USD,2026-06-11 22:30:00,0.0034174905,0.0033651576
PSOQRNN,ETH-USD,2026-06-11 22:45:00,0.0033997837,0.003364962
PSOQRNN,ETH-USD,2026-06-11 23:00:00,0.0034240724,0.0033622596
PSOQRNN,ETH-USD,2026-06-11 23:15:00,0.0034245849,0.0033641905
PSOQRNN,ETH-USD,2026-06-11 23:30:00,0.0033407607,0.0033720385
PSOQRNN,ETH-USD,2026-06-11 23:45:00,0.0034378797,0.0033734841
PSOQRNN,ETH-USD,2026-06-12 00:00:00,0.0033824034,0.0033743905
PSOQRNN,ETH-USD,2026-06-12 00:15:00,0.0034400874,0.003375929
PSOQRNN,ETH-USD,2026-06-12 00:30:00,0.0033943676,0.0033697218
PSOQRNN,ETH-USD,2026-06-12 00:45:00,0.0034176672,0.0033699155
PSOQRNN,ETH-USD,2026-06-12 01:00:00,0.0034417359,0.0033718366
PSOQRNN,ETH-USD,2026-06-12 01:15:00,0.003459553,0.0033783144
PSOQRNN,ETH-USD,2026-06-12 01:30:00,0.0034015293,0.0033780904
PSOQRNN,ETH-USD,2026-06-12 01:45:00,0.003389308,0.0033772048
PSOQRNN,ETH-USD,2026-06-12 02:00:00,0.003342753,0.0033803454
PSOQRNN,ETH-USD,2026-06-12 02:15:00,0.0034330096,0.0033811387
PSOQRNN,ETH-USD,2026-06-12 02:30:00,0.0033758779,0.003383915
PSOQRNN,ETH-USD,2026-06-12 02:45:00,0.0034340962,0.0033844335
PSOQRNN,ETH-USD,2026-06-12 03:00:00,0.0034346357,0.0033652368
PSOQRNN,ETH-USD,2026-06-12 03:15:00,0.0034223562,0.0033622372
PSOQRNN,ETH-USD,2026-06-12 03:30:00,0.003392392,0.0033600861
PSOQRNN,ETH-USD,2026-06-12 03:45:00,0.0033816125,0.0033587315
PSOQRNN,ETH-USD,2026-06-12 04:00:00,0.0034179038,0.003360073
PSOQRNN,ETH-USD,2026-06-12 04:15:00,0.0033311478,0.003365006
PSOQRNN,ETH-USD,2026-06-12 04:30:00,0.0033881448,0.0033639104
PSOQRNN,ETH-USD,2026-06-12 04:45:00,0.003408916,0.003354653
PSOQRNN,ETH-USD,2026-06-12 05:00:00,0.0034837427,0.003354257
PSOQRNN,ETH-USD,2026-06-12 05:15:00,0.0033793715,0.0032775688
PSOQRNN,ETH-USD,2026-06-12 05:30:00,0.0033455475,0.0032804718
PSOQRNN,ETH-USD,2026-06-12 05:45:00,0.0033198362,0.0032638567
PSOQRNN,ETH-USD,2026-06-12 06:00:00,0.0033085675,0.0032569747
PSOQRNN,ETH-USD,2026-06-12 06:15:00,0.0033116944,0.0032280318
PSOQRNN,ETH-USD,2026-06-12 06:30:00,0.003309862,0.003234352
PSOQRNN,ETH-USD,2026-06-12 06:45:00,0.003243777,0.0032303082
PSOQRNN,ETH-USD,2026-06-12 07:00:00,0.0032648419,0.0032164338
PSOQRNN,ETH-USD,2026-06-12 07:15:00,0.0032318921,0.0032167295
PSOQRNN,ETH-USD,2026-06-12 07:30:00,0.0032322083,0.0032166624
PSOQRNN,ETH-USD,2026-06-12 07:45:00,0.0032338246,0.0032139348
PSOQRNN,ETH-USD,2026-06-12 08:00:00,0.0031978574,0.0032023052
PSOQRNN,ETH-USD,2026-06-12 08:15:00,0.0031709548,0.0032116177
PSOQRNN,ETH-USD,2026-06-12 08:30:00,0.0032776815,0.0032147635
PSOQRNN,ETH-USD,2026-06-12 08:45:00,0.00322581,0.00321555
PSOQRNN,ETH-USD,2026-06-12 09:00:00,0.0032293207,0.0032147875
PSOQRNN,ETH-USD,2026-06-12 09:15:00,0.0032033557,0.0032177854
PSOQRNN,ETH-USD,2026-06-12 09:30:00,0.003225906,0.0032180748
PSOQRNN,ETH-USD,2026-06-12 09:45:00,0.0032718848,0.003212905
PSOQRNN,ETH-USD,2026-06-12 10:00:00,0.0032508736,0.0032107732
PSOQRNN,ETH-USD,2026-06-12 10:15:00,0.0033034824,0.0032194417
PSOQRNN,ETH-USD,2026-06-12 10:30:00,0.0032317173,0.003220079
PSOQRNN,ETH-USD,2026-06-12 10:45:00,0.0032527386,0.0032140051
PSOQRNN,ETH-USD,2026-06-12 11:00:00,0.0032323722,0.0032111004
PSOQRNN,ETH-USD,2026-06-12 11:15:00,0.0032419492,0.0032081665
PSOQRNN,ETH-USD,2026-06-12 11:30:00,0.0032493875,0.003207529
PSOQRNN,ETH-USD,2026-06-12 11:45:00,0.0032519307,0.0032080472
PSOQRNN,ETH-USD,2026-06-12 12:00:00,0.0032663706,0.0032098182
PSOQRNN,ETH-USD,2026-06-12 12:15:00,0.003279256,0.0031972888
PSOQRNN,ETH-USD,2026-06-12 12:30:00,0.003235926,0.0031974653
PSOQRNN,ETH-USD,2026-06-12 12:45:00,0.003220444,0.0031973377
PSOQRNN,ETH-USD,2026-06-12 13:00:00,0.0032202317,0.0031963056
PSOQRNN,ETH-USD,2026-06-12 13:15:00,0.0032401052,0.0031934546
PSOQRNN,ETH-USD,2026-06-12 13:30:00,0.0033143049,0.003212078
PSOQRNN,ETH-USD,2026-06-12 13:45:00,0.003239884,0.0032040167
PSOQRNN,ETH-USD,2026-06-12 14:00:00,0.0031555092,0.0032236115
PSOQRNN,ETH-USD,2026-06-12 14:15:00,0.0032175034,0.0032238285
PSOQRNN,ETH-USD,2026-06-12 14:30:00,0.0032687727,0.003223436
PSOQRNN,ETH-USD,2026-06-12 14:45:00,0.0031187744,0.0032855133
PSOQRNN,ETH-USD,2026-06-12 15:00:00,0.0032822944,0.0032871957
PSOQRNN,ETH-USD,2026-06-12 15:15:00,0.0033908451,0.0032993462
PSOQRNN,ETH-USD,2026-06-12 15:30:00,0.0034471035,0.0033005953
PSOQRNN,ETH-USD,2026-06-12 15:45:00,0.0034478358,0.0032890972
PSOQRNN,ETH-USD,2026-06-12 16:00:00,0.0032239207,0.003316062
PSOQRNN,ETH-USD,2026-06-12 16:15:00,0.0033534754,0.0033159482
PSOQRNN,ETH-USD,2026-06-12 16:30:00,0.0033658103,0.0033056124
PSOQRNN,ETH-USD,2026-06-12 16:45:00,0.0033022566,0.0033062964
PSOQRNN,ETH-USD,2026-06-12 17:00:00,0.0033593709,0.0033021788
PSOQRNN,ETH-USD,2026-06-12 17:15:00,0.0033367167,0.0033001327
PSOQRNN,ETH-USD,2026-06-12 17:30:00,0.0033457682,0.0032930265
PSOQRNN,ETH-USD,2026-06-12 17:45:00,0.003327427,0.00329242
PSOQRNN,ETH-USD,2026-06-12 18:00:00,0.0033321574,0.0032890954
PSOQRNN,ETH-USD,2026-06-12 18:15:00,0.0033321227,0.003275712
PSOQRNN,ETH-USD,2026-06-12 18:30:00,0.0032673597,0.0032734058
PSOQRNN,ETH-USD,2026-06-12 18:45:00,0.0033548877,0.003279641
PSOQRNN,ETH-USD,2026-06-12 19:00:00,0.0032869373,0.0032810771
PSOQRNN,ETH-USD,2026-06-12 19:15:00,0.00331019,0.0032810848
PSOQRNN,ETH-USD,2026-06-12 19:30:00,0.003341299,0.0032739036
PSOQRNN,ETH-USD,2026-06-12 19:45:00,0.0033162795,0.0032737937
PSOQRNN,ETH-USD,2026-06-12 20:00:00,0.003287942,0.0032709928
PSOQRNN,ETH-USD,2026-06-12 20:15:00,0.0033127503,0.0032683378
PSOQRNN,ETH-USD,2026-06-12 20:30:00,0.0033015064,0.0032681895
PSOQRNN,ETH-USD,2026-06-12 20:45:00,0.0033125903,0.00326706
PSOQRNN,ETH-USD,2026-06-12 21:00:00,0.0032797968,0.0032679085
PSOQRNN,ETH-USD,2026-06-12 21:15:00,0.0033073912,0.0032680747
PSOQRNN,ETH-USD,2026-06-12 21:30:00,0.003305817,0.0032663136
PSOQRNN,ETH-USD,2026-06-12 21:45:00,0.003314132,0.003267008
PSOQRNN,ETH-USD,2026-06-12 22:00:00,0.0033000656,0.0032664142
PSOQRNN,ETH-USD,2026-06-12 22:15:00,0.0032894262,0.00326484
PSOQRNN,ETH-USD,2026-06-12 22:30:00,0.0033206453,0.0032622062
PSOQRNN,ETH-USD,2026-06-12 22:45:00,0.0032933566,0.0032619885
PSOQRNN,ETH-USD,2026-06-12 23:00:00,0.0033075032,0.0032599333
PSOQRNN,ETH-USD,2026-06-12 23:15:00,0.0032832753,0.0032578865
PSOQRNN,ETH-USD,2026-06-12 23:30:00,0.0032820965,0.003225226
PSOQRNN,ETH-USD,2026-06-12 23:45:00,0.0032250073,0.003227576
PSOQRNN,ETH-USD,2026-06-13 00:00:00,0.0032484317,0.003213141
PSOQRNN,ETH-USD,2026-06-13 00:15:00,0.0032550818,0.0032071702
PSOQRNN,ETH-USD,2026-06-13 00:30:00,0.0032348894,0.0032062822
PSOQRNN,ETH-USD,2026-06-13 00:45:00,0.0032319387,0.0032048787
PSOQRNN,ETH-USD,2026-06-13 01:00:00,0.0032226713,0.0032031357
PSOQRNN,ETH-USD,2026-06-13 01:15:00,0.0032414538,0.003199775
PSOQRNN,ETH-USD,2026-06-13 01:30:00,0.0031923188,0.0032035199
PSOQRNN,ETH-USD,2026-06-13 01:45:00,0.0032263151,0.0032027748
PSOQRNN,ETH-USD,2026-06-13 02:00:00,0.0032417853,0.003191908
PSOQRNN,ETH-USD,2026-06-13 02:15:00,0.003245746,0.0031884578
PSOQRNN,ETH-USD,2026-06-13 02:30:00,0.0032444603,0.0031888233
PSOQRNN,ETH-USD,2026-06-13 02:45:00,0.0032118883,0.0031889197
PSOQRNN,ETH-USD,2026-06-13 03:00:00,0.0032204075,0.0031865272
PSOQRNN,ETH-USD,2026-06-13 03:15:00,0.0032461537,0.0031886606
PSOQRNN,ETH-USD,2026-06-13 03:30:00,0.0032135623,0.0031420381
PSOQRNN,ETH-USD,2026-06-13 03:45:00,0.0031728211,0.0031383063
PSOQRNN,ETH-USD,2026-06-13 04:00:00,0.0031742244,0.0031377836
PSOQRNN,ETH-USD,2026-06-13 04:15:00,0.0031581926,0.0031357987
PSOQRNN,ETH-USD,2026-06-13 04:30:00,0.0031467055,0.0029348244
PSOQRNN,ETH-USD,2026-06-13 04:45:00,0.002982589,0.0028840168
PSOQRNN,ETH-USD,2026-06-13 05:00:00,0.0029037944,0.002877926
PSOQRNN,ETH-USD,2026-06-13 05:15:00,0.0028956996,0.002877899
PSOQRNN,ETH-USD,2026-06-13 05:30:00,0.0029007199,0.0028746212
PSOQRNN,ETH-USD,2026-06-13 05:45:00,0.002885298,0.0028721148
PSOQRNN,ETH-USD,2026-06-13 06:00:00,0.0028976672,0.002858818
PSOQRNN,ETH-USD,2026-06-13 06:15:00,0.002860785,0.002837131
PSOQRNN,ETH-USD,2026-06-13 06:30:00,0.0028525768,0.0028290877
PSOQRNN,ETH-USD,2026-06-13 06:45:00,0.0028237004,0.002827999
PSOQRNN,ETH-USD,2026-06-13 07:00:00,0.0028466042,0.0028145008
PSOQRNN,ETH-USD,2026-06-13 07:15:00,0.0028007573,0.002817142
PSOQRNN,ETH-USD,2026-06-13 07:30:00,0.002833608,0.0028121162
PSOQRNN,ETH-USD,2026-06-13 07:45:00,0.0028075846,0.002811119
PSOQRNN,ETH-USD,2026-06-13 08:00:00,0.0028343631,0.002809922
PSOQRNN,ETH-USD,2026-06-13 08:15:00,0.0028275803,0.002775127
PSOQRNN,ETH-USD,2026-06-13 08:30:00,0.002778729,0.002770597
PSOQRNN,ETH-USD,2026-06-13 08:45:00,0.0028016057,0.0027551705
PSOQRNN,ETH-USD,2026-06-13 09:00:00,0.0027651447,0.0027544573
PSOQRNN,ETH-USD,2026-06-13 09:15:00,0.0027780072,0.002748441
PSOQRNN,ETH-USD,2026-06-13 09:30:00,0.0027530561,0.0027196864
PSOQRNN,ETH-USD,2026-06-13 09:45:00,0.0027407627,0.0027144225
PSOQRNN,ETH-USD,2026-06-13 10:00:00,0.0027261598,0.0027095433
PSOQRNN,ETH-USD,2026-06-13 10:15:00,0.0027239528,0.0027096146
PSOQRNN,ETH-USD,2026-06-13 10:30:00,0.0027085764,0.0027038243
PSOQRNN,ETH-USD,2026-06-13 10:45:00,0.0027224612,0.002702394
PSOQRNN,ETH-USD,2026-06-13 11:00:00,0.0026886533,0.0027021905
PSOQRNN,ETH-USD,2026-06-13 11:15:00,0.0027045135,0.0026928042
PSOQRNN,ETH-USD,2026-06-13 11:30:00,0.0027121108,0.002689982
PSOQRNN,ETH-USD,2026-06-13 11:45:00,0.00269217,0.0026900426
PSOQRNN,ETH-USD,2026-06-13 12:00:00,0.002707853,0.0026462292
PSOQRNN,ETH-USD,2026-06-13 12:15:00,0.002657625,0.0026463112
PSOQRNN,ETH-USD,2026-06-13 12:30:00,0.0026441205,0.00263996
PSOQRNN,ETH-USD,2026-06-13 12:45:00,0.0026313714,0.0025918335
PSOQRNN,ETH-USD,2026-06-13 13:00:00,0.002603841,0.002592071
PSOQRNN,ETH-USD,2026-06-13 13:15:00,0.00258845,0.0025922002
PSOQRNN,ETH-USD,2026-06-13 13:30:00,0.0026059235,0.0025673204
PSOQRNN,ETH-USD,2026-06-13 13:45:00,0.0025839927,0.00256471
PSOQRNN,ETH-USD,2026-06-13 14:00:00,0.0025523743,0.0025598214
PSOQRNN,ETH-USD,2026-06-13 14:15:00,0.0025755996,0.0025356715
PSOQRNN,ETH-USD,2026-06-13 14:30:00,0.0025320502,0.002535533
PSOQRNN,ETH-USD,2026-06-13 14:45:00,0.0025337646,0.0025348687
PSOQRNN,ETH-USD,2026-06-13 15:00:00,0.0025268542,0.0025296987
PSOQRNN,ETH-USD,2026-06-13 15:15:00,0.0025172655,0.002524703
PSOQRNN,ETH-USD,2026-06-13 15:30:00,0.0025526348,0.0025244944
PSOQRNN,ETH-USD,2026-06-13 15:45:00,0.002508818,0.002525618
PSOQRNN,ETH-USD,2026-06-13 16:00:00,0.0025788753,0.0025112864
PSOQRNN,ETH-USD,2026-06-13 16:15:00,0.002531506,0.0025120196
PSOQRNN,ETH-USD,2026-06-13 16:30:00,0.0025047876,0.0025076377
PSOQRNN,ETH-USD,2026-06-13 16:45:00,0.0024890578,0.0025085236
PSOQRNN,ETH-USD,2026-06-13 17:00:00,0.002522947,0.0025077637
PSOQRNN,ETH-USD,2026-06-13 17:15:00,0.0024904236,0.0024980775
PSOQRNN,ETH-USD,2026-06-13 17:30:00,0.002496853,0.0024980751
PSOQRNN,ETH-USD,2026-06-13 17:45:00,0.0025240153,0.0024924132
PSOQRNN,ETH-USD,2026-06-13 18:00:00,0.0024736712,0.0024896383
PSOQRNN,ETH-USD,2026-06-13 18:15:00,0.0024650928,0.0024908206
PSOQRNN,ETH-USD,2026-06-13 18:30:00,0.0024750761,0.0024824059
PSOQRNN,ETH-USD,2026-06-13 18:45:00,0.0025087998,0.0024680595
PSOQRNN,ETH-USD,2026-06-13 19:00:00,0.002467377,0.0024674207
PSOQRNN,ETH-USD,2026-06-13 19:15:00,0.0024783467,0.0024678896
PSOQRNN,ETH-USD,2026-06-13 19:30:00,0.0024476997,0.0024639568
PSOQRNN,ETH-USD,2026-06-13 19:45:00,0.0024701029,0.0024640039
PSOQRNN,ETH-USD,2026-06-13 20:00:00,0.002468738,0.0024553104
PSOQRNN,ETH-USD,2026-06-13 20:15:00,0.0024645797,0.0024547765
PSOQRNN,ETH-USD,2026-06-13 20:30:00,0.0024573023,0.0024535845
PSOQRNN,ETH-USD,2026-06-13 20:45:00,0.0024430011,0.0024499733
PSOQRNN,ETH-USD,2026-06-13 21:00:00,0.0024561791,0.0024273414
PSOQRNN,ETH-USD,2026-06-13 21:15:00,0.0024179406,0.0024263992
PSOQRNN,ETH-USD,2026-06-13 21:30:00,0.002345934,0.002462357
PSOQRNN,ETH-USD,2026-06-13 21:45:00,0.0024696428,0.0024535079
PSOQRNN,ETH-USD,2026-06-13 22:00:00,0.0024730258,0.0024558506
PSOQRNN,ETH-USD,2026-06-13 22:15:00,0.002444417,0.0024537481
PSOQRNN,ETH-USD,2026-06-13 22:30:00,0.002463927,0.0024487916
PSOQRNN,ETH-USD,2026-06-13 22:45:00,0.002457506,0.0024488014
PSOQRNN,ETH-USD,2026-06-13 23:00:00,0.002447161,0.002444986
PSOQRNN,ETH-USD,2026-06-13 23:15:00,0.0024513348,0.00244327
PSOQRNN,ETH-USD,2026-06-13 23:30:00,0.0024419925,0.0024432086
PSOQRNN,ETH-USD,2026-06-13 23:45:00,0.002439076,0.0024430638
PSOQRNN,ETH-USD,2026-06-14 00:00:00,0.0024439073,0.0024426125
PSOQRNN,ETH-USD,2026-06-14 00:15:00,0.0024393247,0.0024417853
PSOQRNN,ETH-USD,2026-06-14 00:30:00,0.0024188147,0.0024422223
PSOQRNN,ETH-USD,2026-06-14 00:45:00,0.002444857,0.0024423427
PSOQRNN,ETH-USD,2026-06-14 01:00:00,0.0024216776,0.0024436242
PSOQRNN,ETH-USD,2026-06-14 01:15:00,0.002425094,0.0024445397
PSOQRNN,ETH-USD,2026-06-14 01:30:00,0.00245793,0.0024460084
PSOQRNN,ETH-USD,2026-06-14 01:45:00,0.002446048,0.0024447262
PSOQRNN,ETH-USD,2026-06-14 02:00:00,0.0024358225,0.0024412216
PSOQRNN,ETH-USD,2026-06-14 02:15:00,0.0024540606,0.0024423897
PSOQRNN,ETH-USD,2026-06-14 02:30:00,0.0024473255,0.0024425667
PSOQRNN,ETH-USD,2026-06-14 02:45:00,0.0024370197,0.0024379494
PSOQRNN,ETH-USD,2026-06-14 03:00:00,0.0024358016,0.002429165
PSOQRNN,ETH-USD,2026-06-14 03:15:00,0.0024223377,0.00237537
PSOQRNN,ETH-USD,2026-06-14 03:30:00,0.0023887076,0.0023716928
PSOQRNN,ETH-USD,2026-06-14 03:45:00,0.0023528335,0.0023721678
PSOQRNN,ETH-USD,2026-06-14 04:00:00,0.0023704974,0.0023704632
PSOQRNN,ETH-USD,2026-06-14 04:15:00,0.0023673323,0.0023702316
PSOQRNN,ETH-USD,2026-06-14 04:30:00,0.0023876384,0.0023730977
PSOQRNN,ETH-USD,2026-06-14 04:45:00,0.0023627114,0.0023708167
PSOQRNN,ETH-USD,2026-06-14 05:00:00,0.0023637484,0.0023466093
PSOQRNN,ETH-USD,2026-06-14 05:15:00,0.0023548796,0.0023401328
PSOQRNN,ETH-USD,2026-06-14 05:30:00,0.002316929,0.0023410004
PSOQRNN,ETH-USD,2026-06-14 05:45:00,0.002333172,0.0023203318
PSOQRNN,ETH-USD,2026-06-14 06:00:00,0.0022870726,0.0023224128
PSOQRNN,ETH-USD,2026-06-14 06:15:00,0.0023287174,0.0023236268
PSOQRNN,ETH-USD,2026-06-14 06:30:00,0.002331555,0.0023244505
PSOQRNN,ETH-USD,2026-06-14 06:45:00,0.0023195487,0.002324345
PSOQRNN,ETH-USD,2026-06-14 07:00:00,0.0023287581,0.0023222074
PSOQRNN,ETH-USD,2026-06-14 07:15:00,0.0022982836,0.0023051472
PSOQRNN,ETH-USD,2026-06-14 07:30:00,0.0023150053,0.002307125
PSOQRNN,ETH-USD,2026-06-14 07:45:00,0.0022852442,0.0023035894
PSOQRNN,ETH-USD,2026-06-14 08:00:00,0.0022903932,0.0023009751
PSOQRNN,ETH-USD,2026-06-14 08:15:00,0.0022795089,0.002204915
PSOQRNN,ETH-USD,2026-06-14 08:30:00,0.0021957876,0.002022258
PSOQRNN,ETH-USD,2026-06-14 08:45:00,0.0020108495,0.0019818572
PSOQRNN,ETH-USD,2026-06-14 09:00:00,0.00196147,0.001973792
PSOQRNN,ETH-USD,2026-06-14 09:15:00,0.0019739624,0.0019755452
PSOQRNN,ETH-USD,2026-06-14 09:30:00,0.0019132177,0.001975065
PSOQRNN,ETH-USD,2026-06-14 09:45:00,0.0019455542,0.0019725095
PSOQRNN,ETH-USD,2026-06-14 10:00:00,0.0019639316,0.0019647605
PSOQRNN,ETH-USD,2026-06-14 10:15:00,0.0019352958,0.0019642673
PSOQRNN,ETH-USD,2026-06-14 10:30:00,0.0019424882,0.0019503285
PSOQRNN,ETH-USD,2026-06-14 10:45:00,0.0019439898,0.0019472888
PSOQRNN,ETH-USD,2026-06-14 11:00:00,0.0019136044,0.0019453177
PSOQRNN,ETH-USD,2026-06-14 11:15:00,0.0019188726,0.0019183534
PSOQRNN,ETH-USD,2026-06-14 11:30:00,0.0018863609,0.0019163439
PSOQRNN,ETH-USD,2026-06-14 11:45:00,0.0019034067,0.0019120156
PSOQRNN,ETH-USD,2026-06-14 12:00:00,0.0018882524,0.0018794875
PSOQRNN,ETH-USD,2026-06-14 12:15:00,0.0018534737,0.0018769858
PSOQRNN,ETH-USD,2026-06-14 12:30:00,0.0018785583,0.0018836007
PSOQRNN,ETH-USD,2026-06-14 12:45:00,0.0018682514,0.001880547
PSOQRNN,ETH-USD,2026-06-14 13:00:00,0.0018459103,0.0018753101
PSOQRNN,ETH-USD,2026-06-14 13:15:00,0.0018604931,0.0018728924
PSOQRNN,ETH-USD,2026-06-14 13:30:00,0.0018330063,0.0018736633
PSOQRNN,ETH-USD,2026-06-14 13:45:00,0.0018581506,0.0018749209
PSOQRNN,ETH-USD,2026-06-14 14:00:00,0.0018459562,0.0018722316
PSOQRNN,ETH-USD,2026-06-14 14:15:00,0.0018537308,0.001869472
PSOQRNN,ETH-USD,2026-06-14 14:30:00,0.0019007362,0.0018830507
PSOQRNN,ETH-USD,2026-06-14 14:45:00,0.0018346007,0.0018836069
PSOQRNN,ETH-USD,2026-06-14 15:00:00,0.0018377707,0.001884364
PSOQRNN,ETH-USD,2026-06-14 15:15:00,0.0018543164,0.0018802824
PSOQRNN,ETH-USD,2026-06-14 15:30:00,0.0018541069,0.0018792157
PSOQRNN,ETH-USD,2026-06-14 15:45:00,0.0018513032,0.001878374
PSOQRNN,ETH-USD,2026-06-14 16:00:00,0.0018357023,0.0018747972
PSOQRNN,ETH-USD,2026-06-14 16:15:00,0.0018358129,0.0018642553
PSOQRNN,ETH-USD,2026-06-14 16:30:00,0.001840373,0.0018639257
PSOQRNN,ETH-USD,2026-06-14 16:45:00,0.0018757996,0.0018756711
PSOQRNN,ETH-USD,2026-06-14 17:00:00,0.0018269495,0.0018573647
PSOQRNN,ETH-USD,2026-06-14 17:15:00,0.0018321113,0.0018559025
PSOQRNN,ETH-USD,2026-06-14 17:30:00,0.0018281564,0.0018486413
PSOQRNN,ETH-USD,2026-06-14 17:45:00,0.0018338667,0.00184911
PSOQRNN,ETH-USD,2026-06-14 18:00:00,0.0018195111,0.0018480201
PSOQRNN,ETH-USD,2026-06-14 18:15:00,0.001836149,0.001848089
PSOQRNN,ETH-USD,2026-06-14 18:30:00,0.0018116886,0.0018487986
PSOQRNN,ETH-USD,2026-06-14 18:45:00,0.0018164472,0.0018483344
PSOQRNN,ETH-USD,2026-06-14 19:00:00,0.0018003724,0.0018497488
PSOQRNN,ETH-USD,2026-06-14 19:15:00,0.0018140256,0.0018307844
PSOQRNN,ETH-USD,2026-06-14 19:30:00,0.0018068948,0.0018304312
PSOQRNN,ETH-USD,2026-06-14 19:45:00,0.0018048434,0.0018299405
PSOQRNN,ETH-USD,2026-06-14 20:00:00,0.0018134435,0.0017954024
PSOQRNN,ETH-USD,2026-06-14 20:15:00,0.00174186,0.0018017186
PSOQRNN,ETH-USD,2026-06-14 20:30:00,0.0017459707,0.0018037993
PSOQRNN,ETH-USD,2026-06-14 20:45:00,0.0017830404,0.0018042607
PSOQRNN,ETH-USD,2026-06-14 21:00:00,0.0017627303,0.0018051247
PSOQRNN,ETH-USD,2026-06-14 21:15:00,0.0016242751,0.0020957948
PSOQRNN,ETH-USD,2026-06-14 21:30:00,0.001984288,0.002158133
PSOQRNN,ETH-USD,2026-06-14 21:45:00,0.002127645,0.0021574798
PSOQRNN,ETH-USD,2026-06-14 22:00:00,0.0021264004,0.0021584975
PSOQRNN,ETH-USD,2026-06-14 22:15:00,0.00214143,0.0021577443
PSOQRNN,ETH-USD,2026-06-14 22:30:00,0.0021104394,0.002163175
PSOQRNN,ETH-USD,2026-06-14 22:45:00,0.0021681734,0.0021663373
PSOQRNN,ETH-USD,2026-06-14 23:00:00,0.0021382363,0.0021579335
PSOQRNN,ETH-USD,2026-06-14 23:15:00,0.002143953,0.0021411276
PSOQRNN,ETH-USD,2026-06-14 23:30:00,0.0021521435,0.0021420354
PSOQRNN,ETH-USD,2026-06-14 23:45:00,0.002085462,0.0021515859
PSOQRNN,ETH-USD,2026-06-15 00:00:00,0.002096692,0.002160659
PSOQRNN,ETH-USD,2026-06-15 00:15:00,0.0021821999,0.0021637864
PSOQRNN,ETH-USD,2026-06-15 00:30:00,0.002179894,0.0021694964
PSOQRNN,ETH-USD,2026-06-15 00:45:00,0.0021547875,0.0021672691
PSOQRNN,ETH-USD,2026-06-15 01:00:00,0.0021720573,0.0021704007
PSOQRNN,ETH-USD,2026-06-15 01:15:00,0.0021950414,0.0021672018
PSOQRNN,ETH-USD,2026-06-15 01:30:00,0.0020896809,0.0021941068
PSOQRNN,ETH-USD,2026-06-15 01:45:00,0.0022174248,0.0022042373
PSOQRNN,ETH-USD,2026-06-15 02:00:00,0.0021591138,0.0022098362
PSOQRNN,ETH-USD,2026-06-15 02:15:00,0.002193067,0.0022098355
PSOQRNN,ETH-USD,2026-06-15 02:30:00,0.0022008743,0.0022095898
PSOQRNN,ETH-USD,2026-06-15 02:45:00,0.0022165363,0.0022120653
PSOQRNN,ETH-USD,2026-06-15 03:00:00,0.002158725,0.0022190688
PSOQRNN,ETH-USD,2026-06-15 03:15:00,0.0022174588,0.0022141915
PSOQRNN,ETH-USD,2026-06-15 03:30:00,0.0021865205,0.0022147647
PSOQRNN,ETH-USD,2026-06-15 03:45:00,0.0022183938,0.0022171035
PSOQRNN,ETH-USD,2026-06-15 04:00:00,0.002215618,0.0022182753
PSOQRNN,ETH-USD,2026-06-15 04:15:00,0.0022029737,0.0022173894
PSOQRNN,ETH-USD,2026-06-15 04:30:00,0.0022141396,0.002188305
PSOQRNN,ETH-USD,2026-06-15 04:45:00,0.0021736722,0.0021883452
PSOQRNN,ETH-USD,2026-06-15 05:00:00,0.0021682542,0.0021599813
PSOQRNN,ETH-USD,2026-06-15 05:15:00,0.0021220846,0.0021572812
PSOQRNN,ETH-USD,2026-06-15 05:30:00,0.0021667536,0.0021615895
PSOQRNN,ETH-USD,2026-06-15 05:45:00,0.0021229857,0.002068031
PSOQRNN,ETH-USD,2026-06-15 06:00:00,0.0020414595,0.0020629412
PSOQRNN,ETH-USD,2026-06-15 06:15:00,0.0020350325,0.0020436284
PSOQRNN,ETH-USD,2026-06-15 06:30:00,0.002044246,0.0019999028
PSOQRNN,ETH-USD,2026-06-15 06:45:00,0.0019715987,0.001950945
PSOQRNN,ETH-USD,2026-06-15 07:00:00,0.0019191364,0.0019026411
PSOQRNN,ETH-USD,2026-06-15 07:15:00,0.0018717179,0.0019025608
PSOQRNN,ETH-USD,2026-06-15 07:30:00,0.0018965788,0.0019053053
PSOQRNN,ETH-USD,2026-06-15 07:45:00,0.0018920553,0.0019015097
PSOQRNN,ETH-USD,2026-06-15 08:00:00,0.0018545492,0.0019030448
PSOQRNN,ETH-USD,2026-06-15 08:15:00,0.0018833003,0.0019035719
PSOQRNN,ETH-USD,2026-06-15 08:30:00,0.0018629918,0.0019042108
PSOQRNN,ETH-USD,2026-06-15 08:45:00,0.00188176,0.0019044096
PSOQRNN,ETH-USD,2026-06-15 09:00:00,0.0018809108,0.0019042152
PSOQRNN,ETH-USD,2026-06-15 09:15:00,0.0018646782,0.0019048596
PSOQRNN,ETH-USD,2026-06-15 09:30:00,0.0019192508,0.0019127935
PSOQRNN,ETH-USD,2026-06-15 09:45:00,0.0018696575,0.0019042983
PSOQRNN,ETH-USD,2026-06-15 10:00:00,0.001851019,0.0019081441
PSOQRNN,ETH-USD,2026-06-15 10:15:00,0.0018696275,0.0019092528
PSOQRNN,ETH-USD,2026-06-15 10:30:00,0.0018618595,0.0019091219
PSOQRNN,ETH-USD,2026-06-15 10:45:00,0.0018298316,0.0019353043
PSOQRNN,ETH-USD,2026-06-15 11:00:00,0.0018883314,0.0019378113
PSOQRNN,ETH-USD,2026-06-15 11:15:00,0.001797688,0.0020738123
PSOQRNN,ETH-USD,2026-06-15 11:30:00,0.0020562196,0.002073961
PSOQRNN,ETH-USD,2026-06-15 11:45:00,0.0020334849,0.0020754212
PSOQRNN,ETH-USD,2026-06-15 12:00:00,0.0020496554,0.0020743706
PSOQRNN,ETH-USD,2026-06-15 12:15:00,0.002054458,0.002073968
PSOQRNN,ETH-USD,2026-06-15 12:30:00,0.0019995114,0.0020961773
PSOQRNN,ETH-USD,2026-06-15 12:45:00,0.0020594306,0.0020962353
PSOQRNN,ETH-USD,2026-06-15 13:00:00,0.0019814707,0.0021718855
PSOQRNN,ETH-USD,2026-06-15 13:15:00,0.0020159776,0.0023347451
PSOQRNN,ETH-USD,2026-06-15 13:30:00,0.002368706,0.0023437822
PSOQRNN,ETH-USD,2026-06-15 13:45:00,0.002328152,0.002343795
PSOQRNN,ETH-USD,2026-06-15 14:00:00,0.0023617402,0.0023476372
PSOQRNN,ETH-USD,2026-06-15 14:15:00,0.0023233334,0.002348555
PSOQRNN,ETH-USD,2026-06-15 14:30:00,0.0023476915,0.0023492202
PSOQRNN,ETH-USD,2026-06-15 14:45:00,0.0023253884,0.0023473063
PSOQRNN,ETH-USD,2026-06-15 15:00:00,0.0023307523,0.00234733
PSOQRNN,ETH-USD,2026-06-15 15:15:00,0.0023354085,0.002346381
PSOQRNN,ETH-USD,2026-06-15 15:30:00,0.002257831,0.002386547
PSOQRNN,ETH-USD,2026-06-15 15:45:00,0.0022861862,0.002441295
PSOQRNN,ETH-USD,2026-06-15 16:00:00,0.002447859,0.002442178
PSOQRNN,ETH-USD,2026-06-15 16:15:00,0.0024504988,0.002442874
PSOQRNN,ETH-USD,2026-06-15 16:30:00,0.0024298802,0.0024388684
PSOQRNN,ETH-USD,2026-06-15 16:45:00,0.0024412537,0.0024393846
PSOQRNN,ETH-USD,2026-06-15 17:00:00,0.0025159381,0.0024720344
PSOQRNN,ETH-USD,2026-06-15 17:15:00,0.0024807989,0.0024702135
PSOQRNN,ETH-USD,2026-06-15 17:30:00,0.0024687797,0.0024669354
PSOQRNN,ETH-USD,2026-06-15 17:45:00,0.0024747334,0.0024679045
PSOQRNN,ETH-USD,2026-06-15 18:00:00,0.002455907,0.002467959
PSOQRNN,ETH-USD,2026-06-15 18:15:00,0.0024757436,0.0024647163
PSOQRNN,ETH-USD,2026-06-15 18:30:00,0.0024625838,0.0024648
PSOQRNN,ETH-USD,2026-06-15 18:45:00,0.0024727583,0.002465652
PSOQRNN,ETH-USD,2026-06-15 19:00:00,0.0024336511,0.0024688777
PSOQRNN,ETH-USD,2026-06-15 19:15:00,0.00256906,0.0025184604
PSOQRNN,ETH-USD,2026-06-15 19:30:00,0.0024515651,0.0025410694
PSOQRNN,ETH-USD,2026-06-15 19:45:00,0.002603899,0.0025561354
PSOQRNN,ETH-USD,2026-06-15 20:00:00,0.0025455796,0.0025564826
PSOQRNN,ETH-USD,2026-06-15 20:15:00,0.00257359,0.002558029
PSOQRNN,ETH-USD,2026-06-15 20:30:00,0.0025773144,0.0025597094
PSOQRNN,ETH-USD,2026-06-15 20:45:00,0.0025813435,0.002562028
PSOQRNN,ETH-USD,2026-06-15 21:00:00,0.0025413695,0.002563553
PSOQRNN,ETH-USD,2026-06-15 21:15:00,0.0026046517,0.0025708477
PSOQRNN,ETH-USD,2026-06-15 21:30:00,0.0025685977,0.0025708466
PSOQRNN,ETH-USD,2026-06-15 21:45:00,0.0026099484,0.0025763363
PSOQRNN,ETH-USD,2026-06-15 22:00:00,0.0025972028,0.0025781533
PSOQRNN,ETH-USD,2026-06-15 22:15:00,0.0027166859,0.00264672
PSOQRNN,ETH-USD,2026-06-15 22:30:00,0.002646275,0.0026467924
PSOQRNN,ETH-USD,2026-06-15 22:45:00,0.0026828735,0.0026496968
PSOQRNN,ETH-USD,2026-06-15 23:00:00,0.0026542612,0.0026492635
PSOQRNN,ETH-USD,2026-06-15 23:15:00,0.0026614908,0.0026494057
PSOQRNN,ETH-USD,2026-06-15 23:30:00,0.002649367,0.0026492695
PSOQRNN,ETH-USD,2026-06-15 23:45:00,0.0026210586,0.0026528551
PSOQRNN,ETH-USD,2026-06-16 00:00:00,0.0026543036,0.0026529098
PSOQRNN,ETH-USD,2026-06-16 00:15:00,0.002694734,0.002657893
PSOQRNN,ETH-USD,2026-06-16 00:30:00,0.0026264484,0.0026642112
PSOQRNN,ETH-USD,2026-06-16 00:45:00,0.0027401913,0.0026830852
PSOQRNN,ETH-USD,2026-06-16 01:00:00,0.0026779303,0.0026836505
PSOQRNN,ETH-USD,2026-06-16 01:15:00,0.0026654357,0.0026862752
PSOQRNN,ETH-USD,2026-06-16 01:30:00,0.0026985393,0.0026860682
PSOQRNN,ETH-USD,2026-06-16 01:45:00,0.0027209956,0.0026888724
PSOQRNN,ETH-USD,2026-06-16 02:00:00,0.0027596506,0.0027026746
PSOQRNN,ETH-USD,2026-06-16 02:15:00,0.0027967335,0.0027299318
PSOQRNN,ETH-USD,2026-06-16 02:30:00,0.0027375426,0.0027293824
PSOQRNN,ETH-USD,2026-06-16 02:45:00,0.0027757797,0.002734597
PSOQRNN,ETH-USD,2026-06-16 03:00:00,0.0027169243,0.0027374888
PSOQRNN,ETH-USD,2026-06-16 03:15:00,0.0027249022,0.0027395145
PSOQRNN,ETH-USD,2026-06-16 03:30:00,0.0027337982,0.0027403175
PSOQRNN,ETH-USD,2026-06-16 03:45:00,0.0027631482,0.0027401762
PSOQRNN,ETH-USD,2026-06-16 04:00:00,0.002768818,0.00274117
PSOQRNN,ETH-USD,2026-06-16 04:15:00,0.0028213135,0.0027589896
PSOQRNN,ETH-USD,2026-06-16 04:30:00,0.0028135616,0.0027655743
PSOQRNN,ETH-USD,2026-06-16 04:45:00,0.0027997226,0.0027665459
PSOQRNN,ETH-USD,2026-06-16 05:00:00,0.0027657624,0.0027663214
PSOQRNN,ETH-USD,2026-06-16 05:15:00,0.0027745424,0.0027654304
PSOQRNN,ETH-USD,2026-06-16 05:30:00,0.0027852042,0.0027656374
PSOQRNN,ETH-USD,2026-06-16 05:45:00,0.002785731,0.002765905
PSOQRNN,ETH-USD,2026-06-16 06:00:00,0.0027492698,0.0027690532
PSOQRNN,ETH-USD,2026-06-16 06:15:00,0.0027683557,0.0027690309
PSOQRNN,ETH-USD,2026-06-16 06:30:00,0.002766661,0.002766243
PSOQRNN,ETH-USD,2026-06-16 06:45:00,0.0027733664,0.0027652849
PSOQRNN,ETH-USD,2026-06-16 07:00:00,0.002791239,0.002753805
PSOQRNN,ETH-USD,2026-06-16 07:15:00,0.0027451755,0.0027532256
PSOQRNN,ETH-USD,2026-06-16 07:30:00,0.002770909,0.002753289
PSOQRNN,ETH-USD,2026-06-16 07:45:00,0.0027528035,0.0027524855
PSOQRNN,ETH-USD,2026-06-16 08:00:00,0.0027424132,0.00275308
PSOQRNN,ETH-USD,2026-06-16 08:15:00,0.0027271954,0.0027577798
PSOQRNN,ETH-USD,2026-06-16 08:30:00,0.0027441317,0.0027602906
PSOQRNN,ETH-USD,2026-06-16 08:45:00,0.0026677065,0.0028084891
PSOQRNN,ETH-USD,2026-06-16 09:00:00,0.002842163,0.0028090973
PSOQRNN,ETH-USD,2026-06-16 09:15:00,0.0029029562,0.0028294304
PSOQRNN,ETH-USD,2026-06-16 09:30:00,0.0028330102,0.0028291123
PSOQRNN,ETH-USD,2026-06-16 09:45:00,0.0028712081,0.0028280802
PSOQRNN,ETH-USD,2026-06-16 10:00:00,0.002846596,0.002828099
PSOQRNN,ETH-USD,2026-06-16 10:15:00,0.002775616,0.0028459956
PSOQRNN,ETH-USD,2026-06-16 10:30:00,0.0028832818,0.002846767
PSOQRNN,ETH-USD,2026-06-16 10:45:00,0.0028897393,0.0028491528
PSOQRNN,ETH-USD,2026-06-16 11:00:00,0.0028576956,0.0028488843
PSOQRNN,ETH-USD,2026-06-16 11:15:00,0.0028782235,0.0028487304
PSOQRNN,ETH-USD,2026-06-16 11:30:00,0.0028496804,0.002849167
PSOQRNN,ETH-USD,2026-06-16 11:45:00,0.0028396593,0.0028513265
PSOQRNN,ETH-USD,2026-06-16 12:00:00,0.0027999578,0.0028690547
PSOQRNN,ETH-USD,2026-06-16 12:15:00,0.002809272,0.0028927512
PSOQRNN,ETH-USD,2026-06-16 12:30:00,0.002933089,0.0028662104
PSOQRNN,ETH-USD,2026-06-16 12:45:00,0.0029118776,0.0028688412
PSOQRNN,ETH-USD,2026-06-16 13:00:00,0.0029885564,0.0029001322
PSOQRNN,ETH-USD,2026-06-16 13:15:00,0.0029238535,0.002900124
PSOQRNN,ETH-USD,2026-06-16 13:30:00,0.002903607,0.0028997094
PSOQRNN,ETH-USD,2026-06-16 13:45:00,0.0029752543,0.0029101365
PSOQRNN,ETH-USD,2026-06-16 14:00:00,0.0029414224,0.00291075
PSOQRNN,ETH-USD,2026-06-16 14:15:00,0.003153432,0.0030351637
PSOQRNN,ETH-USD,2026-06-16 14:30:00,0.0030052417,0.0030449606
PSOQRNN,ETH-USD,2026-06-16 14:45:00,0.0030640413,0.0030450039
PSOQRNN,ETH-USD,2026-06-16 15:00:00,0.0030302627,0.0030496984
PSOQRNN,ETH-USD,2026-06-16 15:15:00,0.0031276522,0.0030584687
PSOQRNN,ETH-USD,2026-06-16 15:30:00,0.0030840144,0.0030570982
PSOQRNN,ETH-USD,2026-06-16 15:45:00,0.0030627898,0.0030578573
PSOQRNN,ETH-USD,2026-06-16 16:00:00,0.0031216017,0.0030616098
PSOQRNN,ETH-USD,2026-06-16 16:15:00,0.0030764507,0.0030610762
PSOQRNN,ETH-USD,2026-06-16 16:30:00,0.0030901148,0.0030597155
PSOQRNN,ETH-USD,2026-06-16 16:45:00,0.0030968972,0.0030601653
PSOQRNN,ETH-USD,2026-06-16 17:00:00,0.0030691263,0.003060813
PSOQRNN,ETH-USD,2026-06-16 17:15:00,0.003076754,0.0030595982
PSOQRNN,ETH-USD,2026-06-16 17:30:00,0.0030617393,0.0030606391
PSOQRNN,ETH-USD,2026-06-16 17:45:00,0.0030090867,0.0030808833
PSOQRNN,ETH-USD,2026-06-16 18:00:00,0.0030388222,0.003095935
PSOQRNN,ETH-USD,2026-06-16 18:15:00,0.0031981843,0.0031124782
PSOQRNN,ETH-USD,2026-06-16 18:30:00,0.0031400041,0.0031103091
PSOQRNN,ETH-USD,2026-06-16 18:45:00,0.0031107203,0.0031117767
PSOQRNN,ETH-USD,2026-06-16 19:00:00,0.003180539,0.0031170142
PSOQRNN,ETH-USD,2026-06-16 19:15:00,0.003120977,0.0031181993
PSOQRNN,ETH-USD,2026-06-16 19:30:00,0.0031408877,0.003115091
PSOQRNN,ETH-USD,2026-06-16 19:45:00,0.0031688455,0.0031175455
PSOQRNN,ETH-USD,2026-06-16 20:00:00,0.003152339,0.0031178163
PSOQRNN,ETH-USD,2026-06-16 20:15:00,0.003184661,0.0031212207
PSOQRNN,ETH-USD,2026-06-16 20:30:00,0.0030886522,0.0031315763
PSOQRNN,ETH-USD,2026-06-16 20:45:00,0.003161295,0.0031315887
PSOQRNN,ETH-USD,2026-06-16 21:00:00,0.0031488738,0.003129687
PSOQRNN,ETH-USD,2026-06-16 21:15:00,0.003203208,0.0031346884
PSOQRNN,ETH-USD,2026-06-16 21:30:00,0.003158875,0.00313295
PSOQRNN,ETH-USD,2026-06-16 21:45:00,0.0031509676,0.0031328765
PSOQRNN,ETH-USD,2026-06-16 22:00:00,0.003147946,0.003131976
PSOQRNN,ETH-USD,2026-06-16 22:15:00,0.0031923542,0.0031348635
PSOQRNN,ETH-USD,2026-06-16 22:30:00,0.0031794559,0.0031336537
PSOQRNN,ETH-USD,2026-06-16 22:45:00,0.0031302848,0.0031358395
PSOQRNN,ETH-USD,2026-06-16 23:00:00,0.0031669105,0.0031359422
PSOQRNN,ETH-USD,2026-06-16 23:15:00,0.0031712982,0.0031359256
PSOQRNN,ETH-USD,2026-06-16 23:30:00,0.0031786938,0.0031364553
PSOQRNN,ETH-USD,2026-06-16 23:45:00,0.003171752,0.0031357235
PSOQRNN,ETH-USD,2026-06-17 00:00:00,0.0031554906,0.0031355855
PSOQRNN,ETH-USD,2026-06-17 00:15:00,0.0031638662,0.003131685
PSOQRNN,ETH-USD,2026-06-17 00:30:00,0.0031367654,0.0031256506
PSOQRNN,ETH-USD,2026-06-17 00:45:00,0.003181,0.0031282627
PSOQRNN,ETH-USD,2026-06-17 01:00:00,0.003156334,0.0031264473
PSOQRNN,ETH-USD,2026-06-17 01:15:00,0.003227697,0.003141795
PSOQRNN,ETH-USD,2026-06-17 01:30:00,0.0031313945,0.0031457304
PSOQRNN,ETH-USD,2026-06-17 01:45:00,0.003122462,0.0031509046
PSOQRNN,ETH-USD,2026-06-17 02:00:00,0.0031802666,0.0031507753
PSOQRNN,ETH-USD,2026-06-17 02:15:00,0.0031183446,0.0031616634
PSOQRNN,ETH-USD,2026-06-17 02:30:00,0.0032874814,0.0031864971
PSOQRNN,ETH-USD,2026-06-17 02:45:00,0.0032105248,0.0031851167
PSOQRNN,ETH-USD,2026-06-17 03:00:00,0.0032508085,0.0031891076
PSOQRNN,ETH-USD,2026-06-17 03:15:00,0.0032232848,0.0031891838
PSOQRNN,ETH-USD,2026-06-17 03:30:00,0.0031992372,0.0031845754
PSOQRNN,ETH-USD,2026-06-17 03:45:00,0.0032137355,0.0031834065
PSOQRNN,ETH-USD,2026-06-17 04:00:00,0.0032143604,0.0031833523
PSOQRNN,ETH-USD,2026-06-17 04:15:00,0.0032046877,0.003182092
PSOQRNN,ETH-USD,2026-06-17 04:30:00,0.0032075716,0.0031815576
PSOQRNN,ETH-USD,2026-06-17 04:45:00,0.0032207216,0.0031808175
PSOQRNN,ETH-USD,2026-06-17 05:00:00,0.0032312633,0.0031824503
PSOQRNN,ETH-USD,2026-06-17 05:15:00,0.0031974353,0.0031820296
PSOQRNN,ETH-USD,2026-06-17 05:30:00,0.0031905402,0.0031631896
PSOQRNN,ETH-USD,2026-06-17 05:45:00,0.0032124731,0.003162848
PSOQRNN,ETH-USD,2026-06-17 06:00:00,0.0031816035,0.0031615302
PSOQRNN,ETH-USD,2026-06-17 06:15:00,0.0032453013,0.0031705557
PSOQRNN,ETH-USD,2026-06-17 06:30:00,0.0032011825,0.0031705333
PSOQRNN,ETH-USD,2026-06-17 06:45:00,0.0031904946,0.003170607
PSOQRNN,ETH-USD,2026-06-17 07:00:00,0.0031895202,0.003169827
PSOQRNN,ETH-USD,2026-06-17 07:15:00,0.003255139,0.0031786475
PSOQRNN,ETH-USD,2026-06-17 07:30:00,0.0031940618,0.0031787597
PSOQRNN,ETH-USD,2026-06-17 07:45:00,0.0032254492,0.0031703527
PSOQRNN,ETH-USD,2026-06-17 08:00:00,0.0032505216,0.003176062
PSOQRNN,ETH-USD,2026-06-17 08:15:00,0.0032312216,0.003178191
PSOQRNN,ETH-USD,2026-06-17 08:30:00,0.003332664,0.0032163404
PSOQRNN,ETH-USD,2026-06-17 08:45:00,0.003229352,0.003215617
PSOQRNN,ETH-USD,2026-06-17 09:00:00,0.0032144662,0.0032180436
PSOQRNN,ETH-USD,2026-06-17 09:15:00,0.0032028216,0.0032215836
PSOQRNN,ETH-USD,2026-06-17 09:30:00,0.0032724447,0.003222859
PSOQRNN,ETH-USD,2026-06-17 09:45:00,0.0032505165,0.0032228397
PSOQRNN,ETH-USD,2026-06-17 10:00:00,0.003256158,0.0032211165
PSOQRNN,ETH-USD,2026-06-17 10:15:00,0.0032560958,0.0032210995
PSOQRNN,ETH-USD,2026-06-17 10:30:00,0.0032472103,0.0032208315
PSOQRNN,ETH-USD,2026-06-17 10:45:00,0.0032905755,0.0032252735
PSOQRNN,ETH-USD,2026-06-17 11:00:00,0.0032883878,0.0032273808
PSOQRNN,ETH-USD,2026-06-17 11:15:00,0.0032448128,0.003224662
PSOQRNN,ETH-USD,2026-06-17 11:30:00,0.0032677471,0.0032215333
PSOQRNN,ETH-USD,2026-06-17 11:45:00,0.0032622989,0.0032213575
PSOQRNN,ETH-USD,2026-06-17 12:00:00,0.0032485435,0.0032206958
PSOQRNN,ETH-USD,2026-06-17 12:15:00,0.0034235655,0.003107185
PSOQRNN,ETH-USD,2026-06-17 12:30:00,0.0030651009,0.003073106
PSOQRNN,ETH-USD,2026-06-17 12:45:00,0.0030715102,0.003074775
PSOQRNN,ETH-USD,2026-06-17 13:00:00,0.0030848547,0.0030746988
PSOQRNN,ETH-USD,2026-06-17 13:15:00,0.0031311645,0.0030774388
PSOQRNN,ETH-USD,2026-06-17 13:30:00,0.0030356883,0.003088967
PSOQRNN,ETH-USD,2026-06-17 13:45:00,0.0031646588,0.003093381
PSOQRNN,ETH-USD,2026-06-17 14:00:00,0.0031223632,0.0030928277
PSOQRNN,ETH-USD,2026-06-17 14:15:00,0.0031627724,0.0030980825
PSOQRNN,ETH-USD,2026-06-17 14:30:00,0.003131633,0.0030940461
PSOQRNN,ETH-USD,2026-06-17 14:45:00,0.0031268809,0.0030862992
PSOQRNN,ETH-USD,2026-06-17 15:00:00,0.0030808158,0.0030823387
PSOQRNN,ETH-USD,2026-06-17 15:15:00,0.003078,0.0030782905
PSOQRNN,ETH-USD,2026-06-17 15:30:00,0.0030720679,0.003076327
PSOQRNN,ETH-USD,2026-06-17 15:45:00,0.0030569967,0.0030831222
PSOQRNN,ETH-USD,2026-06-17 16:00:00,0.0030949996,0.0030812682
PSOQRNN,ETH-USD,2026-06-17 16:15:00,0.0030324564,0.003092317
PSOQRNN,ETH-USD,2026-06-17 16:30:00,0.003212474,0.0030962243
PSOQRNN,ETH-USD,2026-06-17 16:45:00,0.0031489315,0.0030909923
PSOQRNN,ETH-USD,2026-06-17 17:00:00,0.0031155585,0.003086682
PSOQRNN,ETH-USD,2026-06-17 17:15:00,0.0030697982,0.0030927705
PSOQRNN,ETH-USD,2026-06-17 17:30:00,0.003146156,0.003094731
PSOQRNN,ETH-USD,2026-06-17 17:45:00,0.0030189224,0.00313009
PSOQRNN,ETH-USD,2026-06-17 18:00:00,0.0033959013,0.003238998
PSOQRNN,ETH-USD,2026-06-17 18:15:00,0.003256468,0.0032386188
PSOQRNN,ETH-USD,2026-06-17 18:30:00,0.0031325137,0.0033016598
PSOQRNN,ETH-USD,2026-06-17 18:45:00,0.0034747852,0.003341896
PSOQRNN,ETH-USD,2026-06-17 19:00:00,0.003363957,0.0033412655
PSOQRNN,ETH-USD,2026-06-17 19:15:00,0.0037278787,0.0035273526
PSOQRNN,ETH-USD,2026-06-17 19:30:00,0.003627026,0.0035355412
PSOQRNN,ETH-USD,2026-06-17 19:45:00,0.003558228,0.0035357575
PSOQRNN,ETH-USD,2026-06-17 20:00:00,0.0035424698,0.0035372074
PSOQRNN,ETH-USD,2026-06-17 20:15:00,0.0035594425,0.0035355275
PSOQRNN,ETH-USD,2026-06-17 20:30:00,0.0035980658,0.0035343496
PSOQRNN,ETH-USD,2026-06-17 20:45:00,0.0034751804,0.0035534992
PSOQRNN,ETH-USD,2026-06-17 21:00:00,0.0036319091,0.0035575647
PSOQRNN,ETH-USD,2026-06-17 21:15:00,0.003582025,0.003557508
PSOQRNN,ETH-USD,2026-06-17 21:30:00,0.0036238346,0.0035575072
PSOQRNN,ETH-USD,2026-06-17 21:45:00,0.0036031718,0.0035577724
PSOQRNN,ETH-USD,2026-06-17 22:00:00,0.0036228048,0.0035596874
PSOQRNN,ETH-USD,2026-06-17 22:15:00,0.0035226988,0.0035710705
PSOQRNN,ETH-USD,2026-06-17 22:30:00,0.0036073606,0.0035689853
PSOQRNN,ETH-USD,2026-06-17 22:45:00,0.0036300358,0.00356975
PSOQRNN,ETH-USD,2026-06-17 23:00:00,0.0035716346,0.0035697187
PSOQRNN,ETH-USD,2026-06-17 23:15:00,0.0035439143,0.003577185
PSOQRNN,ETH-USD,2026-06-17 23:30:00,0.0036314274,0.0035772705
PSOQRNN,ETH-USD,2026-06-17 23:45:00,0.0035840224,0.003578539
PSOQRNN,ETH-USD,2026-06-18 00:00:00,0.0035672123,0.0035826212
PSOQRNN,ETH-USD,2026-06-18 00:15:00,0.0036218364,0.0035819693
PSOQRNN,ETH-USD,2026-06-18 00:30:00,0.0036085937,0.0035740177
PSOQRNN,ETH-USD,2026-06-18 00:45:00,0.0036318067,0.0035740747
PSOQRNN,ETH-USD,2026-06-18 01:00:00,0.0035324858,0.003583238
PSOQRNN,ETH-USD,2026-06-18 01:15:00,0.0036604954,0.0035866299
PSOQRNN,ETH-USD,2026-06-18 01:30:00,0.0036141078,0.0035845235
PSOQRNN,ETH-USD,2026-06-18 01:45:00,0.003644536,0.0035710263
PSOQRNN,ETH-USD,2026-06-18 02:00:00,0.0036085146,0.003568804
PSOQRNN,ETH-USD,2026-06-18 02:15:00,0.0035718316,0.0034905677
PSOQRNN,ETH-USD,2026-06-18 02:30:00,0.0035258636,0.0034905362
PSOQRNN,ETH-USD,2026-06-18 02:45:00,0.0035399902,0.0034891043
PSOQRNN,ETH-USD,2026-06-18 03:00:00,0.00356377,0.0034923716
PSOQRNN,ETH-USD,2026-06-18 03:15:00,0.0035904893,0.0035005102
PSOQRNN,ETH-USD,2026-06-18 03:30:00,0.0035546287,0.0034861087
PSOQRNN,ETH-USD,2026-06-18 03:45:00,0.0035068,0.0034850459
PSOQRNN,ETH-USD,2026-06-18 04:00:00,0.0036080163,0.0034492353
PSOQRNN,ETH-USD,2026-06-18 04:15:00,0.003478533,0.003333138
PSOQRNN,ETH-USD,2026-06-18 04:30:00,0.003393445,0.0033283299
PSOQRNN,ETH-USD,2026-06-18 04:45:00,0.0033787962,0.003328418
PSOQRNN,ETH-USD,2026-06-18 05:00:00,0.0033774397,0.0033266288
PSOQRNN,ETH-USD,2026-06-18 05:15:00,0.0033614407,0.0033250975
PSOQRNN,ETH-USD,2026-06-18 05:30:00,0.0033589983,0.0033250279
PSOQRNN,ETH-USD,2026-06-18 05:45:00,0.0033381947,0.003324917
PSOQRNN,ETH-USD,2026-06-18 06:00:00,0.0033771838,0.0033250265
PSOQRNN,ETH-USD,2026-06-18 06:15:00,0.0033444108,0.003325565
PSOQRNN,ETH-USD,2026-06-18 06:30:00,0.0033100995,0.003299351
PSOQRNN,ETH-USD,2026-06-18 06:45:00,0.0033339565,0.0032526772
PSOQRNN,ETH-USD,2026-06-18 07:00:00,0.0032937818,0.003252599
PSOQRNN,ETH-USD,2026-06-18 07:15:00,0.00319887,0.0032768983
PSOQRNN,ETH-USD,2026-06-18 07:30:00,0.0032777297,0.0032795598
PSOQRNN,ETH-USD,2026-06-18 07:45:00,0.0033065523,0.0032797295
PSOQRNN,ETH-USD,2026-06-18 08:00:00,0.0033235091,0.0032591508
PSOQRNN,ETH-USD,2026-06-18 08:15:00,0.003276378,0.0032597778
PSOQRNN,ETH-USD,2026-06-18 08:30:00,0.0032854304,0.003259979
PSOQRNN,ETH-USD,2026-06-18 08:45:00,0.003317474,0.003261101
PSOQRNN,ETH-USD,2026-06-18 09:00:00,0.0032946165,0.0032604213
PSOQRNN,ETH-USD,2026-06-18 09:15:00,0.003327664,0.0032628542
PSOQRNN,ETH-USD,2026-06-18 09:30:00,0.003262867,0.003266246
PSOQRNN,ETH-USD,2026-06-18 09:45:00,0.0033072992,0.0032661422
PSOQRNN,ETH-USD,2026-06-18 10:00:00,0.0033418473,0.0032656214
PSOQRNN,ETH-USD,2026-06-18 10:15:00,0.0032938386,0.003232861
PSOQRNN,ETH-USD,2026-06-18 10:30:00,0.0032766615,0.0032109695
PSOQRNN,ETH-USD,2026-06-18 10:45:00,0.0031896133,0.0032084608
PSOQRNN,ETH-USD,2026-06-18 11:00:00,0.0032478743,0.0032075206
PSOQRNN,ETH-USD,2026-06-18 11:15:00,0.0032396656,0.0032070302
PSOQRNN,ETH-USD,2026-06-18 11:30:00,0.003261387,0.0032074915
PSOQRNN,ETH-USD,2026-06-18 11:45:00,0.0032396384,0.0032065564
PSOQRNN,ETH-USD,2026-06-18 12:00:00,0.0032191067,0.0032049827
PSOQRNN,ETH-USD,2026-06-18 12:15:00,0.0031824582,0.0032099828
PSOQRNN,ETH-USD,2026-06-18 12:30:00,0.0032661243,0.0032111022
PSOQRNN,ETH-USD,2026-06-18 12:45:00,0.0032322966,0.0032075762
PSOQRNN,ETH-USD,2026-06-18 13:00:00,0.0032418645,0.0032067858
PSOQRNN,ETH-USD,2026-06-18 13:15:00,0.0032389127,0.0031528247
PSOQRNN,ETH-USD,2026-06-18 13:30:00,0.0033563497,0.0032172706
PSOQRNN,ETH-USD,2026-06-18 13:45:00,0.0032118037,0.0032192636
PSOQRNN,ETH-USD,2026-06-18 14:00:00,0.0032915655,0.0032230807
PSOQRNN,ETH-USD,2026-06-18 14:15:00,0.003243222,0.0032235507
PSOQRNN,ETH-USD,2026-06-18 14:30:00,0.0032084044,0.0032301217
PSOQRNN,ETH-USD,2026-06-18 14:45:00,0.0032554558,0.0032246057
PSOQRNN,ETH-USD,2026-06-18 15:00:00,0.003318176,0.003233236
PSOQRNN,ETH-USD,2026-06-18 15:15:00,0.0033900342,0.003263377
PSOQRNN,ETH-USD,2026-06-18 15:30:00,0.003511392,0.0033418708
PSOQRNN,ETH-USD,2026-06-18 15:45:00,0.003555695,0.0033879336
PSOQRNN,ETH-USD,2026-06-18 16:00:00,0.0033555082,0.0033998247
PSOQRNN,ETH-USD,2026-06-18 16:15:00,0.0034602475,0.0033974492
PSOQRNN,ETH-USD,2026-06-18 16:30:00,0.0034335987,0.0033974485
PSOQRNN,ETH-USD,2026-06-18 16:45:00,0.0034335977,0.003395962
PSOQRNN,ETH-USD,2026-06-18 17:00:00,0.003457856,0.0033872807
PSOQRNN,ETH-USD,2026-06-18 17:15:00,0.003453228,0.0033703377
PSOQRNN,ETH-USD,2026-06-18 17:30:00,0.0033888149,0.0033709826
PSOQRNN,ETH-USD,2026-06-18 17:45:00,0.0034282622,0.0033689016
PSOQRNN,ETH-USD,2026-06-18 18:00:00,0.0033966387,0.0033651905
PSOQRNN,ETH-USD,2026-06-18 18:15:00,0.0033385518,0.003373282
PSOQRNN,ETH-USD,2026-06-18 18:30:00,0.003420501,0.0033719258
PSOQRNN,ETH-USD,2026-06-18 18:45:00,0.0034032806,0.003371848
PSOQRNN,ETH-USD,2026-06-18 19:00:00,0.0033957965,0.003371733
PSOQRNN,ETH-USD,2026-06-18 19:15:00,0.0033606298,0.0033653302
PSOQRNN,ETH-USD,2026-06-18 19:30:00,0.0032999855,0.0033904724
PSOQRNN,ETH-USD,2026-06-18 19:45:00,0.0034016669,0.003390947
PSOQRNN,ETH-USD,2026-06-18 20:00:00,0.003367629,0.0033991707
PSOQRNN,ETH-USD,2026-06-18 20:15:00,0.00342293,0.0033993144
PSOQRNN,ETH-USD,2026-06-18 20:30:00,0.0034334161,0.0033992694
PSOQRNN,ETH-USD,2026-06-18 20:45:00,0.0034578738,0.0034004252
PSOQRNN,ETH-USD,2026-06-18 21:00:00,0.0034939903,0.0034039463
PSOQRNN,ETH-USD,2026-06-18 21:15:00,0.0034238833,0.003403596
PSOQRNN,ETH-USD,2026-06-18 21:30:00,0.0034308624,0.0034025947
PSOQRNN,ETH-USD,2026-06-18 21:45:00,0.0034193299,0.0034032294
PSOQRNN,ETH-USD,2026-06-18 22:00:00,0.0034503622,0.0034032126
PSOQRNN,ETH-USD,2026-06-18 22:15:00,0.0034708537,0.0034034064
PSOQRNN,ETH-USD,2026-06-18 22:30:00,0.003421543,0.0034041938
PSOQRNN,ETH-USD,2026-06-18 22:45:00,0.0034198451,0.0034043372
PSOQRNN,ETH-USD,2026-06-18 23:00:00,0.0034747284,0.0034046317
PSOQRNN,ETH-USD,2026-06-18 23:15:00,0.003384366,0.0034068201
PSOQRNN,ETH-USD,2026-06-18 23:30:00,0.0034394895,0.003403785
PSOQRNN,ETH-USD,2026-06-18 23:45:00,0.0034233152,0.0033569261
PSOQRNN,ETH-USD,2026-06-19 00:00:00,0.003396288,0.0033562847
PSOQRNN,ETH-USD,2026-06-19 00:15:00,0.0033687234,0.0033418112
PSOQRNN,ETH-USD,2026-06-19 00:30:00,0.0033469608,0.003343437
PSOQRNN,ETH-USD,2026-06-19 00:45:00,0.003396826,0.003342622
PSOQRNN,ETH-USD,2026-06-19 01:00:00,0.0033936007,0.003343159
PSOQRNN,ETH-USD,2026-06-19 01:15:00,0.0033972508,0.0033247918
PSOQRNN,ETH-USD,2026-06-19 01:30:00,0.0033542989,0.0033240716
PSOQRNN,ETH-USD,2026-06-19 01:45:00,0.003323307,0.0033261746
PSOQRNN,ETH-USD,2026-06-19 02:00:00,0.0033835138,0.0033267874
PSOQRNN,ETH-USD,2026-06-19 02:15:00,0.0034245253,0.0033351646
PSOQRNN,ETH-USD,2026-06-19 02:30:00,0.0033691972,0.0033338452
PSOQRNN,ETH-USD,2026-06-19 02:45:00,0.003341755,0.0033328242
PSOQRNN,ETH-USD,2026-06-19 03:00:00,0.0034807865,0.003339451
PSOQRNN,ETH-USD,2026-06-19 03:15:00,0.0033346226,0.003319384
PSOQRNN,ETH-USD,2026-06-19 03:30:00,0.0033797345,0.0033198714
PSOQRNN,ETH-USD,2026-06-19 03:45:00,0.0033456192,0.0033186188
PSOQRNN,ETH-USD,2026-06-19 04:00:00,0.0033270335,0.0032953748
PSOQRNN,ETH-USD,2026-06-19 04:15:00,0.0033756592,0.0032999844
PSOQRNN,ETH-USD,2026-06-19 04:30:00,0.0033607695,0.0033000584
PSOQRNN,ETH-USD,2026-06-19 04:45:00,0.0033525082,0.0032930821
PSOQRNN,ETH-USD,2026-06-19 05:00:00,0.0032609215,0.003306429
PSOQRNN,ETH-USD,2026-06-19 05:15:00,0.0033739859,0.0032018872
PSOQRNN,ETH-USD,2026-06-19 05:30:00,0.003214761,0.0031916862
PSOQRNN,ETH-USD,2026-06-19 05:45:00,0.0032063432,0.0031924078
PSOQRNN,ETH-USD,2026-06-19 06:00:00,0.00320226,0.0031878164
PSOQRNN,ETH-USD,2026-06-19 06:15:00,0.003208758,0.003181656
PSOQRNN,ETH-USD,2026-06-19 06:30:00,0.0032152252,0.0031816128
PSOQRNN,ETH-USD,2026-06-19 06:45:00,0.0032147425,0.0031798626
PSOQRNN,ETH-USD,2026-06-19 07:00:00,0.0032477912,0.0031797523
PSOQRNN,ETH-USD,2026-06-19 07:15:00,0.003208809,0.003179133
PSOQRNN,ETH-USD,2026-06-19 07:30:00,0.0032428408,0.0031816235
PSOQRNN,ETH-USD,2026-06-19 07:45:00,0.0031853311,0.003184043
PSOQRNN,ETH-USD,2026-06-19 08:00:00,0.0032063432,0.003183076
PSOQRNN,ETH-USD,2026-06-19 08:15:00,0.0032213759,0.0031825718
PSOQRNN,ETH-USD,2026-06-19 08:30:00,0.0032113486,0.0031802545
PSOQRNN,ETH-USD,2026-06-19 08:45:00,0.0031974902,0.0031580643
PSOQRNN,ETH-USD,2026-06-19 09:00:00,0.003239317,0.0031460845
PSOQRNN,ETH-USD,2026-06-19 09:15:00,0.0031780065,0.0031328716
PSOQRNN,ETH-USD,2026-06-19 09:30:00,0.0031512408,0.003133417
PSOQRNN,ETH-USD,2026-06-19 09:45:00,0.0031939282,0.0031324693
PSOQRNN,ETH-USD,2026-06-19 10:00:00,0.0031411103,0.0031304723
PSOQRNN,ETH-USD,2026-06-19 10:15:00,0.0031727569,0.0031282867
PSOQRNN,ETH-USD,2026-06-19 10:30:00,0.0031746163,0.0031285495
PSOQRNN,ETH-USD,2026-06-19 10:45:00,0.003116095,0.0031336253
PSOQRNN,ETH-USD,2026-06-19 11:00:00,0.0031907563,0.0031352942
PSOQRNN,ETH-USD,2026-06-19 11:15:00,0.0031390968,0.003134458
PSOQRNN,ETH-USD,2026-06-19 11:30:00,0.003159551,0.0031208205
PSOQRNN,ETH-USD,2026-06-19 11:45:00,0.003163398,0.0031211053
PSOQRNN,ETH-USD,2026-06-19 12:00:00,0.0031595523,0.0031205025
PSOQRNN,ETH-USD,2026-06-19 12:15:00,0.0031610548,0.0031160917
PSOQRNN,ETH-USD,2026-06-19 12:30:00,0.0031664963,0.0031168326
PSOQRNN,ETH-USD,2026-06-19 12:45:00,0.0030765433,0.0031337617
PSOQRNN,ETH-USD,2026-06-19 13:00:00,0.0031771,0.0031331785
PSOQRNN,ETH-USD,2026-06-19 13:15:00,0.0031809765,0.0031316727
PSOQRNN,ETH-USD,2026-06-19 13:30:00,0.0030830707,0.0031532536
PSOQRNN,ETH-USD,2026-06-19 13:45:00,0.0031652725,0.0031506259
PSOQRNN,ETH-USD,2026-06-19 14:00:00,0.0032219037,0.0031546296
PSOQRNN,ETH-USD,2026-06-19 14:15:00,0.0031406486,0.003161441
PSOQRNN,ETH-USD,2026-06-19 14:30:00,0.0031809409,0.003161649
PSOQRNN,ETH-USD,2026-06-19 14:45:00,0.0031736465,0.0031629053
PSOQRNN,ETH-USD,2026-06-19 15:00:00,0.0032019203,0.0031625647
PSOQRNN,ETH-USD,2026-06-19 15:15:00,0.0032506958,0.0031704516
PSOQRNN,ETH-USD,2026-06-19 15:30:00,0.0031268504,0.0031873377
PSOQRNN,ETH-USD,2026-06-19 15:45:00,0.0032259596,0.0031858676
PSOQRNN,ETH-USD,2026-06-19 16:00:00,0.0031816545,0.0031900497
PSOQRNN,ETH-USD,2026-06-19 16:15:00,0.003252975,0.0031798538
PSOQRNN,ETH-USD,2026-06-19 16:30:00,0.0032364698,0.003175769
PSOQRNN,ETH-USD,2026-06-19 16:45:00,0.0032871738,0.003181065
PSOQRNN,ETH-USD,2026-06-19 17:00:00,0.0032060677,0.0031812482
PSOQRNN,ETH-USD,2026-06-19 17:15:00,0.0032179907,0.0031675063
PSOQRNN,ETH-USD,2026-06-19 17:30:00,0.003151031,0.0031541626
PSOQRNN,ETH-USD,2026-06-19 17:45:00,0.0031587975,0.003156286
PSOQRNN,ETH-USD,2026-06-19 18:00:00,0.003183541,0.0031535823
PSOQRNN,ETH-USD,2026-06-19 18:15:00,0.0031982583,0.003153994
PSOQRNN,ETH-USD,2026-06-19 18:30:00,0.003204061,0.0031532005
PSOQRNN,ETH-USD,2026-06-19 18:45:00,0.0031684209,0.003154055
PSOQRNN,ETH-USD,2026-06-19 19:00:00,0.0031894993,0.003154057
PSOQRNN,ETH-USD,2026-06-19 19:15:00,0.003201812,0.00315425
PSOQRNN,ETH-USD,2026-06-19 19:30:00,0.003180234,0.0031541975
PSOQRNN,ETH-USD,2026-06-19 19:45:00,0.003179752,0.0031542643
PSOQRNN,ETH-USD,2026-06-19 20:00:00,0.0031657212,0.0031548191
PSOQRNN,ETH-USD,2026-06-19 20:15:00,0.0031863584,0.003153824
PSOQRNN,ETH-USD,2026-06-19 20:30:00,0.0031849032,0.003151978
PSOQRNN,ETH-USD,2026-06-19 20:45:00,0.0031332085,0.0031595472
PSOQRNN,ETH-USD,2026-06-19 21:00:00,0.0031912976,0.0031589705
PSOQRNN,ETH-USD,2026-06-19 21:15:00,0.0032208287,0.0031544368
PSOQRNN,ETH-USD,2026-06-19 21:30:00,0.0032044149,0.0031552687
PSOQRNN,ETH-USD,2026-06-19 21:45:00,0.003190313,0.003154783
PSOQRNN,ETH-USD,2026-06-19 22:00:00,0.0031778675,0.0031544627
PSOQRNN,ETH-USD,2026-06-19 22:15:00,0.0031372325,0.0031550133
PSOQRNN,ETH-USD,2026-06-19 22:30:00,0.0031882892,0.003154112
PSOQRNN,ETH-USD,2026-06-19 22:45:00,0.0031883183,0.0031535993
PSOQRNN,ETH-USD,2026-06-19 23:00:00,0.0031970183,0.0031479804
PSOQRNN,ETH-USD,2026-06-19 23:15:00,0.003157426,0.003148106
PSOQRNN,ETH-USD,2026-06-19 23:30:00,0.0031802324,0.0031128393
PSOQRNN,ETH-USD,2026-06-19 23:45:00,0.0031139338,0.0031143406
PSOQRNN,ETH-USD,2026-06-20 00:00:00,0.0031541986,0.0031110602
PSOQRNN,ETH-USD,2026-06-20 00:15:00,0.0031223,0.0031049263
PSOQRNN,ETH-USD,2026-06-20 00:30:00,0.0031393622,0.003104142
PSOQRNN,ETH-USD,2026-06-20 00:45:00,0.003152154,0.0031049575
PSOQRNN,ETH-USD,2026-06-20 01:00:00,0.0031385443,0.0031049876
PSOQRNN,ETH-USD,2026-06-20 01:15:00,0.0031244608,0.0031053459
PSOQRNN,ETH-USD,2026-06-20 01:30:00,0.003135854,0.0031051894
PSOQRNN,ETH-USD,2026-06-20 01:45:00,0.003123416,0.0031021056
PSOQRNN,ETH-USD,2026-06-20 02:00:00,0.0031538652,0.0031010846
PSOQRNN,ETH-USD,2026-06-20 02:15:00,0.0031531102,0.0031017268
PSOQRNN,ETH-USD,2026-06-20 02:30:00,0.0031191607,0.0031019698
PSOQRNN,ETH-USD,2026-06-20 02:45:00,0.003139449,0.0031019764
PSOQRNN,ETH-USD,2026-06-20 03:00:00,0.0031121003,0.003103115
PSOQRNN,ETH-USD,2026-06-20 03:15:00,0.0031232855,0.0030396988
PSOQRNN,ETH-USD,2026-06-20 03:30:00,0.0030631276,0.0030217038
PSOQRNN,ETH-USD,2026-06-20 03:45:00,0.0030474993,0.00301863
PSOQRNN,ETH-USD,2026-06-20 04:00:00,0.0030497678,0.0030175154
PSOQRNN,ETH-USD,2026-06-20 04:15:00,0.0029989956,0.003022466
PSOQRNN,ETH-USD,2026-06-20 04:30:00,0.0030314587,0.0030057463
PSOQRNN,ETH-USD,2026-06-20 04:45:00,0.0030419207,0.0029998266
PSOQRNN,ETH-USD,2026-06-20 05:00:00,0.0029047898,0.0030589458
PSOQRNN,ETH-USD,2026-06-20 05:15:00,0.0031503043,0.0030654855
PSOQRNN,ETH-USD,2026-06-20 05:30:00,0.003083595,0.0030657416
PSOQRNN,ETH-USD,2026-06-20 05:45:00,0.0030724548,0.0030671607
PSOQRNN,ETH-USD,2026-06-20 06:00:00,0.003094048,0.0030633407
PSOQRNN,ETH-USD,2026-06-20 06:15:00,0.0030760032,0.0030605292
PSOQRNN,ETH-USD,2026-06-20 06:30:00,0.003095766,0.003056677
PSOQRNN,ETH-USD,2026-06-20 06:45:00,0.0030751026,0.003049159
PSOQRNN,ETH-USD,2026-06-20 07:00:00,0.0030954157,0.0030492265
PSOQRNN,ETH-USD,2026-06-20 07:15:00,0.0030529979,0.003029444
PSOQRNN,ETH-USD,2026-06-20 07:30:00,0.0030585055,0.0030074026
PSOQRNN,ETH-USD,2026-06-20 07:45:00,0.0030471846,0.0030063582
PSOQRNN,ETH-USD,2026-06-20 08:00:00,0.0030386283,0.0030063973
PSOQRNN,ETH-USD,2026-06-20 08:15:00,0.003041271,0.0029993462
PSOQRNN,ETH-USD,2026-06-20 08:30:00,0.0030266948,0.0029976482
PSOQRNN,ETH-USD,2026-06-20 08:45:00,0.003026423,0.0029552102
PSOQRNN,ETH-USD,2026-06-20 09:00:00,0.0029541235,0.0028345888
PSOQRNN,ETH-USD,2026-06-20 09:15:00,0.0028673976,0.0028345329
PSOQRNN,ETH-USD,2026-06-20 09:30:00,0.002814724,0.0027628709
PSOQRNN,ETH-USD,2026-06-20 09:45:00,0.002780836,0.0027149494
PSOQRNN,ETH-USD,2026-06-20 10:00:00,0.002733477,0.0027145674
PSOQRNN,ETH-USD,2026-06-20 10:15:00,0.0027215937,0.0024723418
PSOQRNN,ETH-USD,2026-06-20 10:30:00,0.0024852536,0.0024612222
PSOQRNN,ETH-USD,2026-06-20 10:45:00,0.002450359,0.0024613214
PSOQRNN,ETH-USD,2026-06-20 11:00:00,0.0024661652,0.0024591652
PSOQRNN,ETH-USD,2026-06-20 11:15:00,0.002457058,0.0024587451
PSOQRNN,ETH-USD,2026-06-20 11:30:00,0.0024475476,0.002456813
PSOQRNN,ETH-USD,2026-06-20 11:45:00,0.002461553,0.0024254203
PSOQRNN,ETH-USD,2026-06-20 12:00:00,0.0024015834,0.0024221074
PSOQRNN,ETH-USD,2026-06-20 12:15:00,0.0024230718,0.0024219446
PSOQRNN,ETH-USD,2026-06-20 12:30:00,0.00244559,0.0024226299
PSOQRNN,ETH-USD,2026-06-20 12:45:00,0.0024094533,0.0024227297
PSOQRNN,ETH-USD,2026-06-20 13:00:00,0.002437869,0.0024216368
PSOQRNN,ETH-USD,2026-06-20 13:15:00,0.0024898807,0.0024289193
PSOQRNN,ETH-USD,2026-06-20 13:30:00,0.0023989647,0.002433176
PSOQRNN,ETH-USD,2026-06-20 13:45:00,0.0024370837,0.0024312267
PSOQRNN,ETH-USD,2026-06-20 14:00:00,0.0024919384,0.0024472945
PSOQRNN,ETH-USD,2026-06-20 14:15:00,0.002417079,0.002439806
PSOQRNN,ETH-USD,2026-06-20 14:30:00,0.00238821,0.0024531584
PSOQRNN,ETH-USD,2026-06-20 14:45:00,0.0023658548,0.0024964316
PSOQRNN,ETH-USD,2026-06-20 15:00:00,0.002479754,0.0024915726
PSOQRNN,ETH-USD,2026-06-20 15:15:00,0.0024453846,0.0025036158
PSOQRNN,ETH-USD,2026-06-20 15:30:00,0.0025281722,0.0025061883
PSOQRNN,ETH-USD,2026-06-20 15:45:00,0.002497901,0.0025049574
PSOQRNN,ETH-USD,2026-06-20 16:00:00,0.0025359786,0.0024901165
PSOQRNN,ETH-USD,2026-06-20 16:15:00,0.0025082715,0.0024863877
PSOQRNN,ETH-USD,2026-06-20 16:30:00,0.0024956549,0.002486677
PSOQRNN,ETH-USD,2026-06-20 16:45:00,0.0024753858,0.0024854036
PSOQRNN,ETH-USD,2026-06-20 17:00:00,0.0025102652,0.0024883642
PSOQRNN,ETH-USD,2026-06-20 17:15:00,0.002494984,0.002485534
PSOQRNN,ETH-USD,2026-06-20 17:30:00,0.0025134976,0.0024892557
PSOQRNN,ETH-USD,2026-06-20 17:45:00,0.0024843747,0.002488767
PSOQRNN,ETH-USD,2026-06-20 18:00:00,0.0024831488,0.002484291
PSOQRNN,ETH-USD,2026-06-20 18:15:00,0.0024681438,0.0024742393
PSOQRNN,ETH-USD,2026-06-20 18:30:00,0.0024865153,0.0024738826
PSOQRNN,ETH-USD,2026-06-20 18:45:00,0.0024794948,0.0024734812
PSOQRNN,ETH-USD,2026-06-20 19:00:00,0.0024647275,0.0024521407
PSOQRNN,ETH-USD,2026-06-20 19:15:00,0.0024593796,0.0024525071
PSOQRNN,ETH-USD,2026-06-20 19:30:00,0.0024296148,0.0024525644
PSOQRNN,ETH-USD,2026-06-20 19:45:00,0.0024530361,0.0024516021
PSOQRNN,ETH-USD,2026-06-20 20:00:00,0.0024446223,0.00245088
PSOQRNN,ETH-USD,2026-06-20 20:15:00,0.0024559363,0.002451151
PSOQRNN,ETH-USD,2026-06-20 20:30:00,0.0024552874,0.0024513614
PSOQRNN,ETH-USD,2026-06-20 20:45:00,0.0024300774,0.0024519747
PSOQRNN,ETH-USD,2026-06-20 21:00:00,0.002420689,0.0024554895
PSOQRNN,ETH-USD,2026-06-20 21:15:00,0.0024698044,0.0024562427
PSOQRNN,ETH-USD,2026-06-20 21:30:00,0.0024284923,0.0024511858
PSOQRNN,ETH-USD,2026-06-20 21:45:00,0.0024568082,0.0024514971
PSOQRNN,ETH-USD,2026-06-20 22:00:00,0.0024250534,0.002454477
PSOQRNN,ETH-USD,2026-06-20 22:15:00,0.0024227658,0.0024290034
PSOQRNN,ETH-USD,2026-06-20 22:30:00,0.0024236117,0.002425263
PSOQRNN,ETH-USD,2026-06-20 22:45:00,0.0024222706,0.0024251502
PSOQRNN,ETH-USD,2026-06-20 23:00:00,0.0024321612,0.0024253023
PSOQRNN,ETH-USD,2026-06-20 23:15:00,0.002426268,0.0024245647
PSOQRNN,ETH-USD,2026-06-20 23:30:00,0.002413987,0.0024246895
PSOQRNN,ETH-USD,2026-06-20 23:45:00,0.002431468,0.0024230704
PSOQRNN,ETH-USD,2026-06-21 00:00:00,0.002433655,0.0024241249
PSOQRNN,ETH-USD,2026-06-21 00:15:00,0.0024303163,0.0024204978
PSOQRNN,ETH-USD,2026-06-21 00:30:00,0.0024120645,0.0024166445
PSOQRNN,ETH-USD,2026-06-21 00:45:00,0.0024168678,0.0024164745
PSOQRNN,ETH-USD,2026-06-21 01:00:00,0.0024259898,0.0024111771
PSOQRNN,ETH-USD,2026-06-21 01:15:00,0.0024089173,0.002411133
PSOQRNN,ETH-USD,2026-06-21 01:30:00,0.0023913868,0.002411997
PSOQRNN,ETH-USD,2026-06-21 01:45:00,0.0024093569,0.0024007608
PSOQRNN,ETH-USD,2026-06-21 02:00:00,0.0023940206,0.0024005475
PSOQRNN,ETH-USD,2026-06-21 02:15:00,0.0023996201,0.0024006215
PSOQRNN,ETH-USD,2026-06-21 02:30:00,0.0023973766,0.0023987235
PSOQRNN,ETH-USD,2026-06-21 02:45:00,0.0023980516,0.002398815
PSOQRNN,ETH-USD,2026-06-21 03:00:00,0.002394421,0.0023974688
PSOQRNN,ETH-USD,2026-06-21 03:15:00,0.0023868016,0.002385768
PSOQRNN,ETH-USD,2026-06-21 03:30:00,0.0023619647,0.0023856005
PSOQRNN,ETH-USD,2026-06-21 03:45:00,0.0023893004,0.002385661
PSOQRNN,ETH-USD,2026-06-21 04:00:00,0.0023902939,0.0023861849
PSOQRNN,ETH-USD,2026-06-21 04:15:00,0.00236045,0.0023886443
PSOQRNN,ETH-USD,2026-06-21 04:30:00,0.0023948583,0.002299311
PSOQRNN,ETH-USD,2026-06-21 04:45:00,0.002323799,0.0023007798
PSOQRNN,ETH-USD,2026-06-21 05:00:00,0.0022972848,0.002294971
PSOQRNN,ETH-USD,2026-06-21 05:15:00,0.0022626037,0.0022976107
PSOQRNN,ETH-USD,2026-06-21 05:30:00,0.0022939416,0.0022888056
PSOQRNN,ETH-USD,2026-06-21 05:45:00,0.0022830283,0.0022887888
PSOQRNN,ETH-USD,2026-06-21 06:00:00,0.002271121,0.0022755666
PSOQRNN,ETH-USD,2026-06-21 06:15:00,0.002253536,0.0022255785
PSOQRNN,ETH-USD,2026-06-21 06:30:00,0.0022047348,0.0020891381
PSOQRNN,ETH-USD,2026-06-21 06:45:00,0.002075803,0.0019858761
PSOQRNN,ETH-USD,2026-06-21 07:00:00,0.001966705,0.0019670147
PSOQRNN,ETH-USD,2026-06-21 07:15:00,0.0019568147,0.0019658424
PSOQRNN,ETH-USD,2026-06-21 07:30:00,0.0019350308,0.001966
PSOQRNN,ETH-USD,2026-06-21 07:45:00,0.0019537916,0.0019674837
PSOQRNN,ETH-USD,2026-06-21 08:00:00,0.0019494357,0.0019644282
PSOQRNN,ETH-USD,2026-06-21 08:15:00,0.001950652,0.0019610608
PSOQRNN,ETH-USD,2026-06-21 08:30:00,0.0019411612,0.0019606128
PSOQRNN,ETH-USD,2026-06-21 08:45:00,0.0019323374,0.001958014
PSOQRNN,ETH-USD,2026-06-21 09:00:00,0.0019430651,0.0019590089
PSOQRNN,ETH-USD,2026-06-21 09:15:00,0.0019253859,0.00194346
PSOQRNN,ETH-USD,2026-06-21 09:30:00,0.0019040502,0.0019440495
PSOQRNN,ETH-USD,2026-06-21 09:45:00,0.001909697,0.0019446223
PSOQRNN,ETH-USD,2026-06-21 10:00:00,0.0019107788,0.0019448585
PSOQRNN,ETH-USD,2026-06-21 10:15:00,0.00191844,0.0019363785
PSOQRNN,ETH-USD,2026-06-21 10:30:00,0.0019231087,0.0018890584
PSOQRNN,ETH-USD,2026-06-21 10:45:00,0.001868669,0.0018874707
PSOQRNN,ETH-USD,2026-06-21 11:00:00,0.0018532787,0.0018728244
PSOQRNN,ETH-USD,2026-06-21 11:15:00,0.001876022,0.0018811631
PSOQRNN,ETH-USD,2026-06-21 11:30:00,0.0018609351,0.0018816483
PSOQRNN,ETH-USD,2026-06-21 11:45:00,0.0018608836,0.0018793766
PSOQRNN,ETH-USD,2026-06-21 12:00:00,0.0018721442,0.0018687715
PSOQRNN,ETH-USD,2026-06-21 12:15:00,0.0018621923,0.0018721961
PSOQRNN,ETH-USD,2026-06-21 12:30:00,0.0018345818,0.0018730211
PSOQRNN,ETH-USD,2026-06-21 12:45:00,0.0018148836,0.0018812998
PSOQRNN,ETH-USD,2026-06-21 13:00:00,0.001854262,0.001880462
PSOQRNN,ETH-USD,2026-06-21 13:15:00,0.0018516348,0.001875544
PSOQRNN,ETH-USD,2026-06-21 13:30:00,0.0018687537,0.0018786323
PSOQRNN,ETH-USD,2026-06-21 13:45:00,0.0018373153,0.0018791439
PSOQRNN,ETH-USD,2026-06-21 14:00:00,0.001862346,0.0018745445
PSOQRNN,ETH-USD,2026-06-21 14:15:00,0.0018533431,0.0018613884
PSOQRNN,ETH-USD,2026-06-21 14:30:00,0.0018159341,0.0018644887
PSOQRNN,ETH-USD,2026-06-21 14:45:00,0.0018189491,0.0018668006
PSOQRNN,ETH-USD,2026-06-21 15:00:00,0.0018349771,0.0018667581
PSOQRNN,ETH-USD,2026-06-21 15:15:00,0.001823763,0.0018671437
PSOQRNN,ETH-USD,2026-06-21 15:30:00,0.0018428373,0.0018637159
PSOQRNN,ETH-USD,2026-06-21 15:45:00,0.0018384084,0.0018619164
PSOQRNN,ETH-USD,2026-06-21 16:00:00,0.0018534408,0.0018640417
PSOQRNN,ETH-USD,2026-06-21 16:15:00,0.0018435209,0.0018625758
PSOQRNN,ETH-USD,2026-06-21 16:30:00,0.0018420217,0.0018630653
PSOQRNN,ETH-USD,2026-06-21 16:45:00,0.0018189637,0.0018603973
PSOQRNN,ETH-USD,2026-06-21 17:00:00,0.0018200873,0.0018592123
PSOQRNN,ETH-USD,2026-06-21 17:15:00,0.0018538155,0.0018465491
PSOQRNN,ETH-USD,2026-06-21 17:30:00,0.001814612,0.0018466545
PSOQRNN,ETH-USD,2026-06-21 17:45:00,0.0018178441,0.0018438132
PSOQRNN,ETH-USD,2026-06-21 18:00:00,0.0018394997,0.001797902
PSOQRNN,ETH-USD,2026-06-21 18:15:00,0.00175636,0.0017925899
PSOQRNN,ETH-USD,2026-06-21 18:30:00,0.0017148058,0.0018154271
PSOQRNN,ETH-USD,2026-06-21 18:45:00,0.0017801462,0.0018156081
PSOQRNN,ETH-USD,2026-06-21 19:00:00,0.0017799808,0.0018133715
PSOQRNN,ETH-USD,2026-06-21 19:15:00,0.0017993371,0.0018052878
PSOQRNN,ETH-USD,2026-06-21 19:30:00,0.0017736435,0.0018013712
PSOQRNN,ETH-USD,2026-06-21 19:45:00,0.0017767829,0.001799587
PSOQRNN,ETH-USD,2026-06-21 20:00:00,0.0017849981,0.001780457
PSOQRNN,ETH-USD,2026-06-21 20:15:00,0.0017573778,0.0017751076
PSOQRNN,ETH-USD,2026-06-21 20:30:00,0.0017621964,0.001776772
PSOQRNN,ETH-USD,2026-06-21 20:45:00,0.0017876732,0.0017922918
PSOQRNN,ETH-USD,2026-06-21 21:00:00,0.0018342186,0.0018369954
PSOQRNN,ETH-USD,2026-06-21 21:15:00,0.0017847881,0.0018425073
PSOQRNN,ETH-USD,2026-06-21 21:30:00,0.0017781652,0.0018561821
PSOQRNN,ETH-USD,2026-06-21 21:45:00,0.0018413092,0.0018578259
PSOQRNN,ETH-USD,2026-06-21 22:00:00,0.0018438295,0.001853021
PSOQRNN,ETH-USD,2026-06-21 22:15:00,0.0018352283,0.0018540805
PSOQRNN,ETH-USD,2026-06-21 22:30:00,0.0018244655,0.0018487067
PSOQRNN,ETH-USD,2026-06-21 22:45:00,0.0018043993,0.0018478489
PSOQRNN,ETH-USD,2026-06-21 23:00:00,0.001855999,0.0018599333
PSOQRNN,ETH-USD,2026-06-21 23:15:00,0.0018239224,0.0018602258
PSOQRNN,ETH-USD,2026-06-21 23:30:00,0.0018779987,0.0018789795
PSOQRNN,ETH-USD,2026-06-21 23:45:00,0.0018466656,0.0018784133
PSOQRNN,ETH-USD,2026-06-22 00:00:00,0.0018167865,0.0018781973
PSOQRNN,ETH-USD,2026-06-22 00:15:00,0.0018072083,0.0018975309
PSOQRNN,ETH-USD,2026-06-22 00:30:00,0.0018381038,0.001907311
PSOQRNN,ETH-USD,2026-06-22 00:45:00,0.0018736089,0.0019027784
PSOQRNN,ETH-USD,2026-06-22 01:00:00,0.0018848092,0.0019017296
PSOQRNN,ETH-USD,2026-06-22 01:15:00,0.0017322835,0.0021320528
PSOQRNN,ETH-USD,2026-06-22 01:30:00,0.002169454,0.0021519922
PSOQRNN,ETH-USD,2026-06-22 01:45:00,0.0021383627,0.0021448685
PSOQRNN,ETH-USD,2026-06-22 02:00:00,0.0021479067,0.002144548
PSOQRNN,ETH-USD,2026-06-22 02:15:00,0.0021217363,0.002142134
PSOQRNN,ETH-USD,2026-06-22 02:30:00,0.0021180636,0.0021423053
PSOQRNN,ETH-USD,2026-06-22 02:45:00,0.0021600132,0.0021503912
PSOQRNN,ETH-USD,2026-06-22 03:00:00,0.0021721013,0.002160641
PSOQRNN,ETH-USD,2026-06-22 03:15:00,0.0021134806,0.002166305
PSOQRNN,ETH-USD,2026-06-22 03:30:00,0.0021601508,0.0021649566
PSOQRNN,ETH-USD,2026-06-22 03:45:00,0.002180978,0.0021502974
PSOQRNN,ETH-USD,2026-06-22 04:00:00,0.0021185584,0.0021506357
PSOQRNN,ETH-USD,2026-06-22 04:15:00,0.0021213556,0.0021498292
PSOQRNN,ETH-USD,2026-06-22 04:30:00,0.0021464545,0.0021223086
PSOQRNN,ETH-USD,2026-06-22 04:45:00,0.0020828668,0.0021242048
PSOQRNN,ETH-USD,2026-06-22 05:00:00,0.002094249,0.002117597
PSOQRNN,ETH-USD,2026-06-22 05:15:00,0.002095824,0.0021091907
PSOQRNN,ETH-USD,2026-06-22 05:30:00,0.0020908706,0.0021088333
PSOQRNN,ETH-USD,2026-06-22 05:45:00,0.0020923151,0.0021076533
PSOQRNN,ETH-USD,2026-06-22 06:00:00,0.0020823884,0.002107428
PSOQRNN,ETH-USD,2026-06-22 06:15:00,0.0020994933,0.0020945333
PSOQRNN,ETH-USD,2026-06-22 06:30:00,0.0020843174,0.002069072
PSOQRNN,ETH-USD,2026-06-22 06:45:00,0.0020469723,0.0020687252
PSOQRNN,ETH-USD,2026-06-22 07:00:00,0.0019915993,0.0020902383
PSOQRNN,ETH-USD,2026-06-22 07:15:00,0.0020457832,0.0020901111
PSOQRNN,ETH-USD,2026-06-22 07:30:00,0.0020728423,0.0020870217
PSOQRNN,ETH-USD,2026-06-22 07:45:00,0.0020754342,0.00206139
PSOQRNN,ETH-USD,2026-06-22 08:00:00,0.0020051075,0.0020710072
PSOQRNN,ETH-USD,2026-06-22 08:15:00,0.0020891512,0.0020824329
PSOQRNN,ETH-USD,2026-06-22 08:30:00,0.0020406637,0.0020761944
PSOQRNN,ETH-USD,2026-06-22 08:45:00,0.0020665918,0.0020747404
PSOQRNN,ETH-USD,2026-06-22 09:00:00,0.0020476994,0.002074969
PSOQRNN,ETH-USD,2026-06-22 09:15:00,0.002070415,0.002075988
PSOQRNN,ETH-USD,2026-06-22 09:30:00,0.0020515756,0.0020739916
PSOQRNN,ETH-USD,2026-06-22 09:45:00,0.0020587451,0.0020735539
PSOQRNN,ETH-USD,2026-06-22 10:00:00,0.002031171,0.0020767848
PSOQRNN,ETH-USD,2026-06-22 10:15:00,0.002070076,0.0020768032
PSOQRNN,ETH-USD,2026-06-22 10:30:00,0.0020586567,0.0020768775
PSOQRNN,ETH-USD,2026-06-22 10:45:00,0.0020461597,0.0020775052
PSOQRNN,ETH-USD,2026-06-22 11:00:00,0.002037308,0.0020790314
PSOQRNN,ETH-USD,2026-06-22 11:15:00,0.0020546888,0.0020790356
PSOQRNN,ETH-USD,2026-06-22 11:30:00,0.0019929882,0.0021148885
PSOQRNN,ETH-USD,2026-06-22 11:45:00,0.002071455,0.0021088687
PSOQRNN,ETH-USD,2026-06-22 12:00:00,0.0021041306,0.0021106387
PSOQRNN,ETH-USD,2026-06-22 12:15:00,0.0020832084,0.0021062058
PSOQRNN,ETH-USD,2026-06-22 12:30:00,0.002105617,0.0021070603
PSOQRNN,ETH-USD,2026-06-22 12:45:00,0.0020880015,0.002106842
PSOQRNN,ETH-USD,2026-06-22 13:00:00,0.0020852955,0.0021067571
PSOQRNN,ETH-USD,2026-06-22 13:15:00,0.0020880029,0.0020972088
PSOQRNN,ETH-USD,2026-06-22 13:30:00,0.0020194536,0.002124071
PSOQRNN,ETH-USD,2026-06-22 13:45:00,0.0020844499,0.002126782
PSOQRNN,ETH-USD,2026-06-22 14:00:00,0.00217283,0.002154258
PSOQRNN,ETH-USD,2026-06-22 14:15:00,0.0022255082,0.0022017343
PSOQRNN,ETH-USD,2026-06-22 14:30:00,0.0021999609,0.0022030377
PSOQRNN,ETH-USD,2026-06-22 14:45:00,0.0021805868,0.0022003276
PSOQRNN,ETH-USD,2026-06-22 15:00:00,0.002180288,0.0021997448
PSOQRNN,ETH-USD,2026-06-22 15:15:00,0.0021937129,0.0021993485
PSOQRNN,ETH-USD,2026-06-22 15:30:00,0.002181283,0.0021991273
PSOQRNN,ETH-USD,2026-06-22 15:45:00,0.0022532027,0.0022269497
PSOQRNN,ETH-USD,2026-06-22 16:00:00,0.002230802,0.0022289788
PSOQRNN,ETH-USD,2026-06-22 16:15:00,0.0022161347,0.0022287457
PSOQRNN,ETH-USD,2026-06-22 16:30:00,0.0022410718,0.0022332475
PSOQRNN,ETH-USD,2026-06-22 16:45:00,0.0022065397,0.0022339611
PSOQRNN,ETH-USD,2026-06-22 17:00:00,0.0022106967,0.0022320389
PSOQRNN,ETH-USD,2026-06-22 17:15:00,0.0022697358,0.0022458453
PSOQRNN,ETH-USD,2026-06-22 17:30:00,0.0022287972,0.0022455205
PSOQRNN,ETH-USD,2026-06-22 17:45:00,0.0021926262,0.0022558733
PSOQRNN,ETH-USD,2026-06-22 18:00:00,0.0022134152,0.002260473
PSOQRNN,ETH-USD,2026-06-22 18:15:00,0.0022755023,0.0022651185
PSOQRNN,ETH-USD,2026-06-22 18:30:00,0.0022655716,0.0022661984
PSOQRNN,ETH-USD,2026-06-22 18:45:00,0.0023018783,0.0022798623
PSOQRNN,ETH-USD,2026-06-22 19:00:00,0.0022572947,0.0022804171
PSOQRNN,ETH-USD,2026-06-22 19:15:00,0.0022959746,0.0022762709
PSOQRNN,ETH-USD,2026-06-22 19:30:00,0.0022493545,0.002276651
PSOQRNN,ETH-USD,2026-06-22 19:45:00,0.0022551303,0.0022766478
PSOQRNN,ETH-USD,2026-06-22 20:00:00,0.0022516919,0.0021999024
PSOQRNN,ETH-USD,2026-06-22 20:15:00,0.0022062764,0.0021863657
PSOQRNN,ETH-USD,2026-06-22 20:30:00,0.0021551945,0.0021877023
PSOQRNN,ETH-USD,2026-06-22 20:45:00,0.0021819193,0.0021865927
PSOQRNN,ETH-USD,2026-06-22 21:00:00,0.0021633254,0.0021869785
PSOQRNN,ETH-USD,2026-06-22 21:15:00,0.0021813624,0.0021868106
PSOQRNN,ETH-USD,2026-06-22 21:30:00,0.002204469,0.0021937587
PSOQRNN,ETH-USD,2026-06-22 21:45:00,0.0021550586,0.0021973676
PSOQRNN,ETH-USD,2026-06-22 22:00:00,0.0021786466,0.002195732
PSOQRNN,ETH-USD,2026-06-22 22:15:00,0.0022636412,0.0022340312
PSOQRNN,ETH-USD,2026-06-22 22:30:00,0.0022389847,0.0022360887
PSOQRNN,ETH-USD,2026-06-22 22:45:00,0.002189789,0.0022428492
PSOQRNN,ETH-USD,2026-06-22 23:00:00,0.002235857,0.0022428392
PSOQRNN,ETH-USD,2026-06-22 23:15:00,0.0022094555,0.0022452397
PSOQRNN,ETH-USD,2026-06-22 23:30:00,0.0022293516,0.002245262
PSOQRNN,ETH-USD,2026-06-22 23:45:00,0.0022249667,0.0022455363
PSOQRNN,ETH-USD,2026-06-23 00:00:00,0.0022511806,0.0022450252
PSOQRNN,ETH-USD,2026-06-23 00:15:00,0.0022580826,0.0022481163
PSOQRNN,ETH-USD,2026-06-23 00:30:00,0.0021862215,0.002258221
PSOQRNN,ETH-USD,2026-06-23 00:45:00,0.0022329057,0.0022592787
PSOQRNN,ETH-USD,2026-06-23 01:00:00,0.002239393,0.0022594216
PSOQRNN,ETH-USD,2026-06-23 01:15:00,0.0022374867,0.0022599301
PSOQRNN,ETH-USD,2026-06-23 01:30:00,0.0022883962,0.0022687146
PSOQRNN,ETH-USD,2026-06-23 01:45:00,0.002240836,0.002269942
PSOQRNN,ETH-USD,2026-06-23 02:00:00,0.0022668515,0.0022701584
PSOQRNN,ETH-USD,2026-06-23 02:15:00,0.00224811,0.002270856
PSOQRNN,ETH-USD,2026-06-23 02:30:00,0.0022519825,0.0022706864
PSOQRNN,ETH-USD,2026-06-23 02:45:00,0.0022553662,0.0022705088
PSOQRNN,ETH-USD,2026-06-23 03:00:00,0.0022866821,0.0022727156
PSOQRNN,ETH-USD,2026-06-23 03:15:00,0.0022542577,0.0022729032
PSOQRNN,ETH-USD,2026-06-23 03:30:00,0.002274343,0.0022697279
PSOQRNN,ETH-USD,2026-06-23 03:45:00,0.002243738,0.0022705423
PSOQRNN,ETH-USD,2026-06-23 04:00:00,0.0022546037,0.002268608
PSOQRNN,ETH-USD,2026-06-23 04:15:00,0.0022740043,0.002243191
PSOQRNN,ETH-USD,2026-06-23 04:30:00,0.0022632543,0.002245705
PSOQRNN,ETH-USD,2026-06-23 04:45:00,0.0022611187,0.0022503766
PSOQRNN,ETH-USD,2026-06-23 05:00:00,0.0022367516,0.0022285543
PSOQRNN,ETH-USD,2026-06-23 05:15:00,0.0022558589,0.0022342268
PSOQRNN,ETH-USD,2026-06-23 05:30:00,0.0022161063,0.0022189107
PSOQRNN,ETH-USD,2026-06-23 05:45:00,0.0022096012,0.0021679495
PSOQRNN,ETH-USD,2026-06-23 06:00:00,0.0021969376,0.002179107
PSOQRNN,ETH-USD,2026-06-23 06:15:00,0.0023151839,0.0022841445
PSOQRNN,ETH-USD,2026-06-23 06:30:00,0.0022524742,0.0022846537
PSOQRNN,ETH-USD,2026-06-23 06:45:00,0.0022614803,0.0022852288
PSOQRNN,ETH-USD,2026-06-23 07:00:00,0.0022597876,0.0022823787
PSOQRNN,ETH-USD,2026-06-23 07:15:00,0.0022775827,0.0022809454
PSOQRNN,ETH-USD,2026-06-23 07:30:00,0.0023114118,0.0022900698
PSOQRNN,ETH-USD,2026-06-23 07:45:00,0.0023150614,0.0022960673
PSOQRNN,ETH-USD,2026-06-23 08:00:00,0.0023478798,0.0023134267
PSOQRNN,ETH-USD,2026-06-23 08:15:00,0.002594367,0.002609346
PSOQRNN,ETH-USD,2026-06-23 08:30:00,0.0025558467,0.0026260014
PSOQRNN,ETH-USD,2026-06-23 08:45:00,0.0026513739,0.0026268794
PSOQRNN,ETH-USD,2026-06-23 09:00:00,0.0026167515,0.0026283953
PSOQRNN,ETH-USD,2026-06-23 09:15:00,0.0026115968,0.0026300647
PSOQRNN,ETH-USD,2026-06-23 09:30:00,0.0026712304,0.002633717
PSOQRNN,ETH-USD,2026-06-23 09:45:00,0.0026311867,0.0026343314
PSOQRNN,ETH-USD,2026-06-23 10:00:00,0.0026019032,0.0026424737
PSOQRNN,ETH-USD,2026-06-23 10:15:00,0.002668163,0.0026432583
PSOQRNN,ETH-USD,2026-06-23 10:30:00,0.0026792472,0.002643358
PSOQRNN,ETH-USD,2026-06-23 10:45:00,0.002635718,0.0026448553
PSOQRNN,ETH-USD,2026-06-23 11:00:00,0.0026281732,0.002648038
PSOQRNN,ETH-USD,2026-06-23 11:15:00,0.002621849,0.0026542603
PSOQRNN,ETH-USD,2026-06-23 11:30:00,0.002656128,0.0026545136
PSOQRNN,ETH-USD,2026-06-23 11:45:00,0.0026652033,0.0026522488
PSOQRNN,ETH-USD,2026-06-23 12:00:00,0.0026800656,0.0026484304
PSOQRNN,ETH-USD,2026-06-23 12:15:00,0.0026572326,0.0026474902
PSOQRNN,ETH-USD,2026-06-23 12:30:00,0.0026575779,0.0026434348
PSOQRNN,ETH-USD,2026-06-23 12:45:00,0.0026789508,0.0026459654
PSOQRNN,ETH-USD,2026-06-23 13:00:00,0.0026701707,0.002643085
PSOQRNN,ETH-USD,2026-06-23 13:15:00,0.0026794176,0.002640442
PSOQRNN,ETH-USD,2026-06-23 13:30:00,0.0025736606,0.002670846
PSOQRNN,ETH-USD,2026-06-23 13:45:00,0.002654704,0.0026744388
PSOQRNN,ETH-USD,2026-06-23 14:00:00,0.0026493135,0.0026804751
PSOQRNN,ETH-USD,2026-06-23 14:15:00,0.002735,0.0026875844
PSOQRNN,ETH-USD,2026-06-23 14:30:00,0.002690506,0.0026875809
PSOQRNN,ETH-USD,2026-06-23 14:45:00,0.0027034157,0.0026873006
PSOQRNN,ETH-USD,2026-06-23 15:00:00,0.0027419745,0.0026935989
PSOQRNN,ETH-USD,2026-06-23 15:15:00,0.0027280296,0.0026951816
PSOQRNN,ETH-USD,2026-06-23 15:30:00,0.0026919052,0.0026961393
PSOQRNN,ETH-USD,2026-06-23 15:45:00,0.0026763412,0.0027010327
PSOQRNN,ETH-USD,2026-06-23 16:00:00,0.0026501147,0.002719889
PSOQRNN,ETH-USD,2026-06-23 16:15:00,0.0027803457,0.0027281279
PSOQRNN,ETH-USD,2026-06-23 16:30:00,0.0027372215,0.0027267109
PSOQRNN,ETH-USD,2026-06-23 16:45:00,0.0027627838,0.0027285328
PSOQRNN,ETH-USD,2026-06-23 17:00:00,0.0027555595,0.0027290487
PSOQRNN,ETH-USD,2026-06-23 17:15:00,0.0027045603,0.00273587
PSOQRNN,ETH-USD,2026-06-23 17:30:00,0.002774887,0.002738114
PSOQRNN,ETH-USD,2026-06-23 17:45:00,0.002772869,0.0027395864
PSOQRNN,ETH-USD,2026-06-23 18:00:00,0.0027414786,0.0027403396
PSOQRNN,ETH-USD,2026-06-23 18:15:00,0.0027598387,0.0027400998
PSOQRNN,ETH-USD,2026-06-23 18:30:00,0.0028076374,0.0027480202
PSOQRNN,ETH-USD,2026-06-23 18:45:00,0.002725433,0.0027542706
PSOQRNN,ETH-USD,2026-06-23 19:00:00,0.0027349796,0.0027593684
PSOQRNN,ETH-USD,2026-06-23 19:15:00,0.002756254,0.0027584222
PSOQRNN,ETH-USD,2026-06-23 19:30:00,0.0028052703,0.0027615335
PSOQRNN,ETH-USD,2026-06-23 19:45:00,0.0027344753,0.0027646031
PSOQRNN,ETH-USD,2026-06-23 20:00:00,0.0027707906,0.0027649163
PSOQRNN,ETH-USD,2026-06-23 20:15:00,0.002780147,0.0027618487
PSOQRNN,ETH-USD,2026-06-23 20:30:00,0.0027838957,0.0027618732
PSOQRNN,ETH-USD,2026-06-23 20:45:00,0.0027669037,0.0027623475
PSOQRNN,ETH-USD,2026-06-23 21:00:00,0.0027689093,0.0027623158
PSOQRNN,ETH-USD,2026-06-23 21:15:00,0.0027613367,0.0027627023
PSOQRNN,ETH-USD,2026-06-23 21:30:00,0.0027769404,0.0027622837
PSOQRNN,ETH-USD,2026-06-23 21:45:00,0.0027785902,0.0027621556
PSOQRNN,ETH-USD,2026-06-23 22:00:00,0.0027405494,0.0027682257
PSOQRNN,ETH-USD,2026-06-23 22:15:00,0.0028314402,0.0027753224
PSOQRNN,ETH-USD,2026-06-23 22:30:00,0.0028042183,0.0027754789
PSOQRNN,ETH-USD,2026-06-23 22:45:00,0.0027824198,0.0027752083
PSOQRNN,ETH-USD,2026-06-23 23:00:00,0.0028158184,0.0027772177
PSOQRNN,ETH-USD,2026-06-23 23:15:00,0.0027716476,0.0027788111
PSOQRNN,ETH-USD,2026-06-23 23:30:00,0.0028051764,0.0027790943
PSOQRNN,ETH-USD,2026-06-23 23:45:00,0.0027584634,0.0027848918
PSOQRNN,ETH-USD,2026-06-24 00:00:00,0.0027688984,0.0027890343
PSOQRNN,ETH-USD,2026-06-24 00:15:00,0.002823835,0.0027895381
PSOQRNN,ETH-USD,2026-06-24 00:30:00,0.0027907589,0.0027890205
PSOQRNN,ETH-USD,2026-06-24 00:45:00,0.0027990115,0.0027885183
PSOQRNN,ETH-USD,2026-06-24 01:00:00,0.0027950727,0.0027883297
PSOQRNN,ETH-USD,2026-06-24 01:15:00,0.0028110326,0.0027883935
PSOQRNN,ETH-USD,2026-06-24 01:30:00,0.0027793406,0.0027905484
PSOQRNN,ETH-USD,2026-06-24 01:45:00,0.002821486,0.0027910988
PSOQRNN,ETH-USD,2026-06-24 02:00:00,0.0028129611,0.0027906767
PSOQRNN,ETH-USD,2026-06-24 02:15:00,0.002841062,0.0027895698
PSOQRNN,ETH-USD,2026-06-24 02:30:00,0.00280399,0.0027894194
PSOQRNN,ETH-USD,2026-06-24 02:45:00,0.0028370712,0.0027926962
PSOQRNN,ETH-USD,2026-06-24 03:00:00,0.0028092095,0.0027906
PSOQRNN,ETH-USD,2026-06-24 03:15:00,0.0028045839,0.002788293
PSOQRNN,ETH-USD,2026-06-24 03:30:00,0.0027710085,0.0027923256
PSOQRNN,ETH-USD,2026-06-24 03:45:00,0.002819028,0.0027855441
PSOQRNN,ETH-USD,2026-06-24 04:00:00,0.0028169577,0.0027863127
PSOQRNN,ETH-USD,2026-06-24 04:15:00,0.00284512,0.0027925482
PSOQRNN,ETH-USD,2026-06-24 04:30:00,0.0027698907,0.0027971251
PSOQRNN,ETH-USD,2026-06-24 04:45:00,0.0027788365,0.0028008716
PSOQRNN,ETH-USD,2026-06-24 05:00:00,0.002813097,0.0028004858
PSOQRNN,ETH-USD,2026-06-24 05:15:00,0.0027862294,0.002804516
PSOQRNN,ETH-USD,2026-06-24 05:30:00,0.0028005764,0.0028039634
PSOQRNN,ETH-USD,2026-06-24 05:45:00,0.00283096,0.0028017897
PSOQRNN,ETH-USD,2026-06-24 06:00:00,0.0028239326,0.0028016493
PSOQRNN,ETH-USD,2026-06-24 06:15:00,0.0028065233,0.002800404
PSOQRNN,ETH-USD,2026-06-24 06:30:00,0.002821661,0.0028004323
PSOQRNN,ETH-USD,2026-06-24 06:45:00,0.0028140123,0.002800496
PSOQRNN,ETH-USD,2026-06-24 07:00:00,0.002789387,0.002801898
PSOQRNN,ETH-USD,2026-06-24 07:15:00,0.0028589251,0.0028073124
PSOQRNN,ETH-USD,2026-06-24 07:30:00,0.0028295687,0.002807177
PSOQRNN,ETH-USD,2026-06-24 07:45:00,0.0028197865,0.002805152
PSOQRNN,ETH-USD,2026-06-24 08:00:00,0.0028372828,0.0028045822
PSOQRNN,ETH-USD,2026-06-24 08:15:00,0.0028247533,0.0028019047
PSOQRNN,ETH-USD,2026-06-24 08:30:00,0.0027881826,0.0028057853
PSOQRNN,ETH-USD,2026-06-24 08:45:00,0.0028295973,0.0028058866
PSOQRNN,ETH-USD,2026-06-24 09:00:00,0.0028437425,0.0028042393
PSOQRNN,ETH-USD,2026-06-24 09:15:00,0.0028448272,0.0028048225
PSOQRNN,ETH-USD,2026-06-24 09:30:00,0.0028295228,0.0027862946
PSOQRNN,ETH-USD,2026-06-24 09:45:00,0.0027994316,0.0027858987
PSOQRNN,ETH-USD,2026-06-24 10:00:00,0.0028076863,0.0027854587
PSOQRNN,ETH-USD,2026-06-24 10:15:00,0.002806409,0.0027844151
PSOQRNN,ETH-USD,2026-06-24 10:30:00,0.002788056,0.0027850375
PSOQRNN,ETH-USD,2026-06-24 10:45:00,0.002825566,0.002787013
PSOQRNN,ETH-USD,2026-06-24 11:00:00,0.0028463306,0.0027923323
PSOQRNN,ETH-USD,2026-06-24 11:15:00,0.0028147227,0.0027922778
PSOQRNN,ETH-USD,2026-06-24 11:30:00,0.00271807,0.002829462
PSOQRNN,ETH-USD,2026-06-24 11:45:00,0.0027753653,0.0028429318
PSOQRNN,ETH-USD,2026-06-24 12:00:00,0.00286632,0.0028141413
PSOQRNN,ETH-USD,2026-06-24 12:15:00,0.0028441937,0.0028104598
PSOQRNN,ETH-USD,2026-06-24 12:30:00,0.002828793,0.002800701
PSOQRNN,ETH-USD,2026-06-24 12:45:00,0.0028580432,0.0028056207
PSOQRNN,ETH-USD,2026-06-24 13:00:00,0.0029676484,0.0028674505
PSOQRNN,ETH-USD,2026-06-24 13:15:00,0.0029193135,0.0028702978
PSOQRNN,ETH-USD,2026-06-24 13:30:00,0.0029219494,0.0028734135
PSOQRNN,ETH-USD,2026-06-24 13:45:00,0.0029204565,0.002873504
PSOQRNN,ETH-USD,2026-06-24 14:00:00,0.0028970933,0.002866495
PSOQRNN,ETH-USD,2026-06-24 14:15:00,0.002850364,0.0028712996
PSOQRNN,ETH-USD,2026-06-24 14:30:00,0.0028708691,0.002861849
PSOQRNN,ETH-USD,2026-06-24 14:45:00,0.002915981,0.002865458
PSOQRNN,ETH-USD,2026-06-24 15:00:00,0.0029514579,0.0028705427
PSOQRNN,ETH-USD,2026-06-24 15:15:00,0.0028522657,0.0028625855
PSOQRNN,ETH-USD,2026-06-24 15:30:00,0.0030462574,0.002927861
PSOQRNN,ETH-USD,2026-06-24 15:45:00,0.0030258228,0.002943482
PSOQRNN,ETH-USD,2026-06-24 16:00:00,0.0028947906,0.0029648666
PSOQRNN,ETH-USD,2026-06-24 16:15:00,0.0029530884,0.002800591
PSOQRNN,ETH-USD,2026-06-24 16:30:00,0.0028918528,0.002804353
PSOQRNN,ETH-USD,2026-06-24 16:45:00,0.0031933808,0.003089902
PSOQRNN,ETH-USD,2026-06-24 17:00:00,0.003134401,0.003088999
PSOQRNN,ETH-USD,2026-06-24 17:15:00,0.0032346977,0.0031201094
PSOQRNN,ETH-USD,2026-06-24 17:30:00,0.0032376603,0.0031370216
PSOQRNN,ETH-USD,2026-06-24 17:45:00,0.003235835,0.0031431834
PSOQRNN,ETH-USD,2026-06-24 18:00:00,0.003105734,0.003155155
PSOQRNN,ETH-USD,2026-06-24 18:15:00,0.0030977097,0.0031778128
PSOQRNN,ETH-USD,2026-06-24 18:30:00,0.0032344298,0.0031787944
PSOQRNN,ETH-USD,2026-06-24 18:45:00,0.0032451549,0.0031776433
PSOQRNN,ETH-USD,2026-06-24 19:00:00,0.003211377,0.0031758917
PSOQRNN,ETH-USD,2026-06-24 19:15:00,0.0031700137,0.003179833
PSOQRNN,ETH-USD,2026-06-24 19:30:00,0.0031739299,0.0031846494
PSOQRNN,ETH-USD,2026-06-24 19:45:00,0.0031740044,0.0031879884
PSOQRNN,ETH-USD,2026-06-24 20:00:00,0.0030143682,0.0033601532
PSOQRNN,ETH-USD,2026-06-24 20:15:00,0.0033696657,0.0033620403
PSOQRNN,ETH-USD,2026-06-24 20:30:00,0.0034043614,0.003362051
PSOQRNN,ETH-USD,2026-06-24 20:45:00,0.0033833412,0.0033627516
PSOQRNN,ETH-USD,2026-06-24 21:00:00,0.0034359244,0.0033651283
PSOQRNN,ETH-USD,2026-06-24 21:15:00,0.0033779766,0.003366472
PSOQRNN,ETH-USD,2026-06-24 21:30:00,0.003340004,0.0033774825
PSOQRNN,ETH-USD,2026-06-24 21:45:00,0.0033831883,0.0033800076
PSOQRNN,ETH-USD,2026-06-24 22:00:00,0.003428951,0.0033615017
PSOQRNN,ETH-USD,2026-06-24 22:15:00,0.003436551,0.0033607136
PSOQRNN,ETH-USD,2026-06-24 22:30:00,0.0033768741,0.0033619462
PSOQRNN,ETH-USD,2026-06-24 22:45:00,0.0034159727,0.0033624175
PSOQRNN,ETH-USD,2026-06-24 23:00:00,0.003382416,0.003355548
PSOQRNN,ETH-USD,2026-06-24 23:15:00,0.003362749,0.0033524616
PSOQRNN,ETH-USD,2026-06-24 23:30:00,0.0033840493,0.003349466
PSOQRNN,ETH-USD,2026-06-24 23:45:00,0.0033585213,0.0033513713
PSOQRNN,ETH-USD,2026-06-25 00:00:00,0.0033578265,0.0033534612
PSOQRNN,ETH-USD,2026-06-25 00:15:00,0.0034321235,0.0033565026
PSOQRNN,ETH-USD,2026-06-25 00:30:00,0.0034063582,0.0033565713
PSOQRNN,ETH-USD,2026-06-25 00:45:00,0.0033892465,0.0033566284
PSOQRNN,ETH-USD,2026-06-25 01:00:00,0.0034102646,0.0033540046
PSOQRNN,ETH-USD,2026-06-25 01:15:00,0.0033680093,0.00335501
PSOQRNN,ETH-USD,2026-06-25 01:30:00,0.0033853792,0.0033551534
PSOQRNN,ETH-USD,2026-06-25 01:45:00,0.0033702122,0.0033555867
PSOQRNN,ETH-USD,2026-06-25 02:00:00,0.0034374192,0.0033572013
PSOQRNN,ETH-USD,2026-06-25 02:15:00,0.003353613,0.0033615194
PSOQRNN,ETH-USD,2026-06-25 02:30:00,0.0034361475,0.00333852
PSOQRNN,ETH-USD,2026-06-25 02:45:00,0.0033271878,0.0033412112
PSOQRNN,ETH-USD,2026-06-25 03:00:00,0.0033949865,0.0033412639
PSOQRNN,ETH-USD,2026-06-25 03:15:00,0.0033721705,0.0033406839
PSOQRNN,ETH-USD,2026-06-25 03:30:00,0.0033979514,0.0033405311
PSOQRNN,ETH-USD,2026-06-25 03:45:00,0.0033475822,0.0033430464
PSOQRNN,ETH-USD,2026-06-25 04:00:00,0.003390568,0.003343052
PSOQRNN,ETH-USD,2026-06-25 04:15:00,0.003363327,0.003343848
PSOQRNN,ETH-USD,2026-06-25 04:30:00,0.0033471456,0.0033267562
PSOQRNN,ETH-USD,2026-06-25 04:45:00,0.0032551235,0.0033600111
PSOQRNN,ETH-USD,2026-06-25 05:00:00,0.0033018317,0.0033714012
PSOQRNN,ETH-USD,2026-06-25 05:15:00,0.0033829773,0.003344758
PSOQRNN,ETH-USD,2026-06-25 05:30:00,0.0034020573,0.0033452646
PSOQRNN,ETH-USD,2026-06-25 05:45:00,0.0033720513,0.0033450336
PSOQRNN,ETH-USD,2026-06-25 06:00:00,0.0033667337,0.003345355
PSOQRNN,ETH-USD,2026-06-25 06:15:00,0.003367068,0.003345802
PSOQRNN,ETH-USD,2026-06-25 06:30:00,0.003324409,0.0033549338
PSOQRNN,ETH-USD,2026-06-25 06:45:00,0.0033926868,0.0033374254
PSOQRNN,ETH-USD,2026-06-25 07:00:00,0.0033768665,0.0033364722
PSOQRNN,ETH-USD,2026-06-25 07:15:00,0.003354966,0.0033372836
PSOQRNN,ETH-USD,2026-06-25 07:30:00,0.003339946,0.003337899
PSOQRNN,ETH-USD,2026-06-25 07:45:00,0.0033810143,0.0033369225
PSOQRNN,ETH-USD,2026-06-25 08:00:00,0.0033944366,0.0033373279
PSOQRNN,ETH-USD,2026-06-25 08:15:00,0.0033797945,0.0033278042
PSOQRNN,ETH-USD,2026-06-25 08:30:00,0.0033604736,0.0033276454
PSOQRNN,ETH-USD,2026-06-25 08:45:00,0.0033751205,0.003319432
PSOQRNN,ETH-USD,2026-06-25 09:00:00,0.0033377733,0.0033153305
PSOQRNN,ETH-USD,2026-06-25 09:15:00,0.0033993924,0.003318156
PSOQRNN,ETH-USD,2026-06-25 09:30:00,0.003350521,0.0033177948
PSOQRNN,ETH-USD,2026-06-25 09:45:00,0.0033481095,0.003309767
PSOQRNN,ETH-USD,2026-06-25 10:00:00,0.0033453777,0.0033089172
PSOQRNN,ETH-USD,2026-06-25 10:15:00,0.0033897331,0.0033112366
PSOQRNN,ETH-USD,2026-06-25 10:30:00,0.0034056166,0.003317547
PSOQRNN,ETH-USD,2026-06-25 10:45:00,0.0033547964,0.0033168045
PSOQRNN,ETH-USD,2026-06-25 11:00:00,0.00334821,0.0033156688
PSOQRNN,ETH-USD,2026-06-25 11:15:00,0.0034078308,0.0033212705
PSOQRNN,ETH-USD,2026-06-25 11:30:00,0.003342757,0.0033202963
PSOQRNN,ETH-USD,2026-06-25 11:45:00,0.0033433514,0.003320566
PSOQRNN,ETH-USD,2026-06-25 12:00:00,0.0033680142,0.0033203403
PSOQRNN,ETH-USD,2026-06-25 12:15:00,0.0034035014,0.0033251017
PSOQRNN,ETH-USD,2026-06-25 12:30:00,0.003265607,0.0033484534
PSOQRNN,ETH-USD,2026-06-25 12:45:00,0.003399196,0.0033457407
PSOQRNN,ETH-USD,2026-06-25 13:00:00,0.0033515769,0.003348064
PSOQRNN,ETH-USD,2026-06-25 13:15:00,0.0034220563,0.0033260912
PSOQRNN,ETH-USD,2026-06-25 13:30:00,0.0039517386,0.0037095076
PSOQRNN,ETH-USD,2026-06-25 13:45:00,0.0048579,0.0043910723
PSOQRNN,ETH-USD,2026-06-25 14:00:00,0.0040685083,0.004568031
PSOQRNN,ETH-USD,2026-06-25 14:15:00,0.004536895,0.0045659845
PSOQRNN,ETH-USD,2026-06-25 14:30:00,0.004479032,0.0045684446
PSOQRNN,ETH-USD,2026-06-25 14:45:00,0.0045072655,0.0045685503
PSOQRNN,ETH-USD,2026-06-25 15:00:00,0.0047350023,0.0045999447
PSOQRNN,ETH-USD,2026-06-25 15:15:00,0.004465635,0.0046080314
PSOQRNN,ETH-USD,2026-06-25 15:30:00,0.004569262,0.004597984
PSOQRNN,ETH-USD,2026-06-25 15:45:00,0.00443186,0.0046148975
PSOQRNN,ETH-USD,2026-06-25 16:00:00,0.0044617658,0.0046275933
PSOQRNN,ETH-USD,2026-06-25 16:15:00,0.00458817,0.004626989
PSOQRNN,ETH-USD,2026-06-25 16:30:00,0.004776125,0.004651895
PSOQRNN,ETH-USD,2026-06-25 16:45:00,0.0046092817,0.00465053
PSOQRNN,ETH-USD,2026-06-25 17:00:00,0.0045180707,0.0046576723
PSOQRNN,ETH-USD,2026-06-25 17:15:00,0.0045664296,0.004658548
PSOQRNN,ETH-USD,2026-06-25 17:30:00,0.0046023414,0.004658124
PSOQRNN,ETH-USD,2026-06-25 17:45:00,0.0045392523,0.004662591
PSOQRNN,ETH-USD,2026-06-25 18:00:00,0.0047404733,0.0046743075
PSOQRNN,ETH-USD,2026-06-25 18:15:00,0.0045100576,0.0046869884
PSOQRNN,ETH-USD,2026-06-25 18:30:00,0.004768167,0.004701233
PSOQRNN,ETH-USD,2026-06-25 18:45:00,0.0045880573,0.004703062
PSOQRNN,ETH-USD,2026-06-25 19:00:00,0.0047465595,0.0047109765
PSOQRNN,ETH-USD,2026-06-25 19:15:00,0.0046383683,0.0047107083
PSOQRNN,ETH-USD,2026-06-25 19:30:00,0.004660277,0.004708463
PSOQRNN,ETH-USD,2026-06-25 19:45:00,0.004639849,0.004706925
PSOQRNN,ETH-USD,2026-06-25 20:00:00,0.0045349216,0.0047202106
PSOQRNN,ETH-USD,2026-06-25 20:15:00,0.004643737,0.0047165276
PSOQRNN,ETH-USD,2026-06-25 20:30:00,0.004704086,0.0047182604
PSOQRNN,ETH-USD,2026-06-25 20:45:00,0.0046922774,0.004719318
PSOQRNN,ETH-USD,2026-06-25 21:00:00,0.0045937104,0.0047182557
PSOQRNN,ETH-USD,2026-06-25 21:15:00,0.0046009067,0.004666825
PSOQRNN,ETH-USD,2026-06-25 21:30:00,0.0045175506,0.0046744496
PSOQRNN,ETH-USD,2026-06-25 21:45:00,0.0045381747,0.0046803285
PSOQRNN,ETH-USD,2026-06-25 22:00:00,0.0047796695,0.004697871
PSOQRNN,ETH-USD,2026-06-25 22:15:00,0.0046474575,0.004697922
PSOQRNN,ETH-USD,2026-06-25 22:30:00,0.004603098,0.004695041
PSOQRNN,ETH-USD,2026-06-25 22:45:00,0.0046402123,0.004692111
PSOQRNN,ETH-USD,2026-06-25 23:00:00,0.004595049,0.004684078
PSOQRNN,ETH-USD,2026-06-25 23:15:00,0.004556505,0.004531517
PSOQRNN,ETH-USD,2026-06-25 23:30:00,0.004565677,0.004524764
PSOQRNN,ETH-USD,2026-06-25 23:45:00,0.0045503634,0.004527644
PSOQRNN,ETH-USD,2026-06-26 00:00:00,0.0044393474,0.0045296536
PSOQRNN,ETH-USD,2026-06-26 00:15:00,0.0045196093,0.004528336
PSOQRNN,ETH-USD,2026-06-26 00:30:00,0.004485317,0.0045259995
PSOQRNN,ETH-USD,2026-06-26 00:45:00,0.00454827,0.0045286957
PSOQRNN,ETH-USD,2026-06-26 01:00:00,0.0044853576,0.0045235734
PSOQRNN,ETH-USD,2026-06-26 01:15:00,0.0045853294,0.0045314003
PSOQRNN,ETH-USD,2026-06-26 01:30:00,0.0044790227,0.004530175
PSOQRNN,ETH-USD,2026-06-26 01:45:00,0.0044701044,0.0045298897
PSOQRNN,ETH-USD,2026-06-26 02:00:00,0.005208923,0.0047816546
PSOQRNN,ETH-USD,2026-06-26 02:15:00,0.004513998,0.0048204125
PSOQRNN,ETH-USD,2026-06-26 02:30:00,0.0047559044,0.0048203263
PSOQRNN,ETH-USD,2026-06-26 02:45:00,0.0049212845,0.004842499
PSOQRNN,ETH-USD,2026-06-26 03:00:00,0.0046396866,0.0048555904
PSOQRNN,ETH-USD,2026-06-26 03:15:00,0.004764297,0.0048555755
PSOQRNN,ETH-USD,2026-06-26 03:30:00,0.004659728,0.004866755
PSOQRNN,ETH-USD,2026-06-26 03:45:00,0.0045534056,0.004920955
PSOQRNN,ETH-USD,2026-06-26 04:00:00,0.004852255,0.004921347
PSOQRNN,ETH-USD,2026-06-26 04:15:00,0.0048506577,0.004920596
PSOQRNN,ETH-USD,2026-06-26 04:30:00,0.004819173,0.004903825
PSOQRNN,ETH-USD,2026-06-26 04:45:00,0.004841959,0.0049026147
PSOQRNN,ETH-USD,2026-06-26 05:00:00,0.004755629,0.004901037
PSOQRNN,ETH-USD,2026-06-26 05:15:00,0.0047402848,0.0049009696
PSOQRNN,ETH-USD,2026-06-26 05:30:00,0.0048253145,0.004901014
PSOQRNN,ETH-USD,2026-06-26 05:45:00,0.0047926814,0.0049011214
PSOQRNN,ETH-USD,2026-06-26 06:00:00,0.0049454854,0.004910868
PSOQRNN,ETH-USD,2026-06-26 06:15:00,0.0046284553,0.0049441634
PSOQRNN,ETH-USD,2026-06-26 06:30:00,0.0046733017,0.0049696923
PSOQRNN,ETH-USD,2026-06-26 06:45:00,0.004876521,0.004967192
PSOQRNN,ETH-USD,2026-06-26 07:00:00,0.0047656936,0.0049634078
PSOQRNN,ETH-USD,2026-06-26 07:15:00,0.0048317546,0.0049594175
PSOQRNN,ETH-USD,2026-06-26 07:30:00,0.0048079723,0.0049607717
PSOQRNN,ETH-USD,2026-06-26 07:45:00,0.0048458152,0.004959825
PSOQRNN,ETH-USD,2026-06-26 08:00:00,0.004968738,0.004968871
PSOQRNN,ETH-USD,2026-06-26 08:15:00,0.0048566423,0.0049650045
PSOQRNN,ETH-USD,2026-06-26 08:30:00,0.004945053,0.0049693943
PSOQRNN,ETH-USD,2026-06-26 08:45:00,0.0048578093,0.0049686297
PSOQRNN,ETH-USD,2026-06-26 09:00:00,0.004898772,0.0049693557
PSOQRNN,ETH-USD,2026-06-26 09:15:00,0.0048635434,0.0049693487
PSOQRNN,ETH-USD,2026-06-26 09:30:00,0.0048403298,0.0049641575
PSOQRNN,ETH-USD,2026-06-26 09:45:00,0.005017679,0.0049773506
PSOQRNN,ETH-USD,2026-06-26 10:00:00,0.0048637525,0.0049741752
PSOQRNN,ETH-USD,2026-06-26 10:15:00,0.0048517976,0.004973287
PSOQRNN,ETH-USD,2026-06-26 10:30:00,0.004905914,0.0049728164
PSOQRNN,ETH-USD,2026-06-26 10:45:00,0.004880739,0.004968208
PSOQRNN,ETH-USD,2026-06-26 11:00:00,0.0048083323,0.004969963
PSOQRNN,ETH-USD,2026-06-26 11:15:00,0.004931997,0.0049735005
PSOQRNN,ETH-USD,2026-06-26 11:30:00,0.0048418925,0.0049738265
PSOQRNN,ETH-USD,2026-06-26 11:45:00,0.004884956,0.0049737706
PSOQRNN,ETH-USD,2026-06-26 12:00:00,0.0048523312,0.004973566
PSOQRNN,ETH-USD,2026-06-26 12:15:00,0.004771028,0.0049799914
PSOQRNN,ETH-USD,2026-06-26 12:30:00,0.005244224,0.005052547
PSOQRNN,ETH-USD,2026-06-26 12:45:00,0.0048421784,0.0050582653
PSOQRNN,ETH-USD,2026-06-26 13:00:00,0.0049395687,0.005054523
PSOQRNN,ETH-USD,2026-06-26 13:15:00,0.004944721,0.0050507667
PSOQRNN,ETH-USD,2026-06-26 13:30:00,0.004735368,0.0050836243
PSOQRNN,ETH-USD,2026-06-26 13:45:00,0.0046779113,0.0051585874
PSOQRNN,ETH-USD,2026-06-26 14:00:00,0.005042492,0.005158324
PSOQRNN,ETH-USD,2026-06-26 14:15:00,0.0049438546,0.0051600114
PSOQRNN,ETH-USD,2026-06-26 14:30:00,0.005209151,0.005181741
PSOQRNN,ETH-USD,2026-06-26 14:45:00,0.0049830824,0.005179557
PSOQRNN,ETH-USD,2026-06-26 15:00:00,0.0049119503,0.0051864306
PSOQRNN,ETH-USD,2026-06-26 15:15:00,0.0048518805,0.005211736
PSOQRNN,ETH-USD,2026-06-26 15:30:00,0.0049685985,0.005215609
PSOQRNN,ETH-USD,2026-06-26 15:45:00,0.0051213303,0.0052184095
PSOQRNN,ETH-USD,2026-06-26 16:00:00,0.005063739,0.0052181673
PSOQRNN,ETH-USD,2026-06-26 16:15:00,0.005108884,0.0052199946
PSOQRNN,ETH-USD,2026-06-26 16:30:00,0.004990679,0.005221187
PSOQRNN,ETH-USD,2026-06-26 16:45:00,0.0050789444,0.005221218
PSOQRNN,ETH-USD,2026-06-26 17:00:00,0.0049311705,0.0052327854
PSOQRNN,ETH-USD,2026-06-26 17:15:00,0.005055612,0.005230813
PSOQRNN,ETH-USD,2026-06-26 17:30:00,0.005097384,0.00523153
PSOQRNN,ETH-USD,2026-06-26 17:45:00,0.005082255,0.005230052
PSOQRNN,ETH-USD,2026-06-26 18:00:00,0.005048643,0.005230159
PSOQRNN,ETH-USD,2026-06-26 18:15:00,0.005173599,0.00523721
PSOQRNN,ETH-USD,2026-06-26 18:30:00,0.0050389357,0.0052349255
PSOQRNN,ETH-USD,2026-06-26 18:45:00,0.0051269857,0.0052370024
PSOQRNN,ETH-USD,2026-06-26 19:00:00,0.004945776,0.005247611
PSOQRNN,ETH-USD,2026-06-26 19:15:00,0.0051095183,0.0052451105
PSOQRNN,ETH-USD,2026-06-26 19:30:00,0.0050679157,0.0052413493
PSOQRNN,ETH-USD,2026-06-26 19:45:00,0.0050906804,0.005238532
PSOQRNN,ETH-USD,2026-06-26 20:00:00,0.005083479,0.00523856
PSOQRNN,ETH-USD,2026-06-26 20:15:00,0.0050145793,0.0052381246
PSOQRNN,ETH-USD,2026-06-26 20:30:00,0.0052351616,0.005251776
PSOQRNN,ETH-USD,2026-06-26 20:45:00,0.005040554,0.0052526942
PSOQRNN,ETH-USD,2026-06-26 21:00:00,0.005029008,0.0052544493
PSOQRNN,ETH-USD,2026-06-26 21:15:00,0.005058922,0.005254334
PSOQRNN,ETH-USD,2026-06-26 21:30:00,0.005031231,0.0052560116
PSOQRNN,ETH-USD,2026-06-26 21:45:00,0.0051105875,0.0052564177
PSOQRNN,ETH-USD,2026-06-26 22:00:00,0.0050807158,0.0052543925
PSOQRNN,ETH-USD,2026-06-26 22:15:00,0.0051052202,0.0052520162
PSOQRNN,ETH-USD,2026-06-26 22:30:00,0.005028717,0.005253741
PSOQRNN,ETH-USD,2026-06-26 22:45:00,0.005051617,0.0052541974
PSOQRNN,ETH-USD,2026-06-26 23:00:00,0.0050616576,0.005254116
PSOQRNN,ETH-USD,2026-06-26 23:15:00,0.0051230267,0.0052551804
PSOQRNN,ETH-USD,2026-06-26 23:30:00,0.005014062,0.005255935
PSOQRNN,ETH-USD,2026-06-26 23:45:00,0.0050950404,0.0052559953
PSOQRNN,ETH-USD,2026-06-27 00:00:00,0.0050547086,0.0052558174
PSOQRNN,ETH-USD,2026-06-27 00:15:00,0.005112633,0.0052554845
PSOQRNN,ETH-USD,2026-06-27 00:30:00,0.005140922,0.0052574887
PSOQRNN,ETH-USD,2026-06-27 00:45:00,0.005030788,0.0052592857
PSOQRNN,ETH-USD,2026-06-27 01:00:00,0.0051073423,0.0052595744
PSOQRNN,ETH-USD,2026-06-27 01:15:00,0.005049253,0.005260396
PSOQRNN,ETH-USD,2026-06-27 01:30:00,0.0050921817,0.005259966
PSOQRNN,ETH-USD,2026-06-27 01:45:00,0.0050826366,0.0052589825
PSOQRNN,ETH-USD,2026-06-27 02:00:00,0.0050014355,0.0052604396
PSOQRNN,ETH-USD,2026-06-27 02:15:00,0.005025817,0.0052627423
PSOQRNN,ETH-USD,2026-06-27 02:30:00,0.0050981427,0.0052418597
PSOQRNN,ETH-USD,2026-06-27 02:45:00,0.00507361,0.0052289064
PSOQRNN,ETH-USD,2026-06-27 03:00:00,0.0051264884,0.0052313902
PSOQRNN,ETH-USD,2026-06-27 03:15:00,0.0050089946,0.005233235
PSOQRNN,ETH-USD,2026-06-27 03:30:00,0.005081384,0.005233397
PSOQRNN,ETH-USD,2026-06-27 03:45:00,0.0050608213,0.0052305856
PSOQRNN,ETH-USD,2026-06-27 04:00:00,0.005008875,0.005198985
PSOQRNN,ETH-USD,2026-06-27 04:15:00,0.005053243,0.00519739
PSOQRNN,ETH-USD,2026-06-27 04:30:00,0.0050438102,0.005195703
PSOQRNN,ETH-USD,2026-06-27 04:45:00,0.005065672,0.0051950775
PSOQRNN,ETH-USD,2026-06-27 05:00:00,0.005006648,0.005195581
PSOQRNN,ETH-USD,2026-06-27 05:15:00,0.0050880914,0.0051943013
PSOQRNN,ETH-USD,2026-06-27 05:30:00,0.0050021815,0.005193949
PSOQRNN,ETH-USD,2026-06-27 05:45:00,0.0050365585,0.0051918933
PSOQRNN,ETH-USD,2026-06-27 06:00:00,0.005068999,0.005185179
PSOQRNN,ETH-USD,2026-06-27 06:15:00,0.004982053,0.005183113
PSOQRNN,ETH-USD,2026-06-27 06:30:00,0.0049604317,0.0051444587
PSOQRNN,ETH-USD,2026-06-27 06:45:00,0.004994935,0.0051346608
PSOQRNN,ETH-USD,2026-06-27 07:00:00,0.005004694,0.005123044
PSOQRNN,ETH-USD,2026-06-27 07:15:00,0.0049486114,0.0051208064
PSOQRNN,ETH-USD,2026-06-27 07:30:00,0.0049702683,0.0051106135
PSOQRNN,ETH-USD,2026-06-27 07:45:00,0.0049288543,0.0049398625
PSOQRNN,ETH-USD,2026-06-27 08:00:00,0.0048575094,0.0049399245
PSOQRNN,ETH-USD,2026-06-27 08:15:00,0.00482886,0.0049178456
PSOQRNN,ETH-USD,2026-06-27 08:30:00,0.004837368,0.0049052965
PSOQRNN,ETH-USD,2026-06-27 08:45:00,0.0047732764,0.0048976373
PSOQRNN,ETH-USD,2026-06-27 09:00:00,0.0048420723,0.0048900265
PSOQRNN,ETH-USD,2026-06-27 09:15:00,0.004790714,0.00487347
PSOQRNN,ETH-USD,2026-06-27 09:30:00,0.004760514,0.0048724376
PSOQRNN,ETH-USD,2026-06-27 09:45:00,0.0047628805,0.0048702597
PSOQRNN,ETH-USD,2026-06-27 10:00:00,0.004757255,0.004870447
PSOQRNN,ETH-USD,2026-06-27 10:15:00,0.0047871084,0.004868046
PSOQRNN,ETH-USD,2026-06-27 10:30:00,0.0047554704,0.0048656813
PSOQRNN,ETH-USD,2026-06-27 10:45:00,0.004769167,0.004862309
PSOQRNN,ETH-USD,2026-06-27 11:00:00,0.00477151,0.0047483006
PSOQRNN,ETH-USD,2026-06-27 11:15:00,0.004722294,0.00474898
PSOQRNN,ETH-USD,2026-06-27 11:30:00,0.0046647466,0.0047490024
PSOQRNN,ETH-USD,2026-06-27 11:45:00,0.004638704,0.0047499933
PSOQRNN,ETH-USD,2026-06-27 12:00:00,0.004694864,0.0047478555
PSOQRNN,ETH-USD,2026-06-27 12:15:00,0.0046540163,0.004747406
PSOQRNN,ETH-USD,2026-06-27 12:30:00,0.004688362,0.0047403327
PSOQRNN,ETH-USD,2026-06-27 12:45:00,0.004628003,0.0047403793
PSOQRNN,ETH-USD,2026-06-27 13:00:00,0.0046566003,0.004740199
PSOQRNN,ETH-USD,2026-06-27 13:15:00,0.004665119,0.004737565
PSOQRNN,ETH-USD,2026-06-27 13:30:00,0.004615074,0.0047394973
PSOQRNN,ETH-USD,2026-06-27 13:45:00,0.0046433993,0.0047394168
PSOQRNN,ETH-USD,2026-06-27 14:00:00,0.004612586,0.0047419835
PSOQRNN,ETH-USD,2026-06-27 14:15:00,0.004701127,0.004741466
PSOQRNN,ETH-USD,2026-06-27 14:30:00,0.0046547414,0.0047416547
PSOQRNN,ETH-USD,2026-06-27 14:45:00,0.0046756095,0.004740505
PSOQRNN,ETH-USD,2026-06-27 15:00:00,0.004513581,0.0047658696
PSOQRNN,ETH-USD,2026-06-27 15:15:00,0.004758567,0.004766525
PSOQRNN,ETH-USD,2026-06-27 15:30:00,0.004644608,0.0047680195
PSOQRNN,ETH-USD,2026-06-27 15:45:00,0.0046887933,0.0047680205
PSOQRNN,ETH-USD,2026-06-27 16:00:00,0.0047145956,0.0047678496
PSOQRNN,ETH-USD,2026-06-27 16:15:00,0.004701522,0.0047672247
PSOQRNN,ETH-USD,2026-06-27 16:30:00,0.0046606995,0.0047680074
PSOQRNN,ETH-USD,2026-06-27 16:45:00,0.004665958,0.00476793
PSOQRNN,ETH-USD,2026-06-27 17:00:00,0.0048568966,0.0047841393
PSOQRNN,ETH-USD,2026-06-27 17:15:00,0.00471769,0.0047816196
PSOQRNN,ETH-USD,2026-06-27 17:30:00,0.004713663,0.004779114
PSOQRNN,ETH-USD,2026-06-27 17:45:00,0.0047357,0.004776195
PSOQRNN,ETH-USD,2026-06-27 18:00:00,0.0046900525,0.004775627
PSOQRNN,ETH-USD,2026-06-27 18:15:00,0.0046887733,0.0047756806
PSOQRNN,ETH-USD,2026-06-27 18:30:00,0.0046761693,0.0047752187
PSOQRNN,ETH-USD,2026-06-27 18:45:00,0.004698416,0.004773863
PSOQRNN,ETH-USD,2026-06-27 19:00:00,0.0046882825,0.0047736242
PSOQRNN,ETH-USD,2026-06-27 19:15:00,0.0048868298,0.004798601
PSOQRNN,ETH-USD,2026-06-27 19:30:00,0.004766448,0.004798692
PSOQRNN,ETH-USD,2026-06-27 19:45:00,0.004712732,0.004774728
PSOQRNN,ETH-USD,2026-06-27 20:00:00,0.004651022,0.00475893
PSOQRNN,ETH-USD,2026-06-27 20:15:00,0.0046869307,0.004757851
PSOQRNN,ETH-USD,2026-06-27 20:30:00,0.0046882597,0.0047570877
PSOQRNN,ETH-USD,2026-06-27 20:45:00,0.004674422,0.0047570365
PSOQRNN,ETH-USD,2026-06-27 21:00:00,0.0046405843,0.0047584865
PSOQRNN,ETH-USD,2026-06-27 21:15:00,0.0046809153,0.004758153
PSOQRNN,ETH-USD,2026-06-27 21:30:00,0.004766357,0.0047569824
PSOQRNN,ETH-USD,2026-06-27 21:45:00,0.004728859,0.0047585582
PSOQRNN,ETH-USD,2026-06-27 22:00:00,0.0046940455,0.0047585885
PSOQRNN,ETH-USD,2026-06-27 22:15:00,0.004664488,0.0047584632
PSOQRNN,ETH-USD,2026-06-27 22:30:00,0.0046728025,0.0047565373
PSOQRNN,ETH-USD,2026-06-27 22:45:00,0.004642924,0.004758106
PSOQRNN,ETH-USD,2026-06-27 23:00:00,0.0047656917,0.004762361
PSOQRNN,ETH-USD,2026-06-27 23:15:00,0.0046944013,0.0047623147
PSOQRNN,ETH-USD,2026-06-27 23:30:00,0.004649004,0.00476383
PSOQRNN,ETH-USD,2026-06-27 23:45:00,0.004704902,0.0047637764
PSOQRNN,ETH-USD,2026-06-28 00:00:00,0.0046580294,0.0047641965
PSOQRNN,ETH-USD,2026-06-28 00:15:00,0.004664142,0.004761067
PSOQRNN,ETH-USD,2026-06-28 00:30:00,0.0047037154,0.0047612493
PSOQRNN,ETH-USD,2026-06-28 00:45:00,0.0047080056,0.004761517
PSOQRNN,ETH-USD,2026-06-28 01:00:00,0.0047170143,0.004762184
PSOQRNN,ETH-USD,2026-06-28 01:15:00,0.004642347,0.0047608926
PSOQRNN,ETH-USD,2026-06-28 01:30:00,0.0046722153,0.0047555226
PSOQRNN,ETH-USD,2026-06-28 01:45:00,0.0046948893,0.0047556343
PSOQRNN,ETH-USD,2026-06-28 02:00:00,0.0046335873,0.0047579263
PSOQRNN,ETH-USD,2026-06-28 02:15:00,0.0047842027,0.004760377
PSOQRNN,ETH-USD,2026-06-28 02:30:00,0.004679568,0.004760079
PSOQRNN,ETH-USD,2026-06-28 02:45:00,0.004684436,0.0047598095
PSOQRNN,ETH-USD,2026-06-28 03:00:00,0.004632505,0.0047623217
PSOQRNN,ETH-USD,2026-06-28 03:15:00,0.004698702,0.0047586565
PSOQRNN,ETH-USD,2026-06-28 03:30:00,0.0046992004,0.0047401306
PSOQRNN,ETH-USD,2026-06-28 03:45:00,0.004647286,0.0047402466
PSOQRNN,ETH-USD,2026-06-28 04:00:00,0.004682216,0.0047387155
PSOQRNN,ETH-USD,2026-06-28 04:15:00,0.004658,0.0047364393
PSOQRNN,ETH-USD,2026-06-28 04:30:00,0.0046512457,0.0044382988
PSOQRNN,ETH-USD,2026-06-28 04:45:00,0.004428295,0.003743296
PSOQRNN,ETH-USD,2026-06-28 05:00:00,0.003794687,0.0035370719
PSOQRNN,ETH-USD,2026-06-28 05:15:00,0.0036402703,0.00354622
PSOQRNN,ETH-USD,2026-06-28 05:30:00,0.0035478552,0.0035460687
PSOQRNN,ETH-USD,2026-06-28 05:45:00,0.003575778,0.0035457746
PSOQRNN,ETH-USD,2026-06-28 06:00:00,0.0036369478,0.0035066612
PSOQRNN,ETH-USD,2026-06-28 06:15:00,0.003522898,0.0034970911
PSOQRNN,ETH-USD,2026-06-28 06:30:00,0.0035110628,0.0034977428
PSOQRNN,ETH-USD,2026-06-28 06:45:00,0.0035276816,0.0034770116
PSOQRNN,ETH-USD,2026-06-28 07:00:00,0.0034638394,0.0034672036
PSOQRNN,ETH-USD,2026-06-28 07:15:00,0.003515513,0.0034673742
PSOQRNN,ETH-USD,2026-06-28 07:30:00,0.0034628871,0.0034284792
PSOQRNN,ETH-USD,2026-06-28 07:45:00,0.0034532726,0.0034283053
PSOQRNN,ETH-USD,2026-06-28 08:00:00,0.0034757308,0.0034209425
PSOQRNN,ETH-USD,2026-06-28 08:15:00,0.0034513753,0.003419618
PSOQRNN,ETH-USD,2026-06-28 08:30:00,0.003386991,0.0034310976
PSOQRNN,ETH-USD,2026-06-28 08:45:00,0.0034711694,0.0034263306
PSOQRNN,ETH-USD,2026-06-28 09:00:00,0.003445883,0.0034057712
PSOQRNN,ETH-USD,2026-06-28 09:15:00,0.0034472316,0.0033905504
PSOQRNN,ETH-USD,2026-06-28 09:30:00,0.0034083594,0.003367993
PSOQRNN,ETH-USD,2026-06-28 09:45:00,0.0034486088,0.0033702895
PSOQRNN,ETH-USD,2026-06-28 10:00:00,0.0033889683,0.00335688
PSOQRNN,ETH-USD,2026-06-28 10:15:00,0.003461277,0.0033681917
PSOQRNN,ETH-USD,2026-06-28 10:30:00,0.0033847967,0.0033684352
PSOQRNN,ETH-USD,2026-06-28 10:45:00,0.0033853462,0.0033690738
PSOQRNN,ETH-USD,2026-06-28 11:00:00,0.003410974,0.0033532104
PSOQRNN,ETH-USD,2026-06-28 11:15:00,0.0033328081,0.0033608836
PSOQRNN,ETH-USD,2026-06-28 11:30:00,0.0034029698,0.0033571452
PSOQRNN,ETH-USD,2026-06-28 11:45:00,0.0033751118,0.0033552924
PSOQRNN,ETH-USD,2026-06-28 12:00:00,0.0033993057,0.0033514167
PSOQRNN,ETH-USD,2026-06-28 12:15:00,0.0033586046,0.0033500686
PSOQRNN,ETH-USD,2026-06-28 12:30:00,0.0034231194,0.0033423177
PSOQRNN,ETH-USD,2026-06-28 12:45:00,0.0033470313,0.0033364615
PSOQRNN,ETH-USD,2026-06-28 13:00:00,0.0034033367,0.0033104997
PSOQRNN,ETH-USD,2026-06-28 13:15:00,0.0033425475,0.0033101672
PSOQRNN,ETH-USD,2026-06-28 13:30:00,0.0033200798,0.0033104315
PSOQRNN,ETH-USD,2026-06-28 13:45:00,0.0033740166,0.0033126292
PSOQRNN,ETH-USD,2026-06-28 14:00:00,0.0033240472,0.0033124466
PSOQRNN,ETH-USD,2026-06-28 14:15:00,0.0033431666,0.0033066296
PSOQRNN,ETH-USD,2026-06-28 14:30:00,0.0033299888,0.003299625
PSOQRNN,ETH-USD,2026-06-28 14:45:00,0.0033491633,0.0032947364
PSOQRNN,ETH-USD,2026-06-28 15:00:00,0.0033058287,0.003292412
PSOQRNN,ETH-USD,2026-06-28 15:15:00,0.003336272,0.0032914774
PSOQRNN,ETH-USD,2026-06-28 15:30:00,0.0033301355,0.0032915783
PSOQRNN,ETH-USD,2026-06-28 15:45:00,0.003333468,0.0032866679
PSOQRNN,ETH-USD,2026-06-28 16:00:00,0.003339968,0.0032878073
PSOQRNN,ETH-USD,2026-06-28 16:15:00,0.0033445791,0.0032762939
PSOQRNN,ETH-USD,2026-06-28 16:30:00,0.0033945348,0.0032932183
PSOQRNN,ETH-USD,2026-06-28 16:45:00,0.003280933,0.003298224
PSOQRNN,ETH-USD,2026-06-28 17:00:00,0.003351667,0.0029069325
PSOQRNN,ETH-USD,2026-06-28 17:15:00,0.0029542295,0.0028442638
PSOQRNN,ETH-USD,2026-06-28 17:30:00,0.0028501025,0.0028438896
PSOQRNN,ETH-USD,2026-06-28 17:45:00,0.0028362907,0.0028035901
PSOQRNN,ETH-USD,2026-06-28 18:00:00,0.002811383,0.0027836864
PSOQRNN,ETH-USD,2026-06-28 18:15:00,0.0028313806,0.0027879681
PSOQRNN,ETH-USD,2026-06-28 18:30:00,0.002789651,0.002771912
PSOQRNN,ETH-USD,2026-06-28 18:45:00,0.0027814312,0.0026778956
PSOQRNN,ETH-USD,2026-06-28 19:00:00,0.0027064073,0.002677374
PSOQRNN,ETH-USD,2026-06-28 19:15:00,0.002680096,0.0026756797
PSOQRNN,ETH-USD,2026-06-28 19:30:00,0.0027040818,0.0026771952
PSOQRNN,ETH-USD,2026-06-28 19:45:00,0.0027158316,0.0026782916
PSOQRNN,ETH-USD,2026-06-28 20:00:00,0.0026253962,0.0026941851
PSOQRNN,ETH-USD,2026-06-28 20:15:00,0.002694225,0.0026894466
PSOQRNN,ETH-USD,2026-06-28 20:30:00,0.0027104395,0.0026888724
PSOQRNN,ETH-USD,2026-06-28 20:45:00,0.0026965635,0.0026888573
PSOQRNN,ETH-USD,2026-06-28 21:00:00,0.0027194433,0.0026632892
PSOQRNN,ETH-USD,2026-06-28 21:15:00,0.0026735635,0.0026034592
PSOQRNN,ETH-USD,2026-06-28 21:30:00,0.0026124595,0.0025560535
PSOQRNN,ETH-USD,2026-06-28 21:45:00,0.0026134436,0.0025681097
PSOQRNN,ETH-USD,2026-06-28 22:00:00,0.002509919,0.002576687
PSOQRNN,ETH-USD,2026-06-28 22:15:00,0.00261627,0.0025816702
PSOQRNN,ETH-USD,2026-06-28 22:30:00,0.0026437857,0.0025932537
PSOQRNN,ETH-USD,2026-06-28 22:45:00,0.00263133,0.0025977802
PSOQRNN,ETH-USD,2026-06-28 23:00:00,0.0025678277,0.0025851435
PSOQRNN,ETH-USD,2026-06-28 23:15:00,0.002525275,0.0026075428
PSOQRNN,ETH-USD,2026-06-28 23:30:00,0.0025716214,0.0026043714
PSOQRNN,ETH-USD,2026-06-28 23:45:00,0.0026414378,0.0026086597
PSOQRNN,ETH-USD,2026-06-29 00:00:00,0.002632532,0.0026071058
PSOQRNN,ETH-USD,2026-06-29 00:15:00,0.0026971449,0.0026351684
PSOQRNN,ETH-USD,2026-06-29 00:30:00,0.0026143228,0.0026387796
PSOQRNN,ETH-USD,2026-06-29 00:45:00,0.0025708475,0.0026336643
PSOQRNN,ETH-USD,2026-06-29 01:00:00,0.0026990247,0.0026475997
PSOQRNN,ETH-USD,2026-06-29 01:15:00,0.002691986,0.0026531734
PSOQRNN,ETH-USD,2026-06-29 01:30:00,0.0025884875,0.0026765044
PSOQRNN,ETH-USD,2026-06-29 01:45:00,0.0027172281,0.0026797242
PSOQRNN,ETH-USD,2026-06-29 02:00:00,0.002816879,0.0027336464
PSOQRNN,ETH-USD,2026-06-29 02:15:00,0.0026139047,0.0028162412
PSOQRNN,ETH-USD,2026-06-29 02:30:00,0.00280267,0.0028195109
PSOQRNN,ETH-USD,2026-06-29 02:45:00,0.0028365036,0.0028183514
PSOQRNN,ETH-USD,2026-06-29 03:00:00,0.0027739443,0.0028338141
PSOQRNN,ETH-USD,2026-06-29 03:15:00,0.0028248944,0.002825824
PSOQRNN,ETH-USD,2026-06-29 03:30:00,0.0029207054,0.0027073156
PSOQRNN,ETH-USD,2026-06-29 03:45:00,0.0026704567,0.0027091256
PSOQRNN,ETH-USD,2026-06-29 04:00:00,0.0027566827,0.0027143294
PSOQRNN,ETH-USD,2026-06-29 04:15:00,0.0027113943,0.002714125
PSOQRNN,ETH-USD,2026-06-29 04:30:00,0.0027686926,0.0026651244
PSOQRNN,ETH-USD,2026-06-29 04:45:00,0.0026888375,0.0025243645
PSOQRNN,ETH-USD,2026-06-29 05:00:00,0.002599843,0.0025461286
PSOQRNN,ETH-USD,2026-06-29 05:15:00,0.0025212327,0.0025451751
PSOQRNN,ETH-USD,2026-06-29 05:30:00,0.0024881402,0.0025165952
PSOQRNN,ETH-USD,2026-06-29 05:45:00,0.0024811095,0.0025218143
PSOQRNN,ETH-USD,2026-06-29 06:00:00,0.0025057138,0.0025060135
PSOQRNN,ETH-USD,2026-06-29 06:15:00,0.0025240318,0.0024569763
PSOQRNN,ETH-USD,2026-06-29 06:30:00,0.0024699967,0.0024497441
PSOQRNN,ETH-USD,2026-06-29 06:45:00,0.00243388,0.0024434098
PSOQRNN,ETH-USD,2026-06-29 07:00:00,0.0024532594,0.00244389
PSOQRNN,ETH-USD,2026-06-29 07:15:00,0.0024415667,0.002438952
PSOQRNN,ETH-USD,2026-06-29 07:30:00,0.0024425457,0.002434102
PSOQRNN,ETH-USD,2026-06-29 07:45:00,0.0024321123,0.002432965
PSOQRNN,ETH-USD,2026-06-29 08:00:00,0.002434664,0.0024100977
PSOQRNN,ETH-USD,2026-06-29 08:15:00,0.0024530976,0.002421422
PSOQRNN,ETH-USD,2026-06-29 08:30:00,0.0024164284,0.0024193586
PSOQRNN,ETH-USD,2026-06-29 08:45:00,0.0024226173,0.0024188457
PSOQRNN,ETH-USD,2026-06-29 09:00:00,0.0024012278,0.0024198398
PSOQRNN,ETH-USD,2026-06-29 09:15:00,0.0024021363,0.0024040095
PSOQRNN,ETH-USD,2026-06-29 09:30:00,0.0024148617,0.0024045382
PSOQRNN,ETH-USD,2026-06-29 09:45:00,0.0023866056,0.0023997296
PSOQRNN,ETH-USD,2026-06-29 10:00:00,0.0023400763,0.0023963908
PSOQRNN,ETH-USD,2026-06-29 10:15:00,0.002406896,0.0023956427
PSOQRNN,ETH-USD,2026-06-29 10:30:00,0.0024112193,0.0023979968
PSOQRNN,ETH-USD,2026-06-29 10:45:00,0.0023967926,0.0023972003
PSOQRNN,ETH-USD,2026-06-29 11:00:00,0.0024348483,0.002406168
PSOQRNN,ETH-USD,2026-06-29 11:15:00,0.0023972127,0.0024027182
PSOQRNN,ETH-USD,2026-06-29 11:30:00,0.0024116952,0.0023683896
PSOQRNN,ETH-USD,2026-06-29 11:45:00,0.0023391093,0.0023699033
PSOQRNN,ETH-USD,2026-06-29 12:00:00,0.002232743,0.0024888352
PSOQRNN,ETH-USD,2026-06-29 12:15:00,0.002524989,0.0024951247
PSOQRNN,ETH-USD,2026-06-29 12:30:00,0.002620271,0.0025568802
PSOQRNN,ETH-USD,2026-06-29 12:45:00,0.0025585215,0.0025554376
PSOQRNN,ETH-USD,2026-06-29 13:00:00,0.002491195,0.0025803044
PSOQRNN,ETH-USD,2026-06-29 13:15:00,0.0026636897,0.002604907
PSOQRNN,ETH-USD,2026-06-29 13:30:00,0.0026838565,0.0026238596
PSOQRNN,ETH-USD,2026-06-29 13:45:00,0.0025984396,0.0026282861
PSOQRNN,ETH-USD,2026-06-29 14:00:00,0.002738282,0.0026677828
PSOQRNN,ETH-USD,2026-06-29 14:15:00,0.0025947883,0.0026997575
PSOQRNN,ETH-USD,2026-06-29 14:30:00,0.0027389682,0.002697735
PSOQRNN,ETH-USD,2026-06-29 14:45:00,0.0026720164,0.002703549
PSOQRNN,ETH-USD,2026-06-29 15:00:00,0.002773399,0.002715981
PSOQRNN,ETH-USD,2026-06-29 15:15:00,0.0026636373,0.0027340201
PSOQRNN,ETH-USD,2026-06-29 15:30:00,0.002705636,0.002736735
PSOQRNN,ETH-USD,2026-06-29 15:45:00,0.0027387755,0.0027343913
PSOQRNN,ETH-USD,2026-06-29 16:00:00,0.0027704197,0.0027356127
PSOQRNN,ETH-USD,2026-06-29 16:15:00,0.0027727203,0.0027368132
PSOQRNN,ETH-USD,2026-06-29 16:30:00,0.0026691002,0.002767384
PSOQRNN,ETH-USD,2026-06-29 16:45:00,0.0027788256,0.0027673966
PSOQRNN,ETH-USD,2026-06-29 17:00:00,0.0025714275,0.0030096958
PSOQRNN,ETH-USD,2026-06-29 17:15:00,0.0029458054,0.0030358254
PSOQRNN,ETH-USD,2026-06-29 17:30:00,0.0030260265,0.0030394222
PSOQRNN,ETH-USD,2026-06-29 17:45:00,0.0030927472,0.0030418502
PSOQRNN,ETH-USD,2026-06-29 18:00:00,0.003062775,0.0030362946
PSOQRNN,ETH-USD,2026-06-29 18:15:00,0.0031527672,0.0030571374
PSOQRNN,ETH-USD,2026-06-29 18:30:00,0.0030465669,0.0030608112
PSOQRNN,ETH-USD,2026-06-29 18:45:00,0.0031105117,0.00306259
PSOQRNN,ETH-USD,2026-06-29 19:00:00,0.0031145352,0.0030621868
PSOQRNN,ETH-USD,2026-06-29 19:15:00,0.0030260892,0.0030749117
PSOQRNN,ETH-USD,2026-06-29 19:30:00,0.003111294,0.0030750225
PSOQRNN,ETH-USD,2026-06-29 19:45:00,0.0030957938,0.0030735538
PSOQRNN,ETH-USD,2026-06-29 20:00:00,0.0031253065,0.0030750844
PSOQRNN,ETH-USD,2026-06-29 20:15:00,0.0031043743,0.0030712865
PSOQRNN,ETH-USD,2026-06-29 20:30:00,0.0031007177,0.0030706257
PSOQRNN,ETH-USD,2026-06-29 20:45:00,0.0031405892,0.0030762102
PSOQRNN,ETH-USD,2026-06-29 21:00:00,0.003087439,0.0030748253
PSOQRNN,ETH-USD,2026-06-29 21:15:00,0.003130564,0.0030757685
PSOQRNN,ETH-USD,2026-06-29 21:30:00,0.0030634247,0.0030765503
PSOQRNN,ETH-USD,2026-06-29 21:45:00,0.0031104828,0.0030766998
PSOQRNN,ETH-USD,2026-06-29 22:00:00,0.0031120884,0.0030763454
PSOQRNN,ETH-USD,2026-06-29 22:15:00,0.0031143636,0.0030761163
PSOQRNN,ETH-USD,2026-06-29 22:30:00,0.0031262154,0.0030778337
PSOQRNN,ETH-USD,2026-06-29 22:45:00,0.0031281277,0.0030781352
PSOQRNN,ETH-USD,2026-06-29 23:00:00,0.0031127005,0.003077291
PSOQRNN,ETH-USD,2026-06-29 23:15:00,0.0031368656,0.0030805212
PSOQRNN,ETH-USD,2026-06-29 23:30:00,0.0030843227,0.0030812956
PSOQRNN,ETH-USD,2026-06-29 23:45:00,0.0030928715,0.0030810244
PSOQRNN,ETH-USD,2026-06-30 00:00:00,0.0031195232,0.0030786737
PSOQRNN,ETH-USD,2026-06-30 00:15:00,0.003194101,0.003099828
PSOQRNN,ETH-USD,2026-06-30 00:30:00,0.0032072647,0.0031165855
PSOQRNN,ETH-USD,2026-06-30 00:45:00,0.0031476093,0.0031164254
PSOQRNN,ETH-USD,2026-06-30 01:00:00,0.0031630439,0.0031170782
PSOQRNN,ETH-USD,2026-06-30 01:15:00,0.0030876445,0.0031278264
PSOQRNN,ETH-USD,2026-06-30 01:30:00,0.003234146,0.0031433203
PSOQRNN,ETH-USD,2026-06-30 01:45:00,0.0031487553,0.0031450298
PSOQRNN,ETH-USD,2026-06-30 02:00:00,0.0032300043,0.0031533188
PSOQRNN,ETH-USD,2026-06-30 02:15:00,0.0031529143,0.0031530152
PSOQRNN,ETH-USD,2026-06-30 02:30:00,0.0031781688,0.0031529525
PSOQRNN,ETH-USD,2026-06-30 02:45:00,0.0031987082,0.0031519642
PSOQRNN,ETH-USD,2026-06-30 03:00:00,0.003167149,0.003152035
PSOQRNN,ETH-USD,2026-06-30 03:15:00,0.003179003,0.0031515535
PSOQRNN,ETH-USD,2026-06-30 03:30:00,0.0031994593,0.0031522047
PSOQRNN,ETH-USD,2026-06-30 03:45:00,0.0032145288,0.0031530163
PSOQRNN,ETH-USD,2026-06-30 04:00:00,0.003176313,0.0031529793
PSOQRNN,ETH-USD,2026-06-30 04:15:00,0.0031846086,0.0031529856
PSOQRNN,ETH-USD,2026-06-30 04:30:00,0.0031661799,0.0031501993
PSOQRNN,ETH-USD,2026-06-30 04:45:00,0.0031935154,0.0031499711
PSOQRNN,ETH-USD,2026-06-30 05:00:00,0.0031640907,0.0031464354
PSOQRNN,ETH-USD,2026-06-30 05:15:00,0.003207102,0.0031477532
PSOQRNN,ETH-USD,2026-06-30 05:30:00,0.0031472838,0.0031503018
PSOQRNN,ETH-USD,2026-06-30 05:45:00,0.0031586164,0.003151623
PSOQRNN,ETH-USD,2026-06-30 06:00:00,0.0031891004,0.0031115243
PSOQRNN,ETH-USD,2026-06-30 06:15:00,0.003110269,0.003108411
PSOQRNN,ETH-USD,2026-06-30 06:30:00,0.0031489222,0.0031059382
PSOQRNN,ETH-USD,2026-06-30 06:45:00,0.0031236412,0.0031063072
PSOQRNN,ETH-USD,2026-06-30 07:00:00,0.0031534303,0.0031065536
PSOQRNN,ETH-USD,2026-06-30 07:15:00,0.0031391152,0.003106439
PSOQRNN,ETH-USD,2026-06-30 07:30:00,0.0031328425,0.0031052388
PSOQRNN,ETH-USD,2026-06-30 07:45:00,0.003127967,0.0031044846
PSOQRNN,ETH-USD,2026-06-30 08:00:00,0.0031596755,0.0030756395
PSOQRNN,ETH-USD,2026-06-30 08:15:00,0.0031043517,0.0030753838
PSOQRNN,ETH-USD,2026-06-30 08:30:00,0.0031683843,0.0030870624
PSOQRNN,ETH-USD,2026-06-30 08:45:00,0.003104242,0.0030857634
PSOQRNN,ETH-USD,2026-06-30 09:00:00,0.0031033617,0.0030860258
PSOQRNN,ETH-USD,2026-06-30 09:15:00,0.0031230366,0.0030861858
PSOQRNN,ETH-USD,2026-06-30 09:30:00,0.0031030776,0.0030859723
PSOQRNN,ETH-USD,2026-06-30 09:45:00,0.0031077364,0.003086087
PSOQRNN,ETH-USD,2026-06-30 10:00:00,0.0031156985,0.0030860258
PSOQRNN,ETH-USD,2026-06-30 10:15:00,0.0031283663,0.0030463566
PSOQRNN,ETH-USD,2026-06-30 10:30:00,0.003065586,0.0030431356
PSOQRNN,ETH-USD,2026-06-30 10:45:00,0.003069191,0.0030431286
PSOQRNN,ETH-USD,2026-06-30 11:00:00,0.0030669249,0.0030402693
PSOQRNN,ETH-USD,2026-06-30 11:15:00,0.0031238892,0.0030498297
PSOQRNN,ETH-USD,2026-06-30 11:30:00,0.003058207,0.0030508456
PSOQRNN,ETH-USD,2026-06-30 11:45:00,0.003099736,0.003052304
PSOQRNN,ETH-USD,2026-06-30 12:00:00,0.0031341496,0.0030585942
PSOQRNN,ETH-USD,2026-06-30 12:15:00,0.003158753,0.0030733238
PSOQRNN,ETH-USD,2026-06-30 12:30:00,0.0031107625,0.0030649807
PSOQRNN,ETH-USD,2026-06-30 12:45:00,0.0032063276,0.0030955493
PSOQRNN,ETH-USD,2026-06-30 13:00:00,0.0030698231,0.0031052793
PSOQRNN,ETH-USD,2026-06-30 13:15:00,0.0031159911,0.0031058174
PSOQRNN,ETH-USD,2026-06-30 13:30:00,0.0031391017,0.00310573
PSOQRNN,ETH-USD,2026-06-30 13:45:00,0.0030722958,0.0031166326
PSOQRNN,ETH-USD,2026-06-30 14:00:00,0.0030982948,0.0031153816
PSOQRNN,ETH-USD,2026-06-30 14:15:00,0.0031279486,0.003116065
PSOQRNN,ETH-USD,2026-06-30 14:30:00,0.0031616637,0.003115018
PSOQRNN,ETH-USD,2026-06-30 14:45:00,0.0032362863,0.003136578
PSOQRNN,ETH-USD,2026-06-30 15:00:00,0.0031464044,0.0031365834
PSOQRNN,ETH-USD,2026-06-30 15:15:00,0.003161968,0.0031358758
PSOQRNN,ETH-USD,2026-06-30 15:30:00,0.0031657342,0.0031354185
PSOQRNN,ETH-USD,2026-06-30 15:45:00,0.0031713087,0.0031348525
PSOQRNN,ETH-USD,2026-06-30 16:00:00,0.0031476554,0.003134389
PSOQRNN,ETH-USD,2026-06-30 16:15:00,0.0031956865,0.0031345359
PSOQRNN,ETH-USD,2026-06-30 16:30:00,0.0031362157,0.0031367238
PSOQRNN,ETH-USD,2026-06-30 16:45:00,0.0031120565,0.0031459078
PSOQRNN,ETH-USD,2026-06-30 17:00:00,0.0031904923,0.0031434349
PSOQRNN,ETH-USD,2026-06-30 17:15:00,0.0031668816,0.0031311528
PSOQRNN,ETH-USD,2026-06-30 17:30:00,0.003164437,0.0031311794
PSOQRNN,ETH-USD,2026-06-30 17:45:00,0.0031564282,0.0031312227
PSOQRNN,ETH-USD,2026-06-30 18:00:00,0.0031416495,0.003128549
PSOQRNN,ETH-USD,2026-06-30 18:15:00,0.0031234832,0.0031319659
PSOQRNN,ETH-USD,2026-06-30 18:30:00,0.0031854124,0.0031332865
PSOQRNN,ETH-USD,2026-06-30 18:45:00,0.0031169972,0.0031393103
PSOQRNN,ETH-USD,2026-06-30 19:00:00,0.003176863,0.0031392064
PSOQRNN,ETH-USD,2026-06-30 19:15:00,0.0031766666,0.0031393259
PSOQRNN,ETH-USD,2026-06-30 19:30:00,0.0031505616,0.0031400814
PSOQRNN,ETH-USD,2026-06-30 19:45:00,0.003159618,0.003139872
PSOQRNN,ETH-USD,2026-06-30 20:00:00,0.0031597742,0.0031390132
PSOQRNN,ETH-USD,2026-06-30 20:15:00,0.0032118987,0.003133604
PSOQRNN,ETH-USD,2026-06-30 20:30:00,0.0031892483,0.0031331454
PSOQRNN,ETH-USD,2026-06-30 20:45:00,0.003147365,0.0031337708
PSOQRNN,ETH-USD,2026-06-30 21:00:00,0.0031941547,0.0031290944
PSOQRNN,ETH-USD,2026-06-30 21:15:00,0.0031696928,0.0031287621
PSOQRNN,ETH-USD,2026-06-30 21:30:00,0.0031666968,0.0031280261
PSOQRNN,ETH-USD,2026-06-30 21:45:00,0.0031499497,0.0031281372
PSOQRNN,ETH-USD,2026-06-30 22:00:00,0.003140116,0.003123056
PSOQRNN,ETH-USD,2026-06-30 22:15:00,0.0031735327,0.0031238894
PSOQRNN,ETH-USD,2026-06-30 22:30:00,0.00317404,0.0031212121
PSOQRNN,ETH-USD,2026-06-30 22:45:00,0.0031603489,0.003121284
PSOQRNN,ETH-USD,2026-06-30 23:00:00,0.0031357706,0.003121486
PSOQRNN,ETH-USD,2026-06-30 23:15:00,0.0031416586,0.0031216869
PSOQRNN,ETH-USD,2026-06-30 23:30:00,0.00314242,0.0031090134
PSOQRNN,ETH-USD,2026-06-30 23:45:00,0.0031254725,0.0031093936
PSOQRNN,ETH-USD,2026-07-01 00:00:00,0.0031183856,0.0031100435
PSOQRNN,ETH-USD,2026-07-01 00:15:00,0.003191886,0.0031176487
PSOQRNN,ETH-USD,2026-07-01 00:30:00,0.0031173583,0.0031196491
PSOQRNN,ETH-USD,2026-07-01 00:45:00,0.0031181402,0.0031172168
PSOQRNN,ETH-USD,2026-07-01 01:00:00,0.0032654398,0.0031515018
PSOQRNN,ETH-USD,2026-07-01 01:15:00,0.0031183457,0.0031527583
PSOQRNN,ETH-USD,2026-07-01 01:30:00,0.0030904887,0.0031807495
PSOQRNN,ETH-USD,2026-07-01 01:45:00,0.0032427579,0.0031827434
PSOQRNN,ETH-USD,2026-07-01 02:00:00,0.003204966,0.003182754
PSOQRNN,ETH-USD,2026-07-01 02:15:00,0.0031775874,0.0031782985
PSOQRNN,ETH-USD,2026-07-01 02:30:00,0.003155261,0.0031869467
PSOQRNN,ETH-USD,2026-07-01 02:45:00,0.0032403483,0.0031877747
PSOQRNN,ETH-USD,2026-07-01 03:00:00,0.003225811,0.0031876413
PSOQRNN,ETH-USD,2026-07-01 03:15:00,0.003228921,0.0031861016
PSOQRNN,ETH-USD,2026-07-01 03:30:00,0.0031736845,0.003187795
PSOQRNN,ETH-USD,2026-07-01 03:45:00,0.0031673708,0.003193523
PSOQRNN,ETH-USD,2026-07-01 04:00:00,0.0032507451,0.0031925915
PSOQRNN,ETH-USD,2026-07-01 04:15:00,0.0032022574,0.0031938236
PSOQRNN,ETH-USD,2026-07-01 04:30:00,0.003195242,0.0031948807
PSOQRNN,ETH-USD,2026-07-01 04:45:00,0.0032088978,0.0031931438
PSOQRNN,ETH-USD,2026-07-01 05:00:00,0.0032563668,0.0031948804
PSOQRNN,ETH-USD,2026-07-01 05:15:00,0.0032455977,0.0031960132
PSOQRNN,ETH-USD,2026-07-01 05:30:00,0.0032328058,0.0031959056
PSOQRNN,ETH-USD,2026-07-01 05:45:00,0.003230244,0.003195181
PSOQRNN,ETH-USD,2026-07-01 06:00:00,0.0032797335,0.0032014532
PSOQRNN,ETH-USD,2026-07-01 06:15:00,0.0032944614,0.0032108785
PSOQRNN,ETH-USD,2026-07-01 06:30:00,0.0032758536,0.0032137784
PSOQRNN,ETH-USD,2026-07-01 06:45:00,0.0032580255,0.0032140133
PSOQRNN,ETH-USD,2026-07-01 07:00:00,0.0032492059,0.003212959
PSOQRNN,ETH-USD,2026-07-01 07:15:00,0.0032255284,0.0032124505
PSOQRNN,ETH-USD,2026-07-01 07:30:00,0.0032420857,0.003195051
PSOQRNN,ETH-USD,2026-07-01 07:45:00,0.0032180117,0.003189436
PSOQRNN,ETH-USD,2026-07-01 08:00:00,0.0032452287,0.003190051
PSOQRNN,ETH-USD,2026-07-01 08:15:00,0.003260527,0.003192089
PSOQRNN,ETH-USD,2026-07-01 08:30:00,0.0031858545,0.0031956376
PSOQRNN,ETH-USD,2026-07-01 08:45:00,0.003167898,0.003203906
PSOQRNN,ETH-USD,2026-07-01 09:00:00,0.0032514438,0.003204461
PSOQRNN,ETH-USD,2026-07-01 09:15:00,0.003238559,0.0032009752
PSOQRNN,ETH-USD,2026-07-01 09:30:00,0.0032185188,0.0032008265
PSOQRNN,ETH-USD,2026-07-01 09:45:00,0.0032355955,0.0032007988
PSOQRNN,ETH-USD,2026-07-01 10:00:00,0.0032930763,0.0032091718
PSOQRNN,ETH-USD,2026-07-01 10:15:00,0.0032338297,0.0032091034
PSOQRNN,ETH-USD,2026-07-01 10:30:00,0.0032745379,0.003210994
PSOQRNN,ETH-USD,2026-07-01 10:45:00,0.0032312737,0.003208394
PSOQRNN,ETH-USD,2026-07-01 11:00:00,0.0032262108,0.0031929002
PSOQRNN,ETH-USD,2026-07-01 11:15:00,0.0032413846,0.003193352
PSOQRNN,ETH-USD,2026-07-01 11:30:00,0.0032194378,0.0031930162
PSOQRNN,ETH-USD,2026-07-01 11:45:00,0.0032562825,0.0031958143
PSOQRNN,ETH-USD,2026-07-01 12:00:00,0.003241502,0.0031950045
PSOQRNN,ETH-USD,2026-07-01 12:15:00,0.003204411,0.0031963305
PSOQRNN,ETH-USD,2026-07-01 12:30:00,0.0032570497,0.0031986888
PSOQRNN,ETH-USD,2026-07-01 12:45:00,0.0032054149,0.0031900313
PSOQRNN,ETH-USD,2026-07-01 13:00:00,0.00318889,0.003176261
PSOQRNN,ETH-USD,2026-07-01 13:15:00,0.0031600432,0.0031783497
PSOQRNN,ETH-USD,2026-07-01 13:30:00,0.0031738195,0.0031701843
PSOQRNN,ETH-USD,2026-07-01 13:45:00,0.0030714162,0.0032245717
PSOQRNN,ETH-USD,2026-07-01 14:00:00,0.0031288166,0.0032737688
PSOQRNN,ETH-USD,2026-07-01 14:15:00,0.0033766427,0.0032691339
PSOQRNN,ETH-USD,2026-07-01 14:30:00,0.0033722816,0.0032746582
PSOQRNN,ETH-USD,2026-07-01 14:45:00,0.0032862322,0.0032721462
PSOQRNN,ETH-USD,2026-07-01 15:00:00,0.0032077427,0.0032992747
PSOQRNN,ETH-USD,2026-07-01 15:15:00,0.0032299573,0.0033069307
PSOQRNN,ETH-USD,2026-07-01 15:30:00,0.0033513282,0.0033047514
PSOQRNN,ETH-USD,2026-07-01 15:45:00,0.0033600132,0.003283492
PSOQRNN,ETH-USD,2026-07-01 16:00:00,0.0033278826,0.0032723062
PSOQRNN,ETH-USD,2026-07-01 16:15:00,0.0032671173,0.003270923
PSOQRNN,ETH-USD,2026-07-01 16:30:00,0.0033451582,0.0032545575
PSOQRNN,ETH-USD,2026-07-01 16:45:00,0.0033273394,0.0032555182
PSOQRNN,ETH-USD,2026-07-01 17:00:00,0.003300436,0.0032074833
PSOQRNN,ETH-USD,2026-07-01 17:15:00,0.0031600376,0.0031487497
PSOQRNN,ETH-USD,2026-07-01 17:30:00,0.0031891265,0.0031462023
PSOQRNN,ETH-USD,2026-07-01 17:45:00,0.0031608199,0.003146713
PSOQRNN,ETH-USD,2026-07-01 18:00:00,0.0032036484,0.0031352523
PSOQRNN,ETH-USD,2026-07-01 18:15:00,0.003181271,0.0031338846
PSOQRNN,ETH-USD,2026-07-01 18:30:00,0.0031505607,0.0031152884
PSOQRNN,ETH-USD,2026-07-01 18:45:00,0.003170306,0.0031086104
PSOQRNN,ETH-USD,2026-07-01 19:00:00,0.003085508,0.0031120598
PSOQRNN,ETH-USD,2026-07-01 19:15:00,0.0031767085,0.003115408
PSOQRNN,ETH-USD,2026-07-01 19:30:00,0.0031359433,0.0031088514
PSOQRNN,ETH-USD,2026-07-01 19:45:00,0.0031550971,0.003109024
PSOQRNN,ETH-USD,2026-07-01 20:00:00,0.003147896,0.0030891013
PSOQRNN,ETH-USD,2026-07-01 20:15:00,0.0031235663,0.003086377
PSOQRNN,ETH-USD,2026-07-01 20:30:00,0.0031103138,0.003070858
PSOQRNN,ETH-USD,2026-07-01 20:45:00,0.0030827918,0.0030658545
PSOQRNN,ETH-USD,2026-07-01 21:00:00,0.0030456851,0.003071826
PSOQRNN,ETH-USD,2026-07-01 21:15:00,0.0030903886,0.0030706024
PSOQRNN,ETH-USD,2026-07-01 21:30:00,0.003068103,0.003072087
PSOQRNN,ETH-USD,2026-07-01 21:45:00,0.0030631714,0.003075365
PSOQRNN,ETH-USD,2026-07-01 22:00:00,0.0031227362,0.0030759787
PSOQRNN,ETH-USD,2026-07-01 22:15:00,0.0031258927,0.0030777329
PSOQRNN,ETH-USD,2026-07-01 22:30:00,0.0031297004,0.0030795194
PSOQRNN,ETH-USD,2026-07-01 22:45:00,0.0031288087,0.0030811308
PSOQRNN,ETH-USD,2026-07-01 23:00:00,0.0031719615,0.0030926384
PSOQRNN,ETH-USD,2026-07-01 23:15:00,0.003129142,0.0030834908
PSOQRNN,ETH-USD,2026-07-01 23:30:00,0.0031157788,0.003083608
PSOQRNN,ETH-USD,2026-07-01 23:45:00,0.0031544443,0.0030890377
PSOQRNN,ETH-USD,2026-07-02 00:00:00,0.0031448468,0.0030908445
PSOQRNN,ETH-USD,2026-07-02 00:15:00,0.003152708,0.003093674
PSOQRNN,ETH-USD,2026-07-02 00:30:00,0.003164282,0.0030979668
PSOQRNN,ETH-USD,2026-07-02 00:45:00,0.003078326,0.0031045007
PSOQRNN,ETH-USD,2026-07-02 01:00:00,0.0030861415,0.0030973584
PSOQRNN,ETH-USD,2026-07-02 01:15:00,0.0031023924,0.0030977398
PSOQRNN,ETH-USD,2026-07-02 01:30:00,0.0030424097,0.003119434
PSOQRNN,ETH-USD,2026-07-02 01:45:00,0.0031599118,0.0031198445
PSOQRNN,ETH-USD,2026-07-02 02:00:00,0.0031738814,0.0031141147
PSOQRNN,ETH-USD,2026-07-02 02:15:00,0.0031317673,0.0031143378
PSOQRNN,ETH-USD,2026-07-02 02:30:00,0.0031106754,0.0031163145
PSOQRNN,ETH-USD,2026-07-02 02:45:00,0.003160934,0.0031151583
PSOQRNN,ETH-USD,2026-07-02 03:00:00,0.0031148712,0.0030221231
PSOQRNN,ETH-USD,2026-07-02 03:15:00,0.0030045507,0.003022638
PSOQRNN,ETH-USD,2026-07-02 03:30:00,0.0030042385,0.002973383
PSOQRNN,ETH-USD,2026-07-02 03:45:00,0.0029546395,0.0029792748
PSOQRNN,ETH-USD,2026-07-02 04:00:00,0.0030353335,0.0029624754
PSOQRNN,ETH-USD,2026-07-02 04:15:00,0.0029997726,0.0029397747
PSOQRNN,ETH-USD,2026-07-02 04:30:00,0.0029796015,0.0029205559
