model_name,asset_symbol,timestamp,predicted_value,real_value
PSOQRNN,BTC-USD,2026-06-03 07:45:00,0.0027354797,0.0027056234
PSOQRNN,BTC-USD,2026-06-03 08:00:00,0.0027080844,0.0027081075
PSOQRNN,BTC-USD,2026-06-03 08:15:00,0.0027293442,0.0027065894
PSOQRNN,BTC-USD,2026-06-03 08:30:00,0.0027434076,0.0027042066
PSOQRNN,BTC-USD,2026-06-03 08:45:00,0.0027203166,0.002704464
PSOQRNN,BTC-USD,2026-06-03 09:00:00,0.0027220142,0.0027043703
PSOQRNN,BTC-USD,2026-06-03 09:15:00,0.0027088355,0.0027063556
PSOQRNN,BTC-USD,2026-06-03 09:30:00,0.0027171182,0.0027070516
PSOQRNN,BTC-USD,2026-06-03 09:45:00,0.0027875078,0.0027294818
PSOQRNN,BTC-USD,2026-06-03 10:00:00,0.0027950827,0.0027391901
PSOQRNN,BTC-USD,2026-06-03 10:15:00,0.0027737876,0.0027391925
PSOQRNN,BTC-USD,2026-06-03 10:30:00,0.0027592208,0.002739636
PSOQRNN,BTC-USD,2026-06-03 10:45:00,0.0027811837,0.0027401003
PSOQRNN,BTC-USD,2026-06-03 11:00:00,0.0027822503,0.0027375584
PSOQRNN,BTC-USD,2026-06-03 11:15:00,0.0027688346,0.002737568
PSOQRNN,BTC-USD,2026-06-03 11:30:00,0.0027391217,0.0027414276
PSOQRNN,BTC-USD,2026-06-03 11:45:00,0.0027593188,0.0027416458
PSOQRNN,BTC-USD,2026-06-03 12:00:00,0.0027592615,0.0027423042
PSOQRNN,BTC-USD,2026-06-03 12:15:00,0.0027853216,0.0027435273
PSOQRNN,BTC-USD,2026-06-03 12:30:00,0.0027653275,0.0027419347
PSOQRNN,BTC-USD,2026-06-03 12:45:00,0.002793778,0.0027406542
PSOQRNN,BTC-USD,2026-06-03 13:00:00,0.0027793413,0.0027409787
PSOQRNN,BTC-USD,2026-06-03 13:15:00,0.0027256964,0.0027515627
PSOQRNN,BTC-USD,2026-06-03 13:30:00,0.0027729576,0.0027516147
PSOQRNN,BTC-USD,2026-06-03 13:45:00,0.0028067508,0.0027549905
PSOQRNN,BTC-USD,2026-06-03 14:00:00,0.0027896764,0.0027550133
PSOQRNN,BTC-USD,2026-06-03 14:15:00,0.0027714411,0.0027553958
PSOQRNN,BTC-USD,2026-06-03 14:30:00,0.002783726,0.0027491162
PSOQRNN,BTC-USD,2026-06-03 14:45:00,0.0028026877,0.0027504328
PSOQRNN,BTC-USD,2026-06-03 15:00:00,0.0027256964,0.0027634369
PSOQRNN,BTC-USD,2026-06-03 15:15:00,0.0028101674,0.00276063
PSOQRNN,BTC-USD,2026-06-03 15:30:00,0.0027474756,0.0027714418
PSOQRNN,BTC-USD,2026-06-03 15:45:00,0.002772494,0.0027771255
PSOQRNN,BTC-USD,2026-06-03 16:00:00,0.002829448,0.002768377
PSOQRNN,BTC-USD,2026-06-03 16:15:00,0.0027046024,0.0028136466
PSOQRNN,BTC-USD,2026-06-03 16:30:00,0.0029054568,0.0028318653
PSOQRNN,BTC-USD,2026-06-03 16:45:00,0.002901749,0.002832381
PSOQRNN,BTC-USD,2026-06-03 17:00:00,0.0028189737,0.0028382416
PSOQRNN,BTC-USD,2026-06-03 17:15:00,0.0029239366,0.0028499882
PSOQRNN,BTC-USD,2026-06-03 17:30:00,0.0029252446,0.0028456124
PSOQRNN,BTC-USD,2026-06-03 17:45:00,0.002872047,0.0028473076
PSOQRNN,BTC-USD,2026-06-03 18:00:00,0.002898544,0.0028454366
PSOQRNN,BTC-USD,2026-06-03 18:15:00,0.0028850716,0.0028450156
PSOQRNN,BTC-USD,2026-06-03 18:30:00,0.0029162436,0.00284942
PSOQRNN,BTC-USD,2026-06-03 18:45:00,0.0028987308,0.0028490513
PSOQRNN,BTC-USD,2026-06-03 19:00:00,0.002885962,0.0028473968
PSOQRNN,BTC-USD,2026-06-03 19:15:00,0.0028458035,0.0028555992
PSOQRNN,BTC-USD,2026-06-03 19:30:00,0.0029231764,0.0028568031
PSOQRNN,BTC-USD,2026-06-03 19:45:00,0.0028546592,0.0028689564
PSOQRNN,BTC-USD,2026-06-03 20:00:00,0.0029431642,0.0028729201
PSOQRNN,BTC-USD,2026-06-03 20:15:00,0.0029223068,0.002869893
PSOQRNN,BTC-USD,2026-06-03 20:30:00,0.002862966,0.002884658
PSOQRNN,BTC-USD,2026-06-03 20:45:00,0.002907931,0.0028887913
PSOQRNN,BTC-USD,2026-06-03 21:00:00,0.0030052552,0.0029185838
PSOQRNN,BTC-USD,2026-06-03 21:15:00,0.0029970256,0.0029209235
PSOQRNN,BTC-USD,2026-06-03 21:30:00,0.0029830125,0.002918376
PSOQRNN,BTC-USD,2026-06-03 21:45:00,0.0030170893,0.0029269916
PSOQRNN,BTC-USD,2026-06-03 22:00:00,0.0029139032,0.002953074
PSOQRNN,BTC-USD,2026-06-03 22:15:00,0.002995488,0.0029538972
PSOQRNN,BTC-USD,2026-06-03 22:30:00,0.0030043342,0.002954742
PSOQRNN,BTC-USD,2026-06-03 22:45:00,0.0029949835,0.0029561685
PSOQRNN,BTC-USD,2026-06-03 23:00:00,0.0029717458,0.0029677898
PSOQRNN,BTC-USD,2026-06-03 23:15:00,0.0030168155,0.00296882
PSOQRNN,BTC-USD,2026-06-03 23:30:00,0.0029982084,0.0029751172
PSOQRNN,BTC-USD,2026-06-03 23:45:00,0.003027258,0.0029720059
PSOQRNN,BTC-USD,2026-06-04 00:00:00,0.0030694625,0.002977646
PSOQRNN,BTC-USD,2026-06-04 00:15:00,0.0028863505,0.003082326
PSOQRNN,BTC-USD,2026-06-04 00:30:00,0.0031907635,0.0030868165
PSOQRNN,BTC-USD,2026-06-04 00:45:00,0.0031295102,0.0030951353
PSOQRNN,BTC-USD,2026-06-04 01:00:00,0.003146052,0.0031005023
PSOQRNN,BTC-USD,2026-06-04 01:15:00,0.003119047,0.003121791
PSOQRNN,BTC-USD,2026-06-04 01:30:00,0.0032364242,0.0031264878
PSOQRNN,BTC-USD,2026-06-04 01:45:00,0.0030914336,0.0031917044
PSOQRNN,BTC-USD,2026-06-04 02:00:00,0.0033325774,0.0032042877
PSOQRNN,BTC-USD,2026-06-04 02:15:00,0.0033945453,0.00326734
PSOQRNN,BTC-USD,2026-06-04 02:30:00,0.0034404017,0.0032963958
PSOQRNN,BTC-USD,2026-06-04 02:45:00,0.0033790665,0.0032963015
PSOQRNN,BTC-USD,2026-06-04 03:00:00,0.0035136195,0.0033683574
PSOQRNN,BTC-USD,2026-06-04 03:15:00,0.00348408,0.0033637104
PSOQRNN,BTC-USD,2026-06-04 03:30:00,0.0035543048,0.0033982832
PSOQRNN,BTC-USD,2026-06-04 03:45:00,0.0035210159,0.0033982205
PSOQRNN,BTC-USD,2026-06-04 04:00:00,0.0035650893,0.0033958703
PSOQRNN,BTC-USD,2026-06-04 04:15:00,0.0035140573,0.0033959174
PSOQRNN,BTC-USD,2026-06-04 04:30:00,0.0034952725,0.0033926675
PSOQRNN,BTC-USD,2026-06-04 04:45:00,0.0035166715,0.0033896565
PSOQRNN,BTC-USD,2026-06-04 05:00:00,0.0034373822,0.0034138688
PSOQRNN,BTC-USD,2026-06-04 05:15:00,0.0035246073,0.0034132567
PSOQRNN,BTC-USD,2026-06-04 05:30:00,0.0036036125,0.0034428635
PSOQRNN,BTC-USD,2026-06-04 05:45:00,0.0035159597,0.003454598
PSOQRNN,BTC-USD,2026-06-04 06:00:00,0.0036303985,0.0034695242
PSOQRNN,BTC-USD,2026-06-04 06:15:00,0.0036001317,0.003451111
PSOQRNN,BTC-USD,2026-06-04 06:30:00,0.0035946036,0.0034470307
PSOQRNN,BTC-USD,2026-06-04 06:45:00,0.0035237663,0.0034565823
PSOQRNN,BTC-USD,2026-06-04 07:00:00,0.0035512878,0.0034564042
PSOQRNN,BTC-USD,2026-06-04 07:15:00,0.0035667152,0.003451098
PSOQRNN,BTC-USD,2026-06-04 07:30:00,0.0036173419,0.0034508645
PSOQRNN,BTC-USD,2026-06-04 07:45:00,0.0035258583,0.0034554815
PSOQRNN,BTC-USD,2026-06-04 08:00:00,0.003545301,0.003461214
PSOQRNN,BTC-USD,2026-06-04 08:15:00,0.003607986,0.0034596762
PSOQRNN,BTC-USD,2026-06-04 08:30:00,0.0035812405,0.0034597106
PSOQRNN,BTC-USD,2026-06-04 08:45:00,0.003621454,0.0034670061
PSOQRNN,BTC-USD,2026-06-04 09:00:00,0.0035504433,0.003473692
PSOQRNN,BTC-USD,2026-06-04 09:15:00,0.0035191395,0.003500946
PSOQRNN,BTC-USD,2026-06-04 09:30:00,0.0036398366,0.0035015524
PSOQRNN,BTC-USD,2026-06-04 09:45:00,0.0036904386,0.0035238182
PSOQRNN,BTC-USD,2026-06-04 10:00:00,0.0035869703,0.0035428628
PSOQRNN,BTC-USD,2026-06-04 10:15:00,0.003614697,0.003552306
PSOQRNN,BTC-USD,2026-06-04 10:30:00,0.0037230295,0.0035609747
PSOQRNN,BTC-USD,2026-06-04 10:45:00,0.0036452413,0.0035704728
PSOQRNN,BTC-USD,2026-06-04 11:00:00,0.0036795367,0.0035725606
PSOQRNN,BTC-USD,2026-06-04 11:15:00,0.003761355,0.0035913077
PSOQRNN,BTC-USD,2026-06-04 11:30:00,0.003663734,0.0036060775
PSOQRNN,BTC-USD,2026-06-04 11:45:00,0.003789151,0.0036194962
PSOQRNN,BTC-USD,2026-06-04 12:00:00,0.0037553227,0.003615669
PSOQRNN,BTC-USD,2026-06-04 12:15:00,0.0038542948,0.0036911524
PSOQRNN,BTC-USD,2026-06-04 12:30:00,0.0038798037,0.0037069996
PSOQRNN,BTC-USD,2026-06-04 12:45:00,0.0038750255,0.0037129256
PSOQRNN,BTC-USD,2026-06-04 13:00:00,0.0038204857,0.003715529
PSOQRNN,BTC-USD,2026-06-04 13:15:00,0.0037866656,0.003718028
PSOQRNN,BTC-USD,2026-06-04 13:30:00,0.0039413143,0.0037661537
PSOQRNN,BTC-USD,2026-06-04 13:45:00,0.003965066,0.003782302
PSOQRNN,BTC-USD,2026-06-04 14:00:00,0.0039462647,0.0037877082
PSOQRNN,BTC-USD,2026-06-04 14:15:00,0.0038813339,0.0037922692
PSOQRNN,BTC-USD,2026-06-04 14:30:00,0.0038988474,0.0037850938
PSOQRNN,BTC-USD,2026-06-04 14:45:00,0.003912794,0.0037845294
PSOQRNN,BTC-USD,2026-06-04 15:00:00,0.003982286,0.0038075638
PSOQRNN,BTC-USD,2026-06-04 15:15:00,0.0038676853,0.003825346
PSOQRNN,BTC-USD,2026-06-04 15:30:00,0.003932859,0.003826975
PSOQRNN,BTC-USD,2026-06-04 15:45:00,0.0039681685,0.0038256575
PSOQRNN,BTC-USD,2026-06-04 16:00:00,0.003917993,0.0038293218
PSOQRNN,BTC-USD,2026-06-04 16:15:00,0.003956536,0.0038275565
PSOQRNN,BTC-USD,2026-06-04 16:30:00,0.0039819274,0.0038261088
PSOQRNN,BTC-USD,2026-06-04 16:45:00,0.0039206147,0.0038244887
PSOQRNN,BTC-USD,2026-06-04 17:00:00,0.0039606392,0.0038138276
PSOQRNN,BTC-USD,2026-06-04 17:15:00,0.0038790668,0.0038034355
PSOQRNN,BTC-USD,2026-06-04 17:30:00,0.0039065266,0.0038030713
PSOQRNN,BTC-USD,2026-06-04 17:45:00,0.004011813,0.003830014
PSOQRNN,BTC-USD,2026-06-04 18:00:00,0.0038908673,0.0038453487
PSOQRNN,BTC-USD,2026-06-04 18:15:00,0.004082743,0.003917345
PSOQRNN,BTC-USD,2026-06-04 18:30:00,0.004049182,0.0039176196
PSOQRNN,BTC-USD,2026-06-04 18:45:00,0.0040213754,0.003918601
PSOQRNN,BTC-USD,2026-06-04 19:00:00,0.004054289,0.0039172517
PSOQRNN,BTC-USD,2026-06-04 19:15:00,0.004082237,0.003921353
PSOQRNN,BTC-USD,2026-06-04 19:30:00,0.003981863,0.0039330744
PSOQRNN,BTC-USD,2026-06-04 19:45:00,0.0040261266,0.003932298
PSOQRNN,BTC-USD,2026-06-04 20:00:00,0.0040379395,0.0039328206
PSOQRNN,BTC-USD,2026-06-04 20:15:00,0.00402369,0.0039325166
PSOQRNN,BTC-USD,2026-06-04 20:30:00,0.0040937993,0.003940841
PSOQRNN,BTC-USD,2026-06-04 20:45:00,0.004076403,0.003936549
PSOQRNN,BTC-USD,2026-06-04 21:00:00,0.0040845014,0.0039399588
PSOQRNN,BTC-USD,2026-06-04 21:15:00,0.0040079867,0.003948045
PSOQRNN,BTC-USD,2026-06-04 21:30:00,0.004068059,0.0039474145
PSOQRNN,BTC-USD,2026-06-04 21:45:00,0.0040270356,0.003950949
PSOQRNN,BTC-USD,2026-06-04 22:00:00,0.0040731975,0.0039510713
PSOQRNN,BTC-USD,2026-06-04 22:15:00,0.0040830933,0.003950892
PSOQRNN,BTC-USD,2026-06-04 22:30:00,0.0040971115,0.003944359
PSOQRNN,BTC-USD,2026-06-04 22:45:00,0.0041024094,0.0039513833
PSOQRNN,BTC-USD,2026-06-04 23:00:00,0.0040482683,0.003952686
PSOQRNN,BTC-USD,2026-06-04 23:15:00,0.0040475517,0.0039543477
PSOQRNN,BTC-USD,2026-06-04 23:30:00,0.004123808,0.00396598
PSOQRNN,BTC-USD,2026-06-04 23:45:00,0.0041052517,0.003968504
PSOQRNN,BTC-USD,2026-06-05 00:00:00,0.0040455214,0.003967678
PSOQRNN,BTC-USD,2026-06-05 00:15:00,0.0041254056,0.0039740275
PSOQRNN,BTC-USD,2026-06-05 00:30:00,0.004054523,0.003976627
PSOQRNN,BTC-USD,2026-06-05 00:45:00,0.0040440545,0.0039839176
PSOQRNN,BTC-USD,2026-06-05 01:00:00,0.0040871687,0.003977709
PSOQRNN,BTC-USD,2026-06-05 01:15:00,0.004090075,0.0039777067
PSOQRNN,BTC-USD,2026-06-05 01:30:00,0.0041136746,0.0039779134
PSOQRNN,BTC-USD,2026-06-05 01:45:00,0.0040824288,0.0039733658
PSOQRNN,BTC-USD,2026-06-05 02:00:00,0.004056195,0.0039762123
PSOQRNN,BTC-USD,2026-06-05 02:15:00,0.0039997115,0.004002147
PSOQRNN,BTC-USD,2026-06-05 02:30:00,0.004124024,0.004002795
PSOQRNN,BTC-USD,2026-06-05 02:45:00,0.0040907105,0.004004387
PSOQRNN,BTC-USD,2026-06-05 03:00:00,0.004073577,0.004009278
PSOQRNN,BTC-USD,2026-06-05 03:15:00,0.0041596782,0.0040168334
PSOQRNN,BTC-USD,2026-06-05 03:30:00,0.0041410318,0.004017837
PSOQRNN,BTC-USD,2026-06-05 03:45:00,0.0041395696,0.0040163035
PSOQRNN,BTC-USD,2026-06-05 04:00:00,0.0041507646,0.004018391
PSOQRNN,BTC-USD,2026-06-05 04:15:00,0.0041875825,0.004033924
PSOQRNN,BTC-USD,2026-06-05 04:30:00,0.0041072,0.0040359455
PSOQRNN,BTC-USD,2026-06-05 04:45:00,0.004237419,0.0040811654
PSOQRNN,BTC-USD,2026-06-05 05:00:00,0.004136645,0.0040827603
PSOQRNN,BTC-USD,2026-06-05 05:15:00,0.0042074965,0.0040368373
PSOQRNN,BTC-USD,2026-06-05 05:30:00,0.0040181736,0.0040803957
PSOQRNN,BTC-USD,2026-06-05 05:45:00,0.004065856,0.0041172095
PSOQRNN,BTC-USD,2026-06-05 06:00:00,0.0041653253,0.004120898
PSOQRNN,BTC-USD,2026-06-05 06:15:00,0.0041282526,0.0041281288
PSOQRNN,BTC-USD,2026-06-05 06:30:00,0.0043016477,0.0041571492
PSOQRNN,BTC-USD,2026-06-05 06:45:00,0.004201427,0.004161265
PSOQRNN,BTC-USD,2026-06-05 07:00:00,0.0041526416,0.004141184
PSOQRNN,BTC-USD,2026-06-05 07:15:00,0.0043504112,0.004216834
PSOQRNN,BTC-USD,2026-06-05 07:30:00,0.0043908716,0.004261588
PSOQRNN,BTC-USD,2026-06-05 07:45:00,0.0043626553,0.0042654476
PSOQRNN,BTC-USD,2026-06-05 08:00:00,0.004265204,0.004273547
PSOQRNN,BTC-USD,2026-06-05 08:15:00,0.004328465,0.004267252
PSOQRNN,BTC-USD,2026-06-05 08:30:00,0.0042729806,0.0042695366
PSOQRNN,BTC-USD,2026-06-05 08:45:00,0.0043099485,0.0042701107
PSOQRNN,BTC-USD,2026-06-05 09:00:00,0.0044276146,0.004312353
PSOQRNN,BTC-USD,2026-06-05 09:15:00,0.0043729,0.00430559
PSOQRNN,BTC-USD,2026-06-05 09:30:00,0.0042925132,0.0043148897
PSOQRNN,BTC-USD,2026-06-05 09:45:00,0.0043670298,0.004315021
PSOQRNN,BTC-USD,2026-06-05 10:00:00,0.0043392302,0.0043158014
PSOQRNN,BTC-USD,2026-06-05 10:15:00,0.004325223,0.004306853
PSOQRNN,BTC-USD,2026-06-05 10:30:00,0.004371918,0.0043082004
PSOQRNN,BTC-USD,2026-06-05 10:45:00,0.0043288018,0.004294557
PSOQRNN,BTC-USD,2026-06-05 11:00:00,0.004299215,0.004298881
PSOQRNN,BTC-USD,2026-06-05 11:15:00,0.0043761646,0.0042849374
PSOQRNN,BTC-USD,2026-06-05 11:30:00,0.0042663733,0.004283122
PSOQRNN,BTC-USD,2026-06-05 11:45:00,0.0043095746,0.004274985
PSOQRNN,BTC-USD,2026-06-05 12:00:00,0.0043623056,0.004278481
PSOQRNN,BTC-USD,2026-06-05 12:15:00,0.004345276,0.0042606425
PSOQRNN,BTC-USD,2026-06-05 12:30:00,0.004277073,0.004263126
PSOQRNN,BTC-USD,2026-06-05 12:45:00,0.0043193717,0.004261626
PSOQRNN,BTC-USD,2026-06-05 13:00:00,0.004325704,0.004250666
PSOQRNN,BTC-USD,2026-06-05 13:15:00,0.004338908,0.0042526424
PSOQRNN,BTC-USD,2026-06-05 13:30:00,0.004258056,0.0042506116
PSOQRNN,BTC-USD,2026-06-05 13:45:00,0.0040510506,0.004363459
PSOQRNN,BTC-USD,2026-06-05 14:00:00,0.0044177603,0.00435367
PSOQRNN,BTC-USD,2026-06-05 14:15:00,0.004284825,0.0043724873
PSOQRNN,BTC-USD,2026-06-05 14:30:00,0.0044766087,0.004387144
PSOQRNN,BTC-USD,2026-06-05 14:45:00,0.0044180946,0.004387195
PSOQRNN,BTC-USD,2026-06-05 15:00:00,0.0043506264,0.004394655
PSOQRNN,BTC-USD,2026-06-05 15:15:00,0.0044527724,0.0044006226
PSOQRNN,BTC-USD,2026-06-05 15:30:00,0.0043279408,0.0044086883
PSOQRNN,BTC-USD,2026-06-05 15:45:00,0.004443128,0.004409195
PSOQRNN,BTC-USD,2026-06-05 16:00:00,0.004505342,0.0044344845
PSOQRNN,BTC-USD,2026-06-05 16:15:00,0.004446036,0.004430054
PSOQRNN,BTC-USD,2026-06-05 16:30:00,0.00441574,0.0044079884
PSOQRNN,BTC-USD,2026-06-05 16:45:00,0.004524701,0.0044316384
PSOQRNN,BTC-USD,2026-06-05 17:00:00,0.004366529,0.0044431
PSOQRNN,BTC-USD,2026-06-05 17:15:00,0.004365986,0.004455762
PSOQRNN,BTC-USD,2026-06-05 17:30:00,0.0044678925,0.004455566
PSOQRNN,BTC-USD,2026-06-05 17:45:00,0.004465469,0.004455259
PSOQRNN,BTC-USD,2026-06-05 18:00:00,0.00441294,0.004458317
PSOQRNN,BTC-USD,2026-06-05 18:15:00,0.0043510078,0.0044700517
PSOQRNN,BTC-USD,2026-06-05 18:30:00,0.004419224,0.00446154
PSOQRNN,BTC-USD,2026-06-05 18:45:00,0.004327577,0.0044969707
PSOQRNN,BTC-USD,2026-06-05 19:00:00,0.004486711,0.00447003
PSOQRNN,BTC-USD,2026-06-05 19:15:00,0.004552708,0.0044933744
PSOQRNN,BTC-USD,2026-06-05 19:30:00,0.0044525065,0.004493226
PSOQRNN,BTC-USD,2026-06-05 19:45:00,0.0045824912,0.0045345062
PSOQRNN,BTC-USD,2026-06-05 20:00:00,0.004601701,0.004523914
PSOQRNN,BTC-USD,2026-06-05 20:15:00,0.0045202817,0.0045261746
PSOQRNN,BTC-USD,2026-06-05 20:30:00,0.004564234,0.0045413757
PSOQRNN,BTC-USD,2026-06-05 20:45:00,0.0045815385,0.0045501366
PSOQRNN,BTC-USD,2026-06-05 21:00:00,0.004553188,0.004554099
PSOQRNN,BTC-USD,2026-06-05 21:15:00,0.0044537224,0.0045608995
PSOQRNN,BTC-USD,2026-06-05 21:30:00,0.004577577,0.0045719426
PSOQRNN,BTC-USD,2026-06-05 21:45:00,0.00448432,0.0045660813
PSOQRNN,BTC-USD,2026-06-05 22:00:00,0.004457906,0.004572994
PSOQRNN,BTC-USD,2026-06-05 22:15:00,0.004546048,0.0045731263
PSOQRNN,BTC-USD,2026-06-05 22:30:00,0.004581042,0.004583196
PSOQRNN,BTC-USD,2026-06-05 22:45:00,0.004496113,0.0045855907
PSOQRNN,BTC-USD,2026-06-05 23:00:00,0.0044716084,0.004592
PSOQRNN,BTC-USD,2026-06-05 23:15:00,0.004455676,0.0046056467
PSOQRNN,BTC-USD,2026-06-05 23:30:00,0.004518647,0.004606151
PSOQRNN,BTC-USD,2026-06-05 23:45:00,0.004593091,0.00461377
PSOQRNN,BTC-USD,2026-06-06 00:00:00,0.00462211,0.004631116
PSOQRNN,BTC-USD,2026-06-06 00:15:00,0.004535626,0.0046308558
PSOQRNN,BTC-USD,2026-06-06 00:30:00,0.004535494,0.004631232
PSOQRNN,BTC-USD,2026-06-06 00:45:00,0.004574761,0.004619166
PSOQRNN,BTC-USD,2026-06-06 01:00:00,0.004527424,0.004614409
PSOQRNN,BTC-USD,2026-06-06 01:15:00,0.0045801993,0.004617567
PSOQRNN,BTC-USD,2026-06-06 01:30:00,0.0044986797,0.0046228897
PSOQRNN,BTC-USD,2026-06-06 01:45:00,0.0045549423,0.004622319
PSOQRNN,BTC-USD,2026-06-06 02:00:00,0.0045177704,0.004624091
PSOQRNN,BTC-USD,2026-06-06 02:15:00,0.0045420607,0.004624233
PSOQRNN,BTC-USD,2026-06-06 02:30:00,0.004581773,0.0046244594
PSOQRNN,BTC-USD,2026-06-06 02:45:00,0.0045573534,0.0046241484
PSOQRNN,BTC-USD,2026-06-06 03:00:00,0.004540323,0.0046239886
PSOQRNN,BTC-USD,2026-06-06 03:15:00,0.004539084,0.004623593
PSOQRNN,BTC-USD,2026-06-06 03:30:00,0.0045318822,0.004624262
PSOQRNN,BTC-USD,2026-06-06 03:45:00,0.004554741,0.0046222834
PSOQRNN,BTC-USD,2026-06-06 04:00:00,0.0044229175,0.0046554804
PSOQRNN,BTC-USD,2026-06-06 04:15:00,0.004542244,0.0046509174
PSOQRNN,BTC-USD,2026-06-06 04:30:00,0.0045306785,0.0046534673
PSOQRNN,BTC-USD,2026-06-06 04:45:00,0.0046317796,0.004662994
PSOQRNN,BTC-USD,2026-06-06 05:00:00,0.004529445,0.004667068
PSOQRNN,BTC-USD,2026-06-06 05:15:00,0.0047358843,0.004755932
PSOQRNN,BTC-USD,2026-06-06 05:30:00,0.004640282,0.0047567785
PSOQRNN,BTC-USD,2026-06-06 05:45:00,0.004653941,0.004757311
PSOQRNN,BTC-USD,2026-06-06 06:00:00,0.00467122,0.004753893
PSOQRNN,BTC-USD,2026-06-06 06:15:00,0.0045973244,0.004754413
PSOQRNN,BTC-USD,2026-06-06 06:30:00,0.0045771655,0.004752025
PSOQRNN,BTC-USD,2026-06-06 06:45:00,0.0046184305,0.0047484483
PSOQRNN,BTC-USD,2026-06-06 07:00:00,0.0046841335,0.0047588567
PSOQRNN,BTC-USD,2026-06-06 07:15:00,0.004583672,0.0047346456
PSOQRNN,BTC-USD,2026-06-06 07:30:00,0.0046462417,0.004727206
PSOQRNN,BTC-USD,2026-06-06 07:45:00,0.0046039512,0.00472466
PSOQRNN,BTC-USD,2026-06-06 08:00:00,0.0046397513,0.0047168043
PSOQRNN,BTC-USD,2026-06-06 08:15:00,0.004664954,0.004720769
PSOQRNN,BTC-USD,2026-06-06 08:30:00,0.004593144,0.00471799
PSOQRNN,BTC-USD,2026-06-06 08:45:00,0.0045862645,0.004717221
PSOQRNN,BTC-USD,2026-06-06 09:00:00,0.004596691,0.0047172266
PSOQRNN,BTC-USD,2026-06-06 09:15:00,0.004625246,0.004718352
PSOQRNN,BTC-USD,2026-06-06 09:30:00,0.004558591,0.004720367
PSOQRNN,BTC-USD,2026-06-06 09:45:00,0.0045808004,0.004721573
PSOQRNN,BTC-USD,2026-06-06 10:00:00,0.004527,0.0047339485
PSOQRNN,BTC-USD,2026-06-06 10:15:00,0.004596,0.004726872
PSOQRNN,BTC-USD,2026-06-06 10:30:00,0.0045861574,0.0047263657
PSOQRNN,BTC-USD,2026-06-06 10:45:00,0.0046499637,0.004722877
PSOQRNN,BTC-USD,2026-06-06 11:00:00,0.0046170605,0.0047209607
PSOQRNN,BTC-USD,2026-06-06 11:15:00,0.00464292,0.0047247848
PSOQRNN,BTC-USD,2026-06-06 11:30:00,0.004616105,0.0047142548
PSOQRNN,BTC-USD,2026-06-06 11:45:00,0.004599163,0.004711166
PSOQRNN,BTC-USD,2026-06-06 12:00:00,0.0046524443,0.004701228
PSOQRNN,BTC-USD,2026-06-06 12:15:00,0.004531179,0.0047083963
PSOQRNN,BTC-USD,2026-06-06 12:30:00,0.004616343,0.004709215
PSOQRNN,BTC-USD,2026-06-06 12:45:00,0.004644328,0.0047079846
PSOQRNN,BTC-USD,2026-06-06 13:00:00,0.004598544,0.0046908646
PSOQRNN,BTC-USD,2026-06-06 13:15:00,0.00456442,0.0046905475
PSOQRNN,BTC-USD,2026-06-06 13:30:00,0.004598219,0.0046900506
PSOQRNN,BTC-USD,2026-06-06 13:45:00,0.0045669023,0.0046890215
PSOQRNN,BTC-USD,2026-06-06 14:00:00,0.0046172813,0.0046828757
PSOQRNN,BTC-USD,2026-06-06 14:15:00,0.004580899,0.004681727
PSOQRNN,BTC-USD,2026-06-06 14:30:00,0.004601837,0.004677416
PSOQRNN,BTC-USD,2026-06-06 14:45:00,0.004551891,0.0046786354
PSOQRNN,BTC-USD,2026-06-06 15:00:00,0.004546319,0.0046781017
PSOQRNN,BTC-USD,2026-06-06 15:15:00,0.004596277,0.0046062106
PSOQRNN,BTC-USD,2026-06-06 15:30:00,0.0045844805,0.004608708
PSOQRNN,BTC-USD,2026-06-06 15:45:00,0.0045304834,0.0046023913
PSOQRNN,BTC-USD,2026-06-06 16:00:00,0.0045446367,0.004597468
PSOQRNN,BTC-USD,2026-06-06 16:15:00,0.0045038075,0.0045836847
PSOQRNN,BTC-USD,2026-06-06 16:30:00,0.0045637437,0.004584455
PSOQRNN,BTC-USD,2026-06-06 16:45:00,0.004535467,0.0045339023
PSOQRNN,BTC-USD,2026-06-06 17:00:00,0.004491701,0.0045271767
PSOQRNN,BTC-USD,2026-06-06 17:15:00,0.004489191,0.004485965
PSOQRNN,BTC-USD,2026-06-06 17:30:00,0.0044800765,0.004466715
PSOQRNN,BTC-USD,2026-06-06 17:45:00,0.00443471,0.0044645406
PSOQRNN,BTC-USD,2026-06-06 18:00:00,0.0044414587,0.004401698
PSOQRNN,BTC-USD,2026-06-06 18:15:00,0.0044620004,0.0044083055
PSOQRNN,BTC-USD,2026-06-06 18:30:00,0.0044026114,0.0043837284
PSOQRNN,BTC-USD,2026-06-06 18:45:00,0.004412527,0.004383935
PSOQRNN,BTC-USD,2026-06-06 19:00:00,0.004424434,0.00437628
PSOQRNN,BTC-USD,2026-06-06 19:15:00,0.004380114,0.004377218
PSOQRNN,BTC-USD,2026-06-06 19:30:00,0.00440434,0.0043749874
PSOQRNN,BTC-USD,2026-06-06 19:45:00,0.004397263,0.004374988
PSOQRNN,BTC-USD,2026-06-06 20:00:00,0.0043947925,0.004354865
PSOQRNN,BTC-USD,2026-06-06 20:15:00,0.0043933876,0.0043542273
PSOQRNN,BTC-USD,2026-06-06 20:30:00,0.0044140494,0.004335119
PSOQRNN,BTC-USD,2026-06-06 20:45:00,0.0043691024,0.0043241004
PSOQRNN,BTC-USD,2026-06-06 21:00:00,0.004389339,0.004315335
PSOQRNN,BTC-USD,2026-06-06 21:15:00,0.004371848,0.004316012
PSOQRNN,BTC-USD,2026-06-06 21:30:00,0.004346361,0.0043153586
PSOQRNN,BTC-USD,2026-06-06 21:45:00,0.0043468666,0.0043058656
PSOQRNN,BTC-USD,2026-06-06 22:00:00,0.004326232,0.0043031895
PSOQRNN,BTC-USD,2026-06-06 22:15:00,0.004316975,0.0043048803
PSOQRNN,BTC-USD,2026-06-06 22:30:00,0.004377887,0.0043005957
PSOQRNN,BTC-USD,2026-06-06 22:45:00,0.004344834,0.004289947
PSOQRNN,BTC-USD,2026-06-06 23:00:00,0.0043718396,0.0042876014
PSOQRNN,BTC-USD,2026-06-06 23:15:00,0.004338628,0.004286219
PSOQRNN,BTC-USD,2026-06-06 23:30:00,0.004367452,0.0042891335
PSOQRNN,BTC-USD,2026-06-06 23:45:00,0.0043462096,0.004284306
PSOQRNN,BTC-USD,2026-06-07 00:00:00,0.0043245275,0.0042764987
PSOQRNN,BTC-USD,2026-06-07 00:15:00,0.004337068,0.0042510587
PSOQRNN,BTC-USD,2026-06-07 00:30:00,0.004304907,0.004251023
PSOQRNN,BTC-USD,2026-06-07 00:45:00,0.0043126335,0.0042345435
PSOQRNN,BTC-USD,2026-06-07 01:00:00,0.004390819,0.0042509194
PSOQRNN,BTC-USD,2026-06-07 01:15:00,0.0043727267,0.004250055
PSOQRNN,BTC-USD,2026-06-07 01:30:00,0.004276899,0.004247926
PSOQRNN,BTC-USD,2026-06-07 01:45:00,0.004314707,0.004238052
PSOQRNN,BTC-USD,2026-06-07 02:00:00,0.004293045,0.0042355005
PSOQRNN,BTC-USD,2026-06-07 02:15:00,0.004269568,0.00422471
PSOQRNN,BTC-USD,2026-06-07 02:30:00,0.0043066936,0.004210287
PSOQRNN,BTC-USD,2026-06-07 02:45:00,0.0043172147,0.004204346
PSOQRNN,BTC-USD,2026-06-07 03:00:00,0.0042840713,0.0042044725
PSOQRNN,BTC-USD,2026-06-07 03:15:00,0.004303761,0.0041451994
PSOQRNN,BTC-USD,2026-06-07 03:30:00,0.004233011,0.004131948
PSOQRNN,BTC-USD,2026-06-07 03:45:00,0.004229576,0.00412756
PSOQRNN,BTC-USD,2026-06-07 04:00:00,0.0041906345,0.0041268314
PSOQRNN,BTC-USD,2026-06-07 04:15:00,0.0042201844,0.004111488
PSOQRNN,BTC-USD,2026-06-07 04:30:00,0.0042370516,0.0040736226
PSOQRNN,BTC-USD,2026-06-07 04:45:00,0.0042020655,0.0040557017
PSOQRNN,BTC-USD,2026-06-07 05:00:00,0.0041590254,0.004051432
PSOQRNN,BTC-USD,2026-06-07 05:15:00,0.0041298848,0.0040478357
PSOQRNN,BTC-USD,2026-06-07 05:30:00,0.004179626,0.0040480914
PSOQRNN,BTC-USD,2026-06-07 05:45:00,0.004131324,0.0040496318
PSOQRNN,BTC-USD,2026-06-07 06:00:00,0.0041419016,0.004029191
PSOQRNN,BTC-USD,2026-06-07 06:15:00,0.004188617,0.0040224204
PSOQRNN,BTC-USD,2026-06-07 06:30:00,0.00417357,0.004027766
PSOQRNN,BTC-USD,2026-06-07 06:45:00,0.004119007,0.004028422
PSOQRNN,BTC-USD,2026-06-07 07:00:00,0.004143359,0.0040228176
PSOQRNN,BTC-USD,2026-06-07 07:15:00,0.0041503725,0.004024097
PSOQRNN,BTC-USD,2026-06-07 07:30:00,0.004134593,0.0040217405
PSOQRNN,BTC-USD,2026-06-07 07:45:00,0.004161849,0.00402039
PSOQRNN,BTC-USD,2026-06-07 08:00:00,0.004128062,0.004020324
PSOQRNN,BTC-USD,2026-06-07 08:15:00,0.0041565523,0.0040067183
PSOQRNN,BTC-USD,2026-06-07 08:30:00,0.0041251252,0.0040032337
PSOQRNN,BTC-USD,2026-06-07 08:45:00,0.0041662287,0.003984574
PSOQRNN,BTC-USD,2026-06-07 09:00:00,0.0040959036,0.003966426
PSOQRNN,BTC-USD,2026-06-07 09:15:00,0.0040602717,0.0039016693
PSOQRNN,BTC-USD,2026-06-07 09:30:00,0.003997826,0.0039046458
PSOQRNN,BTC-USD,2026-06-07 09:45:00,0.004030741,0.0039031254
PSOQRNN,BTC-USD,2026-06-07 10:00:00,0.0040058647,0.0039044048
PSOQRNN,BTC-USD,2026-06-07 10:15:00,0.0040494893,0.0038981976
PSOQRNN,BTC-USD,2026-06-07 10:30:00,0.0039973,0.0038867514
PSOQRNN,BTC-USD,2026-06-07 10:45:00,0.00401523,0.003883585
PSOQRNN,BTC-USD,2026-06-07 11:00:00,0.0040282337,0.0038839236
PSOQRNN,BTC-USD,2026-06-07 11:15:00,0.0040216786,0.0038806745
PSOQRNN,BTC-USD,2026-06-07 11:30:00,0.004034488,0.0038767536
PSOQRNN,BTC-USD,2026-06-07 11:45:00,0.0039957208,0.0038761538
PSOQRNN,BTC-USD,2026-06-07 12:00:00,0.0038990527,0.003910359
PSOQRNN,BTC-USD,2026-06-07 12:15:00,0.004007766,0.0039029543
PSOQRNN,BTC-USD,2026-06-07 12:30:00,0.003973407,0.003913839
PSOQRNN,BTC-USD,2026-06-07 12:45:00,0.004081193,0.0039167088
PSOQRNN,BTC-USD,2026-06-07 13:00:00,0.004017304,0.0039187144
PSOQRNN,BTC-USD,2026-06-07 13:15:00,0.0040556076,0.0039188503
PSOQRNN,BTC-USD,2026-06-07 13:30:00,0.0040243096,0.0039169
PSOQRNN,BTC-USD,2026-06-07 13:45:00,0.004034631,0.003910449
PSOQRNN,BTC-USD,2026-06-07 14:00:00,0.0040503764,0.0039096824
PSOQRNN,BTC-USD,2026-06-07 14:15:00,0.004083634,0.0039192033
PSOQRNN,BTC-USD,2026-06-07 14:30:00,0.0040271627,0.003908228
PSOQRNN,BTC-USD,2026-06-07 14:45:00,0.0040183016,0.0039069126
PSOQRNN,BTC-USD,2026-06-07 15:00:00,0.0040197154,0.00390151
PSOQRNN,BTC-USD,2026-06-07 15:15:00,0.004046623,0.0038958557
PSOQRNN,BTC-USD,2026-06-07 15:30:00,0.004049303,0.0038946192
PSOQRNN,BTC-USD,2026-06-07 15:45:00,0.004018089,0.0038859467
PSOQRNN,BTC-USD,2026-06-07 16:00:00,0.0040258393,0.003886152
PSOQRNN,BTC-USD,2026-06-07 16:15:00,0.004016624,0.0038861576
PSOQRNN,BTC-USD,2026-06-07 16:30:00,0.004010677,0.0038844836
PSOQRNN,BTC-USD,2026-06-07 16:45:00,0.0039986465,0.003884608
PSOQRNN,BTC-USD,2026-06-07 17:00:00,0.0040465733,0.0038859376
PSOQRNN,BTC-USD,2026-06-07 17:15:00,0.00400615,0.0038565747
PSOQRNN,BTC-USD,2026-06-07 17:30:00,0.0039915037,0.0038563756
PSOQRNN,BTC-USD,2026-06-07 17:45:00,0.003966166,0.0038555763
PSOQRNN,BTC-USD,2026-06-07 18:00:00,0.0040056594,0.0038502838
PSOQRNN,BTC-USD,2026-06-07 18:15:00,0.0039717746,0.003844109
PSOQRNN,BTC-USD,2026-06-07 18:30:00,0.0039708484,0.003843446
PSOQRNN,BTC-USD,2026-06-07 18:45:00,0.0039432575,0.003846808
PSOQRNN,BTC-USD,2026-06-07 19:00:00,0.003904074,0.0038640515
PSOQRNN,BTC-USD,2026-06-07 19:15:00,0.0039629703,0.0038511234
PSOQRNN,BTC-USD,2026-06-07 19:30:00,0.003932733,0.0038556056
PSOQRNN,BTC-USD,2026-06-07 19:45:00,0.0040048896,0.0038110923
PSOQRNN,BTC-USD,2026-06-07 20:00:00,0.0039876676,0.0038141143
PSOQRNN,BTC-USD,2026-06-07 20:15:00,0.003973726,0.0038149264
PSOQRNN,BTC-USD,2026-06-07 20:30:00,0.0039555538,0.0037643556
PSOQRNN,BTC-USD,2026-06-07 20:45:00,0.0039144843,0.0037224118
PSOQRNN,BTC-USD,2026-06-07 21:00:00,0.0038740905,0.0037159305
PSOQRNN,BTC-USD,2026-06-07 21:15:00,0.0038226396,0.0036949804
PSOQRNN,BTC-USD,2026-06-07 21:30:00,0.0038194135,0.0036620137
PSOQRNN,BTC-USD,2026-06-07 21:45:00,0.0038120248,0.0036566118
PSOQRNN,BTC-USD,2026-06-07 22:00:00,0.0039850557,0.0040331255
PSOQRNN,BTC-USD,2026-06-07 22:15:00,0.0040287673,0.0040004705
PSOQRNN,BTC-USD,2026-06-07 22:30:00,0.0041418164,0.003954699
PSOQRNN,BTC-USD,2026-06-07 22:45:00,0.004019965,0.0039588446
PSOQRNN,BTC-USD,2026-06-07 23:00:00,0.004103116,0.00395045
PSOQRNN,BTC-USD,2026-06-07 23:15:00,0.0041149,0.0039591487
PSOQRNN,BTC-USD,2026-06-07 23:30:00,0.004083232,0.0039501907
PSOQRNN,BTC-USD,2026-06-07 23:45:00,0.004078018,0.0039492906
PSOQRNN,BTC-USD,2026-06-08 00:00:00,0.0040509184,0.003905596
PSOQRNN,BTC-USD,2026-06-08 00:15:00,0.00407561,0.003914008
PSOQRNN,BTC-USD,2026-06-08 00:30:00,0.0040745684,0.003907976
PSOQRNN,BTC-USD,2026-06-08 00:45:00,0.0040189857,0.0039087087
PSOQRNN,BTC-USD,2026-06-08 01:00:00,0.003921494,0.003949513
PSOQRNN,BTC-USD,2026-06-08 01:15:00,0.0040253773,0.003952917
PSOQRNN,BTC-USD,2026-06-08 01:30:00,0.004122023,0.003962703
PSOQRNN,BTC-USD,2026-06-08 01:45:00,0.004098027,0.0039614476
PSOQRNN,BTC-USD,2026-06-08 02:00:00,0.004065194,0.0039554546
PSOQRNN,BTC-USD,2026-06-08 02:15:00,0.004071406,0.003952749
PSOQRNN,BTC-USD,2026-06-08 02:30:00,0.00406486,0.0039367317
PSOQRNN,BTC-USD,2026-06-08 02:45:00,0.004070375,0.003934548
PSOQRNN,BTC-USD,2026-06-08 03:00:00,0.0040838225,0.003934034
PSOQRNN,BTC-USD,2026-06-08 03:15:00,0.0040325383,0.0039359774
PSOQRNN,BTC-USD,2026-06-08 03:30:00,0.004053843,0.0039295843
PSOQRNN,BTC-USD,2026-06-08 03:45:00,0.0040512746,0.0039295466
PSOQRNN,BTC-USD,2026-06-08 04:00:00,0.004029431,0.003931727
PSOQRNN,BTC-USD,2026-06-08 04:15:00,0.004043939,0.0039298534
PSOQRNN,BTC-USD,2026-06-08 04:30:00,0.004008674,0.0039266977
PSOQRNN,BTC-USD,2026-06-08 04:45:00,0.0040560067,0.0037557748
PSOQRNN,BTC-USD,2026-06-08 05:00:00,0.0038641754,0.003757419
PSOQRNN,BTC-USD,2026-06-08 05:15:00,0.003917528,0.0037274153
PSOQRNN,BTC-USD,2026-06-08 05:30:00,0.0038202712,0.0037118345
PSOQRNN,BTC-USD,2026-06-08 05:45:00,0.0038954117,0.0037224796
PSOQRNN,BTC-USD,2026-06-08 06:00:00,0.0038889912,0.0037145724
PSOQRNN,BTC-USD,2026-06-08 06:15:00,0.003873546,0.0037114227
PSOQRNN,BTC-USD,2026-06-08 06:30:00,0.003840849,0.0036855328
PSOQRNN,BTC-USD,2026-06-08 06:45:00,0.0038160612,0.0036848113
PSOQRNN,BTC-USD,2026-06-08 07:00:00,0.003837729,0.0036587087
PSOQRNN,BTC-USD,2026-06-08 07:15:00,0.0038130553,0.003659789
PSOQRNN,BTC-USD,2026-06-08 07:30:00,0.0037850956,0.003658772
PSOQRNN,BTC-USD,2026-06-08 07:45:00,0.0038248661,0.0036172317
PSOQRNN,BTC-USD,2026-06-08 08:00:00,0.003739234,0.0036010933
PSOQRNN,BTC-USD,2026-06-08 08:15:00,0.0037239739,0.0035809618
PSOQRNN,BTC-USD,2026-06-08 08:30:00,0.0037273886,0.0035808
PSOQRNN,BTC-USD,2026-06-08 08:45:00,0.00371146,0.0035807912
PSOQRNN,BTC-USD,2026-06-08 09:00:00,0.0037502763,0.0035798168
PSOQRNN,BTC-USD,2026-06-08 09:15:00,0.0037241818,0.0035446242
PSOQRNN,BTC-USD,2026-06-08 09:30:00,0.0036773912,0.0035372956
PSOQRNN,BTC-USD,2026-06-08 09:45:00,0.0036943615,0.0034859427
PSOQRNN,BTC-USD,2026-06-08 10:00:00,0.003599986,0.0034882217
PSOQRNN,BTC-USD,2026-06-08 10:15:00,0.0035804503,0.0034638683
PSOQRNN,BTC-USD,2026-06-08 10:30:00,0.0036041448,0.0034612678
PSOQRNN,BTC-USD,2026-06-08 10:45:00,0.0035842364,0.003413771
PSOQRNN,BTC-USD,2026-06-08 11:00:00,0.0035797637,0.0033805002
PSOQRNN,BTC-USD,2026-06-08 11:15:00,0.0035364951,0.0033841454
PSOQRNN,BTC-USD,2026-06-08 11:30:00,0.0035122656,0.0033669174
PSOQRNN,BTC-USD,2026-06-08 11:45:00,0.003463313,0.0033486618
PSOQRNN,BTC-USD,2026-06-08 12:00:00,0.0033304575,0.003423908
PSOQRNN,BTC-USD,2026-06-08 12:15:00,0.0036072205,0.0034300927
PSOQRNN,BTC-USD,2026-06-08 12:30:00,0.003635953,0.0034570522
PSOQRNN,BTC-USD,2026-06-08 12:45:00,0.0036158878,0.003455106
PSOQRNN,BTC-USD,2026-06-08 13:00:00,0.0035797753,0.00344128
PSOQRNN,BTC-USD,2026-06-08 13:15:00,0.0035403543,0.003445253
PSOQRNN,BTC-USD,2026-06-08 13:30:00,0.003556237,0.0034362176
PSOQRNN,BTC-USD,2026-06-08 13:45:00,0.0036082903,0.0034420663
PSOQRNN,BTC-USD,2026-06-08 14:00:00,0.003590429,0.0034305572
PSOQRNN,BTC-USD,2026-06-08 14:15:00,0.003541397,0.003410524
PSOQRNN,BTC-USD,2026-06-08 14:30:00,0.0035614327,0.0034104402
PSOQRNN,BTC-USD,2026-06-08 14:45:00,0.003546533,0.0034028247
PSOQRNN,BTC-USD,2026-06-08 15:00:00,0.0035644604,0.003389665
PSOQRNN,BTC-USD,2026-06-08 15:15:00,0.0034825478,0.0033933225
PSOQRNN,BTC-USD,2026-06-08 15:30:00,0.0034972285,0.003393888
PSOQRNN,BTC-USD,2026-06-08 15:45:00,0.0035047026,0.0033947674
PSOQRNN,BTC-USD,2026-06-08 16:00:00,0.003525303,0.0033922086
PSOQRNN,BTC-USD,2026-06-08 16:15:00,0.003528755,0.0033897979
PSOQRNN,BTC-USD,2026-06-08 16:30:00,0.003480557,0.0033864584
PSOQRNN,BTC-USD,2026-06-08 16:45:00,0.0034880645,0.003389755
PSOQRNN,BTC-USD,2026-06-08 17:00:00,0.0034864044,0.0033894256
PSOQRNN,BTC-USD,2026-06-08 17:15:00,0.0035573584,0.003399009
PSOQRNN,BTC-USD,2026-06-08 17:30:00,0.0034819813,0.0034069628
PSOQRNN,BTC-USD,2026-06-08 17:45:00,0.0035606017,0.003410699
PSOQRNN,BTC-USD,2026-06-08 18:00:00,0.0035451374,0.0034097934
PSOQRNN,BTC-USD,2026-06-08 18:15:00,0.003545442,0.0034088152
PSOQRNN,BTC-USD,2026-06-08 18:30:00,0.0035106873,0.00341031
PSOQRNN,BTC-USD,2026-06-08 18:45:00,0.0035334,0.00341046
PSOQRNN,BTC-USD,2026-06-08 19:00:00,0.0035293915,0.003358387
PSOQRNN,BTC-USD,2026-06-08 19:15:00,0.0034973253,0.0033557226
PSOQRNN,BTC-USD,2026-06-08 19:30:00,0.0034730907,0.0033498437
PSOQRNN,BTC-USD,2026-06-08 19:45:00,0.003452842,0.003339449
PSOQRNN,BTC-USD,2026-06-08 20:00:00,0.0034380052,0.0033341523
PSOQRNN,BTC-USD,2026-06-08 20:15:00,0.003442891,0.0032166229
PSOQRNN,BTC-USD,2026-06-08 20:30:00,0.003356973,0.0032229326
PSOQRNN,BTC-USD,2026-06-08 20:45:00,0.0033450522,0.0032217072
PSOQRNN,BTC-USD,2026-06-08 21:00:00,0.0033651537,0.0032229035
PSOQRNN,BTC-USD,2026-06-08 21:15:00,0.0033298326,0.003219865
PSOQRNN,BTC-USD,2026-06-08 21:30:00,0.0033442695,0.0032129902
PSOQRNN,BTC-USD,2026-06-08 21:45:00,0.0033008826,0.0032149616
PSOQRNN,BTC-USD,2026-06-08 22:00:00,0.0032441737,0.0032312647
PSOQRNN,BTC-USD,2026-06-08 22:15:00,0.0033502807,0.0032248478
PSOQRNN,BTC-USD,2026-06-08 22:30:00,0.003322548,0.0032224467
PSOQRNN,BTC-USD,2026-06-08 22:45:00,0.003350984,0.0032246138
PSOQRNN,BTC-USD,2026-06-08 23:00:00,0.0033546323,0.0032245768
PSOQRNN,BTC-USD,2026-06-08 23:15:00,0.003252941,0.0032430284
PSOQRNN,BTC-USD,2026-06-08 23:30:00,0.0033492134,0.0032422035
PSOQRNN,BTC-USD,2026-06-08 23:45:00,0.0033453503,0.0032408657
PSOQRNN,BTC-USD,2026-06-09 00:00:00,0.0033359197,0.003241774
PSOQRNN,BTC-USD,2026-06-09 00:15:00,0.0033025953,0.0032534038
PSOQRNN,BTC-USD,2026-06-09 00:30:00,0.003362273,0.0032453663
PSOQRNN,BTC-USD,2026-06-09 00:45:00,0.0033308475,0.0032461537
PSOQRNN,BTC-USD,2026-06-09 01:00:00,0.0033724897,0.0032258339
PSOQRNN,BTC-USD,2026-06-09 01:15:00,0.0033528542,0.003226378
PSOQRNN,BTC-USD,2026-06-09 01:30:00,0.0033207487,0.0032250737
PSOQRNN,BTC-USD,2026-06-09 01:45:00,0.003340984,0.003220168
PSOQRNN,BTC-USD,2026-06-09 02:00:00,0.003322275,0.0032202492
PSOQRNN,BTC-USD,2026-06-09 02:15:00,0.0033343036,0.003216356
PSOQRNN,BTC-USD,2026-06-09 02:30:00,0.0033022424,0.0032188925
PSOQRNN,BTC-USD,2026-06-09 02:45:00,0.0033589075,0.0032253892
PSOQRNN,BTC-USD,2026-06-09 03:00:00,0.0033390895,0.0032166697
PSOQRNN,BTC-USD,2026-06-09 03:15:00,0.003305351,0.0032034125
PSOQRNN,BTC-USD,2026-06-09 03:30:00,0.0033098185,0.0032027976
PSOQRNN,BTC-USD,2026-06-09 03:45:00,0.0033153982,0.0031966844
PSOQRNN,BTC-USD,2026-06-09 04:00:00,0.0033062978,0.0031967454
PSOQRNN,BTC-USD,2026-06-09 04:15:00,0.0032808175,0.003196124
PSOQRNN,BTC-USD,2026-06-09 04:30:00,0.003365163,0.0032255615
PSOQRNN,BTC-USD,2026-06-09 04:45:00,0.003333997,0.0032230106
PSOQRNN,BTC-USD,2026-06-09 05:00:00,0.0033285888,0.0032209107
PSOQRNN,BTC-USD,2026-06-09 05:15:00,0.0033399563,0.0032212974
PSOQRNN,BTC-USD,2026-06-09 05:30:00,0.0033373819,0.003221087
PSOQRNN,BTC-USD,2026-06-09 05:45:00,0.0033230835,0.0032170007
PSOQRNN,BTC-USD,2026-06-09 06:00:00,0.0033279452,0.0032110752
PSOQRNN,BTC-USD,2026-06-09 06:15:00,0.003326158,0.0032111758
PSOQRNN,BTC-USD,2026-06-09 06:30:00,0.0033035213,0.0032069879
PSOQRNN,BTC-USD,2026-06-09 06:45:00,0.0033038522,0.0032062621
PSOQRNN,BTC-USD,2026-06-09 07:00:00,0.0033105218,0.00320629
PSOQRNN,BTC-USD,2026-06-09 07:15:00,0.0032655376,0.0032126838
PSOQRNN,BTC-USD,2026-06-09 07:30:00,0.0033422103,0.003212368
PSOQRNN,BTC-USD,2026-06-09 07:45:00,0.0033197992,0.0032123677
PSOQRNN,BTC-USD,2026-06-09 08:00:00,0.0032716212,0.0032237577
PSOQRNN,BTC-USD,2026-06-09 08:15:00,0.0033236926,0.003223672
PSOQRNN,BTC-USD,2026-06-09 08:30:00,0.0033470518,0.0032249202
PSOQRNN,BTC-USD,2026-06-09 08:45:00,0.0033093449,0.003225093
PSOQRNN,BTC-USD,2026-06-09 09:00:00,0.0033339434,0.003223464
PSOQRNN,BTC-USD,2026-06-09 09:15:00,0.0033249853,0.0032161723
PSOQRNN,BTC-USD,2026-06-09 09:30:00,0.0032975618,0.003217927
PSOQRNN,BTC-USD,2026-06-09 09:45:00,0.0033318547,0.0032180946
PSOQRNN,BTC-USD,2026-06-09 10:00:00,0.0033354964,0.0032176175
PSOQRNN,BTC-USD,2026-06-09 10:15:00,0.003317716,0.003215712
PSOQRNN,BTC-USD,2026-06-09 10:30:00,0.0033145375,0.0032161484
PSOQRNN,BTC-USD,2026-06-09 10:45:00,0.003335588,0.0032168706
PSOQRNN,BTC-USD,2026-06-09 11:00:00,0.0032782203,0.0032278663
PSOQRNN,BTC-USD,2026-06-09 11:15:00,0.0033473556,0.003228452
PSOQRNN,BTC-USD,2026-06-09 11:30:00,0.0033416292,0.0032256746
PSOQRNN,BTC-USD,2026-06-09 11:45:00,0.0033457049,0.0032262895
PSOQRNN,BTC-USD,2026-06-09 12:00:00,0.0033546921,0.0032265766
PSOQRNN,BTC-USD,2026-06-09 12:15:00,0.0033020603,0.0032320875
PSOQRNN,BTC-USD,2026-06-09 12:30:00,0.0033173156,0.0032343152
PSOQRNN,BTC-USD,2026-06-09 12:45:00,0.003360353,0.0032350817
PSOQRNN,BTC-USD,2026-06-09 13:00:00,0.003331476,0.003232805
PSOQRNN,BTC-USD,2026-06-09 13:15:00,0.0033031092,0.0032358463
PSOQRNN,BTC-USD,2026-06-09 13:30:00,0.0033597895,0.003234461
PSOQRNN,BTC-USD,2026-06-09 13:45:00,0.003317231,0.0032382775
PSOQRNN,BTC-USD,2026-06-09 14:00:00,0.0032994691,0.0032468287
PSOQRNN,BTC-USD,2026-06-09 14:15:00,0.0032812944,0.0032750631
PSOQRNN,BTC-USD,2026-06-09 14:30:00,0.0033462842,0.0032810539
PSOQRNN,BTC-USD,2026-06-09 14:45:00,0.003423912,0.0032859587
PSOQRNN,BTC-USD,2026-06-09 15:00:00,0.003417575,0.0032867775
PSOQRNN,BTC-USD,2026-06-09 15:15:00,0.0033425486,0.0033042778
PSOQRNN,BTC-USD,2026-06-09 15:30:00,0.0034205383,0.0033039367
PSOQRNN,BTC-USD,2026-06-09 15:45:00,0.0033883478,0.0033095346
PSOQRNN,BTC-USD,2026-06-09 16:00:00,0.0034043468,0.0032693036
PSOQRNN,BTC-USD,2026-06-09 16:15:00,0.0033878223,0.0032518932
PSOQRNN,BTC-USD,2026-06-09 16:30:00,0.0033978026,0.003254806
PSOQRNN,BTC-USD,2026-06-09 16:45:00,0.0033880207,0.0032578036
PSOQRNN,BTC-USD,2026-06-09 17:00:00,0.0034043603,0.003265173
PSOQRNN,BTC-USD,2026-06-09 17:15:00,0.0034000846,0.003263857
PSOQRNN,BTC-USD,2026-06-09 17:30:00,0.0033661374,0.0032637469
PSOQRNN,BTC-USD,2026-06-09 17:45:00,0.003375913,0.003258277
PSOQRNN,BTC-USD,2026-06-09 18:00:00,0.0033799992,0.003258762
PSOQRNN,BTC-USD,2026-06-09 18:15:00,0.0033665164,0.0032559363
PSOQRNN,BTC-USD,2026-06-09 18:30:00,0.0033436394,0.0032589415
PSOQRNN,BTC-USD,2026-06-09 18:45:00,0.003401096,0.0032646128
PSOQRNN,BTC-USD,2026-06-09 19:00:00,0.0033750394,0.003261129
PSOQRNN,BTC-USD,2026-06-09 19:15:00,0.0033886728,0.0032625801
PSOQRNN,BTC-USD,2026-06-09 19:30:00,0.0033768003,0.0032579193
PSOQRNN,BTC-USD,2026-06-09 19:45:00,0.0034033714,0.003261742
PSOQRNN,BTC-USD,2026-06-09 20:00:00,0.003390143,0.0032633422
PSOQRNN,BTC-USD,2026-06-09 20:15:00,0.0033580293,0.0032616826
PSOQRNN,BTC-USD,2026-06-09 20:30:00,0.0033799976,0.0032586914
PSOQRNN,BTC-USD,2026-06-09 20:45:00,0.0033747752,0.0032563554
PSOQRNN,BTC-USD,2026-06-09 21:00:00,0.003364323,0.0032555193
PSOQRNN,BTC-USD,2026-06-09 21:15:00,0.0033073141,0.0032597254
PSOQRNN,BTC-USD,2026-06-09 21:30:00,0.0033694413,0.003250855
PSOQRNN,BTC-USD,2026-06-09 21:45:00,0.003355389,0.0032495433
PSOQRNN,BTC-USD,2026-06-09 22:00:00,0.0033726795,0.0032503917
PSOQRNN,BTC-USD,2026-06-09 22:15:00,0.0033559562,0.00324899
PSOQRNN,BTC-USD,2026-06-09 22:30:00,0.0033685,0.003249518
PSOQRNN,BTC-USD,2026-06-09 22:45:00,0.0033369996,0.0032476673
PSOQRNN,BTC-USD,2026-06-09 23:00:00,0.0033618186,0.0032477498
PSOQRNN,BTC-USD,2026-06-09 23:15:00,0.0033492846,0.0032446636
PSOQRNN,BTC-USD,2026-06-09 23:30:00,0.0033440087,0.0032450233
PSOQRNN,BTC-USD,2026-06-09 23:45:00,0.0033709058,0.003232753
PSOQRNN,BTC-USD,2026-06-10 00:00:00,0.003358555,0.0032346991
PSOQRNN,BTC-USD,2026-06-10 00:15:00,0.0033454644,0.0032320656
PSOQRNN,BTC-USD,2026-06-10 00:30:00,0.0032800783,0.0032459176
PSOQRNN,BTC-USD,2026-06-10 00:45:00,0.0034175387,0.003272845
PSOQRNN,BTC-USD,2026-06-10 01:00:00,0.0033701272,0.0032717476
PSOQRNN,BTC-USD,2026-06-10 01:15:00,0.0033859469,0.003269687
PSOQRNN,BTC-USD,2026-06-10 01:30:00,0.003349861,0.0032718305
PSOQRNN,BTC-USD,2026-06-10 01:45:00,0.0033974827,0.0032728263
PSOQRNN,BTC-USD,2026-06-10 02:00:00,0.0033591448,0.0032749563
PSOQRNN,BTC-USD,2026-06-10 02:15:00,0.003375397,0.0032752089
PSOQRNN,BTC-USD,2026-06-10 02:30:00,0.0033681125,0.003273523
PSOQRNN,BTC-USD,2026-06-10 02:45:00,0.0033755945,0.003273771
PSOQRNN,BTC-USD,2026-06-10 03:00:00,0.0034087729,0.0032318865
PSOQRNN,BTC-USD,2026-06-10 03:15:00,0.0033615516,0.0032312977
PSOQRNN,BTC-USD,2026-06-10 03:30:00,0.0033321467,0.003217867
PSOQRNN,BTC-USD,2026-06-10 03:45:00,0.003328274,0.0032075662
PSOQRNN,BTC-USD,2026-06-10 04:00:00,0.003305237,0.0032051925
PSOQRNN,BTC-USD,2026-06-10 04:15:00,0.0033042298,0.0032044838
PSOQRNN,BTC-USD,2026-06-10 04:30:00,0.0032655692,0.003212713
PSOQRNN,BTC-USD,2026-06-10 04:45:00,0.0033298451,0.0032133448
PSOQRNN,BTC-USD,2026-06-10 05:00:00,0.0032970451,0.0032147393
PSOQRNN,BTC-USD,2026-06-10 05:15:00,0.0033358315,0.0032021524
PSOQRNN,BTC-USD,2026-06-10 05:30:00,0.0033100694,0.0032010619
PSOQRNN,BTC-USD,2026-06-10 05:45:00,0.003316821,0.0032008623
PSOQRNN,BTC-USD,2026-06-10 06:00:00,0.0033113924,0.0032003871
PSOQRNN,BTC-USD,2026-06-10 06:15:00,0.0032970677,0.0031986255
PSOQRNN,BTC-USD,2026-06-10 06:30:00,0.0033171773,0.0031959014
PSOQRNN,BTC-USD,2026-06-10 06:45:00,0.003305058,0.0031960844
PSOQRNN,BTC-USD,2026-06-10 07:00:00,0.0033163226,0.0031970083
PSOQRNN,BTC-USD,2026-06-10 07:15:00,0.0033127866,0.0031978963
PSOQRNN,BTC-USD,2026-06-10 07:30:00,0.0033200416,0.0032000195
PSOQRNN,BTC-USD,2026-06-10 07:45:00,0.003289769,0.0032002714
PSOQRNN,BTC-USD,2026-06-10 08:00:00,0.0032953992,0.0031938988
PSOQRNN,BTC-USD,2026-06-10 08:15:00,0.0032800708,0.0031952208
PSOQRNN,BTC-USD,2026-06-10 08:30:00,0.0032491032,0.0032075366
PSOQRNN,BTC-USD,2026-06-10 08:45:00,0.0033136758,0.003205651
PSOQRNN,BTC-USD,2026-06-10 09:00:00,0.0032780215,0.0032087534
PSOQRNN,BTC-USD,2026-06-10 09:15:00,0.0033380918,0.0032122766
PSOQRNN,BTC-USD,2026-06-10 09:30:00,0.0033273867,0.00321282
PSOQRNN,BTC-USD,2026-06-10 09:45:00,0.0033307832,0.00320923
PSOQRNN,BTC-USD,2026-06-10 10:00:00,0.003297566,0.0031868808
PSOQRNN,BTC-USD,2026-06-10 10:15:00,0.003303524,0.0031837004
PSOQRNN,BTC-USD,2026-06-10 10:30:00,0.0032831468,0.0031724737
PSOQRNN,BTC-USD,2026-06-10 10:45:00,0.0032837128,0.00317118
PSOQRNN,BTC-USD,2026-06-10 11:00:00,0.0032342921,0.0031672646
PSOQRNN,BTC-USD,2026-06-10 11:15:00,0.0032301384,0.0031702716
PSOQRNN,BTC-USD,2026-06-10 11:30:00,0.0032789633,0.0031704262
PSOQRNN,BTC-USD,2026-06-10 11:45:00,0.0032733874,0.003169242
PSOQRNN,BTC-USD,2026-06-10 12:00:00,0.0032960572,0.0031727587
PSOQRNN,BTC-USD,2026-06-10 12:15:00,0.0032688777,0.0031681864
PSOQRNN,BTC-USD,2026-06-10 12:30:00,0.0033452816,0.0032123264
PSOQRNN,BTC-USD,2026-06-10 12:45:00,0.0032963315,0.0032140776
PSOQRNN,BTC-USD,2026-06-10 13:00:00,0.0033131167,0.0026813766
PSOQRNN,BTC-USD,2026-06-10 13:15:00,0.0027097824,0.0026227222
PSOQRNN,BTC-USD,2026-06-10 13:30:00,0.0027601947,0.0027436384
PSOQRNN,BTC-USD,2026-06-10 13:45:00,0.0027378008,0.0027367915
PSOQRNN,BTC-USD,2026-06-10 14:00:00,0.0027448758,0.0027359915
PSOQRNN,BTC-USD,2026-06-10 14:15:00,0.0027757806,0.0027232638
PSOQRNN,BTC-USD,2026-06-10 14:30:00,0.0027324902,0.0027254168
PSOQRNN,BTC-USD,2026-06-10 14:45:00,0.0027974488,0.0027372276
PSOQRNN,BTC-USD,2026-06-10 15:00:00,0.0027236126,0.002746665
PSOQRNN,BTC-USD,2026-06-10 15:15:00,0.0028324863,0.0027525395
PSOQRNN,BTC-USD,2026-06-10 15:30:00,0.0028097315,0.0027472966
PSOQRNN,BTC-USD,2026-06-10 15:45:00,0.00282199,0.0027579914
PSOQRNN,BTC-USD,2026-06-10 16:00:00,0.0027351414,0.002716774
PSOQRNN,BTC-USD,2026-06-10 16:15:00,0.0027388027,0.0027064877
PSOQRNN,BTC-USD,2026-06-10 16:30:00,0.0027248191,0.0026904612
PSOQRNN,BTC-USD,2026-06-10 16:45:00,0.0027142304,0.0026886624
PSOQRNN,BTC-USD,2026-06-10 17:00:00,0.0026896605,0.0026905208
PSOQRNN,BTC-USD,2026-06-10 17:15:00,0.0026780805,0.0026980622
PSOQRNN,BTC-USD,2026-06-10 17:30:00,0.0026955905,0.0027022003
PSOQRNN,BTC-USD,2026-06-10 17:45:00,0.0027694164,0.00271272
PSOQRNN,BTC-USD,2026-06-10 18:00:00,0.0027382926,0.0027078271
PSOQRNN,BTC-USD,2026-06-10 18:15:00,0.00274461,0.0027054355
PSOQRNN,BTC-USD,2026-06-10 18:30:00,0.00268395,0.0027180384
PSOQRNN,BTC-USD,2026-06-10 18:45:00,0.002767856,0.0027209937
PSOQRNN,BTC-USD,2026-06-10 19:00:00,0.0027281179,0.0027209765
PSOQRNN,BTC-USD,2026-06-10 19:15:00,0.002758814,0.0027209343
PSOQRNN,BTC-USD,2026-06-10 19:30:00,0.0027892129,0.0027210645
PSOQRNN,BTC-USD,2026-06-10 19:45:00,0.0027372406,0.0027218224
PSOQRNN,BTC-USD,2026-06-10 20:00:00,0.0027289258,0.0027203222
PSOQRNN,BTC-USD,2026-06-10 20:15:00,0.0027665193,0.0027181043
PSOQRNN,BTC-USD,2026-06-10 20:30:00,0.0027288203,0.00270898
PSOQRNN,BTC-USD,2026-06-10 20:45:00,0.0027355086,0.002692951
PSOQRNN,BTC-USD,2026-06-10 21:00:00,0.0026710017,0.0026985954
PSOQRNN,BTC-USD,2026-06-10 21:15:00,0.0027293176,0.0026952862
PSOQRNN,BTC-USD,2026-06-10 21:30:00,0.0027403221,0.0026975966
PSOQRNN,BTC-USD,2026-06-10 21:45:00,0.0026615735,0.0027173692
PSOQRNN,BTC-USD,2026-06-10 22:00:00,0.0027254783,0.002717903
PSOQRNN,BTC-USD,2026-06-10 22:15:00,0.002749515,0.0027158707
PSOQRNN,BTC-USD,2026-06-10 22:30:00,0.0027938872,0.0027324567
PSOQRNN,BTC-USD,2026-06-10 22:45:00,0.0027344094,0.0027311014
PSOQRNN,BTC-USD,2026-06-10 23:00:00,0.0027302366,0.0027352336
PSOQRNN,BTC-USD,2026-06-10 23:15:00,0.0028239274,0.0027577686
PSOQRNN,BTC-USD,2026-06-10 23:30:00,0.0027918709,0.0027570156
PSOQRNN,BTC-USD,2026-06-10 23:45:00,0.0027869272,0.0027569616
PSOQRNN,BTC-USD,2026-06-11 00:00:00,0.0028219419,0.0027550275
PSOQRNN,BTC-USD,2026-06-11 00:15:00,0.0028235104,0.002762435
PSOQRNN,BTC-USD,2026-06-11 00:30:00,0.0027805038,0.0027641514
PSOQRNN,BTC-USD,2026-06-11 00:45:00,0.0028074037,0.002760879
PSOQRNN,BTC-USD,2026-06-11 01:00:00,0.0028330577,0.002768171
PSOQRNN,BTC-USD,2026-06-11 01:15:00,0.0028291135,0.00276253
PSOQRNN,BTC-USD,2026-06-11 01:30:00,0.0028125762,0.0027632033
PSOQRNN,BTC-USD,2026-06-11 01:45:00,0.0027905137,0.0027632678
PSOQRNN,BTC-USD,2026-06-11 02:00:00,0.0027942213,0.0027517793
PSOQRNN,BTC-USD,2026-06-11 02:15:00,0.0027654339,0.0027463543
PSOQRNN,BTC-USD,2026-06-11 02:30:00,0.0027810184,0.002746256
PSOQRNN,BTC-USD,2026-06-11 02:45:00,0.0027915954,0.0027429604
PSOQRNN,BTC-USD,2026-06-11 03:00:00,0.0027632485,0.0026441538
PSOQRNN,BTC-USD,2026-06-11 03:15:00,0.0026696012,0.0026188002
PSOQRNN,BTC-USD,2026-06-11 03:30:00,0.0026774106,0.0025773598
PSOQRNN,BTC-USD,2026-06-11 03:45:00,0.002638969,0.0025907774
PSOQRNN,BTC-USD,2026-06-11 04:00:00,0.0025983714,0.0025906067
PSOQRNN,BTC-USD,2026-06-11 04:15:00,0.002592834,0.0025849876
PSOQRNN,BTC-USD,2026-06-11 04:30:00,0.0026011388,0.0025830052
PSOQRNN,BTC-USD,2026-06-11 04:45:00,0.0026039444,0.0025685416
PSOQRNN,BTC-USD,2026-06-11 05:00:00,0.0025572784,0.0025674843
PSOQRNN,BTC-USD,2026-06-11 05:15:00,0.0025762743,0.0025654754
PSOQRNN,BTC-USD,2026-06-11 05:30:00,0.0025842614,0.0025618407
PSOQRNN,BTC-USD,2026-06-11 05:45:00,0.0025517265,0.0025625338
PSOQRNN,BTC-USD,2026-06-11 06:00:00,0.0025989255,0.002558291
PSOQRNN,BTC-USD,2026-06-11 06:15:00,0.0025806038,0.0025534115
PSOQRNN,BTC-USD,2026-06-11 06:30:00,0.002571841,0.0025515275
PSOQRNN,BTC-USD,2026-06-11 06:45:00,0.0025211915,0.0025567731
PSOQRNN,BTC-USD,2026-06-11 07:00:00,0.0025428126,0.0025586027
PSOQRNN,BTC-USD,2026-06-11 07:15:00,0.0025882325,0.0025614135
PSOQRNN,BTC-USD,2026-06-11 07:30:00,0.002546755,0.0025560255
PSOQRNN,BTC-USD,2026-06-11 07:45:00,0.002569116,0.0025528162
PSOQRNN,BTC-USD,2026-06-11 08:00:00,0.002577799,0.0025499624
PSOQRNN,BTC-USD,2026-06-11 08:15:00,0.002576468,0.0025377432
PSOQRNN,BTC-USD,2026-06-11 08:30:00,0.0025232276,0.002527263
PSOQRNN,BTC-USD,2026-06-11 08:45:00,0.0025477982,0.0025237272
PSOQRNN,BTC-USD,2026-06-11 09:00:00,0.0025080754,0.0025248434
PSOQRNN,BTC-USD,2026-06-11 09:15:00,0.002517392,0.0025246297
PSOQRNN,BTC-USD,2026-06-11 09:30:00,0.0025460362,0.0025230362
PSOQRNN,BTC-USD,2026-06-11 09:45:00,0.0025222576,0.0025229477
PSOQRNN,BTC-USD,2026-06-11 10:00:00,0.002521364,0.0025225254
PSOQRNN,BTC-USD,2026-06-11 10:15:00,0.0025137328,0.0025208374
PSOQRNN,BTC-USD,2026-06-11 10:30:00,0.002534857,0.0025218374
PSOQRNN,BTC-USD,2026-06-11 10:45:00,0.002560093,0.0025286204
PSOQRNN,BTC-USD,2026-06-11 11:00:00,0.0025401479,0.0025258255
PSOQRNN,BTC-USD,2026-06-11 11:15:00,0.002523621,0.0025249857
PSOQRNN,BTC-USD,2026-06-11 11:30:00,0.00252094,0.0025155256
PSOQRNN,BTC-USD,2026-06-11 11:45:00,0.0025107954,0.0025138343
PSOQRNN,BTC-USD,2026-06-11 12:00:00,0.0025214672,0.0025029103
PSOQRNN,BTC-USD,2026-06-11 12:15:00,0.0024085473,0.0025456173
PSOQRNN,BTC-USD,2026-06-11 12:30:00,0.0025904817,0.002554305
PSOQRNN,BTC-USD,2026-06-11 12:45:00,0.0025744548,0.0025536756
PSOQRNN,BTC-USD,2026-06-11 13:00:00,0.0025390203,0.0025196346
PSOQRNN,BTC-USD,2026-06-11 13:15:00,0.0025046289,0.002520036
PSOQRNN,BTC-USD,2026-06-11 13:30:00,0.0025464776,0.002523696
PSOQRNN,BTC-USD,2026-06-11 13:45:00,0.0025454327,0.0025226488
PSOQRNN,BTC-USD,2026-06-11 14:00:00,0.0024713161,0.0025330419
PSOQRNN,BTC-USD,2026-06-11 14:15:00,0.002573195,0.0025041099
PSOQRNN,BTC-USD,2026-06-11 14:30:00,0.0024735366,0.00250882
PSOQRNN,BTC-USD,2026-06-11 14:45:00,0.002483357,0.002511971
PSOQRNN,BTC-USD,2026-06-11 15:00:00,0.0025059348,0.0025107192
PSOQRNN,BTC-USD,2026-06-11 15:15:00,0.002516324,0.0024952027
PSOQRNN,BTC-USD,2026-06-11 15:30:00,0.002483277,0.0024957014
PSOQRNN,BTC-USD,2026-06-11 15:45:00,0.0025058752,0.002492405
PSOQRNN,BTC-USD,2026-06-11 16:00:00,0.0025011743,0.0024911151
PSOQRNN,BTC-USD,2026-06-11 16:15:00,0.0024527619,0.0024950441
PSOQRNN,BTC-USD,2026-06-11 16:30:00,0.0024975918,0.0024939543
PSOQRNN,BTC-USD,2026-06-11 16:45:00,0.0024744142,0.0024950183
PSOQRNN,BTC-USD,2026-06-11 17:00:00,0.0024723632,0.0024971752
PSOQRNN,BTC-USD,2026-06-11 17:15:00,0.0025756103,0.0025431083
PSOQRNN,BTC-USD,2026-06-11 17:30:00,0.0026123344,0.0025697374
PSOQRNN,BTC-USD,2026-06-11 17:45:00,0.002627101,0.0025775337
PSOQRNN,BTC-USD,2026-06-11 18:00:00,0.0025572716,0.0025821363
PSOQRNN,BTC-USD,2026-06-11 18:15:00,0.0025744871,0.0025816124
PSOQRNN,BTC-USD,2026-06-11 18:30:00,0.00261874,0.002586525
PSOQRNN,BTC-USD,2026-06-11 18:45:00,0.0025810325,0.0025875196
PSOQRNN,BTC-USD,2026-06-11 19:00:00,0.002611026,0.002588381
PSOQRNN,BTC-USD,2026-06-11 19:15:00,0.0026094732,0.0025863051
PSOQRNN,BTC-USD,2026-06-11 19:30:00,0.0026128024,0.0025500727
PSOQRNN,BTC-USD,2026-06-11 19:45:00,0.0025439374,0.0025507999
PSOQRNN,BTC-USD,2026-06-11 20:00:00,0.0025387765,0.0025524765
PSOQRNN,BTC-USD,2026-06-11 20:15:00,0.0025285126,0.0025561794
PSOQRNN,BTC-USD,2026-06-11 20:30:00,0.0025462534,0.0025569308
PSOQRNN,BTC-USD,2026-06-11 20:45:00,0.0025812003,0.0025589452
PSOQRNN,BTC-USD,2026-06-11 21:00:00,0.0025921278,0.0025635252
PSOQRNN,BTC-USD,2026-06-11 21:15:00,0.002558011,0.0025637152
PSOQRNN,BTC-USD,2026-06-11 21:30:00,0.0025795277,0.0025629809
PSOQRNN,BTC-USD,2026-06-11 21:45:00,0.0025677201,0.00256251
PSOQRNN,BTC-USD,2026-06-11 22:00:00,0.002587536,0.0025646416
PSOQRNN,BTC-USD,2026-06-11 22:15:00,0.0025645134,0.0025510346
PSOQRNN,BTC-USD,2026-06-11 22:30:00,0.0025395143,0.0025482948
PSOQRNN,BTC-USD,2026-06-11 22:45:00,0.00255144,0.0025482918
PSOQRNN,BTC-USD,2026-06-11 23:00:00,0.0025348382,0.002535788
PSOQRNN,BTC-USD,2026-06-11 23:15:00,0.002534765,0.0025354757
PSOQRNN,BTC-USD,2026-06-11 23:30:00,0.0025815456,0.002545695
PSOQRNN,BTC-USD,2026-06-11 23:45:00,0.0025481775,0.0025419039
PSOQRNN,BTC-USD,2026-06-12 00:00:00,0.00256597,0.0025443803
PSOQRNN,BTC-USD,2026-06-12 00:15:00,0.0025244579,0.0025475433
PSOQRNN,BTC-USD,2026-06-12 00:30:00,0.0025598076,0.002543384
PSOQRNN,BTC-USD,2026-06-12 00:45:00,0.0025462434,0.0025430403
PSOQRNN,BTC-USD,2026-06-12 01:00:00,0.00251488,0.0025481833
PSOQRNN,BTC-USD,2026-06-12 01:15:00,0.0025283366,0.0025513775
PSOQRNN,BTC-USD,2026-06-12 01:30:00,0.002560652,0.0025510401
PSOQRNN,BTC-USD,2026-06-12 01:45:00,0.0025645304,0.00255019
PSOQRNN,BTC-USD,2026-06-12 02:00:00,0.0025939764,0.0025461952
PSOQRNN,BTC-USD,2026-06-12 02:15:00,0.0025317566,0.0025474261
PSOQRNN,BTC-USD,2026-06-12 02:30:00,0.0025651865,0.002548259
PSOQRNN,BTC-USD,2026-06-12 02:45:00,0.0025483835,0.002547303
PSOQRNN,BTC-USD,2026-06-12 03:00:00,0.0025365592,0.0025454634
PSOQRNN,BTC-USD,2026-06-12 03:15:00,0.00253166,0.0025401965
PSOQRNN,BTC-USD,2026-06-12 03:30:00,0.0025498234,0.002536499
PSOQRNN,BTC-USD,2026-06-12 03:45:00,0.0025483593,0.0025346812
PSOQRNN,BTC-USD,2026-06-12 04:00:00,0.0025346528,0.0025335646
PSOQRNN,BTC-USD,2026-06-12 04:15:00,0.0025848616,0.0025387902
PSOQRNN,BTC-USD,2026-06-12 04:30:00,0.0025297764,0.0025382133
PSOQRNN,BTC-USD,2026-06-12 04:45:00,0.002537699,0.0025333893
PSOQRNN,BTC-USD,2026-06-12 05:00:00,0.002486947,0.0025313012
PSOQRNN,BTC-USD,2026-06-12 05:15:00,0.00254186,0.0024945664
PSOQRNN,BTC-USD,2026-06-12 05:30:00,0.0024756198,0.0024834455
PSOQRNN,BTC-USD,2026-06-12 05:45:00,0.0024716968,0.0024777402
PSOQRNN,BTC-USD,2026-06-12 06:00:00,0.0024638856,0.002476418
PSOQRNN,BTC-USD,2026-06-12 06:15:00,0.0024434598,0.0024572602
PSOQRNN,BTC-USD,2026-06-12 06:30:00,0.0024051315,0.0024689953
PSOQRNN,BTC-USD,2026-06-12 06:45:00,0.002474822,0.0024616856
PSOQRNN,BTC-USD,2026-06-12 07:00:00,0.0024546448,0.0024575784
PSOQRNN,BTC-USD,2026-06-12 07:15:00,0.0024598904,0.0024577957
PSOQRNN,BTC-USD,2026-06-12 07:30:00,0.0024558485,0.0024480352
PSOQRNN,BTC-USD,2026-06-12 07:45:00,0.0024478515,0.0024446687
PSOQRNN,BTC-USD,2026-06-12 08:00:00,0.0024728156,0.0024427697
PSOQRNN,BTC-USD,2026-06-12 08:15:00,0.002474671,0.0024489341
PSOQRNN,BTC-USD,2026-06-12 08:30:00,0.002415519,0.0024520678
PSOQRNN,BTC-USD,2026-06-12 08:45:00,0.00245875,0.0024530923
PSOQRNN,BTC-USD,2026-06-12 09:00:00,0.0024626462,0.0024539605
PSOQRNN,BTC-USD,2026-06-12 09:15:00,0.0024824592,0.0024613705
PSOQRNN,BTC-USD,2026-06-12 09:30:00,0.0024772028,0.0024595628
PSOQRNN,BTC-USD,2026-06-12 09:45:00,0.0024277244,0.0024564487
PSOQRNN,BTC-USD,2026-06-12 10:00:00,0.0024523148,0.0024563877
PSOQRNN,BTC-USD,2026-06-12 10:15:00,0.0024191095,0.0024602935
PSOQRNN,BTC-USD,2026-06-12 10:30:00,0.0024668993,0.0024611573
PSOQRNN,BTC-USD,2026-06-12 10:45:00,0.002456468,0.0024519728
PSOQRNN,BTC-USD,2026-06-12 11:00:00,0.0024681373,0.0024532324
PSOQRNN,BTC-USD,2026-06-12 11:15:00,0.0024456012,0.0024507195
PSOQRNN,BTC-USD,2026-06-12 11:30:00,0.0024384847,0.0024506908
PSOQRNN,BTC-USD,2026-06-12 11:45:00,0.00243571,0.0024510114
PSOQRNN,BTC-USD,2026-06-12 12:00:00,0.002419169,0.0024544897
PSOQRNN,BTC-USD,2026-06-12 12:15:00,0.0024161607,0.0024358772
PSOQRNN,BTC-USD,2026-06-12 12:30:00,0.0024195963,0.002436186
PSOQRNN,BTC-USD,2026-06-12 12:45:00,0.0024326646,0.002435927
PSOQRNN,BTC-USD,2026-06-12 13:00:00,0.002429429,0.0024348574
PSOQRNN,BTC-USD,2026-06-12 13:15:00,0.0024122004,0.0024357608
PSOQRNN,BTC-USD,2026-06-12 13:30:00,0.0023736393,0.0024507158
PSOQRNN,BTC-USD,2026-06-12 13:45:00,0.0024570683,0.0024476263
PSOQRNN,BTC-USD,2026-06-12 14:00:00,0.0024820068,0.002458618
PSOQRNN,BTC-USD,2026-06-12 14:15:00,0.0024858825,0.0024647396
PSOQRNN,BTC-USD,2026-06-12 14:30:00,0.00243587,0.002467046
PSOQRNN,BTC-USD,2026-06-12 14:45:00,0.0025439812,0.002512362
PSOQRNN,BTC-USD,2026-06-12 15:00:00,0.002572236,0.0025337155
PSOQRNN,BTC-USD,2026-06-12 15:15:00,0.0024947068,0.002544118
PSOQRNN,BTC-USD,2026-06-12 15:30:00,0.002503676,0.002531293
PSOQRNN,BTC-USD,2026-06-12 15:45:00,0.0024751555,0.0025177721
PSOQRNN,BTC-USD,2026-06-12 16:00:00,0.0025652533,0.0025295382
PSOQRNN,BTC-USD,2026-06-12 16:15:00,0.0025389122,0.0025297506
PSOQRNN,BTC-USD,2026-06-12 16:30:00,0.0025232004,0.0025223389
PSOQRNN,BTC-USD,2026-06-12 16:45:00,0.0025472874,0.002524529
PSOQRNN,BTC-USD,2026-06-12 17:00:00,0.0025056202,0.0025216516
PSOQRNN,BTC-USD,2026-06-12 17:15:00,0.0025121984,0.0025209766
PSOQRNN,BTC-USD,2026-06-12 17:30:00,0.002523598,0.002517468
PSOQRNN,BTC-USD,2026-06-12 17:45:00,0.0025240001,0.0025163647
PSOQRNN,BTC-USD,2026-06-12 18:00:00,0.0025081816,0.002513778
PSOQRNN,BTC-USD,2026-06-12 18:15:00,0.00250728,0.00251099
PSOQRNN,BTC-USD,2026-06-12 18:30:00,0.0025264462,0.0025116717
PSOQRNN,BTC-USD,2026-06-12 18:45:00,0.0024778463,0.0025185742
PSOQRNN,BTC-USD,2026-06-12 19:00:00,0.0025234798,0.002518045
PSOQRNN,BTC-USD,2026-06-12 19:15:00,0.0025221917,0.0025176862
PSOQRNN,BTC-USD,2026-06-12 19:30:00,0.002499754,0.0025062659
PSOQRNN,BTC-USD,2026-06-12 19:45:00,0.0025000134,0.0025058035
PSOQRNN,BTC-USD,2026-06-12 20:00:00,0.0025093106,0.0025018377
PSOQRNN,BTC-USD,2026-06-12 20:15:00,0.0024784263,0.0025035958
PSOQRNN,BTC-USD,2026-06-12 20:30:00,0.0025051946,0.002503573
PSOQRNN,BTC-USD,2026-06-12 20:45:00,0.0024878352,0.0025042703
PSOQRNN,BTC-USD,2026-06-12 21:00:00,0.002530229,0.0025082615
PSOQRNN,BTC-USD,2026-06-12 21:15:00,0.002490934,0.0025096003
PSOQRNN,BTC-USD,2026-06-12 21:30:00,0.0025124948,0.002508246
PSOQRNN,BTC-USD,2026-06-12 21:45:00,0.0024974642,0.002508891
PSOQRNN,BTC-USD,2026-06-12 22:00:00,0.002513434,0.0025071122
PSOQRNN,BTC-USD,2026-06-12 22:15:00,0.0025232276,0.002507713
PSOQRNN,BTC-USD,2026-06-12 22:30:00,0.0024914492,0.0025070368
PSOQRNN,BTC-USD,2026-06-12 22:45:00,0.0025058144,0.0025053024
PSOQRNN,BTC-USD,2026-06-12 23:00:00,0.0024948916,0.0025052025
PSOQRNN,BTC-USD,2026-06-12 23:15:00,0.0025020149,0.002502844
PSOQRNN,BTC-USD,2026-06-12 23:30:00,0.0025112834,0.0024858413
PSOQRNN,BTC-USD,2026-06-12 23:45:00,0.0024952942,0.0024866257
PSOQRNN,BTC-USD,2026-06-13 00:00:00,0.0024859447,0.0024784799
PSOQRNN,BTC-USD,2026-06-13 00:15:00,0.0024619403,0.0024754715
PSOQRNN,BTC-USD,2026-06-13 00:30:00,0.0024818988,0.002475539
PSOQRNN,BTC-USD,2026-06-13 00:45:00,0.002471212,0.0024746454
PSOQRNN,BTC-USD,2026-06-13 01:00:00,0.0024820622,0.0024728277
PSOQRNN,BTC-USD,2026-06-13 01:15:00,0.0024675252,0.002471557
PSOQRNN,BTC-USD,2026-06-13 01:30:00,0.0024832555,0.0024728663
PSOQRNN,BTC-USD,2026-06-13 01:45:00,0.002482691,0.0024732552
PSOQRNN,BTC-USD,2026-06-13 02:00:00,0.002459973,0.00246338
PSOQRNN,BTC-USD,2026-06-13 02:15:00,0.0024430074,0.0024544776
PSOQRNN,BTC-USD,2026-06-13 02:30:00,0.0024305175,0.0024561153
PSOQRNN,BTC-USD,2026-06-13 02:45:00,0.0024524364,0.0024561181
PSOQRNN,BTC-USD,2026-06-13 03:00:00,0.0024516324,0.002450844
PSOQRNN,BTC-USD,2026-06-13 03:15:00,0.0024163623,0.0024551898
PSOQRNN,BTC-USD,2026-06-13 03:30:00,0.0024467697,0.0023981791
PSOQRNN,BTC-USD,2026-06-13 03:45:00,0.0023889772,0.0023942962
PSOQRNN,BTC-USD,2026-06-13 04:00:00,0.0023778256,0.00239387
PSOQRNN,BTC-USD,2026-06-13 04:15:00,0.002384199,0.0023938385
PSOQRNN,BTC-USD,2026-06-13 04:30:00,0.0023946145,0.002253444
PSOQRNN,BTC-USD,2026-06-13 04:45:00,0.002205294,0.0022452914
PSOQRNN,BTC-USD,2026-06-13 05:00:00,0.002229279,0.0022412804
PSOQRNN,BTC-USD,2026-06-13 05:15:00,0.0022151389,0.0022409495
PSOQRNN,BTC-USD,2026-06-13 05:30:00,0.0022172574,0.0022375027
PSOQRNN,BTC-USD,2026-06-13 05:45:00,0.0022114583,0.002223831
PSOQRNN,BTC-USD,2026-06-13 06:00:00,0.0021949403,0.0022086126
PSOQRNN,BTC-USD,2026-06-13 06:15:00,0.0021979527,0.0021874667
PSOQRNN,BTC-USD,2026-06-13 06:30:00,0.0021573217,0.0021836837
PSOQRNN,BTC-USD,2026-06-13 06:45:00,0.002166329,0.0021707416
PSOQRNN,BTC-USD,2026-06-13 07:00:00,0.002136983,0.002146334
PSOQRNN,BTC-USD,2026-06-13 07:15:00,0.0021263207,0.0021464494
PSOQRNN,BTC-USD,2026-06-13 07:30:00,0.0021236835,0.002145974
PSOQRNN,BTC-USD,2026-06-13 07:45:00,0.002118049,0.002145962
PSOQRNN,BTC-USD,2026-06-13 08:00:00,0.0021030898,0.0021422678
PSOQRNN,BTC-USD,2026-06-13 08:15:00,0.0021163488,0.0021316267
PSOQRNN,BTC-USD,2026-06-13 08:30:00,0.0021109704,0.0021255198
PSOQRNN,BTC-USD,2026-06-13 08:45:00,0.0020781686,0.002113886
PSOQRNN,BTC-USD,2026-06-13 09:00:00,0.0020829614,0.0021137467
PSOQRNN,BTC-USD,2026-06-13 09:15:00,0.0020832294,0.002113264
PSOQRNN,BTC-USD,2026-06-13 09:30:00,0.00208056,0.002095274
PSOQRNN,BTC-USD,2026-06-13 09:45:00,0.0020454663,0.0020940055
PSOQRNN,BTC-USD,2026-06-13 10:00:00,0.0020698826,0.002089907
PSOQRNN,BTC-USD,2026-06-13 10:15:00,0.0020549342,0.0020896094
PSOQRNN,BTC-USD,2026-06-13 10:30:00,0.002072966,0.0020786768
PSOQRNN,BTC-USD,2026-06-13 10:45:00,0.002040491,0.0020771476
PSOQRNN,BTC-USD,2026-06-13 11:00:00,0.0020584622,0.0020736097
PSOQRNN,BTC-USD,2026-06-13 11:15:00,0.0020475152,0.0020718786
PSOQRNN,BTC-USD,2026-06-13 11:30:00,0.0020305894,0.002069237
PSOQRNN,BTC-USD,2026-06-13 11:45:00,0.002046706,0.002069649
PSOQRNN,BTC-USD,2026-06-13 12:00:00,0.002031187,0.002052432
PSOQRNN,BTC-USD,2026-06-13 12:15:00,0.0020217504,0.002052377
PSOQRNN,BTC-USD,2026-06-13 12:30:00,0.0020281353,0.0020500757
PSOQRNN,BTC-USD,2026-06-13 12:45:00,0.002043109,0.0020242154
PSOQRNN,BTC-USD,2026-06-13 13:00:00,0.0019990997,0.0020202112
PSOQRNN,BTC-USD,2026-06-13 13:15:00,0.001998871,0.0020207642
PSOQRNN,BTC-USD,2026-06-13 13:30:00,0.001972491,0.002001406
PSOQRNN,BTC-USD,2026-06-13 13:45:00,0.0019543816,0.0019948354
PSOQRNN,BTC-USD,2026-06-13 14:00:00,0.001971881,0.0019859748
PSOQRNN,BTC-USD,2026-06-13 14:15:00,0.0019468009,0.0019566286
PSOQRNN,BTC-USD,2026-06-13 14:30:00,0.0019344832,0.0019569467
PSOQRNN,BTC-USD,2026-06-13 14:45:00,0.0019318593,0.0019566533
PSOQRNN,BTC-USD,2026-06-13 15:00:00,0.0019372238,0.0019501633
PSOQRNN,BTC-USD,2026-06-13 15:15:00,0.0019189797,0.0019406672
PSOQRNN,BTC-USD,2026-06-13 15:30:00,0.0018966463,0.0019382469
PSOQRNN,BTC-USD,2026-06-13 15:45:00,0.0019178062,0.001938576
PSOQRNN,BTC-USD,2026-06-13 16:00:00,0.0018589994,0.0019389455
PSOQRNN,BTC-USD,2026-06-13 16:15:00,0.0018826681,0.0019375338
PSOQRNN,BTC-USD,2026-06-13 16:30:00,0.001920971,0.0019372653
PSOQRNN,BTC-USD,2026-06-13 16:45:00,0.0018976157,0.0019367189
PSOQRNN,BTC-USD,2026-06-13 17:00:00,0.0018914207,0.0019373748
PSOQRNN,BTC-USD,2026-06-13 17:15:00,0.0019313548,0.0019366454
PSOQRNN,BTC-USD,2026-06-13 17:30:00,0.0019073149,0.0019366554
PSOQRNN,BTC-USD,2026-06-13 17:45:00,0.0018739292,0.0019408364
PSOQRNN,BTC-USD,2026-06-13 18:00:00,0.0019302584,0.0019414052
PSOQRNN,BTC-USD,2026-06-13 18:15:00,0.0019350159,0.0019444376
PSOQRNN,BTC-USD,2026-06-13 18:30:00,0.0019290983,0.0019290136
PSOQRNN,BTC-USD,2026-06-13 18:45:00,0.0018704126,0.0019080994
PSOQRNN,BTC-USD,2026-06-13 19:00:00,0.0018863651,0.0019083762
PSOQRNN,BTC-USD,2026-06-13 19:15:00,0.0018731246,0.0019078112
PSOQRNN,BTC-USD,2026-06-13 19:30:00,0.0018980211,0.0019098409
PSOQRNN,BTC-USD,2026-06-13 19:45:00,0.0018790587,0.0019089091
PSOQRNN,BTC-USD,2026-06-13 20:00:00,0.0018735019,0.0019059976
PSOQRNN,BTC-USD,2026-06-13 20:15:00,0.0018678854,0.0019063223
PSOQRNN,BTC-USD,2026-06-13 20:30:00,0.0018754953,0.001905348
PSOQRNN,BTC-USD,2026-06-13 20:45:00,0.0018811858,0.0019030928
PSOQRNN,BTC-USD,2026-06-13 21:00:00,0.0018617628,0.0018964951
PSOQRNN,BTC-USD,2026-06-13 21:15:00,0.0018661532,0.0018944821
PSOQRNN,BTC-USD,2026-06-13 21:30:00,0.0019318687,0.001919314
PSOQRNN,BTC-USD,2026-06-13 21:45:00,0.0018645147,0.0019123029
PSOQRNN,BTC-USD,2026-06-13 22:00:00,0.0018705903,0.0019095846
PSOQRNN,BTC-USD,2026-06-13 22:15:00,0.0018987693,0.0019073144
PSOQRNN,BTC-USD,2026-06-13 22:30:00,0.0018782247,0.0019034601
PSOQRNN,BTC-USD,2026-06-13 22:45:00,0.0018550459,0.0019048876
PSOQRNN,BTC-USD,2026-06-13 23:00:00,0.0018684347,0.0019021514
PSOQRNN,BTC-USD,2026-06-13 23:15:00,0.0018731678,0.0018985338
PSOQRNN,BTC-USD,2026-06-13 23:30:00,0.0018687906,0.0018957972
PSOQRNN,BTC-USD,2026-06-13 23:45:00,0.0018555673,0.001893732
PSOQRNN,BTC-USD,2026-06-14 00:00:00,0.0018659167,0.0018912341
PSOQRNN,BTC-USD,2026-06-14 00:15:00,0.0018675496,0.0018906266
PSOQRNN,BTC-USD,2026-06-14 00:30:00,0.0018816652,0.001889944
PSOQRNN,BTC-USD,2026-06-14 00:45:00,0.0018586792,0.0018898804
PSOQRNN,BTC-USD,2026-06-14 01:00:00,0.0018736582,0.0018906964
PSOQRNN,BTC-USD,2026-06-14 01:15:00,0.0018656001,0.001889812
PSOQRNN,BTC-USD,2026-06-14 01:30:00,0.0018388857,0.0018909937
PSOQRNN,BTC-USD,2026-06-14 01:45:00,0.0018668075,0.0018797718
PSOQRNN,BTC-USD,2026-06-14 02:00:00,0.0018533145,0.0018792049
PSOQRNN,BTC-USD,2026-06-14 02:15:00,0.0018324399,0.0018805832
PSOQRNN,BTC-USD,2026-06-14 02:30:00,0.001842784,0.001880616
PSOQRNN,BTC-USD,2026-06-14 02:45:00,0.0018441166,0.0018805988
PSOQRNN,BTC-USD,2026-06-14 03:00:00,0.0018521178,0.0018802416
PSOQRNN,BTC-USD,2026-06-14 03:15:00,0.0018574297,0.0018196758
PSOQRNN,BTC-USD,2026-06-14 03:30:00,0.0017823878,0.0018058849
PSOQRNN,BTC-USD,2026-06-14 03:45:00,0.0017922728,0.001804891
PSOQRNN,BTC-USD,2026-06-14 04:00:00,0.0017684586,0.0018019368
PSOQRNN,BTC-USD,2026-06-14 04:15:00,0.0017693744,0.0017999245
PSOQRNN,BTC-USD,2026-06-14 04:30:00,0.0017563447,0.0017963889
PSOQRNN,BTC-USD,2026-06-14 04:45:00,0.0017581112,0.0017939977
PSOQRNN,BTC-USD,2026-06-14 05:00:00,0.0017775128,0.0017722707
PSOQRNN,BTC-USD,2026-06-14 05:15:00,0.0017313451,0.0017613692
PSOQRNN,BTC-USD,2026-06-14 05:30:00,0.0017504372,0.0017545341
PSOQRNN,BTC-USD,2026-06-14 05:45:00,0.0017323479,0.0017490219
PSOQRNN,BTC-USD,2026-06-14 06:00:00,0.0017531447,0.0017517412
PSOQRNN,BTC-USD,2026-06-14 06:15:00,0.0017073152,0.0017543382
PSOQRNN,BTC-USD,2026-06-14 06:30:00,0.001701927,0.0017582113
PSOQRNN,BTC-USD,2026-06-14 06:45:00,0.0017433297,0.0017572994
PSOQRNN,BTC-USD,2026-06-14 07:00:00,0.0017221484,0.0017573201
PSOQRNN,BTC-USD,2026-06-14 07:15:00,0.0017617983,0.0017501245
PSOQRNN,BTC-USD,2026-06-14 07:30:00,0.0017158743,0.0017509522
PSOQRNN,BTC-USD,2026-06-14 07:45:00,0.00175723,0.0017519506
PSOQRNN,BTC-USD,2026-06-14 08:00:00,0.0017336156,0.0017481125
PSOQRNN,BTC-USD,2026-06-14 08:15:00,0.0017369812,0.0016825928
PSOQRNN,BTC-USD,2026-06-14 08:30:00,0.0016588981,0.0016384057
PSOQRNN,BTC-USD,2026-06-14 08:45:00,0.0016264484,0.001612426
PSOQRNN,BTC-USD,2026-06-14 09:00:00,0.0015967607,0.0016048718
PSOQRNN,BTC-USD,2026-06-14 09:15:00,0.0015800837,0.0016037
PSOQRNN,BTC-USD,2026-06-14 09:30:00,0.001642572,0.0016062063
PSOQRNN,BTC-USD,2026-06-14 09:45:00,0.0016162898,0.0016050487
PSOQRNN,BTC-USD,2026-06-14 10:00:00,0.0015768057,0.0016057981
PSOQRNN,BTC-USD,2026-06-14 10:15:00,0.0016150962,0.0016058844
PSOQRNN,BTC-USD,2026-06-14 10:30:00,0.0016018216,0.00160328
PSOQRNN,BTC-USD,2026-06-14 10:45:00,0.0015755453,0.0016043381
PSOQRNN,BTC-USD,2026-06-14 11:00:00,0.0016067084,0.001601802
PSOQRNN,BTC-USD,2026-06-14 11:15:00,0.001600944,0.0015937877
PSOQRNN,BTC-USD,2026-06-14 11:30:00,0.0015954517,0.0015914227
PSOQRNN,BTC-USD,2026-06-14 11:45:00,0.0015689544,0.0015898985
PSOQRNN,BTC-USD,2026-06-14 12:00:00,0.0015678382,0.0015842144
PSOQRNN,BTC-USD,2026-06-14 12:15:00,0.0015777108,0.0015827053
PSOQRNN,BTC-USD,2026-06-14 12:30:00,0.0015515339,0.001585683
PSOQRNN,BTC-USD,2026-06-14 12:45:00,0.0015743051,0.0015859221
PSOQRNN,BTC-USD,2026-06-14 13:00:00,0.0015890166,0.0015828353
PSOQRNN,BTC-USD,2026-06-14 13:15:00,0.0015594239,0.001584229
PSOQRNN,BTC-USD,2026-06-14 13:30:00,0.0015999181,0.0015833459
PSOQRNN,BTC-USD,2026-06-14 13:45:00,0.0015659959,0.001584259
PSOQRNN,BTC-USD,2026-06-14 14:00:00,0.0015792697,0.0015810312
PSOQRNN,BTC-USD,2026-06-14 14:15:00,0.001539502,0.0015877588
PSOQRNN,BTC-USD,2026-06-14 14:30:00,0.0015265658,0.0015831966
PSOQRNN,BTC-USD,2026-06-14 14:45:00,0.0015896402,0.001583671
PSOQRNN,BTC-USD,2026-06-14 15:00:00,0.0016104685,0.0015842956
PSOQRNN,BTC-USD,2026-06-14 15:15:00,0.0015674287,0.0015796912
PSOQRNN,BTC-USD,2026-06-14 15:30:00,0.0015693657,0.0015793737
PSOQRNN,BTC-USD,2026-06-14 15:45:00,0.0015724449,0.001579425
PSOQRNN,BTC-USD,2026-06-14 16:00:00,0.0015963729,0.0015718739
PSOQRNN,BTC-USD,2026-06-14 16:15:00,0.0015785256,0.0015664587
PSOQRNN,BTC-USD,2026-06-14 16:30:00,0.0015686493,0.00156637
PSOQRNN,BTC-USD,2026-06-14 16:45:00,0.0015087188,0.0015801585
PSOQRNN,BTC-USD,2026-06-14 17:00:00,0.0015799565,0.0015642185
PSOQRNN,BTC-USD,2026-06-14 17:15:00,0.0015469932,0.0015620455
PSOQRNN,BTC-USD,2026-06-14 17:30:00,0.001545637,0.001561428
PSOQRNN,BTC-USD,2026-06-14 17:45:00,0.0015327025,0.0015648232
PSOQRNN,BTC-USD,2026-06-14 18:00:00,0.0015617749,0.0015626138
PSOQRNN,BTC-USD,2026-06-14 18:15:00,0.0015590021,0.001559523
PSOQRNN,BTC-USD,2026-06-14 18:30:00,0.001572166,0.0015600371
PSOQRNN,BTC-USD,2026-06-14 18:45:00,0.0015690093,0.0015597446
PSOQRNN,BTC-USD,2026-06-14 19:00:00,0.0015512216,0.0015599548
PSOQRNN,BTC-USD,2026-06-14 19:15:00,0.0015640161,0.0015341231
PSOQRNN,BTC-USD,2026-06-14 19:30:00,0.0015261424,0.0015331804
PSOQRNN,BTC-USD,2026-06-14 19:45:00,0.0015452967,0.0015334649
PSOQRNN,BTC-USD,2026-06-14 20:00:00,0.0015405025,0.0015115197
PSOQRNN,BTC-USD,2026-06-14 20:15:00,0.0015442171,0.0015143303
PSOQRNN,BTC-USD,2026-06-14 20:30:00,0.0015508267,0.0015162354
PSOQRNN,BTC-USD,2026-06-14 20:45:00,0.0015120353,0.0015160228
PSOQRNN,BTC-USD,2026-06-14 21:00:00,0.0015449754,0.0015177064
PSOQRNN,BTC-USD,2026-06-14 21:15:00,0.0016790234,0.0016456476
PSOQRNN,BTC-USD,2026-06-14 21:30:00,0.0017443234,0.001694418
PSOQRNN,BTC-USD,2026-06-14 21:45:00,0.001688758,0.0016939943
PSOQRNN,BTC-USD,2026-06-14 22:00:00,0.0016269617,0.0017067872
PSOQRNN,BTC-USD,2026-06-14 22:15:00,0.0017105046,0.0017082945
PSOQRNN,BTC-USD,2026-06-14 22:30:00,0.0017472833,0.0017245411
PSOQRNN,BTC-USD,2026-06-14 22:45:00,0.0016946417,0.0017249762
PSOQRNN,BTC-USD,2026-06-14 23:00:00,0.0017380755,0.0017188928
PSOQRNN,BTC-USD,2026-06-14 23:15:00,0.001726865,0.0017082484
PSOQRNN,BTC-USD,2026-06-14 23:30:00,0.0016618203,0.0017067143
PSOQRNN,BTC-USD,2026-06-14 23:45:00,0.0017285547,0.001712872
PSOQRNN,BTC-USD,2026-06-15 00:00:00,0.0017273481,0.0017158444
PSOQRNN,BTC-USD,2026-06-15 00:15:00,0.0016662009,0.0017102265
PSOQRNN,BTC-USD,2026-06-15 00:30:00,0.0016407734,0.0017193562
PSOQRNN,BTC-USD,2026-06-15 00:45:00,0.0017175081,0.0017149623
PSOQRNN,BTC-USD,2026-06-15 01:00:00,0.001668569,0.001719068
PSOQRNN,BTC-USD,2026-06-15 01:15:00,0.0016735888,0.0017148607
PSOQRNN,BTC-USD,2026-06-15 01:30:00,0.0017644954,0.0017379994
PSOQRNN,BTC-USD,2026-06-15 01:45:00,0.0016728857,0.001748037
PSOQRNN,BTC-USD,2026-06-15 02:00:00,0.0017574992,0.0017482798
PSOQRNN,BTC-USD,2026-06-15 02:15:00,0.0017232461,0.0017483769
PSOQRNN,BTC-USD,2026-06-15 02:30:00,0.0017072002,0.0017502566
PSOQRNN,BTC-USD,2026-06-15 02:45:00,0.0017041268,0.0017528906
PSOQRNN,BTC-USD,2026-06-15 03:00:00,0.0017835825,0.0017619863
PSOQRNN,BTC-USD,2026-06-15 03:15:00,0.0017457514,0.0017537627
PSOQRNN,BTC-USD,2026-06-15 03:30:00,0.0017693838,0.0017599924
PSOQRNN,BTC-USD,2026-06-15 03:45:00,0.0017378865,0.0017598658
PSOQRNN,BTC-USD,2026-06-15 04:00:00,0.0016935869,0.0017698066
PSOQRNN,BTC-USD,2026-06-15 04:15:00,0.001746535,0.0017680782
PSOQRNN,BTC-USD,2026-06-15 04:30:00,0.0017358981,0.001746506
PSOQRNN,BTC-USD,2026-06-15 04:45:00,0.0017147097,0.0017459752
PSOQRNN,BTC-USD,2026-06-15 05:00:00,0.0017354639,0.0017311927
PSOQRNN,BTC-USD,2026-06-15 05:15:00,0.001740176,0.0017255268
PSOQRNN,BTC-USD,2026-06-15 05:30:00,0.0016825551,0.0017237662
PSOQRNN,BTC-USD,2026-06-15 05:45:00,0.0017354031,0.0016591403
PSOQRNN,BTC-USD,2026-06-15 06:00:00,0.0016512229,0.0016227155
PSOQRNN,BTC-USD,2026-06-15 06:15:00,0.0016262437,0.0016073762
PSOQRNN,BTC-USD,2026-06-15 06:30:00,0.0015684539,0.0015943423
PSOQRNN,BTC-USD,2026-06-15 06:45:00,0.0015887565,0.0015633898
PSOQRNN,BTC-USD,2026-06-15 07:00:00,0.0015648077,0.001540965
PSOQRNN,BTC-USD,2026-06-15 07:15:00,0.0015753886,0.0015453807
PSOQRNN,BTC-USD,2026-06-15 07:30:00,0.0014925546,0.0015585036
PSOQRNN,BTC-USD,2026-06-15 07:45:00,0.0015384929,0.0015553404
PSOQRNN,BTC-USD,2026-06-15 08:00:00,0.0015690627,0.0015517434
PSOQRNN,BTC-USD,2026-06-15 08:15:00,0.0015383138,0.001551544
PSOQRNN,BTC-USD,2026-06-15 08:30:00,0.0015736615,0.0015535522
PSOQRNN,BTC-USD,2026-06-15 08:45:00,0.0015258056,0.0015573878
PSOQRNN,BTC-USD,2026-06-15 09:00:00,0.0015626919,0.0015565581
PSOQRNN,BTC-USD,2026-06-15 09:15:00,0.0015475679,0.001556482
PSOQRNN,BTC-USD,2026-06-15 09:30:00,0.0015370012,0.0015563817
PSOQRNN,BTC-USD,2026-06-15 09:45:00,0.0015609583,0.0015453892
PSOQRNN,BTC-USD,2026-06-15 10:00:00,0.0015807451,0.0015505947
PSOQRNN,BTC-USD,2026-06-15 10:15:00,0.0015457236,0.001550789
PSOQRNN,BTC-USD,2026-06-15 10:30:00,0.0015630008,0.0015475568
PSOQRNN,BTC-USD,2026-06-15 10:45:00,0.0015863569,0.0015536285
PSOQRNN,BTC-USD,2026-06-15 11:00:00,0.0015585524,0.0015535837
PSOQRNN,BTC-USD,2026-06-15 11:15:00,0.0016297062,0.0015771799
PSOQRNN,BTC-USD,2026-06-15 11:30:00,0.0015477234,0.0015810818
PSOQRNN,BTC-USD,2026-06-15 11:45:00,0.0015948843,0.0015797323
PSOQRNN,BTC-USD,2026-06-15 12:00:00,0.0015895957,0.0015738575
PSOQRNN,BTC-USD,2026-06-15 12:15:00,0.0015705406,0.00157072
PSOQRNN,BTC-USD,2026-06-15 12:30:00,0.0016136902,0.0015800123
PSOQRNN,BTC-USD,2026-06-15 12:45:00,0.0015981767,0.0015804117
PSOQRNN,BTC-USD,2026-06-15 13:00:00,0.0015880311,0.0015806663
PSOQRNN,BTC-USD,2026-06-15 13:15:00,0.0016298726,0.0015914211
PSOQRNN,BTC-USD,2026-06-15 13:30:00,0.001519776,0.0016103766
PSOQRNN,BTC-USD,2026-06-15 13:45:00,0.0015677643,0.0016171053
PSOQRNN,BTC-USD,2026-06-15 14:00:00,0.0016094206,0.0016159441
PSOQRNN,BTC-USD,2026-06-15 14:15:00,0.0016352163,0.0016188405
PSOQRNN,BTC-USD,2026-06-15 14:30:00,0.0016043265,0.0016186656
PSOQRNN,BTC-USD,2026-06-15 14:45:00,0.0016234544,0.0016180937
PSOQRNN,BTC-USD,2026-06-15 15:00:00,0.0016191804,0.0016183098
PSOQRNN,BTC-USD,2026-06-15 15:15:00,0.001617528,0.0016165929
PSOQRNN,BTC-USD,2026-06-15 15:30:00,0.0016647369,0.0016307897
PSOQRNN,BTC-USD,2026-06-15 15:45:00,0.001702939,0.0016644633
PSOQRNN,BTC-USD,2026-06-15 16:00:00,0.0016485058,0.00166375
PSOQRNN,BTC-USD,2026-06-15 16:15:00,0.0016341283,0.0016654949
PSOQRNN,BTC-USD,2026-06-15 16:30:00,0.0016456778,0.0016639724
PSOQRNN,BTC-USD,2026-06-15 16:45:00,0.0016491925,0.0016626127
PSOQRNN,BTC-USD,2026-06-15 17:00:00,0.0015878084,0.0016806418
PSOQRNN,BTC-USD,2026-06-15 17:15:00,0.0016469271,0.0016805459
PSOQRNN,BTC-USD,2026-06-15 17:30:00,0.0016769099,0.0016779203
PSOQRNN,BTC-USD,2026-06-15 17:45:00,0.001655796,0.0016783965
PSOQRNN,BTC-USD,2026-06-15 18:00:00,0.0016543078,0.0016790816
PSOQRNN,BTC-USD,2026-06-15 18:15:00,0.0016665073,0.001672081
PSOQRNN,BTC-USD,2026-06-15 18:30:00,0.0016525844,0.0016722867
PSOQRNN,BTC-USD,2026-06-15 18:45:00,0.0016504601,0.0016727751
PSOQRNN,BTC-USD,2026-06-15 19:00:00,0.0016803723,0.001674454
PSOQRNN,BTC-USD,2026-06-15 19:15:00,0.0015771565,0.0017071288
PSOQRNN,BTC-USD,2026-06-15 19:30:00,0.0017330479,0.0017148321
PSOQRNN,BTC-USD,2026-06-15 19:45:00,0.0016632196,0.0017166085
PSOQRNN,BTC-USD,2026-06-15 20:00:00,0.0016908513,0.0017165395
PSOQRNN,BTC-USD,2026-06-15 20:15:00,0.0017028048,0.0017165538
PSOQRNN,BTC-USD,2026-06-15 20:30:00,0.0017003971,0.0017165482
PSOQRNN,BTC-USD,2026-06-15 20:45:00,0.0016796655,0.0017186137
PSOQRNN,BTC-USD,2026-06-15 21:00:00,0.001700209,0.0017185545
PSOQRNN,BTC-USD,2026-06-15 21:15:00,0.0016735407,0.0017205699
PSOQRNN,BTC-USD,2026-06-15 21:30:00,0.0017084903,0.0017206477
PSOQRNN,BTC-USD,2026-06-15 21:45:00,0.0016841332,0.0017217079
PSOQRNN,BTC-USD,2026-06-15 22:00:00,0.0017003047,0.0017216129
PSOQRNN,BTC-USD,2026-06-15 22:15:00,0.0016533028,0.0017332825
PSOQRNN,BTC-USD,2026-06-15 22:30:00,0.0017427679,0.0017370187
PSOQRNN,BTC-USD,2026-06-15 22:45:00,0.0016930092,0.0017401244
PSOQRNN,BTC-USD,2026-06-15 23:00:00,0.0017338818,0.0017398075
PSOQRNN,BTC-USD,2026-06-15 23:15:00,0.0017115427,0.0017401326
PSOQRNN,BTC-USD,2026-06-15 23:30:00,0.0017288281,0.0017397983
PSOQRNN,BTC-USD,2026-06-15 23:45:00,0.0017275757,0.0017381315
PSOQRNN,BTC-USD,2026-06-16 00:00:00,0.001733658,0.001739179
PSOQRNN,BTC-USD,2026-06-16 00:15:00,0.0016860465,0.0017448759
PSOQRNN,BTC-USD,2026-06-16 00:30:00,0.0017580675,0.0017504534
PSOQRNN,BTC-USD,2026-06-16 00:45:00,0.0016931117,0.0017550377
PSOQRNN,BTC-USD,2026-06-16 01:00:00,0.0017393328,0.0017548117
PSOQRNN,BTC-USD,2026-06-16 01:15:00,0.001751769,0.001756245
PSOQRNN,BTC-USD,2026-06-16 01:30:00,0.0017305178,0.0017549663
PSOQRNN,BTC-USD,2026-06-16 01:45:00,0.0017290696,0.0017548364
PSOQRNN,BTC-USD,2026-06-16 02:00:00,0.0016654182,0.0017758766
PSOQRNN,BTC-USD,2026-06-16 02:15:00,0.00168753,0.001796018
PSOQRNN,BTC-USD,2026-06-16 02:30:00,0.0017914571,0.0017974637
PSOQRNN,BTC-USD,2026-06-16 02:45:00,0.001739992,0.0018023503
PSOQRNN,BTC-USD,2026-06-16 03:00:00,0.0017904243,0.0018029235
PSOQRNN,BTC-USD,2026-06-16 03:15:00,0.0018129352,0.0018092837
PSOQRNN,BTC-USD,2026-06-16 03:30:00,0.0018150384,0.0018138841
PSOQRNN,BTC-USD,2026-06-16 03:45:00,0.0017930684,0.0018099126
PSOQRNN,BTC-USD,2026-06-16 04:00:00,0.001782285,0.001809639
PSOQRNN,BTC-USD,2026-06-16 04:15:00,0.0017436737,0.001817081
PSOQRNN,BTC-USD,2026-06-16 04:30:00,0.0017695404,0.0018180298
PSOQRNN,BTC-USD,2026-06-16 04:45:00,0.0017811331,0.0018174287
PSOQRNN,BTC-USD,2026-06-16 05:00:00,0.0018290911,0.0018244046
PSOQRNN,BTC-USD,2026-06-16 05:15:00,0.0018095755,0.0018247537
PSOQRNN,BTC-USD,2026-06-16 05:30:00,0.0018000341,0.0018242499
PSOQRNN,BTC-USD,2026-06-16 05:45:00,0.0017898721,0.0018243724
PSOQRNN,BTC-USD,2026-06-16 06:00:00,0.0018248318,0.0018272358
PSOQRNN,BTC-USD,2026-06-16 06:15:00,0.0018298882,0.0018316484
PSOQRNN,BTC-USD,2026-06-16 06:30:00,0.0018188398,0.0018316527
PSOQRNN,BTC-USD,2026-06-16 06:45:00,0.001813449,0.0018313583
PSOQRNN,BTC-USD,2026-06-16 07:00:00,0.0017806696,0.001821893
PSOQRNN,BTC-USD,2026-06-16 07:15:00,0.0017920219,0.0018184459
PSOQRNN,BTC-USD,2026-06-16 07:30:00,0.001789425,0.0018173627
PSOQRNN,BTC-USD,2026-06-16 07:45:00,0.0018010946,0.0018173229
PSOQRNN,BTC-USD,2026-06-16 08:00:00,0.0018106139,0.0018178924
PSOQRNN,BTC-USD,2026-06-16 08:15:00,0.0018052877,0.0018151482
PSOQRNN,BTC-USD,2026-06-16 08:30:00,0.0018048453,0.0018162437
PSOQRNN,BTC-USD,2026-06-16 08:45:00,0.001847406,0.0018279437
PSOQRNN,BTC-USD,2026-06-16 09:00:00,0.0017712142,0.0018305518
PSOQRNN,BTC-USD,2026-06-16 09:15:00,0.0017700295,0.001833105
PSOQRNN,BTC-USD,2026-06-16 09:30:00,0.0018221244,0.0018329088
PSOQRNN,BTC-USD,2026-06-16 09:45:00,0.0017620571,0.0018384685
PSOQRNN,BTC-USD,2026-06-16 10:00:00,0.0018184073,0.0018383217
PSOQRNN,BTC-USD,2026-06-16 10:15:00,0.0018365999,0.0018413976
PSOQRNN,BTC-USD,2026-06-16 10:30:00,0.0018001993,0.0018402694
PSOQRNN,BTC-USD,2026-06-16 10:45:00,0.0017872597,0.0018437669
PSOQRNN,BTC-USD,2026-06-16 11:00:00,0.0018166541,0.0018436023
PSOQRNN,BTC-USD,2026-06-16 11:15:00,0.0018071239,0.0018437093
PSOQRNN,BTC-USD,2026-06-16 11:30:00,0.0018002043,0.0018451165
PSOQRNN,BTC-USD,2026-06-16 11:45:00,0.0018333166,0.0018461538
PSOQRNN,BTC-USD,2026-06-16 12:00:00,0.0018296762,0.001845997
PSOQRNN,BTC-USD,2026-06-16 12:15:00,0.0018247059,0.0018461526
PSOQRNN,BTC-USD,2026-06-16 12:30:00,0.0017977641,0.0018217233
PSOQRNN,BTC-USD,2026-06-16 12:45:00,0.0017774131,0.0018202881
PSOQRNN,BTC-USD,2026-06-16 13:00:00,0.0017447443,0.0018315716
PSOQRNN,BTC-USD,2026-06-16 13:15:00,0.001758423,0.001839928
PSOQRNN,BTC-USD,2026-06-16 13:30:00,0.0018372519,0.0018431322
PSOQRNN,BTC-USD,2026-06-16 13:45:00,0.0017969687,0.0018431745
PSOQRNN,BTC-USD,2026-06-16 14:00:00,0.0018105025,0.0018431161
PSOQRNN,BTC-USD,2026-06-16 14:15:00,0.0017042618,0.0018981799
PSOQRNN,BTC-USD,2026-06-16 14:30:00,0.0018925427,0.0019015002
PSOQRNN,BTC-USD,2026-06-16 14:45:00,0.0018632814,0.001901297
PSOQRNN,BTC-USD,2026-06-16 15:00:00,0.0019125454,0.0019109083
PSOQRNN,BTC-USD,2026-06-16 15:15:00,0.0018688716,0.0019113757
PSOQRNN,BTC-USD,2026-06-16 15:30:00,0.0018851277,0.0019091325
PSOQRNN,BTC-USD,2026-06-16 15:45:00,0.0018823714,0.0019092053
PSOQRNN,BTC-USD,2026-06-16 16:00:00,0.0018554893,0.0019108877
PSOQRNN,BTC-USD,2026-06-16 16:15:00,0.001882646,0.0019107942
PSOQRNN,BTC-USD,2026-06-16 16:30:00,0.0018828431,0.0019086387
PSOQRNN,BTC-USD,2026-06-16 16:45:00,0.0018658343,0.0019092077
PSOQRNN,BTC-USD,2026-06-16 17:00:00,0.0018836892,0.0019093056
PSOQRNN,BTC-USD,2026-06-16 17:15:00,0.0018704196,0.0019081575
PSOQRNN,BTC-USD,2026-06-16 17:30:00,0.0018772342,0.0019078137
PSOQRNN,BTC-USD,2026-06-16 17:45:00,0.0019219291,0.0019187594
PSOQRNN,BTC-USD,2026-06-16 18:00:00,0.0019207452,0.0019247028
PSOQRNN,BTC-USD,2026-06-16 18:15:00,0.0018435188,0.0019368504
PSOQRNN,BTC-USD,2026-06-16 18:30:00,0.0018875999,0.0019378737
PSOQRNN,BTC-USD,2026-06-16 18:45:00,0.0019054809,0.0019372229
PSOQRNN,BTC-USD,2026-06-16 19:00:00,0.001865725,0.0019445703
PSOQRNN,BTC-USD,2026-06-16 19:15:00,0.001918273,0.0019444727
PSOQRNN,BTC-USD,2026-06-16 19:30:00,0.0018990268,0.0019438141
PSOQRNN,BTC-USD,2026-06-16 19:45:00,0.0019210486,0.0019433785
PSOQRNN,BTC-USD,2026-06-16 20:00:00,0.001927168,0.001944389
PSOQRNN,BTC-USD,2026-06-16 20:15:00,0.0019030656,0.0019433596
PSOQRNN,BTC-USD,2026-06-16 20:30:00,0.0019344343,0.0019456452
PSOQRNN,BTC-USD,2026-06-16 20:45:00,0.0019157068,0.0019456563
PSOQRNN,BTC-USD,2026-06-16 21:00:00,0.0019245506,0.0019433596
PSOQRNN,BTC-USD,2026-06-16 21:15:00,0.0018703366,0.0019494715
PSOQRNN,BTC-USD,2026-06-16 21:30:00,0.0019159272,0.0019452061
PSOQRNN,BTC-USD,2026-06-16 21:45:00,0.0019211431,0.0019453166
PSOQRNN,BTC-USD,2026-06-16 22:00:00,0.0019262547,0.001945309
PSOQRNN,BTC-USD,2026-06-16 22:15:00,0.0018983758,0.0019433522
PSOQRNN,BTC-USD,2026-06-16 22:30:00,0.0019004855,0.0019431988
PSOQRNN,BTC-USD,2026-06-16 22:45:00,0.0019215618,0.0019402349
PSOQRNN,BTC-USD,2026-06-16 23:00:00,0.0019049203,0.0019402709
PSOQRNN,BTC-USD,2026-06-16 23:15:00,0.0019007324,0.0019401611
PSOQRNN,BTC-USD,2026-06-16 23:30:00,0.0019052867,0.001939858
PSOQRNN,BTC-USD,2026-06-16 23:45:00,0.0018986961,0.0019403026
PSOQRNN,BTC-USD,2026-06-17 00:00:00,0.0019221387,0.0019409622
PSOQRNN,BTC-USD,2026-06-17 00:15:00,0.0019035572,0.0019396726
PSOQRNN,BTC-USD,2026-06-17 00:30:00,0.0019266914,0.001933153
PSOQRNN,BTC-USD,2026-06-17 00:45:00,0.0018758915,0.0019354558
PSOQRNN,BTC-USD,2026-06-17 01:00:00,0.0019214979,0.0019351572
PSOQRNN,BTC-USD,2026-06-17 01:15:00,0.0018573368,0.0019447476
PSOQRNN,BTC-USD,2026-06-17 01:30:00,0.0019474564,0.0019514497
PSOQRNN,BTC-USD,2026-06-17 01:45:00,0.0019534368,0.0019559518
PSOQRNN,BTC-USD,2026-06-17 02:00:00,0.001916329,0.0019560063
PSOQRNN,BTC-USD,2026-06-17 02:15:00,0.001962453,0.0019642413
PSOQRNN,BTC-USD,2026-06-17 02:30:00,0.0018794746,0.0019777657
PSOQRNN,BTC-USD,2026-06-17 02:45:00,0.0019545946,0.001976912
PSOQRNN,BTC-USD,2026-06-17 03:00:00,0.0019246783,0.0019776525
PSOQRNN,BTC-USD,2026-06-17 03:15:00,0.0019365433,0.0019779997
PSOQRNN,BTC-USD,2026-06-17 03:30:00,0.001948587,0.0019749894
PSOQRNN,BTC-USD,2026-06-17 03:45:00,0.0019502192,0.0019750234
PSOQRNN,BTC-USD,2026-06-17 04:00:00,0.0019408681,0.0019748944
PSOQRNN,BTC-USD,2026-06-17 04:15:00,0.0019521972,0.0019737305
PSOQRNN,BTC-USD,2026-06-17 04:30:00,0.0019453597,0.0019724502
PSOQRNN,BTC-USD,2026-06-17 04:45:00,0.0019333921,0.001971866
PSOQRNN,BTC-USD,2026-06-17 05:00:00,0.0019226149,0.0019733657
PSOQRNN,BTC-USD,2026-06-17 05:15:00,0.0019473307,0.0019678075
PSOQRNN,BTC-USD,2026-06-17 05:30:00,0.0019455339,0.0019557432
PSOQRNN,BTC-USD,2026-06-17 05:45:00,0.0019060025,0.0019571565
PSOQRNN,BTC-USD,2026-06-17 06:00:00,0.0019287281,0.00195371
PSOQRNN,BTC-USD,2026-06-17 06:15:00,0.0018777341,0.0019627088
PSOQRNN,BTC-USD,2026-06-17 06:30:00,0.0019255573,0.0019625893
PSOQRNN,BTC-USD,2026-06-17 06:45:00,0.0019249173,0.0019626701
PSOQRNN,BTC-USD,2026-06-17 07:00:00,0.0019439732,0.0019621735
PSOQRNN,BTC-USD,2026-06-17 07:15:00,0.0018996077,0.0019666855
PSOQRNN,BTC-USD,2026-06-17 07:30:00,0.0019288994,0.0019668203
PSOQRNN,BTC-USD,2026-06-17 07:45:00,0.0019345401,0.0019549152
PSOQRNN,BTC-USD,2026-06-17 08:00:00,0.0018776892,0.0019651419
PSOQRNN,BTC-USD,2026-06-17 08:15:00,0.0019290564,0.0019641311
PSOQRNN,BTC-USD,2026-06-17 08:30:00,0.0018408531,0.0020018169
PSOQRNN,BTC-USD,2026-06-17 08:45:00,0.0019684427,0.0019988227
PSOQRNN,BTC-USD,2026-06-17 09:00:00,0.0019754258,0.0019992797
PSOQRNN,BTC-USD,2026-06-17 09:15:00,0.0019807052,0.0020003368
PSOQRNN,BTC-USD,2026-06-17 09:30:00,0.0019458863,0.0020021924
PSOQRNN,BTC-USD,2026-06-17 09:45:00,0.0019603332,0.0020023158
PSOQRNN,BTC-USD,2026-06-17 10:00:00,0.0019626757,0.002002281
PSOQRNN,BTC-USD,2026-06-17 10:15:00,0.0019804765,0.0020028937
PSOQRNN,BTC-USD,2026-06-17 10:30:00,0.0019658545,0.002002494
PSOQRNN,BTC-USD,2026-06-17 10:45:00,0.001941891,0.002006182
PSOQRNN,BTC-USD,2026-06-17 11:00:00,0.0019264524,0.0020170386
PSOQRNN,BTC-USD,2026-06-17 11:15:00,0.0020061727,0.0020172982
PSOQRNN,BTC-USD,2026-06-17 11:30:00,0.0020038232,0.002016027
PSOQRNN,BTC-USD,2026-06-17 11:45:00,0.0019842498,0.0020156812
PSOQRNN,BTC-USD,2026-06-17 12:00:00,0.001990672,0.0020140724
PSOQRNN,BTC-USD,2026-06-17 12:15:00,0.0019463506,0.0019096942
PSOQRNN,BTC-USD,2026-06-17 12:30:00,0.0019242461,0.0018610541
PSOQRNN,BTC-USD,2026-06-17 12:45:00,0.0018592054,0.0018646945
PSOQRNN,BTC-USD,2026-06-17 13:00:00,0.0018422375,0.001854316
PSOQRNN,BTC-USD,2026-06-17 13:15:00,0.001787428,0.0018588991
PSOQRNN,BTC-USD,2026-06-17 13:30:00,0.0019082285,0.0018788088
PSOQRNN,BTC-USD,2026-06-17 13:45:00,0.0018469829,0.0018783697
PSOQRNN,BTC-USD,2026-06-17 14:00:00,0.0018622903,0.0018742051
PSOQRNN,BTC-USD,2026-06-17 14:15:00,0.0018224465,0.0018728318
PSOQRNN,BTC-USD,2026-06-17 14:30:00,0.0018104427,0.001874463
PSOQRNN,BTC-USD,2026-06-17 14:45:00,0.0018417258,0.0018665943
PSOQRNN,BTC-USD,2026-06-17 15:00:00,0.0018675019,0.001866462
PSOQRNN,BTC-USD,2026-06-17 15:15:00,0.0018573795,0.0018648768
PSOQRNN,BTC-USD,2026-06-17 15:30:00,0.0018686971,0.0018600278
PSOQRNN,BTC-USD,2026-06-17 15:45:00,0.0018849655,0.0018751969
PSOQRNN,BTC-USD,2026-06-17 16:00:00,0.0018668852,0.0018743759
PSOQRNN,BTC-USD,2026-06-17 16:15:00,0.0019302892,0.0019143076
PSOQRNN,BTC-USD,2026-06-17 16:30:00,0.001809702,0.0019170016
PSOQRNN,BTC-USD,2026-06-17 16:45:00,0.0018634094,0.0019109128
PSOQRNN,BTC-USD,2026-06-17 17:00:00,0.0018790893,0.001906231
PSOQRNN,BTC-USD,2026-06-17 17:15:00,0.0018983356,0.0019091945
PSOQRNN,BTC-USD,2026-06-17 17:30:00,0.001855333,0.0019100163
PSOQRNN,BTC-USD,2026-06-17 17:45:00,0.0019228914,0.0019183272
PSOQRNN,BTC-USD,2026-06-17 18:00:00,0.0016990749,0.0020467297
PSOQRNN,BTC-USD,2026-06-17 18:15:00,0.0020319473,0.002048595
PSOQRNN,BTC-USD,2026-06-17 18:30:00,0.0021314132,0.002130923
PSOQRNN,BTC-USD,2026-06-17 18:45:00,0.0019850277,0.0021906227
PSOQRNN,BTC-USD,2026-06-17 19:00:00,0.002130396,0.002188363
PSOQRNN,BTC-USD,2026-06-17 19:15:00,0.0019559183,0.0023546237
PSOQRNN,BTC-USD,2026-06-17 19:30:00,0.0022776548,0.0023720548
PSOQRNN,BTC-USD,2026-06-17 19:45:00,0.0023815462,0.0023761527
PSOQRNN,BTC-USD,2026-06-17 20:00:00,0.0023390502,0.0023778684
PSOQRNN,BTC-USD,2026-06-17 20:15:00,0.0023904745,0.0023795534
PSOQRNN,BTC-USD,2026-06-17 20:30:00,0.0023400863,0.002380839
PSOQRNN,BTC-USD,2026-06-17 20:45:00,0.0024008693,0.0023850761
PSOQRNN,BTC-USD,2026-06-17 21:00:00,0.0023499054,0.0023869902
PSOQRNN,BTC-USD,2026-06-17 21:15:00,0.0023613477,0.0023868587
PSOQRNN,BTC-USD,2026-06-17 21:30:00,0.0023632832,0.0023843215
PSOQRNN,BTC-USD,2026-06-17 21:45:00,0.0023767515,0.0023847467
PSOQRNN,BTC-USD,2026-06-17 22:00:00,0.0023400707,0.0023891896
PSOQRNN,BTC-USD,2026-06-17 22:15:00,0.002420891,0.0023997256
PSOQRNN,BTC-USD,2026-06-17 22:30:00,0.0023679591,0.002393456
PSOQRNN,BTC-USD,2026-06-17 22:45:00,0.002384977,0.0023927502
PSOQRNN,BTC-USD,2026-06-17 23:00:00,0.0023819867,0.0023920885
PSOQRNN,BTC-USD,2026-06-17 23:15:00,0.002411207,0.0023989556
PSOQRNN,BTC-USD,2026-06-17 23:30:00,0.0023758833,0.0023976532
PSOQRNN,BTC-USD,2026-06-17 23:45:00,0.0023962886,0.002396592
PSOQRNN,BTC-USD,2026-06-18 00:00:00,0.0024047971,0.0023995852
PSOQRNN,BTC-USD,2026-06-18 00:15:00,0.0023784742,0.0023996984
PSOQRNN,BTC-USD,2026-06-18 00:30:00,0.0023865413,0.0023987268
PSOQRNN,BTC-USD,2026-06-18 00:45:00,0.0023601425,0.0024019172
PSOQRNN,BTC-USD,2026-06-18 01:00:00,0.0024368593,0.002413276
PSOQRNN,BTC-USD,2026-06-18 01:15:00,0.0023880922,0.0024141222
PSOQRNN,BTC-USD,2026-06-18 01:30:00,0.0023936024,0.0024139383
PSOQRNN,BTC-USD,2026-06-18 01:45:00,0.002388785,0.002409783
PSOQRNN,BTC-USD,2026-06-18 02:00:00,0.00240137,0.002409792
PSOQRNN,BTC-USD,2026-06-18 02:15:00,0.002421284,0.0023928778
PSOQRNN,BTC-USD,2026-06-18 02:30:00,0.0023890366,0.0023917619
PSOQRNN,BTC-USD,2026-06-18 02:45:00,0.0023637798,0.0023914848
PSOQRNN,BTC-USD,2026-06-18 03:00:00,0.0023465327,0.002395549
PSOQRNN,BTC-USD,2026-06-18 03:15:00,0.0023406318,0.002404112
PSOQRNN,BTC-USD,2026-06-18 03:30:00,0.0023921616,0.002396592
PSOQRNN,BTC-USD,2026-06-18 03:45:00,0.0023765627,0.0023948164
PSOQRNN,BTC-USD,2026-06-18 04:00:00,0.0023135308,0.0024164526
PSOQRNN,BTC-USD,2026-06-18 04:15:00,0.0024050209,0.0024059424
PSOQRNN,BTC-USD,2026-06-18 04:30:00,0.0023815886,0.0023943523
PSOQRNN,BTC-USD,2026-06-18 04:45:00,0.0023799622,0.0023910396
PSOQRNN,BTC-USD,2026-06-18 05:00:00,0.0023839222,0.002391488
PSOQRNN,BTC-USD,2026-06-18 05:15:00,0.002380818,0.0023885847
PSOQRNN,BTC-USD,2026-06-18 05:30:00,0.0023719298,0.0023885474
PSOQRNN,BTC-USD,2026-06-18 05:45:00,0.002386036,0.0023888561
PSOQRNN,BTC-USD,2026-06-18 06:00:00,0.002368077,0.0023884713
PSOQRNN,BTC-USD,2026-06-18 06:15:00,0.0023796759,0.0023884636
PSOQRNN,BTC-USD,2026-06-18 06:30:00,0.0023930632,0.0023787513
PSOQRNN,BTC-USD,2026-06-18 06:45:00,0.0023612734,0.0023516011
PSOQRNN,BTC-USD,2026-06-18 07:00:00,0.0023357328,0.002351722
PSOQRNN,BTC-USD,2026-06-18 07:15:00,0.0023711736,0.0023610021
PSOQRNN,BTC-USD,2026-06-18 07:30:00,0.0023694243,0.0023656546
PSOQRNN,BTC-USD,2026-06-18 07:45:00,0.0023617442,0.002366962
PSOQRNN,BTC-USD,2026-06-18 08:00:00,0.002358241,0.0023563432
PSOQRNN,BTC-USD,2026-06-18 08:15:00,0.0023463925,0.0023559816
PSOQRNN,BTC-USD,2026-06-18 08:30:00,0.0023251926,0.002356004
PSOQRNN,BTC-USD,2026-06-18 08:45:00,0.0023153725,0.0023584168
PSOQRNN,BTC-USD,2026-06-18 09:00:00,0.0023398313,0.0023582734
PSOQRNN,BTC-USD,2026-06-18 09:15:00,0.0023148898,0.0023613793
PSOQRNN,BTC-USD,2026-06-18 09:30:00,0.0023508393,0.0023617875
PSOQRNN,BTC-USD,2026-06-18 09:45:00,0.002328326,0.0023628813
PSOQRNN,BTC-USD,2026-06-18 10:00:00,0.0023095582,0.0023670408
PSOQRNN,BTC-USD,2026-06-18 10:15:00,0.0023404043,0.002347047
PSOQRNN,BTC-USD,2026-06-18 10:30:00,0.002335765,0.00233919
PSOQRNN,BTC-USD,2026-06-18 10:45:00,0.0023331693,0.002337346
PSOQRNN,BTC-USD,2026-06-18 11:00:00,0.0023090644,0.0023375554
PSOQRNN,BTC-USD,2026-06-18 11:15:00,0.0023261502,0.0023379086
PSOQRNN,BTC-USD,2026-06-18 11:30:00,0.0022989449,0.0023395435
PSOQRNN,BTC-USD,2026-06-18 11:45:00,0.0023190281,0.002338701
PSOQRNN,BTC-USD,2026-06-18 12:00:00,0.0023269579,0.0023391866
PSOQRNN,BTC-USD,2026-06-18 12:15:00,0.002354316,0.0023452954
PSOQRNN,BTC-USD,2026-06-18 12:30:00,0.0023365612,0.0023457606
PSOQRNN,BTC-USD,2026-06-18 12:45:00,0.0023502707,0.0023486516
PSOQRNN,BTC-USD,2026-06-18 13:00:00,0.0023340746,0.002348816
PSOQRNN,BTC-USD,2026-06-18 13:15:00,0.002320796,0.0023415645
PSOQRNN,BTC-USD,2026-06-18 13:30:00,0.0022262984,0.002381451
PSOQRNN,BTC-USD,2026-06-18 13:45:00,0.002384919,0.0023824244
PSOQRNN,BTC-USD,2026-06-18 14:00:00,0.0023270196,0.0023893612
PSOQRNN,BTC-USD,2026-06-18 14:15:00,0.0023794207,0.0023895146
PSOQRNN,BTC-USD,2026-06-18 14:30:00,0.0023865008,0.0023900026
PSOQRNN,BTC-USD,2026-06-18 14:45:00,0.002364903,0.0023899842
PSOQRNN,BTC-USD,2026-06-18 15:00:00,0.0023275963,0.0023999666
PSOQRNN,BTC-USD,2026-06-18 15:15:00,0.002319966,0.002418554
PSOQRNN,BTC-USD,2026-06-18 15:30:00,0.0023145229,0.0024535295
PSOQRNN,BTC-USD,2026-06-18 15:45:00,0.002364338,0.0024817926
PSOQRNN,BTC-USD,2026-06-18 16:00:00,0.0025249666,0.0024977336
PSOQRNN,BTC-USD,2026-06-18 16:15:00,0.0024878073,0.0024959801
PSOQRNN,BTC-USD,2026-06-18 16:30:00,0.0025141372,0.0024992966
PSOQRNN,BTC-USD,2026-06-18 16:45:00,0.0024916525,0.0024993543
PSOQRNN,BTC-USD,2026-06-18 17:00:00,0.0024638441,0.002491569
PSOQRNN,BTC-USD,2026-06-18 17:15:00,0.0024992255,0.0024801728
PSOQRNN,BTC-USD,2026-06-18 17:30:00,0.0024902737,0.002479671
PSOQRNN,BTC-USD,2026-06-18 17:45:00,0.0024667678,0.0024769788
PSOQRNN,BTC-USD,2026-06-18 18:00:00,0.0024927813,0.002479065
PSOQRNN,BTC-USD,2026-06-18 18:15:00,0.0024994032,0.0024776715
PSOQRNN,BTC-USD,2026-06-18 18:30:00,0.002456971,0.002473895
PSOQRNN,BTC-USD,2026-06-18 18:45:00,0.0024582767,0.0024739576
PSOQRNN,BTC-USD,2026-06-18 19:00:00,0.0024649971,0.002473952
PSOQRNN,BTC-USD,2026-06-18 19:15:00,0.0024872213,0.0024719185
PSOQRNN,BTC-USD,2026-06-18 19:30:00,0.0024999368,0.002478777
PSOQRNN,BTC-USD,2026-06-18 19:45:00,0.002469367,0.0024786422
PSOQRNN,BTC-USD,2026-06-18 20:00:00,0.0025170427,0.0024849586
PSOQRNN,BTC-USD,2026-06-18 20:15:00,0.0024692558,0.0024846238
PSOQRNN,BTC-USD,2026-06-18 20:30:00,0.0024857835,0.0024847998
PSOQRNN,BTC-USD,2026-06-18 20:45:00,0.0024715548,0.0024850587
PSOQRNN,BTC-USD,2026-06-18 21:00:00,0.0024495744,0.0024862203
PSOQRNN,BTC-USD,2026-06-18 21:15:00,0.0024895258,0.002482337
PSOQRNN,BTC-USD,2026-06-18 21:30:00,0.0024703552,0.0024812156
PSOQRNN,BTC-USD,2026-06-18 21:45:00,0.002486501,0.0024814273
PSOQRNN,BTC-USD,2026-06-18 22:00:00,0.0024694297,0.0024801958
PSOQRNN,BTC-USD,2026-06-18 22:15:00,0.0024620001,0.002480952
PSOQRNN,BTC-USD,2026-06-18 22:30:00,0.0024717671,0.0024809819
PSOQRNN,BTC-USD,2026-06-18 22:45:00,0.00248974,0.0024816808
PSOQRNN,BTC-USD,2026-06-18 23:00:00,0.002454167,0.002481986
PSOQRNN,BTC-USD,2026-06-18 23:15:00,0.0025001056,0.0024845775
PSOQRNN,BTC-USD,2026-06-18 23:30:00,0.0024860383,0.0024834108
PSOQRNN,BTC-USD,2026-06-18 23:45:00,0.002486361,0.0024684847
PSOQRNN,BTC-USD,2026-06-19 00:00:00,0.0024468303,0.0024671277
PSOQRNN,BTC-USD,2026-06-19 00:15:00,0.0024772892,0.0024661717
PSOQRNN,BTC-USD,2026-06-19 00:30:00,0.002479866,0.0024675934
PSOQRNN,BTC-USD,2026-06-19 00:45:00,0.0024545058,0.0024620874
PSOQRNN,BTC-USD,2026-06-19 01:00:00,0.0024465502,0.0024618204
PSOQRNN,BTC-USD,2026-06-19 01:15:00,0.002447811,0.0024583784
PSOQRNN,BTC-USD,2026-06-19 01:30:00,0.0024481416,0.0024580576
PSOQRNN,BTC-USD,2026-06-19 01:45:00,0.0024712062,0.0024595312
PSOQRNN,BTC-USD,2026-06-19 02:00:00,0.0024524191,0.0024594702
PSOQRNN,BTC-USD,2026-06-19 02:15:00,0.0024403913,0.0024599463
PSOQRNN,BTC-USD,2026-06-19 02:30:00,0.0024506298,0.002459436
PSOQRNN,BTC-USD,2026-06-19 02:45:00,0.002463883,0.0024589656
PSOQRNN,BTC-USD,2026-06-19 03:00:00,0.0024004676,0.0024709075
PSOQRNN,BTC-USD,2026-06-19 03:15:00,0.0024829344,0.0024729222
PSOQRNN,BTC-USD,2026-06-19 03:30:00,0.00244302,0.0024746978
PSOQRNN,BTC-USD,2026-06-19 03:45:00,0.002482997,0.0024755618
PSOQRNN,BTC-USD,2026-06-19 04:00:00,0.0024893777,0.0024711364
PSOQRNN,BTC-USD,2026-06-19 04:15:00,0.0024379496,0.0024684144
PSOQRNN,BTC-USD,2026-06-19 04:30:00,0.0024416842,0.002467063
PSOQRNN,BTC-USD,2026-06-19 04:45:00,0.0024305033,0.0024707257
PSOQRNN,BTC-USD,2026-06-19 05:00:00,0.0025047434,0.002482007
PSOQRNN,BTC-USD,2026-06-19 05:15:00,0.0024678034,0.002443721
PSOQRNN,BTC-USD,2026-06-19 05:30:00,0.0024425697,0.0024408845
PSOQRNN,BTC-USD,2026-06-19 05:45:00,0.0024473297,0.0024426768
PSOQRNN,BTC-USD,2026-06-19 06:00:00,0.002454644,0.002436974
PSOQRNN,BTC-USD,2026-06-19 06:15:00,0.0024258345,0.002436744
PSOQRNN,BTC-USD,2026-06-19 06:30:00,0.0024247225,0.002436464
PSOQRNN,BTC-USD,2026-06-19 06:45:00,0.0024392,0.0024374549
PSOQRNN,BTC-USD,2026-06-19 07:00:00,0.0024065587,0.0024381166
PSOQRNN,BTC-USD,2026-06-19 07:15:00,0.0024225449,0.0024380574
PSOQRNN,BTC-USD,2026-06-19 07:30:00,0.0023806128,0.002449226
PSOQRNN,BTC-USD,2026-06-19 07:45:00,0.0024641491,0.0024528743
PSOQRNN,BTC-USD,2026-06-19 08:00:00,0.0024529814,0.0024531246
PSOQRNN,BTC-USD,2026-06-19 08:15:00,0.002443823,0.0024530492
PSOQRNN,BTC-USD,2026-06-19 08:30:00,0.0024454347,0.002453024
PSOQRNN,BTC-USD,2026-06-19 08:45:00,0.0024339193,0.0024431937
PSOQRNN,BTC-USD,2026-06-19 09:00:00,0.002402548,0.0024420242
PSOQRNN,BTC-USD,2026-06-19 09:15:00,0.0024230187,0.0024342753
PSOQRNN,BTC-USD,2026-06-19 09:30:00,0.0024330397,0.0024342411
PSOQRNN,BTC-USD,2026-06-19 09:45:00,0.0024175528,0.0024343152
PSOQRNN,BTC-USD,2026-06-19 10:00:00,0.0024554336,0.0024360698
PSOQRNN,BTC-USD,2026-06-19 10:15:00,0.0024174552,0.002435975
PSOQRNN,BTC-USD,2026-06-19 10:30:00,0.0024118673,0.0024364511
PSOQRNN,BTC-USD,2026-06-19 10:45:00,0.002446758,0.002438712
PSOQRNN,BTC-USD,2026-06-19 11:00:00,0.002423194,0.0024371827
PSOQRNN,BTC-USD,2026-06-19 11:15:00,0.0024545472,0.0024422626
PSOQRNN,BTC-USD,2026-06-19 11:30:00,0.0024383094,0.002439474
PSOQRNN,BTC-USD,2026-06-19 11:45:00,0.002424286,0.00243942
PSOQRNN,BTC-USD,2026-06-19 12:00:00,0.0024297608,0.0024385236
PSOQRNN,BTC-USD,2026-06-19 12:15:00,0.0024163956,0.002433622
PSOQRNN,BTC-USD,2026-06-19 12:30:00,0.0024151134,0.0024338448
PSOQRNN,BTC-USD,2026-06-19 12:45:00,0.0024801202,0.0024556068
PSOQRNN,BTC-USD,2026-06-19 13:00:00,0.0024407678,0.002454633
PSOQRNN,BTC-USD,2026-06-19 13:15:00,0.0024483993,0.0024541598
PSOQRNN,BTC-USD,2026-06-19 13:30:00,0.0024997147,0.0024737983
PSOQRNN,BTC-USD,2026-06-19 13:45:00,0.0024898592,0.0024762964
PSOQRNN,BTC-USD,2026-06-19 14:00:00,0.0024487837,0.0024787819
PSOQRNN,BTC-USD,2026-06-19 14:15:00,0.002505002,0.0024853665
PSOQRNN,BTC-USD,2026-06-19 14:30:00,0.0024903035,0.002486007
PSOQRNN,BTC-USD,2026-06-19 14:45:00,0.002463167,0.0024876134
PSOQRNN,BTC-USD,2026-06-19 15:00:00,0.0024788878,0.0024865053
PSOQRNN,BTC-USD,2026-06-19 15:15:00,0.0024609112,0.0024888183
PSOQRNN,BTC-USD,2026-06-19 15:30:00,0.0025182415,0.002494336
PSOQRNN,BTC-USD,2026-06-19 15:45:00,0.0024854918,0.002492465
PSOQRNN,BTC-USD,2026-06-19 16:00:00,0.0025207375,0.002497462
PSOQRNN,BTC-USD,2026-06-19 16:15:00,0.0024834608,0.0024909226
PSOQRNN,BTC-USD,2026-06-19 16:30:00,0.0024736063,0.0024856867
PSOQRNN,BTC-USD,2026-06-19 16:45:00,0.002430172,0.0024930404
PSOQRNN,BTC-USD,2026-06-19 17:00:00,0.0024943827,0.0024931994
PSOQRNN,BTC-USD,2026-06-19 17:15:00,0.0024771208,0.0024860823
PSOQRNN,BTC-USD,2026-06-19 17:30:00,0.0025133027,0.002483613
PSOQRNN,BTC-USD,2026-06-19 17:45:00,0.0024996358,0.0024858608
PSOQRNN,BTC-USD,2026-06-19 18:00:00,0.0024757034,0.0024848825
PSOQRNN,BTC-USD,2026-06-19 18:15:00,0.0024720374,0.0024850743
PSOQRNN,BTC-USD,2026-06-19 18:30:00,0.0024712284,0.0024852953
PSOQRNN,BTC-USD,2026-06-19 18:45:00,0.0024902122,0.0024854369
PSOQRNN,BTC-USD,2026-06-19 19:00:00,0.0024727175,0.0024857225
PSOQRNN,BTC-USD,2026-06-19 19:15:00,0.0024711369,0.0024854415
PSOQRNN,BTC-USD,2026-06-19 19:30:00,0.0024834687,0.002485278
PSOQRNN,BTC-USD,2026-06-19 19:45:00,0.0024852653,0.00248543
PSOQRNN,BTC-USD,2026-06-19 20:00:00,0.0024898895,0.0024853041
PSOQRNN,BTC-USD,2026-06-19 20:15:00,0.00248265,0.0024849456
PSOQRNN,BTC-USD,2026-06-19 20:30:00,0.0024847249,0.002484344
PSOQRNN,BTC-USD,2026-06-19 20:45:00,0.0025080363,0.0024889347
PSOQRNN,BTC-USD,2026-06-19 21:00:00,0.0024892793,0.0024889032
PSOQRNN,BTC-USD,2026-06-19 21:15:00,0.0024656772,0.0024843316
PSOQRNN,BTC-USD,2026-06-19 21:30:00,0.0024674085,0.0024850701
PSOQRNN,BTC-USD,2026-06-19 21:45:00,0.0024785378,0.0024850569
PSOQRNN,BTC-USD,2026-06-19 22:00:00,0.0024857216,0.0024840771
PSOQRNN,BTC-USD,2026-06-19 22:15:00,0.0025095993,0.0024871964
PSOQRNN,BTC-USD,2026-06-19 22:30:00,0.0024931068,0.0024878916
PSOQRNN,BTC-USD,2026-06-19 22:45:00,0.0024851712,0.0024878818
PSOQRNN,BTC-USD,2026-06-19 23:00:00,0.002480783,0.0024809202
PSOQRNN,BTC-USD,2026-06-19 23:15:00,0.0024815334,0.0024811476
PSOQRNN,BTC-USD,2026-06-19 23:30:00,0.002478943,0.0024519602
PSOQRNN,BTC-USD,2026-06-19 23:45:00,0.0024805018,0.0024607715
PSOQRNN,BTC-USD,2026-06-20 00:00:00,0.0024512522,0.002460198
PSOQRNN,BTC-USD,2026-06-20 00:15:00,0.0024712007,0.0024611375
PSOQRNN,BTC-USD,2026-06-20 00:30:00,0.0024530138,0.0024595403
PSOQRNN,BTC-USD,2026-06-20 00:45:00,0.0024371399,0.0024605799
PSOQRNN,BTC-USD,2026-06-20 01:00:00,0.0024415255,0.0024612462
PSOQRNN,BTC-USD,2026-06-20 01:15:00,0.0024645175,0.0024611766
PSOQRNN,BTC-USD,2026-06-20 01:30:00,0.002464794,0.0024619107
PSOQRNN,BTC-USD,2026-06-20 01:45:00,0.0024598474,0.0024593137
PSOQRNN,BTC-USD,2026-06-20 02:00:00,0.0024316236,0.0024533572
PSOQRNN,BTC-USD,2026-06-20 02:15:00,0.0024305782,0.0024519092
PSOQRNN,BTC-USD,2026-06-20 02:30:00,0.0024458766,0.0024498238
PSOQRNN,BTC-USD,2026-06-20 02:45:00,0.0024299,0.0024504787
PSOQRNN,BTC-USD,2026-06-20 03:00:00,0.0024446247,0.0024500708
PSOQRNN,BTC-USD,2026-06-20 03:15:00,0.0024605547,0.0024478731
PSOQRNN,BTC-USD,2026-06-20 03:30:00,0.0024467492,0.002438344
PSOQRNN,BTC-USD,2026-06-20 03:45:00,0.0024285207,0.0024348474
PSOQRNN,BTC-USD,2026-06-20 04:00:00,0.0024093154,0.0024357869
PSOQRNN,BTC-USD,2026-06-20 04:15:00,0.0024552417,0.0024365163
PSOQRNN,BTC-USD,2026-06-20 04:30:00,0.0024353194,0.00240832
PSOQRNN,BTC-USD,2026-06-20 04:45:00,0.0023913044,0.0024083839
PSOQRNN,BTC-USD,2026-06-20 05:00:00,0.0024376672,0.0024190906
PSOQRNN,BTC-USD,2026-06-20 05:15:00,0.002373256,0.0024236706
PSOQRNN,BTC-USD,2026-06-20 05:30:00,0.0024134724,0.0024200527
PSOQRNN,BTC-USD,2026-06-20 05:45:00,0.0024155597,0.0024204068
PSOQRNN,BTC-USD,2026-06-20 06:00:00,0.0024068535,0.0024160817
PSOQRNN,BTC-USD,2026-06-20 06:15:00,0.002410038,0.0024143015
PSOQRNN,BTC-USD,2026-06-20 06:30:00,0.002413379,0.0024099816
PSOQRNN,BTC-USD,2026-06-20 06:45:00,0.0023957437,0.002396289
PSOQRNN,BTC-USD,2026-06-20 07:00:00,0.0023679507,0.002394864
PSOQRNN,BTC-USD,2026-06-20 07:15:00,0.0024039522,0.0023623453
PSOQRNN,BTC-USD,2026-06-20 07:30:00,0.002337565,0.0023432658
PSOQRNN,BTC-USD,2026-06-20 07:45:00,0.0023043081,0.0023435596
PSOQRNN,BTC-USD,2026-06-20 08:00:00,0.0023071573,0.0023449506
PSOQRNN,BTC-USD,2026-06-20 08:15:00,0.002312364,0.002342825
PSOQRNN,BTC-USD,2026-06-20 08:30:00,0.002318181,0.0023412686
PSOQRNN,BTC-USD,2026-06-20 08:45:00,0.0023161517,0.0023313167
PSOQRNN,BTC-USD,2026-06-20 09:00:00,0.0023296128,0.0022129554
PSOQRNN,BTC-USD,2026-06-20 09:15:00,0.0021955324,0.0022116785
PSOQRNN,BTC-USD,2026-06-20 09:30:00,0.0022076408,0.0021280798
PSOQRNN,BTC-USD,2026-06-20 09:45:00,0.0021017012,0.002068713
PSOQRNN,BTC-USD,2026-06-20 10:00:00,0.0020256746,0.0020642634
PSOQRNN,BTC-USD,2026-06-20 10:15:00,0.0020269095,0.0018731916
PSOQRNN,BTC-USD,2026-06-20 10:30:00,0.0018266373,0.0018516453
PSOQRNN,BTC-USD,2026-06-20 10:45:00,0.0018396837,0.0018479534
PSOQRNN,BTC-USD,2026-06-20 11:00:00,0.001818311,0.0018447934
PSOQRNN,BTC-USD,2026-06-20 11:15:00,0.0018214232,0.0018384376
PSOQRNN,BTC-USD,2026-06-20 11:30:00,0.0018171885,0.0018347065
PSOQRNN,BTC-USD,2026-06-20 11:45:00,0.0017962881,0.0018247286
PSOQRNN,BTC-USD,2026-06-20 12:00:00,0.0018136431,0.0018233729
PSOQRNN,BTC-USD,2026-06-20 12:15:00,0.0017922564,0.0018225835
PSOQRNN,BTC-USD,2026-06-20 12:30:00,0.0017688788,0.0018253243
PSOQRNN,BTC-USD,2026-06-20 12:45:00,0.0018051118,0.0018251804
PSOQRNN,BTC-USD,2026-06-20 13:00:00,0.0017813665,0.0018201638
PSOQRNN,BTC-USD,2026-06-20 13:15:00,0.0017359619,0.0018168164
PSOQRNN,BTC-USD,2026-06-20 13:30:00,0.0018131619,0.0018175788
PSOQRNN,BTC-USD,2026-06-20 13:45:00,0.0017793574,0.0018178191
PSOQRNN,BTC-USD,2026-06-20 14:00:00,0.0017473248,0.0018264003
PSOQRNN,BTC-USD,2026-06-20 14:15:00,0.001832921,0.0018235602
PSOQRNN,BTC-USD,2026-06-20 14:30:00,0.0018266775,0.0018282969
PSOQRNN,BTC-USD,2026-06-20 14:45:00,0.0018928692,0.0018773307
PSOQRNN,BTC-USD,2026-06-20 15:00:00,0.0018573727,0.0018740724
PSOQRNN,BTC-USD,2026-06-20 15:15:00,0.0018859286,0.0018836862
PSOQRNN,BTC-USD,2026-06-20 15:30:00,0.0018364578,0.0018850013
PSOQRNN,BTC-USD,2026-06-20 15:45:00,0.0018620129,0.0018809515
PSOQRNN,BTC-USD,2026-06-20 16:00:00,0.0018160754,0.0018671533
PSOQRNN,BTC-USD,2026-06-20 16:15:00,0.001835818,0.0018659496
PSOQRNN,BTC-USD,2026-06-20 16:30:00,0.0018374582,0.0018654639
PSOQRNN,BTC-USD,2026-06-20 16:45:00,0.0018427166,0.0018645355
PSOQRNN,BTC-USD,2026-06-20 17:00:00,0.0018157908,0.0018661042
PSOQRNN,BTC-USD,2026-06-20 17:15:00,0.0018458522,0.0018619639
PSOQRNN,BTC-USD,2026-06-20 17:30:00,0.0018009604,0.0018657064
PSOQRNN,BTC-USD,2026-06-20 17:45:00,0.0018266285,0.0018648008
PSOQRNN,BTC-USD,2026-06-20 18:00:00,0.0018356855,0.0018583377
PSOQRNN,BTC-USD,2026-06-20 18:15:00,0.0018377948,0.001847149
PSOQRNN,BTC-USD,2026-06-20 18:30:00,0.0018071914,0.0018477086
PSOQRNN,BTC-USD,2026-06-20 18:45:00,0.0018159022,0.0018474691
PSOQRNN,BTC-USD,2026-06-20 19:00:00,0.0018401262,0.0018192589
PSOQRNN,BTC-USD,2026-06-20 19:15:00,0.0017851111,0.0018194966
PSOQRNN,BTC-USD,2026-06-20 19:30:00,0.0018086564,0.0018198822
PSOQRNN,BTC-USD,2026-06-20 19:45:00,0.0017914255,0.0018198877
PSOQRNN,BTC-USD,2026-06-20 20:00:00,0.0017964091,0.001819567
PSOQRNN,BTC-USD,2026-06-20 20:15:00,0.0017816687,0.0018200419
PSOQRNN,BTC-USD,2026-06-20 20:30:00,0.0017845308,0.0018203466
PSOQRNN,BTC-USD,2026-06-20 20:45:00,0.0018058987,0.0018200787
PSOQRNN,BTC-USD,2026-06-20 21:00:00,0.0018048114,0.0018205367
PSOQRNN,BTC-USD,2026-06-20 21:15:00,0.0017808777,0.0018210466
PSOQRNN,BTC-USD,2026-06-20 21:30:00,0.0018147865,0.0018204842
PSOQRNN,BTC-USD,2026-06-20 21:45:00,0.0017897806,0.0018205119
PSOQRNN,BTC-USD,2026-06-20 22:00:00,0.001820924,0.0018245807
PSOQRNN,BTC-USD,2026-06-20 22:15:00,0.0018334764,0.001820396
PSOQRNN,BTC-USD,2026-06-20 22:30:00,0.001786013,0.0018153824
PSOQRNN,BTC-USD,2026-06-20 22:45:00,0.0017888948,0.001814062
PSOQRNN,BTC-USD,2026-06-20 23:00:00,0.0017846684,0.0018135756
PSOQRNN,BTC-USD,2026-06-20 23:15:00,0.001790082,0.0018131594
PSOQRNN,BTC-USD,2026-06-20 23:30:00,0.0017989093,0.0018127927
PSOQRNN,BTC-USD,2026-06-20 23:45:00,0.0017834234,0.0018090382
PSOQRNN,BTC-USD,2026-06-21 00:00:00,0.0017697549,0.0018098296
PSOQRNN,BTC-USD,2026-06-21 00:15:00,0.0017836652,0.0018049871
PSOQRNN,BTC-USD,2026-06-21 00:30:00,0.001782123,0.0018047054
PSOQRNN,BTC-USD,2026-06-21 00:45:00,0.0017786735,0.0018027318
PSOQRNN,BTC-USD,2026-06-21 01:00:00,0.0017677718,0.0017936316
PSOQRNN,BTC-USD,2026-06-21 01:15:00,0.0017644273,0.0017929283
PSOQRNN,BTC-USD,2026-06-21 01:30:00,0.001771791,0.0017926281
PSOQRNN,BTC-USD,2026-06-21 01:45:00,0.0017678904,0.0017912987
PSOQRNN,BTC-USD,2026-06-21 02:00:00,0.0017689231,0.0017907346
PSOQRNN,BTC-USD,2026-06-21 02:15:00,0.001755727,0.0017907502
PSOQRNN,BTC-USD,2026-06-21 02:30:00,0.0017674839,0.0017879168
PSOQRNN,BTC-USD,2026-06-21 02:45:00,0.0017629183,0.0017879002
PSOQRNN,BTC-USD,2026-06-21 03:00:00,0.001777837,0.0017886203
PSOQRNN,BTC-USD,2026-06-21 03:15:00,0.0017756062,0.0017798366
PSOQRNN,BTC-USD,2026-06-21 03:30:00,0.0017757734,0.0017812293
PSOQRNN,BTC-USD,2026-06-21 03:45:00,0.0017506217,0.0017771488
PSOQRNN,BTC-USD,2026-06-21 04:00:00,0.0017507279,0.0017770602
PSOQRNN,BTC-USD,2026-06-21 04:15:00,0.0017794772,0.0017800791
PSOQRNN,BTC-USD,2026-06-21 04:30:00,0.0017465994,0.0017187665
PSOQRNN,BTC-USD,2026-06-21 04:45:00,0.0016486695,0.0017282757
PSOQRNN,BTC-USD,2026-06-21 05:00:00,0.0016983869,0.0017163864
PSOQRNN,BTC-USD,2026-06-21 05:15:00,0.001711659,0.0017172324
PSOQRNN,BTC-USD,2026-06-21 05:30:00,0.0016969036,0.0017162248
PSOQRNN,BTC-USD,2026-06-21 05:45:00,0.0016886116,0.0017156436
PSOQRNN,BTC-USD,2026-06-21 06:00:00,0.0016864729,0.0016985275
PSOQRNN,BTC-USD,2026-06-21 06:15:00,0.0016965452,0.0016658214
PSOQRNN,BTC-USD,2026-06-21 06:30:00,0.0016581125,0.0016006228
PSOQRNN,BTC-USD,2026-06-21 06:45:00,0.0015928205,0.0015453555
PSOQRNN,BTC-USD,2026-06-21 07:00:00,0.0015360481,0.0015234876
PSOQRNN,BTC-USD,2026-06-21 07:15:00,0.0015045954,0.001525523
PSOQRNN,BTC-USD,2026-06-21 07:30:00,0.0015415977,0.0015222658
PSOQRNN,BTC-USD,2026-06-21 07:45:00,0.0015204763,0.0015220769
PSOQRNN,BTC-USD,2026-06-21 08:00:00,0.0015054555,0.0015132516
PSOQRNN,BTC-USD,2026-06-21 08:15:00,0.0015016667,0.001514012
PSOQRNN,BTC-USD,2026-06-21 08:30:00,0.0015025889,0.0015138024
PSOQRNN,BTC-USD,2026-06-21 08:45:00,0.0015263923,0.0015130701
PSOQRNN,BTC-USD,2026-06-21 09:00:00,0.00150749,0.0015099541
PSOQRNN,BTC-USD,2026-06-21 09:15:00,0.0015354999,0.0015057425
PSOQRNN,BTC-USD,2026-06-21 09:30:00,0.0015323645,0.0015046684
PSOQRNN,BTC-USD,2026-06-21 09:45:00,0.0015316919,0.0015050869
PSOQRNN,BTC-USD,2026-06-21 10:00:00,0.0015307597,0.0015063102
PSOQRNN,BTC-USD,2026-06-21 10:15:00,0.0015189181,0.0015034238
PSOQRNN,BTC-USD,2026-06-21 10:30:00,0.0015211474,0.0014929092
PSOQRNN,BTC-USD,2026-06-21 10:45:00,0.0015064982,0.0014926156
PSOQRNN,BTC-USD,2026-06-21 11:00:00,0.0015161771,0.0014743815
PSOQRNN,BTC-USD,2026-06-21 11:15:00,0.0014761101,0.0014732783
PSOQRNN,BTC-USD,2026-06-21 11:30:00,0.0014574155,0.0014768733
PSOQRNN,BTC-USD,2026-06-21 11:45:00,0.0014562638,0.0014806996
PSOQRNN,BTC-USD,2026-06-21 12:00:00,0.0014690111,0.0014730998
PSOQRNN,BTC-USD,2026-06-21 12:15:00,0.001466667,0.0014744238
PSOQRNN,BTC-USD,2026-06-21 12:30:00,0.0014953794,0.0014740047
PSOQRNN,BTC-USD,2026-06-21 12:45:00,0.0015197671,0.0014787023
PSOQRNN,BTC-USD,2026-06-21 13:00:00,0.0014709743,0.0014797273
PSOQRNN,BTC-USD,2026-06-21 13:15:00,0.0015021396,0.0014781143
PSOQRNN,BTC-USD,2026-06-21 13:30:00,0.0014585977,0.0014823318
PSOQRNN,BTC-USD,2026-06-21 13:45:00,0.0015175473,0.0014836459
PSOQRNN,BTC-USD,2026-06-21 14:00:00,0.0014728594,0.001480204
PSOQRNN,BTC-USD,2026-06-21 14:15:00,0.0014826694,0.001475867
PSOQRNN,BTC-USD,2026-06-21 14:30:00,0.0014912306,0.0014757243
PSOQRNN,BTC-USD,2026-06-21 14:45:00,0.0015086264,0.0014774373
PSOQRNN,BTC-USD,2026-06-21 15:00:00,0.0015040234,0.0014756805
PSOQRNN,BTC-USD,2026-06-21 15:15:00,0.0015009511,0.001474158
PSOQRNN,BTC-USD,2026-06-21 15:30:00,0.0014939393,0.0014707758
PSOQRNN,BTC-USD,2026-06-21 15:45:00,0.0014653892,0.0014716972
PSOQRNN,BTC-USD,2026-06-21 16:00:00,0.0014598895,0.001473544
PSOQRNN,BTC-USD,2026-06-21 16:15:00,0.0014974419,0.0014734522
PSOQRNN,BTC-USD,2026-06-21 16:30:00,0.0014640922,0.0014755244
PSOQRNN,BTC-USD,2026-06-21 16:45:00,0.0014970021,0.0014721291
PSOQRNN,BTC-USD,2026-06-21 17:00:00,0.0014992675,0.001473106
PSOQRNN,BTC-USD,2026-06-21 17:15:00,0.0014555455,0.0014756132
PSOQRNN,BTC-USD,2026-06-21 17:30:00,0.001494508,0.0014757006
PSOQRNN,BTC-USD,2026-06-21 17:45:00,0.0014917208,0.0014746893
PSOQRNN,BTC-USD,2026-06-21 18:00:00,0.001447436,0.0014568147
PSOQRNN,BTC-USD,2026-06-21 18:15:00,0.001480549,0.001454311
PSOQRNN,BTC-USD,2026-06-21 18:30:00,0.0015055921,0.0014541071
PSOQRNN,BTC-USD,2026-06-21 18:45:00,0.0014787085,0.0014529316
PSOQRNN,BTC-USD,2026-06-21 19:00:00,0.0014678222,0.001449664
PSOQRNN,BTC-USD,2026-06-21 19:15:00,0.001465478,0.0014415921
PSOQRNN,BTC-USD,2026-06-21 19:30:00,0.0014531616,0.0014369421
PSOQRNN,BTC-USD,2026-06-21 19:45:00,0.0014524123,0.0014270949
PSOQRNN,BTC-USD,2026-06-21 20:00:00,0.0014369206,0.0014111323
PSOQRNN,BTC-USD,2026-06-21 20:15:00,0.0014194534,0.0014107929
PSOQRNN,BTC-USD,2026-06-21 20:30:00,0.0013919988,0.0014181201
PSOQRNN,BTC-USD,2026-06-21 20:45:00,0.0014003628,0.0014228285
PSOQRNN,BTC-USD,2026-06-21 21:00:00,0.0013817365,0.0014351784
PSOQRNN,BTC-USD,2026-06-21 21:15:00,0.001469505,0.0014363653
PSOQRNN,BTC-USD,2026-06-21 21:30:00,0.0015059635,0.0014494117
PSOQRNN,BTC-USD,2026-06-21 21:45:00,0.0014418305,0.0014506868
PSOQRNN,BTC-USD,2026-06-21 22:00:00,0.0014183408,0.0014563542
PSOQRNN,BTC-USD,2026-06-21 22:15:00,0.001492358,0.0014580066
PSOQRNN,BTC-USD,2026-06-21 22:30:00,0.0014606549,0.0014367289
PSOQRNN,BTC-USD,2026-06-21 22:45:00,0.001488447,0.0014370627
PSOQRNN,BTC-USD,2026-06-21 23:00:00,0.0014301264,0.0014394989
PSOQRNN,BTC-USD,2026-06-21 23:15:00,0.0014361601,0.0014414812
PSOQRNN,BTC-USD,2026-06-21 23:30:00,0.0013663433,0.001477598
PSOQRNN,BTC-USD,2026-06-21 23:45:00,0.001483972,0.0014762982
PSOQRNN,BTC-USD,2026-06-22 00:00:00,0.0015395287,0.0014797092
PSOQRNN,BTC-USD,2026-06-22 00:15:00,0.0015456255,0.0014933547
PSOQRNN,BTC-USD,2026-06-22 00:30:00,0.0015512586,0.0015044482
PSOQRNN,BTC-USD,2026-06-22 00:45:00,0.0015042839,0.0015041564
PSOQRNN,BTC-USD,2026-06-22 01:00:00,0.0015051792,0.0014953878
PSOQRNN,BTC-USD,2026-06-22 01:15:00,0.0016864521,0.0016813788
PSOQRNN,BTC-USD,2026-06-22 01:30:00,0.0016311912,0.0016855819
PSOQRNN,BTC-USD,2026-06-22 01:45:00,0.0016905689,0.0016844987
PSOQRNN,BTC-USD,2026-06-22 02:00:00,0.0016575854,0.0016847942
PSOQRNN,BTC-USD,2026-06-22 02:15:00,0.0016627534,0.0016793497
PSOQRNN,BTC-USD,2026-06-22 02:30:00,0.0016518463,0.0016801975
PSOQRNN,BTC-USD,2026-06-22 02:45:00,0.0016076348,0.0016957168
PSOQRNN,BTC-USD,2026-06-22 03:00:00,0.0016263511,0.0017091983
PSOQRNN,BTC-USD,2026-06-22 03:15:00,0.00174391,0.0017218221
PSOQRNN,BTC-USD,2026-06-22 03:30:00,0.0016776451,0.0017243305
PSOQRNN,BTC-USD,2026-06-22 03:45:00,0.0016529778,0.0017090861
PSOQRNN,BTC-USD,2026-06-22 04:00:00,0.0016898997,0.0017084937
PSOQRNN,BTC-USD,2026-06-22 04:15:00,0.0016900707,0.0017085007
PSOQRNN,BTC-USD,2026-06-22 04:30:00,0.0016882663,0.0016823497
PSOQRNN,BTC-USD,2026-06-22 04:45:00,0.0016989672,0.0016836678
PSOQRNN,BTC-USD,2026-06-22 05:00:00,0.0017124998,0.0016890683
PSOQRNN,BTC-USD,2026-06-22 05:15:00,0.0016619319,0.001681411
PSOQRNN,BTC-USD,2026-06-22 05:30:00,0.0016724006,0.0016810197
PSOQRNN,BTC-USD,2026-06-22 05:45:00,0.0016600193,0.0016778009
PSOQRNN,BTC-USD,2026-06-22 06:00:00,0.0016573272,0.0016776614
PSOQRNN,BTC-USD,2026-06-22 06:15:00,0.0016363309,0.0016767589
PSOQRNN,BTC-USD,2026-06-22 06:30:00,0.0016373323,0.001670106
PSOQRNN,BTC-USD,2026-06-22 06:45:00,0.0016490935,0.00166995
PSOQRNN,BTC-USD,2026-06-22 07:00:00,0.0017071792,0.00167484
PSOQRNN,BTC-USD,2026-06-22 07:15:00,0.0016721177,0.0016741198
PSOQRNN,BTC-USD,2026-06-22 07:30:00,0.0016575505,0.0016721803
PSOQRNN,BTC-USD,2026-06-22 07:45:00,0.001647197,0.0016502367
PSOQRNN,BTC-USD,2026-06-22 08:00:00,0.0016641235,0.0016533085
PSOQRNN,BTC-USD,2026-06-22 08:15:00,0.0016094653,0.0016565303
PSOQRNN,BTC-USD,2026-06-22 08:30:00,0.0016619813,0.0016494829
PSOQRNN,BTC-USD,2026-06-22 08:45:00,0.0016123464,0.0016493236
PSOQRNN,BTC-USD,2026-06-22 09:00:00,0.0016421779,0.0016489258
PSOQRNN,BTC-USD,2026-06-22 09:15:00,0.0016200675,0.001649583
PSOQRNN,BTC-USD,2026-06-22 09:30:00,0.0016405677,0.0016485457
PSOQRNN,BTC-USD,2026-06-22 09:45:00,0.0016414045,0.0016480675
PSOQRNN,BTC-USD,2026-06-22 10:00:00,0.0016524587,0.0016483773
PSOQRNN,BTC-USD,2026-06-22 10:15:00,0.0016267558,0.0016476964
PSOQRNN,BTC-USD,2026-06-22 10:30:00,0.001612101,0.0016506296
PSOQRNN,BTC-USD,2026-06-22 10:45:00,0.0016526185,0.0016514348
PSOQRNN,BTC-USD,2026-06-22 11:00:00,0.001679902,0.0016591444
PSOQRNN,BTC-USD,2026-06-22 11:15:00,0.0016588309,0.0016598317
PSOQRNN,BTC-USD,2026-06-22 11:30:00,0.0017054565,0.0016774003
PSOQRNN,BTC-USD,2026-06-22 11:45:00,0.0016709903,0.0016711428
PSOQRNN,BTC-USD,2026-06-22 12:00:00,0.0016789321,0.0016733251
PSOQRNN,BTC-USD,2026-06-22 12:15:00,0.0017046815,0.001679921
PSOQRNN,BTC-USD,2026-06-22 12:30:00,0.0016915584,0.001681395
PSOQRNN,BTC-USD,2026-06-22 12:45:00,0.0016860547,0.0016829468
PSOQRNN,BTC-USD,2026-06-22 13:00:00,0.0016656668,0.0016829359
PSOQRNN,BTC-USD,2026-06-22 13:15:00,0.001630236,0.0016827644
PSOQRNN,BTC-USD,2026-06-22 13:30:00,0.001759357,0.0017278201
PSOQRNN,BTC-USD,2026-06-22 13:45:00,0.0017455992,0.0017346222
PSOQRNN,BTC-USD,2026-06-22 14:00:00,0.0016472205,0.0017561658
PSOQRNN,BTC-USD,2026-06-22 14:15:00,0.0016516374,0.0017878556
PSOQRNN,BTC-USD,2026-06-22 14:30:00,0.0017487087,0.0017890575
PSOQRNN,BTC-USD,2026-06-22 14:45:00,0.0017794495,0.0017792928
PSOQRNN,BTC-USD,2026-06-22 15:00:00,0.001779799,0.0017820897
PSOQRNN,BTC-USD,2026-06-22 15:15:00,0.0017484685,0.0017802891
PSOQRNN,BTC-USD,2026-06-22 15:30:00,0.0017612074,0.0017803195
PSOQRNN,BTC-USD,2026-06-22 15:45:00,0.0017022096,0.0017923873
PSOQRNN,BTC-USD,2026-06-22 16:00:00,0.0017400678,0.0017948416
PSOQRNN,BTC-USD,2026-06-22 16:15:00,0.0017600005,0.0017947233
PSOQRNN,BTC-USD,2026-06-22 16:30:00,0.0017448427,0.0017971601
PSOQRNN,BTC-USD,2026-06-22 16:45:00,0.001801936,0.0018017108
PSOQRNN,BTC-USD,2026-06-22 17:00:00,0.0017660353,0.0017985746
PSOQRNN,BTC-USD,2026-06-22 17:15:00,0.0017388952,0.0018024631
PSOQRNN,BTC-USD,2026-06-22 17:30:00,0.0017523286,0.0018055511
PSOQRNN,BTC-USD,2026-06-22 17:45:00,0.001818787,0.001812269
PSOQRNN,BTC-USD,2026-06-22 18:00:00,0.0018000425,0.0018132027
PSOQRNN,BTC-USD,2026-06-22 18:15:00,0.0017699309,0.0018122212
PSOQRNN,BTC-USD,2026-06-22 18:30:00,0.0017663301,0.001813929
PSOQRNN,BTC-USD,2026-06-22 18:45:00,0.0017462588,0.0018223264
PSOQRNN,BTC-USD,2026-06-22 19:00:00,0.0018104118,0.0018213311
PSOQRNN,BTC-USD,2026-06-22 19:15:00,0.0017798438,0.0018157415
PSOQRNN,BTC-USD,2026-06-22 19:30:00,0.001801275,0.0018160101
PSOQRNN,BTC-USD,2026-06-22 19:45:00,0.0018120409,0.0018184367
PSOQRNN,BTC-USD,2026-06-22 20:00:00,0.0017980213,0.0018042031
PSOQRNN,BTC-USD,2026-06-22 20:15:00,0.0017501649,0.0017990534
PSOQRNN,BTC-USD,2026-06-22 20:30:00,0.0017914929,0.0018006763
PSOQRNN,BTC-USD,2026-06-22 20:45:00,0.0017600844,0.0018015533
PSOQRNN,BTC-USD,2026-06-22 21:00:00,0.0017682805,0.001801799
PSOQRNN,BTC-USD,2026-06-22 21:15:00,0.0017527924,0.0018043403
PSOQRNN,BTC-USD,2026-06-22 21:30:00,0.0017503178,0.0018073829
PSOQRNN,BTC-USD,2026-06-22 21:45:00,0.0018114806,0.0018121792
PSOQRNN,BTC-USD,2026-06-22 22:00:00,0.001781552,0.0018105598
PSOQRNN,BTC-USD,2026-06-22 22:15:00,0.001719333,0.0018262538
PSOQRNN,BTC-USD,2026-06-22 22:30:00,0.0017533784,0.0018357439
PSOQRNN,BTC-USD,2026-06-22 22:45:00,0.0018349646,0.0018368167
PSOQRNN,BTC-USD,2026-06-22 23:00:00,0.0018039459,0.0018346598
PSOQRNN,BTC-USD,2026-06-22 23:15:00,0.0018273143,0.0018354164
PSOQRNN,BTC-USD,2026-06-22 23:30:00,0.0017961696,0.0018358112
PSOQRNN,BTC-USD,2026-06-22 23:45:00,0.0018156131,0.0018358035
PSOQRNN,BTC-USD,2026-06-23 00:00:00,0.0017930336,0.001834503
PSOQRNN,BTC-USD,2026-06-23 00:15:00,0.0017824509,0.0018366044
PSOQRNN,BTC-USD,2026-06-23 00:30:00,0.0018623708,0.001848483
PSOQRNN,BTC-USD,2026-06-23 00:45:00,0.0018278711,0.00184862
PSOQRNN,BTC-USD,2026-06-23 01:00:00,0.0018362941,0.0018494425
PSOQRNN,BTC-USD,2026-06-23 01:15:00,0.0018165676,0.0018494349
PSOQRNN,BTC-USD,2026-06-23 01:30:00,0.0017873782,0.0018535295
PSOQRNN,BTC-USD,2026-06-23 01:45:00,0.0018452966,0.0018543042
PSOQRNN,BTC-USD,2026-06-23 02:00:00,0.0018169788,0.001854661
PSOQRNN,BTC-USD,2026-06-23 02:15:00,0.0018365986,0.0018551523
PSOQRNN,BTC-USD,2026-06-23 02:30:00,0.0018323391,0.0018551128
PSOQRNN,BTC-USD,2026-06-23 02:45:00,0.0018257556,0.0018545437
PSOQRNN,BTC-USD,2026-06-23 03:00:00,0.001783875,0.0018616976
PSOQRNN,BTC-USD,2026-06-23 03:15:00,0.0018471124,0.0018627914
PSOQRNN,BTC-USD,2026-06-23 03:30:00,0.0018121563,0.0018616293
PSOQRNN,BTC-USD,2026-06-23 03:45:00,0.001846968,0.0018625187
PSOQRNN,BTC-USD,2026-06-23 04:00:00,0.0018282299,0.0018612891
PSOQRNN,BTC-USD,2026-06-23 04:15:00,0.0018158443,0.0018471944
PSOQRNN,BTC-USD,2026-06-23 04:30:00,0.0017796905,0.0018519073
PSOQRNN,BTC-USD,2026-06-23 04:45:00,0.0017773955,0.001861374
PSOQRNN,BTC-USD,2026-06-23 05:00:00,0.0018327129,0.0018523417
PSOQRNN,BTC-USD,2026-06-23 05:15:00,0.0017900612,0.0018516771
PSOQRNN,BTC-USD,2026-06-23 05:30:00,0.0018152033,0.0018469869
PSOQRNN,BTC-USD,2026-06-23 05:45:00,0.0018072985,0.001796801
PSOQRNN,BTC-USD,2026-06-23 06:00:00,0.0017250614,0.001806008
PSOQRNN,BTC-USD,2026-06-23 06:15:00,0.001670658,0.0018470205
PSOQRNN,BTC-USD,2026-06-23 06:30:00,0.0018573926,0.0018547205
PSOQRNN,BTC-USD,2026-06-23 06:45:00,0.0018236398,0.0018542993
PSOQRNN,BTC-USD,2026-06-23 07:00:00,0.0018448924,0.0018510438
PSOQRNN,BTC-USD,2026-06-23 07:15:00,0.0018161188,0.0018511651
PSOQRNN,BTC-USD,2026-06-23 07:30:00,0.0017958921,0.0018542929
PSOQRNN,BTC-USD,2026-06-23 07:45:00,0.0018233196,0.0018539431
PSOQRNN,BTC-USD,2026-06-23 08:00:00,0.0017687728,0.0018667026
PSOQRNN,BTC-USD,2026-06-23 08:15:00,0.001687407,0.0019582042
PSOQRNN,BTC-USD,2026-06-23 08:30:00,0.0019977512,0.0019865143
PSOQRNN,BTC-USD,2026-06-23 08:45:00,0.0019483864,0.0019862722
PSOQRNN,BTC-USD,2026-06-23 09:00:00,0.001962197,0.0019868854
PSOQRNN,BTC-USD,2026-06-23 09:15:00,0.0019717787,0.001988513
PSOQRNN,BTC-USD,2026-06-23 09:30:00,0.0019207151,0.0019935565
PSOQRNN,BTC-USD,2026-06-23 09:45:00,0.0019644136,0.0019937295
PSOQRNN,BTC-USD,2026-06-23 10:00:00,0.001976686,0.0019929074
PSOQRNN,BTC-USD,2026-06-23 10:15:00,0.0019375626,0.0019949046
PSOQRNN,BTC-USD,2026-06-23 10:30:00,0.0019375359,0.0019959237
PSOQRNN,BTC-USD,2026-06-23 10:45:00,0.0019743212,0.0019969293
PSOQRNN,BTC-USD,2026-06-23 11:00:00,0.0019775855,0.0019981645
PSOQRNN,BTC-USD,2026-06-23 11:15:00,0.0019983116,0.0020047445
PSOQRNN,BTC-USD,2026-06-23 11:30:00,0.0019756223,0.002004707
PSOQRNN,BTC-USD,2026-06-23 11:45:00,0.0019594587,0.0020043117
PSOQRNN,BTC-USD,2026-06-23 12:00:00,0.0019522316,0.0020049608
PSOQRNN,BTC-USD,2026-06-23 12:15:00,0.0019638247,0.0020046057
PSOQRNN,BTC-USD,2026-06-23 12:30:00,0.0019574692,0.002002902
PSOQRNN,BTC-USD,2026-06-23 12:45:00,0.0019522615,0.0020041151
PSOQRNN,BTC-USD,2026-06-23 13:00:00,0.0019533215,0.0020011498
PSOQRNN,BTC-USD,2026-06-23 13:15:00,0.0019377178,0.00199785
PSOQRNN,BTC-USD,2026-06-23 13:30:00,0.0020366614,0.0020306597
PSOQRNN,BTC-USD,2026-06-23 13:45:00,0.002012277,0.0020322464
PSOQRNN,BTC-USD,2026-06-23 14:00:00,0.0020540634,0.0020513942
PSOQRNN,BTC-USD,2026-06-23 14:15:00,0.001979384,0.0020582278
PSOQRNN,BTC-USD,2026-06-23 14:30:00,0.0020111867,0.0020580417
PSOQRNN,BTC-USD,2026-06-23 14:45:00,0.0020216808,0.0020580448
PSOQRNN,BTC-USD,2026-06-23 15:00:00,0.0019985035,0.0020605759
PSOQRNN,BTC-USD,2026-06-23 15:15:00,0.0020032648,0.0020630776
PSOQRNN,BTC-USD,2026-06-23 15:30:00,0.00203513,0.0020632534
PSOQRNN,BTC-USD,2026-06-23 15:45:00,0.0020673505,0.0020721636
PSOQRNN,BTC-USD,2026-06-23 16:00:00,0.002098263,0.0020942048
PSOQRNN,BTC-USD,2026-06-23 16:15:00,0.002017504,0.0021033043
PSOQRNN,BTC-USD,2026-06-23 16:30:00,0.0020789066,0.0021037036
PSOQRNN,BTC-USD,2026-06-23 16:45:00,0.002054728,0.0021048265
PSOQRNN,BTC-USD,2026-06-23 17:00:00,0.002047123,0.002107599
PSOQRNN,BTC-USD,2026-06-23 17:15:00,0.0021171914,0.0021186313
PSOQRNN,BTC-USD,2026-06-23 17:30:00,0.0020608534,0.0021215857
PSOQRNN,BTC-USD,2026-06-23 17:45:00,0.0020529204,0.002127836
PSOQRNN,BTC-USD,2026-06-23 18:00:00,0.002097819,0.0021266853
PSOQRNN,BTC-USD,2026-06-23 18:15:00,0.0020910755,0.0021258518
PSOQRNN,BTC-USD,2026-06-23 18:30:00,0.0020486293,0.0021331965
PSOQRNN,BTC-USD,2026-06-23 18:45:00,0.0021208674,0.0021357983
PSOQRNN,BTC-USD,2026-06-23 19:00:00,0.0021302223,0.0021403795
PSOQRNN,BTC-USD,2026-06-23 19:15:00,0.002123728,0.0021384244
PSOQRNN,BTC-USD,2026-06-23 19:30:00,0.002076609,0.0021423912
PSOQRNN,BTC-USD,2026-06-23 19:45:00,0.0021324733,0.0021365588
PSOQRNN,BTC-USD,2026-06-23 20:00:00,0.0021113723,0.0021366922
PSOQRNN,BTC-USD,2026-06-23 20:15:00,0.0021153458,0.0021364617
PSOQRNN,BTC-USD,2026-06-23 20:30:00,0.0021011715,0.0021364782
PSOQRNN,BTC-USD,2026-06-23 20:45:00,0.0021028286,0.0021362936
PSOQRNN,BTC-USD,2026-06-23 21:00:00,0.00211334,0.0021366253
PSOQRNN,BTC-USD,2026-06-23 21:15:00,0.0021163845,0.0021364323
PSOQRNN,BTC-USD,2026-06-23 21:30:00,0.002115375,0.002137047
PSOQRNN,BTC-USD,2026-06-23 21:45:00,0.0020995731,0.002137139
PSOQRNN,BTC-USD,2026-06-23 22:00:00,0.0021347944,0.0021424484
PSOQRNN,BTC-USD,2026-06-23 22:15:00,0.0020828273,0.0021446818
PSOQRNN,BTC-USD,2026-06-23 22:30:00,0.0021010789,0.0021446075
PSOQRNN,BTC-USD,2026-06-23 22:45:00,0.0021204632,0.0021449917
PSOQRNN,BTC-USD,2026-06-23 23:00:00,0.0020984323,0.002144766
PSOQRNN,BTC-USD,2026-06-23 23:15:00,0.0021423781,0.0021493991
PSOQRNN,BTC-USD,2026-06-23 23:30:00,0.0021079853,0.0021490385
PSOQRNN,BTC-USD,2026-06-23 23:45:00,0.002139345,0.0021518175
PSOQRNN,BTC-USD,2026-06-24 00:00:00,0.0021556674,0.0021592374
PSOQRNN,BTC-USD,2026-06-24 00:15:00,0.0021178105,0.0021582393
PSOQRNN,BTC-USD,2026-06-24 00:30:00,0.0021485724,0.0021596109
PSOQRNN,BTC-USD,2026-06-24 00:45:00,0.0021394547,0.002158841
PSOQRNN,BTC-USD,2026-06-24 01:00:00,0.0021209742,0.002157615
PSOQRNN,BTC-USD,2026-06-24 01:15:00,0.0021119702,0.0021583897
PSOQRNN,BTC-USD,2026-06-24 01:30:00,0.002133734,0.002158213
PSOQRNN,BTC-USD,2026-06-24 01:45:00,0.0021242867,0.0021580816
PSOQRNN,BTC-USD,2026-06-24 02:00:00,0.0021158038,0.0021576877
PSOQRNN,BTC-USD,2026-06-24 02:15:00,0.0021019294,0.0021603785
PSOQRNN,BTC-USD,2026-06-24 02:30:00,0.002121675,0.002158545
PSOQRNN,BTC-USD,2026-06-24 02:45:00,0.002107449,0.0021576302
PSOQRNN,BTC-USD,2026-06-24 03:00:00,0.0021192683,0.0021565037
PSOQRNN,BTC-USD,2026-06-24 03:15:00,0.002140379,0.0021571694
PSOQRNN,BTC-USD,2026-06-24 03:30:00,0.002152366,0.0021611573
PSOQRNN,BTC-USD,2026-06-24 03:45:00,0.002115978,0.0021577408
PSOQRNN,BTC-USD,2026-06-24 04:00:00,0.0021116904,0.002157856
PSOQRNN,BTC-USD,2026-06-24 04:15:00,0.0021111933,0.002158342
PSOQRNN,BTC-USD,2026-06-24 04:30:00,0.0021401166,0.0021569133
PSOQRNN,BTC-USD,2026-06-24 04:45:00,0.0021446857,0.0021568604
PSOQRNN,BTC-USD,2026-06-24 05:00:00,0.0021338277,0.0021561724
PSOQRNN,BTC-USD,2026-06-24 05:15:00,0.0021431884,0.0021581652
PSOQRNN,BTC-USD,2026-06-24 05:30:00,0.0021371918,0.0021587692
PSOQRNN,BTC-USD,2026-06-24 05:45:00,0.0021192252,0.0021572912
PSOQRNN,BTC-USD,2026-06-24 06:00:00,0.0021155402,0.0021568006
PSOQRNN,BTC-USD,2026-06-24 06:15:00,0.0021271429,0.0021560295
PSOQRNN,BTC-USD,2026-06-24 06:30:00,0.0021133788,0.002156264
PSOQRNN,BTC-USD,2026-06-24 06:45:00,0.002122531,0.0021555007
PSOQRNN,BTC-USD,2026-06-24 07:00:00,0.0021319096,0.0021544183
PSOQRNN,BTC-USD,2026-06-24 07:15:00,0.0020931745,0.002158142
PSOQRNN,BTC-USD,2026-06-24 07:30:00,0.0021310442,0.0021571356
PSOQRNN,BTC-USD,2026-06-24 07:45:00,0.0021162871,0.0021570541
PSOQRNN,BTC-USD,2026-06-24 08:00:00,0.0021272274,0.0021561228
PSOQRNN,BTC-USD,2026-06-24 08:15:00,0.0021352035,0.0021545205
PSOQRNN,BTC-USD,2026-06-24 08:30:00,0.0021396817,0.0021560108
PSOQRNN,BTC-USD,2026-06-24 08:45:00,0.0021262837,0.002155916
PSOQRNN,BTC-USD,2026-06-24 09:00:00,0.0021217423,0.0021516578
PSOQRNN,BTC-USD,2026-06-24 09:15:00,0.0020994726,0.002153331
PSOQRNN,BTC-USD,2026-06-24 09:30:00,0.0021179777,0.0021484452
PSOQRNN,BTC-USD,2026-06-24 09:45:00,0.0021208532,0.0021481423
PSOQRNN,BTC-USD,2026-06-24 10:00:00,0.0021011494,0.0021492061
PSOQRNN,BTC-USD,2026-06-24 10:15:00,0.0021034272,0.0021500844
PSOQRNN,BTC-USD,2026-06-24 10:30:00,0.0021300544,0.002150988
PSOQRNN,BTC-USD,2026-06-24 10:45:00,0.0020870373,0.0021560758
PSOQRNN,BTC-USD,2026-06-24 11:00:00,0.0021091676,0.0021570185
PSOQRNN,BTC-USD,2026-06-24 11:15:00,0.0021272928,0.0021567077
PSOQRNN,BTC-USD,2026-06-24 11:30:00,0.002196509,0.0021851412
PSOQRNN,BTC-USD,2026-06-24 11:45:00,0.0021897657,0.0021887135
PSOQRNN,BTC-USD,2026-06-24 12:00:00,0.0021432757,0.0021798008
PSOQRNN,BTC-USD,2026-06-24 12:15:00,0.0021455628,0.002178852
PSOQRNN,BTC-USD,2026-06-24 12:30:00,0.0021537626,0.0021696275
PSOQRNN,BTC-USD,2026-06-24 12:45:00,0.0020875162,0.0021812909
PSOQRNN,BTC-USD,2026-06-24 13:00:00,0.0020220387,0.0022496774
PSOQRNN,BTC-USD,2026-06-24 13:15:00,0.00218899,0.0022537361
PSOQRNN,BTC-USD,2026-06-24 13:30:00,0.0021455265,0.0022856165
PSOQRNN,BTC-USD,2026-06-24 13:45:00,0.002224171,0.0022882733
PSOQRNN,BTC-USD,2026-06-24 14:00:00,0.0022385225,0.0022901942
PSOQRNN,BTC-USD,2026-06-24 14:15:00,0.0022731165,0.0022897276
PSOQRNN,BTC-USD,2026-06-24 14:30:00,0.0022589006,0.002268526
PSOQRNN,BTC-USD,2026-06-24 14:45:00,0.0022271306,0.0022697048
PSOQRNN,BTC-USD,2026-06-24 15:00:00,0.0021987143,0.002270129
PSOQRNN,BTC-USD,2026-06-24 15:15:00,0.0022402098,0.0022588982
PSOQRNN,BTC-USD,2026-06-24 15:30:00,0.002170354,0.0022682743
PSOQRNN,BTC-USD,2026-06-24 15:45:00,0.0021774753,0.002288422
PSOQRNN,BTC-USD,2026-06-24 16:00:00,0.0023157718,0.002306423
PSOQRNN,BTC-USD,2026-06-24 16:15:00,0.002288978,0.0021663022
PSOQRNN,BTC-USD,2026-06-24 16:30:00,0.0020691145,0.0021826362
PSOQRNN,BTC-USD,2026-06-24 16:45:00,0.0020634194,0.0022152986
PSOQRNN,BTC-USD,2026-06-24 17:00:00,0.002180967,0.0022151757
PSOQRNN,BTC-USD,2026-06-24 17:15:00,0.0021554546,0.0022191654
PSOQRNN,BTC-USD,2026-06-24 17:30:00,0.0021095641,0.0022483338
PSOQRNN,BTC-USD,2026-06-24 17:45:00,0.002235973,0.0022408525
PSOQRNN,BTC-USD,2026-06-24 18:00:00,0.0022520719,0.0022434327
PSOQRNN,BTC-USD,2026-06-24 18:15:00,0.0022418327,0.0022348298
PSOQRNN,BTC-USD,2026-06-24 18:30:00,0.002173911,0.002238101
PSOQRNN,BTC-USD,2026-06-24 18:45:00,0.0022174374,0.0022306426
PSOQRNN,BTC-USD,2026-06-24 19:00:00,0.0022226945,0.0022337006
PSOQRNN,BTC-USD,2026-06-24 19:15:00,0.002235878,0.0022400648
PSOQRNN,BTC-USD,2026-06-24 19:30:00,0.002204978,0.002240175
PSOQRNN,BTC-USD,2026-06-24 19:45:00,0.0022485359,0.0022440003
PSOQRNN,BTC-USD,2026-06-24 20:00:00,0.002348915,0.0023658746
PSOQRNN,BTC-USD,2026-06-24 20:15:00,0.0023657517,0.0023679368
PSOQRNN,BTC-USD,2026-06-24 20:30:00,0.0023738428,0.0023714043
PSOQRNN,BTC-USD,2026-06-24 20:45:00,0.0023675738,0.00237272
PSOQRNN,BTC-USD,2026-06-24 21:00:00,0.0023077168,0.00238411
PSOQRNN,BTC-USD,2026-06-24 21:15:00,0.0023940415,0.0023869856
PSOQRNN,BTC-USD,2026-06-24 21:30:00,0.0024160645,0.002398986
PSOQRNN,BTC-USD,2026-06-24 21:45:00,0.0023928462,0.0023994753
PSOQRNN,BTC-USD,2026-06-24 22:00:00,0.0023616385,0.002391227
PSOQRNN,BTC-USD,2026-06-24 22:15:00,0.002353551,0.0023928317
PSOQRNN,BTC-USD,2026-06-24 22:30:00,0.0023856955,0.0023933572
PSOQRNN,BTC-USD,2026-06-24 22:45:00,0.002369997,0.0023934531
PSOQRNN,BTC-USD,2026-06-24 23:00:00,0.0023814824,0.002390526
PSOQRNN,BTC-USD,2026-06-24 23:15:00,0.0023948683,0.0023906864
PSOQRNN,BTC-USD,2026-06-24 23:30:00,0.002384056,0.0023896631
PSOQRNN,BTC-USD,2026-06-24 23:45:00,0.002386536,0.0023892154
PSOQRNN,BTC-USD,2026-06-25 00:00:00,0.002377031,0.0023891176
PSOQRNN,BTC-USD,2026-06-25 00:15:00,0.0023404688,0.0023940362
PSOQRNN,BTC-USD,2026-06-25 00:30:00,0.0023640045,0.002394944
PSOQRNN,BTC-USD,2026-06-25 00:45:00,0.002375892,0.002394754
PSOQRNN,BTC-USD,2026-06-25 01:00:00,0.0023718132,0.0023936413
PSOQRNN,BTC-USD,2026-06-25 01:15:00,0.0023963905,0.0023957677
PSOQRNN,BTC-USD,2026-06-25 01:30:00,0.002375574,0.0023944967
PSOQRNN,BTC-USD,2026-06-25 01:45:00,0.002398685,0.0023959985
PSOQRNN,BTC-USD,2026-06-25 02:00:00,0.0023553995,0.002392289
PSOQRNN,BTC-USD,2026-06-25 02:15:00,0.0024069764,0.0023974744
PSOQRNN,BTC-USD,2026-06-25 02:30:00,0.0023502836,0.0023882783
PSOQRNN,BTC-USD,2026-06-25 02:45:00,0.0023789292,0.002388111
PSOQRNN,BTC-USD,2026-06-25 03:00:00,0.002367116,0.0023857367
PSOQRNN,BTC-USD,2026-06-25 03:15:00,0.0023762006,0.002376892
PSOQRNN,BTC-USD,2026-06-25 03:30:00,0.0023533683,0.0023734728
PSOQRNN,BTC-USD,2026-06-25 03:45:00,0.0023822594,0.002376126
PSOQRNN,BTC-USD,2026-06-25 04:00:00,0.0023493562,0.0023764395
PSOQRNN,BTC-USD,2026-06-25 04:15:00,0.00237432,0.0023745259
PSOQRNN,BTC-USD,2026-06-25 04:30:00,0.0023734581,0.0023392586
PSOQRNN,BTC-USD,2026-06-25 04:45:00,0.0023905959,0.0023685344
PSOQRNN,BTC-USD,2026-06-25 05:00:00,0.0024065082,0.00237654
PSOQRNN,BTC-USD,2026-06-25 05:15:00,0.0023535118,0.0023557546
PSOQRNN,BTC-USD,2026-06-25 05:30:00,0.0023222817,0.0023562813
PSOQRNN,BTC-USD,2026-06-25 05:45:00,0.002351253,0.0023562775
PSOQRNN,BTC-USD,2026-06-25 06:00:00,0.0023613533,0.0023570338
PSOQRNN,BTC-USD,2026-06-25 06:15:00,0.0023304247,0.0023571418
PSOQRNN,BTC-USD,2026-06-25 06:30:00,0.0023564517,0.0023591255
PSOQRNN,BTC-USD,2026-06-25 06:45:00,0.0023354923,0.0023500496
PSOQRNN,BTC-USD,2026-06-25 07:00:00,0.0023368539,0.0023482065
PSOQRNN,BTC-USD,2026-06-25 07:15:00,0.0023406597,0.0023490647
PSOQRNN,BTC-USD,2026-06-25 07:30:00,0.0023518424,0.0023505564
PSOQRNN,BTC-USD,2026-06-25 07:45:00,0.0023316846,0.0023461184
PSOQRNN,BTC-USD,2026-06-25 08:00:00,0.002304576,0.002348318
PSOQRNN,BTC-USD,2026-06-25 08:15:00,0.002326087,0.0023447017
PSOQRNN,BTC-USD,2026-06-25 08:30:00,0.0023219073,0.002342974
PSOQRNN,BTC-USD,2026-06-25 08:45:00,0.0023135648,0.0023359705
PSOQRNN,BTC-USD,2026-06-25 09:00:00,0.0023226012,0.002335177
PSOQRNN,BTC-USD,2026-06-25 09:15:00,0.0023065694,0.0023347072
PSOQRNN,BTC-USD,2026-06-25 09:30:00,0.0023257723,0.0023346455
PSOQRNN,BTC-USD,2026-06-25 09:45:00,0.0023119452,0.0023291325
PSOQRNN,BTC-USD,2026-06-25 10:00:00,0.0022983705,0.002328214
PSOQRNN,BTC-USD,2026-06-25 10:15:00,0.0022875797,0.0023295456
PSOQRNN,BTC-USD,2026-06-25 10:30:00,0.0022736501,0.0023346867
PSOQRNN,BTC-USD,2026-06-25 10:45:00,0.0022898503,0.0023347724
PSOQRNN,BTC-USD,2026-06-25 11:00:00,0.002332561,0.0023367552
PSOQRNN,BTC-USD,2026-06-25 11:15:00,0.0022909432,0.0023375605
PSOQRNN,BTC-USD,2026-06-25 11:30:00,0.002334106,0.0023377517
PSOQRNN,BTC-USD,2026-06-25 11:45:00,0.0023098872,0.00233744
PSOQRNN,BTC-USD,2026-06-25 12:00:00,0.002305802,0.0023379086
PSOQRNN,BTC-USD,2026-06-25 12:15:00,0.0022920598,0.0023395687
PSOQRNN,BTC-USD,2026-06-25 12:30:00,0.0023737813,0.0023571257
PSOQRNN,BTC-USD,2026-06-25 12:45:00,0.0023112602,0.0023563101
PSOQRNN,BTC-USD,2026-06-25 13:00:00,0.0023538407,0.0023581467
PSOQRNN,BTC-USD,2026-06-25 13:15:00,0.0023240047,0.0023454754
PSOQRNN,BTC-USD,2026-06-25 13:30:00,0.002041635,0.0026311597
PSOQRNN,BTC-USD,2026-06-25 13:45:00,0.002127365,0.0033421032
PSOQRNN,BTC-USD,2026-06-25 14:00:00,0.0036076952,0.0035512156
PSOQRNN,BTC-USD,2026-06-25 14:15:00,0.0037010352,0.003551017
PSOQRNN,BTC-USD,2026-06-25 14:30:00,0.0037134103,0.0035557202
PSOQRNN,BTC-USD,2026-06-25 14:45:00,0.0036878947,0.0035553116
PSOQRNN,BTC-USD,2026-06-25 15:00:00,0.0036108186,0.003580268
PSOQRNN,BTC-USD,2026-06-25 15:15:00,0.0037521233,0.003587411
PSOQRNN,BTC-USD,2026-06-25 15:30:00,0.003714249,0.0035778978
PSOQRNN,BTC-USD,2026-06-25 15:45:00,0.003771805,0.0035990204
PSOQRNN,BTC-USD,2026-06-25 16:00:00,0.0037705146,0.003605411
PSOQRNN,BTC-USD,2026-06-25 16:15:00,0.003741118,0.0036054184
PSOQRNN,BTC-USD,2026-06-25 16:30:00,0.003647513,0.0036373523
PSOQRNN,BTC-USD,2026-06-25 16:45:00,0.0037837557,0.0036362745
PSOQRNN,BTC-USD,2026-06-25 17:00:00,0.0037878403,0.003637696
PSOQRNN,BTC-USD,2026-06-25 17:15:00,0.0038025742,0.0036418098
PSOQRNN,BTC-USD,2026-06-25 17:30:00,0.003776703,0.0036414925
PSOQRNN,BTC-USD,2026-06-25 17:45:00,0.003804724,0.0036456538
PSOQRNN,BTC-USD,2026-06-25 18:00:00,0.0037291676,0.0036535107
PSOQRNN,BTC-USD,2026-06-25 18:15:00,0.0038445042,0.0036701518
PSOQRNN,BTC-USD,2026-06-25 18:30:00,0.0037534458,0.003680666
PSOQRNN,BTC-USD,2026-06-25 18:45:00,0.0038310366,0.0036808702
PSOQRNN,BTC-USD,2026-06-25 19:00:00,0.0037701216,0.003689621
PSOQRNN,BTC-USD,2026-06-25 19:15:00,0.0038463282,0.0036917455
PSOQRNN,BTC-USD,2026-06-25 19:30:00,0.003820993,0.003689017
PSOQRNN,BTC-USD,2026-06-25 19:45:00,0.0038297623,0.003685072
PSOQRNN,BTC-USD,2026-06-25 20:00:00,0.0038653966,0.003695992
PSOQRNN,BTC-USD,2026-06-25 20:15:00,0.0038419014,0.0036944526
PSOQRNN,BTC-USD,2026-06-25 20:30:00,0.003813428,0.0036955844
PSOQRNN,BTC-USD,2026-06-25 20:45:00,0.0038224175,0.0036957657
PSOQRNN,BTC-USD,2026-06-25 21:00:00,0.0038609696,0.003696211
PSOQRNN,BTC-USD,2026-06-25 21:15:00,0.003851288,0.0036737002
PSOQRNN,BTC-USD,2026-06-25 21:30:00,0.0038528163,0.003678879
PSOQRNN,BTC-USD,2026-06-25 21:45:00,0.0038621363,0.0036910055
PSOQRNN,BTC-USD,2026-06-25 22:00:00,0.0037688683,0.0037034831
PSOQRNN,BTC-USD,2026-06-25 22:15:00,0.0038187734,0.0037052669
PSOQRNN,BTC-USD,2026-06-25 22:30:00,0.003844772,0.0037040233
PSOQRNN,BTC-USD,2026-06-25 22:45:00,0.0038498305,0.0037045365
PSOQRNN,BTC-USD,2026-06-25 23:00:00,0.00386037,0.0036997972
PSOQRNN,BTC-USD,2026-06-25 23:15:00,0.0038632299,0.0036562749
PSOQRNN,BTC-USD,2026-06-25 23:30:00,0.00377481,0.0036399649
PSOQRNN,BTC-USD,2026-06-25 23:45:00,0.0037417742,0.0036452464
PSOQRNN,BTC-USD,2026-06-26 00:00:00,0.0037992466,0.0036464406
PSOQRNN,BTC-USD,2026-06-26 00:15:00,0.0037634238,0.0036468199
PSOQRNN,BTC-USD,2026-06-26 00:30:00,0.0037880894,0.003644177
PSOQRNN,BTC-USD,2026-06-26 00:45:00,0.0037599,0.0036459512
PSOQRNN,BTC-USD,2026-06-26 01:00:00,0.0037713367,0.0036453744
PSOQRNN,BTC-USD,2026-06-26 01:15:00,0.0037262558,0.0036572558
PSOQRNN,BTC-USD,2026-06-26 01:30:00,0.0037990264,0.0036562032
PSOQRNN,BTC-USD,2026-06-26 01:45:00,0.0038146866,0.003658143
PSOQRNN,BTC-USD,2026-06-26 02:00:00,0.0036381567,0.0037412695
PSOQRNN,BTC-USD,2026-06-26 02:15:00,0.003912389,0.003744042
PSOQRNN,BTC-USD,2026-06-26 02:30:00,0.0038654516,0.0037445456
PSOQRNN,BTC-USD,2026-06-26 02:45:00,0.0038326294,0.003752952
PSOQRNN,BTC-USD,2026-06-26 03:00:00,0.003947473,0.0037722955
PSOQRNN,BTC-USD,2026-06-26 03:15:00,0.0039410065,0.0037785517
PSOQRNN,BTC-USD,2026-06-26 03:30:00,0.0039803167,0.0038039437
PSOQRNN,BTC-USD,2026-06-26 03:45:00,0.004024372,0.003847933
PSOQRNN,BTC-USD,2026-06-26 04:00:00,0.003955254,0.0038492824
PSOQRNN,BTC-USD,2026-06-26 04:15:00,0.0039936034,0.003848293
PSOQRNN,BTC-USD,2026-06-26 04:30:00,0.003976459,0.0038308853
PSOQRNN,BTC-USD,2026-06-26 04:45:00,0.0039536366,0.0038301998
PSOQRNN,BTC-USD,2026-06-26 05:00:00,0.003971884,0.003820226
PSOQRNN,BTC-USD,2026-06-26 05:15:00,0.0039502494,0.003816712
PSOQRNN,BTC-USD,2026-06-26 05:30:00,0.0039344835,0.003817125
PSOQRNN,BTC-USD,2026-06-26 05:45:00,0.003963276,0.003818159
PSOQRNN,BTC-USD,2026-06-26 06:00:00,0.0039064516,0.0038238843
PSOQRNN,BTC-USD,2026-06-26 06:15:00,0.004012039,0.003839398
PSOQRNN,BTC-USD,2026-06-26 06:30:00,0.0040268134,0.0038559379
PSOQRNN,BTC-USD,2026-06-26 06:45:00,0.003975366,0.0038514452
PSOQRNN,BTC-USD,2026-06-26 07:00:00,0.0040150452,0.0038448314
PSOQRNN,BTC-USD,2026-06-26 07:15:00,0.003988366,0.003840881
PSOQRNN,BTC-USD,2026-06-26 07:30:00,0.0039714673,0.0038405564
PSOQRNN,BTC-USD,2026-06-26 07:45:00,0.003961351,0.003840314
PSOQRNN,BTC-USD,2026-06-26 08:00:00,0.0039223195,0.0038477085
PSOQRNN,BTC-USD,2026-06-26 08:15:00,0.0039867875,0.0038417692
PSOQRNN,BTC-USD,2026-06-26 08:30:00,0.0039541502,0.0038414323
PSOQRNN,BTC-USD,2026-06-26 08:45:00,0.003978039,0.0038382756
PSOQRNN,BTC-USD,2026-06-26 09:00:00,0.003957401,0.0038387168
PSOQRNN,BTC-USD,2026-06-26 09:15:00,0.003961911,0.0038389016
PSOQRNN,BTC-USD,2026-06-26 09:30:00,0.003947501,0.0038355174
PSOQRNN,BTC-USD,2026-06-26 09:45:00,0.0039154994,0.0038437336
PSOQRNN,BTC-USD,2026-06-26 10:00:00,0.0039761458,0.0038411354
PSOQRNN,BTC-USD,2026-06-26 10:15:00,0.003969624,0.0038401652
PSOQRNN,BTC-USD,2026-06-26 10:30:00,0.0039376975,0.0038420318
PSOQRNN,BTC-USD,2026-06-26 10:45:00,0.003928541,0.0038472442
PSOQRNN,BTC-USD,2026-06-26 11:00:00,0.0040078172,0.0038517308
PSOQRNN,BTC-USD,2026-06-26 11:15:00,0.0039708884,0.0038515304
PSOQRNN,BTC-USD,2026-06-26 11:30:00,0.0039870967,0.003851762
PSOQRNN,BTC-USD,2026-06-26 11:45:00,0.003974988,0.0038518661
PSOQRNN,BTC-USD,2026-06-26 12:00:00,0.0039907475,0.003851938
PSOQRNN,BTC-USD,2026-06-26 12:15:00,0.0040292013,0.003862975
PSOQRNN,BTC-USD,2026-06-26 12:30:00,0.0038706576,0.003910025
PSOQRNN,BTC-USD,2026-06-26 12:45:00,0.00404065,0.003910281
PSOQRNN,BTC-USD,2026-06-26 13:00:00,0.004017579,0.0039078067
PSOQRNN,BTC-USD,2026-06-26 13:15:00,0.0039964714,0.003910474
PSOQRNN,BTC-USD,2026-06-26 13:30:00,0.0041302335,0.0039612744
PSOQRNN,BTC-USD,2026-06-26 13:45:00,0.0041872314,0.0040251743
PSOQRNN,BTC-USD,2026-06-26 14:00:00,0.004102444,0.004028142
PSOQRNN,BTC-USD,2026-06-26 14:15:00,0.004152224,0.00402614
PSOQRNN,BTC-USD,2026-06-26 14:30:00,0.004037899,0.004055193
PSOQRNN,BTC-USD,2026-06-26 14:45:00,0.004160383,0.0040533827
PSOQRNN,BTC-USD,2026-06-26 15:00:00,0.0042010755,0.0040572374
PSOQRNN,BTC-USD,2026-06-26 15:15:00,0.0042239027,0.0040751398
PSOQRNN,BTC-USD,2026-06-26 15:30:00,0.0042203385,0.004082035
PSOQRNN,BTC-USD,2026-06-26 15:45:00,0.0041638473,0.0040824856
PSOQRNN,BTC-USD,2026-06-26 16:00:00,0.0041521154,0.0040852656
PSOQRNN,BTC-USD,2026-06-26 16:15:00,0.004159132,0.004086828
PSOQRNN,BTC-USD,2026-06-26 16:30:00,0.00419085,0.0040867594
PSOQRNN,BTC-USD,2026-06-26 16:45:00,0.0041824477,0.004086768
PSOQRNN,BTC-USD,2026-06-26 17:00:00,0.0042163134,0.004090679
PSOQRNN,BTC-USD,2026-06-26 17:15:00,0.004183543,0.0040893387
PSOQRNN,BTC-USD,2026-06-26 17:30:00,0.004166915,0.0040905857
PSOQRNN,BTC-USD,2026-06-26 17:45:00,0.0041808304,0.004089857
PSOQRNN,BTC-USD,2026-06-26 18:00:00,0.0041987835,0.0040903357
PSOQRNN,BTC-USD,2026-06-26 18:15:00,0.0041391184,0.004097092
PSOQRNN,BTC-USD,2026-06-26 18:30:00,0.004181565,0.0040949406
PSOQRNN,BTC-USD,2026-06-26 18:45:00,0.0041725035,0.0040957094
PSOQRNN,BTC-USD,2026-06-26 19:00:00,0.004255309,0.004112801
PSOQRNN,BTC-USD,2026-06-26 19:15:00,0.0041914643,0.004112976
PSOQRNN,BTC-USD,2026-06-26 19:30:00,0.0041976906,0.004112482
PSOQRNN,BTC-USD,2026-06-26 19:45:00,0.0041944343,0.004111473
PSOQRNN,BTC-USD,2026-06-26 20:00:00,0.0041881553,0.004111994
PSOQRNN,BTC-USD,2026-06-26 20:15:00,0.004217128,0.004111297
PSOQRNN,BTC-USD,2026-06-26 20:30:00,0.0041808817,0.0041125803
PSOQRNN,BTC-USD,2026-06-26 20:45:00,0.0042201197,0.004113395
PSOQRNN,BTC-USD,2026-06-26 21:00:00,0.0042154635,0.0041136025
PSOQRNN,BTC-USD,2026-06-26 21:15:00,0.004230002,0.004115836
PSOQRNN,BTC-USD,2026-06-26 21:30:00,0.0042335014,0.0041182134
PSOQRNN,BTC-USD,2026-06-26 21:45:00,0.0041960427,0.0041188407
PSOQRNN,BTC-USD,2026-06-26 22:00:00,0.004210626,0.004118536
PSOQRNN,BTC-USD,2026-06-26 22:15:00,0.0042087217,0.0041164593
PSOQRNN,BTC-USD,2026-06-26 22:30:00,0.004223477,0.0041172267
PSOQRNN,BTC-USD,2026-06-26 22:45:00,0.004227047,0.004118338
PSOQRNN,BTC-USD,2026-06-26 23:00:00,0.0042182086,0.004118567
PSOQRNN,BTC-USD,2026-06-26 23:15:00,0.004189718,0.004119493
PSOQRNN,BTC-USD,2026-06-26 23:30:00,0.0042302622,0.0041199047
PSOQRNN,BTC-USD,2026-06-26 23:45:00,0.004217997,0.0041200477
PSOQRNN,BTC-USD,2026-06-27 00:00:00,0.0042183045,0.0041202437
PSOQRNN,BTC-USD,2026-06-27 00:15:00,0.0041991738,0.0041198
PSOQRNN,BTC-USD,2026-06-27 00:30:00,0.004199977,0.0041202055
PSOQRNN,BTC-USD,2026-06-27 00:45:00,0.0042295037,0.0041213604
PSOQRNN,BTC-USD,2026-06-27 01:00:00,0.0041933795,0.004122088
PSOQRNN,BTC-USD,2026-06-27 01:15:00,0.0042217528,0.0041219885
PSOQRNN,BTC-USD,2026-06-27 01:30:00,0.0042084185,0.004121494
PSOQRNN,BTC-USD,2026-06-27 01:45:00,0.0042104013,0.0041189957
PSOQRNN,BTC-USD,2026-06-27 02:00:00,0.004242536,0.0041225036
PSOQRNN,BTC-USD,2026-06-27 02:15:00,0.0042489944,0.0041274526
PSOQRNN,BTC-USD,2026-06-27 02:30:00,0.004214879,0.0041098753
PSOQRNN,BTC-USD,2026-06-27 02:45:00,0.004206752,0.004105651
PSOQRNN,BTC-USD,2026-06-27 03:00:00,0.004178704,0.00410664
PSOQRNN,BTC-USD,2026-06-27 03:15:00,0.0042290553,0.0041098455
PSOQRNN,BTC-USD,2026-06-27 03:30:00,0.0042019235,0.004109686
PSOQRNN,BTC-USD,2026-06-27 03:45:00,0.004205375,0.0041031186
PSOQRNN,BTC-USD,2026-06-27 04:00:00,0.0042199777,0.004064975
PSOQRNN,BTC-USD,2026-06-27 04:15:00,0.00416608,0.004061738
PSOQRNN,BTC-USD,2026-06-27 04:30:00,0.00416117,0.0040435726
PSOQRNN,BTC-USD,2026-06-27 04:45:00,0.0041255993,0.0040415847
PSOQRNN,BTC-USD,2026-06-27 05:00:00,0.0041607087,0.004040208
PSOQRNN,BTC-USD,2026-06-27 05:15:00,0.004119268,0.0040428205
PSOQRNN,BTC-USD,2026-06-27 05:30:00,0.0041628857,0.0040434245
PSOQRNN,BTC-USD,2026-06-27 05:45:00,0.0041521373,0.00404269
PSOQRNN,BTC-USD,2026-06-27 06:00:00,0.00413335,0.004037514
PSOQRNN,BTC-USD,2026-06-27 06:15:00,0.0041542053,0.0040377867
PSOQRNN,BTC-USD,2026-06-27 06:30:00,0.0041836686,0.0040327245
PSOQRNN,BTC-USD,2026-06-27 06:45:00,0.0041338345,0.0040204776
PSOQRNN,BTC-USD,2026-06-27 07:00:00,0.0041219485,0.0040114406
PSOQRNN,BTC-USD,2026-06-27 07:15:00,0.0041432367,0.0040129772
PSOQRNN,BTC-USD,2026-06-27 07:30:00,0.0041269544,0.0040010363
PSOQRNN,BTC-USD,2026-06-27 07:45:00,0.0041343803,0.0039812233
PSOQRNN,BTC-USD,2026-06-27 08:00:00,0.0040843477,0.0039818347
PSOQRNN,BTC-USD,2026-06-27 08:15:00,0.004093264,0.0039789323
PSOQRNN,BTC-USD,2026-06-27 08:30:00,0.0040816753,0.0039610215
PSOQRNN,BTC-USD,2026-06-27 08:45:00,0.004093821,0.0039611403
PSOQRNN,BTC-USD,2026-06-27 09:00:00,0.004063316,0.003957523
PSOQRNN,BTC-USD,2026-06-27 09:15:00,0.004078313,0.0039554858
PSOQRNN,BTC-USD,2026-06-27 09:30:00,0.004080172,0.003952013
PSOQRNN,BTC-USD,2026-06-27 09:45:00,0.004075472,0.0039519323
PSOQRNN,BTC-USD,2026-06-27 10:00:00,0.0040833727,0.00395121
PSOQRNN,BTC-USD,2026-06-27 10:15:00,0.004069584,0.0039483937
PSOQRNN,BTC-USD,2026-06-27 10:30:00,0.004062718,0.0039483453
PSOQRNN,BTC-USD,2026-06-27 10:45:00,0.004067305,0.003944178
PSOQRNN,BTC-USD,2026-06-27 11:00:00,0.0040623173,0.0038700767
PSOQRNN,BTC-USD,2026-06-27 11:15:00,0.0039740745,0.0038714614
PSOQRNN,BTC-USD,2026-06-27 11:30:00,0.004001029,0.003869498
PSOQRNN,BTC-USD,2026-06-27 11:45:00,0.004015143,0.0038701955
PSOQRNN,BTC-USD,2026-06-27 12:00:00,0.003985851,0.0038631777
PSOQRNN,BTC-USD,2026-06-27 12:15:00,0.0040004794,0.0038610345
PSOQRNN,BTC-USD,2026-06-27 12:30:00,0.0039894497,0.0038532685
PSOQRNN,BTC-USD,2026-06-27 12:45:00,0.004000709,0.0038544433
PSOQRNN,BTC-USD,2026-06-27 13:00:00,0.0039870245,0.0038524838
PSOQRNN,BTC-USD,2026-06-27 13:15:00,0.003988928,0.0038508242
PSOQRNN,BTC-USD,2026-06-27 13:30:00,0.004003699,0.0038529786
PSOQRNN,BTC-USD,2026-06-27 13:45:00,0.0039811386,0.003852703
PSOQRNN,BTC-USD,2026-06-27 14:00:00,0.003998346,0.0038537607
PSOQRNN,BTC-USD,2026-06-27 14:15:00,0.003970394,0.003853162
PSOQRNN,BTC-USD,2026-06-27 14:30:00,0.0039913533,0.0038532172
PSOQRNN,BTC-USD,2026-06-27 14:45:00,0.0039782412,0.0038528177
PSOQRNN,BTC-USD,2026-06-27 15:00:00,0.004029015,0.0038631621
PSOQRNN,BTC-USD,2026-06-27 15:15:00,0.0039793006,0.0038599551
PSOQRNN,BTC-USD,2026-06-27 15:30:00,0.003985926,0.0038591165
PSOQRNN,BTC-USD,2026-06-27 15:45:00,0.003998654,0.0038594394
PSOQRNN,BTC-USD,2026-06-27 16:00:00,0.0039732135,0.003860219
PSOQRNN,BTC-USD,2026-06-27 16:15:00,0.003984267,0.0038592853
PSOQRNN,BTC-USD,2026-06-27 16:30:00,0.004001509,0.0038598345
PSOQRNN,BTC-USD,2026-06-27 16:45:00,0.003993363,0.0038586466
PSOQRNN,BTC-USD,2026-06-27 17:00:00,0.003942463,0.003864401
PSOQRNN,BTC-USD,2026-06-27 17:15:00,0.003996004,0.00386117
PSOQRNN,BTC-USD,2026-06-27 17:30:00,0.003994427,0.0038574236
PSOQRNN,BTC-USD,2026-06-27 17:45:00,0.003973661,0.0038580871
PSOQRNN,BTC-USD,2026-06-27 18:00:00,0.00398774,0.0038579507
PSOQRNN,BTC-USD,2026-06-27 18:15:00,0.00398647,0.0038578452
PSOQRNN,BTC-USD,2026-06-27 18:30:00,0.003995479,0.0038579132
PSOQRNN,BTC-USD,2026-06-27 18:45:00,0.0039913505,0.003855601
PSOQRNN,BTC-USD,2026-06-27 19:00:00,0.003989987,0.0038552808
PSOQRNN,BTC-USD,2026-06-27 19:15:00,0.0039320337,0.0038653866
PSOQRNN,BTC-USD,2026-06-27 19:30:00,0.0039711576,0.0038666686
PSOQRNN,BTC-USD,2026-06-27 19:45:00,0.003992853,0.0038460128
PSOQRNN,BTC-USD,2026-06-27 20:00:00,0.0039923275,0.0038348462
PSOQRNN,BTC-USD,2026-06-27 20:15:00,0.003969238,0.0038347684
PSOQRNN,BTC-USD,2026-06-27 20:30:00,0.0039631645,0.0038340488
PSOQRNN,BTC-USD,2026-06-27 20:45:00,0.003971932,0.0038335782
PSOQRNN,BTC-USD,2026-06-27 21:00:00,0.0039822278,0.0038328974
PSOQRNN,BTC-USD,2026-06-27 21:15:00,0.003975717,0.0038333102
PSOQRNN,BTC-USD,2026-06-27 21:30:00,0.0039276667,0.0038374618
PSOQRNN,BTC-USD,2026-06-27 21:45:00,0.0039603007,0.0038376225
PSOQRNN,BTC-USD,2026-06-27 22:00:00,0.00395401,0.0038383026
PSOQRNN,BTC-USD,2026-06-27 22:15:00,0.0039727045,0.0038378327
PSOQRNN,BTC-USD,2026-06-27 22:30:00,0.0039773094,0.0038363303
PSOQRNN,BTC-USD,2026-06-27 22:45:00,0.0039778557,0.0038368828
PSOQRNN,BTC-USD,2026-06-27 23:00:00,0.003934464,0.0038396476
PSOQRNN,BTC-USD,2026-06-27 23:15:00,0.003959655,0.0038400611
PSOQRNN,BTC-USD,2026-06-27 23:30:00,0.003983499,0.0038408374
PSOQRNN,BTC-USD,2026-06-27 23:45:00,0.0039676465,0.0038405966
PSOQRNN,BTC-USD,2026-06-28 00:00:00,0.003990805,0.0038422358
PSOQRNN,BTC-USD,2026-06-28 00:15:00,0.0039783227,0.0038421915
PSOQRNN,BTC-USD,2026-06-28 00:30:00,0.0039767614,0.0038417627
PSOQRNN,BTC-USD,2026-06-28 00:45:00,0.0039653042,0.0038419354
PSOQRNN,BTC-USD,2026-06-28 01:00:00,0.003963069,0.0038419783
PSOQRNN,BTC-USD,2026-06-28 01:15:00,0.003995165,0.0038431843
PSOQRNN,BTC-USD,2026-06-28 01:30:00,0.003984678,0.003839785
PSOQRNN,BTC-USD,2026-06-28 01:45:00,0.003963874,0.0038379875
PSOQRNN,BTC-USD,2026-06-28 02:00:00,0.0039807265,0.00383741
PSOQRNN,BTC-USD,2026-06-28 02:15:00,0.0039373697,0.0038390916
PSOQRNN,BTC-USD,2026-06-28 02:30:00,0.0039750948,0.0038381803
PSOQRNN,BTC-USD,2026-06-28 02:45:00,0.0039699483,0.0038379906
PSOQRNN,BTC-USD,2026-06-28 03:00:00,0.0039908295,0.0038397966
PSOQRNN,BTC-USD,2026-06-28 03:15:00,0.0039723306,0.0038375857
PSOQRNN,BTC-USD,2026-06-28 03:30:00,0.003956954,0.0038265612
PSOQRNN,BTC-USD,2026-06-28 03:45:00,0.0039579226,0.0038240163
PSOQRNN,BTC-USD,2026-06-28 04:00:00,0.003960031,0.0038231413
PSOQRNN,BTC-USD,2026-06-28 04:15:00,0.003953726,0.0038222848
PSOQRNN,BTC-USD,2026-06-28 04:30:00,0.0039498247,0.0036235794
PSOQRNN,BTC-USD,2026-06-28 04:45:00,0.003754403,0.0029606589
PSOQRNN,BTC-USD,2026-06-28 05:00:00,0.0030078634,0.0027214698
PSOQRNN,BTC-USD,2026-06-28 05:15:00,0.0027183353,0.0027266094
PSOQRNN,BTC-USD,2026-06-28 05:30:00,0.0027707752,0.0027227735
PSOQRNN,BTC-USD,2026-06-28 05:45:00,0.0027642555,0.0027234296
PSOQRNN,BTC-USD,2026-06-28 06:00:00,0.0027279584,0.0026905972
PSOQRNN,BTC-USD,2026-06-28 06:15:00,0.002730679,0.002683085
PSOQRNN,BTC-USD,2026-06-28 06:30:00,0.002713748,0.002682563
PSOQRNN,BTC-USD,2026-06-28 06:45:00,0.002712585,0.0026569483
PSOQRNN,BTC-USD,2026-06-28 07:00:00,0.0027021714,0.0026524179
PSOQRNN,BTC-USD,2026-06-28 07:15:00,0.002665529,0.0026526407
PSOQRNN,BTC-USD,2026-06-28 07:30:00,0.002692307,0.0026041411
PSOQRNN,BTC-USD,2026-06-28 07:45:00,0.002617026,0.0026037127
PSOQRNN,BTC-USD,2026-06-28 08:00:00,0.0026089596,0.0026028445
PSOQRNN,BTC-USD,2026-06-28 08:15:00,0.002622526,0.0025979853
PSOQRNN,BTC-USD,2026-06-28 08:30:00,0.002649496,0.002608296
PSOQRNN,BTC-USD,2026-06-28 08:45:00,0.002605548,0.0026053584
PSOQRNN,BTC-USD,2026-06-28 09:00:00,0.002619506,0.0025869836
PSOQRNN,BTC-USD,2026-06-28 09:15:00,0.0025863852,0.002565595
PSOQRNN,BTC-USD,2026-06-28 09:30:00,0.0025816124,0.0025473866
PSOQRNN,BTC-USD,2026-06-28 09:45:00,0.0025300747,0.002549261
PSOQRNN,BTC-USD,2026-06-28 10:00:00,0.0025547536,0.0025341532
PSOQRNN,BTC-USD,2026-06-28 10:15:00,0.0025056684,0.0025374338
PSOQRNN,BTC-USD,2026-06-28 10:30:00,0.002545046,0.0025369627
PSOQRNN,BTC-USD,2026-06-28 10:45:00,0.0025469838,0.0025371758
PSOQRNN,BTC-USD,2026-06-28 11:00:00,0.0025320349,0.0025238097
PSOQRNN,BTC-USD,2026-06-28 11:15:00,0.0025604183,0.0025312675
PSOQRNN,BTC-USD,2026-06-28 11:30:00,0.0025308698,0.0025288437
PSOQRNN,BTC-USD,2026-06-28 11:45:00,0.0025381374,0.0025282213
PSOQRNN,BTC-USD,2026-06-28 12:00:00,0.0025229936,0.0025231394
PSOQRNN,BTC-USD,2026-06-28 12:15:00,0.0025311862,0.0025213081
PSOQRNN,BTC-USD,2026-06-28 12:30:00,0.0025032924,0.002510321
PSOQRNN,BTC-USD,2026-06-28 12:45:00,0.0025201465,0.0024945843
PSOQRNN,BTC-USD,2026-06-28 13:00:00,0.002456951,0.0024792869
PSOQRNN,BTC-USD,2026-06-28 13:15:00,0.0024756915,0.002475879
PSOQRNN,BTC-USD,2026-06-28 13:30:00,0.0024710214,0.0024758596
PSOQRNN,BTC-USD,2026-06-28 13:45:00,0.0024599265,0.0024761516
PSOQRNN,BTC-USD,2026-06-28 14:00:00,0.002491919,0.0024762915
PSOQRNN,BTC-USD,2026-06-28 14:15:00,0.0024679073,0.0024713704
PSOQRNN,BTC-USD,2026-06-28 14:30:00,0.0024571079,0.0024692207
PSOQRNN,BTC-USD,2026-06-28 14:45:00,0.0024477695,0.0024619543
PSOQRNN,BTC-USD,2026-06-28 15:00:00,0.0024638225,0.002460451
PSOQRNN,BTC-USD,2026-06-28 15:15:00,0.0024480608,0.0024575675
PSOQRNN,BTC-USD,2026-06-28 15:30:00,0.0024368474,0.0024586231
PSOQRNN,BTC-USD,2026-06-28 15:45:00,0.0024359594,0.002456643
PSOQRNN,BTC-USD,2026-06-28 16:00:00,0.0024379455,0.0024563049
PSOQRNN,BTC-USD,2026-06-28 16:15:00,0.0024340467,0.0024366584
PSOQRNN,BTC-USD,2026-06-28 16:30:00,0.0024006967,0.0024406454
PSOQRNN,BTC-USD,2026-06-28 16:45:00,0.0024443578,0.002438415
PSOQRNN,BTC-USD,2026-06-28 17:00:00,0.0024198107,0.0023023218
PSOQRNN,BTC-USD,2026-06-28 17:15:00,0.002271203,0.0022933204
PSOQRNN,BTC-USD,2026-06-28 17:30:00,0.0022555923,0.0022928175
PSOQRNN,BTC-USD,2026-06-28 17:45:00,0.0022804432,0.0022770246
PSOQRNN,BTC-USD,2026-06-28 18:00:00,0.0022655495,0.0022479922
PSOQRNN,BTC-USD,2026-06-28 18:15:00,0.0022134113,0.002239411
PSOQRNN,BTC-USD,2026-06-28 18:30:00,0.0022121524,0.0021983183
PSOQRNN,BTC-USD,2026-06-28 18:45:00,0.0021699746,0.0021221156
PSOQRNN,BTC-USD,2026-06-28 19:00:00,0.0020664874,0.0021208741
PSOQRNN,BTC-USD,2026-06-28 19:15:00,0.0020976588,0.0021198113
PSOQRNN,BTC-USD,2026-06-28 19:30:00,0.0020628534,0.0021228269
PSOQRNN,BTC-USD,2026-06-28 19:45:00,0.0020995324,0.0021227195
PSOQRNN,BTC-USD,2026-06-28 20:00:00,0.0021266192,0.0021298116
PSOQRNN,BTC-USD,2026-06-28 20:15:00,0.0021101015,0.0021306807
PSOQRNN,BTC-USD,2026-06-28 20:30:00,0.0020883945,0.0021294719
PSOQRNN,BTC-USD,2026-06-28 20:45:00,0.002093831,0.0021280625
PSOQRNN,BTC-USD,2026-06-28 21:00:00,0.002103882,0.002114174
PSOQRNN,BTC-USD,2026-06-28 21:15:00,0.0020848277,0.0020852026
PSOQRNN,BTC-USD,2026-06-28 21:30:00,0.0020413152,0.0020558327
PSOQRNN,BTC-USD,2026-06-28 21:45:00,0.0019695312,0.0020684774
PSOQRNN,BTC-USD,2026-06-28 22:00:00,0.002076495,0.0020689697
PSOQRNN,BTC-USD,2026-06-28 22:15:00,0.0019772993,0.0020837649
PSOQRNN,BTC-USD,2026-06-28 22:30:00,0.0019887818,0.0021018914
PSOQRNN,BTC-USD,2026-06-28 22:45:00,0.0020576234,0.0021017275
PSOQRNN,BTC-USD,2026-06-28 23:00:00,0.0021108487,0.0020959382
PSOQRNN,BTC-USD,2026-06-28 23:15:00,0.0021228013,0.0021175828
PSOQRNN,BTC-USD,2026-06-28 23:30:00,0.0021227584,0.0021236232
PSOQRNN,BTC-USD,2026-06-28 23:45:00,0.0020556701,0.0021297587
PSOQRNN,BTC-USD,2026-06-29 00:00:00,0.002098776,0.0021286868
PSOQRNN,BTC-USD,2026-06-29 00:15:00,0.002010149,0.0021635697
PSOQRNN,BTC-USD,2026-06-29 00:30:00,0.0021691448,0.0021681255
PSOQRNN,BTC-USD,2026-06-29 00:45:00,0.0021968486,0.0021719965
PSOQRNN,BTC-USD,2026-06-29 01:00:00,0.002099052,0.0021812557
PSOQRNN,BTC-USD,2026-06-29 01:15:00,0.0021102077,0.0021898127
PSOQRNN,BTC-USD,2026-06-29 01:30:00,0.002210306,0.002197372
PSOQRNN,BTC-USD,2026-06-29 01:45:00,0.0021452014,0.002186327
PSOQRNN,BTC-USD,2026-06-29 02:00:00,0.00205889,0.0022244381
PSOQRNN,BTC-USD,2026-06-29 02:15:00,0.0022951148,0.0022892826
PSOQRNN,BTC-USD,2026-06-29 02:30:00,0.0023117922,0.0023021984
PSOQRNN,BTC-USD,2026-06-29 02:45:00,0.0022766895,0.0023018618
PSOQRNN,BTC-USD,2026-06-29 03:00:00,0.0023278769,0.002315963
PSOQRNN,BTC-USD,2026-06-29 03:15:00,0.0023275635,0.0023048113
PSOQRNN,BTC-USD,2026-06-29 03:30:00,0.0022307178,0.002233631
PSOQRNN,BTC-USD,2026-06-29 03:45:00,0.0022303695,0.0022366901
PSOQRNN,BTC-USD,2026-06-29 04:00:00,0.002183268,0.0022382645
PSOQRNN,BTC-USD,2026-06-29 04:15:00,0.0022172912,0.002228979
PSOQRNN,BTC-USD,2026-06-29 04:30:00,0.0021792678,0.0021449446
PSOQRNN,BTC-USD,2026-06-29 04:45:00,0.0021098456,0.002026095
PSOQRNN,BTC-USD,2026-06-29 05:00:00,0.0019214585,0.0020426193
PSOQRNN,BTC-USD,2026-06-29 05:15:00,0.0020426256,0.0020475734
PSOQRNN,BTC-USD,2026-06-29 05:30:00,0.0020643235,0.0020016402
PSOQRNN,BTC-USD,2026-06-29 05:45:00,0.0020073173,0.0020103543
PSOQRNN,BTC-USD,2026-06-29 06:00:00,0.001991597,0.0019965153
PSOQRNN,BTC-USD,2026-06-29 06:15:00,0.0019621004,0.001961825
PSOQRNN,BTC-USD,2026-06-29 06:30:00,0.0019084715,0.0019472628
PSOQRNN,BTC-USD,2026-06-29 06:45:00,0.0019148341,0.0019447443
PSOQRNN,BTC-USD,2026-06-29 07:00:00,0.0019125141,0.0019378982
PSOQRNN,BTC-USD,2026-06-29 07:15:00,0.00191118,0.0019331045
PSOQRNN,BTC-USD,2026-06-29 07:30:00,0.001888502,0.0019336938
PSOQRNN,BTC-USD,2026-06-29 07:45:00,0.0018946136,0.0019338029
PSOQRNN,BTC-USD,2026-06-29 08:00:00,0.0018845133,0.0019275172
PSOQRNN,BTC-USD,2026-06-29 08:15:00,0.0018662274,0.0019314081
PSOQRNN,BTC-USD,2026-06-29 08:30:00,0.0019069477,0.0019283929
PSOQRNN,BTC-USD,2026-06-29 08:45:00,0.0018877266,0.0019281909
PSOQRNN,BTC-USD,2026-06-29 09:00:00,0.0019219321,0.0019311453
PSOQRNN,BTC-USD,2026-06-29 09:15:00,0.0018961547,0.0019133199
PSOQRNN,BTC-USD,2026-06-29 09:30:00,0.0018864222,0.001912111
PSOQRNN,BTC-USD,2026-06-29 09:45:00,0.0019040846,0.0019119094
PSOQRNN,BTC-USD,2026-06-29 10:00:00,0.0019197752,0.001885406
PSOQRNN,BTC-USD,2026-06-29 10:15:00,0.0018502555,0.0018835347
PSOQRNN,BTC-USD,2026-06-29 10:30:00,0.0018332626,0.0018847507
PSOQRNN,BTC-USD,2026-06-29 10:45:00,0.0018438464,0.001884031
PSOQRNN,BTC-USD,2026-06-29 11:00:00,0.0018198786,0.0018871045
PSOQRNN,BTC-USD,2026-06-29 11:15:00,0.0018661194,0.0018867295
PSOQRNN,BTC-USD,2026-06-29 11:30:00,0.0018251025,0.0018866551
PSOQRNN,BTC-USD,2026-06-29 11:45:00,0.0018773457,0.00188775
PSOQRNN,BTC-USD,2026-06-29 12:00:00,0.0020046807,0.002026126
PSOQRNN,BTC-USD,2026-06-29 12:15:00,0.0019384474,0.0020372814
PSOQRNN,BTC-USD,2026-06-29 12:30:00,0.0018836678,0.0020981368
PSOQRNN,BTC-USD,2026-06-29 12:45:00,0.0020650309,0.0020964618
PSOQRNN,BTC-USD,2026-06-29 13:00:00,0.0021167952,0.0021134454
PSOQRNN,BTC-USD,2026-06-29 13:15:00,0.00202969,0.002126702
PSOQRNN,BTC-USD,2026-06-29 13:30:00,0.0019794041,0.002186255
PSOQRNN,BTC-USD,2026-06-29 13:45:00,0.0021670754,0.0021850017
PSOQRNN,BTC-USD,2026-06-29 14:00:00,0.0020411154,0.0022444043
PSOQRNN,BTC-USD,2026-06-29 14:15:00,0.002298165,0.0022845592
PSOQRNN,BTC-USD,2026-06-29 14:30:00,0.0022256598,0.0022887606
PSOQRNN,BTC-USD,2026-06-29 14:45:00,0.0022912568,0.0022927928
PSOQRNN,BTC-USD,2026-06-29 15:00:00,0.0022242696,0.0023031682
PSOQRNN,BTC-USD,2026-06-29 15:15:00,0.0023288091,0.0023168612
PSOQRNN,BTC-USD,2026-06-29 15:30:00,0.0023584347,0.0023417277
PSOQRNN,BTC-USD,2026-06-29 15:45:00,0.0023221294,0.0023399189
PSOQRNN,BTC-USD,2026-06-29 16:00:00,0.0023025076,0.0023391529
PSOQRNN,BTC-USD,2026-06-29 16:15:00,0.0022946186,0.0023422653
PSOQRNN,BTC-USD,2026-06-29 16:30:00,0.002374511,0.0023589723
PSOQRNN,BTC-USD,2026-06-29 16:45:00,0.0023461806,0.0023590152
PSOQRNN,BTC-USD,2026-06-29 17:00:00,0.0024442323,0.002428189
PSOQRNN,BTC-USD,2026-06-29 17:15:00,0.0024345156,0.0024222105
PSOQRNN,BTC-USD,2026-06-29 17:30:00,0.0024285177,0.0024238692
PSOQRNN,BTC-USD,2026-06-29 17:45:00,0.0023688287,0.002434586
PSOQRNN,BTC-USD,2026-06-29 18:00:00,0.002445373,0.0024339724
PSOQRNN,BTC-USD,2026-06-29 18:15:00,0.0023747403,0.002442621
PSOQRNN,BTC-USD,2026-06-29 18:30:00,0.0024333943,0.00244257
PSOQRNN,BTC-USD,2026-06-29 18:45:00,0.0024375208,0.0024426465
PSOQRNN,BTC-USD,2026-06-29 19:00:00,0.0024145343,0.002442033
PSOQRNN,BTC-USD,2026-06-29 19:15:00,0.0024831712,0.002458347
PSOQRNN,BTC-USD,2026-06-29 19:30:00,0.0024528278,0.0024582264
PSOQRNN,BTC-USD,2026-06-29 19:45:00,0.002442451,0.0024549258
PSOQRNN,BTC-USD,2026-06-29 20:00:00,0.0024489288,0.0024540534
PSOQRNN,BTC-USD,2026-06-29 20:15:00,0.002440567,0.002449384
PSOQRNN,BTC-USD,2026-06-29 20:30:00,0.0024446934,0.0024483802
PSOQRNN,BTC-USD,2026-06-29 20:45:00,0.0024155544,0.0024518715
PSOQRNN,BTC-USD,2026-06-29 21:00:00,0.0024674558,0.0024534916
PSOQRNN,BTC-USD,2026-06-29 21:15:00,0.0024338313,0.002453916
PSOQRNN,BTC-USD,2026-06-29 21:30:00,0.0024676525,0.002446729
PSOQRNN,BTC-USD,2026-06-29 21:45:00,0.0024428766,0.002446461
PSOQRNN,BTC-USD,2026-06-29 22:00:00,0.0024328749,0.002446084
PSOQRNN,BTC-USD,2026-06-29 22:15:00,0.0024353545,0.0024435336
PSOQRNN,BTC-USD,2026-06-29 22:30:00,0.0024246112,0.0024441264
PSOQRNN,BTC-USD,2026-06-29 22:45:00,0.0024286564,0.0024417636
PSOQRNN,BTC-USD,2026-06-29 23:00:00,0.002430795,0.0024406798
PSOQRNN,BTC-USD,2026-06-29 23:15:00,0.0024097392,0.0024432528
PSOQRNN,BTC-USD,2026-06-29 23:30:00,0.0024382714,0.0024421108
PSOQRNN,BTC-USD,2026-06-29 23:45:00,0.0024340579,0.0024408323
PSOQRNN,BTC-USD,2026-06-30 00:00:00,0.0024206154,0.002439765
PSOQRNN,BTC-USD,2026-06-30 00:15:00,0.0023770712,0.002455038
PSOQRNN,BTC-USD,2026-06-30 00:30:00,0.002415128,0.0024606583
PSOQRNN,BTC-USD,2026-06-30 00:45:00,0.0024663182,0.0024615547
PSOQRNN,BTC-USD,2026-06-30 01:00:00,0.0024533381,0.0024606655
PSOQRNN,BTC-USD,2026-06-30 01:15:00,0.0024930662,0.0024706246
PSOQRNN,BTC-USD,2026-06-30 01:30:00,0.0024239551,0.0024795718
PSOQRNN,BTC-USD,2026-06-30 01:45:00,0.0024953005,0.0024821553
PSOQRNN,BTC-USD,2026-06-30 02:00:00,0.0024474503,0.0024872564
PSOQRNN,BTC-USD,2026-06-30 02:15:00,0.002517163,0.0024906737
PSOQRNN,BTC-USD,2026-06-30 02:30:00,0.0024938853,0.0024909142
PSOQRNN,BTC-USD,2026-06-30 02:45:00,0.0024764608,0.0024896725
PSOQRNN,BTC-USD,2026-06-30 03:00:00,0.0024768638,0.0024891016
PSOQRNN,BTC-USD,2026-06-30 03:15:00,0.0024778058,0.0024890155
PSOQRNN,BTC-USD,2026-06-30 03:30:00,0.0024620043,0.002492137
PSOQRNN,BTC-USD,2026-06-30 03:45:00,0.002466483,0.0024928246
PSOQRNN,BTC-USD,2026-06-30 04:00:00,0.0024771576,0.002493651
PSOQRNN,BTC-USD,2026-06-30 04:15:00,0.0024896592,0.0024933508
PSOQRNN,BTC-USD,2026-06-30 04:30:00,0.0025027965,0.0024906008
PSOQRNN,BTC-USD,2026-06-30 04:45:00,0.0024639296,0.002493573
PSOQRNN,BTC-USD,2026-06-30 05:00:00,0.0024791018,0.0024924774
PSOQRNN,BTC-USD,2026-06-30 05:15:00,0.002482666,0.002491638
PSOQRNN,BTC-USD,2026-06-30 05:30:00,0.0025198397,0.0024976067
PSOQRNN,BTC-USD,2026-06-30 05:45:00,0.0025130773,0.002499551
PSOQRNN,BTC-USD,2026-06-30 06:00:00,0.002482898,0.0024842792
PSOQRNN,BTC-USD,2026-06-30 06:15:00,0.002504687,0.0024871984
PSOQRNN,BTC-USD,2026-06-30 06:30:00,0.0024569668,0.0024909473
PSOQRNN,BTC-USD,2026-06-30 06:45:00,0.002494124,0.002490486
PSOQRNN,BTC-USD,2026-06-30 07:00:00,0.002468174,0.0024909426
PSOQRNN,BTC-USD,2026-06-30 07:15:00,0.0024840625,0.0024908416
PSOQRNN,BTC-USD,2026-06-30 07:30:00,0.002495159,0.0024900383
PSOQRNN,BTC-USD,2026-06-30 07:45:00,0.0024902786,0.0024900024
PSOQRNN,BTC-USD,2026-06-30 08:00:00,0.0024663014,0.0024798797
PSOQRNN,BTC-USD,2026-06-30 08:15:00,0.0024704007,0.002479928
PSOQRNN,BTC-USD,2026-06-30 08:30:00,0.0024494776,0.0024833877
PSOQRNN,BTC-USD,2026-06-30 08:45:00,0.0024872941,0.0024827758
PSOQRNN,BTC-USD,2026-06-30 09:00:00,0.0024854194,0.0024831127
PSOQRNN,BTC-USD,2026-06-30 09:15:00,0.002470288,0.0024834864
PSOQRNN,BTC-USD,2026-06-30 09:30:00,0.002491563,0.0024839973
PSOQRNN,BTC-USD,2026-06-30 09:45:00,0.002483665,0.0024839854
PSOQRNN,BTC-USD,2026-06-30 10:00:00,0.002479209,0.0024838096
PSOQRNN,BTC-USD,2026-06-30 10:15:00,0.0024806242,0.0024672411
PSOQRNN,BTC-USD,2026-06-30 10:30:00,0.00245413,0.002464143
PSOQRNN,BTC-USD,2026-06-30 10:45:00,0.0024583067,0.002464109
PSOQRNN,BTC-USD,2026-06-30 11:00:00,0.0024678223,0.0024629766
PSOQRNN,BTC-USD,2026-06-30 11:15:00,0.0024223423,0.0024691634
PSOQRNN,BTC-USD,2026-06-30 11:30:00,0.002467955,0.0024692772
PSOQRNN,BTC-USD,2026-06-30 11:45:00,0.0024506992,0.0024698158
PSOQRNN,BTC-USD,2026-06-30 12:00:00,0.0024273847,0.0024747527
PSOQRNN,BTC-USD,2026-06-30 12:15:00,0.002440872,0.0024780987
PSOQRNN,BTC-USD,2026-06-30 12:30:00,0.0024689941,0.0024699075
PSOQRNN,BTC-USD,2026-06-30 12:45:00,0.0023674422,0.0025149393
PSOQRNN,BTC-USD,2026-06-30 13:00:00,0.0025278335,0.0025149253
PSOQRNN,BTC-USD,2026-06-30 13:15:00,0.0025256746,0.0025156813
PSOQRNN,BTC-USD,2026-06-30 13:30:00,0.0025278535,0.002516189
PSOQRNN,BTC-USD,2026-06-30 13:45:00,0.002547574,0.002522036
PSOQRNN,BTC-USD,2026-06-30 14:00:00,0.00257097,0.0025312065
PSOQRNN,BTC-USD,2026-06-30 14:15:00,0.0025405928,0.0025308584
PSOQRNN,BTC-USD,2026-06-30 14:30:00,0.002508691,0.0025329005
PSOQRNN,BTC-USD,2026-06-30 14:45:00,0.0024428258,0.0025748448
PSOQRNN,BTC-USD,2026-06-30 15:00:00,0.0025742638,0.0025724273
PSOQRNN,BTC-USD,2026-06-30 15:15:00,0.002568982,0.002572754
PSOQRNN,BTC-USD,2026-06-30 15:30:00,0.0025918784,0.002573602
PSOQRNN,BTC-USD,2026-06-30 15:45:00,0.0025699108,0.0025739626
PSOQRNN,BTC-USD,2026-06-30 16:00:00,0.002587043,0.0025737183
PSOQRNN,BTC-USD,2026-06-30 16:15:00,0.0025621166,0.0025719146
PSOQRNN,BTC-USD,2026-06-30 16:30:00,0.0025823987,0.0025711004
PSOQRNN,BTC-USD,2026-06-30 16:45:00,0.0026127698,0.0025790518
PSOQRNN,BTC-USD,2026-06-30 17:00:00,0.0025710792,0.0025793682
PSOQRNN,BTC-USD,2026-06-30 17:15:00,0.0025855112,0.00257383
PSOQRNN,BTC-USD,2026-06-30 17:30:00,0.0025792625,0.002573615
PSOQRNN,BTC-USD,2026-06-30 17:45:00,0.0025904656,0.0025742443
PSOQRNN,BTC-USD,2026-06-30 18:00:00,0.0025905445,0.002571305
PSOQRNN,BTC-USD,2026-06-30 18:15:00,0.002590382,0.0025722797
PSOQRNN,BTC-USD,2026-06-30 18:30:00,0.002564948,0.002572633
PSOQRNN,BTC-USD,2026-06-30 18:45:00,0.002622593,0.0025851012
PSOQRNN,BTC-USD,2026-06-30 19:00:00,0.002589959,0.0025850346
PSOQRNN,BTC-USD,2026-06-30 19:15:00,0.0025977588,0.0025851459
PSOQRNN,BTC-USD,2026-06-30 19:30:00,0.0026112203,0.0025869939
PSOQRNN,BTC-USD,2026-06-30 19:45:00,0.00260942,0.0025879077
PSOQRNN,BTC-USD,2026-06-30 20:00:00,0.0026079095,0.0025859168
PSOQRNN,BTC-USD,2026-06-30 20:15:00,0.0025680994,0.0025837538
PSOQRNN,BTC-USD,2026-06-30 20:30:00,0.002577471,0.0025836425
PSOQRNN,BTC-USD,2026-06-30 20:45:00,0.0026064462,0.0025839256
PSOQRNN,BTC-USD,2026-06-30 21:00:00,0.0025658528,0.002584209
PSOQRNN,BTC-USD,2026-06-30 21:15:00,0.0025940062,0.0025825377
PSOQRNN,BTC-USD,2026-06-30 21:30:00,0.0025928998,0.0025821803
PSOQRNN,BTC-USD,2026-06-30 21:45:00,0.0025992868,0.0025823468
PSOQRNN,BTC-USD,2026-06-30 22:00:00,0.002608996,0.0025799116
PSOQRNN,BTC-USD,2026-06-30 22:15:00,0.002572594,0.0025810725
PSOQRNN,BTC-USD,2026-06-30 22:30:00,0.0025805114,0.002578457
PSOQRNN,BTC-USD,2026-06-30 22:45:00,0.0025893236,0.002578509
PSOQRNN,BTC-USD,2026-06-30 23:00:00,0.0025867124,0.002578315
PSOQRNN,BTC-USD,2026-06-30 23:15:00,0.002587264,0.0025778443
PSOQRNN,BTC-USD,2026-06-30 23:30:00,0.0025847426,0.002566326
PSOQRNN,BTC-USD,2026-06-30 23:45:00,0.0025770268,0.0025652794
PSOQRNN,BTC-USD,2026-07-01 00:00:00,0.0025766918,0.002565437
PSOQRNN,BTC-USD,2026-07-01 00:15:00,0.0025212984,0.0025783135
PSOQRNN,BTC-USD,2026-07-01 00:30:00,0.0026036024,0.0025796825
PSOQRNN,BTC-USD,2026-07-01 00:45:00,0.002607495,0.0025799533
PSOQRNN,BTC-USD,2026-07-01 01:00:00,0.0024973496,0.0026207573
PSOQRNN,BTC-USD,2026-07-01 01:15:00,0.0026727987,0.002625966
PSOQRNN,BTC-USD,2026-07-01 01:30:00,0.0027338404,0.0026923048
PSOQRNN,BTC-USD,2026-07-01 01:45:00,0.002692947,0.0026951944
PSOQRNN,BTC-USD,2026-07-01 02:00:00,0.0027242012,0.0026950252
PSOQRNN,BTC-USD,2026-07-01 02:15:00,0.002747822,0.0026921239
PSOQRNN,BTC-USD,2026-07-01 02:30:00,0.002751936,0.002700442
PSOQRNN,BTC-USD,2026-07-01 02:45:00,0.0027183492,0.0027004112
PSOQRNN,BTC-USD,2026-07-01 03:00:00,0.002710365,0.0027016595
PSOQRNN,BTC-USD,2026-07-01 03:15:00,0.0027124758,0.0027026231
PSOQRNN,BTC-USD,2026-07-01 03:30:00,0.0027342068,0.002701099
PSOQRNN,BTC-USD,2026-07-01 03:45:00,0.0027730684,0.002714921
PSOQRNN,BTC-USD,2026-07-01 04:00:00,0.0027293535,0.0027099743
PSOQRNN,BTC-USD,2026-07-01 04:15:00,0.0027666755,0.0027155988
PSOQRNN,BTC-USD,2026-07-01 04:30:00,0.0027596783,0.0027171704
PSOQRNN,BTC-USD,2026-07-01 04:45:00,0.0027407059,0.002716734
PSOQRNN,BTC-USD,2026-07-01 05:00:00,0.0027384337,0.0027144859
PSOQRNN,BTC-USD,2026-07-01 05:15:00,0.002721131,0.0027171217
PSOQRNN,BTC-USD,2026-07-01 05:30:00,0.0027498037,0.0027168733
PSOQRNN,BTC-USD,2026-07-01 05:45:00,0.002738833,0.0027159227
PSOQRNN,BTC-USD,2026-07-01 06:00:00,0.0027059028,0.0027237213
PSOQRNN,BTC-USD,2026-07-01 06:15:00,0.0027234636,0.0027286187
PSOQRNN,BTC-USD,2026-07-01 06:30:00,0.0027425725,0.0027292995
PSOQRNN,BTC-USD,2026-07-01 06:45:00,0.0027707254,0.0027289437
PSOQRNN,BTC-USD,2026-07-01 07:00:00,0.0027452956,0.002729478
PSOQRNN,BTC-USD,2026-07-01 07:15:00,0.0027718304,0.002729332
PSOQRNN,BTC-USD,2026-07-01 07:30:00,0.002751892,0.0027263495
PSOQRNN,BTC-USD,2026-07-01 07:45:00,0.0027720586,0.0027269647
PSOQRNN,BTC-USD,2026-07-01 08:00:00,0.0027440053,0.0027275751
PSOQRNN,BTC-USD,2026-07-01 08:15:00,0.0027432311,0.0027285153
PSOQRNN,BTC-USD,2026-07-01 08:30:00,0.0027804784,0.0027306403
PSOQRNN,BTC-USD,2026-07-01 08:45:00,0.0028047946,0.0027428216
PSOQRNN,BTC-USD,2026-07-01 09:00:00,0.0027719405,0.0027420223
PSOQRNN,BTC-USD,2026-07-01 09:15:00,0.0027629118,0.002742574
PSOQRNN,BTC-USD,2026-07-01 09:30:00,0.0027760204,0.0027425776
PSOQRNN,BTC-USD,2026-07-01 09:45:00,0.002786355,0.002743344
PSOQRNN,BTC-USD,2026-07-01 10:00:00,0.0027412977,0.0027481504
PSOQRNN,BTC-USD,2026-07-01 10:15:00,0.0027789723,0.0027477632
PSOQRNN,BTC-USD,2026-07-01 10:30:00,0.0027574028,0.0027487504
PSOQRNN,BTC-USD,2026-07-01 10:45:00,0.0027904497,0.0027487436
PSOQRNN,BTC-USD,2026-07-01 11:00:00,0.0027918224,0.0027430702
PSOQRNN,BTC-USD,2026-07-01 11:15:00,0.0027743457,0.0027422945
PSOQRNN,BTC-USD,2026-07-01 11:30:00,0.0027730032,0.0027419545
PSOQRNN,BTC-USD,2026-07-01 11:45:00,0.0027627707,0.0027427205
PSOQRNN,BTC-USD,2026-07-01 12:00:00,0.0027435126,0.002748056
PSOQRNN,BTC-USD,2026-07-01 12:15:00,0.002802156,0.0027507963
PSOQRNN,BTC-USD,2026-07-01 12:30:00,0.0027554322,0.0027552522
PSOQRNN,BTC-USD,2026-07-01 12:45:00,0.002813477,0.002748971
PSOQRNN,BTC-USD,2026-07-01 13:00:00,0.0028077369,0.00274522
PSOQRNN,BTC-USD,2026-07-01 13:15:00,0.0028087029,0.0027389303
PSOQRNN,BTC-USD,2026-07-01 13:30:00,0.0028061115,0.002732751
PSOQRNN,BTC-USD,2026-07-01 13:45:00,0.002843891,0.0027796552
PSOQRNN,BTC-USD,2026-07-01 14:00:00,0.0028953657,0.0028157765
PSOQRNN,BTC-USD,2026-07-01 14:15:00,0.0028279438,0.0028059704
PSOQRNN,BTC-USD,2026-07-01 14:30:00,0.0028136652,0.0028069024
PSOQRNN,BTC-USD,2026-07-01 14:45:00,0.002836795,0.0028030167
PSOQRNN,BTC-USD,2026-07-01 15:00:00,0.002910288,0.0028331606
PSOQRNN,BTC-USD,2026-07-01 15:15:00,0.002944283,0.0028345208
PSOQRNN,BTC-USD,2026-07-01 15:30:00,0.0028689408,0.0028299335
PSOQRNN,BTC-USD,2026-07-01 15:45:00,0.002862076,0.002814804
PSOQRNN,BTC-USD,2026-07-01 16:00:00,0.0028570134,0.0028074507
PSOQRNN,BTC-USD,2026-07-01 16:15:00,0.0028522476,0.0028004185
PSOQRNN,BTC-USD,2026-07-01 16:30:00,0.002832103,0.002789302
PSOQRNN,BTC-USD,2026-07-01 16:45:00,0.0027994243,0.002792492
PSOQRNN,BTC-USD,2026-07-01 17:00:00,0.0028297857,0.002755913
PSOQRNN,BTC-USD,2026-07-01 17:15:00,0.002833443,0.0027144537
PSOQRNN,BTC-USD,2026-07-01 17:30:00,0.0027448211,0.0027034846
PSOQRNN,BTC-USD,2026-07-01 17:45:00,0.002737521,0.0027037037
PSOQRNN,BTC-USD,2026-07-01 18:00:00,0.0027101103,0.0026937304
PSOQRNN,BTC-USD,2026-07-01 18:15:00,0.002730913,0.0026888696
PSOQRNN,BTC-USD,2026-07-01 18:30:00,0.0027271325,0.0026777412
PSOQRNN,BTC-USD,2026-07-01 18:45:00,0.0026931902,0.0026752967
PSOQRNN,BTC-USD,2026-07-01 19:00:00,0.0027164642,0.0026742301
PSOQRNN,BTC-USD,2026-07-01 19:15:00,0.002674175,0.0026771158
PSOQRNN,BTC-USD,2026-07-01 19:30:00,0.0027095191,0.0026753694
PSOQRNN,BTC-USD,2026-07-01 19:45:00,0.0026630056,0.0026824048
PSOQRNN,BTC-USD,2026-07-01 20:00:00,0.0026996941,0.0026640084
PSOQRNN,BTC-USD,2026-07-01 20:15:00,0.0026816064,0.0026591602
PSOQRNN,BTC-USD,2026-07-01 20:30:00,0.002692061,0.0026485994
PSOQRNN,BTC-USD,2026-07-01 20:45:00,0.0026833008,0.0026434984
PSOQRNN,BTC-USD,2026-07-01 21:00:00,0.0027139722,0.0026614876
PSOQRNN,BTC-USD,2026-07-01 21:15:00,0.0026965793,0.0026627574
PSOQRNN,BTC-USD,2026-07-01 21:30:00,0.00273415,0.0026784784
PSOQRNN,BTC-USD,2026-07-01 21:45:00,0.002702824,0.0026784802
PSOQRNN,BTC-USD,2026-07-01 22:00:00,0.0027014993,0.0026784837
PSOQRNN,BTC-USD,2026-07-01 22:15:00,0.0026517985,0.0026923453
PSOQRNN,BTC-USD,2026-07-01 22:30:00,0.0027049358,0.0026927905
PSOQRNN,BTC-USD,2026-07-01 22:45:00,0.0027174219,0.0026926189
PSOQRNN,BTC-USD,2026-07-01 23:00:00,0.0026724937,0.0027032136
PSOQRNN,BTC-USD,2026-07-01 23:15:00,0.002723638,0.002700418
PSOQRNN,BTC-USD,2026-07-01 23:30:00,0.002716442,0.0027008897
PSOQRNN,BTC-USD,2026-07-01 23:45:00,0.0027046995,0.0027037212
PSOQRNN,BTC-USD,2026-07-02 00:00:00,0.0027153096,0.002702508
PSOQRNN,BTC-USD,2026-07-02 00:15:00,0.0026984361,0.002707974
PSOQRNN,BTC-USD,2026-07-02 00:30:00,0.0027059778,0.0027129033
PSOQRNN,BTC-USD,2026-07-02 00:45:00,0.002763401,0.002713853
PSOQRNN,BTC-USD,2026-07-02 01:00:00,0.0027727224,0.002713675
PSOQRNN,BTC-USD,2026-07-02 01:15:00,0.0027595412,0.00271555
PSOQRNN,BTC-USD,2026-07-02 01:30:00,0.002776107,0.002720856
PSOQRNN,BTC-USD,2026-07-02 01:45:00,0.0027473161,0.0027205567
PSOQRNN,BTC-USD,2026-07-02 02:00:00,0.0027432132,0.0027169888
PSOQRNN,BTC-USD,2026-07-02 02:15:00,0.0027571896,0.0027173883
PSOQRNN,BTC-USD,2026-07-02 02:30:00,0.0027813872,0.0027219863
PSOQRNN,BTC-USD,2026-07-02 02:45:00,0.0027553362,0.0027203797
PSOQRNN,BTC-USD,2026-07-02 03:00:00,0.0027604913,0.0026188008
PSOQRNN,BTC-USD,2026-07-02 03:15:00,0.0026481864,0.0026090487
PSOQRNN,BTC-USD,2026-07-02 03:30:00,0.0026642613,0.002568698
PSOQRNN,BTC-USD,2026-07-02 03:45:00,0.0026202889,0.0025813794
PSOQRNN,BTC-USD,2026-07-02 04:00:00,0.0025679085,0.0025709334
PSOQRNN,BTC-USD,2026-07-02 04:15:00,0.0025634514,0.0025611229
PSOQRNN,BTC-USD,2026-07-02 04:30:00,0.0025504227,0.0025101542
