model_name,asset_symbol,timestamp,predicted_value,real_value
PSOQRNN,EURUSD=X,2026-06-03 18:15:00,0.00026979315,0.00026808458
PSOQRNN,EURUSD=X,2026-06-03 18:30:00,0.00026752552,0.00026657904
PSOQRNN,EURUSD=X,2026-06-03 18:45:00,0.0002682252,0.0002665783
PSOQRNN,EURUSD=X,2026-06-03 19:00:00,0.00026359808,0.0002665229
PSOQRNN,EURUSD=X,2026-06-03 19:15:00,0.00026587964,0.00026605887
PSOQRNN,EURUSD=X,2026-06-03 19:30:00,0.00026768315,0.0002661889
PSOQRNN,EURUSD=X,2026-06-03 19:45:00,0.00026318198,0.0002662603
PSOQRNN,EURUSD=X,2026-06-03 20:00:00,0.00026789313,0.00026538374
PSOQRNN,EURUSD=X,2026-06-03 20:15:00,0.00026697904,0.0002655157
PSOQRNN,EURUSD=X,2026-06-03 20:30:00,0.00026246204,0.00026545193
PSOQRNN,EURUSD=X,2026-06-03 20:45:00,0.0002647488,0.00026510694
PSOQRNN,EURUSD=X,2026-06-03 21:00:00,0.00027329993,0.00026583573
PSOQRNN,EURUSD=X,2026-06-03 21:15:00,0.00025542086,0.000266504
PSOQRNN,EURUSD=X,2026-06-03 21:30:00,0.00026585956,0.00026549297
PSOQRNN,EURUSD=X,2026-06-03 21:45:00,0.000264792,0.00025858553
PSOQRNN,EURUSD=X,2026-06-03 22:00:00,0.00025250288,0.00025739934
PSOQRNN,EURUSD=X,2026-06-03 22:15:00,0.0002586038,0.00025747478
PSOQRNN,EURUSD=X,2026-06-03 22:30:00,0.000256273,0.00025663545
PSOQRNN,EURUSD=X,2026-06-03 22:45:00,0.00026695195,0.00025891562
PSOQRNN,EURUSD=X,2026-06-03 23:00:00,0.00025781084,0.00025877834
PSOQRNN,EURUSD=X,2026-06-03 23:15:00,0.00026005722,0.00025877712
PSOQRNN,EURUSD=X,2026-06-03 23:30:00,0.000260058,0.00025884085
PSOQRNN,EURUSD=X,2026-06-03 23:45:00,0.00026246393,0.00025931653
PSOQRNN,EURUSD=X,2026-06-04 00:00:00,0.0002557965,0.00025783037
PSOQRNN,EURUSD=X,2026-06-04 00:15:00,0.00025905992,0.00025709198
PSOQRNN,EURUSD=X,2026-06-04 00:30:00,0.00025828092,0.00025722006
PSOQRNN,EURUSD=X,2026-06-04 00:45:00,0.00024841804,0.00025795386
PSOQRNN,EURUSD=X,2026-06-04 01:00:00,0.00025678458,0.00025787522
PSOQRNN,EURUSD=X,2026-06-04 01:15:00,0.00025670073,0.00025787522
PSOQRNN,EURUSD=X,2026-06-04 01:30:00,0.0002591075,0.00025800464
PSOQRNN,EURUSD=X,2026-06-04 01:45:00,0.0002592436,0.00025805205
PSOQRNN,EURUSD=X,2026-06-04 02:00:00,0.00025443023,0.00025775973
PSOQRNN,EURUSD=X,2026-06-04 02:15:00,0.0002541137,0.00025771235
PSOQRNN,EURUSD=X,2026-06-04 02:30:00,0.0002612902,0.00025817522
PSOQRNN,EURUSD=X,2026-06-04 02:45:00,0.00025702105,0.00025817522
PSOQRNN,EURUSD=X,2026-06-04 03:00:00,0.00024685066,0.0002597391
PSOQRNN,EURUSD=X,2026-06-04 03:15:00,0.00025625364,0.00025879528
PSOQRNN,EURUSD=X,2026-06-04 03:30:00,0.00025768255,0.00025871934
PSOQRNN,EURUSD=X,2026-06-04 03:45:00,0.00026233512,0.00025910986
PSOQRNN,EURUSD=X,2026-06-04 04:00:00,0.00025557465,0.00024649582
PSOQRNN,EURUSD=X,2026-06-04 04:15:00,0.0002470109,0.00024492946
PSOQRNN,EURUSD=X,2026-06-04 04:30:00,0.00025275844,0.00024402107
PSOQRNN,EURUSD=X,2026-06-04 04:45:00,0.00023909398,0.00023868884
PSOQRNN,EURUSD=X,2026-06-04 05:00:00,0.0002331766,0.0002383438
PSOQRNN,EURUSD=X,2026-06-04 05:15:00,0.00022998825,0.00023867762
PSOQRNN,EURUSD=X,2026-06-04 05:30:00,0.00024120147,0.00023731074
PSOQRNN,EURUSD=X,2026-06-04 05:45:00,0.00023709562,0.00023732138
PSOQRNN,EURUSD=X,2026-06-04 06:00:00,0.00023974811,0.00023766459
PSOQRNN,EURUSD=X,2026-06-04 06:15:00,0.00023203247,0.0002367353
PSOQRNN,EURUSD=X,2026-06-04 06:30:00,0.00023912058,0.00023673492
PSOQRNN,EURUSD=X,2026-06-04 06:45:00,0.00022816536,0.0002370678
PSOQRNN,EURUSD=X,2026-06-04 07:00:00,0.00023412923,0.00023606302
PSOQRNN,EURUSD=X,2026-06-04 07:15:00,0.00022450858,0.00023659146
PSOQRNN,EURUSD=X,2026-06-04 07:30:00,0.00022216632,0.00023835374
PSOQRNN,EURUSD=X,2026-06-04 07:45:00,0.00024085183,0.00023464888
PSOQRNN,EURUSD=X,2026-06-04 08:00:00,0.0002314567,0.00023366112
PSOQRNN,EURUSD=X,2026-06-04 08:15:00,0.00024101796,0.00023541675
PSOQRNN,EURUSD=X,2026-06-04 08:30:00,0.0002266732,0.00023159914
PSOQRNN,EURUSD=X,2026-06-04 08:45:00,0.00024139982,0.00023456405
PSOQRNN,EURUSD=X,2026-06-04 09:00:00,0.00024197374,0.00023633748
PSOQRNN,EURUSD=X,2026-06-04 09:15:00,0.00023604071,0.000236461
PSOQRNN,EURUSD=X,2026-06-04 09:30:00,0.0002464551,0.00023920639
PSOQRNN,EURUSD=X,2026-06-04 09:45:00,0.00023374746,0.00023831171
PSOQRNN,EURUSD=X,2026-06-04 10:00:00,0.00024338906,0.00023933346
PSOQRNN,EURUSD=X,2026-06-04 10:15:00,0.00023388989,0.00023932966
PSOQRNN,EURUSD=X,2026-06-04 10:30:00,0.00024446938,0.00024023303
PSOQRNN,EURUSD=X,2026-06-04 10:45:00,0.00023488881,0.00024034573
PSOQRNN,EURUSD=X,2026-06-04 11:00:00,0.00024553924,0.00024134907
PSOQRNN,EURUSD=X,2026-06-04 11:15:00,0.00024907727,0.00024311445
PSOQRNN,EURUSD=X,2026-06-04 11:30:00,0.00024594966,0.00024311528
PSOQRNN,EURUSD=X,2026-06-04 11:45:00,0.00023808554,0.0002431155
PSOQRNN,EURUSD=X,2026-06-04 12:00:00,0.00023254138,0.00024401414
PSOQRNN,EURUSD=X,2026-06-04 12:15:00,0.00024174537,0.00024302707
PSOQRNN,EURUSD=X,2026-06-04 12:30:00,0.00024329335,0.00024302218
PSOQRNN,EURUSD=X,2026-06-04 12:45:00,0.00023797929,0.0002430277
PSOQRNN,EURUSD=X,2026-06-04 13:00:00,0.00023524847,0.00024336201
PSOQRNN,EURUSD=X,2026-06-04 13:15:00,0.00024365258,0.00024335891
PSOQRNN,EURUSD=X,2026-06-04 13:30:00,0.00024364665,0.00024335903
PSOQRNN,EURUSD=X,2026-06-04 13:45:00,0.00023835654,0.00024347194
PSOQRNN,EURUSD=X,2026-06-04 14:00:00,0.0002357457,0.00024380565
PSOQRNN,EURUSD=X,2026-06-04 14:15:00,0.00023612332,0.00024424403
PSOQRNN,EURUSD=X,2026-06-04 14:30:00,0.0002419961,0.00024424403
PSOQRNN,EURUSD=X,2026-06-04 14:45:00,0.0002419961,0.00024424403
PSOQRNN,EURUSD=X,2026-06-04 15:00:00,0.00022808864,0.0002468625
PSOQRNN,EURUSD=X,2026-06-04 15:15:00,0.00024222494,0.0002468623
PSOQRNN,EURUSD=X,2026-06-04 15:30:00,0.0002448442,0.0002468623
PSOQRNN,EURUSD=X,2026-06-04 15:45:00,0.0002547649,0.00024851185
PSOQRNN,EURUSD=X,2026-06-04 16:00:00,0.00024403541,0.00024762843
PSOQRNN,EURUSD=X,2026-06-04 16:15:00,0.00024822797,0.0002476369
PSOQRNN,EURUSD=X,2026-06-04 16:30:00,0.00024307486,0.0002476368
PSOQRNN,EURUSD=X,2026-06-04 16:45:00,0.00023767461,0.00024849692
PSOQRNN,EURUSD=X,2026-06-04 17:00:00,0.00024401776,0.00024859965
PSOQRNN,EURUSD=X,2026-06-04 17:15:00,0.00024413019,0.000248252
PSOQRNN,EURUSD=X,2026-06-04 17:30:00,0.00024635115,0.00024783282
PSOQRNN,EURUSD=X,2026-06-04 17:45:00,0.00024589698,0.00024783282
PSOQRNN,EURUSD=X,2026-06-04 18:00:00,0.00024589698,0.00024771653
PSOQRNN,EURUSD=X,2026-06-04 18:15:00,0.00023776945,0.0002486652
PSOQRNN,EURUSD=X,2026-06-04 18:30:00,0.0002467986,0.0002485461
PSOQRNN,EURUSD=X,2026-06-04 18:45:00,0.00024407264,0.00024864273
PSOQRNN,EURUSD=X,2026-06-04 19:00:00,0.0002415284,0.00024904902
PSOQRNN,EURUSD=X,2026-06-04 19:15:00,0.0002472141,0.00024858583
PSOQRNN,EURUSD=X,2026-06-04 19:30:00,0.00024411768,0.00024867803
PSOQRNN,EURUSD=X,2026-06-04 19:45:00,0.00024934922,0.00024867774
PSOQRNN,EURUSD=X,2026-06-04 20:00:00,0.0002442184,0.00024864258
PSOQRNN,EURUSD=X,2026-06-04 20:15:00,0.00024418178,0.00024864185
PSOQRNN,EURUSD=X,2026-06-04 20:30:00,0.0002493086,0.00024876744
PSOQRNN,EURUSD=X,2026-06-04 20:45:00,0.00024690927,0.00024867585
PSOQRNN,EURUSD=X,2026-06-04 21:00:00,0.0002542514,0.00024567006
PSOQRNN,EURUSD=X,2026-06-04 21:15:00,0.00024091222,0.00024470335
PSOQRNN,EURUSD=X,2026-06-04 21:30:00,0.0002398456,0.00024479002
PSOQRNN,EURUSD=X,2026-06-04 21:45:00,0.00024259093,0.00024465536
PSOQRNN,EURUSD=X,2026-06-04 22:00:00,0.00024244438,0.00024372853
PSOQRNN,EURUSD=X,2026-06-04 22:15:00,0.00024143391,0.00024359522
PSOQRNN,EURUSD=X,2026-06-04 22:30:00,0.00023862114,0.0002436823
PSOQRNN,EURUSD=X,2026-06-04 22:45:00,0.00024399147,0.00024368156
PSOQRNN,EURUSD=X,2026-06-04 23:00:00,0.00024138278,0.00024328326
PSOQRNN,EURUSD=X,2026-06-04 23:15:00,0.00024356124,0.00024341527
PSOQRNN,EURUSD=X,2026-06-04 23:30:00,0.00023842242,0.0002434146
PSOQRNN,EURUSD=X,2026-06-04 23:45:00,0.00024109134,0.00024332429
PSOQRNN,EURUSD=X,2026-06-05 00:00:00,0.00023832165,0.0002430104
PSOQRNN,EURUSD=X,2026-06-05 00:15:00,0.0002432677,0.0002426564
PSOQRNN,EURUSD=X,2026-06-05 00:30:00,0.00024026362,0.0002426564
PSOQRNN,EURUSD=X,2026-06-05 00:45:00,0.00024288593,0.00024278699
PSOQRNN,EURUSD=X,2026-06-05 01:00:00,0.00023772735,0.00024287787
PSOQRNN,EURUSD=X,2026-06-05 01:15:00,0.00023782765,0.00024287752
PSOQRNN,EURUSD=X,2026-06-05 01:30:00,0.00024568607,0.00024322867
PSOQRNN,EURUSD=X,2026-06-05 01:45:00,0.00024088843,0.00024322867
PSOQRNN,EURUSD=X,2026-06-05 02:00:00,0.00024350244,0.000243228
PSOQRNN,EURUSD=X,2026-06-05 02:15:00,0.00024350369,0.00024322735
PSOQRNN,EURUSD=X,2026-06-05 02:30:00,0.0002354815,0.00024256074
PSOQRNN,EURUSD=X,2026-06-05 02:45:00,0.00024278238,0.00024269489
PSOQRNN,EURUSD=X,2026-06-05 03:00:00,0.00023762565,0.00024269427
PSOQRNN,EURUSD=X,2026-06-05 03:15:00,0.00024292627,0.0002423352
PSOQRNN,EURUSD=X,2026-06-05 03:30:00,0.00023722723,0.00024242178
PSOQRNN,EURUSD=X,2026-06-05 03:45:00,0.00024263239,0.0002424687
PSOQRNN,EURUSD=X,2026-06-05 04:00:00,0.00024005836,0.00024237973
PSOQRNN,EURUSD=X,2026-06-05 04:15:00,0.00023727669,0.000242066
PSOQRNN,EURUSD=X,2026-06-05 04:30:00,0.00024224872,0.00024210598
PSOQRNN,EURUSD=X,2026-06-05 04:45:00,0.00024229361,0.00024214275
PSOQRNN,EURUSD=X,2026-06-05 05:00:00,0.0002370119,0.0002421425
PSOQRNN,EURUSD=X,2026-06-05 05:15:00,0.00024233319,0.00024185634
PSOQRNN,EURUSD=X,2026-06-05 05:30:00,0.0002393886,0.00023896107
PSOQRNN,EURUSD=X,2026-06-05 05:45:00,0.00023621363,0.0002385457
PSOQRNN,EURUSD=X,2026-06-05 06:00:00,0.00023301381,0.00023822294
PSOQRNN,EURUSD=X,2026-06-05 06:15:00,0.00024071948,0.00023772818
PSOQRNN,EURUSD=X,2026-06-05 06:30:00,0.00024276815,0.00023772485
PSOQRNN,EURUSD=X,2026-06-05 06:45:00,0.00023485313,0.00023772485
PSOQRNN,EURUSD=X,2026-06-05 07:00:00,0.00024276657,0.00023834039
PSOQRNN,EURUSD=X,2026-06-05 07:15:00,0.0002434194,0.00023655621
PSOQRNN,EURUSD=X,2026-06-05 07:30:00,0.00023893814,0.00023655289
PSOQRNN,EURUSD=X,2026-06-05 07:45:00,0.0002335612,0.00023655289
PSOQRNN,EURUSD=X,2026-06-05 08:00:00,0.0002465608,0.00023889515
PSOQRNN,EURUSD=X,2026-06-05 08:15:00,0.00023059614,0.00023924271
PSOQRNN,EURUSD=X,2026-06-05 08:30:00,0.00023919849,0.00023922526
PSOQRNN,EURUSD=X,2026-06-05 08:45:00,0.0002337689,0.00023922538
PSOQRNN,EURUSD=X,2026-06-05 09:00:00,0.00024686957,0.00024050215
PSOQRNN,EURUSD=X,2026-06-05 09:15:00,0.00023240723,0.00024088046
PSOQRNN,EURUSD=X,2026-06-05 09:30:00,0.00023560484,0.0002400283
PSOQRNN,EURUSD=X,2026-06-05 09:45:00,0.00024005398,0.00023914524
PSOQRNN,EURUSD=X,2026-06-05 10:00:00,0.00023641599,0.00023814563
PSOQRNN,EURUSD=X,2026-06-05 10:15:00,0.00024064629,0.00023846836
PSOQRNN,EURUSD=X,2026-06-05 10:30:00,0.00023292161,0.0002385884
PSOQRNN,EURUSD=X,2026-06-05 10:45:00,0.00023580376,0.00023848107
PSOQRNN,EURUSD=X,2026-06-05 11:00:00,0.00022432617,0.00024030084
PSOQRNN,EURUSD=X,2026-06-05 11:15:00,0.00024549811,0.000241184
PSOQRNN,EURUSD=X,2026-06-05 11:30:00,0.00023034596,0.00024220182
PSOQRNN,EURUSD=X,2026-06-05 11:45:00,0.00024996197,0.00024396103
PSOQRNN,EURUSD=X,2026-06-05 12:00:00,0.00024168764,0.00024396103
PSOQRNN,EURUSD=X,2026-06-05 12:15:00,0.00023065657,0.00024563598
PSOQRNN,EURUSD=X,2026-06-05 12:30:00,0.00017856724,0.0002861013
PSOQRNN,EURUSD=X,2026-06-05 12:45:00,0.00024643025,0.00030860916
PSOQRNN,EURUSD=X,2026-06-05 13:00:00,0.00032065762,0.00031265328
PSOQRNN,EURUSD=X,2026-06-05 13:15:00,0.00029577565,0.00031924923
PSOQRNN,EURUSD=X,2026-06-05 13:30:00,0.0003164706,0.00031953902
PSOQRNN,EURUSD=X,2026-06-05 13:45:00,0.00030749527,0.000323379
PSOQRNN,EURUSD=X,2026-06-05 14:00:00,0.00031165438,0.0003269279
PSOQRNN,EURUSD=X,2026-06-05 14:15:00,0.00031914603,0.0003287539
PSOQRNN,EURUSD=X,2026-06-05 14:30:00,0.00032281227,0.00032986514
PSOQRNN,EURUSD=X,2026-06-05 14:45:00,0.0003390237,0.00033294538
PSOQRNN,EURUSD=X,2026-06-05 15:00:00,0.00031825432,0.00033895683
PSOQRNN,EURUSD=X,2026-06-05 15:15:00,0.00033945983,0.0003381303
PSOQRNN,EURUSD=X,2026-06-05 15:30:00,0.00032573767,0.00034268544
PSOQRNN,EURUSD=X,2026-06-05 15:45:00,0.0003387541,0.00034325098
PSOQRNN,EURUSD=X,2026-06-05 16:00:00,0.0003408256,0.00034346982
PSOQRNN,EURUSD=X,2026-06-05 16:15:00,0.00034104646,0.00034356004
PSOQRNN,EURUSD=X,2026-06-05 16:30:00,0.0003425901,0.00034346207
PSOQRNN,EURUSD=X,2026-06-05 16:45:00,0.0003504565,0.00034558537
PSOQRNN,EURUSD=X,2026-06-05 17:00:00,0.00034317502,0.00034567682
PSOQRNN,EURUSD=X,2026-06-05 17:15:00,0.00034326775,0.0003456721
PSOQRNN,EURUSD=X,2026-06-05 17:30:00,0.00034179538,0.00034621917
PSOQRNN,EURUSD=X,2026-06-05 17:45:00,0.0003479788,0.0003463436
PSOQRNN,EURUSD=X,2026-06-05 18:00:00,0.00034393976,0.00034655284
PSOQRNN,EURUSD=X,2026-06-05 18:15:00,0.00034830355,0.00034664822
PSOQRNN,EURUSD=X,2026-06-05 18:30:00,0.00034704953,0.0003465223
PSOQRNN,EURUSD=X,2026-06-05 18:45:00,0.00034692546,0.00034649292
PSOQRNN,EURUSD=X,2026-06-05 19:00:00,0.0003440909,0.00034667307
PSOQRNN,EURUSD=X,2026-06-05 19:15:00,0.00034842105,0.00034676708
PSOQRNN,EURUSD=X,2026-06-05 19:30:00,0.0003511016,0.00034746763
PSOQRNN,EURUSD=X,2026-06-05 19:45:00,0.00034785678,0.00034746763
PSOQRNN,EURUSD=X,2026-06-05 20:00:00,0.00034060786,0.0003490068
PSOQRNN,EURUSD=X,2026-06-05 20:15:00,0.0003544649,0.00034935836
PSOQRNN,EURUSD=X,2026-06-05 20:30:00,0.00034836167,0.0003493897
PSOQRNN,EURUSD=X,2026-06-05 20:45:00,0.00035107095,0.00034928933
PSOQRNN,EURUSD=X,2026-06-05 21:00:00,0.00034965065,0.0003490667
PSOQRNN,EURUSD=X,2026-06-05 21:15:00,0.00034943153,0.0003490667
PSOQRNN,EURUSD=X,2026-06-05 21:30:00,0.00034943153,0.00034884133
PSOQRNN,EURUSD=X,2026-06-05 21:45:00,0.00034920967,0.00034844974
PSOQRNN,EURUSD=X,2026-06-05 22:00:00,0.0003488243,0.00034805542
PSOQRNN,EURUSD=X,2026-06-05 22:15:00,0.0003484358,0.000346986
PSOQRNN,EURUSD=X,2026-06-05 22:30:00,0.0003473823,0.0003448289
PSOQRNN,EURUSD=X,2026-06-05 22:45:00,0.0003452562,0.0003442567
PSOQRNN,EURUSD=X,2026-06-07 23:00:00,0.0003372773,0.0003453888
PSOQRNN,EURUSD=X,2026-06-07 23:15:00,0.00034716693,0.00034550834
PSOQRNN,EURUSD=X,2026-06-07 23:30:00,0.00034728466,0.00034454663
PSOQRNN,EURUSD=X,2026-06-07 23:45:00,0.0003476781,0.0003448148
PSOQRNN,EURUSD=X,2026-06-08 00:00:00,0.00034524236,0.00034399162
PSOQRNN,EURUSD=X,2026-06-08 00:15:00,0.00034443065,0.00034399162
PSOQRNN,EURUSD=X,2026-06-08 00:30:00,0.000349716,0.00034526258
PSOQRNN,EURUSD=X,2026-06-08 00:45:00,0.00034966483,0.0003460672
PSOQRNN,EURUSD=X,2026-06-08 01:00:00,0.00034647694,0.00034567981
PSOQRNN,EURUSD=X,2026-06-08 01:15:00,0.0003304026,0.0003528256
PSOQRNN,EURUSD=X,2026-06-08 01:30:00,0.0003580795,0.00035407278
PSOQRNN,EURUSD=X,2026-06-08 01:45:00,0.0003556327,0.00035418844
PSOQRNN,EURUSD=X,2026-06-08 02:00:00,0.0003518162,0.00035428687
PSOQRNN,EURUSD=X,2026-06-08 02:15:00,0.00035946385,0.00035525998
PSOQRNN,EURUSD=X,2026-06-08 02:30:00,0.00035678913,0.00035515282
PSOQRNN,EURUSD=X,2026-06-08 02:45:00,0.00035541816,0.00035515282
PSOQRNN,EURUSD=X,2026-06-08 03:00:00,0.00035278263,0.00035480905
PSOQRNN,EURUSD=X,2026-06-08 03:15:00,0.00035508047,0.0003530984
PSOQRNN,EURUSD=X,2026-06-08 03:30:00,0.00035593592,0.00035342755
PSOQRNN,EURUSD=X,2026-06-08 03:45:00,0.00035625382,0.00035270603
PSOQRNN,EURUSD=X,2026-06-08 04:00:00,0.00035301287,0.00035259884
PSOQRNN,EURUSD=X,2026-06-08 04:15:00,0.00035419766,0.00035233764
PSOQRNN,EURUSD=X,2026-06-08 04:30:00,0.00034995915,0.0003525304
PSOQRNN,EURUSD=X,2026-06-08 04:45:00,0.00035284003,0.0003525304
PSOQRNN,EURUSD=X,2026-06-08 05:00:00,0.0003541312,0.0003518533
PSOQRNN,EURUSD=X,2026-06-08 05:15:00,0.0003547361,0.00035197966
PSOQRNN,EURUSD=X,2026-06-08 05:30:00,0.00034527524,0.00035114939
PSOQRNN,EURUSD=X,2026-06-08 05:45:00,0.00034133083,0.0003430672
PSOQRNN,EURUSD=X,2026-06-08 06:00:00,0.0003435187,0.00034198083
PSOQRNN,EURUSD=X,2026-06-08 06:15:00,0.00034780827,0.00034337354
PSOQRNN,EURUSD=X,2026-06-08 06:30:00,0.00033945922,0.0003439115
PSOQRNN,EURUSD=X,2026-06-08 06:45:00,0.00034000905,0.00034444558
PSOQRNN,EURUSD=X,2026-06-08 07:00:00,0.0003537407,0.0003466929
PSOQRNN,EURUSD=X,2026-06-08 07:15:00,0.0003470937,0.00034658212
PSOQRNN,EURUSD=X,2026-06-08 07:30:00,0.00034559992,0.0003463826
PSOQRNN,EURUSD=X,2026-06-08 07:45:00,0.00033948434,0.00034731184
PSOQRNN,EURUSD=X,2026-06-08 08:00:00,0.0003490432,0.00034742523
PSOQRNN,EURUSD=X,2026-06-08 08:15:00,0.00034644076,0.00034722983
PSOQRNN,EURUSD=X,2026-06-08 08:30:00,0.0003433826,0.00034768664
PSOQRNN,EURUSD=X,2026-06-08 08:45:00,0.0003452926,0.00034791176
PSOQRNN,EURUSD=X,2026-06-08 09:00:00,0.00034259807,0.0003487362
PSOQRNN,EURUSD=X,2026-06-08 09:15:00,0.00034634923,0.00034883575
PSOQRNN,EURUSD=X,2026-06-08 09:30:00,0.00035181787,0.00034922257
PSOQRNN,EURUSD=X,2026-06-08 09:45:00,0.00035700633,0.0003520544
PSOQRNN,EURUSD=X,2026-06-08 10:00:00,0.00035492616,0.00035239098
PSOQRNN,EURUSD=X,2026-06-08 10:15:00,0.0003527029,0.00035239098
PSOQRNN,EURUSD=X,2026-06-08 10:30:00,0.00036105426,0.0003561781
PSOQRNN,EURUSD=X,2026-06-08 10:45:00,0.00035642568,0.00035613534
PSOQRNN,EURUSD=X,2026-06-08 11:00:00,0.00036005437,0.00035679128
PSOQRNN,EURUSD=X,2026-06-08 11:15:00,0.0003651128,0.00036050935
PSOQRNN,EURUSD=X,2026-06-08 11:30:00,0.00035814595,0.00036070208
PSOQRNN,EURUSD=X,2026-06-08 11:45:00,0.0003608689,0.00036070208
PSOQRNN,EURUSD=X,2026-06-08 12:00:00,0.00036441704,0.00036014544
PSOQRNN,EURUSD=X,2026-06-08 12:15:00,0.0003603225,0.0003590602
PSOQRNN,EURUSD=X,2026-06-08 12:30:00,0.00036048747,0.0003591598
PSOQRNN,EURUSD=X,2026-06-08 12:45:00,0.00035935472,0.0003591598
PSOQRNN,EURUSD=X,2026-06-08 13:00:00,0.00036178107,0.00035925367
PSOQRNN,EURUSD=X,2026-06-08 13:15:00,0.00036417088,0.00036042684
PSOQRNN,EURUSD=X,2026-06-08 13:30:00,0.00035673895,0.00036102414
PSOQRNN,EURUSD=X,2026-06-08 13:45:00,0.0003586592,0.00035928254
PSOQRNN,EURUSD=X,2026-06-08 14:00:00,0.00035558487,0.00035986333
PSOQRNN,EURUSD=X,2026-06-08 14:15:00,0.00035749943,0.0003599943
PSOQRNN,EURUSD=X,2026-06-08 14:30:00,0.0003589192,0.00035993085
PSOQRNN,EURUSD=X,2026-06-08 14:45:00,0.000365903,0.00036156303
PSOQRNN,EURUSD=X,2026-06-08 15:00:00,0.00036635294,0.00036280372
PSOQRNN,EURUSD=X,2026-06-08 15:15:00,0.00035644157,0.0003643854
PSOQRNN,EURUSD=X,2026-06-08 15:30:00,0.00036448365,0.000364281
PSOQRNN,EURUSD=X,2026-06-08 15:45:00,0.00036892295,0.00036498453
PSOQRNN,EURUSD=X,2026-06-08 16:00:00,0.00036262025,0.000365221
PSOQRNN,EURUSD=X,2026-06-08 16:15:00,0.00036530328,0.000365221
PSOQRNN,EURUSD=X,2026-06-08 16:30:00,0.00036409695,0.0003651631
PSOQRNN,EURUSD=X,2026-06-08 16:45:00,0.0003640397,0.00036510293
PSOQRNN,EURUSD=X,2026-06-08 17:00:00,0.00036518756,0.00036505942
PSOQRNN,EURUSD=X,2026-06-08 17:15:00,0.00036514466,0.00036501532
PSOQRNN,EURUSD=X,2026-06-08 17:30:00,0.00036510147,0.00036466136
PSOQRNN,EURUSD=X,2026-06-08 17:45:00,0.00036354238,0.00036470368
PSOQRNN,EURUSD=X,2026-06-08 18:00:00,0.0003659746,0.0003637441
PSOQRNN,EURUSD=X,2026-06-08 18:15:00,0.00036385455,0.00036369814
PSOQRNN,EURUSD=X,2026-06-08 18:30:00,0.0003613352,0.0003639341
PSOQRNN,EURUSD=X,2026-06-08 18:45:00,0.00035621948,0.0003660109
PSOQRNN,EURUSD=X,2026-06-08 19:00:00,0.00036837798,0.00036632345
PSOQRNN,EURUSD=X,2026-06-08 19:15:00,0.0003663848,0.00036621856
PSOQRNN,EURUSD=X,2026-06-08 19:30:00,0.0003662818,0.00036491084
PSOQRNN,EURUSD=X,2026-06-08 19:45:00,0.0003637909,0.0003649101
PSOQRNN,EURUSD=X,2026-06-08 20:00:00,0.00036617406,0.0003649766
PSOQRNN,EURUSD=X,2026-06-08 20:15:00,0.0003650635,0.00036474742
PSOQRNN,EURUSD=X,2026-06-08 20:30:00,0.0003648387,0.00036438732
PSOQRNN,EURUSD=X,2026-06-08 20:45:00,0.00036448546,0.00036428001
PSOQRNN,EURUSD=X,2026-06-08 21:00:00,0.00036556151,0.00036402323
PSOQRNN,EURUSD=X,2026-06-08 21:15:00,0.00036531268,0.00036408994
PSOQRNN,EURUSD=X,2026-06-08 21:30:00,0.00036652928,0.00036408554
PSOQRNN,EURUSD=X,2026-06-08 21:45:00,0.00036418936,0.00036385562
PSOQRNN,EURUSD=X,2026-06-08 22:00:00,0.00036020682,0.00036441293
PSOQRNN,EURUSD=X,2026-06-08 22:15:00,0.00036451063,0.00036384817
PSOQRNN,EURUSD=X,2026-06-08 22:30:00,0.00036395653,0.00036278993
PSOQRNN,EURUSD=X,2026-06-08 22:45:00,0.00036291807,0.0003624329
PSOQRNN,EURUSD=X,2026-06-08 23:00:00,0.00036256775,0.0003624329
PSOQRNN,EURUSD=X,2026-06-08 23:15:00,0.00036007172,0.00036134198
PSOQRNN,EURUSD=X,2026-06-08 23:30:00,0.00036149693,0.00036111294
PSOQRNN,EURUSD=X,2026-06-08 23:45:00,0.00035875043,0.00035929392
PSOQRNN,EURUSD=X,2026-06-09 00:00:00,0.00036071398,0.00035805185
PSOQRNN,EURUSD=X,2026-06-09 00:15:00,0.00035826655,0.00035793637
PSOQRNN,EURUSD=X,2026-06-09 00:30:00,0.0003593933,0.00035595748
PSOQRNN,EURUSD=X,2026-06-09 00:45:00,0.00035620897,0.00035592463
PSOQRNN,EURUSD=X,2026-06-09 01:00:00,0.00035866114,0.00035549753
PSOQRNN,EURUSD=X,2026-06-09 01:15:00,0.000358251,0.00035584634
PSOQRNN,EURUSD=X,2026-06-09 01:30:00,0.00035609986,0.00035503646
PSOQRNN,EURUSD=X,2026-06-09 01:45:00,0.0003578059,0.00035538553
PSOQRNN,EURUSD=X,2026-06-09 02:00:00,0.00035691223,0.00035469254
PSOQRNN,EURUSD=X,2026-06-09 02:15:00,0.00035365933,0.00035332618
PSOQRNN,EURUSD=X,2026-06-09 02:30:00,0.00035362275,0.00035292708
PSOQRNN,EURUSD=X,2026-06-09 02:45:00,0.0003519076,0.00035292617
PSOQRNN,EURUSD=X,2026-06-09 03:00:00,0.00035451708,0.00035249538
PSOQRNN,EURUSD=X,2026-06-09 03:15:00,0.00035147878,0.00035252585
PSOQRNN,EURUSD=X,2026-06-09 03:30:00,0.0003528357,0.0003524033
PSOQRNN,EURUSD=X,2026-06-09 03:45:00,0.0003527149,0.00035237236
PSOQRNN,EURUSD=X,2026-06-09 04:00:00,0.00035523763,0.0003525434
PSOQRNN,EURUSD=X,2026-06-09 04:15:00,0.000354145,0.00035254174
PSOQRNN,EURUSD=X,2026-06-09 04:30:00,0.00035662673,0.00035322615
PSOQRNN,EURUSD=X,2026-06-09 04:45:00,0.0003535241,0.00035319125
PSOQRNN,EURUSD=X,2026-06-09 05:00:00,0.00034798996,0.00035400584
PSOQRNN,EURUSD=X,2026-06-09 05:15:00,0.0003568135,0.00035416454
PSOQRNN,EURUSD=X,2026-06-09 05:30:00,0.00035696736,0.00035454205
PSOQRNN,EURUSD=X,2026-06-09 05:45:00,0.0003535094,0.00035457843
PSOQRNN,EURUSD=X,2026-06-09 06:00:00,0.00035974884,0.00035420264
PSOQRNN,EURUSD=X,2026-06-09 06:15:00,0.00035448425,0.00035416018
PSOQRNN,EURUSD=X,2026-06-09 06:30:00,0.00035039903,0.00035473396
PSOQRNN,EURUSD=X,2026-06-09 06:45:00,0.0003536999,0.00035341055
PSOQRNN,EURUSD=X,2026-06-09 07:00:00,0.00035103303,0.00035359702
PSOQRNN,EURUSD=X,2026-06-09 07:15:00,0.00035388884,0.00035348197
PSOQRNN,EURUSD=X,2026-06-09 07:30:00,0.0003537757,0.00035344478
PSOQRNN,EURUSD=X,2026-06-09 07:45:00,0.00035242082,0.00035290976
PSOQRNN,EURUSD=X,2026-06-09 08:00:00,0.00035321305,0.00035287061
PSOQRNN,EURUSD=X,2026-06-09 08:15:00,0.00035813038,0.00035417126
PSOQRNN,EURUSD=X,2026-06-09 08:30:00,0.00035573088,0.0003542795
PSOQRNN,EURUSD=X,2026-06-09 08:45:00,0.0003582893,0.0003550501
PSOQRNN,EURUSD=X,2026-06-09 09:00:00,0.00036019547,0.00035636485
PSOQRNN,EURUSD=X,2026-06-09 09:15:00,0.00035660935,0.00035576825
PSOQRNN,EURUSD=X,2026-06-09 09:30:00,0.00035971444,0.00035651927
PSOQRNN,EURUSD=X,2026-06-09 09:45:00,0.00035801678,0.00035656738
PSOQRNN,EURUSD=X,2026-06-09 10:00:00,0.00035680842,0.00035631243
PSOQRNN,EURUSD=X,2026-06-09 10:15:00,0.0003602346,0.00035705
PSOQRNN,EURUSD=X,2026-06-09 10:30:00,0.00035975364,0.0003573333
PSOQRNN,EURUSD=X,2026-06-09 10:45:00,0.0003549584,0.00035749667
PSOQRNN,EURUSD=X,2026-06-09 11:00:00,0.00036018412,0.0003577796
PSOQRNN,EURUSD=X,2026-06-09 11:15:00,0.00036163727,0.00035844647
PSOQRNN,EURUSD=X,2026-06-09 11:30:00,0.00035472924,0.00035897005
PSOQRNN,EURUSD=X,2026-06-09 11:45:00,0.00036277366,0.00035969244
PSOQRNN,EURUSD=X,2026-06-09 12:00:00,0.00035861597,0.00035901996
PSOQRNN,EURUSD=X,2026-06-09 12:15:00,0.00035921746,0.00035896446
PSOQRNN,EURUSD=X,2026-06-09 12:30:00,0.00036159935,0.0003592412
PSOQRNN,EURUSD=X,2026-06-09 12:45:00,0.00036066782,0.00035933254
PSOQRNN,EURUSD=X,2026-06-09 13:00:00,0.0003619542,0.00035966156
PSOQRNN,EURUSD=X,2026-06-09 13:15:00,0.0003545885,0.00036078185
PSOQRNN,EURUSD=X,2026-06-09 13:30:00,0.00035434216,0.0003624775
PSOQRNN,EURUSD=X,2026-06-09 13:45:00,0.00036498246,0.00036271708
PSOQRNN,EURUSD=X,2026-06-09 14:00:00,0.00036161428,0.00036277095
PSOQRNN,EURUSD=X,2026-06-09 14:15:00,0.00036040234,0.00036292817
PSOQRNN,EURUSD=X,2026-06-09 14:30:00,0.00036305378,0.00036287558
PSOQRNN,EURUSD=X,2026-06-09 14:45:00,0.00036177062,0.0003629277
PSOQRNN,EURUSD=X,2026-06-09 15:00:00,0.00036425103,0.00036296944
PSOQRNN,EURUSD=X,2026-06-09 15:15:00,0.00035660173,0.0003645939
PSOQRNN,EURUSD=X,2026-06-09 15:30:00,0.00035962937,0.00036566073
PSOQRNN,EURUSD=X,2026-06-09 15:45:00,0.00036915345,0.00036629214
PSOQRNN,EURUSD=X,2026-06-09 16:00:00,0.0003586577,0.00036869463
PSOQRNN,EURUSD=X,2026-06-09 16:15:00,0.0003675352,0.00036869393
PSOQRNN,EURUSD=X,2026-06-09 16:30:00,0.00035836024,0.00037268817
PSOQRNN,EURUSD=X,2026-06-09 16:45:00,0.0003748085,0.00037303733
PSOQRNN,EURUSD=X,2026-06-09 17:00:00,0.0003761901,0.00037366743
PSOQRNN,EURUSD=X,2026-06-09 17:15:00,0.0003797405,0.00037629108
PSOQRNN,EURUSD=X,2026-06-09 17:30:00,0.00037723308,0.00037615633
PSOQRNN,EURUSD=X,2026-06-09 17:45:00,0.00037260595,0.00037661244
PSOQRNN,EURUSD=X,2026-06-09 18:00:00,0.0003775466,0.00037666713
PSOQRNN,EURUSD=X,2026-06-09 18:15:00,0.00037864243,0.00037690447
PSOQRNN,EURUSD=X,2026-06-09 18:30:00,0.00037565772,0.00037690377
PSOQRNN,EURUSD=X,2026-06-09 18:45:00,0.00037565595,0.00037684882
PSOQRNN,EURUSD=X,2026-06-09 19:00:00,0.00037446848,0.00037707473
PSOQRNN,EURUSD=X,2026-06-09 19:15:00,0.0003735325,0.00037757904
PSOQRNN,EURUSD=X,2026-06-09 19:30:00,0.00037632496,0.00037751734
PSOQRNN,EURUSD=X,2026-06-09 19:45:00,0.00037735942,0.00037741466
PSOQRNN,EURUSD=X,2026-06-09 20:00:00,0.0003783248,0.00037747566
PSOQRNN,EURUSD=X,2026-06-09 20:15:00,0.00037838396,0.00037747444
PSOQRNN,EURUSD=X,2026-06-09 20:30:00,0.00037731722,0.00037747444
PSOQRNN,EURUSD=X,2026-06-09 20:45:00,0.00037731722,0.00037747444
PSOQRNN,EURUSD=X,2026-06-09 21:00:00,0.00037838367,0.0003775333
PSOQRNN,EURUSD=X,2026-06-09 21:15:00,0.00037280458,0.00037818775
PSOQRNN,EURUSD=X,2026-06-09 21:30:00,0.00037580694,0.00037765765
PSOQRNN,EURUSD=X,2026-06-09 21:45:00,0.0003785603,0.0003777629
PSOQRNN,EURUSD=X,2026-06-09 22:00:00,0.00037866324,0.0003771199
PSOQRNN,EURUSD=X,2026-06-09 22:15:00,0.0003769697,0.0003763652
PSOQRNN,EURUSD=X,2026-06-09 22:30:00,0.00037512407,0.0003760325
PSOQRNN,EURUSD=X,2026-06-09 22:45:00,0.00037479607,0.00037606328
PSOQRNN,EURUSD=X,2026-06-09 23:00:00,0.00037701134,0.00037416993
PSOQRNN,EURUSD=X,2026-06-09 23:15:00,0.00037179762,0.0003741655
PSOQRNN,EURUSD=X,2026-06-09 23:30:00,0.00037516752,0.000374164
PSOQRNN,EURUSD=X,2026-06-09 23:45:00,0.00037179157,0.00037433312
PSOQRNN,EURUSD=X,2026-06-10 00:00:00,0.00037842995,0.00037431114
PSOQRNN,EURUSD=X,2026-06-10 00:15:00,0.00037530958,0.00037422066
PSOQRNN,EURUSD=X,2026-06-10 00:30:00,0.00036689453,0.00037648252
PSOQRNN,EURUSD=X,2026-06-10 00:45:00,0.00038326118,0.00038009713
PSOQRNN,EURUSD=X,2026-06-10 01:00:00,0.00037771172,0.00038029507
PSOQRNN,EURUSD=X,2026-06-10 01:15:00,0.0003800821,0.00037992647
PSOQRNN,EURUSD=X,2026-06-10 01:30:00,0.00037864628,0.00037992556
PSOQRNN,EURUSD=X,2026-06-10 01:45:00,0.00037864613,0.00037995272
PSOQRNN,EURUSD=X,2026-06-10 02:00:00,0.0003818059,0.00037934302
PSOQRNN,EURUSD=X,2026-06-10 02:15:00,0.0003812189,0.0003789412
PSOQRNN,EURUSD=X,2026-06-10 02:30:00,0.00037875512,0.00037841857
PSOQRNN,EURUSD=X,2026-06-10 02:45:00,0.0003782428,0.00037711463
PSOQRNN,EURUSD=X,2026-06-10 03:00:00,0.00038106556,0.00037839878
PSOQRNN,EURUSD=X,2026-06-10 03:15:00,0.00037713506,0.00037744027
PSOQRNN,EURUSD=X,2026-06-10 03:30:00,0.00037618726,0.00034840702
PSOQRNN,EURUSD=X,2026-06-10 03:45:00,0.0003539088,0.00032985114
PSOQRNN,EURUSD=X,2026-06-10 04:00:00,0.00032727642,0.00032599375
PSOQRNN,EURUSD=X,2026-06-10 04:15:00,0.00032816918,0.00031955534
PSOQRNN,EURUSD=X,2026-06-10 04:30:00,0.00031679493,0.0003195533
PSOQRNN,EURUSD=X,2026-06-10 04:45:00,0.00031850996,0.0003156049
PSOQRNN,EURUSD=X,2026-06-10 05:00:00,0.00031954306,0.00031186914
PSOQRNN,EURUSD=X,2026-06-10 05:15:00,0.00031420254,0.00030984436
PSOQRNN,EURUSD=X,2026-06-10 05:30:00,0.00031716103,0.00030984942
PSOQRNN,EURUSD=X,2026-06-10 05:45:00,0.00030866519,0.00030682873
PSOQRNN,EURUSD=X,2026-06-10 06:00:00,0.00031261015,0.0003004986
PSOQRNN,EURUSD=X,2026-06-10 06:15:00,0.00029716015,0.00030086256
PSOQRNN,EURUSD=X,2026-06-10 06:30:00,0.00030137002,0.0002950992
PSOQRNN,EURUSD=X,2026-06-10 06:45:00,0.00028947773,0.00029510146
PSOQRNN,EURUSD=X,2026-06-10 07:00:00,0.00030111684,0.000295494
PSOQRNN,EURUSD=X,2026-06-10 07:15:00,0.00029395078,0.00029521153
PSOQRNN,EURUSD=X,2026-06-10 07:30:00,0.00029562128,0.00029510728
PSOQRNN,EURUSD=X,2026-06-10 07:45:00,0.00029551465,0.0002929218
PSOQRNN,EURUSD=X,2026-06-10 08:00:00,0.00028925893,0.00029292275
PSOQRNN,EURUSD=X,2026-06-10 08:15:00,0.00029522323,0.00029261387
PSOQRNN,EURUSD=X,2026-06-10 08:30:00,0.00029296763,0.00029175376
PSOQRNN,EURUSD=X,2026-06-10 08:45:00,0.0002920875,0.0002916784
PSOQRNN,EURUSD=X,2026-06-10 09:00:00,0.00029201046,0.0002912835
PSOQRNN,EURUSD=X,2026-06-10 09:15:00,0.0002916057,0.00029120888
PSOQRNN,EURUSD=X,2026-06-10 09:30:00,0.0002972781,0.00029197885
PSOQRNN,EURUSD=X,2026-06-10 09:45:00,0.00029427328,0.0002920518
PSOQRNN,EURUSD=X,2026-06-10 10:00:00,0.00029039022,0.00029176168
PSOQRNN,EURUSD=X,2026-06-10 10:15:00,0.00029405375,0.00029176232
PSOQRNN,EURUSD=X,2026-06-10 10:30:00,0.00028593733,0.0002918712
PSOQRNN,EURUSD=X,2026-06-10 10:45:00,0.000290206,0.00029197705
PSOQRNN,EURUSD=X,2026-06-10 11:00:00,0.00028182444,0.00029198706
PSOQRNN,EURUSD=X,2026-06-10 11:15:00,0.00028828028,0.00029097294
PSOQRNN,EURUSD=X,2026-06-10 11:30:00,0.00028510776,0.00029172117
PSOQRNN,EURUSD=X,2026-06-10 11:45:00,0.00029005337,0.000291737
PSOQRNN,EURUSD=X,2026-06-10 12:00:00,0.00029593153,0.00029208482
PSOQRNN,EURUSD=X,2026-06-10 12:15:00,0.0002999522,0.00029349525
PSOQRNN,EURUSD=X,2026-06-10 12:30:00,0.00030809967,0.0002991196
PSOQRNN,EURUSD=X,2026-06-10 12:45:00,0.00029166605,0.00030060054
PSOQRNN,EURUSD=X,2026-06-10 13:00:00,0.0003047565,0.00030092456
PSOQRNN,EURUSD=X,2026-06-10 13:15:00,0.00030683965,0.00030167046
PSOQRNN,EURUSD=X,2026-06-10 13:30:00,0.00031720696,0.0003085557
PSOQRNN,EURUSD=X,2026-06-10 13:45:00,0.00029967556,0.0003108172
PSOQRNN,EURUSD=X,2026-06-10 14:00:00,0.00031649743,0.00030927785
PSOQRNN,EURUSD=X,2026-06-10 14:15:00,0.00029422442,0.00031486008
PSOQRNN,EURUSD=X,2026-06-10 14:30:00,0.00031717328,0.00031486066
PSOQRNN,EURUSD=X,2026-06-10 14:45:00,0.00030830895,0.00031597592
PSOQRNN,EURUSD=X,2026-06-10 15:00:00,0.00031489087,0.0003160742
PSOQRNN,EURUSD=X,2026-06-10 15:15:00,0.00032159325,0.0003167855
PSOQRNN,EURUSD=X,2026-06-10 15:30:00,0.00031395958,0.0003158668
PSOQRNN,EURUSD=X,2026-06-10 15:45:00,0.00031121692,0.00031592927
PSOQRNN,EURUSD=X,2026-06-10 16:00:00,0.00032742956,0.0003199547
PSOQRNN,EURUSD=X,2026-06-10 16:15:00,0.0003189125,0.0003115025
PSOQRNN,EURUSD=X,2026-06-10 16:30:00,0.00031211466,0.00031021115
PSOQRNN,EURUSD=X,2026-06-10 16:45:00,0.00030720857,0.00031051444
PSOQRNN,EURUSD=X,2026-06-10 17:00:00,0.00030752327,0.00031051558
PSOQRNN,EURUSD=X,2026-06-10 17:15:00,0.00031112216,0.0003092002
PSOQRNN,EURUSD=X,2026-06-10 17:30:00,0.000302356,0.00031053717
PSOQRNN,EURUSD=X,2026-06-10 17:45:00,0.0003209237,0.00031354156
PSOQRNN,EURUSD=X,2026-06-10 18:00:00,0.00031586428,0.0003132492
PSOQRNN,EURUSD=X,2026-06-10 18:15:00,0.00031033263,0.0003136157
PSOQRNN,EURUSD=X,2026-06-10 18:30:00,0.00031249717,0.0003133975
PSOQRNN,EURUSD=X,2026-06-10 18:45:00,0.0003122737,0.00031317316
PSOQRNN,EURUSD=X,2026-06-10 19:00:00,0.00030654116,0.0003145582
PSOQRNN,EURUSD=X,2026-06-10 19:15:00,0.00031518293,0.00031447958
PSOQRNN,EURUSD=X,2026-06-10 19:30:00,0.00031844017,0.00031445397
PSOQRNN,EURUSD=X,2026-06-10 19:45:00,0.00030789024,0.0003158295
PSOQRNN,EURUSD=X,2026-06-10 20:00:00,0.000311183,0.00031651717
PSOQRNN,EURUSD=X,2026-06-10 20:15:00,0.0003204347,0.00031651746
PSOQRNN,EURUSD=X,2026-06-10 20:30:00,0.00031369005,0.00031474218
PSOQRNN,EURUSD=X,2026-06-10 20:45:00,0.00031364113,0.00031063607
PSOQRNN,EURUSD=X,2026-06-10 21:00:00,0.00031791566,0.00031195913
PSOQRNN,EURUSD=X,2026-06-10 21:15:00,0.00030716378,0.0003114313
PSOQRNN,EURUSD=X,2026-06-10 21:30:00,0.00031204312,0.0003106422
PSOQRNN,EURUSD=X,2026-06-10 21:45:00,0.00030765784,0.00031020842
PSOQRNN,EURUSD=X,2026-06-10 22:00:00,0.00030147054,0.00030822874
PSOQRNN,EURUSD=X,2026-06-10 22:15:00,0.0003122912,0.00030856853
PSOQRNN,EURUSD=X,2026-06-10 22:30:00,0.00031429468,0.00030923882
PSOQRNN,EURUSD=X,2026-06-10 22:45:00,0.00030621307,0.00030741756
PSOQRNN,EURUSD=X,2026-06-10 23:00:00,0.0003004873,0.0003087372
PSOQRNN,EURUSD=X,2026-06-10 23:15:00,0.00032072354,0.00031277473
PSOQRNN,EURUSD=X,2026-06-10 23:30:00,0.00031339304,0.00031198194
PSOQRNN,EURUSD=X,2026-06-10 23:45:00,0.00031083816,0.00031171634
PSOQRNN,EURUSD=X,2026-06-11 00:00:00,0.0003189535,0.0003116042
PSOQRNN,EURUSD=X,2026-06-11 00:15:00,0.00031393734,0.00031129507
PSOQRNN,EURUSD=X,2026-06-11 00:30:00,0.0003119062,0.00031099352
PSOQRNN,EURUSD=X,2026-06-11 00:45:00,0.00031333012,0.00030809347
PSOQRNN,EURUSD=X,2026-06-11 01:00:00,0.00032013736,0.00031186696
PSOQRNN,EURUSD=X,2026-06-11 01:15:00,0.00031587743,0.00031217033
PSOQRNN,EURUSD=X,2026-06-11 01:30:00,0.00031102632,0.00030821588
PSOQRNN,EURUSD=X,2026-06-11 01:45:00,0.0003088063,0.00030821588
PSOQRNN,EURUSD=X,2026-06-11 02:00:00,0.0003088063,0.0003074816
PSOQRNN,EURUSD=X,2026-06-11 02:15:00,0.0003005413,0.000304725
PSOQRNN,EURUSD=X,2026-06-11 02:30:00,0.00030528216,0.00030436568
PSOQRNN,EURUSD=X,2026-06-11 02:45:00,0.0003049188,0.00030436568
PSOQRNN,EURUSD=X,2026-06-11 03:00:00,0.00029923383,0.000304392
PSOQRNN,EURUSD=X,2026-06-11 03:15:00,0.0003085096,0.00030473556
PSOQRNN,EURUSD=X,2026-06-11 03:30:00,0.0003052926,0.00030465148
PSOQRNN,EURUSD=X,2026-06-11 03:45:00,0.00030336212,0.00030474106
PSOQRNN,EURUSD=X,2026-06-11 04:00:00,0.00030529848,0.0003043952
PSOQRNN,EURUSD=X,2026-06-11 04:15:00,0.00030675254,0.00030308173
PSOQRNN,EURUSD=X,2026-06-11 04:30:00,0.00030721503,0.00030264116
PSOQRNN,EURUSD=X,2026-06-11 04:45:00,0.00030130232,0.0003023755
PSOQRNN,EURUSD=X,2026-06-11 05:00:00,0.00030473294,0.00030165561
PSOQRNN,EURUSD=X,2026-06-11 05:15:00,0.00030217445,0.00030129123
PSOQRNN,EURUSD=X,2026-06-11 05:30:00,0.00030180495,0.0003011959
PSOQRNN,EURUSD=X,2026-06-11 05:45:00,0.00029981998,0.00029910897
PSOQRNN,EURUSD=X,2026-06-11 06:00:00,0.00029571893,0.0002980505
PSOQRNN,EURUSD=X,2026-06-11 06:15:00,0.00029658808,0.00029590042
PSOQRNN,EURUSD=X,2026-06-11 06:30:00,0.00029437378,0.00029599183
PSOQRNN,EURUSD=X,2026-06-11 06:45:00,0.00029446775,0.0002946416
PSOQRNN,EURUSD=X,2026-06-11 07:00:00,0.00030244509,0.00029572097
PSOQRNN,EURUSD=X,2026-06-11 07:15:00,0.00030349861,0.00029714117
PSOQRNN,EURUSD=X,2026-06-11 07:30:00,0.00029163572,0.0002978649
PSOQRNN,EURUSD=X,2026-06-11 07:45:00,0.00029442323,0.00029813565
PSOQRNN,EURUSD=X,2026-06-11 08:00:00,0.00029268864,0.00029894157
PSOQRNN,EURUSD=X,2026-06-11 08:15:00,0.00029554556,0.00029929663
PSOQRNN,EURUSD=X,2026-06-11 08:30:00,0.00029787244,0.0002993841
PSOQRNN,EURUSD=X,2026-06-11 08:45:00,0.00029400707,0.00030008797
PSOQRNN,EURUSD=X,2026-06-11 09:00:00,0.00030058384,0.00029999623
PSOQRNN,EURUSD=X,2026-06-11 09:15:00,0.00030049085,0.00029999623
PSOQRNN,EURUSD=X,2026-06-11 09:30:00,0.00030049085,0.00029964786
PSOQRNN,EURUSD=X,2026-06-11 09:45:00,0.00030199546,0.0002965306
PSOQRNN,EURUSD=X,2026-06-11 10:00:00,0.00028459527,0.00029937868
PSOQRNN,EURUSD=X,2026-06-11 10:15:00,0.0002998635,0.00029937868
PSOQRNN,EURUSD=X,2026-06-11 10:30:00,0.0002998635,0.00029937868
PSOQRNN,EURUSD=X,2026-06-11 10:45:00,0.00030531108,0.00030009146
PSOQRNN,EURUSD=X,2026-06-11 11:00:00,0.00031105074,0.00030315778
PSOQRNN,EURUSD=X,2026-06-11 11:15:00,0.00030183498,0.0003032483
PSOQRNN,EURUSD=X,2026-06-11 11:30:00,0.00030560358,0.00030333266
PSOQRNN,EURUSD=X,2026-06-11 11:45:00,0.00030387356,0.00030333266
PSOQRNN,EURUSD=X,2026-06-11 12:00:00,0.00029615677,0.00030465057
PSOQRNN,EURUSD=X,2026-06-11 12:15:00,0.00029345075,0.00030766393
PSOQRNN,EURUSD=X,2026-06-11 12:30:00,0.00031001246,0.00030739987
PSOQRNN,EURUSD=X,2026-06-11 12:45:00,0.00032381713,0.0003159183
PSOQRNN,EURUSD=X,2026-06-11 13:00:00,0.00029950432,0.0003219074
PSOQRNN,EURUSD=X,2026-06-11 13:15:00,0.00032570335,0.0003222406
PSOQRNN,EURUSD=X,2026-06-11 13:30:00,0.0003260276,0.00032257073
PSOQRNN,EURUSD=X,2026-06-11 13:45:00,0.00031987886,0.00032289774
PSOQRNN,EURUSD=X,2026-06-11 14:00:00,0.00031307805,0.00032581983
PSOQRNN,EURUSD=X,2026-06-11 14:15:00,0.0003264326,0.0003255035
PSOQRNN,EURUSD=X,2026-06-11 14:30:00,0.0003211819,0.00032621966
PSOQRNN,EURUSD=X,2026-06-11 14:45:00,0.00032523533,0.000325981
PSOQRNN,EURUSD=X,2026-06-11 15:00:00,0.00032659303,0.0003258941
PSOQRNN,EURUSD=X,2026-06-11 15:15:00,0.00033392262,0.00032793713
PSOQRNN,EURUSD=X,2026-06-11 15:30:00,0.0003219805,0.00032912462
PSOQRNN,EURUSD=X,2026-06-11 15:45:00,0.00032490512,0.00032982638
PSOQRNN,EURUSD=X,2026-06-11 16:00:00,0.0003239463,0.00033072842
PSOQRNN,EURUSD=X,2026-06-11 16:15:00,0.00033131093,0.00033038313
PSOQRNN,EURUSD=X,2026-06-11 16:30:00,0.00033096838,0.00033038313
PSOQRNN,EURUSD=X,2026-06-11 16:45:00,0.00033096838,0.00033003508
PSOQRNN,EURUSD=X,2026-06-11 17:00:00,0.00032584244,0.00033061256
PSOQRNN,EURUSD=X,2026-06-11 17:15:00,0.0003446595,0.00033856023
PSOQRNN,EURUSD=X,2026-06-11 17:30:00,0.0003706057,0.00041497417
PSOQRNN,EURUSD=X,2026-06-11 17:45:00,0.00040708348,0.000419051
PSOQRNN,EURUSD=X,2026-06-11 18:00:00,0.0004181893,0.00041899292
PSOQRNN,EURUSD=X,2026-06-11 18:15:00,0.00042096077,0.0004199136
PSOQRNN,EURUSD=X,2026-06-11 18:30:00,0.00041828325,0.00041998428
PSOQRNN,EURUSD=X,2026-06-11 18:45:00,0.0004219143,0.00042096557
PSOQRNN,EURUSD=X,2026-06-11 19:00:00,0.00042585848,0.0004257381
PSOQRNN,EURUSD=X,2026-06-11 19:15:00,0.00042865754,0.00042785995
PSOQRNN,EURUSD=X,2026-06-11 19:30:00,0.00042691137,0.00042734313
PSOQRNN,EURUSD=X,2026-06-11 19:45:00,0.00042496252,0.00042761883
PSOQRNN,EURUSD=X,2026-06-11 20:00:00,0.00042735442,0.00042661867
PSOQRNN,EURUSD=X,2026-06-11 20:15:00,0.0004256804,0.00042639824
PSOQRNN,EURUSD=X,2026-06-11 20:30:00,0.00042401283,0.00042645092
PSOQRNN,EURUSD=X,2026-06-11 20:45:00,0.00042620432,0.00042642662
PSOQRNN,EURUSD=X,2026-06-11 21:00:00,0.00042477722,0.0004255491
PSOQRNN,EURUSD=X,2026-06-11 21:15:00,0.00042390122,0.000425622
PSOQRNN,EURUSD=X,2026-06-11 21:30:00,0.00042734612,0.00042598246
PSOQRNN,EURUSD=X,2026-06-11 21:45:00,0.00042359426,0.00042618412
PSOQRNN,EURUSD=X,2026-06-11 22:00:00,0.00042453516,0.00042598462
PSOQRNN,EURUSD=X,2026-06-11 22:15:00,0.00042359723,0.0004262609
PSOQRNN,EURUSD=X,2026-06-11 22:30:00,0.00042733437,0.00042678497
PSOQRNN,EURUSD=X,2026-06-11 22:45:00,0.00042784432,0.00042722694
PSOQRNN,EURUSD=X,2026-06-11 23:00:00,0.00042628354,0.00042722694
PSOQRNN,EURUSD=X,2026-06-11 23:15:00,0.0004233141,0.00042734435
PSOQRNN,EURUSD=X,2026-06-11 23:30:00,0.0004264,0.00042729368
PSOQRNN,EURUSD=X,2026-06-11 23:45:00,0.00042491365,0.00042703387
PSOQRNN,EURUSD=X,2026-06-12 00:00:00,0.00042465198,0.00042633177
PSOQRNN,EURUSD=X,2026-06-12 00:15:00,0.00042539588,0.00042633177
PSOQRNN,EURUSD=X,2026-06-12 00:30:00,0.00042240336,0.00042679982
PSOQRNN,EURUSD=X,2026-06-12 00:45:00,0.00042654714,0.00042679996
PSOQRNN,EURUSD=X,2026-06-12 01:00:00,0.0004251505,0.00042686457
PSOQRNN,EURUSD=X,2026-06-12 01:15:00,0.0004229485,0.00042730328
PSOQRNN,EURUSD=X,2026-06-12 01:30:00,0.0004270428,0.00042711417
PSOQRNN,EURUSD=X,2026-06-12 01:45:00,0.00042617173,0.00042686745
PSOQRNN,EURUSD=X,2026-06-12 02:00:00,0.0004291476,0.00042817782
PSOQRNN,EURUSD=X,2026-06-12 02:15:00,0.0004258035,0.00042786213
PSOQRNN,EURUSD=X,2026-06-12 02:30:00,0.00042621128,0.00042736586
PSOQRNN,EURUSD=X,2026-06-12 02:45:00,0.00042710488,0.00042686303
PSOQRNN,EURUSD=X,2026-06-12 03:00:00,0.00042592268,0.00042680232
PSOQRNN,EURUSD=X,2026-06-12 03:15:00,0.00042721542,0.00042705447
PSOQRNN,EURUSD=X,2026-06-12 03:30:00,0.0004281044,0.0004273668
PSOQRNN,EURUSD=X,2026-06-12 03:45:00,0.00042571628,0.00042736554
PSOQRNN,EURUSD=X,2026-06-12 04:00:00,0.00042571488,0.00042717264
PSOQRNN,EURUSD=X,2026-06-12 04:15:00,0.00042691478,0.00042624015
PSOQRNN,EURUSD=X,2026-06-12 04:30:00,0.0004266665,0.0004249115
PSOQRNN,EURUSD=X,2026-06-12 04:45:00,0.00042174786,0.00042523694
PSOQRNN,EURUSD=X,2026-06-12 05:00:00,0.00042359045,0.0004252369
PSOQRNN,EURUSD=X,2026-06-12 05:15:00,0.0004220785,0.00042555158
PSOQRNN,EURUSD=X,2026-06-12 05:30:00,0.0004231629,0.00042580196
PSOQRNN,EURUSD=X,2026-06-12 05:45:00,0.00042265272,0.00042629993
PSOQRNN,EURUSD=X,2026-06-12 06:00:00,0.00042918784,0.00042848228
PSOQRNN,EURUSD=X,2026-06-12 06:15:00,0.00042752878,0.00042691358
PSOQRNN,EURUSD=X,2026-06-12 06:30:00,0.00042665913,0.00042595388
PSOQRNN,EURUSD=X,2026-06-12 06:45:00,0.00042766452,0.00042638762
PSOQRNN,EURUSD=X,2026-06-12 07:00:00,0.00041996024,0.00042721382
PSOQRNN,EURUSD=X,2026-06-12 07:15:00,0.00042556372,0.00042721408
PSOQRNN,EURUSD=X,2026-06-12 07:30:00,0.00042556442,0.00042322412
PSOQRNN,EURUSD=X,2026-06-12 07:45:00,0.00042503251,0.0004239604
PSOQRNN,EURUSD=X,2026-06-12 08:00:00,0.0004251009,0.00042396295
PSOQRNN,EURUSD=X,2026-06-12 08:15:00,0.00042636733,0.00042329068
PSOQRNN,EURUSD=X,2026-06-12 08:30:00,0.00042309522,0.00042329103
PSOQRNN,EURUSD=X,2026-06-12 08:45:00,0.00042164855,0.00042276757
PSOQRNN,EURUSD=X,2026-06-12 09:00:00,0.00042186552,0.00042271527
PSOQRNN,EURUSD=X,2026-06-12 09:15:00,0.00042694394,0.00042642117
PSOQRNN,EURUSD=X,2026-06-12 09:30:00,0.000424771,0.00042642173
PSOQRNN,EURUSD=X,2026-06-12 09:45:00,0.00042477157,0.00042642214
PSOQRNN,EURUSD=X,2026-06-12 10:00:00,0.00042403562,0.0004264238
PSOQRNN,EURUSD=X,2026-06-12 10:15:00,0.00041999292,0.00042897734
PSOQRNN,EURUSD=X,2026-06-12 10:30:00,0.00042934404,0.0004291284
PSOQRNN,EURUSD=X,2026-06-12 10:45:00,0.00042675945,0.00042940176
PSOQRNN,EURUSD=X,2026-06-12 11:00:00,0.00042844127,0.0004293514
PSOQRNN,EURUSD=X,2026-06-12 11:15:00,0.00042971023,0.00042952676
PSOQRNN,EURUSD=X,2026-06-12 11:30:00,0.00042988235,0.00042975097
PSOQRNN,EURUSD=X,2026-06-12 11:45:00,0.0004251091,0.00043135975
PSOQRNN,EURUSD=X,2026-06-12 12:00:00,0.00042828327,0.00043189162
PSOQRNN,EURUSD=X,2026-06-12 12:15:00,0.00042731536,0.00043245917
PSOQRNN,EURUSD=X,2026-06-12 12:30:00,0.00043275484,0.0004324255
PSOQRNN,EURUSD=X,2026-06-12 12:45:00,0.00043144473,0.00043237358
PSOQRNN,EURUSD=X,2026-06-12 13:00:00,0.00043204217,0.00043237372
PSOQRNN,EURUSD=X,2026-06-12 13:15:00,0.0004360269,0.00043621392
PSOQRNN,EURUSD=X,2026-06-12 13:30:00,0.00043176507,0.00043772897
PSOQRNN,EURUSD=X,2026-06-12 13:45:00,0.0004367225,0.00043765717
PSOQRNN,EURUSD=X,2026-06-12 14:00:00,0.0004384347,0.0004381208
PSOQRNN,EURUSD=X,2026-06-12 14:15:00,0.00043582608,0.00043812246
PSOQRNN,EURUSD=X,2026-06-12 14:30:00,0.00043831827,0.0004382928
PSOQRNN,EURUSD=X,2026-06-12 14:45:00,0.000438486,0.00043823879
PSOQRNN,EURUSD=X,2026-06-12 15:00:00,0.00043723066,0.00043732507
PSOQRNN,EURUSD=X,2026-06-12 15:15:00,0.00043920774,0.0004387331
PSOQRNN,EURUSD=X,2026-06-12 15:30:00,0.00043507738,0.0004374973
PSOQRNN,EURUSD=X,2026-06-12 15:45:00,0.00043451582,0.0004352053
PSOQRNN,EURUSD=X,2026-06-12 16:00:00,0.00043420945,0.0004349381
PSOQRNN,EURUSD=X,2026-06-12 16:15:00,0.00043328962,0.00043501126
PSOQRNN,EURUSD=X,2026-06-12 16:30:00,0.00043401628,0.0004349384
PSOQRNN,EURUSD=X,2026-06-12 16:45:00,0.00043518897,0.00043508466
PSOQRNN,EURUSD=X,2026-06-12 17:00:00,0.00043276115,0.00043513646
PSOQRNN,EURUSD=X,2026-06-12 17:15:00,0.00043597372,0.0004354325
PSOQRNN,EURUSD=X,2026-06-12 17:30:00,0.0004344355,0.0004354325
PSOQRNN,EURUSD=X,2026-06-12 17:45:00,0.00043378494,0.0004355056
PSOQRNN,EURUSD=X,2026-06-12 18:00:00,0.00043385758,0.0004346422
PSOQRNN,EURUSD=X,2026-06-12 18:15:00,0.0004342843,0.0004346233
PSOQRNN,EURUSD=X,2026-06-12 18:30:00,0.0004348793,0.00043477523
PSOQRNN,EURUSD=X,2026-06-12 18:45:00,0.000433126,0.00043390953
PSOQRNN,EURUSD=X,2026-06-12 19:00:00,0.00043292035,0.00043364483
PSOQRNN,EURUSD=X,2026-06-12 19:15:00,0.00043199433,0.0004336643
PSOQRNN,EURUSD=X,2026-06-12 19:30:00,0.00043132866,0.00043366547
PSOQRNN,EURUSD=X,2026-06-12 19:45:00,0.00043201481,0.00043366576
PSOQRNN,EURUSD=X,2026-06-12 20:00:00,0.00043201548,0.00043350746
PSOQRNN,EURUSD=X,2026-06-12 20:15:00,0.00043252035,0.00043345353
PSOQRNN,EURUSD=X,2026-06-12 20:30:00,0.00043111667,0.00043275257
PSOQRNN,EURUSD=X,2026-06-12 20:45:00,0.00043241683,0.00043274308
PSOQRNN,EURUSD=X,2026-06-12 21:00:00,0.0004324079,0.0004322605
PSOQRNN,EURUSD=X,2026-06-12 21:15:00,0.0004312808,0.00043200442
PSOQRNN,EURUSD=X,2026-06-12 21:30:00,0.00043102622,0.00043200442
PSOQRNN,EURUSD=X,2026-06-12 21:45:00,0.00043102622,0.00043143184
PSOQRNN,EURUSD=X,2026-06-12 22:00:00,0.0004304572,0.00043089504
PSOQRNN,EURUSD=X,2026-06-12 22:15:00,0.000429924,0.00043082767
PSOQRNN,EURUSD=X,2026-06-12 22:30:00,0.00042985706,0.00043082767
PSOQRNN,EURUSD=X,2026-06-12 22:45:00,0.00042985706,0.00043082767
PSOQRNN,EURUSD=X,2026-06-14 23:00:00,0.00044125106,0.00047027975
PSOQRNN,EURUSD=X,2026-06-14 23:15:00,0.00046943882,0.00047024095
PSOQRNN,EURUSD=X,2026-06-14 23:30:00,0.0004702236,0.00047043327
PSOQRNN,EURUSD=X,2026-06-14 23:45:00,0.00046823453,0.0004709998
PSOQRNN,EURUSD=X,2026-06-15 00:00:00,0.00047242915,0.00047293605
PSOQRNN,EURUSD=X,2026-06-15 00:15:00,0.00047081796,0.00047350393
PSOQRNN,EURUSD=X,2026-06-15 00:30:00,0.00047229326,0.00047312444
PSOQRNN,EURUSD=X,2026-06-15 00:45:00,0.00047004985,0.0004745752
PSOQRNN,EURUSD=X,2026-06-15 01:00:00,0.00047338885,0.00047457556
PSOQRNN,EURUSD=X,2026-06-15 01:15:00,0.00047419814,0.0004745758
PSOQRNN,EURUSD=X,2026-06-15 01:30:00,0.00047296027,0.00047428277
PSOQRNN,EURUSD=X,2026-06-15 01:45:00,0.000473902,0.00047425396
PSOQRNN,EURUSD=X,2026-06-15 02:00:00,0.00047262918,0.0004730296
PSOQRNN,EURUSD=X,2026-06-15 02:15:00,0.00047302383,0.00047296225
PSOQRNN,EURUSD=X,2026-06-15 02:30:00,0.00047256696,0.00047243672
PSOQRNN,EURUSD=X,2026-06-15 02:45:00,0.000471628,0.00047236035
PSOQRNN,EURUSD=X,2026-06-15 03:00:00,0.0004715505,0.00047217568
PSOQRNN,EURUSD=X,2026-06-15 03:15:00,0.0004721657,0.00047154108
PSOQRNN,EURUSD=X,2026-06-15 03:30:00,0.00047152836,0.00046825592
PSOQRNN,EURUSD=X,2026-06-15 03:45:00,0.0004673872,0.00046727774
PSOQRNN,EURUSD=X,2026-06-15 04:00:00,0.00046639636,0.0004670854
PSOQRNN,EURUSD=X,2026-06-15 04:15:00,0.00046746564,0.00046708947
PSOQRNN,EURUSD=X,2026-06-15 04:30:00,0.0004670649,0.0004627911
PSOQRNN,EURUSD=X,2026-06-15 04:45:00,0.0004623221,0.00046131224
PSOQRNN,EURUSD=X,2026-06-15 05:00:00,0.00046255215,0.00046221263
PSOQRNN,EURUSD=X,2026-06-15 05:15:00,0.00046079163,0.0004584266
PSOQRNN,EURUSD=X,2026-06-15 05:30:00,0.00045588057,0.00045897768
PSOQRNN,EURUSD=X,2026-06-15 05:45:00,0.0004589644,0.0004581588
PSOQRNN,EURUSD=X,2026-06-15 06:00:00,0.0004544549,0.00045965132
PSOQRNN,EURUSD=X,2026-06-15 06:15:00,0.00045819246,0.0004592661
PSOQRNN,EURUSD=X,2026-06-15 06:30:00,0.00045780186,0.00045907425
PSOQRNN,EURUSD=X,2026-06-15 06:45:00,0.00045760727,0.00045857267
PSOQRNN,EURUSD=X,2026-06-15 07:00:00,0.00045809132,0.0004558929
PSOQRNN,EURUSD=X,2026-06-15 07:15:00,0.00045540938,0.00045585813
PSOQRNN,EURUSD=X,2026-06-15 07:30:00,0.00045487148,0.00045585813
PSOQRNN,EURUSD=X,2026-06-15 07:45:00,0.0004543497,0.00045566537
PSOQRNN,EURUSD=X,2026-06-15 08:00:00,0.00045415427,0.0004554724
PSOQRNN,EURUSD=X,2026-06-15 08:15:00,0.00045547594,0.00045566921
PSOQRNN,EURUSD=X,2026-06-15 08:30:00,0.0004518726,0.00045622853
PSOQRNN,EURUSD=X,2026-06-15 08:45:00,0.00045524395,0.00045423585
PSOQRNN,EURUSD=X,2026-06-15 09:00:00,0.00045518257,0.00045506904
PSOQRNN,EURUSD=X,2026-06-15 09:15:00,0.00045355098,0.00045487587
PSOQRNN,EURUSD=X,2026-06-15 09:30:00,0.00045488324,0.0004549959
PSOQRNN,EURUSD=X,2026-06-15 09:45:00,0.00045293086,0.00045519345
PSOQRNN,EURUSD=X,2026-06-15 10:00:00,0.0004547098,0.0004542136
PSOQRNN,EURUSD=X,2026-06-15 10:15:00,0.00045470204,0.0004546775
PSOQRNN,EURUSD=X,2026-06-15 10:30:00,0.00045468658,0.00045467995
PSOQRNN,EURUSD=X,2026-06-15 10:45:00,0.0004520412,0.0004542538
PSOQRNN,EURUSD=X,2026-06-15 11:00:00,0.00045426554,0.0004538399
PSOQRNN,EURUSD=X,2026-06-15 11:15:00,0.00045058795,0.00045470073
PSOQRNN,EURUSD=X,2026-06-15 11:30:00,0.00045317845,0.00045450305
PSOQRNN,EURUSD=X,2026-06-15 11:45:00,0.00045498816,0.0004548777
PSOQRNN,EURUSD=X,2026-06-15 12:00:00,0.0004528108,0.00045432514
PSOQRNN,EURUSD=X,2026-06-15 12:15:00,0.00045433617,0.00045391588
PSOQRNN,EURUSD=X,2026-06-15 12:30:00,0.00045440858,0.00045437063
PSOQRNN,EURUSD=X,2026-06-15 12:45:00,0.00045388768,0.00045411466
PSOQRNN,EURUSD=X,2026-06-15 13:00:00,0.0004531184,0.00045250682
PSOQRNN,EURUSD=X,2026-06-15 13:15:00,0.00045202693,0.00045236174
PSOQRNN,EURUSD=X,2026-06-15 13:30:00,0.0004513576,0.0004519215
PSOQRNN,EURUSD=X,2026-06-15 13:45:00,0.00045091557,0.00045162893
PSOQRNN,EURUSD=X,2026-06-15 14:00:00,0.00044950587,0.00045086825
PSOQRNN,EURUSD=X,2026-06-15 14:15:00,0.00044930587,0.00044826986
PSOQRNN,EURUSD=X,2026-06-15 14:30:00,0.000444856,0.00044933174
PSOQRNN,EURUSD=X,2026-06-15 14:45:00,0.00044938424,0.00044943485
PSOQRNN,EURUSD=X,2026-06-15 15:00:00,0.0004460543,0.0004496423
PSOQRNN,EURUSD=X,2026-06-15 15:15:00,0.00044806922,0.00044968704
PSOQRNN,EURUSD=X,2026-06-15 15:30:00,0.0004463149,0.00045072334
PSOQRNN,EURUSD=X,2026-06-15 15:45:00,0.00045024676,0.00045072383
PSOQRNN,EURUSD=X,2026-06-15 16:00:00,0.00045125955,0.00044844113
PSOQRNN,EURUSD=X,2026-06-15 16:15:00,0.00044797323,0.00044828115
PSOQRNN,EURUSD=X,2026-06-15 16:30:00,0.00044486902,0.00044922897
PSOQRNN,EURUSD=X,2026-06-15 16:45:00,0.00045027502,0.0004501155
PSOQRNN,EURUSD=X,2026-06-15 17:00:00,0.00044796994,0.00045038867
PSOQRNN,EURUSD=X,2026-06-15 17:15:00,0.00044882213,0.00044944987
PSOQRNN,EURUSD=X,2026-06-15 17:30:00,0.00044843627,0.00044944987
PSOQRNN,EURUSD=X,2026-06-15 17:45:00,0.00044787544,0.00044952758
PSOQRNN,EURUSD=X,2026-06-15 18:00:00,0.00044957746,0.0004491389
PSOQRNN,EURUSD=X,2026-06-15 18:15:00,0.0004463754,0.0004495347
PSOQRNN,EURUSD=X,2026-06-15 18:30:00,0.0004479607,0.00044961198
PSOQRNN,EURUSD=X,2026-06-15 18:45:00,0.0004480388,0.0004496126
PSOQRNN,EURUSD=X,2026-06-15 19:00:00,0.0004474604,0.00044988462
PSOQRNN,EURUSD=X,2026-06-15 19:15:00,0.0004488722,0.00044984167
PSOQRNN,EURUSD=X,2026-06-15 19:30:00,0.00044936786,0.00044968037
PSOQRNN,EURUSD=X,2026-06-15 19:45:00,0.0004450064,0.00045183208
PSOQRNN,EURUSD=X,2026-06-15 20:00:00,0.00045186022,0.00045199678
PSOQRNN,EURUSD=X,2026-06-15 20:15:00,0.00045151613,0.00045204212
PSOQRNN,EURUSD=X,2026-06-15 20:30:00,0.00045049292,0.00045211494
PSOQRNN,EURUSD=X,2026-06-15 20:45:00,0.00045110975,0.00045204238
PSOQRNN,EURUSD=X,2026-06-15 21:00:00,0.00045103685,0.00045177835
PSOQRNN,EURUSD=X,2026-06-15 21:15:00,0.00045077174,0.0004517044
PSOQRNN,EURUSD=X,2026-06-15 21:30:00,0.00045315272,0.00045302394
PSOQRNN,EURUSD=X,2026-06-15 21:45:00,0.0004503489,0.00045353285
PSOQRNN,EURUSD=X,2026-06-15 22:00:00,0.00045087055,0.00045323596
PSOQRNN,EURUSD=X,2026-06-15 22:15:00,0.00045223543,0.00045234893
PSOQRNN,EURUSD=X,2026-06-15 22:30:00,0.0004518679,0.00045182664
PSOQRNN,EURUSD=X,2026-06-15 22:45:00,0.0004508203,0.0004515625
PSOQRNN,EURUSD=X,2026-06-15 23:00:00,0.00045159264,0.00045118952
PSOQRNN,EURUSD=X,2026-06-15 23:15:00,0.0004507116,0.00045095955
PSOQRNN,EURUSD=X,2026-06-15 23:30:00,0.00045048213,0.00045092186
PSOQRNN,EURUSD=X,2026-06-15 23:45:00,0.0004487898,0.00045061018
PSOQRNN,EURUSD=X,2026-06-16 00:00:00,0.00044904635,0.00045068955
PSOQRNN,EURUSD=X,2026-06-16 00:15:00,0.00044912717,0.00045076822
PSOQRNN,EURUSD=X,2026-06-16 00:30:00,0.00045080524,0.00045096624
PSOQRNN,EURUSD=X,2026-06-16 00:45:00,0.00045100218,0.0004511245
PSOQRNN,EURUSD=X,2026-06-16 01:00:00,0.00044956553,0.0004489542
PSOQRNN,EURUSD=X,2026-06-16 01:15:00,0.0004473756,0.00044903668
PSOQRNN,EURUSD=X,2026-06-16 01:30:00,0.00044745873,0.00044911867
PSOQRNN,EURUSD=X,2026-06-16 01:45:00,0.0004475422,0.00044873136
PSOQRNN,EURUSD=X,2026-06-16 02:00:00,0.00044656624,0.00044698684
PSOQRNN,EURUSD=X,2026-06-16 02:15:00,0.00044596885,0.00044691085
PSOQRNN,EURUSD=X,2026-06-16 02:30:00,0.00044698702,0.00044707372
PSOQRNN,EURUSD=X,2026-06-16 02:45:00,0.0004460558,0.00044707372
PSOQRNN,EURUSD=X,2026-06-16 03:00:00,0.0004454803,0.00044612872
PSOQRNN,EURUSD=X,2026-06-16 03:15:00,0.00044452844,0.00044394427
PSOQRNN,EURUSD=X,2026-06-16 03:30:00,0.00044350067,0.00044394482
PSOQRNN,EURUSD=X,2026-06-16 03:45:00,0.00044292578,0.00043813023
PSOQRNN,EURUSD=X,2026-06-16 04:00:00,0.0004337365,0.00043466568
PSOQRNN,EURUSD=X,2026-06-16 04:15:00,0.0004330163,0.00043453753
PSOQRNN,EURUSD=X,2026-06-16 04:30:00,0.0004335451,0.0004343274
PSOQRNN,EURUSD=X,2026-06-16 04:45:00,0.00043333584,0.00043404946
PSOQRNN,EURUSD=X,2026-06-16 05:00:00,0.00043239922,0.00043181385
PSOQRNN,EURUSD=X,2026-06-16 05:15:00,0.00043212294,0.0004320202
PSOQRNN,EURUSD=X,2026-06-16 05:30:00,0.0004296716,0.00043169525
PSOQRNN,EURUSD=X,2026-06-16 05:45:00,0.0004300425,0.00043169607
PSOQRNN,EURUSD=X,2026-06-16 06:00:00,0.00043137453,0.00043173626
PSOQRNN,EURUSD=X,2026-06-16 06:15:00,0.0004314141,0.0004303483
PSOQRNN,EURUSD=X,2026-06-16 06:30:00,0.00043068719,0.00042948272
PSOQRNN,EURUSD=X,2026-06-16 06:45:00,0.0004310744,0.0004297519
PSOQRNN,EURUSD=X,2026-06-16 07:00:00,0.0004294571,0.00042869072
PSOQRNN,EURUSD=X,2026-06-16 07:15:00,0.00042906488,0.0004288812
PSOQRNN,EURUSD=X,2026-06-16 07:30:00,0.00042859928,0.0004289134
PSOQRNN,EURUSD=X,2026-06-16 07:45:00,0.00042928336,0.00042910106
PSOQRNN,EURUSD=X,2026-06-16 08:00:00,0.00043009827,0.0004289124
PSOQRNN,EURUSD=X,2026-06-16 08:15:00,0.00042928336,0.00042323166
PSOQRNN,EURUSD=X,2026-06-16 08:30:00,0.00042232499,0.0003495087
PSOQRNN,EURUSD=X,2026-06-16 08:45:00,0.00035374792,0.0003450622
PSOQRNN,EURUSD=X,2026-06-16 09:00:00,0.00034685942,0.00034511517
PSOQRNN,EURUSD=X,2026-06-16 09:15:00,0.0003396754,0.00034530784
PSOQRNN,EURUSD=X,2026-06-16 09:30:00,0.00034432166,0.00034530842
PSOQRNN,EURUSD=X,2026-06-16 09:45:00,0.0003470991,0.00034420847
PSOQRNN,EURUSD=X,2026-06-16 10:00:00,0.0003499554,0.00033923378
PSOQRNN,EURUSD=X,2026-06-16 10:15:00,0.00034255988,0.00033676554
PSOQRNN,EURUSD=X,2026-06-16 10:30:00,0.00033874955,0.00033683176
PSOQRNN,EURUSD=X,2026-06-16 10:45:00,0.00033881562,0.00033654974
PSOQRNN,EURUSD=X,2026-06-16 11:00:00,0.00033246708,0.00033724614
PSOQRNN,EURUSD=X,2026-06-16 11:15:00,0.00033317952,0.0003379988
PSOQRNN,EURUSD=X,2026-06-16 11:30:00,0.00033234886,0.0003389731
PSOQRNN,EURUSD=X,2026-06-16 11:45:00,0.0003394759,0.00033890395
PSOQRNN,EURUSD=X,2026-06-16 12:00:00,0.0003364251,0.00033915057
PSOQRNN,EURUSD=X,2026-06-16 12:15:00,0.00033818162,0.0003391509
PSOQRNN,EURUSD=X,2026-06-16 12:30:00,0.00034644664,0.00033985678
PSOQRNN,EURUSD=X,2026-06-16 12:45:00,0.0003388862,0.0003396115
PSOQRNN,EURUSD=X,2026-06-16 13:00:00,0.00034010666,0.00033952258
PSOQRNN,EURUSD=X,2026-06-16 13:15:00,0.0003370499,0.0003395239
PSOQRNN,EURUSD=X,2026-06-16 13:30:00,0.00034144757,0.00033891457
PSOQRNN,EURUSD=X,2026-06-16 13:45:00,0.00033166527,0.0003402351
PSOQRNN,EURUSD=X,2026-06-16 14:00:00,0.0003435252,0.00034053993
PSOQRNN,EURUSD=X,2026-06-16 14:15:00,0.00033654552,0.00033998553
PSOQRNN,EURUSD=X,2026-06-16 14:30:00,0.0003459481,0.00034121404
PSOQRNN,EURUSD=X,2026-06-16 14:45:00,0.00035199383,0.00034578028
PSOQRNN,EURUSD=X,2026-06-16 15:00:00,0.00034035865,0.00034674062
PSOQRNN,EURUSD=X,2026-06-16 15:15:00,0.0003471407,0.00034674062
PSOQRNN,EURUSD=X,2026-06-16 15:30:00,0.00035235382,0.00034662004
PSOQRNN,EURUSD=X,2026-06-16 15:45:00,0.0003534618,0.00034839686
PSOQRNN,EURUSD=X,2026-06-16 16:00:00,0.0003514188,0.00034856424
PSOQRNN,EURUSD=X,2026-06-16 16:15:00,0.00034893674,0.00034724292
PSOQRNN,EURUSD=X,2026-06-16 16:30:00,0.00034482084,0.00034754828
PSOQRNN,EURUSD=X,2026-06-16 16:45:00,0.00034793618,0.00034754828
PSOQRNN,EURUSD=X,2026-06-16 17:00:00,0.00034655098,0.00034583165
PSOQRNN,EURUSD=X,2026-06-16 17:15:00,0.00034624487,0.0003454824
PSOQRNN,EURUSD=X,2026-06-16 17:30:00,0.00034590057,0.0003453841
PSOQRNN,EURUSD=X,2026-06-16 17:45:00,0.0003443965,0.0003454264
PSOQRNN,EURUSD=X,2026-06-16 18:00:00,0.0003458455,0.0003454264
PSOQRNN,EURUSD=X,2026-06-16 18:15:00,0.0003458455,0.00034515647
PSOQRNN,EURUSD=X,2026-06-16 18:30:00,0.00034123976,0.00034526445
PSOQRNN,EURUSD=X,2026-06-16 18:45:00,0.00034969146,0.00034582024
PSOQRNN,EURUSD=X,2026-06-16 19:00:00,0.00034623372,0.00034572498
PSOQRNN,EURUSD=X,2026-06-16 19:15:00,0.0003475069,0.00034572548
PSOQRNN,EURUSD=X,2026-06-16 19:30:00,0.00034181762,0.00034619993
PSOQRNN,EURUSD=X,2026-06-16 19:45:00,0.00034660797,0.00034545615
PSOQRNN,EURUSD=X,2026-06-16 20:00:00,0.00034587475,0.00034536156
PSOQRNN,EURUSD=X,2026-06-16 20:15:00,0.00034715125,0.00034466715
PSOQRNN,EURUSD=X,2026-06-16 20:30:00,0.00034223168,0.00034466962
PSOQRNN,EURUSD=X,2026-06-16 20:45:00,0.000347817,0.0003441763
PSOQRNN,EURUSD=X,2026-06-16 21:00:00,0.00034461266,0.00034150938
PSOQRNN,EURUSD=X,2026-06-16 21:15:00,0.00034338952,0.00034156782
PSOQRNN,EURUSD=X,2026-06-16 21:30:00,0.00033911003,0.0003418627
PSOQRNN,EURUSD=X,2026-06-16 21:45:00,0.0003423301,0.00034068144
PSOQRNN,EURUSD=X,2026-06-16 22:00:00,0.00034396045,0.00033696654
PSOQRNN,EURUSD=X,2026-06-16 22:15:00,0.0003374916,0.00033686505
PSOQRNN,EURUSD=X,2026-06-16 22:30:00,0.0003388482,0.00033681924
PSOQRNN,EURUSD=X,2026-06-16 22:45:00,0.0003373461,0.00033564176
PSOQRNN,EURUSD=X,2026-06-16 23:00:00,0.00033765016,0.00033504775
PSOQRNN,EURUSD=X,2026-06-16 23:15:00,0.00033706776,0.00033320734
PSOQRNN,EURUSD=X,2026-06-16 23:30:00,0.00033223588,0.00033324215
PSOQRNN,EURUSD=X,2026-06-16 23:45:00,0.00032908362,0.00033391916
PSOQRNN,EURUSD=X,2026-06-17 00:00:00,0.0003388221,0.00033459396
PSOQRNN,EURUSD=X,2026-06-17 00:15:00,0.0003366233,0.00032963074
PSOQRNN,EURUSD=X,2026-06-17 00:30:00,0.0003302212,0.0003295364
PSOQRNN,EURUSD=X,2026-06-17 00:45:00,0.00033012763,0.00032944133
PSOQRNN,EURUSD=X,2026-06-17 01:00:00,0.00032845922,0.00032918347
PSOQRNN,EURUSD=X,2026-06-17 01:15:00,0.00032819994,0.00032516007
PSOQRNN,EURUSD=X,2026-06-17 01:30:00,0.00032577594,0.00032486793
PSOQRNN,EURUSD=X,2026-06-17 01:45:00,0.00032548505,0.0003245024
PSOQRNN,EURUSD=X,2026-06-17 02:00:00,0.0003251209,0.0003245024
PSOQRNN,EURUSD=X,2026-06-17 02:15:00,0.0003267086,0.0003242746
PSOQRNN,EURUSD=X,2026-06-17 02:30:00,0.00032489415,0.0003239802
PSOQRNN,EURUSD=X,2026-06-17 02:45:00,0.00031957278,0.0003226272
PSOQRNN,EURUSD=X,2026-06-17 03:00:00,0.00032485873,0.0003218862
PSOQRNN,EURUSD=X,2026-06-17 03:15:00,0.0003225133,0.00031969373
PSOQRNN,EURUSD=X,2026-06-17 03:30:00,0.00032032427,0.00031940767
PSOQRNN,EURUSD=X,2026-06-17 03:45:00,0.00032003823,0.00031940767
PSOQRNN,EURUSD=X,2026-06-17 04:00:00,0.00032168158,0.00031940834
PSOQRNN,EURUSD=X,2026-06-17 04:15:00,0.00031835338,0.0003142911
PSOQRNN,EURUSD=X,2026-06-17 04:30:00,0.00031491512,0.00031206317
PSOQRNN,EURUSD=X,2026-06-17 04:45:00,0.00031440402,0.0003121279
PSOQRNN,EURUSD=X,2026-06-17 05:00:00,0.00031097443,0.00031152583
PSOQRNN,EURUSD=X,2026-06-17 05:15:00,0.00031387014,0.000311209
PSOQRNN,EURUSD=X,2026-06-17 05:30:00,0.00031355504,0.00031097294
PSOQRNN,EURUSD=X,2026-06-17 05:45:00,0.00030980026,0.00031077416
PSOQRNN,EURUSD=X,2026-06-17 06:00:00,0.00030959788,0.00031087876
PSOQRNN,EURUSD=X,2026-06-17 06:15:00,0.0003040872,0.00031024482
PSOQRNN,EURUSD=X,2026-06-17 06:30:00,0.00031259554,0.00030888306
PSOQRNN,EURUSD=X,2026-06-17 06:45:00,0.0003112401,0.00030812484
PSOQRNN,EURUSD=X,2026-06-17 07:00:00,0.00031553843,0.0003094395
PSOQRNN,EURUSD=X,2026-06-17 07:15:00,0.00030058308,0.0003115944
PSOQRNN,EURUSD=X,2026-06-17 07:30:00,0.0003104328,0.00031169795
PSOQRNN,EURUSD=X,2026-06-17 07:45:00,0.00031572694,0.0003116998
PSOQRNN,EURUSD=X,2026-06-17 08:00:00,0.0003068615,0.00031214894
PSOQRNN,EURUSD=X,2026-06-17 08:15:00,0.00030918675,0.00031179594
PSOQRNN,EURUSD=X,2026-06-17 08:30:00,0.00031240968,0.00031179594
PSOQRNN,EURUSD=X,2026-06-17 08:45:00,0.00031240968,0.0003116972
PSOQRNN,EURUSD=X,2026-06-17 09:00:00,0.00031231038,0.0003115975
PSOQRNN,EURUSD=X,2026-06-17 09:15:00,0.0003156264,0.0003118414
PSOQRNN,EURUSD=X,2026-06-17 09:30:00,0.00030887057,0.00031189751
PSOQRNN,EURUSD=X,2026-06-17 09:45:00,0.00031592126,0.00031211617
PSOQRNN,EURUSD=X,2026-06-17 10:00:00,0.00031273154,0.00031211617
PSOQRNN,EURUSD=X,2026-06-17 10:15:00,0.00030144787,0.00031517437
PSOQRNN,EURUSD=X,2026-06-17 10:30:00,0.0003207405,0.0003155384
PSOQRNN,EURUSD=X,2026-06-17 10:45:00,0.00031266877,0.00031580732
PSOQRNN,EURUSD=X,2026-06-17 11:00:00,0.00030737376,0.0003178869
PSOQRNN,EURUSD=X,2026-06-17 11:15:00,0.00031681775,0.00031798147
PSOQRNN,EURUSD=X,2026-06-17 11:30:00,0.00031517574,0.00031798214
PSOQRNN,EURUSD=X,2026-06-17 11:45:00,0.00032345526,0.00031863342
PSOQRNN,EURUSD=X,2026-06-17 12:00:00,0.0003209133,0.00031863368
PSOQRNN,EURUSD=X,2026-06-17 12:15:00,0.0003256176,0.0003199258
PSOQRNN,EURUSD=X,2026-06-17 12:30:00,0.00032055593,0.0003199258
PSOQRNN,EURUSD=X,2026-06-17 12:45:00,0.00032685616,0.00032120326
PSOQRNN,EURUSD=X,2026-06-17 13:00:00,0.0003184616,0.000321569
PSOQRNN,EURUSD=X,2026-06-17 13:15:00,0.00032053806,0.00032166715
PSOQRNN,EURUSD=X,2026-06-17 13:30:00,0.00032063713,0.00032176462
PSOQRNN,EURUSD=X,2026-06-17 13:45:00,0.00032239186,0.00032176462
PSOQRNN,EURUSD=X,2026-06-17 14:00:00,0.0003155099,0.00026152752
PSOQRNN,EURUSD=X,2026-06-17 14:15:00,0.00026059075,0.00026152752
PSOQRNN,EURUSD=X,2026-06-17 14:30:00,0.00026059075,0.00026110027
PSOQRNN,EURUSD=X,2026-06-17 14:45:00,0.00025525285,0.00026059352
PSOQRNN,EURUSD=X,2026-06-17 15:00:00,0.00026196474,0.00025691275
PSOQRNN,EURUSD=X,2026-06-17 15:15:00,0.00025808925,0.0002561181
PSOQRNN,EURUSD=X,2026-06-17 15:30:00,0.00025724957,0.00025613452
PSOQRNN,EURUSD=X,2026-06-17 15:45:00,0.00025235637,0.00025363034
PSOQRNN,EURUSD=X,2026-06-17 16:00:00,0.00024705922,0.00025394245
PSOQRNN,EURUSD=X,2026-06-17 16:15:00,0.0002573507,0.00025426332
PSOQRNN,EURUSD=X,2026-06-17 16:30:00,0.00025032373,0.00025395045
PSOQRNN,EURUSD=X,2026-06-17 16:45:00,0.0002549557,0.00025395036
PSOQRNN,EURUSD=X,2026-06-17 17:00:00,0.0002499834,0.00025363616
PSOQRNN,EURUSD=X,2026-06-17 17:15:00,0.00025215984,0.00025320615
PSOQRNN,EURUSD=X,2026-06-17 17:30:00,0.00025657943,0.00025352702
PSOQRNN,EURUSD=X,2026-06-17 17:45:00,0.00025691645,0.00025395452
PSOQRNN,EURUSD=X,2026-06-17 18:00:00,0.00010568963,0.0003816681
PSOQRNN,EURUSD=X,2026-06-17 18:15:00,0.00038443325,0.0003820356
PSOQRNN,EURUSD=X,2026-06-17 18:30:00,0.00039161308,0.00039026202
PSOQRNN,EURUSD=X,2026-06-17 18:45:00,0.00036709846,0.0004114194
PSOQRNN,EURUSD=X,2026-06-17 19:00:00,0.0003901836,0.00043353738
PSOQRNN,EURUSD=X,2026-06-17 19:15:00,0.00042212414,0.00044259295
PSOQRNN,EURUSD=X,2026-06-17 19:30:00,0.00043460605,0.0004477572
PSOQRNN,EURUSD=X,2026-06-17 19:45:00,0.00045061362,0.00045174037
PSOQRNN,EURUSD=X,2026-06-17 20:00:00,0.00044963096,0.00045017974
PSOQRNN,EURUSD=X,2026-06-17 20:15:00,0.00045252105,0.0004533183
PSOQRNN,EURUSD=X,2026-06-17 20:30:00,0.00045332746,0.00045321675
PSOQRNN,EURUSD=X,2026-06-17 20:45:00,0.0004516834,0.0004529188
PSOQRNN,EURUSD=X,2026-06-17 21:00:00,0.0004524327,0.00045172442
PSOQRNN,EURUSD=X,2026-06-17 21:15:00,0.0004512413,0.00045179747
PSOQRNN,EURUSD=X,2026-06-17 21:30:00,0.0004496884,0.00045193522
PSOQRNN,EURUSD=X,2026-06-17 21:45:00,0.00045145114,0.00045200714
PSOQRNN,EURUSD=X,2026-06-17 22:00:00,0.00045152323,0.00045200577
PSOQRNN,EURUSD=X,2026-06-17 22:15:00,0.00045045943,0.0004519316
PSOQRNN,EURUSD=X,2026-06-17 22:30:00,0.000451448,0.00045202664
PSOQRNN,EURUSD=X,2026-06-17 22:45:00,0.00045154273,0.00045209774
PSOQRNN,EURUSD=X,2026-06-17 23:00:00,0.00045211628,0.00045237612
PSOQRNN,EURUSD=X,2026-06-17 23:15:00,0.0004508339,0.000452092
PSOQRNN,EURUSD=X,2026-06-17 23:30:00,0.00045108653,0.00045077785
PSOQRNN,EURUSD=X,2026-06-17 23:45:00,0.0004497678,0.00045077785
PSOQRNN,EURUSD=X,2026-06-18 00:00:00,0.0004517766,0.00045076152
PSOQRNN,EURUSD=X,2026-06-18 00:15:00,0.00044920258,0.00045076085
PSOQRNN,EURUSD=X,2026-06-18 00:30:00,0.00044975078,0.00045045442
PSOQRNN,EURUSD=X,2026-06-18 00:45:00,0.00045146045,0.00045135064
PSOQRNN,EURUSD=X,2026-06-18 01:00:00,0.00045186642,0.00045187928
PSOQRNN,EURUSD=X,2026-06-18 01:15:00,0.00045139628,0.0004513404
PSOQRNN,EURUSD=X,2026-06-18 01:30:00,0.00045033242,0.00045103783
PSOQRNN,EURUSD=X,2026-06-18 01:45:00,0.00044772256,0.0004514078
PSOQRNN,EURUSD=X,2026-06-18 02:00:00,0.00045039982,0.00045110268
PSOQRNN,EURUSD=X,2026-06-18 02:15:00,0.00045009374,0.00045028096
PSOQRNN,EURUSD=X,2026-06-18 02:30:00,0.00045081237,0.0004508732
PSOQRNN,EURUSD=X,2026-06-18 02:45:00,0.00044931532,0.000450271
PSOQRNN,EURUSD=X,2026-06-18 03:00:00,0.0004492595,0.00045009574
PSOQRNN,EURUSD=X,2026-06-18 03:15:00,0.00045063064,0.0004504161
PSOQRNN,EURUSD=X,2026-06-18 03:30:00,0.00044940496,0.00044978448
PSOQRNN,EURUSD=X,2026-06-18 03:45:00,0.0004493079,0.00044978337
PSOQRNN,EURUSD=X,2026-06-18 04:00:00,0.00044764086,0.00044995386
PSOQRNN,EURUSD=X,2026-06-18 04:15:00,0.00044947615,0.00044995252
PSOQRNN,EURUSD=X,2026-06-18 04:30:00,0.00044894012,0.00044995252
PSOQRNN,EURUSD=X,2026-06-18 04:45:00,0.00044894012,0.00044995252
PSOQRNN,EURUSD=X,2026-06-18 05:00:00,0.00044894012,0.00044977874
PSOQRNN,EURUSD=X,2026-06-18 05:15:00,0.00044704165,0.00045018367
PSOQRNN,EURUSD=X,2026-06-18 05:30:00,0.00044861986,0.00044938404
PSOQRNN,EURUSD=X,2026-06-18 05:45:00,0.0004453836,0.0004503824
PSOQRNN,EURUSD=X,2026-06-18 06:00:00,0.00045352845,0.0004545704
PSOQRNN,EURUSD=X,2026-06-18 06:15:00,0.00045504468,0.0004551452
PSOQRNN,EURUSD=X,2026-06-18 06:30:00,0.00045363195,0.00045433745
PSOQRNN,EURUSD=X,2026-06-18 06:45:00,0.00045111837,0.0004550786
PSOQRNN,EURUSD=X,2026-06-18 07:00:00,0.0004506625,0.00045637236
PSOQRNN,EURUSD=X,2026-06-18 07:15:00,0.0004543412,0.0004564485
PSOQRNN,EURUSD=X,2026-06-18 07:30:00,0.00045734295,0.0004566823
PSOQRNN,EURUSD=X,2026-06-18 07:45:00,0.00045465733,0.00045578927
PSOQRNN,EURUSD=X,2026-06-18 08:00:00,0.00045202224,0.00045690394
PSOQRNN,EURUSD=X,2026-06-18 08:15:00,0.00045433562,0.00045729763
PSOQRNN,EURUSD=X,2026-06-18 08:30:00,0.00045298575,0.0004591564
PSOQRNN,EURUSD=X,2026-06-18 08:45:00,0.00045368393,0.0004624891
PSOQRNN,EURUSD=X,2026-06-18 09:00:00,0.00045898923,0.00046338842
PSOQRNN,EURUSD=X,2026-06-18 09:15:00,0.00046246257,0.00046299436
PSOQRNN,EURUSD=X,2026-06-18 09:30:00,0.00046378997,0.0004640436
PSOQRNN,EURUSD=X,2026-06-18 09:45:00,0.000461669,0.00046441678
PSOQRNN,EURUSD=X,2026-06-18 10:00:00,0.00046043957,0.00046605672
PSOQRNN,EURUSD=X,2026-06-18 10:15:00,0.00046559903,0.0004661541
PSOQRNN,EURUSD=X,2026-06-18 10:30:00,0.00046226176,0.00046782094
PSOQRNN,EURUSD=X,2026-06-18 10:45:00,0.00046603906,0.00046615532
PSOQRNN,EURUSD=X,2026-06-18 11:00:00,0.0004652601,0.0004658393
PSOQRNN,EURUSD=X,2026-06-18 11:15:00,0.0004658029,0.00046604912
PSOQRNN,EURUSD=X,2026-06-18 11:30:00,0.00046373517,0.00046641138
PSOQRNN,EURUSD=X,2026-06-18 11:45:00,0.0004650658,0.00046642378
PSOQRNN,EURUSD=X,2026-06-18 12:00:00,0.00046889915,0.00047132056
PSOQRNN,EURUSD=X,2026-06-18 12:15:00,0.00047090434,0.00047141552
PSOQRNN,EURUSD=X,2026-06-18 12:30:00,0.00046829454,0.00047097076
PSOQRNN,EURUSD=X,2026-06-18 12:45:00,0.00047169105,0.00047164375
PSOQRNN,EURUSD=X,2026-06-18 13:00:00,0.00047082288,0.00047125347
PSOQRNN,EURUSD=X,2026-06-18 13:15:00,0.00047083656,0.000471348
PSOQRNN,EURUSD=X,2026-06-18 13:30:00,0.00047206713,0.00047229443
PSOQRNN,EURUSD=X,2026-06-18 13:45:00,0.0004696998,0.00047303032
PSOQRNN,EURUSD=X,2026-06-18 14:00:00,0.00047223107,0.00047272432
PSOQRNN,EURUSD=X,2026-06-18 14:15:00,0.0004730797,0.00047324545
PSOQRNN,EURUSD=X,2026-06-18 14:30:00,0.00047160249,0.00047329118
PSOQRNN,EURUSD=X,2026-06-18 14:45:00,0.0004758247,0.00047902614
PSOQRNN,EURUSD=X,2026-06-18 15:00:00,0.0004762499,0.0004801991
PSOQRNN,EURUSD=X,2026-06-18 15:15:00,0.0004791521,0.00048019848
PSOQRNN,EURUSD=X,2026-06-18 15:30:00,0.00047834843,0.0004802801
PSOQRNN,EURUSD=X,2026-06-18 15:45:00,0.0004784334,0.00048035025
PSOQRNN,EURUSD=X,2026-06-18 16:00:00,0.00047891506,0.00048047246
PSOQRNN,EURUSD=X,2026-06-18 16:15:00,0.00048051594,0.0004807564
PSOQRNN,EURUSD=X,2026-06-18 16:30:00,0.00047892763,0.00048111167
PSOQRNN,EURUSD=X,2026-06-18 16:45:00,0.00048046155,0.00048109685
PSOQRNN,EURUSD=X,2026-06-18 17:00:00,0.00048178932,0.00048197855
PSOQRNN,EURUSD=X,2026-06-18 17:15:00,0.00048170006,0.00048207023
PSOQRNN,EURUSD=X,2026-06-18 17:30:00,0.0004794429,0.00048293773
PSOQRNN,EURUSD=X,2026-06-18 17:45:00,0.00048119112,0.00048330412
PSOQRNN,EURUSD=X,2026-06-18 18:00:00,0.00048304742,0.00048338488
PSOQRNN,EURUSD=X,2026-06-18 18:15:00,0.00048242306,0.00048338415
PSOQRNN,EURUSD=X,2026-06-18 18:30:00,0.00048346023,0.00048358532
PSOQRNN,EURUSD=X,2026-06-18 18:45:00,0.0004818634,0.00048395133
PSOQRNN,EURUSD=X,2026-06-18 19:00:00,0.00048183967,0.00048347705
PSOQRNN,EURUSD=X,2026-06-18 19:15:00,0.000482143,0.0004835977
PSOQRNN,EURUSD=X,2026-06-18 19:30:00,0.00048458172,0.0004851469
PSOQRNN,EURUSD=X,2026-06-18 19:45:00,0.00048423416,0.00048516187
PSOQRNN,EURUSD=X,2026-06-18 20:00:00,0.00048556842,0.00048574593
PSOQRNN,EURUSD=X,2026-06-18 20:15:00,0.0004851991,0.0004854493
PSOQRNN,EURUSD=X,2026-06-18 20:30:00,0.0004841809,0.00048544558
PSOQRNN,EURUSD=X,2026-06-18 20:45:00,0.00048417642,0.00048556816
PSOQRNN,EURUSD=X,2026-06-18 21:00:00,0.00048567206,0.00048576706
PSOQRNN,EURUSD=X,2026-06-18 21:15:00,0.00048522063,0.00048567308
PSOQRNN,EURUSD=X,2026-06-18 21:30:00,0.00048608394,0.0004859755
PSOQRNN,EURUSD=X,2026-06-18 21:45:00,0.00048472482,0.00048507008
PSOQRNN,EURUSD=X,2026-06-18 22:00:00,0.00048484426,0.00048506833
PSOQRNN,EURUSD=X,2026-06-18 22:15:00,0.00048415383,0.0004847757
PSOQRNN,EURUSD=X,2026-06-18 22:30:00,0.0004842061,0.00048467735
PSOQRNN,EURUSD=X,2026-06-18 22:45:00,0.00048476926,0.0004846714
PSOQRNN,EURUSD=X,2026-06-18 23:00:00,0.00048374542,0.00048405104
PSOQRNN,EURUSD=X,2026-06-18 23:15:00,0.00048310778,0.00048374658
PSOQRNN,EURUSD=X,2026-06-18 23:30:00,0.00048279483,0.00048375456
PSOQRNN,EURUSD=X,2026-06-18 23:45:00,0.00048280272,0.00048311873
PSOQRNN,EURUSD=X,2026-06-19 00:00:00,0.0004835092,0.0004836451
PSOQRNN,EURUSD=X,2026-06-19 00:15:00,0.0004826907,0.0004829525
PSOQRNN,EURUSD=X,2026-06-19 00:30:00,0.0004826895,0.00048304274
PSOQRNN,EURUSD=X,2026-06-19 00:45:00,0.00048278144,0.00048304084
PSOQRNN,EURUSD=X,2026-06-19 01:00:00,0.000481692,0.00048208726
PSOQRNN,EURUSD=X,2026-06-19 01:15:00,0.00048145765,0.00048176662
PSOQRNN,EURUSD=X,2026-06-19 01:30:00,0.0004803766,0.00048177963
PSOQRNN,EURUSD=X,2026-06-19 01:45:00,0.0004795743,0.0004823361
PSOQRNN,EURUSD=X,2026-06-19 02:00:00,0.00048171176,0.000481991
PSOQRNN,EURUSD=X,2026-06-19 02:15:00,0.00048237335,0.00048227637
PSOQRNN,EURUSD=X,2026-06-19 02:30:00,0.0004816509,0.00048157715
PSOQRNN,EURUSD=X,2026-06-19 02:45:00,0.00048018177,0.0004817004
PSOQRNN,EURUSD=X,2026-06-19 03:00:00,0.00048030872,0.00048169607
PSOQRNN,EURUSD=X,2026-06-19 03:15:00,0.0004786049,0.00048334975
PSOQRNN,EURUSD=X,2026-06-19 03:30:00,0.0004830933,0.00048181115
PSOQRNN,EURUSD=X,2026-06-19 03:45:00,0.00048042357,0.00048192157
PSOQRNN,EURUSD=X,2026-06-19 04:00:00,0.00048092115,0.00048192384
PSOQRNN,EURUSD=X,2026-06-19 04:15:00,0.00048092313,0.00048180867
PSOQRNN,EURUSD=X,2026-06-19 04:30:00,0.0004800223,0.0004820297
PSOQRNN,EURUSD=X,2026-06-19 04:45:00,0.00047940775,0.00048199444
PSOQRNN,EURUSD=X,2026-06-19 05:00:00,0.0004802162,0.00048198536
PSOQRNN,EURUSD=X,2026-06-19 05:15:00,0.00048060485,0.00048175853
PSOQRNN,EURUSD=X,2026-06-19 05:30:00,0.00048112194,0.0004806413
PSOQRNN,EURUSD=X,2026-06-19 05:45:00,0.00048191892,0.00047889524
PSOQRNN,EURUSD=X,2026-06-19 06:00:00,0.00047925944,0.00047888598
PSOQRNN,EURUSD=X,2026-06-19 06:15:00,0.00047925077,0.00047953834
PSOQRNN,EURUSD=X,2026-06-19 06:30:00,0.00047724054,0.0004790676
PSOQRNN,EURUSD=X,2026-06-19 06:45:00,0.00048064446,0.00048043812
PSOQRNN,EURUSD=X,2026-06-19 07:00:00,0.0004804798,0.00048043
PSOQRNN,EURUSD=X,2026-06-19 07:15:00,0.00048012604,0.00048054018
PSOQRNN,EURUSD=X,2026-06-19 07:30:00,0.00047987807,0.00048042845
PSOQRNN,EURUSD=X,2026-06-19 07:45:00,0.00047976407,0.00048042845
PSOQRNN,EURUSD=X,2026-06-19 08:00:00,0.00048111862,0.00048151077
PSOQRNN,EURUSD=X,2026-06-19 08:15:00,0.00048220198,0.00048258476
PSOQRNN,EURUSD=X,2026-06-19 08:30:00,0.0004838519,0.00048482898
PSOQRNN,EURUSD=X,2026-06-19 08:45:00,0.0004842607,0.00048482194
PSOQRNN,EURUSD=X,2026-06-19 09:00:00,0.00048353156,0.00048494223
PSOQRNN,EURUSD=X,2026-06-19 09:15:00,0.00048402417,0.00048494755
PSOQRNN,EURUSD=X,2026-06-19 09:30:00,0.0004850429,0.00048490553
PSOQRNN,EURUSD=X,2026-06-19 09:45:00,0.0004836184,0.00048438233
PSOQRNN,EURUSD=X,2026-06-19 10:00:00,0.0004834484,0.00048438724
PSOQRNN,EURUSD=X,2026-06-19 10:15:00,0.00048308264,0.00048439746
PSOQRNN,EURUSD=X,2026-06-19 10:30:00,0.00048448596,0.0004843641
PSOQRNN,EURUSD=X,2026-06-19 10:45:00,0.00048506254,0.00048541802
PSOQRNN,EURUSD=X,2026-06-19 11:00:00,0.00048486344,0.00048541802
PSOQRNN,EURUSD=X,2026-06-19 11:15:00,0.00048486344,0.00048531525
PSOQRNN,EURUSD=X,2026-06-19 11:30:00,0.0004847583,0.00048518836
PSOQRNN,EURUSD=X,2026-06-19 11:45:00,0.00048352854,0.00048521528
PSOQRNN,EURUSD=X,2026-06-19 12:00:00,0.0004859165,0.00048626715
PSOQRNN,EURUSD=X,2026-06-19 12:15:00,0.00048538728,0.00048617113
PSOQRNN,EURUSD=X,2026-06-19 12:30:00,0.00048563437,0.00048604538
PSOQRNN,EURUSD=X,2026-06-19 12:45:00,0.00048702772,0.00048761736
PSOQRNN,EURUSD=X,2026-06-19 13:00:00,0.0004848523,0.000488962
PSOQRNN,EURUSD=X,2026-06-19 13:15:00,0.00048849464,0.000488962
PSOQRNN,EURUSD=X,2026-06-19 13:30:00,0.00048781588,0.00048897584
PSOQRNN,EURUSD=X,2026-06-19 13:45:00,0.00048912974,0.0004892867
PSOQRNN,EURUSD=X,2026-06-19 14:00:00,0.00048815232,0.00048929924
PSOQRNN,EURUSD=X,2026-06-19 14:15:00,0.0004891563,0.0004892971
PSOQRNN,EURUSD=X,2026-06-19 14:30:00,0.0004897449,0.0004899177
PSOQRNN,EURUSD=X,2026-06-19 14:45:00,0.00048978825,0.00048966584
PSOQRNN,EURUSD=X,2026-06-19 15:00:00,0.0004898313,0.00048933836
PSOQRNN,EURUSD=X,2026-06-19 15:15:00,0.00048855046,0.0004892429
PSOQRNN,EURUSD=X,2026-06-19 15:30:00,0.00048774644,0.0004895814
PSOQRNN,EURUSD=X,2026-06-19 15:45:00,0.00048880075,0.0004895863
PSOQRNN,EURUSD=X,2026-06-19 16:00:00,0.0004894499,0.0004896825
PSOQRNN,EURUSD=X,2026-06-19 16:15:00,0.00049013476,0.0004902975
PSOQRNN,EURUSD=X,2026-06-19 16:30:00,0.00048919924,0.00049041817
PSOQRNN,EURUSD=X,2026-06-19 16:45:00,0.0004908795,0.0004910381
PSOQRNN,EURUSD=X,2026-06-19 17:00:00,0.0004903035,0.00049104553
PSOQRNN,EURUSD=X,2026-06-19 17:15:00,0.0004909406,0.00049104355
PSOQRNN,EURUSD=X,2026-06-19 17:30:00,0.00049178017,0.0004920782
PSOQRNN,EURUSD=X,2026-06-19 17:45:00,0.00049169373,0.0004917193
PSOQRNN,EURUSD=X,2026-06-19 18:00:00,0.0004913249,0.0004916208
PSOQRNN,EURUSD=X,2026-06-19 18:15:00,0.0004918199,0.0004919206
PSOQRNN,EURUSD=X,2026-06-19 18:30:00,0.0004921253,0.00049221865
PSOQRNN,EURUSD=X,2026-06-19 18:45:00,0.000490846,0.00049257145
PSOQRNN,EURUSD=X,2026-06-19 19:00:00,0.0004925011,0.0004925697
PSOQRNN,EURUSD=X,2026-06-19 19:15:00,0.0004921987,0.0004925585
PSOQRNN,EURUSD=X,2026-06-19 19:30:00,0.0004915442,0.00049268553
PSOQRNN,EURUSD=X,2026-06-19 19:45:00,0.0004929038,0.00049288676
PSOQRNN,EURUSD=X,2026-06-19 20:00:00,0.00049252476,0.0004928756
PSOQRNN,EURUSD=X,2026-06-19 20:15:00,0.0004911749,0.0004934541
PSOQRNN,EURUSD=X,2026-06-19 20:30:00,0.00049340416,0.0004934523
PSOQRNN,EURUSD=X,2026-06-19 20:45:00,0.00049213367,0.00049378665
PSOQRNN,EURUSD=X,2026-06-19 21:00:00,0.0004924829,0.0004941189
PSOQRNN,EURUSD=X,2026-06-19 21:15:00,0.0004937919,0.00049343234
PSOQRNN,EURUSD=X,2026-06-19 21:30:00,0.00049308594,0.0004933325
PSOQRNN,EURUSD=X,2026-06-19 21:45:00,0.0004929832,0.0004932322
PSOQRNN,EURUSD=X,2026-06-19 22:00:00,0.00049287995,0.00049217214
PSOQRNN,EURUSD=X,2026-06-19 22:15:00,0.0004917903,0.0004910396
PSOQRNN,EURUSD=X,2026-06-19 22:30:00,0.00049062684,0.0004910305
PSOQRNN,EURUSD=X,2026-06-19 22:45:00,0.0004906175,0.00049072
PSOQRNN,EURUSD=X,2026-06-21 23:00:00,0.0004899758,0.0004903729
PSOQRNN,EURUSD=X,2026-06-21 23:15:00,0.00048961706,0.00049025315
PSOQRNN,EURUSD=X,2026-06-21 23:30:00,0.0004887993,0.0004905983
PSOQRNN,EURUSD=X,2026-06-21 23:45:00,0.00049077877,0.000490902
PSOQRNN,EURUSD=X,2026-06-22 00:00:00,0.0004907937,0.00049099996
PSOQRNN,EURUSD=X,2026-06-22 00:15:00,0.00049058616,0.0004906906
PSOQRNN,EURUSD=X,2026-06-22 00:30:00,0.000489255,0.0004909076
PSOQRNN,EURUSD=X,2026-06-22 00:45:00,0.0004918967,0.0004921537
PSOQRNN,EURUSD=X,2026-06-22 01:00:00,0.0004931486,0.000493699
PSOQRNN,EURUSD=X,2026-06-22 01:15:00,0.00049239135,0.0004923453
PSOQRNN,EURUSD=X,2026-06-22 01:30:00,0.00049165305,0.0004917399
PSOQRNN,EURUSD=X,2026-06-22 01:45:00,0.00049069576,0.0004917359
PSOQRNN,EURUSD=X,2026-06-22 02:00:00,0.0004910235,0.0004905942
PSOQRNN,EURUSD=X,2026-06-22 02:15:00,0.0004901695,0.00049058086
PSOQRNN,EURUSD=X,2026-06-22 02:30:00,0.00049076125,0.000490736
PSOQRNN,EURUSD=X,2026-06-22 02:45:00,0.0004903151,0.00049012527
PSOQRNN,EURUSD=X,2026-06-22 03:00:00,0.0004890213,0.0004901614
PSOQRNN,EURUSD=X,2026-06-22 03:15:00,0.0004897254,0.0004891146
PSOQRNN,EURUSD=X,2026-06-22 03:30:00,0.0004872368,0.0004897945
PSOQRNN,EURUSD=X,2026-06-22 03:45:00,0.0004890209,0.0004887388
PSOQRNN,EURUSD=X,2026-06-22 04:00:00,0.00048793294,0.0004886207
PSOQRNN,EURUSD=X,2026-06-22 04:15:00,0.0004881445,0.000488613
PSOQRNN,EURUSD=X,2026-06-22 04:30:00,0.00048780307,0.00048861216
PSOQRNN,EURUSD=X,2026-06-22 04:45:00,0.00048845494,0.0004887117
PSOQRNN,EURUSD=X,2026-06-22 05:00:00,0.00048855646,0.00048811303
PSOQRNN,EURUSD=X,2026-06-22 05:15:00,0.00048825383,0.00048841425
PSOQRNN,EURUSD=X,2026-06-22 05:30:00,0.0004885593,0.0004887132
PSOQRNN,EURUSD=X,2026-06-22 05:45:00,0.0004864231,0.00048970524
PSOQRNN,EURUSD=X,2026-06-22 06:00:00,0.0004892571,0.00048960664
PSOQRNN,EURUSD=X,2026-06-22 06:15:00,0.00048977043,0.0004898083
PSOQRNN,EURUSD=X,2026-06-22 06:30:00,0.00048833643,0.0004900576
PSOQRNN,EURUSD=X,2026-06-22 06:45:00,0.00049078517,0.0004910752
PSOQRNN,EURUSD=X,2026-06-22 07:00:00,0.0004906635,0.00049094233
PSOQRNN,EURUSD=X,2026-06-22 07:15:00,0.0004887695,0.00049175223
PSOQRNN,EURUSD=X,2026-06-22 07:30:00,0.0004892308,0.0004933808
PSOQRNN,EURUSD=X,2026-06-22 07:45:00,0.0004933283,0.0004933787
PSOQRNN,EURUSD=X,2026-06-22 08:00:00,0.0004927214,0.0004933779
PSOQRNN,EURUSD=X,2026-06-22 08:15:00,0.0004936075,0.0004936818
PSOQRNN,EURUSD=X,2026-06-22 08:30:00,0.0004930344,0.00049337733
PSOQRNN,EURUSD=X,2026-06-22 08:45:00,0.00049387617,0.0004936822
PSOQRNN,EURUSD=X,2026-06-22 09:00:00,0.0004949128,0.00040710237
PSOQRNN,EURUSD=X,2026-06-22 09:15:00,0.00040555693,0.00040644043
PSOQRNN,EURUSD=X,2026-06-22 09:30:00,0.00040490087,0.00039803883
PSOQRNN,EURUSD=X,2026-06-22 09:45:00,0.00039924434,0.0003767954
PSOQRNN,EURUSD=X,2026-06-22 10:00:00,0.0003797567,0.00035177942
PSOQRNN,EURUSD=X,2026-06-22 10:15:00,0.00034941678,0.0003393847
PSOQRNN,EURUSD=X,2026-06-22 10:30:00,0.00033843235,0.0003317453
PSOQRNN,EURUSD=X,2026-06-22 10:45:00,0.00032922463,0.0003268012
PSOQRNN,EURUSD=X,2026-06-22 11:00:00,0.0003242078,0.00032679882
PSOQRNN,EURUSD=X,2026-06-22 11:15:00,0.0003274067,0.00032268127
PSOQRNN,EURUSD=X,2026-06-22 11:30:00,0.00032330622,0.00032230615
PSOQRNN,EURUSD=X,2026-06-22 11:45:00,0.00031616478,0.00032344382
PSOQRNN,EURUSD=X,2026-06-22 12:00:00,0.00033562866,0.00032865722
PSOQRNN,EURUSD=X,2026-06-22 12:15:00,0.00033077793,0.0003286566
PSOQRNN,EURUSD=X,2026-06-22 12:30:00,0.00033225975,0.0003287354
PSOQRNN,EURUSD=X,2026-06-22 12:45:00,0.00032112273,0.0003305157
PSOQRNN,EURUSD=X,2026-06-22 13:00:00,0.00031382166,0.00033797737
PSOQRNN,EURUSD=X,2026-06-22 13:15:00,0.00033080106,0.00033970433
PSOQRNN,EURUSD=X,2026-06-22 13:30:00,0.000338755,0.00033963955
PSOQRNN,EURUSD=X,2026-06-22 13:45:00,0.00033413572,0.0003406177
PSOQRNN,EURUSD=X,2026-06-22 14:00:00,0.00034773338,0.00034231762
PSOQRNN,EURUSD=X,2026-06-22 14:15:00,0.00034415812,0.0003423824
PSOQRNN,EURUSD=X,2026-06-22 14:30:00,0.00034284306,0.0003423824
PSOQRNN,EURUSD=X,2026-06-22 14:45:00,0.00035060718,0.0003452946
PSOQRNN,EURUSD=X,2026-06-22 15:00:00,0.00034706655,0.00034405626
PSOQRNN,EURUSD=X,2026-06-22 15:15:00,0.00033867368,0.0003450985
PSOQRNN,EURUSD=X,2026-06-22 15:30:00,0.00034270808,0.00034533572
PSOQRNN,EURUSD=X,2026-06-22 15:45:00,0.0003384554,0.00034567618
PSOQRNN,EURUSD=X,2026-06-22 16:00:00,0.0003418365,0.00034542382
PSOQRNN,EURUSD=X,2026-06-22 16:15:00,0.00034446025,0.0003453367
PSOQRNN,EURUSD=X,2026-06-22 16:30:00,0.0003457568,0.0003453367
PSOQRNN,EURUSD=X,2026-06-22 16:45:00,0.00035094825,0.00034564512
PSOQRNN,EURUSD=X,2026-06-22 17:00:00,0.00034467853,0.0003456817
PSOQRNN,EURUSD=X,2026-06-22 17:15:00,0.00034609708,0.0003456817
PSOQRNN,EURUSD=X,2026-06-22 17:30:00,0.00034471622,0.0003449061
PSOQRNN,EURUSD=X,2026-06-22 17:45:00,0.00034533258,0.000344871
PSOQRNN,EURUSD=X,2026-06-22 18:00:00,0.00034665107,0.00034498706
PSOQRNN,EURUSD=X,2026-06-22 18:15:00,0.0003425987,0.0003443883
PSOQRNN,EURUSD=X,2026-06-22 18:30:00,0.00034199812,0.00034460227
PSOQRNN,EURUSD=X,2026-06-22 18:45:00,0.00034221282,0.00034469055
PSOQRNN,EURUSD=X,2026-06-22 19:00:00,0.00034647452,0.000344596
PSOQRNN,EURUSD=X,2026-06-22 19:15:00,0.00034220752,0.00034468423
PSOQRNN,EURUSD=X,2026-06-22 19:30:00,0.0003437229,0.000344713
PSOQRNN,EURUSD=X,2026-06-22 19:45:00,0.0003491022,0.00034552888
PSOQRNN,EURUSD=X,2026-06-22 20:00:00,0.0003498842,0.00034633788
PSOQRNN,EURUSD=X,2026-06-22 20:15:00,0.00034674382,0.00034577775
PSOQRNN,EURUSD=X,2026-06-22 20:30:00,0.00034619163,0.0003457428
PSOQRNN,EURUSD=X,2026-06-22 20:45:00,0.0003447778,0.00034406217
PSOQRNN,EURUSD=X,2026-06-22 21:00:00,0.00035216092,0.00034042704
PSOQRNN,EURUSD=X,2026-06-22 21:15:00,0.00033494676,0.00034064904
PSOQRNN,EURUSD=X,2026-06-22 21:30:00,0.00034252676,0.0003407371
PSOQRNN,EURUSD=X,2026-06-22 21:45:00,0.0003383184,0.00033988646
PSOQRNN,EURUSD=X,2026-06-22 22:00:00,0.00034037835,0.0003373235
PSOQRNN,EURUSD=X,2026-06-22 22:15:00,0.0003363802,0.00033712675
PSOQRNN,EURUSD=X,2026-06-22 22:30:00,0.0003376503,0.00033570902
PSOQRNN,EURUSD=X,2026-06-22 22:45:00,0.0003376914,0.00033559374
PSOQRNN,EURUSD=X,2026-06-22 23:00:00,0.0003361333,0.00033381273
PSOQRNN,EURUSD=X,2026-06-22 23:15:00,0.00033286802,0.0003332517
PSOQRNN,EURUSD=X,2026-06-22 23:30:00,0.00033381346,0.00033059632
PSOQRNN,EURUSD=X,2026-06-22 23:45:00,0.00033117982,0.0003256994
PSOQRNN,EURUSD=X,2026-06-23 00:00:00,0.00032142512,0.00032445288
PSOQRNN,EURUSD=X,2026-06-23 00:15:00,0.00032663357,0.00032455887
PSOQRNN,EURUSD=X,2026-06-23 00:30:00,0.0003282621,0.00032353096
PSOQRNN,EURUSD=X,2026-06-23 00:45:00,0.000324153,0.00032287784
PSOQRNN,EURUSD=X,2026-06-23 01:00:00,0.00032022165,0.0003203586
PSOQRNN,EURUSD=X,2026-06-23 01:15:00,0.00032098836,0.00032025372
PSOQRNN,EURUSD=X,2026-06-23 01:30:00,0.00032249177,0.0003175233
PSOQRNN,EURUSD=X,2026-06-23 01:45:00,0.0003197917,0.00031732945
PSOQRNN,EURUSD=X,2026-06-23 02:00:00,0.00032576497,0.00031944911
PSOQRNN,EURUSD=X,2026-06-23 02:15:00,0.00031672156,0.0003193877
PSOQRNN,EURUSD=X,2026-06-23 02:30:00,0.0003183604,0.0003187622
PSOQRNN,EURUSD=X,2026-06-23 02:45:00,0.0003160215,0.00031899122
PSOQRNN,EURUSD=X,2026-06-23 03:00:00,0.00031795917,0.00031216556
PSOQRNN,EURUSD=X,2026-06-23 03:15:00,0.0003127811,0.00031205858
PSOQRNN,EURUSD=X,2026-06-23 03:30:00,0.00031437227,0.00031016406
PSOQRNN,EURUSD=X,2026-06-23 03:45:00,0.00031416587,0.00030910646
PSOQRNN,EURUSD=X,2026-06-23 04:00:00,0.00030792775,0.0003091696
PSOQRNN,EURUSD=X,2026-06-23 04:15:00,0.00030799513,0.00030912453
PSOQRNN,EURUSD=X,2026-06-23 04:30:00,0.00030794746,0.00030772507
PSOQRNN,EURUSD=X,2026-06-23 04:45:00,0.00030088457,0.00030771358
PSOQRNN,EURUSD=X,2026-06-23 05:00:00,0.00031004671,0.00030782403
PSOQRNN,EURUSD=X,2026-06-23 05:15:00,0.0003118595,0.00030736811
PSOQRNN,EURUSD=X,2026-06-23 05:30:00,0.00030615783,0.00030713726
PSOQRNN,EURUSD=X,2026-06-23 05:45:00,0.0003077183,0.00029817337
PSOQRNN,EURUSD=X,2026-06-23 06:00:00,0.0003023096,0.00029653084
PSOQRNN,EURUSD=X,2026-06-23 06:15:00,0.00029884398,0.00029658613
PSOQRNN,EURUSD=X,2026-06-23 06:30:00,0.00029111595,0.00029657964
PSOQRNN,EURUSD=X,2026-06-23 06:45:00,0.00029889168,0.00029597414
PSOQRNN,EURUSD=X,2026-06-23 07:00:00,0.00030705225,0.00029894293
PSOQRNN,EURUSD=X,2026-06-23 07:15:00,0.00030655964,0.00030002004
PSOQRNN,EURUSD=X,2026-06-23 07:30:00,0.00026172676,0.0003231455
PSOQRNN,EURUSD=X,2026-06-23 07:45:00,0.0003205001,0.00032341536
PSOQRNN,EURUSD=X,2026-06-23 08:00:00,0.00032560938,0.00032211439
PSOQRNN,EURUSD=X,2026-06-23 08:15:00,0.0003141959,0.00032386198
PSOQRNN,EURUSD=X,2026-06-23 08:30:00,0.00032287734,0.00032203496
PSOQRNN,EURUSD=X,2026-06-23 08:45:00,0.00032579363,0.00032176476
PSOQRNN,EURUSD=X,2026-06-23 09:00:00,0.00032398017,0.00032176374
PSOQRNN,EURUSD=X,2026-06-23 09:15:00,0.00032239108,0.0003217085
PSOQRNN,EURUSD=X,2026-06-23 09:30:00,0.00032070687,0.00032138266
PSOQRNN,EURUSD=X,2026-06-23 09:45:00,0.00032515734,0.00032110224
PSOQRNN,EURUSD=X,2026-06-23 10:00:00,0.00031669825,0.00032054892
PSOQRNN,EURUSD=X,2026-06-23 10:15:00,0.0003195362,0.0003203272
PSOQRNN,EURUSD=X,2026-06-23 10:30:00,0.00031931218,0.00031820903
PSOQRNN,EURUSD=X,2026-06-23 10:45:00,0.00031371092,0.00031880365
PSOQRNN,EURUSD=X,2026-06-23 11:00:00,0.00032105454,0.00031808656
PSOQRNN,EURUSD=X,2026-06-23 11:15:00,0.00031179166,0.00031926265
PSOQRNN,EURUSD=X,2026-06-23 11:30:00,0.00031480318,0.00031963235
PSOQRNN,EURUSD=X,2026-06-23 11:45:00,0.00030972928,0.00032207248
PSOQRNN,EURUSD=X,2026-06-23 12:00:00,0.0003258246,0.0003220675
PSOQRNN,EURUSD=X,2026-06-23 12:15:00,0.00031940872,0.0003223166
PSOQRNN,EURUSD=X,2026-06-23 12:30:00,0.00032606296,0.0003218688
PSOQRNN,EURUSD=X,2026-06-23 12:45:00,0.0003240814,0.00032173283
PSOQRNN,EURUSD=X,2026-06-23 13:00:00,0.00031906628,0.00032186412
PSOQRNN,EURUSD=X,2026-06-23 13:15:00,0.00032713055,0.00032264835
PSOQRNN,EURUSD=X,2026-06-23 13:30:00,0.00033216976,0.00032571467
PSOQRNN,EURUSD=X,2026-06-23 13:45:00,0.00031437058,0.0003289727
PSOQRNN,EURUSD=X,2026-06-23 14:00:00,0.0003264314,0.00032917157
PSOQRNN,EURUSD=X,2026-06-23 14:15:00,0.00032334376,0.00033023502
PSOQRNN,EURUSD=X,2026-06-23 14:30:00,0.0003292887,0.0003302341
PSOQRNN,EURUSD=X,2026-06-23 14:45:00,0.0003337741,0.00033057868
PSOQRNN,EURUSD=X,2026-06-23 15:00:00,0.00033116218,0.0003297532
PSOQRNN,EURUSD=X,2026-06-23 15:15:00,0.0003303428,0.00032971194
PSOQRNN,EURUSD=X,2026-06-23 15:30:00,0.0003255656,0.00033018188
PSOQRNN,EURUSD=X,2026-06-23 15:45:00,0.0003351458,0.00033088343
PSOQRNN,EURUSD=X,2026-06-23 16:00:00,0.00033146486,0.00033064332
PSOQRNN,EURUSD=X,2026-06-23 16:15:00,0.00032812866,0.00033087953
PSOQRNN,EURUSD=X,2026-06-23 16:30:00,0.0003358165,0.00033144976
PSOQRNN,EURUSD=X,2026-06-23 16:45:00,0.00032734696,0.0003309236
PSOQRNN,EURUSD=X,2026-06-23 17:00:00,0.00033150468,0.0003309236
PSOQRNN,EURUSD=X,2026-06-23 17:15:00,0.00032997783,0.00033014503
PSOQRNN,EURUSD=X,2026-06-23 17:30:00,0.00033368648,0.00033053078
PSOQRNN,EURUSD=X,2026-06-23 17:45:00,0.00032958543,0.00033032865
PSOQRNN,EURUSD=X,2026-06-23 18:00:00,0.00033091407,0.00033008214
PSOQRNN,EURUSD=X,2026-06-23 18:15:00,0.0003291337,0.00032746393
PSOQRNN,EURUSD=X,2026-06-23 18:30:00,0.00032490236,0.000327602
PSOQRNN,EURUSD=X,2026-06-23 18:45:00,0.00033121346,0.00032772656
PSOQRNN,EURUSD=X,2026-06-23 19:00:00,0.000332782,0.00032847305
PSOQRNN,EURUSD=X,2026-06-23 19:15:00,0.00032751734,0.0003284724
PSOQRNN,EURUSD=X,2026-06-23 19:30:00,0.0003290707,0.0003278394
PSOQRNN,EURUSD=X,2026-06-23 19:45:00,0.0003268836,0.00032602655
PSOQRNN,EURUSD=X,2026-06-23 20:00:00,0.00032663846,0.00032537666
PSOQRNN,EURUSD=X,2026-06-23 20:15:00,0.0003259916,0.00032509986
PSOQRNN,EURUSD=X,2026-06-23 20:30:00,0.00032571616,0.00032509986
PSOQRNN,EURUSD=X,2026-06-23 20:45:00,0.00032726405,0.0003221735
PSOQRNN,EURUSD=X,2026-06-23 21:00:00,0.00032592297,0.00032174142
PSOQRNN,EURUSD=X,2026-06-23 21:15:00,0.00032395485,0.0003210401
PSOQRNN,EURUSD=X,2026-06-23 21:30:00,0.00032166875,0.00031983858
PSOQRNN,EURUSD=X,2026-06-23 21:45:00,0.00032046894,0.00031563628
PSOQRNN,EURUSD=X,2026-06-23 22:00:00,0.00031105644,0.00031588998
PSOQRNN,EURUSD=X,2026-06-23 22:15:00,0.00031482955,0.00031582365
PSOQRNN,EURUSD=X,2026-06-23 22:30:00,0.00031809986,0.0003159381
PSOQRNN,EURUSD=X,2026-06-23 22:45:00,0.00031656638,0.0003159381
PSOQRNN,EURUSD=X,2026-06-23 23:00:00,0.00031656638,0.00031447568
PSOQRNN,EURUSD=X,2026-06-23 23:15:00,0.0003151003,0.0003129952
PSOQRNN,EURUSD=X,2026-06-23 23:30:00,0.00031361458,0.00030972538
PSOQRNN,EURUSD=X,2026-06-23 23:45:00,0.00030856865,0.00030976572
PSOQRNN,EURUSD=X,2026-06-24 00:00:00,0.0003086077,0.0003095539
PSOQRNN,EURUSD=X,2026-06-24 00:15:00,0.00030473957,0.000310133
PSOQRNN,EURUSD=X,2026-06-24 00:30:00,0.00031244944,0.00030983367
PSOQRNN,EURUSD=X,2026-06-24 00:45:00,0.0003104359,0.0003095839
PSOQRNN,EURUSD=X,2026-06-24 01:00:00,0.00030842365,0.000309583
PSOQRNN,EURUSD=X,2026-06-24 01:15:00,0.00030661808,0.00030957852
PSOQRNN,EURUSD=X,2026-06-24 01:30:00,0.0003152113,0.0003100316
PSOQRNN,EURUSD=X,2026-06-24 01:45:00,0.00031063528,0.0003085004
PSOQRNN,EURUSD=X,2026-06-24 02:00:00,0.000309093,0.0003085004
PSOQRNN,EURUSD=X,2026-06-24 02:15:00,0.00030731995,0.0003085383
PSOQRNN,EURUSD=X,2026-06-24 02:30:00,0.00030735822,0.00030857555
PSOQRNN,EURUSD=X,2026-06-24 02:45:00,0.00030181804,0.00030910183
PSOQRNN,EURUSD=X,2026-06-24 03:00:00,0.00030427374,0.00030814734
PSOQRNN,EURUSD=X,2026-06-24 03:15:00,0.00030696133,0.00030814644
PSOQRNN,EURUSD=X,2026-06-24 03:30:00,0.00031542254,0.00030968167
PSOQRNN,EURUSD=X,2026-06-24 03:45:00,0.00030852528,0.00030733304
PSOQRNN,EURUSD=X,2026-06-24 04:00:00,0.00030242783,0.00030516827
PSOQRNN,EURUSD=X,2026-06-24 04:15:00,0.00030922197,0.00030560762
PSOQRNN,EURUSD=X,2026-06-24 04:30:00,0.00030436923,0.00030540003
PSOQRNN,EURUSD=X,2026-06-24 04:45:00,0.00030415683,0.00030498806
PSOQRNN,EURUSD=X,2026-06-24 05:00:00,0.0003107302,0.00030565553
PSOQRNN,EURUSD=X,2026-06-24 05:15:00,0.0003044165,0.00030555573
PSOQRNN,EURUSD=X,2026-06-24 05:30:00,0.00030431608,0.00030466175
PSOQRNN,EURUSD=X,2026-06-24 05:45:00,0.00030872252,0.00030496548
PSOQRNN,EURUSD=X,2026-06-24 06:00:00,0.00031552726,0.00030784917
PSOQRNN,EURUSD=X,2026-06-24 06:15:00,0.00029293084,0.00031272933
PSOQRNN,EURUSD=X,2026-06-24 06:30:00,0.00031667145,0.00031256065
PSOQRNN,EURUSD=X,2026-06-24 06:45:00,0.00030217288,0.0003151781
PSOQRNN,EURUSD=X,2026-06-24 07:00:00,0.00030877188,0.00031612974
PSOQRNN,EURUSD=X,2026-06-24 07:15:00,0.00031840082,0.0003153513
PSOQRNN,EURUSD=X,2026-06-24 07:30:00,0.0003208136,0.00031602752
PSOQRNN,EURUSD=X,2026-06-24 07:45:00,0.00030780566,0.00031686592
PSOQRNN,EURUSD=X,2026-06-24 08:00:00,0.00029666192,0.00032585015
PSOQRNN,EURUSD=X,2026-06-24 08:15:00,0.0003414031,0.00033573085
PSOQRNN,EURUSD=X,2026-06-24 08:30:00,0.000334797,0.00033426937
PSOQRNN,EURUSD=X,2026-06-24 08:45:00,0.00033627145,0.00033440406
PSOQRNN,EURUSD=X,2026-06-24 09:00:00,0.00033346942,0.00033442283
PSOQRNN,EURUSD=X,2026-06-24 09:15:00,0.00033040062,0.00033449984
PSOQRNN,EURUSD=X,2026-06-24 09:30:00,0.00033356482,0.00033407417
PSOQRNN,EURUSD=X,2026-06-24 09:45:00,0.0003360808,0.0003336932
PSOQRNN,EURUSD=X,2026-06-24 10:00:00,0.0003280479,0.0003345313
PSOQRNN,EURUSD=X,2026-06-24 10:15:00,0.0003320746,0.0003347094
PSOQRNN,EURUSD=X,2026-06-24 10:30:00,0.00033948524,0.00033540287
PSOQRNN,EURUSD=X,2026-06-24 10:45:00,0.00033295617,0.00033514245
PSOQRNN,EURUSD=X,2026-06-24 11:00:00,0.00033420845,0.0003351545
PSOQRNN,EURUSD=X,2026-06-24 11:15:00,0.00033991277,0.0003350313
PSOQRNN,EURUSD=X,2026-06-24 11:30:00,0.00033557616,0.00033489137
PSOQRNN,EURUSD=X,2026-06-24 11:45:00,0.00032928828,0.00033535168
PSOQRNN,EURUSD=X,2026-06-24 12:00:00,0.00033733,0.00033496766
PSOQRNN,EURUSD=X,2026-06-24 12:15:00,0.00033551332,0.00033496766
PSOQRNN,EURUSD=X,2026-06-24 12:30:00,0.00032434473,0.00033827045
PSOQRNN,EURUSD=X,2026-06-24 12:45:00,0.00033585777,0.00033844585
PSOQRNN,EURUSD=X,2026-06-24 13:00:00,0.00033603405,0.00033861888
PSOQRNN,EURUSD=X,2026-06-24 13:15:00,0.0003505479,0.00034523307
PSOQRNN,EURUSD=X,2026-06-24 13:30:00,0.0003482989,0.00034564553
PSOQRNN,EURUSD=X,2026-06-24 13:45:00,0.00035120503,0.0003470548
PSOQRNN,EURUSD=X,2026-06-24 14:00:00,0.00034877248,0.00034716248
PSOQRNN,EURUSD=X,2026-06-24 14:15:00,0.0003475562,0.00034714094
PSOQRNN,EURUSD=X,2026-06-24 14:30:00,0.00034189288,0.00034759264
PSOQRNN,EURUSD=X,2026-06-24 14:45:00,0.00034798004,0.00034718192
PSOQRNN,EURUSD=X,2026-06-24 15:00:00,0.0003572401,0.00035216648
PSOQRNN,EURUSD=X,2026-06-24 15:15:00,0.00035620792,0.0003529693
PSOQRNN,EURUSD=X,2026-06-24 15:30:00,0.0003492651,0.0003529582
PSOQRNN,EURUSD=X,2026-06-24 15:45:00,0.0003519591,0.00035086946
PSOQRNN,EURUSD=X,2026-06-24 16:00:00,0.00035374702,0.00034912897
PSOQRNN,EURUSD=X,2026-06-24 16:15:00,0.00035682836,0.00035155777
PSOQRNN,EURUSD=X,2026-06-24 16:30:00,0.00035188324,0.00035153184
PSOQRNN,EURUSD=X,2026-06-24 16:45:00,0.0003505422,0.00035135547
PSOQRNN,EURUSD=X,2026-06-24 17:00:00,0.00034762776,0.0003518439
PSOQRNN,EURUSD=X,2026-06-24 17:15:00,0.0003467066,0.00035281287
PSOQRNN,EURUSD=X,2026-06-24 17:30:00,0.00035562232,0.00035280615
PSOQRNN,EURUSD=X,2026-06-24 17:45:00,0.0003504718,0.00035299498
PSOQRNN,EURUSD=X,2026-06-24 18:00:00,0.00035579802,0.0003531923
PSOQRNN,EURUSD=X,2026-06-24 18:15:00,0.00035835875,0.00035454636
PSOQRNN,EURUSD=X,2026-06-24 18:30:00,0.00035221514,0.00035374783
PSOQRNN,EURUSD=X,2026-06-24 18:45:00,0.0003527436,0.00035374687
PSOQRNN,EURUSD=X,2026-06-24 19:00:00,0.00035403637,0.00035371893
PSOQRNN,EURUSD=X,2026-06-24 19:15:00,0.00035400878,0.00035371893
PSOQRNN,EURUSD=X,2026-06-24 19:30:00,0.00035649774,0.00035406908
PSOQRNN,EURUSD=X,2026-06-24 19:45:00,0.00035173655,0.00035415238
PSOQRNN,EURUSD=X,2026-06-24 20:00:00,0.0003544349,0.0003540327
PSOQRNN,EURUSD=X,2026-06-24 20:15:00,0.00035680048,0.00035402642
PSOQRNN,EURUSD=X,2026-06-24 20:30:00,0.0003567939,0.00035402042
PSOQRNN,EURUSD=X,2026-06-24 20:45:00,0.0003530132,0.0003524212
PSOQRNN,EURUSD=X,2026-06-24 21:00:00,0.00035273263,0.0003524212
PSOQRNN,EURUSD=X,2026-06-24 21:15:00,0.00035273263,0.00035203493
PSOQRNN,EURUSD=X,2026-06-24 21:30:00,0.0003536298,0.00035161513
PSOQRNN,EURUSD=X,2026-06-24 21:45:00,0.00035193973,0.0003502457
PSOQRNN,EURUSD=X,2026-06-24 22:00:00,0.00034926386,0.0003502737
PSOQRNN,EURUSD=X,2026-06-24 22:15:00,0.00034929276,0.0003486553
PSOQRNN,EURUSD=X,2026-06-24 22:30:00,0.00034902646,0.00034620013
PSOQRNN,EURUSD=X,2026-06-24 22:45:00,0.00034523977,0.000346117
PSOQRNN,EURUSD=X,2026-06-24 23:00:00,0.00034652613,0.00034608316
PSOQRNN,EURUSD=X,2026-06-24 23:15:00,0.00034649266,0.00034569763
PSOQRNN,EURUSD=X,2026-06-24 23:30:00,0.00034611262,0.00034566424
PSOQRNN,EURUSD=X,2026-06-24 23:45:00,0.00034470734,0.00034488543
PSOQRNN,EURUSD=X,2026-06-25 00:00:00,0.0003425166,0.00034207155
PSOQRNN,EURUSD=X,2026-06-25 00:15:00,0.00034112754,0.00034207065
PSOQRNN,EURUSD=X,2026-06-25 00:30:00,0.00034112768,0.00034206972
PSOQRNN,EURUSD=X,2026-06-25 00:45:00,0.00034654705,0.000342487
PSOQRNN,EURUSD=X,2026-06-25 01:00:00,0.0003506505,0.00034463438
PSOQRNN,EURUSD=X,2026-06-25 01:15:00,0.0003477269,0.0003448112
PSOQRNN,EURUSD=X,2026-06-25 01:30:00,0.00034243893,0.0003449897
PSOQRNN,EURUSD=X,2026-06-25 01:45:00,0.00034261923,0.0003449854
PSOQRNN,EURUSD=X,2026-06-25 02:00:00,0.00034806557,0.00034515484
PSOQRNN,EURUSD=X,2026-06-25 02:15:00,0.0003495056,0.00034594882
PSOQRNN,EURUSD=X,2026-06-25 02:30:00,0.0003449893,0.00034598255
PSOQRNN,EURUSD=X,2026-06-25 02:45:00,0.00034639356,0.0003449322
PSOQRNN,EURUSD=X,2026-06-25 03:00:00,0.0003492938,0.00034052657
PSOQRNN,EURUSD=X,2026-06-25 03:15:00,0.00033958425,0.00034043918
PSOQRNN,EURUSD=X,2026-06-25 03:30:00,0.0003436699,0.00034043376
PSOQRNN,EURUSD=X,2026-06-25 03:45:00,0.00034230988,0.00033883474
PSOQRNN,EURUSD=X,2026-06-25 04:00:00,0.00034074573,0.0003315188
PSOQRNN,EURUSD=X,2026-06-25 04:15:00,0.00033209514,0.0003297101
PSOQRNN,EURUSD=X,2026-06-25 04:30:00,0.0003255691,0.00033027033
PSOQRNN,EURUSD=X,2026-06-25 04:45:00,0.00033234913,0.00032923918
PSOQRNN,EURUSD=X,2026-06-25 05:00:00,0.000326708,0.00032734836
PSOQRNN,EURUSD=X,2026-06-25 05:15:00,0.00032639084,0.00032727828
PSOQRNN,EURUSD=X,2026-06-25 05:30:00,0.00032632024,0.00032732147
PSOQRNN,EURUSD=X,2026-06-25 05:45:00,0.0003263649,0.00032425008
PSOQRNN,EURUSD=X,2026-06-25 06:00:00,0.00032642498,0.0003242486
PSOQRNN,EURUSD=X,2026-06-25 06:15:00,0.0003248682,0.00032311663
PSOQRNN,EURUSD=X,2026-06-25 06:30:00,0.00031529332,0.00032466397
PSOQRNN,EURUSD=X,2026-06-25 06:45:00,0.0003220615,0.00032308663
PSOQRNN,EURUSD=X,2026-06-25 07:00:00,0.00032045762,0.00032271715
PSOQRNN,EURUSD=X,2026-06-25 07:15:00,0.00032644483,0.00032306436
PSOQRNN,EURUSD=X,2026-06-25 07:30:00,0.00032368797,0.00032306436
PSOQRNN,EURUSD=X,2026-06-25 07:45:00,0.00032973156,0.0003230475
PSOQRNN,EURUSD=X,2026-06-25 08:00:00,0.00032677077,0.00032338937
PSOQRNN,EURUSD=X,2026-06-25 08:15:00,0.00033004605,0.00032478888
PSOQRNN,EURUSD=X,2026-06-25 08:30:00,0.0003299456,0.00032554037
PSOQRNN,EURUSD=X,2026-06-25 08:45:00,0.00032128784,0.00032616392
PSOQRNN,EURUSD=X,2026-06-25 09:00:00,0.00032519866,0.00032610132
PSOQRNN,EURUSD=X,2026-06-25 09:15:00,0.00033121146,0.00032664204
PSOQRNN,EURUSD=X,2026-06-25 09:30:00,0.00032072858,0.0003275268
PSOQRNN,EURUSD=X,2026-06-25 09:45:00,0.00032657,0.00032731702
PSOQRNN,EURUSD=X,2026-06-25 10:00:00,0.00031971015,0.00032901388
PSOQRNN,EURUSD=X,2026-06-25 10:15:00,0.00032648203,0.00032901077
PSOQRNN,EURUSD=X,2026-06-25 10:30:00,0.00032319658,0.00033007967
PSOQRNN,EURUSD=X,2026-06-25 10:45:00,0.00032595685,0.00032985423
PSOQRNN,EURUSD=X,2026-06-25 11:00:00,0.0003304432,0.00032902643
PSOQRNN,EURUSD=X,2026-06-25 11:15:00,0.00032151712,0.00033076393
PSOQRNN,EURUSD=X,2026-06-25 11:30:00,0.00033134624,0.00033076393
PSOQRNN,EURUSD=X,2026-06-25 11:45:00,0.00032982352,0.00033076314
PSOQRNN,EURUSD=X,2026-06-25 12:00:00,0.00033568905,0.0003284877
PSOQRNN,EURUSD=X,2026-06-25 12:15:00,0.00032908577,0.0003273927
PSOQRNN,EURUSD=X,2026-06-25 12:30:00,0.00034922984,0.00034977813
PSOQRNN,EURUSD=X,2026-06-25 12:45:00,0.0003384478,0.0003539707
PSOQRNN,EURUSD=X,2026-06-25 13:00:00,0.00035425636,0.0003539707
PSOQRNN,EURUSD=X,2026-06-25 13:15:00,0.00036545057,0.0003614113
PSOQRNN,EURUSD=X,2026-06-25 13:30:00,0.0003590867,0.00036164164
PSOQRNN,EURUSD=X,2026-06-25 13:45:00,0.00036057146,0.00036158395
PSOQRNN,EURUSD=X,2026-06-25 14:00:00,0.00037136153,0.00036753612
PSOQRNN,EURUSD=X,2026-06-25 14:15:00,0.0003652072,0.0003677223
PSOQRNN,EURUSD=X,2026-06-25 14:30:00,0.00037313366,0.00036958285
PSOQRNN,EURUSD=X,2026-06-25 14:45:00,0.00036725117,0.00036981844
PSOQRNN,EURUSD=X,2026-06-25 15:00:00,0.0003698121,0.00036924914
PSOQRNN,EURUSD=X,2026-06-25 15:15:00,0.00037919334,0.00037625816
PSOQRNN,EURUSD=X,2026-06-25 15:30:00,0.00037035852,0.00037757534
PSOQRNN,EURUSD=X,2026-06-25 15:45:00,0.00038048188,0.00037824517
PSOQRNN,EURUSD=X,2026-06-25 16:00:00,0.00037475998,0.00037856688
PSOQRNN,EURUSD=X,2026-06-25 16:15:00,0.0003823875,0.00037972402
PSOQRNN,EURUSD=X,2026-06-25 16:30:00,0.00037269676,0.00038197447
PSOQRNN,EURUSD=X,2026-06-25 16:45:00,0.00037851548,0.000382432
PSOQRNN,EURUSD=X,2026-06-25 17:00:00,0.00038217707,0.0003806119
PSOQRNN,EURUSD=X,2026-06-25 17:15:00,0.00037933968,0.00038043008
PSOQRNN,EURUSD=X,2026-06-25 17:30:00,0.0003802145,0.00038038535
PSOQRNN,EURUSD=X,2026-06-25 17:45:00,0.00038119667,0.00038024702
PSOQRNN,EURUSD=X,2026-06-25 18:00:00,0.00038303254,0.00038087086
PSOQRNN,EURUSD=X,2026-06-25 18:15:00,0.00038064664,0.00038087086
PSOQRNN,EURUSD=X,2026-06-25 18:30:00,0.00037740503,0.0003813297
PSOQRNN,EURUSD=X,2026-06-25 18:45:00,0.00038109644,0.00038101219
PSOQRNN,EURUSD=X,2026-06-25 19:00:00,0.00037865646,0.00038119176
PSOQRNN,EURUSD=X,2026-06-25 19:15:00,0.00038487205,0.00038231342
PSOQRNN,EURUSD=X,2026-06-25 19:30:00,0.0003788573,0.00038281034
PSOQRNN,EURUSD=X,2026-06-25 19:45:00,0.00038254785,0.00038180352
PSOQRNN,EURUSD=X,2026-06-25 20:00:00,0.000380518,0.00038176298
PSOQRNN,EURUSD=X,2026-06-25 20:15:00,0.0003825358,0.0003815372
PSOQRNN,EURUSD=X,2026-06-25 20:30:00,0.00038025455,0.00038153675
PSOQRNN,EURUSD=X,2026-06-25 20:45:00,0.0003791813,0.00038176368
PSOQRNN,EURUSD=X,2026-06-25 21:00:00,0.00038352163,0.00038176076
PSOQRNN,EURUSD=X,2026-06-25 21:15:00,0.00037940455,0.00038189368
PSOQRNN,EURUSD=X,2026-06-25 21:30:00,0.0003846051,0.00038202028
PSOQRNN,EURUSD=X,2026-06-25 21:45:00,0.00038073232,0.00038197765
PSOQRNN,EURUSD=X,2026-06-25 22:00:00,0.00038069082,0.00037942018
PSOQRNN,EURUSD=X,2026-06-25 22:15:00,0.00037816213,0.0003782534
PSOQRNN,EURUSD=X,2026-06-25 22:30:00,0.00037808082,0.0003582074
PSOQRNN,EURUSD=X,2026-06-25 22:45:00,0.00035841935,0.0003579567
PSOQRNN,EURUSD=X,2026-06-25 23:00:00,0.00035562922,0.00035811245
PSOQRNN,EURUSD=X,2026-06-25 23:15:00,0.0003557847,0.00035664436
PSOQRNN,EURUSD=X,2026-06-25 23:30:00,0.00035561636,0.00035664393
PSOQRNN,EURUSD=X,2026-06-25 23:45:00,0.00035561694,0.0003563654
PSOQRNN,EURUSD=X,2026-06-26 00:00:00,0.00035784597,0.0003563647
PSOQRNN,EURUSD=X,2026-06-26 00:15:00,0.0003578463,0.0003564574
PSOQRNN,EURUSD=X,2026-06-26 00:30:00,0.00035670042,0.00035640463
PSOQRNN,EURUSD=X,2026-06-26 00:45:00,0.0003578849,0.00035616566
PSOQRNN,EURUSD=X,2026-06-26 01:00:00,0.00035765333,0.00035565853
PSOQRNN,EURUSD=X,2026-06-26 01:15:00,0.00035463774,0.00035565815
PSOQRNN,EURUSD=X,2026-06-26 01:30:00,0.0003491856,0.00035731494
PSOQRNN,EURUSD=X,2026-06-26 01:45:00,0.0003575427,0.00035671942
PSOQRNN,EURUSD=X,2026-06-26 02:00:00,0.00035695778,0.000356628
PSOQRNN,EURUSD=X,2026-06-26 02:15:00,0.00035296573,0.00035613356
PSOQRNN,EURUSD=X,2026-06-26 02:30:00,0.00036000088,0.0003562291
PSOQRNN,EURUSD=X,2026-06-26 02:45:00,0.00035647603,0.00035368555
PSOQRNN,EURUSD=X,2026-06-26 03:00:00,0.00035766276,0.00035405895
PSOQRNN,EURUSD=X,2026-06-26 03:15:00,0.0003556015,0.0003538703
PSOQRNN,EURUSD=X,2026-06-26 03:30:00,0.00035664605,0.00035386946
PSOQRNN,EURUSD=X,2026-06-26 03:45:00,0.00035784062,0.0003544681
PSOQRNN,EURUSD=X,2026-06-26 04:00:00,0.00035600038,0.00035427083
PSOQRNN,EURUSD=X,2026-06-26 04:15:00,0.00035580914,0.00035367248
PSOQRNN,EURUSD=X,2026-06-26 04:30:00,0.00035396314,0.00035097392
PSOQRNN,EURUSD=X,2026-06-26 04:45:00,0.00035385296,0.00034771438
PSOQRNN,EURUSD=X,2026-06-26 05:00:00,0.0003480999,0.0003474276
PSOQRNN,EURUSD=X,2026-06-26 05:15:00,0.0003504297,0.00034655147
PSOQRNN,EURUSD=X,2026-06-26 05:30:00,0.0003482864,0.00034655293
PSOQRNN,EURUSD=X,2026-06-26 05:45:00,0.0003469556,0.00034625366
PSOQRNN,EURUSD=X,2026-06-26 06:00:00,0.00034096447,0.0003474347
PSOQRNN,EURUSD=X,2026-06-26 06:15:00,0.00035169176,0.00034811025
PSOQRNN,EURUSD=X,2026-06-26 06:30:00,0.000347138,0.00034751892
PSOQRNN,EURUSD=X,2026-06-26 06:45:00,0.00034655086,0.00034691696
PSOQRNN,EURUSD=X,2026-06-26 07:00:00,0.00034864194,0.000346994
PSOQRNN,EURUSD=X,2026-06-26 07:15:00,0.00034463112,0.00034699374
PSOQRNN,EURUSD=X,2026-06-26 07:30:00,0.0003581669,0.00035230702
PSOQRNN,EURUSD=X,2026-06-26 07:45:00,0.0003538974,0.00035171138
PSOQRNN,EURUSD=X,2026-06-26 08:00:00,0.0003592496,0.0003543163
PSOQRNN,EURUSD=X,2026-06-26 08:15:00,0.000357083,0.0003545125
PSOQRNN,EURUSD=X,2026-06-26 08:30:00,0.0003596273,0.00035537098
PSOQRNN,EURUSD=X,2026-06-26 08:45:00,0.00035434804,0.00035537154
PSOQRNN,EURUSD=X,2026-06-26 09:00:00,0.00035167974,0.00035605358
PSOQRNN,EURUSD=X,2026-06-26 09:15:00,0.00036108578,0.00035709617
PSOQRNN,EURUSD=X,2026-06-26 09:30:00,0.00035976392,0.00035704934
PSOQRNN,EURUSD=X,2026-06-26 09:45:00,0.00035851708,0.0003568457
PSOQRNN,EURUSD=X,2026-06-26 10:00:00,0.0003545072,0.00035654128
PSOQRNN,EURUSD=X,2026-06-26 10:15:00,0.00035551054,0.0003565414
PSOQRNN,EURUSD=X,2026-06-26 10:30:00,0.0003567828,0.0003565414
PSOQRNN,EURUSD=X,2026-06-26 10:45:00,0.00035802173,0.0003565212
PSOQRNN,EURUSD=X,2026-06-26 11:00:00,0.00035284137,0.00035720502
PSOQRNN,EURUSD=X,2026-06-26 11:15:00,0.00036103788,0.00035782732
PSOQRNN,EURUSD=X,2026-06-26 11:30:00,0.00035279948,0.00035902284
PSOQRNN,EURUSD=X,2026-06-26 11:45:00,0.00035797083,0.0003590391
PSOQRNN,EURUSD=X,2026-06-26 12:00:00,0.00036278798,0.00035939255
PSOQRNN,EURUSD=X,2026-06-26 12:15:00,0.00036197735,0.00035960082
PSOQRNN,EURUSD=X,2026-06-26 12:30:00,0.00036332675,0.000360221
PSOQRNN,EURUSD=X,2026-06-26 12:45:00,0.00037701253,0.00038022207
PSOQRNN,EURUSD=X,2026-06-26 13:00:00,0.00036932985,0.0003852294
PSOQRNN,EURUSD=X,2026-06-26 13:15:00,0.00038780726,0.00038570372
PSOQRNN,EURUSD=X,2026-06-26 13:30:00,0.00038538486,0.00038565413
PSOQRNN,EURUSD=X,2026-06-26 13:45:00,0.0003863225,0.00038570425
PSOQRNN,EURUSD=X,2026-06-26 14:00:00,0.00038332833,0.00038600783
PSOQRNN,EURUSD=X,2026-06-26 14:15:00,0.0003836306,0.00038630917
PSOQRNN,EURUSD=X,2026-06-26 14:30:00,0.00038393267,0.00038660775
PSOQRNN,EURUSD=X,2026-06-26 14:45:00,0.00036636367,0.0004035272
PSOQRNN,EURUSD=X,2026-06-26 15:00:00,0.0004068633,0.0004050189
PSOQRNN,EURUSD=X,2026-06-26 15:15:00,0.00040677868,0.00040495806
PSOQRNN,EURUSD=X,2026-06-26 15:30:00,0.00040429257,0.0004049062
PSOQRNN,EURUSD=X,2026-06-26 15:45:00,0.00040249826,0.0004051843
PSOQRNN,EURUSD=X,2026-06-26 16:00:00,0.00040277612,0.00040538696
PSOQRNN,EURUSD=X,2026-06-26 16:15:00,0.0003981766,0.00040829688
PSOQRNN,EURUSD=X,2026-06-26 16:30:00,0.00040674728,0.0004078173
PSOQRNN,EURUSD=X,2026-06-26 16:45:00,0.00040710706,0.0004078173
PSOQRNN,EURUSD=X,2026-06-26 17:00:00,0.00040870547,0.0004080589
PSOQRNN,EURUSD=X,2026-06-26 17:15:00,0.00040476778,0.0004085778
PSOQRNN,EURUSD=X,2026-06-26 17:30:00,0.00040785613,0.00040850896
PSOQRNN,EURUSD=X,2026-06-26 17:45:00,0.00040610274,0.0004077387
PSOQRNN,EURUSD=X,2026-06-26 18:00:00,0.00040939334,0.00040768998
PSOQRNN,EURUSD=X,2026-06-26 18:15:00,0.0004061451,0.0004076903
PSOQRNN,EURUSD=X,2026-06-26 18:30:00,0.0004077943,0.0004067702
PSOQRNN,EURUSD=X,2026-06-26 18:45:00,0.00040436353,0.00040696957
PSOQRNN,EURUSD=X,2026-06-26 19:00:00,0.00040543088,0.00040644608
PSOQRNN,EURUSD=X,2026-06-26 19:15:00,0.00040314425,0.00040680324
PSOQRNN,EURUSD=X,2026-06-26 19:30:00,0.00040610868,0.00040673328
PSOQRNN,EURUSD=X,2026-06-26 19:45:00,0.00040917197,0.00040764338
PSOQRNN,EURUSD=X,2026-06-26 20:00:00,0.00040774856,0.00040715598
PSOQRNN,EURUSD=X,2026-06-26 20:15:00,0.00040727208,0.00040713823
PSOQRNN,EURUSD=X,2026-06-26 20:30:00,0.0004038401,0.00040766437
PSOQRNN,EURUSD=X,2026-06-26 20:45:00,0.0004077684,0.00040748317
PSOQRNN,EURUSD=X,2026-06-26 21:00:00,0.00040594043,0.00040530905
PSOQRNN,EURUSD=X,2026-06-26 21:15:00,0.00040463803,0.00040116376
PSOQRNN,EURUSD=X,2026-06-26 21:30:00,0.0004005609,0.00040092302
PSOQRNN,EURUSD=X,2026-06-26 21:45:00,0.00040032435,0.00039854858
PSOQRNN,EURUSD=X,2026-06-26 22:00:00,0.00039799087,0.00039746787
PSOQRNN,EURUSD=X,2026-06-26 22:15:00,0.00039692924,0.00039741572
PSOQRNN,EURUSD=X,2026-06-26 22:30:00,0.00039687796,0.00039686772
PSOQRNN,EURUSD=X,2026-06-26 22:45:00,0.00039633978,0.000395184
PSOQRNN,EURUSD=X,2026-06-28 23:00:00,0.00039468624,0.00038705772
PSOQRNN,EURUSD=X,2026-06-28 23:15:00,0.00038571304,0.00037923045
PSOQRNN,EURUSD=X,2026-06-28 23:30:00,0.00037797284,0.00037923097
PSOQRNN,EURUSD=X,2026-06-28 23:45:00,0.0003810838,0.00037942204
PSOQRNN,EURUSD=X,2026-06-29 00:00:00,0.0003792264,0.00037934023
PSOQRNN,EURUSD=X,2026-06-29 00:15:00,0.00037808146,0.00037876845
PSOQRNN,EURUSD=X,2026-06-29 00:30:00,0.00038063782,0.00037892422
PSOQRNN,EURUSD=X,2026-06-29 00:45:00,0.00037977836,0.00037892465
PSOQRNN,EURUSD=X,2026-06-29 01:00:00,0.00037766964,0.00037785404
PSOQRNN,EURUSD=X,2026-06-29 01:15:00,0.00037873827,0.0003775918
PSOQRNN,EURUSD=X,2026-06-29 01:30:00,0.00037848335,0.00037708838
PSOQRNN,EURUSD=X,2026-06-29 01:45:00,0.0003724171,0.00037795058
PSOQRNN,EURUSD=X,2026-06-29 02:00:00,0.00037984995,0.00037809863
PSOQRNN,EURUSD=X,2026-06-29 02:15:00,0.00038194607,0.00037856135
PSOQRNN,EURUSD=X,2026-06-29 02:30:00,0.00037507646,0.00037923473
PSOQRNN,EURUSD=X,2026-06-29 02:45:00,0.0003790427,0.00037807174
PSOQRNN,EURUSD=X,2026-06-29 03:00:00,0.00037894986,0.0003780724
PSOQRNN,EURUSD=X,2026-06-29 03:15:00,0.00037682708,0.00037816158
PSOQRNN,EURUSD=X,2026-06-29 03:30:00,0.00037799086,0.00037466863
PSOQRNN,EURUSD=X,2026-06-29 03:45:00,0.00037115806,0.00037504095
PSOQRNN,EURUSD=X,2026-06-29 04:00:00,0.00037382988,0.00037481298
PSOQRNN,EURUSD=X,2026-06-29 04:15:00,0.00037470856,0.000369446
PSOQRNN,EURUSD=X,2026-06-29 04:30:00,0.00036944688,0.00036920726
PSOQRNN,EURUSD=X,2026-06-29 04:45:00,0.00036806,0.0003682514
PSOQRNN,EURUSD=X,2026-06-29 05:00:00,0.0003715784,0.00036877912
PSOQRNN,EURUSD=X,2026-06-29 05:15:00,0.0003687931,0.00036877912
PSOQRNN,EURUSD=X,2026-06-29 05:30:00,0.0003731221,0.00036863273
PSOQRNN,EURUSD=X,2026-06-29 05:45:00,0.00037087657,0.00036886905
PSOQRNN,EURUSD=X,2026-06-29 06:00:00,0.00037000724,0.00036461037
PSOQRNN,EURUSD=X,2026-06-29 06:15:00,0.0003670038,0.00036427914
PSOQRNN,EURUSD=X,2026-06-29 06:30:00,0.00036668414,0.00036382914
PSOQRNN,EURUSD=X,2026-06-29 06:45:00,0.0003752305,0.00037198575
PSOQRNN,EURUSD=X,2026-06-29 07:00:00,0.00036333688,0.00037534029
PSOQRNN,EURUSD=X,2026-06-29 07:15:00,0.00037733908,0.0003732312
PSOQRNN,EURUSD=X,2026-06-29 07:30:00,0.00037203805,0.00037332065
PSOQRNN,EURUSD=X,2026-06-29 07:45:00,0.00036858034,0.00037441865
PSOQRNN,EURUSD=X,2026-06-29 08:00:00,0.00037540172,0.00037379298
PSOQRNN,EURUSD=X,2026-06-29 08:15:00,0.0003714478,0.00037292825
PSOQRNN,EURUSD=X,2026-06-29 08:30:00,0.0003717397,0.00037278363
PSOQRNN,EURUSD=X,2026-06-29 08:45:00,0.00036925488,0.00037315316
PSOQRNN,EURUSD=X,2026-06-29 09:00:00,0.0003752317,0.00037315537
PSOQRNN,EURUSD=X,2026-06-29 09:15:00,0.00037523318,0.0003723675
PSOQRNN,EURUSD=X,2026-06-29 09:30:00,0.00037002642,0.00037236963
PSOQRNN,EURUSD=X,2026-06-29 09:45:00,0.0003755143,0.00037284932
PSOQRNN,EURUSD=X,2026-06-29 10:00:00,0.00037387694,0.00037289833
PSOQRNN,EURUSD=X,2026-06-29 10:15:00,0.00037170827,0.0003729885
PSOQRNN,EURUSD=X,2026-06-29 10:30:00,0.00037291984,0.00037275202
PSOQRNN,EURUSD=X,2026-06-29 10:45:00,0.00037484575,0.00037267315
PSOQRNN,EURUSD=X,2026-06-29 11:00:00,0.00037261084,0.00037267315
PSOQRNN,EURUSD=X,2026-06-29 11:15:00,0.00037148665,0.00037252824
PSOQRNN,EURUSD=X,2026-06-29 11:30:00,0.00036899763,0.0003729699
PSOQRNN,EURUSD=X,2026-06-29 11:45:00,0.0003808411,0.0003771456
PSOQRNN,EURUSD=X,2026-06-29 12:00:00,0.00037479342,0.00037746277
PSOQRNN,EURUSD=X,2026-06-29 12:15:00,0.00037510958,0.00037777761
PSOQRNN,EURUSD=X,2026-06-29 12:30:00,0.000376535,0.0003778159
PSOQRNN,EURUSD=X,2026-06-29 12:45:00,0.00037657164,0.0003779027
PSOQRNN,EURUSD=X,2026-06-29 13:00:00,0.00037980723,0.000378053
PSOQRNN,EURUSD=X,2026-06-29 13:15:00,0.00037788448,0.00037796542
PSOQRNN,EURUSD=X,2026-06-29 13:30:00,0.00037779863,0.00037796542
PSOQRNN,EURUSD=X,2026-06-29 13:45:00,0.00038182474,0.0003788865
PSOQRNN,EURUSD=X,2026-06-29 14:00:00,0.00038075735,0.00037911418
PSOQRNN,EURUSD=X,2026-06-29 14:15:00,0.00038195914,0.0003796561
PSOQRNN,EURUSD=X,2026-06-29 14:30:00,0.00038049175,0.00037969887
PSOQRNN,EURUSD=X,2026-06-29 14:45:00,0.0003825202,0.00038013913
PSOQRNN,EURUSD=X,2026-06-29 15:00:00,0.00037886776,0.0003799093
PSOQRNN,EURUSD=X,2026-06-29 15:15:00,0.00038073823,0.0003798519
PSOQRNN,EURUSD=X,2026-06-29 15:30:00,0.0003785839,0.000379853
PSOQRNN,EURUSD=X,2026-06-29 15:45:00,0.00038168955,0.00037954736
PSOQRNN,EURUSD=X,2026-06-29 16:00:00,0.00038139548,0.00037749077
PSOQRNN,EURUSD=X,2026-06-29 16:15:00,0.00037624815,0.000377366
PSOQRNN,EURUSD=X,2026-06-29 16:30:00,0.00037929474,0.00037726274
PSOQRNN,EURUSD=X,2026-06-29 16:45:00,0.00037710983,0.0003769336
PSOQRNN,EURUSD=X,2026-06-29 17:00:00,0.00037678724,0.00037671698
PSOQRNN,EURUSD=X,2026-06-29 17:15:00,0.00037320872,0.00037688072
PSOQRNN,EURUSD=X,2026-06-29 17:30:00,0.00037779508,0.0003768314
PSOQRNN,EURUSD=X,2026-06-29 17:45:00,0.00037877972,0.00037705532
PSOQRNN,EURUSD=X,2026-06-29 18:00:00,0.00037796432,0.00037656122
PSOQRNN,EURUSD=X,2026-06-29 18:15:00,0.00037642216,0.00037646695
PSOQRNN,EURUSD=X,2026-06-29 18:30:00,0.00037632982,0.0003762443
PSOQRNN,EURUSD=X,2026-06-29 18:45:00,0.00037389068,0.000376525
PSOQRNN,EURUSD=X,2026-06-29 19:00:00,0.0003741702,0.00037680066
PSOQRNN,EURUSD=X,2026-06-29 19:15:00,0.00037874936,0.00037703206
PSOQRNN,EURUSD=X,2026-06-29 19:30:00,0.0003768838,0.0003763458
PSOQRNN,EURUSD=X,2026-06-29 19:45:00,0.00037621107,0.00037630156
PSOQRNN,EURUSD=X,2026-06-29 20:00:00,0.00037723294,0.0003760226
PSOQRNN,EURUSD=X,2026-06-29 20:15:00,0.00037589413,0.00037592833
PSOQRNN,EURUSD=X,2026-06-29 20:30:00,0.0003724147,0.000376534
PSOQRNN,EURUSD=X,2026-06-29 20:45:00,0.0003774582,0.00037648372
PSOQRNN,EURUSD=X,2026-06-29 21:00:00,0.00037634623,0.00037644117
PSOQRNN,EURUSD=X,2026-06-29 21:15:00,0.00037840373,0.00037666532
PSOQRNN,EURUSD=X,2026-06-29 21:30:00,0.00037652405,0.00037481348
PSOQRNN,EURUSD=X,2026-06-29 21:45:00,0.00037470914,0.000374479
PSOQRNN,EURUSD=X,2026-06-29 22:00:00,0.00037326987,0.00037424354
PSOQRNN,EURUSD=X,2026-06-29 22:15:00,0.0003730368,0.00037412968
PSOQRNN,EURUSD=X,2026-06-29 22:30:00,0.00037292516,0.0003742285
PSOQRNN,EURUSD=X,2026-06-29 22:45:00,0.00037627164,0.00037346352
PSOQRNN,EURUSD=X,2026-06-29 23:00:00,0.00037226535,0.00037333896
PSOQRNN,EURUSD=X,2026-06-29 23:15:00,0.00037214297,0.00037242926
PSOQRNN,EURUSD=X,2026-06-29 23:30:00,0.00037124316,0.00037196666
PSOQRNN,EURUSD=X,2026-06-29 23:45:00,0.00037078522,0.00037136898
PSOQRNN,EURUSD=X,2026-06-30 00:00:00,0.00036902496,0.000371602
PSOQRNN,EURUSD=X,2026-06-30 00:15:00,0.00036925828,0.0003713611
PSOQRNN,EURUSD=X,2026-06-30 00:30:00,0.00037132477,0.00037016775
PSOQRNN,EURUSD=X,2026-06-30 00:45:00,0.00037127227,0.00037012418
PSOQRNN,EURUSD=X,2026-06-30 01:00:00,0.00036138672,0.00037186578
PSOQRNN,EURUSD=X,2026-06-30 01:15:00,0.0003779963,0.00037390488
PSOQRNN,EURUSD=X,2026-06-30 01:30:00,0.0003679296,0.00037456723
PSOQRNN,EURUSD=X,2026-06-30 01:45:00,0.0003710501,0.00037457407
PSOQRNN,EURUSD=X,2026-06-30 02:00:00,0.00037336667,0.00037466802
PSOQRNN,EURUSD=X,2026-06-30 02:15:00,0.00037456639,0.00037282304
PSOQRNN,EURUSD=X,2026-06-30 02:30:00,0.00037385043,0.0003728648
PSOQRNN,EURUSD=X,2026-06-30 02:45:00,0.00037167623,0.00037286567
PSOQRNN,EURUSD=X,2026-06-30 03:00:00,0.00037279958,0.00037232807
PSOQRNN,EURUSD=X,2026-06-30 03:15:00,0.00036879606,0.00037303046
PSOQRNN,EURUSD=X,2026-06-30 03:30:00,0.0003718396,0.000353057
PSOQRNN,EURUSD=X,2026-06-30 03:45:00,0.00035463006,0.0003482692
PSOQRNN,EURUSD=X,2026-06-30 04:00:00,0.0003472935,0.00034836447
PSOQRNN,EURUSD=X,2026-06-30 04:15:00,0.00034738937,0.0003411801
PSOQRNN,EURUSD=X,2026-06-30 04:30:00,0.00034304234,0.00034090827
PSOQRNN,EURUSD=X,2026-06-30 04:45:00,0.00033226612,0.0003436298
PSOQRNN,EURUSD=X,2026-06-30 05:00:00,0.00034407372,0.00033760557
PSOQRNN,EURUSD=X,2026-06-30 05:15:00,0.00033954548,0.0003373504
PSOQRNN,EURUSD=X,2026-06-30 05:30:00,0.0003378714,0.0003354761
PSOQRNN,EURUSD=X,2026-06-30 05:45:00,0.00032654972,0.00033795703
PSOQRNN,EURUSD=X,2026-06-30 06:00:00,0.00034392934,0.00033915637
PSOQRNN,EURUSD=X,2026-06-30 06:15:00,0.00034877702,0.00033528416
PSOQRNN,EURUSD=X,2026-06-30 06:30:00,0.0003372736,0.00033338895
PSOQRNN,EURUSD=X,2026-06-30 06:45:00,0.00033823692,0.00033339096
PSOQRNN,EURUSD=X,2026-06-30 07:00:00,0.00033684654,0.00033295355
PSOQRNN,EURUSD=X,2026-06-30 07:15:00,0.00033642253,0.0003320449
PSOQRNN,EURUSD=X,2026-06-30 07:30:00,0.00032954174,0.00032949983
PSOQRNN,EURUSD=X,2026-06-30 07:45:00,0.0003219672,0.00033078436
PSOQRNN,EURUSD=X,2026-06-30 08:00:00,0.00032331597,0.00033278717
PSOQRNN,EURUSD=X,2026-06-30 08:15:00,0.0003318447,0.00033278734
PSOQRNN,EURUSD=X,2026-06-30 08:30:00,0.00032708526,0.0003340579
PSOQRNN,EURUSD=X,2026-06-30 08:45:00,0.00034154044,0.00033588044
PSOQRNN,EURUSD=X,2026-06-30 09:00:00,0.00033785688,0.00033528166
PSOQRNN,EURUSD=X,2026-06-30 09:15:00,0.0003343409,0.00033536585
PSOQRNN,EURUSD=X,2026-06-30 09:30:00,0.00033735292,0.0003347184
PSOQRNN,EURUSD=X,2026-06-30 09:45:00,0.0003395119,0.00033538335
PSOQRNN,EURUSD=X,2026-06-30 10:00:00,0.0003313637,0.00033578087
PSOQRNN,EURUSD=X,2026-06-30 10:15:00,0.00033916364,0.00033487895
PSOQRNN,EURUSD=X,2026-06-30 10:30:00,0.00033828948,0.00033444143
PSOQRNN,EURUSD=X,2026-06-30 10:45:00,0.00033786445,0.00033472522
PSOQRNN,EURUSD=X,2026-06-30 11:00:00,0.00033068986,0.00033536972
PSOQRNN,EURUSD=X,2026-06-30 11:15:00,0.00033591146,0.00033530462
PSOQRNN,EURUSD=X,2026-06-30 11:30:00,0.00033284188,0.00033554796
PSOQRNN,EURUSD=X,2026-06-30 11:45:00,0.00033309002,0.0003355493
PSOQRNN,EURUSD=X,2026-06-30 12:00:00,0.00033893797,0.00033555052
PSOQRNN,EURUSD=X,2026-06-30 12:15:00,0.0003299404,0.00033649648
PSOQRNN,EURUSD=X,2026-06-30 12:30:00,0.00034509733,0.0003385358
PSOQRNN,EURUSD=X,2026-06-30 12:45:00,0.00033759425,0.00033853608
PSOQRNN,EURUSD=X,2026-06-30 13:00:00,0.0003418344,0.00033872883
PSOQRNN,EURUSD=X,2026-06-30 13:15:00,0.00034064494,0.00033870141
PSOQRNN,EURUSD=X,2026-06-30 13:30:00,0.00033775988,0.00033879193
PSOQRNN,EURUSD=X,2026-06-30 13:45:00,0.0003378487,0.000338882
PSOQRNN,EURUSD=X,2026-06-30 14:00:00,0.00034608503,0.00034037733
PSOQRNN,EURUSD=X,2026-06-30 14:15:00,0.00034991413,0.0003436102
PSOQRNN,EURUSD=X,2026-06-30 14:30:00,0.00034930586,0.0003446218
PSOQRNN,EURUSD=X,2026-06-30 14:45:00,0.0003581678,0.0003532155
PSOQRNN,EURUSD=X,2026-06-30 15:00:00,0.00034807037,0.00035447348
PSOQRNN,EURUSD=X,2026-06-30 15:15:00,0.0003493611,0.00035571074
PSOQRNN,EURUSD=X,2026-06-30 15:30:00,0.00035336663,0.00035605385
PSOQRNN,EURUSD=X,2026-06-30 15:45:00,0.0003523628,0.0003567324
PSOQRNN,EURUSD=X,2026-06-30 16:00:00,0.0003556979,0.00035677655
PSOQRNN,EURUSD=X,2026-06-30 16:15:00,0.0003557426,0.00035677708
PSOQRNN,EURUSD=X,2026-06-30 16:30:00,0.0003594585,0.00035509773
PSOQRNN,EURUSD=X,2026-06-30 16:45:00,0.0003527544,0.00035543973
PSOQRNN,EURUSD=X,2026-06-30 17:00:00,0.000358169,0.0003556822
PSOQRNN,EURUSD=X,2026-06-30 17:15:00,0.00035840351,0.0003551895
PSOQRNN,EURUSD=X,2026-06-30 17:30:00,0.00035545445,0.0003546196
PSOQRNN,EURUSD=X,2026-06-30 17:45:00,0.00035738054,0.00035485846
PSOQRNN,EURUSD=X,2026-06-30 18:00:00,0.00035996424,0.0003553499
PSOQRNN,EURUSD=X,2026-06-30 18:15:00,0.00035432505,0.00035540605
PSOQRNN,EURUSD=X,2026-06-30 18:30:00,0.0003517056,0.00035590303
PSOQRNN,EURUSD=X,2026-06-30 18:45:00,0.00035740287,0.0003553716
PSOQRNN,EURUSD=X,2026-06-30 19:00:00,0.00035434726,0.00035541723
PSOQRNN,EURUSD=X,2026-06-30 19:15:00,0.0003503277,0.00035661567
PSOQRNN,EURUSD=X,2026-06-30 19:30:00,0.00035930326,0.0003568678
PSOQRNN,EURUSD=X,2026-06-30 19:45:00,0.00036406054,0.00035910902
PSOQRNN,EURUSD=X,2026-06-30 20:00:00,0.00035805348,0.00035920352
PSOQRNN,EURUSD=X,2026-06-30 20:15:00,0.00035814685,0.00035905113
PSOQRNN,EURUSD=X,2026-06-30 20:30:00,0.00035799688,0.00035909042
PSOQRNN,EURUSD=X,2026-06-30 20:45:00,0.0003580358,0.0003591814
PSOQRNN,EURUSD=X,2026-06-30 21:00:00,0.00035552488,0.0003586645
PSOQRNN,EURUSD=X,2026-06-30 21:15:00,0.0003612792,0.0003583254
PSOQRNN,EURUSD=X,2026-06-30 21:30:00,0.00036211347,0.00035882808
PSOQRNN,EURUSD=X,2026-06-30 21:45:00,0.0003602499,0.00035878652
PSOQRNN,EURUSD=X,2026-06-30 22:00:00,0.0003551247,0.00035944907
PSOQRNN,EURUSD=X,2026-06-30 22:15:00,0.00035963865,0.00035912215
PSOQRNN,EURUSD=X,2026-06-30 22:30:00,0.00035931764,0.00035342234
PSOQRNN,EURUSD=X,2026-06-30 22:45:00,0.00035241226,0.00035345298
PSOQRNN,EURUSD=X,2026-06-30 23:00:00,0.00035244244,0.00035097232
PSOQRNN,EURUSD=X,2026-06-30 23:15:00,0.00034997932,0.0003507799
PSOQRNN,EURUSD=X,2026-06-30 23:30:00,0.00034978823,0.00034970732
PSOQRNN,EURUSD=X,2026-06-30 23:45:00,0.00034734717,0.0003499356
PSOQRNN,EURUSD=X,2026-07-01 00:00:00,0.00035028695,0.00034925036
PSOQRNN,EURUSD=X,2026-07-01 00:15:00,0.00034961244,0.00034808522
PSOQRNN,EURUSD=X,2026-07-01 00:30:00,0.00034428947,0.00034847483
PSOQRNN,EURUSD=X,2026-07-01 00:45:00,0.00035016585,0.00034847492
PSOQRNN,EURUSD=X,2026-07-01 01:00:00,0.00034322776,0.0003493695
PSOQRNN,EURUSD=X,2026-07-01 01:15:00,0.0003510374,0.0003493674
PSOQRNN,EURUSD=X,2026-07-01 01:30:00,0.00034838516,0.000349443
PSOQRNN,EURUSD=X,2026-07-01 01:45:00,0.00034846048,0.00034944416
PSOQRNN,EURUSD=X,2026-07-01 02:00:00,0.00034980325,0.00034877338
PSOQRNN,EURUSD=X,2026-07-01 02:15:00,0.0003504562,0.00034818088
PSOQRNN,EURUSD=X,2026-07-01 02:30:00,0.00034855926,0.00034698113
PSOQRNN,EURUSD=X,2026-07-01 02:45:00,0.00034737765,0.00034690325
PSOQRNN,EURUSD=X,2026-07-01 03:00:00,0.0003486323,0.0003463116
PSOQRNN,EURUSD=X,2026-07-01 03:15:00,0.0003439369,0.00034631632
PSOQRNN,EURUSD=X,2026-07-01 03:30:00,0.00034394217,0.0003459341
PSOQRNN,EURUSD=X,2026-07-01 03:45:00,0.00034899262,0.00032373707
PSOQRNN,EURUSD=X,2026-07-01 04:00:00,0.00032435847,0.00031724543
PSOQRNN,EURUSD=X,2026-07-01 04:15:00,0.00031787556,0.00031648236
PSOQRNN,EURUSD=X,2026-07-01 04:30:00,0.0003219301,0.00031724322
PSOQRNN,EURUSD=X,2026-07-01 04:45:00,0.0003195108,0.00031724296
PSOQRNN,EURUSD=X,2026-07-01 05:00:00,0.0003178731,0.00031692808
PSOQRNN,EURUSD=X,2026-07-01 05:15:00,0.00031755783,0.0003166101
PSOQRNN,EURUSD=X,2026-07-01 05:30:00,0.00031723944,0.00031628966
PSOQRNN,EURUSD=X,2026-07-01 05:45:00,0.0003117238,0.00029529253
PSOQRNN,EURUSD=X,2026-07-01 06:00:00,0.00029178953,0.000293468
PSOQRNN,EURUSD=X,2026-07-01 06:15:00,0.000293841,0.00029267083
PSOQRNN,EURUSD=X,2026-07-01 06:30:00,0.00028904632,0.0002930207
PSOQRNN,EURUSD=X,2026-07-01 06:45:00,0.00029717066,0.0002930266
PSOQRNN,EURUSD=X,2026-07-01 07:00:00,0.00028310728,0.00029487466
PSOQRNN,EURUSD=X,2026-07-01 07:15:00,0.00029135533,0.00029089663
PSOQRNN,EURUSD=X,2026-07-01 07:30:00,0.00029870123,0.00029221267
PSOQRNN,EURUSD=X,2026-07-01 07:45:00,0.00029636055,0.0002925556
PSOQRNN,EURUSD=X,2026-07-01 08:00:00,0.0002909409,0.0002923062
PSOQRNN,EURUSD=X,2026-07-01 08:15:00,0.00028448887,0.00029293113
PSOQRNN,EURUSD=X,2026-07-01 08:30:00,0.00029890682,0.00029371236
PSOQRNN,EURUSD=X,2026-07-01 08:45:00,0.00028809084,0.00029415925
PSOQRNN,EURUSD=X,2026-07-01 09:00:00,0.00029830515,0.0002937248
PSOQRNN,EURUSD=X,2026-07-01 09:15:00,0.00028601236,0.00029505367
PSOQRNN,EURUSD=X,2026-07-01 09:30:00,0.00029154445,0.00029531945
PSOQRNN,EURUSD=X,2026-07-01 09:45:00,0.00029182126,0.00029531945
PSOQRNN,EURUSD=X,2026-07-01 10:00:00,0.00029761755,0.0002953183
PSOQRNN,EURUSD=X,2026-07-01 10:15:00,0.00030301188,0.000295905
PSOQRNN,EURUSD=X,2026-07-01 10:30:00,0.00029820667,0.00029598578
PSOQRNN,EURUSD=X,2026-07-01 10:45:00,0.00030191796,0.00029538374
PSOQRNN,EURUSD=X,2026-07-01 11:00:00,0.00028778767,0.00029671856
PSOQRNN,EURUSD=X,2026-07-01 11:15:00,0.00029902626,0.00029671847
PSOQRNN,EURUSD=X,2026-07-01 11:30:00,0.0002971572,0.0002959217
PSOQRNN,EURUSD=X,2026-07-01 11:45:00,0.00028187613,0.00030010624
PSOQRNN,EURUSD=X,2026-07-01 12:00:00,0.0002968108,0.00030036343
PSOQRNN,EURUSD=X,2026-07-01 12:15:00,0.00029707892,0.00030070302
PSOQRNN,EURUSD=X,2026-07-01 12:30:00,0.00028718,0.0003048449
PSOQRNN,EURUSD=X,2026-07-01 12:45:00,0.00030540331,0.0003048449
PSOQRNN,EURUSD=X,2026-07-01 13:00:00,0.00029383792,0.0003078173
PSOQRNN,EURUSD=X,2026-07-01 13:15:00,0.00033164097,0.0003286186
PSOQRNN,EURUSD=X,2026-07-01 13:30:00,0.00034725043,0.00034363434
PSOQRNN,EURUSD=X,2026-07-01 13:45:00,0.00033349672,0.00034734936
PSOQRNN,EURUSD=X,2026-07-01 14:00:00,0.00035403564,0.0003491819
PSOQRNN,EURUSD=X,2026-07-01 14:15:00,0.00033937505,0.00035275242
PSOQRNN,EURUSD=X,2026-07-01 14:30:00,0.00035795858,0.00035382944
PSOQRNN,EURUSD=X,2026-07-01 14:45:00,0.0003514872,0.00035384836
PSOQRNN,EURUSD=X,2026-07-01 15:00:00,0.00034582167,0.0003564815
PSOQRNN,EURUSD=X,2026-07-01 15:15:00,0.0003614862,0.00035756055
PSOQRNN,EURUSD=X,2026-07-01 15:30:00,0.00034670733,0.00036187487
PSOQRNN,EURUSD=X,2026-07-01 15:45:00,0.00036436506,0.00036209138
PSOQRNN,EURUSD=X,2026-07-01 16:00:00,0.00036679336,0.00036316446
PSOQRNN,EURUSD=X,2026-07-01 16:15:00,0.00036207616,0.00036316432
PSOQRNN,EURUSD=X,2026-07-01 16:30:00,0.00035690833,0.00036485435
PSOQRNN,EURUSD=X,2026-07-01 16:45:00,0.00036610544,0.00036380262
PSOQRNN,EURUSD=X,2026-07-01 17:00:00,0.00036270858,0.0003635835
PSOQRNN,EURUSD=X,2026-07-01 17:15:00,0.00036820414,0.0003635822
PSOQRNN,EURUSD=X,2026-07-01 17:30:00,0.00035867773,0.00036407565
PSOQRNN,EURUSD=X,2026-07-01 17:45:00,0.00036417964,0.00036407565
PSOQRNN,EURUSD=X,2026-07-01 18:00:00,0.0003617485,0.00036427507
PSOQRNN,EURUSD=X,2026-07-01 18:15:00,0.000363177,0.00036427495
PSOQRNN,EURUSD=X,2026-07-01 18:30:00,0.0003655417,0.00036435068
PSOQRNN,EURUSD=X,2026-07-01 18:45:00,0.0003656152,0.0003637963
PSOQRNN,EURUSD=X,2026-07-01 19:00:00,0.0003639055,0.00036372733
PSOQRNN,EURUSD=X,2026-07-01 19:15:00,0.0003626349,0.00036379625
PSOQRNN,EURUSD=X,2026-07-01 19:30:00,0.00036507615,0.00036386924
PSOQRNN,EURUSD=X,2026-07-01 19:45:00,0.00036397707,0.00036379983
PSOQRNN,EURUSD=X,2026-07-01 20:00:00,0.00036147155,0.00036343184
PSOQRNN,EURUSD=X,2026-07-01 20:15:00,0.000363548,0.00036343184
PSOQRNN,EURUSD=X,2026-07-01 20:30:00,0.000362343,0.00036233614
PSOQRNN,EURUSD=X,2026-07-01 20:45:00,0.00036365582,0.0003621145
PSOQRNN,EURUSD=X,2026-07-01 21:00:00,0.0003645957,0.00036233536
PSOQRNN,EURUSD=X,2026-07-01 21:15:00,0.00036125618,0.00036209746
PSOQRNN,EURUSD=X,2026-07-01 21:30:00,0.00036342454,0.00036187383
PSOQRNN,EURUSD=X,2026-07-01 21:45:00,0.0003569395,0.00035406777
PSOQRNN,EURUSD=X,2026-07-01 22:00:00,0.0003580331,0.00035127022
PSOQRNN,EURUSD=X,2026-07-01 22:15:00,0.00035288706,0.00035103576
PSOQRNN,EURUSD=X,2026-07-01 22:30:00,0.0003513698,0.0003509746
PSOQRNN,EURUSD=X,2026-07-01 22:45:00,0.00034998578,0.0003498985
PSOQRNN,EURUSD=X,2026-07-01 23:00:00,0.00035025043,0.0003498134
PSOQRNN,EURUSD=X,2026-07-01 23:15:00,0.00035016675,0.00034953805
PSOQRNN,EURUSD=X,2026-07-01 23:30:00,0.00034855795,0.00034953794
PSOQRNN,EURUSD=X,2026-07-01 23:45:00,0.0003498955,0.00034889756
PSOQRNN,EURUSD=X,2026-07-02 00:00:00,0.00035185003,0.0003488966
PSOQRNN,EURUSD=X,2026-07-02 00:15:00,0.00034654076,0.00034885795
PSOQRNN,EURUSD=X,2026-07-02 00:30:00,0.0003492261,0.00034858106
PSOQRNN,EURUSD=X,2026-07-02 00:45:00,0.00034895344,0.0003478808
PSOQRNN,EURUSD=X,2026-07-02 01:00:00,0.00034958325,0.0003478804
PSOQRNN,EURUSD=X,2026-07-02 01:15:00,0.0003482635,0.00034781682
PSOQRNN,EURUSD=X,2026-07-02 01:30:00,0.0003520583,0.0003485132
PSOQRNN,EURUSD=X,2026-07-02 01:45:00,0.00034753795,0.00034826042
PSOQRNN,EURUSD=X,2026-07-02 02:00:00,0.00035248388,0.00034895644
PSOQRNN,EURUSD=X,2026-07-02 02:15:00,0.00034932303,0.00034889084
PSOQRNN,EURUSD=X,2026-07-02 02:30:00,0.00034925845,0.00034824404
PSOQRNN,EURUSD=X,2026-07-02 02:45:00,0.00034588532,0.00034365687
PSOQRNN,EURUSD=X,2026-07-02 03:00:00,0.00034127288,0.00034365559
PSOQRNN,EURUSD=X,2026-07-02 03:15:00,0.0003440991,0.00034337764
PSOQRNN,EURUSD=X,2026-07-02 03:30:00,0.00034518668,0.00034339892
PSOQRNN,EURUSD=X,2026-07-02 03:45:00,0.00034520973,0.0003434179
PSOQRNN,EURUSD=X,2026-07-02 04:00:00,0.00034784927,0.0003438011
PSOQRNN,EURUSD=X,2026-07-02 04:15:00,0.00034284772,0.00034386752
PSOQRNN,EURUSD=X,2026-07-02 04:30:00,0.00034566692,0.00034395137
